record_index,book_one_displacement,operational_step,operational_time_model_units,time_seconds,control_spread,coupled_spread,paired_spread_ratio,software_version
0,-0.01,0,0.0,0.0,-0.019997223787174893,-0.019997223787174893,1.0,1.7.7
0,-0.01,1,0.0049999999999999645,0.49999999999999645,-0.01999723601721539,-0.01974733283045584,0.9875031136030793,1.7.7
0,-0.01,2,0.009999999999999929,0.9999999999999929,-0.019997248223300332,-0.019500563897302488,0.9751623663190259,1.7.7
0,-0.01,3,0.014999999999999894,1.4999999999999893,-0.01999726040551654,-0.019256877997083935,0.9629758080147639,1.7.7
0,-0.01,4,0.019999999999999858,1.9999999999999858,-0.01999727256395043,-0.01901623662583501,0.9509415128999162,1.7.7
0,-0.01,5,0.02499999999999982,2.4999999999999822,-0.019997284698688028,-0.018778601760186094,0.9390575792231488,1.7.7
0,-0.01,6,0.029999999999999787,2.9999999999999787,-0.019997296809814942,-0.018543935851368862,0.9273221289723144,1.7.7
0,-0.01,7,0.034999999999999754,3.499999999999975,-0.019997308897416376,-0.018312201819296617,0.9157333075783276,1.7.7
0,-0.01,8,0.039999999999999716,3.9999999999999716,-0.01999732096157711,-0.018083363046718558,0.9042892836227396,1.7.7
0,-0.01,9,0.04499999999999968,4.499999999999968,-0.01999733300238154,-0.017857383373446854,0.8929882485489524,1.7.7
0,-0.01,10,0.04999999999999964,4.9999999999999645,-0.019997345019913668,-0.017634227090655707,0.8818284163770376,1.7.7
0,-0.01,11,0.05499999999999961,5.499999999999961,-0.019997357014257124,-0.017413858935251693,0.870808023422119,1.7.7
0,-0.01,12,0.059999999999999575,5.999999999999957,-0.019997368985495104,-0.017196244084313986,0.8599253280162562,1.7.7
0,-0.01,13,0.06499999999999954,6.499999999999955,-0.019997380933710396,-0.016981348149604114,0.8491786102338015,1.7.7
0,-0.01,14,0.06999999999999951,6.99999999999995,-0.019997392858985472,-0.016769137172144184,0.8385661716201805,1.7.7
0,-0.01,15,0.07499999999999947,7.499999999999947,-0.01999740476140237,-0.016559577616862498,0.828086334924053,1.7.7
0,-0.01,16,0.07999999999999943,7.999999999999943,-0.019997416641042747,-0.016352636367306172,0.8177374438328189,1.7.7
0,-0.01,17,0.0849999999999994,8.49999999999994,-0.01999742849798789,-0.01614828072041956,0.8075178627114167,1.7.7
0,-0.01,18,0.08999999999999936,8.999999999999936,-0.01999744033231867,-0.01594647838138765,0.7974259763443776,1.7.7
0,-0.01,19,0.09499999999999932,9.499999999999932,-0.019997452144115645,-0.01574719745854404,0.7874601896811008,1.7.7
0,-0.01,20,0.09999999999999928,9.999999999999929,-0.019997463933458946,-0.015550406458342061,0.7776189275843,1.7.7
0,-0.01,21,0.10499999999999926,10.499999999999925,-0.019997475700428344,-0.015356074280388845,0.7679006345815896,1.7.7
0,-0.01,22,0.10999999999999922,10.999999999999922,-0.019997487445103233,-0.01516417021254117,0.7583037746201664,1.7.7
0,-0.01,23,0.11499999999999919,11.499999999999918,-0.019997499167562664,-0.014974663926062403,0.7488268308245438,1.7.7
0,-0.01,24,0.11999999999999915,11.999999999999915,-0.019997510867885315,-0.01478752547083994,0.7394683052573173,1.7.7
0,-0.01,25,0.12499999999999911,12.499999999999911,-0.019997522546149463,-0.01460272527066218,0.7302267186829073,1.7.7
0,-0.01,26,0.1299999999999991,12.99999999999991,-0.01999753420243304,-0.01442023411855433,0.7211006103342413,1.7.7
0,-0.01,27,0.13499999999999904,13.499999999999904,-0.01999754583681363,-0.014240023172172489,0.7120885376823552,1.7.7
0,-0.01,28,0.13999999999999901,13.9999999999999,-0.019997557449368486,-0.014062063949254978,0.7031890762088573,1.7.7
0,-0.01,29,0.14499999999999896,14.499999999999897,-0.01999756904017444,-0.01388632832313038,0.6944008191812323,1.7.7
0,-0.01,30,0.14999999999999894,14.999999999999893,-0.01999758060930798,-0.013712788518281806,0.6857223774309537,1.7.7
0,-0.01,31,0.1549999999999989,15.499999999999888,-0.01999759215684528,-0.013541417105966095,0.6771523791343448,1.7.7
0,-0.01,32,0.15999999999999887,15.999999999999886,-0.01999760368286217,-0.013372186999887875,0.6686894695961878,1.7.7
0,-0.01,33,0.16499999999999884,16.499999999999883,-0.019997615187434068,-0.013205071451927466,0.6603323110360259,1.7.7
0,-0.01,34,0.1699999999999988,16.99999999999988,-0.0199976266706361,-0.01304004404792201,0.6520795823771233,1.7.7
0,-0.01,35,0.17499999999999877,17.499999999999876,-0.01999763813254301,-0.0128770787034992,0.6439299790380635,1.7.7
0,-0.01,36,0.17999999999999872,17.999999999999872,-0.019997649573229234,-0.012716149659962907,0.6358822127269377,1.7.7
0,-0.01,37,0.1849999999999987,18.49999999999987,-0.01999766099276889,-0.01255723148023007,0.6279350112381011,1.7.7
0,-0.01,38,0.18999999999999864,18.999999999999865,-0.01999767239123563,-0.012400299044818465,0.6200871182514791,1.7.7
0,-0.01,39,0.19499999999999862,19.49999999999986,-0.01999768376870294,-0.012245327547884089,0.6123372931343402,1.7.7
0,-0.01,40,0.19999999999999857,19.999999999999858,-0.01999769512524384,-0.012092292493308275,0.6046843107455779,1.7.7
0,-0.01,41,0.20499999999999854,20.499999999999854,-0.01999770646093105,-0.011941169690833326,0.5971269612424029,1.7.7
0,-0.01,42,0.20999999999999852,20.99999999999985,-0.019997717775837028,-0.011791935252246546,0.589664049889462,1.7.7
0,-0.01,43,0.21499999999999847,21.499999999999847,-0.019997729070033804,-0.011644565587611547,0.5822943968703274,1.7.7
0,-0.01,44,0.21999999999999845,21.999999999999844,-0.019997740343593157,-0.011499037401546959,0.5750168371013479,1.7.7
0,-0.01,45,0.2249999999999984,22.49999999999984,-0.01999775159658644,-0.011355327689551005,0.5678302200478041,1.7.7
0,-0.01,46,0.22999999999999837,22.999999999999837,-0.01999776282908483,-0.011213413734372294,0.5607334095423643,1.7.7
0,-0.01,47,0.23499999999999832,23.499999999999833,-0.019997774041159058,-0.011073273102425646,0.5537252836058071,1.7.7
0,-0.01,48,0.2399999999999983,23.99999999999983,-0.019997785232879556,-0.010934883640252639,0.5468047342699701,1.7.7
0,-0.01,49,0.24499999999999827,24.499999999999826,-0.019997796404316478,-0.010798223471026384,0.5399706674029151,1.7.7
0,-0.01,50,0.24999999999999822,24.999999999999822,-0.019997807555539638,-0.01066327099109959,0.5332220025362597,1.7.7
0,-0.01,51,0.2549999999999982,25.49999999999982,-0.01999781868661851,-0.010530004866596002,0.5265576726946789,1.7.7
0,-0.01,52,0.2599999999999982,25.99999999999982,-0.019997829797622317,-0.01039840403004405,0.5199766242275145,1.7.7
0,-0.01,53,0.2649999999999981,26.49999999999981,-0.01999784088861991,-0.010268447677052619,0.5134778166424978,1.7.7
0,-0.01,54,0.2699999999999981,26.999999999999808,-0.019997851959679847,-0.010140115263028143,0.5070602224415347,1.7.7
0,-0.01,55,0.274999999999998,27.4999999999998,-0.019997863010870417,-0.010013386499932834,0.500722826958549,1.7.7
0,-0.01,56,0.27999999999999803,27.9999999999998,-0.019997874042259535,-0.00988824135308295,0.49446462819933285,1.7.7
0,-0.01,57,0.284999999999998,28.499999999999797,-0.01999788505391483,-0.0097646600379874,0.48828463668341004,1.7.7
0,-0.01,58,0.2899999999999979,28.999999999999794,-0.01999789604590369,-0.009642623017225384,0.48218187528785306,1.7.7
0,-0.01,59,0.29499999999999793,29.499999999999794,-0.01999790701829309,-0.009522110997363276,0.47615537909306815,1.7.7
0,-0.01,60,0.2999999999999979,29.999999999999787,-0.019997917971149803,-0.00940310492590966,0.4702041952304807,1.7.7
0,-0.01,61,0.30499999999999783,30.499999999999783,-0.019997928904540274,-0.009285585988308587,0.46432738273213947,1.7.7
0,-0.01,62,0.3099999999999978,30.999999999999776,-0.019997939818530597,-0.0091695356049701,0.45852401238218427,1.7.7
0,-0.01,63,0.3149999999999978,31.49999999999978,-0.01999795071318668,-0.00905493542833784,0.45279316657016266,1.7.7
0,-0.01,64,0.31999999999999773,31.999999999999773,-0.019997961588574014,-0.00894176733999332,0.4471339391461911,1.7.7
0,-0.01,65,0.3249999999999977,32.499999999999766,-0.01999797244475791,-0.008830013447796185,0.4415454352779052,1.7.7
0,-0.01,66,0.3299999999999977,32.999999999999766,-0.019997983281803307,-0.008719656083060095,0.436026771309202,1.7.7
0,-0.01,67,0.33499999999999763,33.499999999999766,-0.019997994099774867,-0.008610677797763928,0.43057707462074235,1.7.7
0,-0.01,68,0.3399999999999976,33.99999999999976,-0.019998004898737043,-0.008503061361797789,0.4251954834921954,1.7.7
0,-0.01,69,0.34499999999999753,34.49999999999975,-0.019998015678753873,-0.008396789760243033,0.41988114696619033,1.7.7
0,-0.01,70,0.34999999999999754,34.99999999999975,-0.019998026439889217,-0.008291846190686706,0.41463322471398034,1.7.7
0,-0.01,71,0.3549999999999975,35.49999999999975,-0.019998037182206614,-0.008188214060568976,0.4094508869027653,1.7.7
0,-0.01,72,0.35999999999999743,35.999999999999744,-0.019998047905769315,-0.008085876984564058,0.40433331406468587,1.7.7
0,-0.01,73,0.36499999999999744,36.499999999999744,-0.01999805861064024,-0.007984818781993384,0.39927969696743226,1.7.7
0,-0.01,74,0.3699999999999974,36.99999999999974,-0.01999806929688218,-0.007885023474271457,0.39428923648648323,1.7.7
0,-0.01,75,0.37499999999999734,37.49999999999973,-0.019998079964557516,-0.007786475282383151,0.3893611434789278,1.7.7
0,-0.01,76,0.3799999999999973,37.99999999999973,-0.019998090613728415,-0.007689158624392824,0.38449463865886885,1.7.7
0,-0.01,77,0.3849999999999973,38.49999999999973,-0.019998101244456716,-0.007593058112984188,0.3796889524743711,1.7.7
0,-0.01,78,0.38999999999999724,38.99999999999972,-0.019998111856804064,-0.007498158553031013,0.37494332498594735,1.7.7
0,-0.01,79,0.3949999999999972,39.499999999999716,-0.01999812245083176,-0.007404444939198171,0.3702570057465673,1.7.7
0,-0.01,80,0.39999999999999714,39.999999999999716,-0.01999813302660087,-0.007311902453572477,0.36562925368315236,1.7.7
0,-0.01,81,0.40499999999999714,40.499999999999716,-0.019998143584172182,-0.007220516463323047,0.3610593369795499,1.7.7
0,-0.01,82,0.4099999999999971,40.99999999999971,-0.019998154123606234,-0.007130272518391112,0.3565465329609792,1.7.7
0,-0.01,83,0.41499999999999704,41.4999999999997,-0.019998164644963307,-0.007041156349208214,0.3520901279798986,1.7.7
0,-0.01,84,0.41999999999999704,41.9999999999997,-0.019998175148303345,-0.00695315386444316,0.34768941730331177,1.7.7
0,-0.01,85,0.424999999999997,42.4999999999997,-0.01999818563368612,-0.006866251148777075,0.34334370500147565,1.7.7
0,-0.01,86,0.42999999999999694,42.999999999999694,-0.019998196101171123,-0.0067804344607060064,0.3390523038379914,1.7.7
0,-0.01,87,0.4349999999999969,43.49999999999969,-0.019998206550817528,-0.006695690230371092,0.33481453516127285,1.7.7
0,-0.01,88,0.4399999999999969,43.99999999999969,-0.0199982169826843,-0.006612005057415778,0.3306297287973654,1.7.7
0,-0.01,89,0.44499999999999684,44.49999999999969,-0.019998227396830173,-0.006529365708869756,0.3264972229441043,1.7.7
0,-0.01,90,0.4499999999999968,44.99999999999968,-0.019998237793313577,-0.006447759117059106,0.32241636406658386,1.7.7
0,-0.01,91,0.4549999999999968,45.49999999999968,-0.019998248172192708,-0.006367172377542902,0.31838650679394853,1.7.7
0,-0.01,92,0.45999999999999674,45.99999999999967,-0.019998258533525468,-0.006287592747075111,0.31440701381745156,1.7.7
0,-0.01,93,0.4649999999999967,46.499999999999666,-0.01999826887736958,-0.006209007641592289,0.31047725578980084,1.7.7
0,-0.01,94,0.46999999999999664,46.999999999999666,-0.019998279203782485,-0.006131404634226031,0.30659661122574655,1.7.7
0,-0.01,95,0.47499999999999665,47.499999999999666,-0.019998289512821336,-0.00605477145334063,0.30276446640392846,1.7.7
0,-0.01,96,0.4799999999999966,47.99999999999966,-0.01999829980454311,-0.005979095980594678,0.29898021526991897,1.7.7
0,-0.01,97,0.48499999999999654,48.49999999999965,-0.019998310079004485,-0.005904366249027416,0.295243259340508,1.7.7
0,-0.01,98,0.48999999999999655,48.99999999999965,-0.01999832033626194,-0.005830570441168496,0.291553007609155,1.7.7
0,-0.01,99,0.4949999999999965,49.49999999999965,-0.019998330576371626,-0.005757696887171584,0.28790887645263763,1.7.7
0,-0.01,100,0.49999999999999645,49.999999999999645,-0.019998340799389537,-0.005685734062971225,0.28431028953885945,1.7.7
0,-0.01,101,0.5049999999999965,50.499999999999645,-0.01999835100537143,-0.005614670588462503,0.2807566777358012,1.7.7
0,-0.01,102,0.5099999999999963,50.99999999999964,-0.019998361194372746,-0.005544495225703656,0.27724747902162095,1.7.7
0,-0.01,103,0.5149999999999963,51.49999999999964,-0.019998371366448765,-0.005475196877141023,0.2737821383958672,1.7.7
0,-0.01,104,0.5199999999999964,51.99999999999964,-0.0199983815216545,-0.005406764583855987,0.27036010779179676,1.7.7
0,-0.01,105,0.5249999999999962,52.49999999999962,-0.019998391660044676,-0.005339187523834097,0.26698084598980043,1.7.7
0,-0.01,106,0.5299999999999963,52.99999999999962,-0.01999840178167385,-0.005272455010255488,0.2636438185318921,1.7.7
0,-0.01,107,0.5349999999999963,53.49999999999962,-0.01999841188659632,-0.005206556489806813,0.2603484976372769,1.7.7
0,-0.01,108,0.5399999999999961,53.999999999999616,-0.019998421974866197,-0.005141481541014129,0.2570943621189656,1.7.7
0,-0.01,109,0.5449999999999962,54.499999999999616,-0.019998432046537302,-0.005077219872596732,0.2538808973014384,1.7.7
0,-0.01,110,0.549999999999996,54.9999999999996,-0.019998442101663235,-0.005013761321841221,0.25070759493931954,1.7.7
0,-0.01,111,0.554999999999996,55.4999999999996,-0.019998452140297385,-0.004951095852996247,0.24757395313708627,1.7.7
0,-0.01,112,0.5599999999999961,55.9999999999996,-0.019998462162492958,-0.004889213555687059,0.24447947626976843,1.7.7
0,-0.01,113,0.564999999999996,56.499999999999595,-0.019998472168302812,-0.004828104643349838,0.24142367490464045,1.7.7
0,-0.01,114,0.569999999999996,56.999999999999595,-0.01999848215777969,-0.004767759451685508,0.2384060657238821,1.7.7
0,-0.01,115,0.574999999999996,57.499999999999595,-0.019998492130976046,-0.004708168437133182,0.23542617144822683,1.7.7
0,-0.01,116,0.5799999999999959,57.99999999999959,-0.019998502087944174,-0.0046493221753621345,0.2324835207615332,1.7.7
0,-0.01,117,0.5849999999999959,58.49999999999959,-0.019998512028736086,-0.00459121135978304,0.22957764823632262,1.7.7
0,-0.01,118,0.5899999999999959,58.99999999999959,-0.01999852195340359,-0.004533826800077547,0.22670809426023233,1.7.7
0,-0.01,119,0.5949999999999958,59.499999999999574,-0.01999853186199834,-0.004477159420746264,0.22387440496338948,1.7.7
0,-0.01,120,0.5999999999999958,59.999999999999574,-0.01999854175457165,-0.004421200259674929,0.22107613214669747,1.7.7
0,-0.01,121,0.6049999999999958,60.499999999999574,-0.01999855163117474,-0.004365940466718248,0.21831283321100123,1.7.7
0,-0.01,122,0.6099999999999957,60.99999999999957,-0.01999856149185847,-0.004311371302301763,0.21558407108716032,1.7.7
0,-0.01,123,0.6149999999999957,61.49999999999957,-0.019998571336673668,-0.004257484136040848,0.2128894141669716,1.7.7
0,-0.01,124,0.6199999999999956,61.99999999999955,-0.01999858116567077,-0.004204270445377121,0.21022843623497156,1.7.7
0,-0.01,125,0.6249999999999956,62.49999999999956,-0.019998590978900173,-0.004151721814231773,0.20760071640107605,1.7.7
0,-0.01,126,0.6299999999999956,62.99999999999956,-0.019998600776411878,-0.004099829931675773,0.20500583903407263,1.7.7
0,-0.01,127,0.6349999999999955,63.499999999999545,-0.019998610558255837,-0.004048586590616653,0.2024433936959342,1.7.7
0,-0.01,128,0.6399999999999955,63.999999999999545,-0.019998620324481683,-0.0039979836865016065,0.1999129750769557,1.7.7
0,-0.01,129,0.6449999999999955,64.49999999999955,-0.01999863007513892,-0.003948013216036917,0.19741418293170224,1.7.7
0,-0.01,130,0.6499999999999954,64.99999999999953,-0.019998639810276764,-0.003898667275923261,0.19494662201575533,1.7.7
0,-0.01,131,0.6549999999999954,65.49999999999953,-0.019998649529944297,-0.0038499380616068206,0.19250990202324647,1.7.7
0,-0.01,132,0.6599999999999954,65.99999999999953,-0.01999865923419034,-0.0038018178660459406,0.19010363752517132,1.7.7
0,-0.01,133,0.6649999999999953,66.49999999999953,-0.019998668923063567,-0.003754299078493355,0.18772744790848006,1.7.7
0,-0.01,134,0.6699999999999953,66.99999999999953,-0.019998678596612418,-0.0037073741832932975,0.1853809573159144,1.7.7
0,-0.01,135,0.6749999999999952,67.49999999999952,-0.01999868825488512,-0.0036610357586940086,0.18306379458661345,1.7.7
0,-0.01,136,0.6799999999999952,67.99999999999952,-0.019998697897929733,-0.003615276475674686,0.1807755931974421,1.7.7
0,-0.01,137,0.6849999999999952,68.49999999999952,-0.019998707525794066,-0.0035700890967874334,0.17851599120507064,1.7.7
0,-0.01,138,0.6899999999999951,68.9999999999995,-0.019998717138525753,-0.00352546647501339,0.1762846311887622,1.7.7
0,-0.01,139,0.6949999999999951,69.4999999999995,-0.019998726736172253,-0.0034814015526331357,0.17408116019387515,1.7.7
0,-0.01,140,0.6999999999999951,69.9999999999995,-0.019998736318780835,-0.003437887360111601,0.17190522967609095,1.7.7
0,-0.01,141,0.704999999999995,70.4999999999995,-0.019998745886398488,-0.003394917014996268,0.1697564954463076,1.7.7
0,-0.01,142,0.709999999999995,70.9999999999995,-0.01999875543907212,-0.0033524837208296324,0.1676346176162439,1.7.7
0,-0.01,143,0.714999999999995,71.4999999999995,-0.019998764976848393,-0.0033105807660750853,0.1655392605447179,1.7.7
0,-0.01,144,0.7199999999999949,71.99999999999949,-0.019998774499773733,-0.0032692015230560137,0.16347009278458546,1.7.7
0,-0.01,145,0.7249999999999949,72.49999999999949,-0.019998784007894448,-0.0032283394469085017,0.16142678703035776,1.7.7
0,-0.01,146,0.7299999999999949,72.99999999999949,-0.019998793501256593,-0.0031879880745467443,0.1594090200664571,1.7.7
0,-0.01,147,0.7349999999999948,73.49999999999947,-0.019998802979906128,-0.0031481410236417168,0.1574164727161332,1.7.7
0,-0.01,148,0.7399999999999948,73.99999999999947,-0.019998812443888674,-0.003108791991612242,0.15544882979100294,1.7.7
0,-0.01,149,0.7449999999999947,74.49999999999946,-0.019998821893249794,-0.00306993475462893,0.1535057800412296,1.7.7
0,-0.01,150,0.7499999999999947,74.99999999999946,-0.019998831328034816,-0.0030315631666305576,0.15158701610632835,1.7.7
0,-0.01,151,0.7549999999999947,75.49999999999947,-0.0199988407482889,-0.0029936711583524057,0.14969223446656746,1.7.7
0,-0.01,152,0.7599999999999946,75.99999999999946,-0.019998850154056964,-0.002956252736367111,0.147821135394997,1.7.7
0,-0.01,153,0.7649999999999946,76.49999999999946,-0.019998859545383836,-0.0029193019821372717,0.14597342291006335,1.7.7
0,-0.01,154,0.7699999999999946,76.99999999999946,-0.019998868922314065,-0.0028828130510800366,0.144148804728826,1.7.7
0,-0.01,155,0.7749999999999945,77.49999999999945,-0.019998878284892083,-0.00284678017164303,0.14234699222073852,1.7.7
0,-0.01,156,0.7799999999999945,77.99999999999945,-0.0199988876331621,-0.002811197644392381,0.1405677003620372,1.7.7
0,-0.01,157,0.7849999999999945,78.49999999999945,-0.01999889696716817,-0.002776059841111564,0.13881064769066873,1.7.7
0,-0.01,158,0.7899999999999944,78.99999999999943,-0.019998906286954186,-0.0027413612039119094,0.13707555626180276,1.7.7
0,-0.01,159,0.7949999999999944,79.49999999999943,-0.019998915592563817,-0.0027070962443539555,0.13536215160388662,1.7.7
0,-0.01,160,0.7999999999999943,79.99999999999943,-0.019998924884040547,-0.002673259542579889,0.1336701626752542,1.7.7
1,-0.02,0,0.0,0.0,-0.03998889668995752,-0.03998889668995752,1.0,1.7.7
1,-0.02,1,0.0049999999999999645,0.49999999999999645,-0.03998891894259179,-0.03948927871635107,0.9875055330463421,1.7.7
1,-0.02,2,0.009999999999999929,0.9999999999999929,-0.03998894114745927,-0.038995900906141294,0.9751671283904183,1.7.7
1,-0.02,3,0.014999999999999894,1.4999999999999893,-0.03998896330473587,-0.038508685353926764,0.962982837551235,1.7.7
1,-0.02,4,0.019999999999999858,1.9999999999999858,-0.03998898541459667,-0.03802755512668403,0.9509507363696034,1.7.7
1,-0.02,5,0.02499999999999982,2.4999999999999822,-0.039989007477215864,-0.03755243425161468,0.9390689247041342,1.7.7
1,-0.02,6,0.029999999999999787,2.9999999999999787,-0.03998902949276689,-0.03708324770414542,0.9273355261310591,1.7.7
1,-0.02,7,0.034999999999999754,3.499999999999975,-0.03998905146142227,-0.03661992139607932,0.9157486876478385,1.7.7
1,-0.02,8,0.039999999999999716,3.9999999999999716,-0.039989073383353765,-0.036162382163896264,0.9043065793804955,1.7.7
1,-0.02,9,0.04499999999999968,4.499999999999968,-0.03998909525873229,-0.03571055775720053,0.8930073942946366,1.7.7
1,-0.02,10,0.04999999999999964,4.9999999999999645,-0.03998911708772795,-0.035264376827313704,0.8818493479101044,1.7.7
1,-0.02,11,0.05499999999999961,5.499999999999961,-0.03998913887051008,-0.03482376891601116,0.870830678019223,1.7.7
1,-0.02,12,0.059999999999999575,5.999999999999957,-0.03998916060724717,-0.034388664444399974,0.8599496444085843,1.7.7
1,-0.02,13,0.06499999999999954,6.499999999999955,-0.03998918229810693,-0.03395899470193664,0.8492045285843277,1.7.7
1,-0.02,14,0.06999999999999951,6.99999999999995,-0.03998920394325625,-0.0335346918355828,0.8385936335008756,1.7.7
1,-0.02,15,0.07499999999999947,7.499999999999947,-0.03998922554286127,-0.03311568883909718,0.8281152832930736,1.7.7
1,-0.02,16,0.07999999999999943,7.999999999999943,-0.039989247097087344,-0.03270191954246181,0.8177678230116937,1.7.7
1,-0.02,17,0.0849999999999994,8.49999999999994,-0.039989268606098985,-0.03229331860144117,0.8075496183622607,1.7.7
1,-0.02,18,0.08999999999999936,8.999999999999936,-0.03998929007006001,-0.03188982148727213,0.7974590554471496,1.7.7
1,-0.02,19,0.09499999999999932,9.499999999999932,-0.0399893114891334,-0.0314913644764834,0.787494540510926,1.7.7
1,-0.02,20,0.09999999999999928,9.999999999999929,-0.03998933286348144,-0.03109788464084253,0.7776544996888746,1.7.7
1,-0.02,21,0.10499999999999926,10.499999999999925,-0.03998935419326559,-0.030709319837429097,0.7679373787586873,1.7.7
1,-0.02,22,0.10999999999999922,10.999999999999922,-0.039989375478646574,-0.030325608698832066,0.758341642895255,1.7.7
1,-0.02,23,0.11499999999999919,11.499999999999918,-0.03998939671978438,-0.029946690623470225,0.7488657764285396,1.7.7
1,-0.02,24,0.11999999999999915,11.999999999999915,-0.03998941791683822,-0.029572505766033864,0.7395082826044802,1.7.7
1,-0.02,25,0.12499999999999911,12.499999999999911,-0.03998943906996656,-0.029202995028046082,0.7302676833488903,1.7.7
1,-0.02,26,0.1299999999999991,12.99999999999991,-0.039989460179327155,-0.02883810004854232,0.7211425190343127,1.7.7
1,-0.02,27,0.13499999999999904,13.499999999999904,-0.03998948124507698,-0.02847776319486669,0.7121313482497982,1.7.7
1,-0.02,28,0.13999999999999901,13.9999999999999,-0.039989502267372315,-0.028121927553583455,0.7032327475735629,1.7.7
1,-0.02,29,0.14499999999999896,14.499999999999897,-0.0399895232463687,-0.02777053692150215,0.694445311348489,1.7.7
1,-0.02,30,0.14999999999999894,14.999999999999893,-0.03998954418222097,-0.02742353579681517,0.6857676514604398,1.7.7
1,-0.02,31,0.1549999999999989,15.499999999999888,-0.0399895650750832,-0.027080869370346212,0.6771983971193483,1.7.7
1,-0.02,32,0.15999999999999887,15.999999999999886,-0.039989585925108755,-0.026742483516908153,0.6687361946430412,1.7.7
1,-0.02,33,0.16499999999999884,16.499999999999883,-0.03998960673245033,-0.026408324786768973,0.6603797072437683,1.7.7
1,-0.02,34,0.1699999999999988,16.99999999999988,-0.03998962749725986,-0.026078340397224436,0.6521276148174013,1.7.7
1,-0.02,35,0.17499999999999877,17.499999999999876,-0.03998964821968863,-0.025752478224276194,0.64397861373527,1.7.7
1,-0.02,36,0.17999999999999872,17.999999999999872,-0.03998966889988716,-0.025430686794413827,0.6359314166386005,1.7.7
1,-0.02,37,0.1849999999999987,18.49999999999987,-0.039989689538005344,-0.025112915276499656,0.6279847522355201,1.7.7
1,-0.02,38,0.18999999999999864,18.999999999999865,-0.039989710134192315,-0.024799113473754977,0.6201373651006048,1.7.7
1,-0.02,39,0.19499999999999862,19.49999999999986,-0.03998973068859657,-0.02448923181584642,0.612388015476927,1.7.7
1,-0.02,40,0.19999999999999857,19.999999999999858,-0.039989751201365886,-0.024183221351071156,0.6047354790805789,1.7.7
1,-0.02,41,0.20499999999999854,20.499999999999854,-0.03998977167264743,-0.023881033738639805,0.5971785469076377,1.7.7
1,-0.02,42,0.20999999999999852,20.99999999999985,-0.039989792102587546,-0.023582621241055576,0.5897160250435425,1.7.7
1,-0.02,43,0.21499999999999847,21.499999999999847,-0.039989812491332086,-0.02328793671658894,0.5823467344748533,1.7.7
1,-0.02,44,0.21999999999999845,21.999999999999844,-0.03998983283902609,-0.02299693361184576,0.5750695109033576,1.7.7
1,-0.02,45,0.2249999999999984,22.49999999999984,-0.03998985314581402,-0.02270956595442878,0.5678832045625036,1.7.7
1,-0.02,46,0.22999999999999837,22.999999999999837,-0.0399898734118396,-0.022425788345690277,0.560786680036121,1.7.7
1,-0.02,47,0.23499999999999832,23.499999999999833,-0.03998989363724599,-0.02214555595357544,0.5537788160794056,1.7.7
1,-0.02,48,0.2399999999999983,23.99999999999983,-0.03998991382217559,-0.02186882450555514,0.5468585054421455,1.7.7
1,-0.02,49,0.24499999999999827,24.499999999999826,-0.03998993396677028,-0.02159555028164664,0.5400246546941415,1.7.7
1,-0.02,50,0.24999999999999822,24.999999999999822,-0.03998995407117113,-0.021325690107521684,0.5332761840528202,1.7.7
1,-0.02,51,0.2549999999999982,25.49999999999982,-0.03998997413551873,-0.021059201347700535,0.5266120272129894,1.7.7
1,-0.02,52,0.2599999999999982,25.99999999999982,-0.03998999415995293,-0.020796041898830803,0.5200311311787219,1.7.7
1,-0.02,53,0.2649999999999981,26.49999999999981,-0.039990014144612895,-0.020536170183050338,0.5135324560973378,1.7.7
1,-0.02,54,0.2699999999999981,26.999999999999808,-0.03999003408963733,-0.020279545141432764,0.5071149750954533,1.7.7
1,-0.02,55,0.274999999999998,27.4999999999998,-0.039990053995164136,-0.020026126227514995,0.5007776741170864,1.7.7
1,-0.02,56,0.27999999999999803,27.9999999999998,-0.03999007386133072,-0.019775873400905208,0.4945195517637671,1.7.7
1,-0.02,57,0.284999999999998,28.499999999999797,-0.03999009368827376,-0.019528747120970875,0.48833961913665785,1.7.7
1,-0.02,58,0.2899999999999979,28.999999999999794,-0.039990113476129394,-0.01928470834060527,0.48223689968063127,1.7.7
1,-0.02,59,0.29499999999999793,29.499999999999794,-0.03999013322503308,-0.019043718500071943,0.47621042903030214,1.7.7
1,-0.02,60,0.2999999999999979,29.999999999999787,-0.039990152935119726,-0.01880573952092572,0.47025925485797143,1.7.7
1,-0.02,61,0.30499999999999783,30.499999999999783,-0.03999017260652357,-0.0185707338000098,0.4643824367234756,1.7.7
1,-0.02,62,0.3099999999999978,30.999999999999776,-0.03999019223937832,-0.01833866420352752,0.458579045925902,1.7.7
1,-0.02,63,0.3149999999999978,31.49999999999978,-0.03999021183381696,-0.01810949406118811,0.45284816535715783,1.7.7
1,-0.02,64,0.31999999999999773,31.999999999999773,-0.03999023138997203,-0.017883187160425466,0.447188889357361,1.7.7
1,-0.02,65,0.3249999999999977,32.499999999999766,-0.039990250907975367,-0.017659707740688986,0.44160032357203993,1.7.7
1,-0.02,66,0.3299999999999977,32.999999999999766,-0.03999027038795821,-0.017439020487805657,0.436081584811111,1.7.7
1,-0.02,67,0.33499999999999763,33.499999999999766,-0.039990289830051304,-0.01722109052841231,0.43063180090961134,1.7.7
1,-0.02,68,0.3399999999999976,33.99999999999976,-0.039990309234384694,-0.01700588342445744,0.4252501105901763,1.7.7
1,-0.02,69,0.34499999999999753,34.49999999999975,-0.039990328601087956,-0.016793365167771523,0.4199356633272239,1.7.7
1,-0.02,70,0.34999999999999754,34.99999999999975,-0.03999034793028997,-0.01658350217470493,0.4146876192128365,1.7.7
1,-0.02,71,0.3549999999999975,35.49999999999975,-0.039990367222119114,-0.01637626128083295,0.4095051488243164,1.7.7
1,-0.02,72,0.35999999999999743,35.999999999999744,-0.03999038647670317,-0.01617160973572647,0.40438743309338643,1.7.7
1,-0.02,73,0.36499999999999744,36.499999999999744,-0.03999040569416934,-0.01596951519778817,0.39933366317702923,1.7.7
1,-0.02,74,0.3699999999999974,36.99999999999974,-0.039990424874644326,-0.015769945729152884,0.3943430403299295,1.7.7
1,-0.02,75,0.37499999999999734,37.49999999999973,-0.039990444018254134,-0.01557286979065161,0.38941477577851297,1.7.7
1,-0.02,76,0.3799999999999973,37.99999999999973,-0.03999046312512433,-0.01537825623683837,0.38454809059655165,1.7.7
1,-0.02,77,0.3849999999999973,38.49999999999973,-0.03999048219537989,-0.015186074311078795,0.3797422155823179,1.7.7
1,-0.02,78,0.38999999999999724,38.99999999999972,-0.03999050122914522,-0.014996293640700386,0.3749963911372792,1.7.7
1,-0.02,79,0.3949999999999972,39.499999999999716,-0.03999052022654413,-0.0148088842322027,0.370309867146293,1.7.7
1,-0.02,80,0.39999999999999714,39.999999999999716,-0.03999053918769999,-0.014623816466527668,0.36568190285930324,1.7.7
1,-0.02,81,0.40499999999999714,40.499999999999716,-0.039990558112735546,-0.014441061094388662,0.36111176677451035,1.7.7
1,-0.02,82,0.4099999999999971,40.99999999999971,-0.03999057700177297,-0.014260589231657772,0.35659873652299473,1.7.7
1,-0.02,83,0.41499999999999704,41.4999999999997,-0.039990595854934,-0.014082372354810725,0.3521420987547815,1.7.7
1,-0.02,84,0.41999999999999704,41.9999999999997,-0.03999061467233976,-0.013906382296428405,0.34774114902632414,1.7.7
1,-0.02,85,0.424999999999997,42.4999999999997,-0.03999063345411084,-0.01373259124075455,0.3433951916893907,1.7.7
1,-0.02,86,0.42999999999999694,42.999999999999694,-0.039990652200367335,-0.013560971719308725,0.33910353978133323,1.7.7
1,-0.02,87,0.4349999999999969,43.49999999999969,-0.03999067091122878,-0.013391496606554204,0.33486551491673205,1.7.7
1,-0.02,88,0.4399999999999969,43.99999999999969,-0.0399906895868142,-0.01322413911561953,0.33068044718038114,1.7.7
1,-0.02,89,0.44499999999999684,44.49999999999969,-0.0399907082272421,-0.013058872794073596,0.3265476750216129,1.7.7
1,-0.02,90,0.4499999999999968,44.99999999999968,-0.03999072683263045,-0.012895671519753387,0.3224665451499411,1.7.7
1,-0.02,91,0.4549999999999968,45.49999999999968,-0.0399907454030967,-0.012734509496643644,0.3184364124320009,1.7.7
1,-0.02,92,0.45999999999999674,45.99999999999967,-0.039990763938757834,-0.012575361250807906,0.3144566397897752,1.7.7
1,-0.02,93,0.4649999999999967,46.499999999999666,-0.039990782439730255,-0.012418201626370341,0.3105265981000922,1.7.7
1,-0.02,94,0.46999999999999664,46.999999999999666,-0.03999080090612987,-0.01226300578154759,0.3066456660953717,1.7.7
1,-0.02,95,0.47499999999999665,47.499999999999666,-0.03999081933807213,-0.012109749184729984,0.30281323026560847,1.7.7
1,-0.02,96,0.4799999999999966,47.99999999999966,-0.039990837735671934,-0.01195840761061185,0.29902868476158273,1.7.7
1,-0.02,97,0.48499999999999654,48.49999999999965,-0.03999085609904371,-0.011808957136369853,0.2952914312992724,1.7.7
1,-0.02,98,0.48999999999999655,48.99999999999965,-0.039990874428301335,-0.01166137413788888,0.2916008790654546,1.7.7
1,-0.02,99,0.4949999999999965,49.49999999999965,-0.039990892723558255,-0.011515635286035383,0.287956444624494,1.7.7
1,-0.02,100,0.49999999999999645,49.999999999999645,-0.039990910984927436,-0.011371717542976605,0.28435755182627875,1.7.7
1,-0.02,101,0.5049999999999965,50.499999999999645,-0.03999092921252123,-0.011229598158546236,0.2808036317153198,1.7.7
1,-0.02,102,0.5099999999999963,50.99999999999964,-0.039990947406451614,-0.011089254666654828,0.2772941224409661,1.7.7
1,-0.02,103,0.5149999999999963,51.49999999999964,-0.03999096556683006,-0.010950664881745545,0.2738284691687569,1.7.7
1,-0.02,104,0.5199999999999964,51.99999999999964,-0.03999098369376755,-0.010813806895293473,0.27040612399286307,1.7.7
1,-0.02,105,0.5249999999999962,52.49999999999962,-0.03999100178737455,-0.010678659072349092,0.26702654584963215,1.7.7
1,-0.02,106,0.5299999999999963,52.99999999999962,-0.0399910198477611,-0.010545200048124544,0.26368920043220445,1.7.7
1,-0.02,107,0.5349999999999963,53.49999999999962,-0.03999103787503677,-0.010413408724622427,0.26039356010619297,1.7.7
1,-0.02,108,0.5399999999999961,53.999999999999616,-0.03999105586931058,-0.01028326426730682,0.2571391038264201,1.7.7
1,-0.02,109,0.5449999999999962,54.499999999999616,-0.0399910738306912,-0.01015474610181572,0.2539253170546885,1.7.7
1,-0.02,110,0.549999999999996,54.9999999999996,-0.0399910917592867,-0.01002783391071424,0.2507516916785745,1.7.7
1,-0.02,111,0.554999999999996,55.4999999999996,-0.039991109655204776,-0.009902507630288649,0.24761772593123968,1.7.7
1,-0.02,112,0.5599999999999961,55.9999999999996,-0.03999112751855265,-0.009778747447380179,0.2445229243122398,1.7.7
1,-0.02,113,0.564999999999996,56.499999999999595,-0.03999114534943701,-0.009656533796258158,0.24146679750931668,1.7.7
1,-0.02,114,0.569999999999996,56.999999999999595,-0.039991163147964186,-0.009535847355532518,0.23844886232117396,1.7.7
1,-0.02,115,0.574999999999996,57.499999999999595,-0.03999118091424001,-0.00941666904510436,0.2354686415812063,1.7.7
1,-0.02,116,0.5799999999999959,57.99999999999959,-0.03999119864836982,-0.00929898002315483,0.23252566408218647,1.7.7
1,-0.02,117,0.5849999999999959,58.49999999999959,-0.0399912163504586,-0.009182761683171378,0.22961946450188614,1.7.7
1,-0.02,118,0.5899999999999959,58.99999999999959,-0.03999123402061079,-0.00906799565101125,0.22674958332963074,1.7.7
1,-0.02,119,0.5949999999999958,59.499999999999574,-0.03999125165893041,-0.008954663782001363,0.22391556679376165,1.7.7
1,-0.02,120,0.5999999999999958,59.999999999999574,-0.03999126926552107,-0.008842748158074494,0.22111696679000808,1.7.7
1,-0.02,121,0.6049999999999958,60.499999999999574,-0.03999128684048591,-0.008732231084941165,0.21835334081075208,1.7.7
1,-0.02,122,0.6099999999999957,60.99999999999957,-0.03999130438392763,-0.008623095089296755,0.21562425187517384,1.7.7
1,-0.02,123,0.6149999999999957,61.49999999999957,-0.03999132189594851,-0.008515322916063401,0.21292926846026766,1.7.7
1,-0.02,124,0.6199999999999956,61.99999999999955,-0.03999133937665037,-0.008408897525666353,0.21026796443271994,1.7.7
1,-0.02,125,0.6249999999999956,62.49999999999956,-0.03999135682613464,-0.008303802091344237,0.2076399189816346,1.7.7
1,-0.02,126,0.6299999999999956,62.99999999999956,-0.039991374244502234,-0.008200019996492893,0.2050447165520995,1.7.7
1,-0.02,127,0.6349999999999955,63.499999999999545,-0.039991391631853765,-0.00809753483204232,0.20248194677957915,1.7.7
1,-0.02,128,0.6399999999999955,63.999999999999545,-0.03999140898828932,-0.007996330393866208,0.19995120442512473,1.7.7
1,-0.02,129,0.6449999999999955,64.49999999999955,-0.03999142631390856,-0.007896390680224083,0.19745208931139843,1.7.7
1,-0.02,130,0.6499999999999954,64.99999999999953,-0.03999144360881081,-0.00779769988923495,0.1949842062594855,1.7.7
1,-0.02,131,0.6549999999999954,65.49999999999953,-0.03999146087309488,-0.007700242416382729,0.1925471650265028,1.7.7
1,-0.02,132,0.6599999999999954,65.99999999999953,-0.03999147810685923,-0.00760400285205272,0.19014058024398212,1.7.7
1,-0.02,133,0.6649999999999953,66.49999999999953,-0.03999149531020187,-0.007508965979098656,0.1877640713570195,1.7.7
1,-0.02,134,0.6699999999999953,66.99999999999953,-0.0399915124832204,-0.007415116770440324,0.1854172625641891,1.7.7
1,-0.02,135,0.6749999999999952,67.49999999999952,-0.03999152962601204,-0.007322440386690928,0.1830997827582001,1.7.7
1,-0.02,136,0.6799999999999952,67.99999999999952,-0.039991546738673556,-0.007230922173814183,0.1808112654672986,1.7.7
1,-0.02,137,0.6849999999999952,68.49999999999952,-0.03999156382130134,-0.007140547660810643,0.17855134879739962,1.7.7
1,-0.02,138,0.6899999999999951,68.9999999999995,-0.039991580873991406,-0.00705130255743265,0.17631967537493565,1.7.7
1,-0.02,139,0.6949999999999951,69.4999999999995,-0.039991597896839245,-0.0069631727519280946,0.17411589229042615,1.7.7
1,-0.02,140,0.6999999999999951,69.9999999999995,-0.03999161488994008,-0.00687614430881215,0.1719396510427452,1.7.7
1,-0.02,141,0.704999999999995,70.4999999999995,-0.03999163185338867,-0.00679020346666671,0.1697906074840841,1.7.7
1,-0.02,142,0.709999999999995,70.9999999999995,-0.03999164878727943,-0.0067053366359675,0.16766842176560467,1.7.7
1,-0.02,143,0.714999999999995,71.4999999999995,-0.039991665691706285,-0.006621530396938075,0.1655727582837663,1.7.7
1,-0.02,144,0.7199999999999949,71.99999999999949,-0.03999168256676288,-0.006538771497430719,0.16350328562732433,1.7.7
1,-0.02,145,0.7249999999999949,72.49999999999949,-0.0399916994125424,-0.006457046850833755,0.16145967652499066,1.7.7
1,-0.02,146,0.7299999999999949,72.99999999999949,-0.03999171622913768,-0.006376343534004773,0.15944160779374142,1.7.7
1,-0.02,147,0.7349999999999948,73.49999999999947,-0.03999173301664109,-0.0062966487852300045,0.1574487602877796,1.7.7
1,-0.02,148,0.7399999999999948,73.99999999999947,-0.03999174977514472,-0.00621795000220878,0.155480818848124,1.7.7
1,-0.02,149,0.7449999999999947,74.49999999999946,-0.039991766504740206,-0.0061402347400633436,0.15353747225283346,1.7.7
1,-0.02,150,0.7499999999999947,74.99999999999946,-0.039991783205518855,-0.0060634907093733365,0.15161841316784735,1.7.7
1,-0.02,151,0.7549999999999947,75.49999999999947,-0.039991799877571545,-0.00598770577423513,0.14972333809844837,1.7.7
1,-0.02,152,0.7599999999999946,75.99999999999946,-0.03999181652098882,-0.005912867950344855,0.14785194734131712,1.7.7
1,-0.02,153,0.7649999999999946,76.49999999999946,-0.03999183313586083,-0.005838965403105726,0.14600394493719526,1.7.7
1,-0.02,154,0.7699999999999946,76.99999999999946,-0.03999184972227732,-0.005765986445758909,0.1441790386241371,1.7.7
1,-0.02,155,0.7749999999999945,77.49999999999945,-0.03999186628032775,-0.005693919537537567,0.14237693979134056,1.7.7
1,-0.02,156,0.7799999999999945,77.99999999999945,-0.0399918828101011,-0.005622753281844138,0.14059736343356033,1.7.7
1,-0.02,157,0.7849999999999945,78.49999999999945,-0.03999189931168606,-0.005552476424450141,0.13884002810608315,1.7.7
1,-0.02,158,0.7899999999999944,78.99999999999943,-0.03999191578517096,-0.005483077851718617,0.13710465588027038,1.7.7
1,-0.02,159,0.7949999999999944,79.49999999999943,-0.03999193223064372,-0.005414546588848594,0.13539097229965075,1.7.7
1,-0.02,160,0.7999999999999943,79.99999999999943,-0.039991948648191916,-0.00534687179814155,0.13369870633656378,1.7.7
2,-0.04,0,0.0,0.0,-0.07995559908475901,-0.07995559908475901,1.0,1.7.7
2,-0.04,1,0.0049999999999999645,0.49999999999999645,-0.07995564142429165,-0.07895686095794952,0.9875083177553161,1.7.7
2,-0.04,2,0.009999999999999929,0.9999999999999929,-0.07995568365689294,-0.07797059555249145,0.9751726454754619,1.7.7
2,-0.04,3,0.014999999999999894,1.4999999999999893,-0.07995572578296628,-0.07699664704138587,0.9629910339428023,1.7.7
2,-0.04,4,0.019999999999999858,1.9999999999999858,-0.07995576780291315,-0.07603486155072697,0.9509615583724865,1.7.7
2,-0.04,5,0.02499999999999982,2.4999999999999822,-0.07995580971713302,-0.07508508713489127,0.9390823181020448,1.7.7
2,-0.04,6,0.029999999999999787,2.9999999999999787,-0.0799558515260235,-0.0741471737520565,0.9273514362851051,1.7.7
2,-0.04,7,0.034999999999999754,3.499999999999975,-0.07995589322998023,-0.07322097324004555,0.9157670595891816,1.7.7
2,-0.04,8,0.039999999999999716,3.9999999999999716,-0.07995593482939693,-0.0723063392924903,0.9043273578974633,1.7.7
2,-0.04,9,0.04499999999999968,4.499999999999968,-0.0799559763246655,-0.07140312743531055,0.8930305240145445,1.7.7
2,-0.04,10,0.04999999999999964,4.9999999999999645,-0.0799560177161759,-0.07051119500350354,0.8818747733760435,1.7.7
2,-0.04,11,0.05499999999999961,5.499999999999961,-0.07995605900431618,-0.06963040111823943,0.8708583437620486,1.7.7
2,-0.04,12,0.059999999999999575,5.999999999999957,-0.0799561001894726,-0.06876060666425793,0.8599794950143312,1.7.7
2,-0.04,13,0.06499999999999954,6.499999999999955,-0.07995614127202957,-0.06790167426756223,0.8492365087572796,1.7.7
2,-0.04,14,0.06999999999999951,6.99999999999995,-0.07995618225236958,-0.067053468273405,0.8386276881224879,1.7.7
2,-0.04,15,0.07499999999999947,7.499999999999947,-0.07995622313087333,-0.06621585472456332,0.8281513574769582,1.7.7
2,-0.04,16,0.07999999999999943,7.999999999999943,-0.07995626390791974,-0.06538870133989727,0.8178058621548532,1.7.7
2,-0.04,17,0.0849999999999994,8.49999999999994,-0.07995630458388586,-0.06457187749318889,0.8075895681927564,1.7.7
2,-0.04,18,0.08999999999999936,8.999999999999936,-0.07995634515914696,-0.06376525419225688,0.797500862068383,1.7.7
2,-0.04,19,0.09499999999999932,9.499999999999932,-0.07995638563407653,-0.06296870405834339,0.7875381504426936,1.7.7
2,-0.04,20,0.09999999999999928,9.999999999999929,-0.07995642600904629,-0.06218210130576898,0.777699859905365,1.7.7
2,-0.04,21,0.10499999999999926,10.499999999999925,-0.07995646628442615,-0.061405321721851994,0.7679844367235682,1.7.7
2,-0.04,22,0.10999999999999922,10.999999999999922,-0.07995650646058435,-0.06063824264708811,0.7583903465940018,1.7.7
2,-0.04,23,0.11499999999999919,11.499999999999918,-0.07995654653788725,-0.05988074295558715,0.7489160743981454,1.7.7
2,-0.04,24,0.11999999999999915,11.999999999999915,-0.07995658651669957,-0.05913270303576294,0.7395601239606772,1.7.7
2,-0.04,25,0.12499999999999911,12.499999999999911,-0.07995662639738427,-0.058394004771272726,0.7303210178110148,1.7.7
2,-0.04,26,0.1299999999999991,12.99999999999991,-0.0799566661803026,-0.057664531522202925,0.721197296947939,1.7.7
2,-0.04,27,0.13499999999999904,13.499999999999904,-0.0799567058658141,-0.05694416810649745,0.7121875206072518,1.7.7
2,-0.04,28,0.13999999999999901,13.9999999999999,-0.07995674545427664,-0.056232800781625486,0.7032902660324297,1.7.7
2,-0.04,29,0.14499999999999896,14.499999999999897,-0.07995678494604629,-0.05553031722648516,0.694504128248231,1.7.7
2,-0.04,30,0.14999999999999894,14.999999999999893,-0.07995682434147756,-0.05483660652353995,0.6858277198372108,1.7.7
2,-0.04,31,0.1549999999999989,15.499999999999888,-0.07995686364092328,-0.05415155914118465,0.6772596707191122,1.7.7
2,-0.04,32,0.15999999999999887,15.999999999999886,-0.07995690284473453,-0.05347506691633759,0.668798627933087,1.7.7
2,-0.04,33,0.16499999999999884,16.499999999999883,-0.07995694195326086,-0.05280702303725626,0.66044325542271,1.7.7
2,-0.04,34,0.1699999999999988,16.99999999999988,-0.07995698096685006,-0.05214732202657288,0.6521922338237485,1.7.7
2,-0.04,35,0.17499999999999877,17.499999999999876,-0.0799570198858484,-0.05149585972454725,0.6440442602546459,1.7.7
2,-0.04,36,0.17999999999999872,17.999999999999872,-0.07995705871060041,-0.050852533272533744,0.63599804810969,1.7.7
2,-0.04,37,0.1849999999999987,18.49999999999987,-0.0799570974414491,-0.050217241096659704,0.6280523268548203,1.7.7
2,-0.04,38,0.18999999999999864,18.999999999999865,-0.07995713607873584,-0.04958988289171212,0.6202058418260467,1.7.7
2,-0.04,39,0.19499999999999862,19.49999999999986,-0.07995717462280041,-0.04897035960522982,0.6124573540304354,1.7.7
2,-0.04,40,0.19999999999999857,19.999999999999858,-0.07995721307398099,-0.048358573421798695,0.6048056399496388,1.7.7
2,-0.04,41,0.20499999999999854,20.499999999999854,-0.0799572514326142,-0.047754427747546915,0.5972494913459231,1.7.7
2,-0.04,42,0.20999999999999852,20.99999999999985,-0.07995728969903508,-0.04715782719483729,0.5897877150706672,1.7.7
2,-0.04,43,0.21499999999999847,21.499999999999847,-0.0799573278735771,-0.04656867756715484,0.5824191328753001,1.7.7
2,-0.04,44,0.21999999999999845,21.999999999999844,-0.07995736595657219,-0.045986885844186004,0.575142581224639,1.7.7
2,-0.04,45,0.2249999999999984,22.49999999999984,-0.07995740394835076,-0.045412360167087676,0.5679569111125997,1.7.7
2,-0.04,46,0.22999999999999837,22.999999999999837,-0.07995744184924164,-0.044845009823943335,0.5608609878802503,1.7.7
2,-0.04,47,0.23499999999999832,23.499999999999833,-0.07995747965957216,-0.044284745235403405,0.5538536910361685,1.7.7
2,-0.04,48,0.2399999999999983,23.99999999999983,-0.07995751737966816,-0.04373147794050806,0.5469339140790811,1.7.7
2,-0.04,49,0.24499999999999827,24.499999999999826,-0.07995755500985391,-0.043185120582689335,0.5401005643227489,1.7.7
2,-0.04,50,0.24999999999999822,24.999999999999822,-0.07995759255045223,-0.04264558689595092,0.5333525627230721,1.7.7
2,-0.04,51,0.2549999999999982,25.49999999999982,-0.07995763000178446,-0.04211279169122258,0.5266888437073826,1.7.7
2,-0.04,52,0.2599999999999982,25.99999999999982,-0.07995766736417037,-0.04158665084288744,0.5201083550058982,1.7.7
2,-0.04,53,0.2649999999999981,26.49999999999981,-0.07995770463792837,-0.04106708127547942,0.513610057485305,1.7.7
2,-0.04,54,0.2699999999999981,26.999999999999808,-0.0799577418233753,-0.04055400095054901,0.5071929249844475,1.7.7
2,-0.04,55,0.274999999999998,27.4999999999998,-0.07995777892082663,-0.040047328853694844,0.5008559441520918,1.7.7
2,-0.04,56,0.27999999999999803,27.9999999999998,-0.07995781593059632,-0.03954698498175907,0.4945981142867384,1.7.7
2,-0.04,57,0.284999999999998,28.499999999999797,-0.07995785285299692,-0.039052890330184276,0.4884184471784565,1.7.7
2,-0.04,58,0.2899999999999979,28.999999999999794,-0.0799578896883395,-0.038564966880529954,0.4823159669527146,1.7.7
2,-0.04,59,0.29499999999999793,29.499999999999794,-0.07995792643693378,-0.038083137588146326,0.47628970991617847,1.7.7
2,-0.04,60,0.2999999999999979,29.999999999999787,-0.07995796309908798,-0.037607326370003635,0.4703387244044564,1.7.7
2,-0.04,61,0.30499999999999783,30.499999999999783,-0.07995799967510897,-0.0371374580926746,0.4644620706317587,1.7.7
2,-0.04,62,0.3099999999999978,30.999999999999776,-0.0799580361653022,-0.03667345856046842,0.45865882054245444,1.7.7
2,-0.04,63,0.3149999999999978,31.49999999999978,-0.0799580725699717,-0.03621525450371396,0.4529280576644943,1.7.7
2,-0.04,64,0.31999999999999773,31.999999999999773,-0.07995810888942012,-0.03576277356719054,0.4472688769646801,1.7.7
2,-0.04,65,0.3249999999999977,32.499999999999766,-0.07995814512394878,-0.035315944298704244,0.4416803847057545,1.7.7
2,-0.04,66,0.3299999999999977,32.999999999999766,-0.07995818127385755,-0.034874696137807706,0.436161698305287,1.7.7
2,-0.04,67,0.33499999999999763,33.499999999999766,-0.07995821733944503,-0.03443895940466201,0.4307119461963363,1.7.7
2,-0.04,68,0.3399999999999976,33.99999999999976,-0.07995825332100834,-0.03400866528903829,0.42533026768986215,1.7.7
2,-0.04,69,0.34499999999999753,34.49999999999975,-0.07995828921884335,-0.03358374583945753,0.4200158128388648,1.7.7
2,-0.04,70,0.34999999999999754,34.99999999999975,-0.07995832503324456,-0.03316413395246703,0.41476774230423485,1.7.7
2,-0.04,71,0.3549999999999975,35.49999999999975,-0.07995836076450515,-0.03274976336205111,0.4095852272222829,1.7.7
2,-0.04,72,0.35999999999999743,35.999999999999744,-0.07995839641291691,-0.03234056862917499,0.40446744907393517,1.7.7
2,-0.04,73,0.36499999999999744,36.499999999999744,-0.0799584319787704,-0.03193648513145983,0.3994135995555694,1.7.7
2,-0.04,74,0.3699999999999974,36.99999999999974,-0.0799584674623548,-0.03153744905298721,0.39442288045147106,1.7.7
2,-0.04,75,0.37499999999999734,37.49999999999973,-0.07995850286395798,-0.031143397374231545,0.3894945035078904,1.7.7
2,-0.04,76,0.3799999999999973,37.99999999999973,-0.07995853818386656,-0.03075426786211877,0.3846276903086773,1.7.7
2,-0.04,77,0.3849999999999973,38.49999999999973,-0.07995857342236586,-0.030369999060209433,0.37982167215247487,1.7.7
2,-0.04,78,0.38999999999999724,38.99999999999972,-0.07995860857973988,-0.029990530279005112,0.37507568993145524,1.7.7
2,-0.04,79,0.3949999999999972,39.499999999999716,-0.07995864365627137,-0.029615801586376014,0.37038899401157077,1.7.7
2,-0.04,80,0.39999999999999714,39.999999999999716,-0.0799586786522418,-0.029245753798108676,0.3657608441143082,1.7.7
2,-0.04,81,0.40499999999999714,40.499999999999716,-0.07995871356793137,-0.02888032846857193,0.3611905091999231,1.7.7
2,-0.04,82,0.4099999999999971,40.99999999999971,-0.07995874840361905,-0.02851946788149974,0.3566772673521351,1.7.7
2,-0.04,83,0.41499999999999704,41.4999999999997,-0.07995878315958252,-0.028163115040889537,0.35222040566426976,1.7.7
2,-0.04,84,0.41999999999999704,41.9999999999997,-0.07995881783609826,-0.02781121366201427,0.34781922012682137,1.7.7
2,-0.04,85,0.424999999999997,42.4999999999997,-0.07995885243344147,-0.027463708162547142,0.343473015516427,1.7.7
2,-0.04,86,0.42999999999999694,42.999999999999694,-0.07995888695188616,-0.027120543653797284,0.3391811052862278,1.7.7
2,-0.04,87,0.4349999999999969,43.49999999999969,-0.0799589213917051,-0.02678166593205504,0.33494281145760124,1.7.7
2,-0.04,88,0.4399999999999969,43.99999999999969,-0.07995895575316979,-0.026447021470045518,0.33075746451324917,1.7.7
2,-0.04,89,0.44499999999999684,44.49999999999969,-0.07995899003655063,-0.026116557408489064,0.32662440329162157,1.7.7
2,-0.04,90,0.4499999999999968,44.99999999999968,-0.07995902424211676,-0.025790221547767243,0.3225429748826622,1.7.7
2,-0.04,91,0.4549999999999968,45.49999999999968,-0.07995905837013609,-0.025467962339692896,0.31851253452485534,1.7.7
2,-0.04,92,0.45999999999999674,45.99999999999967,-0.07995909242087539,-0.025149728879383278,0.3145324455035622,1.7.7
2,-0.04,93,0.4649999999999967,46.499999999999666,-0.0799591263946002,-0.02483547089723444,0.3106020790506239,1.7.7
2,-0.04,94,0.46999999999999664,46.999999999999666,-0.07995916029157493,-0.024525138750996392,0.30672081424522585,1.7.7
2,-0.04,95,0.47499999999999665,47.499999999999666,-0.07995919411206281,-0.02421868341794669,0.30288803791599256,1.7.7
2,-0.04,96,0.4799999999999966,47.99999999999966,-0.07995922785632585,-0.02391605648716228,0.2991031445443129,1.7.7
2,-0.04,97,0.48499999999999654,48.49999999999965,-0.07995926152462499,-0.02361721015188762,0.2953655361688683,1.7.7
2,-0.04,98,0.48999999999999655,48.99999999999965,-0.07995929511721994,-0.023322097201998224,0.2916746222913564,1.7.7
2,-0.04,99,0.4949999999999965,49.49999999999965,-0.07995932863436928,-0.02303067101655825,0.28802981978339015,1.7.7
2,-0.04,100,0.49999999999999645,49.999999999999645,-0.07995936207633052,-0.022742885556471137,0.2844305527945609,1.7.7
2,-0.04,101,0.5049999999999965,50.499999999999645,-0.07995939544335992,-0.02245869535722191,0.2808762526616495,1.7.7
2,-0.04,102,0.5099999999999963,50.99999999999964,-0.07995942873571271,-0.022178055521710066,0.2773663578189693,1.7.7
2,-0.04,103,0.5149999999999963,51.49999999999964,-0.07995946195364292,-0.02190092171317201,0.27390031370983,1.7.7
2,-0.04,104,0.5199999999999964,51.99999999999964,-0.07995949509740355,-0.021627250148191952,0.27047757269910816,1.7.7
2,-0.04,105,0.5249999999999962,52.49999999999962,-0.07995952816724639,-0.021356997589799642,0.2670975939869047,1.7.7
2,-0.04,106,0.5299999999999963,52.99999999999962,-0.0799595611634222,-0.021090121340654716,0.26375984352328424,1.7.7
2,-0.04,107,0.5349999999999963,53.49999999999962,-0.07995959408618061,-0.02082657923631576,0.2604637939240766,1.7.7
2,-0.04,108,0.5399999999999961,53.999999999999616,-0.07995962693577019,-0.02056632963859356,0.25720892438772935,1.7.7
2,-0.04,109,0.5449999999999962,54.499999999999616,-0.07995965971243837,-0.02030933142898716,0.2539947206131979,1.7.7
2,-0.04,110,0.549999999999996,54.9999999999996,-0.07995969241643153,-0.02005554400220188,0.2508206747188601,1.7.7
2,-0.04,111,0.554999999999996,55.4999999999996,-0.07995972504799496,-0.019804927259748178,0.2476862851624425,1.7.7
2,-0.04,112,0.5599999999999961,55.9999999999996,-0.07995975760737292,-0.019557441603620454,0.24459105666194644,1.7.7
2,-0.04,113,0.564999999999996,56.499999999999595,-0.07995979009480855,-0.019313047930054533,0.24153450011755906,1.7.7
2,-0.04,114,0.569999999999996,56.999999999999595,-0.07995982251054398,-0.01907170762336312,0.23851613253453893,1.7.7
2,-0.04,115,0.574999999999996,57.499999999999595,-0.07995985485482027,-0.018833382549848145,0.23553547694706453,1.7.7
2,-0.04,116,0.5799999999999959,57.99999999999959,-0.07995988712787738,-0.018598035051789086,0.23259206234303234,1.7.7
2,-0.04,117,0.5849999999999959,58.49999999999959,-0.07995991932995433,-0.018365627941506115,0.22968542358979147,1.7.7
2,-0.04,118,0.5899999999999959,58.99999999999959,-0.07995995146128901,-0.018136124495497397,0.22681510136080604,1.7.7
2,-0.04,119,0.5949999999999958,59.499999999999574,-0.07995998352211835,-0.017909488448649424,0.22398064206323082,1.7.7
2,-0.04,120,0.5999999999999958,59.999999999999574,-0.0799600155126782,-0.017685683988519718,0.2211815977663928,1.7.7
2,-0.04,121,0.6049999999999958,60.499999999999574,-0.07996004743320342,-0.01746467574969057,0.21841752613116083,1.7.7
2,-0.04,122,0.6099999999999957,60.99999999999957,-0.07996007928392784,-0.01724642880819336,0.2156879903401988,1.7.7
2,-0.04,123,0.6149999999999957,61.49999999999957,-0.0799601110650843,-0.01703090867600233,0.21299255902908715,1.7.7
2,-0.04,124,0.6199999999999956,61.99999999999955,-0.07996014277690461,-0.016818081295597073,0.21033080621830438,1.7.7
2,-0.04,125,0.6249999999999956,62.49999999999956,-0.07996017441961961,-0.016607913034592737,0.20770231124605573,1.7.7
2,-0.04,126,0.6299999999999956,62.99999999999956,-0.0799602059934591,-0.016400370680437138,0.2051066587019388,1.7.7
2,-0.04,127,0.6349999999999955,63.499999999999545,-0.07996023749865194,-0.01619542143517417,0.2025434383614382,1.7.7
2,-0.04,128,0.6399999999999955,63.999999999999545,-0.079960268935426,-0.015993032910272282,0.2000122451212348,1.7.7
2,-0.04,129,0.6449999999999955,64.49999999999955,-0.07996030030400812,-0.0157931731215176,0.1975126789353234,1.7.7
2,-0.04,130,0.6499999999999954,64.99999999999953,-0.07996033160462426,-0.015595810483970553,0.19504434475192467,1.7.7
2,-0.04,131,0.6549999999999954,65.49999999999953,-0.07996036283749933,-0.015400913806985477,0.19260685245118536,1.7.7
2,-0.04,132,0.6599999999999954,65.99999999999953,-0.07996039400285729,-0.015208452289292317,0.19019981678365494,1.7.7
2,-0.04,133,0.6649999999999953,66.49999999999953,-0.07996042510092116,-0.015018395514139572,0.1878228573095287,1.7.7
2,-0.04,134,0.6699999999999953,66.99999999999953,-0.079960456131913,-0.014830713444497682,0.1854755983386468,1.7.7
2,-0.04,135,0.6749999999999952,67.49999999999952,-0.07996048709605395,-0.014645376418322562,0.18315766887124568,1.7.7
2,-0.04,136,0.6799999999999952,67.99999999999952,-0.07996051799356417,-0.014462355143877708,0.18086870253944262,1.7.7
2,-0.04,137,0.6849999999999952,68.49999999999952,-0.07996054882466286,-0.014281620695115023,0.17860833754945452,1.7.7
2,-0.04,138,0.6899999999999951,68.9999999999995,-0.07996057958956837,-0.014103144507112874,0.1763762166245324,1.7.7
2,-0.04,139,0.6949999999999951,69.4999999999995,-0.07996061028849805,-0.013926898371571326,0.1741719869486119,1.7.7
2,-0.04,140,0.6999999999999951,69.9999999999995,-0.07996064092166835,-0.01375285443236327,0.17199530011066252,1.7.7
2,-0.04,141,0.704999999999995,70.4999999999995,-0.07996067148929477,-0.013580985181141165,0.1698458120497325,1.7.7
2,-0.04,142,0.709999999999995,70.9999999999995,-0.07996070199159191,-0.013411263452998416,0.1677231830006776,1.7.7
2,-0.04,143,0.714999999999995,71.4999999999995,-0.07996073242877355,-0.013243662422184981,0.1656270774405676,1.7.7
2,-0.04,144,0.7199999999999949,71.99999999999949,-0.07996076280105241,-0.01307815559787616,0.16355716403575918,1.7.7
2,-0.04,145,0.7249999999999949,72.49999999999949,-0.07996079310864043,-0.01291471681999444,0.16151311558963136,1.7.7
2,-0.04,146,0.7299999999999949,72.99999999999949,-0.07996082335174858,-0.012753320255082978,0.15949460899096768,1.7.7
2,-0.04,147,0.7349999999999948,73.49999999999947,-0.07996085353058698,-0.012593940392231006,0.15750132516298762,1.7.7
2,-0.04,148,0.7399999999999948,73.99999999999947,-0.07996088364536484,-0.012436552039049602,0.1555329490130081,1.7.7
2,-0.04,149,0.7449999999999947,74.49999999999946,-0.07996091369629052,-0.012281130317697952,0.15358916938273667,1.7.7
2,-0.04,150,0.7499999999999947,74.99999999999946,-0.07996094368357148,-0.012127650660958809,0.15166967899918016,1.7.7
2,-0.04,151,0.7549999999999947,75.49999999999947,-0.07996097360741428,-0.011976088808363245,0.14977417442617005,1.7.7
2,-0.04,152,0.7599999999999946,75.99999999999946,-0.07996100346802468,-0.011826420802363301,0.14790235601648655,1.7.7
2,-0.04,153,0.7649999999999946,76.49999999999946,-0.0799610332656075,-0.011678622984552679,0.1460539278645845,1.7.7
2,-0.04,154,0.7699999999999946,76.99999999999946,-0.07996106300036675,-0.011532671991934421,0.1442285977599063,1.7.7
2,-0.04,155,0.7749999999999945,77.49999999999945,-0.07996109267250556,-0.011388544753234968,0.1424260771407754,1.7.7
2,-0.04,156,0.7799999999999945,77.99999999999945,-0.07996112228222624,-0.011246218485264399,0.14064608104886753,1.7.7
2,-0.04,157,0.7849999999999945,78.49999999999945,-0.07996115182973021,-0.011105670689321836,0.13888832808424673,1.7.7
2,-0.04,158,0.7899999999999944,78.99999999999943,-0.07996118131521807,-0.010966879147645887,0.13715254036096503,1.7.7
2,-0.04,159,0.7949999999999944,79.49999999999943,-0.0799612107388896,-0.010829821919909003,0.13543844346321104,1.7.7
2,-0.04,160,0.7999999999999943,79.99999999999943,-0.07996124010094369,-0.01069447733975586,0.13374576640201014,1.7.7
3,-0.06,0,0.0,0.0,-0.11990012565640995,-0.11990012565640995,1.0,1.7.7
3,-0.06,1,0.0049999999999999645,0.49999999999999645,-0.11990019921626005,-0.11840244997260858,0.9875083673468297,1.7.7
3,-0.06,2,0.009999999999999929,0.9999999999999929,-0.11990027257471478,-0.11692348778590511,0.9751728271763961,1.7.7
3,-0.06,3,0.014999999999999894,1.4999999999999893,-0.11990034573254174,-0.11546300469354495,0.9629914241540635,1.7.7
3,-0.06,4,0.019999999999999858,1.9999999999999858,-0.1199004186905048,-0.11402076925919308,0.9509622276925598,1.7.7
3,-0.06,5,0.02499999999999982,2.4999999999999822,-0.11990049144936413,-0.11259655297405238,0.9390833316275746,1.7.7
3,-0.06,6,0.029999999999999787,2.9999999999999787,-0.11990056400987616,-0.1111901302185462,0.9273528538980643,1.7.7
3,-0.06,7,0.034999999999999754,3.499999999999975,-0.11990063637279366,-0.10980127822455435,0.9157689362311764,1.7.7
3,-0.06,8,0.039999999999999716,3.9999999999999716,-0.11990070853886581,-0.1084297770381935,0.9043297438317138,1.7.7
3,-0.06,9,0.04499999999999968,4.499999999999968,-0.1199007805088381,-0.10707540948313095,0.8930334650760529,1.7.7
3,-0.06,10,0.04999999999999964,4.9999999999999645,-0.11990085228345243,-0.10573796112442357,0.8818783112104409,1.7.7
3,-0.06,11,0.05499999999999961,5.499999999999961,-0.11990092386344715,-0.10441722023287187,0.8708625160535929,1.7.7
3,-0.06,12,0.059999999999999575,5.999999999999957,-0.11990099524955702,-0.10311297774988032,0.8599843357035126,1.7.7
3,-0.06,13,0.06499999999999954,6.499999999999955,-0.11990106644251325,-0.10182502725281509,0.8492420482484637,1.7.7
3,-0.06,14,0.06999999999999951,6.99999999999995,-0.11990113744304355,-0.10055316492085103,0.8386339534820231,1.7.7
3,-0.06,15,0.07499999999999947,7.499999999999947,-0.11990120825187209,-0.09929718950129857,0.828158372622139,1.7.7
3,-0.06,16,0.07999999999999943,7.999999999999943,-0.1199012788697196,-0.09805690227640335,0.8178136480341335,1.7.7
3,-0.06,17,0.0849999999999994,8.49999999999994,-0.11990134929730337,-0.09683210703060965,0.8075981429575743,1.7.7
3,-0.06,18,0.08999999999999936,8.999999999999936,-0.1199014195353372,-0.09562261001828057,0.7975102412369588,1.7.7
3,-0.06,19,0.09499999999999932,9.499999999999932,-0.11990148958453145,-0.09442821993186667,0.7875483470561395,1.7.7
3,-0.06,20,0.09999999999999928,9.999999999999929,-0.11990155944559315,-0.09324874787051604,0.7777108846764319,1.7.7
3,-0.06,21,0.10499999999999926,10.499999999999925,-0.11990162911922592,-0.09208400730911792,0.7679962981783414,1.7.7
3,-0.06,22,0.10999999999999922,10.999999999999922,-0.11990169860612998,-0.09093381406777376,0.7584030512068556,1.7.7
3,-0.06,23,0.11499999999999919,11.499999999999918,-0.11990176790700224,-0.08979798628168721,0.7489296267202331,1.7.7
3,-0.06,24,0.11999999999999915,11.999999999999915,-0.11990183702253632,-0.08867634437146775,0.7395745267422422,1.7.7
3,-0.06,25,0.12499999999999911,12.499999999999911,-0.11990190595342248,-0.08756871101384013,0.7303362721177875,1.7.7
3,-0.06,26,0.1299999999999991,12.99999999999991,-0.11990197470034772,-0.08647491111275357,0.7212134022718709,1.7.7
3,-0.06,27,0.13499999999999904,13.499999999999904,-0.11990204326399577,-0.08539477177088434,0.7122044749718349,1.7.7
3,-0.06,28,0.13999999999999901,13.9999999999999,-0.11990211164504712,-0.08432812226152533,0.7033080660928355,1.7.7
3,-0.06,29,0.14499999999999896,14.499999999999897,-0.11990217984417899,-0.0832747940008563,0.694522769386491,1.7.7
3,-0.06,30,0.14999999999999894,14.999999999999893,-0.11990224786206546,-0.08223462052058925,0.6858471962526612,1.7.7
3,-0.06,31,0.1549999999999989,15.499999999999888,-0.11990231569937737,-0.08120743744098252,0.6772799755143029,1.7.7
3,-0.06,32,0.15999999999999887,15.999999999999886,-0.1199023833567824,-0.08019308244421836,0.6688197531953576,1.7.7
3,-0.06,33,0.16499999999999884,16.499999999999883,-0.11990245083494507,-0.07919139524813773,0.6604651923016217,1.7.7
3,-0.06,34,0.1699999999999988,16.99999999999988,-0.11990251813452674,-0.07820221758032751,0.652214972604555,1.7.7
3,-0.06,35,0.17499999999999877,17.499999999999876,-0.1199025852561857,-0.07722539315255406,0.6440677904279803,1.7.7
3,-0.06,36,0.17999999999999872,17.999999999999872,-0.11990265220057711,-0.07626076763553816,0.6360223584376318,1.7.7
3,-0.06,37,0.1849999999999987,18.49999999999987,-0.11990271896835303,-0.07530818863406619,0.6280774054335077,1.7.7
3,-0.06,38,0.18999999999999864,18.999999999999865,-0.11990278556016246,-0.07436750566243214,0.620231676144984,1.7.7
3,-0.06,39,0.19499999999999862,19.49999999999986,-0.11990285197665138,-0.07343857012020569,0.6124839310286493,1.7.7
3,-0.06,40,0.19999999999999857,19.999999999999858,-0.11990291821846269,-0.07252123526832153,0.6048329460688197,1.7.7
3,-0.06,41,0.20499999999999854,20.499999999999854,-0.11990298428623636,-0.07161535620548487,0.5972775125806905,1.7.7
3,-0.06,42,0.20999999999999852,20.99999999999985,-0.1199030501806092,-0.07072078984488833,0.5898164370160897,1.7.7
3,-0.06,43,0.21499999999999847,21.499999999999847,-0.11990311590221524,-0.06983739489123646,0.5824485407717932,1.7.7
3,-0.06,44,0.21999999999999845,21.999999999999844,-0.11990318145168538,-0.06896503181807179,0.5751726600003607,1.7.7
3,-0.06,45,0.2249999999999984,22.49999999999984,-0.11990324682964766,-0.06810356284539965,0.567987645423461,1.7.7
3,-0.06,46,0.22999999999999837,22.999999999999837,-0.11990331203672716,-0.06725285191760619,0.5608923621476462,1.7.7
3,-0.06,47,0.23499999999999832,23.499999999999833,-0.11990337707354606,-0.06641276468166574,0.5538856894825375,1.7.7
3,-0.06,48,0.2399999999999983,23.99999999999983,-0.11990344194072362,-0.06558316846563343,0.5469665207613942,1.7.7
3,-0.06,49,0.24499999999999827,24.499999999999826,-0.11990350663887625,-0.06476393225741875,0.5401337631640238,1.7.7
3,-0.06,50,0.24999999999999822,24.999999999999822,-0.11990357116861745,-0.06395492668383593,0.5333863375420044,1.7.7
3,-0.06,51,0.2549999999999982,25.49999999999982,-0.11990363553055788,-0.0631560239899275,0.5267231782461839,1.7.7
3,-0.06,52,0.2599999999999982,25.99999999999982,-0.11990369972530546,-0.062367098018556576,0.5201432329564232,1.7.7
3,-0.06,53,0.2649999999999981,26.49999999999981,-0.11990376375346512,-0.06158802419026464,0.5136454625135551,1.7.7
3,-0.06,54,0.2699999999999981,26.999999999999808,-0.11990382761563911,-0.0608186794833905,0.5072288407535198,1.7.7
3,-0.06,55,0.274999999999998,27.4999999999998,-0.1199038913124269,-0.0600589424144472,0.5008923543436548,1.7.7
3,-0.06,56,0.27999999999999803,27.9999999999998,-0.1199039548444251,-0.059308693018752766,0.4946350026211025,1.7.7
3,-0.06,57,0.284999999999998,28.499999999999797,-0.11990401821222763,-0.05856781283131153,0.488455797433308,1.7.7
3,-0.06,58,0.2899999999999979,28.999999999999794,-0.11990408141642567,-0.05783618486794252,0.4823537629805781,1.7.7
3,-0.06,59,0.29499999999999793,29.499999999999794,-0.11990414445760764,-0.057113693606651264,0.4763279356606721,1.7.7
3,-0.06,60,0.2999999999999979,29.999999999999787,-0.11990420733635927,-0.05640022496924166,0.47037736391539514,1.7.7
3,-0.06,61,0.30499999999999783,30.499999999999783,-0.11990427005326362,-0.055695666303164804,0.46450110807916845,1.7.7
3,-0.06,62,0.3099999999999978,30.999999999999776,-0.11990433260890104,-0.05499990636360105,0.4586982402295458,1.7.7
3,-0.06,63,0.3149999999999978,31.49999999999978,-0.1199043950038492,-0.05431283529577262,0.4529678440396539,1.7.7
3,-0.06,64,0.31999999999999773,31.999999999999773,-0.11990445723868312,-0.05363434461748301,0.4473090146325244,1.7.7
3,-0.06,65,0.3249999999999977,32.499999999999766,-0.11990451931397525,-0.052964327201880525,0.4417208584372963,1.7.7
3,-0.06,66,0.3299999999999977,32.999999999999766,-0.11990458123029536,-0.05230267726044269,0.4362024930472613,1.7.7
3,-0.06,67,0.33499999999999763,33.499999999999766,-0.11990464298821063,-0.0516492903261784,0.4307530470797257,1.7.7
3,-0.06,68,0.3399999999999976,33.99999999999976,-0.11990470458828562,-0.05100406323704514,0.4253716600376672,1.7.7
3,-0.06,69,0.34499999999999753,34.49999999999975,-0.11990476603108231,-0.0503668941195779,0.4200574821731568,1.7.7
3,-0.06,70,0.34999999999999754,34.99999999999975,-0.11990482731716019,-0.049737682372727514,0.4148096743525296,1.7.7
3,-0.06,71,0.3549999999999975,35.49999999999975,-0.11990488844707614,-0.0491163286519049,0.4096274079232721,1.7.7
3,-0.06,72,0.35999999999999743,35.999999999999744,-0.11990494942138455,-0.04850273485322897,0.40450986458261007,1.7.7
3,-0.06,73,0.36499999999999744,36.499999999999744,-0.11990501024063718,-0.047896804097975296,0.3994562362477704,1.7.7
3,-0.06,74,0.3699999999999974,36.99999999999974,-0.11990507090538338,-0.04729844071722238,0.3944657249278923,1.7.7
3,-0.06,75,0.37499999999999734,37.49999999999973,-0.11990513141617004,-0.04670755023669398,0.38953754259757345,1.7.7
3,-0.06,76,0.3799999999999973,37.99999999999973,-0.11990519177354145,-0.04612403936179347,0.38467091107202,1.7.7
3,-0.06,77,0.3849999999999973,38.49999999999973,-0.1199052519780395,-0.04554781596282871,0.37986506188378416,1.7.7
3,-0.06,78,0.38999999999999724,38.99999999999972,-0.11990531203020363,-0.04497878906042464,0.3751192361610692,1.7.7
3,-0.06,79,0.3949999999999972,39.499999999999716,-0.11990537193057084,-0.04441686881112057,0.3704326845075749,1.7.7
3,-0.06,80,0.39999999999999714,39.999999999999716,-0.11990543167967566,-0.04386196649315059,0.3658046668838717,1.7.7
3,-0.06,81,0.40499999999999714,40.499999999999716,-0.11990549127805028,-0.043313994492403904,0.3612344524902747,1.7.7
3,-0.06,82,0.4099999999999971,40.99999999999971,-0.11990555072622443,-0.04277286628856321,0.3567213196512044,1.7.7
3,-0.06,83,0.41499999999999704,41.4999999999997,-0.11990561002472547,-0.04223849644141835,0.35226455570100884,1.7.7
3,-0.06,84,0.41999999999999704,41.9999999999997,-0.11990566917407838,-0.04171080057735334,0.34786345687123293,1.7.7
3,-0.06,85,0.424999999999997,42.4999999999997,-0.11990572817480583,-0.04118969537600431,0.34351732817931335,1.7.7
3,-0.06,86,0.42999999999999694,42.999999999999694,-0.11990578702742805,-0.04067509855708587,0.339225483318679,1.7.7
3,-0.06,87,0.4349999999999969,43.49999999999969,-0.11990584573246299,-0.04016692886738407,0.33498724455024115,1.7.7
3,-0.06,88,0.4399999999999969,43.99999999999969,-0.11990590429042629,-0.03966510606791378,0.33080194259525536,1.7.7
3,-0.06,89,0.44499999999999684,44.49999999999969,-0.11990596270183124,-0.039169550921237674,0.3266689165295319,1.7.7
3,-0.06,90,0.4499999999999968,44.99999999999968,-0.11990602096718886,-0.03868018517894577,0.3225875136789856,1.7.7
3,-0.06,91,0.4549999999999968,45.49999999999968,-0.11990607908700784,-0.038196931569292505,0.31855708951650014,1.7.7
3,-0.06,92,0.45999999999999674,45.99999999999967,-0.11990613706179468,-0.03771971378498979,0.3145770075600935,1.7.7
3,-0.06,93,0.4649999999999967,46.499999999999666,-0.11990619489205356,-0.037248456471153754,0.3106466392723658,1.7.7
3,-0.06,94,0.46999999999999664,46.999999999999666,-0.11990625257828638,-0.03678308521340351,0.30676536396121595,1.7.7
3,-0.06,95,0.47499999999999665,47.499999999999666,-0.11990631012099287,-0.0363235265261094,0.3029325686818043,1.7.7
3,-0.06,96,0.4799999999999966,47.99999999999966,-0.11990636752067055,-0.0358697078407897,0.29914764813975503,1.7.7
3,-0.06,97,0.48499999999999654,48.49999999999965,-0.11990642477781462,-0.03542155749465262,0.29541000459557026,1.7.7
3,-0.06,98,0.48999999999999655,48.99999999999965,-0.11990648189291817,-0.03497900471928306,0.29171904777025204,1.7.7
3,-0.06,99,0.4949999999999965,49.49999999999965,-0.11990653886647208,-0.03454197962947105,0.28807419475210605,1.7.7
3,-0.06,100,0.49999999999999645,49.999999999999645,-0.11990659569896503,-0.03411041321218097,0.2844748699047203,1.7.7
3,-0.06,101,0.5049999999999965,50.499999999999645,-0.11990665239088358,-0.03368423731565921,0.28092050477609865,1.7.7
3,-0.06,102,0.5099999999999963,50.99999999999964,-0.1199067089427121,-0.033263384638678575,0.2774105380089353,1.7.7
3,-0.06,103,0.5149999999999963,51.49999999999964,-0.11990676535493279,-0.032847788719917864,0.2739444152520169,1.7.7
3,-0.06,104,0.5199999999999964,51.99999999999964,-0.1199068216280258,-0.03243738392747469,0.2705215890727363,1.7.7
3,-0.06,105,0.5249999999999962,52.49999999999962,-0.11990687776246908,-0.0320321054485099,0.2671415188707046,1.7.7
3,-0.06,106,0.5299999999999963,52.99999999999962,-0.11990693375873854,-0.03163188927902198,0.26380367079244676,1.7.7
3,-0.06,107,0.5349999999999963,53.49999999999962,-0.11990698961730792,-0.03123667221374955,0.2605075176471673,1.7.7
3,-0.06,108,0.5399999999999961,53.999999999999616,-0.11990704533864896,-0.03084639183620066,0.2572525388235725,1.7.7
3,-0.06,109,0.5449999999999962,54.499999999999616,-0.11990710092323123,-0.030460986508806923,0.25403822020773503,1.7.7
3,-0.06,110,0.549999999999996,54.9999999999996,-0.1199071563715223,-0.030080395363201118,0.2508640541019881,1.7.7
3,-0.06,111,0.554999999999996,55.4999999999996,-0.11990721168398769,-0.02970455829061669,0.24772953914483706,1.7.7
3,-0.06,112,0.5599999999999961,55.9999999999996,-0.11990726686109081,-0.029333415932407274,0.2446341802318721,1.7.7
3,-0.06,113,0.564999999999996,56.499999999999595,-0.11990732190329315,-0.02896690967068524,0.24157748843767388,1.7.7
3,-0.06,114,0.569999999999996,56.999999999999595,-0.11990737681105403,-0.028604981619077163,0.23855898093869504,1.7.7
3,-0.06,115,0.574999999999996,57.499999999999595,-0.11990743158483091,-0.028247574613595394,0.23557818093710967,1.7.7
3,-0.06,116,0.5799999999999959,57.99999999999959,-0.11990748622507919,-0.027894632203623444,0.2326346175856129,1.7.7
3,-0.06,117,0.5849999999999959,58.49999999999959,-0.11990754073225224,-0.027546098643014626,0.22972782591316535,1.7.7
3,-0.06,118,0.5899999999999959,58.99999999999959,-0.1199075951068015,-0.027201918881301707,0.22685734675166325,1.7.7
3,-0.06,119,0.5949999999999958,59.499999999999574,-0.11990764934917646,-0.02686203855501674,0.22402272666352818,1.7.7
3,-0.06,120,0.5999999999999958,59.999999999999574,-0.11990770345982457,-0.02652640397911936,0.2212235178702018,1.7.7
3,-0.06,121,0.6049999999999958,60.499999999999574,-0.11990775743919144,-0.026194962138532313,0.21845927818153474,1.7.7
3,-0.06,122,0.6099999999999957,60.99999999999957,-0.11990781128772066,-0.02586766067978291,0.21572957092605966,1.7.7
3,-0.06,123,0.6149999999999957,61.49999999999957,-0.11990786500585392,-0.025544447902748776,0.21303396488213425,1.7.7
3,-0.06,124,0.6199999999999956,61.99999999999955,-0.11990791859403101,-0.025225272752506894,0.21037203420994585,1.7.7
3,-0.06,125,0.6249999999999956,62.49999999999956,-0.11990797205268977,-0.024910084811284577,0.20774335838436686,1.7.7
3,-0.06,126,0.6299999999999956,62.99999999999956,-0.11990802538226622,-0.024598834290510928,0.20514752212864784,1.7.7
3,-0.06,127,0.6349999999999955,63.499999999999545,-0.11990807858319441,-0.024291472022967595,0.2025841153489398,1.7.7
3,-0.06,128,0.6399999999999955,63.999999999999545,-0.11990813165590655,-0.023987949455037724,0.200052733069635,1.7.7
3,-0.06,129,0.6449999999999955,64.49999999999955,-0.11990818460083297,-0.023688218639051555,0.19755297536951452,1.7.7
3,-0.06,130,0.6499999999999954,64.99999999999953,-0.1199082374184022,-0.023392232225727862,0.19508444731869504,1.7.7
3,-0.06,131,0.6549999999999954,65.49999999999953,-0.11990829010904085,-0.02309994345670948,0.19264675891636113,1.7.7
3,-0.06,132,0.6599999999999954,65.99999999999953,-0.1199083426731737,-0.022811306157192294,0.19023952502927652,1.7.7
3,-0.06,133,0.6649999999999953,66.49999999999953,-0.11990839511122374,-0.022526274728646184,0.18786236533106318,1.7.7
3,-0.06,134,0.6699999999999953,66.99999999999953,-0.11990844742361212,-0.02224480414162682,0.1855149042422379,1.7.7
3,-0.06,135,0.6749999999999952,67.49999999999952,-0.11990849961075818,-0.021966849928677236,0.18319677087099814,1.7.7
3,-0.06,136,0.6799999999999952,67.99999999999952,-0.11990855167307946,-0.021692368177317945,0.18090759895474642,1.7.7
3,-0.06,137,0.6849999999999952,68.49999999999952,-0.1199086036109917,-0.021421315523124693,0.1786470268023458,1.7.7
3,-0.06,138,0.6899999999999951,68.9999999999995,-0.1199086554249089,-0.021153649142892375,0.17641469723709435,1.7.7
3,-0.06,139,0.6949999999999951,69.4999999999995,-0.11990870711524322,-0.020889326747884532,0.17421025754041347,1.7.7
3,-0.06,140,0.6999999999999951,69.9999999999995,-0.11990875868240514,-0.02062830657716682,0.1720333593962367,1.7.7
3,-0.06,141,0.704999999999995,70.4999999999995,-0.11990881012680327,-0.020370547391023897,0.16988365883609463,1.7.7
3,-0.06,142,0.709999999999995,70.9999999999995,-0.11990886144884463,-0.020116008464458206,0.1677608161848828,1.7.7
3,-0.06,143,0.714999999999995,71.4999999999995,-0.11990891264893436,-0.019864649580770104,0.16566449600730862,1.7.7
3,-0.06,144,0.7199999999999949,71.99999999999949,-0.11990896372747592,-0.01961643102521798,0.16359436705500505,1.7.7
3,-0.06,145,0.7249999999999949,72.49999999999949,-0.11990901468487111,-0.019371313578757356,0.16155010221430358,1.7.7
3,-0.06,146,0.7299999999999949,72.99999999999949,-0.11990906552151995,-0.019129258511858267,0.1595313784546604,1.7.7
3,-0.06,147,0.7349999999999948,73.49999999999947,-0.1199091162378208,-0.018890227578399584,0.15753787677772388,1.7.7
3,-0.06,148,0.7399999999999948,73.99999999999947,-0.1199091668341703,-0.018654183009639634,0.15556928216703933,1.7.7
3,-0.06,149,0.7449999999999947,74.49999999999946,-0.11990921731096342,-0.01842108750826195,0.15362528353837976,1.7.7
3,-0.06,150,0.7499999999999947,74.99999999999946,-0.11990926766859347,-0.018190904242495205,0.15170557369069607,1.7.7
3,-0.06,151,0.7549999999999947,75.49999999999947,-0.11990931790745206,-0.01796359684030669,0.14980984925768057,1.7.7
3,-0.06,152,0.7599999999999946,75.99999999999946,-0.11990936802792916,-0.017739129383667923,0.1479378106599323,1.7.7
3,-0.06,153,0.7649999999999946,76.49999999999946,-0.1199094180304131,-0.01751746640289193,0.14608916205772016,1.7.7
3,-0.06,154,0.7699999999999946,76.99999999999946,-0.11990946791529059,-0.017298572871041154,0.14426361130433538,1.7.7
3,-0.06,155,0.7749999999999945,77.49999999999945,-0.11990951768294664,-0.017082414198404956,0.14246086990002457,1.7.7
3,-0.06,156,0.7799999999999945,77.99999999999945,-0.11990956733376469,-0.01686895622704611,0.1406806529464982,1.7.7
3,-0.06,157,0.7849999999999945,78.49999999999945,-0.11990961686812657,-0.01665816522541522,0.1389226791020059,1.7.7
3,-0.06,158,0.7899999999999944,78.99999999999943,-0.11990966628641245,-0.016450007883032247,0.13718667053697137,1.7.7
3,-0.06,159,0.7949999999999944,79.49999999999943,-0.11990971558900096,-0.01624445130523444,0.13547235289018153,1.7.7
3,-0.06,160,0.7999999999999943,79.99999999999943,-0.1199097647762691,-0.016041463007989663,0.13377945522552112,1.7.7
4,0.01,0,0.0,0.0,0.019997223787174893,0.019997223787174893,1.0,1.7.7
4,0.01,1,0.0049999999999999645,0.49999999999999645,0.01999723601721539,0.01974733283045584,0.9875031136030793,1.7.7
4,0.01,2,0.009999999999999929,0.9999999999999929,0.019997248223300332,0.019500563897302488,0.9751623663190259,1.7.7
4,0.01,3,0.014999999999999894,1.4999999999999893,0.01999726040551654,0.019256877997083935,0.9629758080147639,1.7.7
4,0.01,4,0.019999999999999858,1.9999999999999858,0.01999727256395043,0.01901623662583501,0.9509415128999162,1.7.7
4,0.01,5,0.02499999999999982,2.4999999999999822,0.019997284698688028,0.018778601760186094,0.9390575792231488,1.7.7
4,0.01,6,0.029999999999999787,2.9999999999999787,0.019997296809814942,0.018543935851368862,0.9273221289723144,1.7.7
4,0.01,7,0.034999999999999754,3.499999999999975,0.019997308897416376,0.018312201819296617,0.9157333075783276,1.7.7
4,0.01,8,0.039999999999999716,3.9999999999999716,0.01999732096157711,0.018083363046718558,0.9042892836227396,1.7.7
4,0.01,9,0.04499999999999968,4.499999999999968,0.01999733300238154,0.017857383373446854,0.8929882485489524,1.7.7
4,0.01,10,0.04999999999999964,4.9999999999999645,0.019997345019913668,0.017634227090655707,0.8818284163770376,1.7.7
4,0.01,11,0.05499999999999961,5.499999999999961,0.019997357014257124,0.017413858935251693,0.870808023422119,1.7.7
4,0.01,12,0.059999999999999575,5.999999999999957,0.019997368985495104,0.017196244084313986,0.8599253280162562,1.7.7
4,0.01,13,0.06499999999999954,6.499999999999955,0.019997380933710396,0.016981348149604114,0.8491786102338015,1.7.7
4,0.01,14,0.06999999999999951,6.99999999999995,0.019997392858985472,0.016769137172144184,0.8385661716201805,1.7.7
4,0.01,15,0.07499999999999947,7.499999999999947,0.01999740476140237,0.016559577616862498,0.828086334924053,1.7.7
4,0.01,16,0.07999999999999943,7.999999999999943,0.019997416641042747,0.016352636367306172,0.8177374438328189,1.7.7
4,0.01,17,0.0849999999999994,8.49999999999994,0.01999742849798789,0.01614828072041956,0.8075178627114167,1.7.7
4,0.01,18,0.08999999999999936,8.999999999999936,0.01999744033231867,0.01594647838138765,0.7974259763443776,1.7.7
4,0.01,19,0.09499999999999932,9.499999999999932,0.019997452144115645,0.01574719745854404,0.7874601896811008,1.7.7
4,0.01,20,0.09999999999999928,9.999999999999929,0.019997463933458946,0.015550406458342061,0.7776189275843,1.7.7
4,0.01,21,0.10499999999999926,10.499999999999925,0.019997475700428344,0.015356074280388845,0.7679006345815896,1.7.7
4,0.01,22,0.10999999999999922,10.999999999999922,0.019997487445103233,0.01516417021254117,0.7583037746201664,1.7.7
4,0.01,23,0.11499999999999919,11.499999999999918,0.019997499167562664,0.014974663926062403,0.7488268308245438,1.7.7
4,0.01,24,0.11999999999999915,11.999999999999915,0.019997510867885315,0.01478752547083994,0.7394683052573173,1.7.7
4,0.01,25,0.12499999999999911,12.499999999999911,0.019997522546149463,0.01460272527066218,0.7302267186829073,1.7.7
4,0.01,26,0.1299999999999991,12.99999999999991,0.01999753420243304,0.01442023411855433,0.7211006103342413,1.7.7
4,0.01,27,0.13499999999999904,13.499999999999904,0.01999754583681363,0.014240023172172489,0.7120885376823552,1.7.7
4,0.01,28,0.13999999999999901,13.9999999999999,0.019997557449368486,0.014062063949254978,0.7031890762088573,1.7.7
4,0.01,29,0.14499999999999896,14.499999999999897,0.01999756904017444,0.01388632832313038,0.6944008191812323,1.7.7
4,0.01,30,0.14999999999999894,14.999999999999893,0.01999758060930798,0.013712788518281806,0.6857223774309537,1.7.7
4,0.01,31,0.1549999999999989,15.499999999999888,0.01999759215684528,0.013541417105966095,0.6771523791343448,1.7.7
4,0.01,32,0.15999999999999887,15.999999999999886,0.01999760368286217,0.013372186999887875,0.6686894695961878,1.7.7
4,0.01,33,0.16499999999999884,16.499999999999883,0.019997615187434068,0.013205071451927466,0.6603323110360259,1.7.7
4,0.01,34,0.1699999999999988,16.99999999999988,0.0199976266706361,0.01304004404792201,0.6520795823771233,1.7.7
4,0.01,35,0.17499999999999877,17.499999999999876,0.01999763813254301,0.0128770787034992,0.6439299790380635,1.7.7
4,0.01,36,0.17999999999999872,17.999999999999872,0.019997649573229234,0.012716149659962907,0.6358822127269377,1.7.7
4,0.01,37,0.1849999999999987,18.49999999999987,0.01999766099276889,0.01255723148023007,0.6279350112381011,1.7.7
4,0.01,38,0.18999999999999864,18.999999999999865,0.01999767239123563,0.012400299044818465,0.6200871182514791,1.7.7
4,0.01,39,0.19499999999999862,19.49999999999986,0.01999768376870294,0.012245327547884089,0.6123372931343402,1.7.7
4,0.01,40,0.19999999999999857,19.999999999999858,0.01999769512524384,0.012092292493308275,0.6046843107455779,1.7.7
4,0.01,41,0.20499999999999854,20.499999999999854,0.01999770646093105,0.011941169690833326,0.5971269612424029,1.7.7
4,0.01,42,0.20999999999999852,20.99999999999985,0.019997717775837028,0.011791935252246546,0.589664049889462,1.7.7
4,0.01,43,0.21499999999999847,21.499999999999847,0.019997729070033804,0.011644565587611547,0.5822943968703274,1.7.7
4,0.01,44,0.21999999999999845,21.999999999999844,0.019997740343593157,0.011499037401546959,0.5750168371013479,1.7.7
4,0.01,45,0.2249999999999984,22.49999999999984,0.01999775159658644,0.011355327689551005,0.5678302200478041,1.7.7
4,0.01,46,0.22999999999999837,22.999999999999837,0.01999776282908483,0.011213413734372294,0.5607334095423643,1.7.7
4,0.01,47,0.23499999999999832,23.499999999999833,0.019997774041159058,0.011073273102425646,0.5537252836058071,1.7.7
4,0.01,48,0.2399999999999983,23.99999999999983,0.019997785232879556,0.010934883640252639,0.5468047342699701,1.7.7
4,0.01,49,0.24499999999999827,24.499999999999826,0.019997796404316478,0.010798223471026384,0.5399706674029151,1.7.7
4,0.01,50,0.24999999999999822,24.999999999999822,0.019997807555539638,0.01066327099109959,0.5332220025362597,1.7.7
4,0.01,51,0.2549999999999982,25.49999999999982,0.01999781868661851,0.010530004866596002,0.5265576726946789,1.7.7
4,0.01,52,0.2599999999999982,25.99999999999982,0.019997829797622317,0.01039840403004405,0.5199766242275145,1.7.7
4,0.01,53,0.2649999999999981,26.49999999999981,0.01999784088861991,0.010268447677052619,0.5134778166424978,1.7.7
4,0.01,54,0.2699999999999981,26.999999999999808,0.019997851959679847,0.010140115263028143,0.5070602224415347,1.7.7
4,0.01,55,0.274999999999998,27.4999999999998,0.019997863010870417,0.010013386499932834,0.500722826958549,1.7.7
4,0.01,56,0.27999999999999803,27.9999999999998,0.019997874042259535,0.00988824135308295,0.49446462819933285,1.7.7
4,0.01,57,0.284999999999998,28.499999999999797,0.01999788505391483,0.0097646600379874,0.48828463668341004,1.7.7
4,0.01,58,0.2899999999999979,28.999999999999794,0.01999789604590369,0.009642623017225384,0.48218187528785306,1.7.7
4,0.01,59,0.29499999999999793,29.499999999999794,0.01999790701829309,0.009522110997363276,0.47615537909306815,1.7.7
4,0.01,60,0.2999999999999979,29.999999999999787,0.019997917971149803,0.00940310492590966,0.4702041952304807,1.7.7
4,0.01,61,0.30499999999999783,30.499999999999783,0.019997928904540274,0.009285585988308587,0.46432738273213947,1.7.7
4,0.01,62,0.3099999999999978,30.999999999999776,0.019997939818530597,0.0091695356049701,0.45852401238218427,1.7.7
4,0.01,63,0.3149999999999978,31.49999999999978,0.01999795071318668,0.00905493542833784,0.45279316657016266,1.7.7
4,0.01,64,0.31999999999999773,31.999999999999773,0.019997961588574014,0.00894176733999332,0.4471339391461911,1.7.7
4,0.01,65,0.3249999999999977,32.499999999999766,0.01999797244475791,0.008830013447796185,0.4415454352779052,1.7.7
4,0.01,66,0.3299999999999977,32.999999999999766,0.019997983281803307,0.008719656083060095,0.436026771309202,1.7.7
4,0.01,67,0.33499999999999763,33.499999999999766,0.019997994099774867,0.008610677797763928,0.43057707462074235,1.7.7
4,0.01,68,0.3399999999999976,33.99999999999976,0.019998004898737043,0.008503061361797789,0.4251954834921954,1.7.7
4,0.01,69,0.34499999999999753,34.49999999999975,0.019998015678753873,0.008396789760243033,0.41988114696619033,1.7.7
4,0.01,70,0.34999999999999754,34.99999999999975,0.019998026439889217,0.008291846190686706,0.41463322471398034,1.7.7
4,0.01,71,0.3549999999999975,35.49999999999975,0.019998037182206614,0.008188214060568976,0.4094508869027653,1.7.7
4,0.01,72,0.35999999999999743,35.999999999999744,0.019998047905769315,0.008085876984564058,0.40433331406468587,1.7.7
4,0.01,73,0.36499999999999744,36.499999999999744,0.01999805861064024,0.007984818781993384,0.39927969696743226,1.7.7
4,0.01,74,0.3699999999999974,36.99999999999974,0.01999806929688218,0.007885023474271457,0.39428923648648323,1.7.7
4,0.01,75,0.37499999999999734,37.49999999999973,0.019998079964557516,0.007786475282383151,0.3893611434789278,1.7.7
4,0.01,76,0.3799999999999973,37.99999999999973,0.019998090613728415,0.007689158624392824,0.38449463865886885,1.7.7
4,0.01,77,0.3849999999999973,38.49999999999973,0.019998101244456716,0.007593058112984188,0.3796889524743711,1.7.7
4,0.01,78,0.38999999999999724,38.99999999999972,0.019998111856804064,0.007498158553031013,0.37494332498594735,1.7.7
4,0.01,79,0.3949999999999972,39.499999999999716,0.01999812245083176,0.007404444939198171,0.3702570057465673,1.7.7
4,0.01,80,0.39999999999999714,39.999999999999716,0.01999813302660087,0.007311902453572477,0.36562925368315236,1.7.7
4,0.01,81,0.40499999999999714,40.499999999999716,0.019998143584172182,0.007220516463323047,0.3610593369795499,1.7.7
4,0.01,82,0.4099999999999971,40.99999999999971,0.019998154123606234,0.007130272518391112,0.3565465329609792,1.7.7
4,0.01,83,0.41499999999999704,41.4999999999997,0.019998164644963307,0.007041156349208214,0.3520901279798986,1.7.7
4,0.01,84,0.41999999999999704,41.9999999999997,0.019998175148303345,0.00695315386444316,0.34768941730331177,1.7.7
4,0.01,85,0.424999999999997,42.4999999999997,0.01999818563368612,0.006866251148777075,0.34334370500147565,1.7.7
4,0.01,86,0.42999999999999694,42.999999999999694,0.019998196101171123,0.0067804344607060064,0.3390523038379914,1.7.7
4,0.01,87,0.4349999999999969,43.49999999999969,0.019998206550817528,0.006695690230371092,0.33481453516127285,1.7.7
4,0.01,88,0.4399999999999969,43.99999999999969,0.0199982169826843,0.006612005057415778,0.3306297287973654,1.7.7
4,0.01,89,0.44499999999999684,44.49999999999969,0.019998227396830173,0.006529365708869756,0.3264972229441043,1.7.7
4,0.01,90,0.4499999999999968,44.99999999999968,0.019998237793313577,0.006447759117059106,0.32241636406658386,1.7.7
4,0.01,91,0.4549999999999968,45.49999999999968,0.019998248172192708,0.006367172377542902,0.31838650679394853,1.7.7
4,0.01,92,0.45999999999999674,45.99999999999967,0.019998258533525468,0.006287592747075111,0.31440701381745156,1.7.7
4,0.01,93,0.4649999999999967,46.499999999999666,0.01999826887736958,0.006209007641592289,0.31047725578980084,1.7.7
4,0.01,94,0.46999999999999664,46.999999999999666,0.019998279203782485,0.006131404634226031,0.30659661122574655,1.7.7
4,0.01,95,0.47499999999999665,47.499999999999666,0.019998289512821336,0.00605477145334063,0.30276446640392846,1.7.7
4,0.01,96,0.4799999999999966,47.99999999999966,0.01999829980454311,0.005979095980594678,0.29898021526991897,1.7.7
4,0.01,97,0.48499999999999654,48.49999999999965,0.019998310079004485,0.005904366249027416,0.295243259340508,1.7.7
4,0.01,98,0.48999999999999655,48.99999999999965,0.01999832033626194,0.005830570441168496,0.291553007609155,1.7.7
4,0.01,99,0.4949999999999965,49.49999999999965,0.019998330576371626,0.005757696887171584,0.28790887645263763,1.7.7
4,0.01,100,0.49999999999999645,49.999999999999645,0.019998340799389537,0.005685734062971225,0.28431028953885945,1.7.7
4,0.01,101,0.5049999999999965,50.499999999999645,0.01999835100537143,0.005614670588462503,0.2807566777358012,1.7.7
4,0.01,102,0.5099999999999963,50.99999999999964,0.019998361194372746,0.005544495225703656,0.27724747902162095,1.7.7
4,0.01,103,0.5149999999999963,51.49999999999964,0.019998371366448765,0.005475196877141023,0.2737821383958672,1.7.7
4,0.01,104,0.5199999999999964,51.99999999999964,0.0199983815216545,0.005406764583855987,0.27036010779179676,1.7.7
4,0.01,105,0.5249999999999962,52.49999999999962,0.019998391660044676,0.005339187523834097,0.26698084598980043,1.7.7
4,0.01,106,0.5299999999999963,52.99999999999962,0.01999840178167385,0.005272455010255488,0.2636438185318921,1.7.7
4,0.01,107,0.5349999999999963,53.49999999999962,0.01999841188659632,0.005206556489806813,0.2603484976372769,1.7.7
4,0.01,108,0.5399999999999961,53.999999999999616,0.019998421974866197,0.005141481541014129,0.2570943621189656,1.7.7
4,0.01,109,0.5449999999999962,54.499999999999616,0.019998432046537302,0.005077219872596732,0.2538808973014384,1.7.7
4,0.01,110,0.549999999999996,54.9999999999996,0.019998442101663235,0.005013761321841221,0.25070759493931954,1.7.7
4,0.01,111,0.554999999999996,55.4999999999996,0.019998452140297385,0.004951095852996247,0.24757395313708627,1.7.7
4,0.01,112,0.5599999999999961,55.9999999999996,0.019998462162492958,0.004889213555687059,0.24447947626976843,1.7.7
4,0.01,113,0.564999999999996,56.499999999999595,0.019998472168302812,0.004828104643349838,0.24142367490464045,1.7.7
4,0.01,114,0.569999999999996,56.999999999999595,0.01999848215777969,0.004767759451685508,0.2384060657238821,1.7.7
4,0.01,115,0.574999999999996,57.499999999999595,0.019998492130976046,0.004708168437133182,0.23542617144822683,1.7.7
4,0.01,116,0.5799999999999959,57.99999999999959,0.019998502087944174,0.0046493221753621345,0.2324835207615332,1.7.7
4,0.01,117,0.5849999999999959,58.49999999999959,0.019998512028736086,0.00459121135978304,0.22957764823632262,1.7.7
4,0.01,118,0.5899999999999959,58.99999999999959,0.01999852195340359,0.004533826800077547,0.22670809426023233,1.7.7
4,0.01,119,0.5949999999999958,59.499999999999574,0.01999853186199834,0.004477159420746264,0.22387440496338948,1.7.7
4,0.01,120,0.5999999999999958,59.999999999999574,0.01999854175457165,0.004421200259674929,0.22107613214669747,1.7.7
4,0.01,121,0.6049999999999958,60.499999999999574,0.01999855163117474,0.004365940466718248,0.21831283321100123,1.7.7
4,0.01,122,0.6099999999999957,60.99999999999957,0.01999856149185847,0.004311371302301763,0.21558407108716032,1.7.7
4,0.01,123,0.6149999999999957,61.49999999999957,0.019998571336673668,0.004257484136040848,0.2128894141669716,1.7.7
4,0.01,124,0.6199999999999956,61.99999999999955,0.01999858116567077,0.004204270445377121,0.21022843623497156,1.7.7
4,0.01,125,0.6249999999999956,62.49999999999956,0.019998590978900173,0.004151721814231773,0.20760071640107605,1.7.7
4,0.01,126,0.6299999999999956,62.99999999999956,0.019998600776411878,0.004099829931675773,0.20500583903407263,1.7.7
4,0.01,127,0.6349999999999955,63.499999999999545,0.019998610558255837,0.004048586590616653,0.2024433936959342,1.7.7
4,0.01,128,0.6399999999999955,63.999999999999545,0.019998620324481683,0.0039979836865016065,0.1999129750769557,1.7.7
4,0.01,129,0.6449999999999955,64.49999999999955,0.01999863007513892,0.003948013216036917,0.19741418293170224,1.7.7
4,0.01,130,0.6499999999999954,64.99999999999953,0.019998639810276764,0.003898667275923261,0.19494662201575533,1.7.7
4,0.01,131,0.6549999999999954,65.49999999999953,0.019998649529944297,0.0038499380616068206,0.19250990202324647,1.7.7
4,0.01,132,0.6599999999999954,65.99999999999953,0.01999865923419034,0.0038018178660459406,0.19010363752517132,1.7.7
4,0.01,133,0.6649999999999953,66.49999999999953,0.019998668923063567,0.003754299078493355,0.18772744790848006,1.7.7
4,0.01,134,0.6699999999999953,66.99999999999953,0.019998678596612418,0.0037073741832932975,0.1853809573159144,1.7.7
4,0.01,135,0.6749999999999952,67.49999999999952,0.01999868825488512,0.0036610357586940086,0.18306379458661345,1.7.7
4,0.01,136,0.6799999999999952,67.99999999999952,0.019998697897929733,0.003615276475674686,0.1807755931974421,1.7.7
4,0.01,137,0.6849999999999952,68.49999999999952,0.019998707525794066,0.0035700890967874334,0.17851599120507064,1.7.7
4,0.01,138,0.6899999999999951,68.9999999999995,0.019998717138525753,0.00352546647501339,0.1762846311887622,1.7.7
4,0.01,139,0.6949999999999951,69.4999999999995,0.019998726736172253,0.0034814015526331357,0.17408116019387515,1.7.7
4,0.01,140,0.6999999999999951,69.9999999999995,0.019998736318780835,0.003437887360111601,0.17190522967609095,1.7.7
4,0.01,141,0.704999999999995,70.4999999999995,0.019998745886398488,0.003394917014996268,0.1697564954463076,1.7.7
4,0.01,142,0.709999999999995,70.9999999999995,0.01999875543907212,0.0033524837208296324,0.1676346176162439,1.7.7
4,0.01,143,0.714999999999995,71.4999999999995,0.019998764976848393,0.0033105807660750853,0.1655392605447179,1.7.7
4,0.01,144,0.7199999999999949,71.99999999999949,0.019998774499773733,0.0032692015230560137,0.16347009278458546,1.7.7
4,0.01,145,0.7249999999999949,72.49999999999949,0.019998784007894448,0.0032283394469085017,0.16142678703035776,1.7.7
4,0.01,146,0.7299999999999949,72.99999999999949,0.019998793501256593,0.0031879880745467443,0.1594090200664571,1.7.7
4,0.01,147,0.7349999999999948,73.49999999999947,0.019998802979906128,0.0031481410236417168,0.1574164727161332,1.7.7
4,0.01,148,0.7399999999999948,73.99999999999947,0.019998812443888674,0.003108791991612242,0.15544882979100294,1.7.7
4,0.01,149,0.7449999999999947,74.49999999999946,0.019998821893249794,0.00306993475462893,0.1535057800412296,1.7.7
4,0.01,150,0.7499999999999947,74.99999999999946,0.019998831328034816,0.0030315631666305576,0.15158701610632835,1.7.7
4,0.01,151,0.7549999999999947,75.49999999999947,0.0199988407482889,0.0029936711583524057,0.14969223446656746,1.7.7
4,0.01,152,0.7599999999999946,75.99999999999946,0.019998850154056964,0.002956252736367111,0.147821135394997,1.7.7
4,0.01,153,0.7649999999999946,76.49999999999946,0.019998859545383836,0.0029193019821372717,0.14597342291006335,1.7.7
4,0.01,154,0.7699999999999946,76.99999999999946,0.019998868922314065,0.0028828130510800366,0.144148804728826,1.7.7
4,0.01,155,0.7749999999999945,77.49999999999945,0.019998878284892083,0.00284678017164303,0.14234699222073852,1.7.7
4,0.01,156,0.7799999999999945,77.99999999999945,0.0199988876331621,0.002811197644392381,0.1405677003620372,1.7.7
4,0.01,157,0.7849999999999945,78.49999999999945,0.01999889696716817,0.002776059841111564,0.13881064769066873,1.7.7
4,0.01,158,0.7899999999999944,78.99999999999943,0.019998906286954186,0.0027413612039119094,0.13707555626180276,1.7.7
4,0.01,159,0.7949999999999944,79.49999999999943,0.019998915592563817,0.0027070962443539555,0.13536215160388662,1.7.7
4,0.01,160,0.7999999999999943,79.99999999999943,0.019998924884040547,0.002673259542579889,0.1336701626752542,1.7.7
5,0.02,0,0.0,0.0,0.03998889668995752,0.03998889668995752,1.0,1.7.7
5,0.02,1,0.0049999999999999645,0.49999999999999645,0.03998891894259179,0.03948927871635107,0.9875055330463421,1.7.7
5,0.02,2,0.009999999999999929,0.9999999999999929,0.03998894114745927,0.038995900906141294,0.9751671283904183,1.7.7
5,0.02,3,0.014999999999999894,1.4999999999999893,0.03998896330473587,0.038508685353926764,0.962982837551235,1.7.7
5,0.02,4,0.019999999999999858,1.9999999999999858,0.03998898541459667,0.03802755512668403,0.9509507363696034,1.7.7
5,0.02,5,0.02499999999999982,2.4999999999999822,0.039989007477215864,0.03755243425161468,0.9390689247041342,1.7.7
5,0.02,6,0.029999999999999787,2.9999999999999787,0.03998902949276689,0.03708324770414542,0.9273355261310591,1.7.7
5,0.02,7,0.034999999999999754,3.499999999999975,0.03998905146142227,0.03661992139607932,0.9157486876478385,1.7.7
5,0.02,8,0.039999999999999716,3.9999999999999716,0.039989073383353765,0.036162382163896264,0.9043065793804955,1.7.7
5,0.02,9,0.04499999999999968,4.499999999999968,0.03998909525873229,0.03571055775720053,0.8930073942946366,1.7.7
5,0.02,10,0.04999999999999964,4.9999999999999645,0.03998911708772795,0.035264376827313704,0.8818493479101044,1.7.7
5,0.02,11,0.05499999999999961,5.499999999999961,0.03998913887051008,0.03482376891601116,0.870830678019223,1.7.7
5,0.02,12,0.059999999999999575,5.999999999999957,0.03998916060724717,0.034388664444399974,0.8599496444085843,1.7.7
5,0.02,13,0.06499999999999954,6.499999999999955,0.03998918229810693,0.03395899470193664,0.8492045285843277,1.7.7
5,0.02,14,0.06999999999999951,6.99999999999995,0.03998920394325625,0.0335346918355828,0.8385936335008756,1.7.7
5,0.02,15,0.07499999999999947,7.499999999999947,0.03998922554286127,0.03311568883909718,0.8281152832930736,1.7.7
5,0.02,16,0.07999999999999943,7.999999999999943,0.039989247097087344,0.03270191954246181,0.8177678230116937,1.7.7
5,0.02,17,0.0849999999999994,8.49999999999994,0.039989268606098985,0.03229331860144117,0.8075496183622607,1.7.7
5,0.02,18,0.08999999999999936,8.999999999999936,0.03998929007006001,0.03188982148727213,0.7974590554471496,1.7.7
5,0.02,19,0.09499999999999932,9.499999999999932,0.0399893114891334,0.0314913644764834,0.787494540510926,1.7.7
5,0.02,20,0.09999999999999928,9.999999999999929,0.03998933286348144,0.03109788464084253,0.7776544996888746,1.7.7
5,0.02,21,0.10499999999999926,10.499999999999925,0.03998935419326559,0.030709319837429097,0.7679373787586873,1.7.7
5,0.02,22,0.10999999999999922,10.999999999999922,0.039989375478646574,0.030325608698832066,0.758341642895255,1.7.7
5,0.02,23,0.11499999999999919,11.499999999999918,0.03998939671978438,0.029946690623470225,0.7488657764285396,1.7.7
5,0.02,24,0.11999999999999915,11.999999999999915,0.03998941791683822,0.029572505766033864,0.7395082826044802,1.7.7
5,0.02,25,0.12499999999999911,12.499999999999911,0.03998943906996656,0.029202995028046082,0.7302676833488903,1.7.7
5,0.02,26,0.1299999999999991,12.99999999999991,0.039989460179327155,0.02883810004854232,0.7211425190343127,1.7.7
5,0.02,27,0.13499999999999904,13.499999999999904,0.03998948124507698,0.02847776319486669,0.7121313482497982,1.7.7
5,0.02,28,0.13999999999999901,13.9999999999999,0.039989502267372315,0.028121927553583455,0.7032327475735629,1.7.7
5,0.02,29,0.14499999999999896,14.499999999999897,0.0399895232463687,0.02777053692150215,0.694445311348489,1.7.7
5,0.02,30,0.14999999999999894,14.999999999999893,0.03998954418222097,0.02742353579681517,0.6857676514604398,1.7.7
5,0.02,31,0.1549999999999989,15.499999999999888,0.0399895650750832,0.027080869370346212,0.6771983971193483,1.7.7
5,0.02,32,0.15999999999999887,15.999999999999886,0.039989585925108755,0.026742483516908153,0.6687361946430412,1.7.7
5,0.02,33,0.16499999999999884,16.499999999999883,0.03998960673245033,0.026408324786768973,0.6603797072437683,1.7.7
5,0.02,34,0.1699999999999988,16.99999999999988,0.03998962749725986,0.026078340397224436,0.6521276148174013,1.7.7
5,0.02,35,0.17499999999999877,17.499999999999876,0.03998964821968863,0.025752478224276194,0.64397861373527,1.7.7
5,0.02,36,0.17999999999999872,17.999999999999872,0.03998966889988716,0.025430686794413827,0.6359314166386005,1.7.7
5,0.02,37,0.1849999999999987,18.49999999999987,0.039989689538005344,0.025112915276499656,0.6279847522355201,1.7.7
5,0.02,38,0.18999999999999864,18.999999999999865,0.039989710134192315,0.024799113473754977,0.6201373651006048,1.7.7
5,0.02,39,0.19499999999999862,19.49999999999986,0.03998973068859657,0.02448923181584642,0.612388015476927,1.7.7
5,0.02,40,0.19999999999999857,19.999999999999858,0.039989751201365886,0.024183221351071156,0.6047354790805789,1.7.7
5,0.02,41,0.20499999999999854,20.499999999999854,0.03998977167264743,0.023881033738639805,0.5971785469076377,1.7.7
5,0.02,42,0.20999999999999852,20.99999999999985,0.039989792102587546,0.023582621241055576,0.5897160250435425,1.7.7
5,0.02,43,0.21499999999999847,21.499999999999847,0.039989812491332086,0.02328793671658894,0.5823467344748533,1.7.7
5,0.02,44,0.21999999999999845,21.999999999999844,0.03998983283902609,0.02299693361184576,0.5750695109033576,1.7.7
5,0.02,45,0.2249999999999984,22.49999999999984,0.03998985314581402,0.02270956595442878,0.5678832045625036,1.7.7
5,0.02,46,0.22999999999999837,22.999999999999837,0.0399898734118396,0.022425788345690277,0.560786680036121,1.7.7
5,0.02,47,0.23499999999999832,23.499999999999833,0.03998989363724599,0.02214555595357544,0.5537788160794056,1.7.7
5,0.02,48,0.2399999999999983,23.99999999999983,0.03998991382217559,0.02186882450555514,0.5468585054421455,1.7.7
5,0.02,49,0.24499999999999827,24.499999999999826,0.03998993396677028,0.02159555028164664,0.5400246546941415,1.7.7
5,0.02,50,0.24999999999999822,24.999999999999822,0.03998995407117113,0.021325690107521684,0.5332761840528202,1.7.7
5,0.02,51,0.2549999999999982,25.49999999999982,0.03998997413551873,0.021059201347700535,0.5266120272129894,1.7.7
5,0.02,52,0.2599999999999982,25.99999999999982,0.03998999415995293,0.020796041898830803,0.5200311311787219,1.7.7
5,0.02,53,0.2649999999999981,26.49999999999981,0.039990014144612895,0.020536170183050338,0.5135324560973378,1.7.7
5,0.02,54,0.2699999999999981,26.999999999999808,0.03999003408963733,0.020279545141432764,0.5071149750954533,1.7.7
5,0.02,55,0.274999999999998,27.4999999999998,0.039990053995164136,0.020026126227514995,0.5007776741170864,1.7.7
5,0.02,56,0.27999999999999803,27.9999999999998,0.03999007386133072,0.019775873400905208,0.4945195517637671,1.7.7
5,0.02,57,0.284999999999998,28.499999999999797,0.03999009368827376,0.019528747120970875,0.48833961913665785,1.7.7
5,0.02,58,0.2899999999999979,28.999999999999794,0.039990113476129394,0.01928470834060527,0.48223689968063127,1.7.7
5,0.02,59,0.29499999999999793,29.499999999999794,0.03999013322503308,0.019043718500071943,0.47621042903030214,1.7.7
5,0.02,60,0.2999999999999979,29.999999999999787,0.039990152935119726,0.01880573952092572,0.47025925485797143,1.7.7
5,0.02,61,0.30499999999999783,30.499999999999783,0.03999017260652357,0.0185707338000098,0.4643824367234756,1.7.7
5,0.02,62,0.3099999999999978,30.999999999999776,0.03999019223937832,0.01833866420352752,0.458579045925902,1.7.7
5,0.02,63,0.3149999999999978,31.49999999999978,0.03999021183381696,0.01810949406118811,0.45284816535715783,1.7.7
5,0.02,64,0.31999999999999773,31.999999999999773,0.03999023138997203,0.017883187160425466,0.447188889357361,1.7.7
5,0.02,65,0.3249999999999977,32.499999999999766,0.039990250907975367,0.017659707740688986,0.44160032357203993,1.7.7
5,0.02,66,0.3299999999999977,32.999999999999766,0.03999027038795821,0.017439020487805657,0.436081584811111,1.7.7
5,0.02,67,0.33499999999999763,33.499999999999766,0.039990289830051304,0.01722109052841231,0.43063180090961134,1.7.7
5,0.02,68,0.3399999999999976,33.99999999999976,0.039990309234384694,0.01700588342445744,0.4252501105901763,1.7.7
5,0.02,69,0.34499999999999753,34.49999999999975,0.039990328601087956,0.016793365167771523,0.4199356633272239,1.7.7
5,0.02,70,0.34999999999999754,34.99999999999975,0.03999034793028997,0.01658350217470493,0.4146876192128365,1.7.7
5,0.02,71,0.3549999999999975,35.49999999999975,0.039990367222119114,0.01637626128083295,0.4095051488243164,1.7.7
5,0.02,72,0.35999999999999743,35.999999999999744,0.03999038647670317,0.01617160973572647,0.40438743309338643,1.7.7
5,0.02,73,0.36499999999999744,36.499999999999744,0.03999040569416934,0.01596951519778817,0.39933366317702923,1.7.7
5,0.02,74,0.3699999999999974,36.99999999999974,0.039990424874644326,0.015769945729152884,0.3943430403299295,1.7.7
5,0.02,75,0.37499999999999734,37.49999999999973,0.039990444018254134,0.01557286979065161,0.38941477577851297,1.7.7
5,0.02,76,0.3799999999999973,37.99999999999973,0.03999046312512433,0.01537825623683837,0.38454809059655165,1.7.7
5,0.02,77,0.3849999999999973,38.49999999999973,0.03999048219537989,0.015186074311078795,0.3797422155823179,1.7.7
5,0.02,78,0.38999999999999724,38.99999999999972,0.03999050122914522,0.014996293640700386,0.3749963911372792,1.7.7
5,0.02,79,0.3949999999999972,39.499999999999716,0.03999052022654413,0.0148088842322027,0.370309867146293,1.7.7
5,0.02,80,0.39999999999999714,39.999999999999716,0.03999053918769999,0.014623816466527668,0.36568190285930324,1.7.7
5,0.02,81,0.40499999999999714,40.499999999999716,0.039990558112735546,0.014441061094388662,0.36111176677451035,1.7.7
5,0.02,82,0.4099999999999971,40.99999999999971,0.03999057700177297,0.014260589231657772,0.35659873652299473,1.7.7
5,0.02,83,0.41499999999999704,41.4999999999997,0.039990595854934,0.014082372354810725,0.3521420987547815,1.7.7
5,0.02,84,0.41999999999999704,41.9999999999997,0.03999061467233976,0.013906382296428405,0.34774114902632414,1.7.7
5,0.02,85,0.424999999999997,42.4999999999997,0.03999063345411084,0.01373259124075455,0.3433951916893907,1.7.7
5,0.02,86,0.42999999999999694,42.999999999999694,0.039990652200367335,0.013560971719308725,0.33910353978133323,1.7.7
5,0.02,87,0.4349999999999969,43.49999999999969,0.03999067091122878,0.013391496606554204,0.33486551491673205,1.7.7
5,0.02,88,0.4399999999999969,43.99999999999969,0.0399906895868142,0.01322413911561953,0.33068044718038114,1.7.7
5,0.02,89,0.44499999999999684,44.49999999999969,0.0399907082272421,0.013058872794073596,0.3265476750216129,1.7.7
5,0.02,90,0.4499999999999968,44.99999999999968,0.03999072683263045,0.012895671519753387,0.3224665451499411,1.7.7
5,0.02,91,0.4549999999999968,45.49999999999968,0.0399907454030967,0.012734509496643644,0.3184364124320009,1.7.7
5,0.02,92,0.45999999999999674,45.99999999999967,0.039990763938757834,0.012575361250807906,0.3144566397897752,1.7.7
5,0.02,93,0.4649999999999967,46.499999999999666,0.039990782439730255,0.012418201626370341,0.3105265981000922,1.7.7
5,0.02,94,0.46999999999999664,46.999999999999666,0.03999080090612987,0.01226300578154759,0.3066456660953717,1.7.7
5,0.02,95,0.47499999999999665,47.499999999999666,0.03999081933807213,0.012109749184729984,0.30281323026560847,1.7.7
5,0.02,96,0.4799999999999966,47.99999999999966,0.039990837735671934,0.01195840761061185,0.29902868476158273,1.7.7
5,0.02,97,0.48499999999999654,48.49999999999965,0.03999085609904371,0.011808957136369853,0.2952914312992724,1.7.7
5,0.02,98,0.48999999999999655,48.99999999999965,0.039990874428301335,0.01166137413788888,0.2916008790654546,1.7.7
5,0.02,99,0.4949999999999965,49.49999999999965,0.039990892723558255,0.011515635286035383,0.287956444624494,1.7.7
5,0.02,100,0.49999999999999645,49.999999999999645,0.039990910984927436,0.011371717542976605,0.28435755182627875,1.7.7
5,0.02,101,0.5049999999999965,50.499999999999645,0.03999092921252123,0.011229598158546236,0.2808036317153198,1.7.7
5,0.02,102,0.5099999999999963,50.99999999999964,0.039990947406451614,0.011089254666654828,0.2772941224409661,1.7.7
5,0.02,103,0.5149999999999963,51.49999999999964,0.03999096556683006,0.010950664881745545,0.2738284691687569,1.7.7
5,0.02,104,0.5199999999999964,51.99999999999964,0.03999098369376755,0.010813806895293473,0.27040612399286307,1.7.7
5,0.02,105,0.5249999999999962,52.49999999999962,0.03999100178737455,0.010678659072349092,0.26702654584963215,1.7.7
5,0.02,106,0.5299999999999963,52.99999999999962,0.0399910198477611,0.010545200048124544,0.26368920043220445,1.7.7
5,0.02,107,0.5349999999999963,53.49999999999962,0.03999103787503677,0.010413408724622427,0.26039356010619297,1.7.7
5,0.02,108,0.5399999999999961,53.999999999999616,0.03999105586931058,0.01028326426730682,0.2571391038264201,1.7.7
5,0.02,109,0.5449999999999962,54.499999999999616,0.0399910738306912,0.01015474610181572,0.2539253170546885,1.7.7
5,0.02,110,0.549999999999996,54.9999999999996,0.0399910917592867,0.01002783391071424,0.2507516916785745,1.7.7
5,0.02,111,0.554999999999996,55.4999999999996,0.039991109655204776,0.009902507630288649,0.24761772593123968,1.7.7
5,0.02,112,0.5599999999999961,55.9999999999996,0.03999112751855265,0.009778747447380179,0.2445229243122398,1.7.7
5,0.02,113,0.564999999999996,56.499999999999595,0.03999114534943701,0.009656533796258158,0.24146679750931668,1.7.7
5,0.02,114,0.569999999999996,56.999999999999595,0.039991163147964186,0.009535847355532518,0.23844886232117396,1.7.7
5,0.02,115,0.574999999999996,57.499999999999595,0.03999118091424001,0.00941666904510436,0.2354686415812063,1.7.7
5,0.02,116,0.5799999999999959,57.99999999999959,0.03999119864836982,0.00929898002315483,0.23252566408218647,1.7.7
5,0.02,117,0.5849999999999959,58.49999999999959,0.0399912163504586,0.009182761683171378,0.22961946450188614,1.7.7
5,0.02,118,0.5899999999999959,58.99999999999959,0.03999123402061079,0.00906799565101125,0.22674958332963074,1.7.7
5,0.02,119,0.5949999999999958,59.499999999999574,0.03999125165893041,0.008954663782001363,0.22391556679376165,1.7.7
5,0.02,120,0.5999999999999958,59.999999999999574,0.03999126926552107,0.008842748158074494,0.22111696679000808,1.7.7
5,0.02,121,0.6049999999999958,60.499999999999574,0.03999128684048591,0.008732231084941165,0.21835334081075208,1.7.7
5,0.02,122,0.6099999999999957,60.99999999999957,0.03999130438392763,0.008623095089296755,0.21562425187517384,1.7.7
5,0.02,123,0.6149999999999957,61.49999999999957,0.03999132189594851,0.008515322916063401,0.21292926846026766,1.7.7
5,0.02,124,0.6199999999999956,61.99999999999955,0.03999133937665037,0.008408897525666353,0.21026796443271994,1.7.7
5,0.02,125,0.6249999999999956,62.49999999999956,0.03999135682613464,0.008303802091344237,0.2076399189816346,1.7.7
5,0.02,126,0.6299999999999956,62.99999999999956,0.039991374244502234,0.008200019996492893,0.2050447165520995,1.7.7
5,0.02,127,0.6349999999999955,63.499999999999545,0.039991391631853765,0.00809753483204232,0.20248194677957915,1.7.7
5,0.02,128,0.6399999999999955,63.999999999999545,0.03999140898828932,0.007996330393866208,0.19995120442512473,1.7.7
5,0.02,129,0.6449999999999955,64.49999999999955,0.03999142631390856,0.007896390680224083,0.19745208931139843,1.7.7
5,0.02,130,0.6499999999999954,64.99999999999953,0.03999144360881081,0.00779769988923495,0.1949842062594855,1.7.7
5,0.02,131,0.6549999999999954,65.49999999999953,0.03999146087309488,0.007700242416382729,0.1925471650265028,1.7.7
5,0.02,132,0.6599999999999954,65.99999999999953,0.03999147810685923,0.00760400285205272,0.19014058024398212,1.7.7
5,0.02,133,0.6649999999999953,66.49999999999953,0.03999149531020187,0.007508965979098656,0.1877640713570195,1.7.7
5,0.02,134,0.6699999999999953,66.99999999999953,0.0399915124832204,0.007415116770440324,0.1854172625641891,1.7.7
5,0.02,135,0.6749999999999952,67.49999999999952,0.03999152962601204,0.007322440386690928,0.1830997827582001,1.7.7
5,0.02,136,0.6799999999999952,67.99999999999952,0.039991546738673556,0.007230922173814183,0.1808112654672986,1.7.7
5,0.02,137,0.6849999999999952,68.49999999999952,0.03999156382130134,0.007140547660810643,0.17855134879739962,1.7.7
5,0.02,138,0.6899999999999951,68.9999999999995,0.039991580873991406,0.00705130255743265,0.17631967537493565,1.7.7
5,0.02,139,0.6949999999999951,69.4999999999995,0.039991597896839245,0.0069631727519280946,0.17411589229042615,1.7.7
5,0.02,140,0.6999999999999951,69.9999999999995,0.03999161488994008,0.00687614430881215,0.1719396510427452,1.7.7
5,0.02,141,0.704999999999995,70.4999999999995,0.03999163185338867,0.00679020346666671,0.1697906074840841,1.7.7
5,0.02,142,0.709999999999995,70.9999999999995,0.03999164878727943,0.0067053366359675,0.16766842176560467,1.7.7
5,0.02,143,0.714999999999995,71.4999999999995,0.039991665691706285,0.006621530396938075,0.1655727582837663,1.7.7
5,0.02,144,0.7199999999999949,71.99999999999949,0.03999168256676288,0.006538771497430719,0.16350328562732433,1.7.7
5,0.02,145,0.7249999999999949,72.49999999999949,0.0399916994125424,0.006457046850833755,0.16145967652499066,1.7.7
5,0.02,146,0.7299999999999949,72.99999999999949,0.03999171622913768,0.006376343534004773,0.15944160779374142,1.7.7
5,0.02,147,0.7349999999999948,73.49999999999947,0.03999173301664109,0.0062966487852300045,0.1574487602877796,1.7.7
5,0.02,148,0.7399999999999948,73.99999999999947,0.03999174977514472,0.00621795000220878,0.155480818848124,1.7.7
5,0.02,149,0.7449999999999947,74.49999999999946,0.039991766504740206,0.0061402347400633436,0.15353747225283346,1.7.7
5,0.02,150,0.7499999999999947,74.99999999999946,0.039991783205518855,0.0060634907093733365,0.15161841316784735,1.7.7
5,0.02,151,0.7549999999999947,75.49999999999947,0.039991799877571545,0.00598770577423513,0.14972333809844837,1.7.7
5,0.02,152,0.7599999999999946,75.99999999999946,0.03999181652098882,0.005912867950344855,0.14785194734131712,1.7.7
5,0.02,153,0.7649999999999946,76.49999999999946,0.03999183313586083,0.005838965403105726,0.14600394493719526,1.7.7
5,0.02,154,0.7699999999999946,76.99999999999946,0.03999184972227732,0.005765986445758909,0.1441790386241371,1.7.7
5,0.02,155,0.7749999999999945,77.49999999999945,0.03999186628032775,0.005693919537537567,0.14237693979134056,1.7.7
5,0.02,156,0.7799999999999945,77.99999999999945,0.0399918828101011,0.005622753281844138,0.14059736343356033,1.7.7
5,0.02,157,0.7849999999999945,78.49999999999945,0.03999189931168606,0.005552476424450141,0.13884002810608315,1.7.7
5,0.02,158,0.7899999999999944,78.99999999999943,0.03999191578517096,0.005483077851718617,0.13710465588027038,1.7.7
5,0.02,159,0.7949999999999944,79.49999999999943,0.03999193223064372,0.005414546588848594,0.13539097229965075,1.7.7
5,0.02,160,0.7999999999999943,79.99999999999943,0.039991948648191916,0.00534687179814155,0.13369870633656378,1.7.7
6,0.04,0,0.0,0.0,0.07995559908475901,0.07995559908475901,1.0,1.7.7
6,0.04,1,0.0049999999999999645,0.49999999999999645,0.07995564142429165,0.07895686095794952,0.9875083177553161,1.7.7
6,0.04,2,0.009999999999999929,0.9999999999999929,0.07995568365689294,0.07797059555249145,0.9751726454754619,1.7.7
6,0.04,3,0.014999999999999894,1.4999999999999893,0.07995572578296628,0.07699664704138587,0.9629910339428023,1.7.7
6,0.04,4,0.019999999999999858,1.9999999999999858,0.07995576780291315,0.07603486155072697,0.9509615583724865,1.7.7
6,0.04,5,0.02499999999999982,2.4999999999999822,0.07995580971713302,0.07508508713489127,0.9390823181020448,1.7.7
6,0.04,6,0.029999999999999787,2.9999999999999787,0.0799558515260235,0.0741471737520565,0.9273514362851051,1.7.7
6,0.04,7,0.034999999999999754,3.499999999999975,0.07995589322998023,0.07322097324004555,0.9157670595891816,1.7.7
6,0.04,8,0.039999999999999716,3.9999999999999716,0.07995593482939693,0.0723063392924903,0.9043273578974633,1.7.7
6,0.04,9,0.04499999999999968,4.499999999999968,0.0799559763246655,0.07140312743531055,0.8930305240145445,1.7.7
6,0.04,10,0.04999999999999964,4.9999999999999645,0.0799560177161759,0.07051119500350354,0.8818747733760435,1.7.7
6,0.04,11,0.05499999999999961,5.499999999999961,0.07995605900431618,0.06963040111823943,0.8708583437620486,1.7.7
6,0.04,12,0.059999999999999575,5.999999999999957,0.0799561001894726,0.06876060666425793,0.8599794950143312,1.7.7
6,0.04,13,0.06499999999999954,6.499999999999955,0.07995614127202957,0.06790167426756223,0.8492365087572796,1.7.7
6,0.04,14,0.06999999999999951,6.99999999999995,0.07995618225236958,0.067053468273405,0.8386276881224879,1.7.7
6,0.04,15,0.07499999999999947,7.499999999999947,0.07995622313087333,0.06621585472456332,0.8281513574769582,1.7.7
6,0.04,16,0.07999999999999943,7.999999999999943,0.07995626390791974,0.06538870133989727,0.8178058621548532,1.7.7
6,0.04,17,0.0849999999999994,8.49999999999994,0.07995630458388586,0.06457187749318889,0.8075895681927564,1.7.7
6,0.04,18,0.08999999999999936,8.999999999999936,0.07995634515914696,0.06376525419225688,0.797500862068383,1.7.7
6,0.04,19,0.09499999999999932,9.499999999999932,0.07995638563407653,0.06296870405834339,0.7875381504426936,1.7.7
6,0.04,20,0.09999999999999928,9.999999999999929,0.07995642600904629,0.06218210130576898,0.777699859905365,1.7.7
6,0.04,21,0.10499999999999926,10.499999999999925,0.07995646628442615,0.061405321721851994,0.7679844367235682,1.7.7
6,0.04,22,0.10999999999999922,10.999999999999922,0.07995650646058435,0.06063824264708811,0.7583903465940018,1.7.7
6,0.04,23,0.11499999999999919,11.499999999999918,0.07995654653788725,0.05988074295558715,0.7489160743981454,1.7.7
6,0.04,24,0.11999999999999915,11.999999999999915,0.07995658651669957,0.05913270303576294,0.7395601239606772,1.7.7
6,0.04,25,0.12499999999999911,12.499999999999911,0.07995662639738427,0.058394004771272726,0.7303210178110148,1.7.7
6,0.04,26,0.1299999999999991,12.99999999999991,0.0799566661803026,0.057664531522202925,0.721197296947939,1.7.7
6,0.04,27,0.13499999999999904,13.499999999999904,0.0799567058658141,0.05694416810649745,0.7121875206072518,1.7.7
6,0.04,28,0.13999999999999901,13.9999999999999,0.07995674545427664,0.056232800781625486,0.7032902660324297,1.7.7
6,0.04,29,0.14499999999999896,14.499999999999897,0.07995678494604629,0.05553031722648516,0.694504128248231,1.7.7
6,0.04,30,0.14999999999999894,14.999999999999893,0.07995682434147756,0.05483660652353995,0.6858277198372108,1.7.7
6,0.04,31,0.1549999999999989,15.499999999999888,0.07995686364092328,0.05415155914118465,0.6772596707191122,1.7.7
6,0.04,32,0.15999999999999887,15.999999999999886,0.07995690284473453,0.05347506691633759,0.668798627933087,1.7.7
6,0.04,33,0.16499999999999884,16.499999999999883,0.07995694195326086,0.05280702303725626,0.66044325542271,1.7.7
6,0.04,34,0.1699999999999988,16.99999999999988,0.07995698096685006,0.05214732202657288,0.6521922338237485,1.7.7
6,0.04,35,0.17499999999999877,17.499999999999876,0.0799570198858484,0.05149585972454725,0.6440442602546459,1.7.7
6,0.04,36,0.17999999999999872,17.999999999999872,0.07995705871060041,0.050852533272533744,0.63599804810969,1.7.7
6,0.04,37,0.1849999999999987,18.49999999999987,0.0799570974414491,0.050217241096659704,0.6280523268548203,1.7.7
6,0.04,38,0.18999999999999864,18.999999999999865,0.07995713607873584,0.04958988289171212,0.6202058418260467,1.7.7
6,0.04,39,0.19499999999999862,19.49999999999986,0.07995717462280041,0.04897035960522982,0.6124573540304354,1.7.7
6,0.04,40,0.19999999999999857,19.999999999999858,0.07995721307398099,0.048358573421798695,0.6048056399496388,1.7.7
6,0.04,41,0.20499999999999854,20.499999999999854,0.0799572514326142,0.047754427747546915,0.5972494913459231,1.7.7
6,0.04,42,0.20999999999999852,20.99999999999985,0.07995728969903508,0.04715782719483729,0.5897877150706672,1.7.7
6,0.04,43,0.21499999999999847,21.499999999999847,0.0799573278735771,0.04656867756715484,0.5824191328753001,1.7.7
6,0.04,44,0.21999999999999845,21.999999999999844,0.07995736595657219,0.045986885844186004,0.575142581224639,1.7.7
6,0.04,45,0.2249999999999984,22.49999999999984,0.07995740394835076,0.045412360167087676,0.5679569111125997,1.7.7
6,0.04,46,0.22999999999999837,22.999999999999837,0.07995744184924164,0.044845009823943335,0.5608609878802503,1.7.7
6,0.04,47,0.23499999999999832,23.499999999999833,0.07995747965957216,0.044284745235403405,0.5538536910361685,1.7.7
6,0.04,48,0.2399999999999983,23.99999999999983,0.07995751737966816,0.04373147794050806,0.5469339140790811,1.7.7
6,0.04,49,0.24499999999999827,24.499999999999826,0.07995755500985391,0.043185120582689335,0.5401005643227489,1.7.7
6,0.04,50,0.24999999999999822,24.999999999999822,0.07995759255045223,0.04264558689595092,0.5333525627230721,1.7.7
6,0.04,51,0.2549999999999982,25.49999999999982,0.07995763000178446,0.04211279169122258,0.5266888437073826,1.7.7
6,0.04,52,0.2599999999999982,25.99999999999982,0.07995766736417037,0.04158665084288744,0.5201083550058982,1.7.7
6,0.04,53,0.2649999999999981,26.49999999999981,0.07995770463792837,0.04106708127547942,0.513610057485305,1.7.7
6,0.04,54,0.2699999999999981,26.999999999999808,0.0799577418233753,0.04055400095054901,0.5071929249844475,1.7.7
6,0.04,55,0.274999999999998,27.4999999999998,0.07995777892082663,0.040047328853694844,0.5008559441520918,1.7.7
6,0.04,56,0.27999999999999803,27.9999999999998,0.07995781593059632,0.03954698498175907,0.4945981142867384,1.7.7
6,0.04,57,0.284999999999998,28.499999999999797,0.07995785285299692,0.039052890330184276,0.4884184471784565,1.7.7
6,0.04,58,0.2899999999999979,28.999999999999794,0.0799578896883395,0.038564966880529954,0.4823159669527146,1.7.7
6,0.04,59,0.29499999999999793,29.499999999999794,0.07995792643693378,0.038083137588146326,0.47628970991617847,1.7.7
6,0.04,60,0.2999999999999979,29.999999999999787,0.07995796309908798,0.037607326370003635,0.4703387244044564,1.7.7
6,0.04,61,0.30499999999999783,30.499999999999783,0.07995799967510897,0.0371374580926746,0.4644620706317587,1.7.7
6,0.04,62,0.3099999999999978,30.999999999999776,0.0799580361653022,0.03667345856046842,0.45865882054245444,1.7.7
6,0.04,63,0.3149999999999978,31.49999999999978,0.0799580725699717,0.03621525450371396,0.4529280576644943,1.7.7
6,0.04,64,0.31999999999999773,31.999999999999773,0.07995810888942012,0.03576277356719054,0.4472688769646801,1.7.7
6,0.04,65,0.3249999999999977,32.499999999999766,0.07995814512394878,0.035315944298704244,0.4416803847057545,1.7.7
6,0.04,66,0.3299999999999977,32.999999999999766,0.07995818127385755,0.034874696137807706,0.436161698305287,1.7.7
6,0.04,67,0.33499999999999763,33.499999999999766,0.07995821733944503,0.03443895940466201,0.4307119461963363,1.7.7
6,0.04,68,0.3399999999999976,33.99999999999976,0.07995825332100834,0.03400866528903829,0.42533026768986215,1.7.7
6,0.04,69,0.34499999999999753,34.49999999999975,0.07995828921884335,0.03358374583945753,0.4200158128388648,1.7.7
6,0.04,70,0.34999999999999754,34.99999999999975,0.07995832503324456,0.03316413395246703,0.41476774230423485,1.7.7
6,0.04,71,0.3549999999999975,35.49999999999975,0.07995836076450515,0.03274976336205111,0.4095852272222829,1.7.7
6,0.04,72,0.35999999999999743,35.999999999999744,0.07995839641291691,0.03234056862917499,0.40446744907393517,1.7.7
6,0.04,73,0.36499999999999744,36.499999999999744,0.0799584319787704,0.03193648513145983,0.3994135995555694,1.7.7
6,0.04,74,0.3699999999999974,36.99999999999974,0.0799584674623548,0.03153744905298721,0.39442288045147106,1.7.7
6,0.04,75,0.37499999999999734,37.49999999999973,0.07995850286395798,0.031143397374231545,0.3894945035078904,1.7.7
6,0.04,76,0.3799999999999973,37.99999999999973,0.07995853818386656,0.03075426786211877,0.3846276903086773,1.7.7
6,0.04,77,0.3849999999999973,38.49999999999973,0.07995857342236586,0.030369999060209433,0.37982167215247487,1.7.7
6,0.04,78,0.38999999999999724,38.99999999999972,0.07995860857973988,0.029990530279005112,0.37507568993145524,1.7.7
6,0.04,79,0.3949999999999972,39.499999999999716,0.07995864365627137,0.029615801586376014,0.37038899401157077,1.7.7
6,0.04,80,0.39999999999999714,39.999999999999716,0.0799586786522418,0.029245753798108676,0.3657608441143082,1.7.7
6,0.04,81,0.40499999999999714,40.499999999999716,0.07995871356793137,0.02888032846857193,0.3611905091999231,1.7.7
6,0.04,82,0.4099999999999971,40.99999999999971,0.07995874840361905,0.02851946788149974,0.3566772673521351,1.7.7
6,0.04,83,0.41499999999999704,41.4999999999997,0.07995878315958252,0.028163115040889537,0.35222040566426976,1.7.7
6,0.04,84,0.41999999999999704,41.9999999999997,0.07995881783609826,0.02781121366201427,0.34781922012682137,1.7.7
6,0.04,85,0.424999999999997,42.4999999999997,0.07995885243344147,0.027463708162547142,0.343473015516427,1.7.7
6,0.04,86,0.42999999999999694,42.999999999999694,0.07995888695188616,0.027120543653797284,0.3391811052862278,1.7.7
6,0.04,87,0.4349999999999969,43.49999999999969,0.0799589213917051,0.02678166593205504,0.33494281145760124,1.7.7
6,0.04,88,0.4399999999999969,43.99999999999969,0.07995895575316979,0.026447021470045518,0.33075746451324917,1.7.7
6,0.04,89,0.44499999999999684,44.49999999999969,0.07995899003655063,0.026116557408489064,0.32662440329162157,1.7.7
6,0.04,90,0.4499999999999968,44.99999999999968,0.07995902424211676,0.025790221547767243,0.3225429748826622,1.7.7
6,0.04,91,0.4549999999999968,45.49999999999968,0.07995905837013609,0.025467962339692896,0.31851253452485534,1.7.7
6,0.04,92,0.45999999999999674,45.99999999999967,0.07995909242087539,0.025149728879383278,0.3145324455035622,1.7.7
6,0.04,93,0.4649999999999967,46.499999999999666,0.0799591263946002,0.02483547089723444,0.3106020790506239,1.7.7
6,0.04,94,0.46999999999999664,46.999999999999666,0.07995916029157493,0.024525138750996392,0.30672081424522585,1.7.7
6,0.04,95,0.47499999999999665,47.499999999999666,0.07995919411206281,0.02421868341794669,0.30288803791599256,1.7.7
6,0.04,96,0.4799999999999966,47.99999999999966,0.07995922785632585,0.02391605648716228,0.2991031445443129,1.7.7
6,0.04,97,0.48499999999999654,48.49999999999965,0.07995926152462499,0.02361721015188762,0.2953655361688683,1.7.7
6,0.04,98,0.48999999999999655,48.99999999999965,0.07995929511721994,0.023322097201998224,0.2916746222913564,1.7.7
6,0.04,99,0.4949999999999965,49.49999999999965,0.07995932863436928,0.02303067101655825,0.28802981978339015,1.7.7
6,0.04,100,0.49999999999999645,49.999999999999645,0.07995936207633052,0.022742885556471137,0.2844305527945609,1.7.7
6,0.04,101,0.5049999999999965,50.499999999999645,0.07995939544335992,0.02245869535722191,0.2808762526616495,1.7.7
6,0.04,102,0.5099999999999963,50.99999999999964,0.07995942873571271,0.022178055521710066,0.2773663578189693,1.7.7
6,0.04,103,0.5149999999999963,51.49999999999964,0.07995946195364292,0.02190092171317201,0.27390031370983,1.7.7
6,0.04,104,0.5199999999999964,51.99999999999964,0.07995949509740355,0.021627250148191952,0.27047757269910816,1.7.7
6,0.04,105,0.5249999999999962,52.49999999999962,0.07995952816724639,0.021356997589799642,0.2670975939869047,1.7.7
6,0.04,106,0.5299999999999963,52.99999999999962,0.0799595611634222,0.021090121340654716,0.26375984352328424,1.7.7
6,0.04,107,0.5349999999999963,53.49999999999962,0.07995959408618061,0.02082657923631576,0.2604637939240766,1.7.7
6,0.04,108,0.5399999999999961,53.999999999999616,0.07995962693577019,0.02056632963859356,0.25720892438772935,1.7.7
6,0.04,109,0.5449999999999962,54.499999999999616,0.07995965971243837,0.02030933142898716,0.2539947206131979,1.7.7
6,0.04,110,0.549999999999996,54.9999999999996,0.07995969241643153,0.02005554400220188,0.2508206747188601,1.7.7
6,0.04,111,0.554999999999996,55.4999999999996,0.07995972504799496,0.019804927259748178,0.2476862851624425,1.7.7
6,0.04,112,0.5599999999999961,55.9999999999996,0.07995975760737292,0.019557441603620454,0.24459105666194644,1.7.7
6,0.04,113,0.564999999999996,56.499999999999595,0.07995979009480855,0.019313047930054533,0.24153450011755906,1.7.7
6,0.04,114,0.569999999999996,56.999999999999595,0.07995982251054398,0.01907170762336312,0.23851613253453893,1.7.7
6,0.04,115,0.574999999999996,57.499999999999595,0.07995985485482027,0.018833382549848145,0.23553547694706453,1.7.7
6,0.04,116,0.5799999999999959,57.99999999999959,0.07995988712787738,0.018598035051789086,0.23259206234303234,1.7.7
6,0.04,117,0.5849999999999959,58.49999999999959,0.07995991932995433,0.018365627941506115,0.22968542358979147,1.7.7
6,0.04,118,0.5899999999999959,58.99999999999959,0.07995995146128901,0.018136124495497397,0.22681510136080604,1.7.7
6,0.04,119,0.5949999999999958,59.499999999999574,0.07995998352211835,0.017909488448649424,0.22398064206323082,1.7.7
6,0.04,120,0.5999999999999958,59.999999999999574,0.0799600155126782,0.017685683988519718,0.2211815977663928,1.7.7
6,0.04,121,0.6049999999999958,60.499999999999574,0.07996004743320342,0.01746467574969057,0.21841752613116083,1.7.7
6,0.04,122,0.6099999999999957,60.99999999999957,0.07996007928392784,0.01724642880819336,0.2156879903401988,1.7.7
6,0.04,123,0.6149999999999957,61.49999999999957,0.0799601110650843,0.01703090867600233,0.21299255902908715,1.7.7
6,0.04,124,0.6199999999999956,61.99999999999955,0.07996014277690461,0.016818081295597073,0.21033080621830438,1.7.7
6,0.04,125,0.6249999999999956,62.49999999999956,0.07996017441961961,0.016607913034592737,0.20770231124605573,1.7.7
6,0.04,126,0.6299999999999956,62.99999999999956,0.0799602059934591,0.016400370680437138,0.2051066587019388,1.7.7
6,0.04,127,0.6349999999999955,63.499999999999545,0.07996023749865194,0.01619542143517417,0.2025434383614382,1.7.7
6,0.04,128,0.6399999999999955,63.999999999999545,0.079960268935426,0.015993032910272282,0.2000122451212348,1.7.7
6,0.04,129,0.6449999999999955,64.49999999999955,0.07996030030400812,0.0157931731215176,0.1975126789353234,1.7.7
6,0.04,130,0.6499999999999954,64.99999999999953,0.07996033160462426,0.015595810483970553,0.19504434475192467,1.7.7
6,0.04,131,0.6549999999999954,65.49999999999953,0.07996036283749933,0.015400913806985477,0.19260685245118536,1.7.7
6,0.04,132,0.6599999999999954,65.99999999999953,0.07996039400285729,0.015208452289292317,0.19019981678365494,1.7.7
6,0.04,133,0.6649999999999953,66.49999999999953,0.07996042510092116,0.015018395514139572,0.1878228573095287,1.7.7
6,0.04,134,0.6699999999999953,66.99999999999953,0.079960456131913,0.014830713444497682,0.1854755983386468,1.7.7
6,0.04,135,0.6749999999999952,67.49999999999952,0.07996048709605395,0.014645376418322562,0.18315766887124568,1.7.7
6,0.04,136,0.6799999999999952,67.99999999999952,0.07996051799356417,0.014462355143877708,0.18086870253944262,1.7.7
6,0.04,137,0.6849999999999952,68.49999999999952,0.07996054882466286,0.014281620695115023,0.17860833754945452,1.7.7
6,0.04,138,0.6899999999999951,68.9999999999995,0.07996057958956837,0.014103144507112874,0.1763762166245324,1.7.7
6,0.04,139,0.6949999999999951,69.4999999999995,0.07996061028849805,0.013926898371571326,0.1741719869486119,1.7.7
6,0.04,140,0.6999999999999951,69.9999999999995,0.07996064092166835,0.01375285443236327,0.17199530011066252,1.7.7
6,0.04,141,0.704999999999995,70.4999999999995,0.07996067148929477,0.013580985181141165,0.1698458120497325,1.7.7
6,0.04,142,0.709999999999995,70.9999999999995,0.07996070199159191,0.013411263452998416,0.1677231830006776,1.7.7
6,0.04,143,0.714999999999995,71.4999999999995,0.07996073242877355,0.013243662422184981,0.1656270774405676,1.7.7
6,0.04,144,0.7199999999999949,71.99999999999949,0.07996076280105241,0.01307815559787616,0.16355716403575918,1.7.7
6,0.04,145,0.7249999999999949,72.49999999999949,0.07996079310864043,0.01291471681999444,0.16151311558963136,1.7.7
6,0.04,146,0.7299999999999949,72.99999999999949,0.07996082335174858,0.012753320255082978,0.15949460899096768,1.7.7
6,0.04,147,0.7349999999999948,73.49999999999947,0.07996085353058698,0.012593940392231006,0.15750132516298762,1.7.7
6,0.04,148,0.7399999999999948,73.99999999999947,0.07996088364536484,0.012436552039049602,0.1555329490130081,1.7.7
6,0.04,149,0.7449999999999947,74.49999999999946,0.07996091369629052,0.012281130317697952,0.15358916938273667,1.7.7
6,0.04,150,0.7499999999999947,74.99999999999946,0.07996094368357148,0.012127650660958809,0.15166967899918016,1.7.7
6,0.04,151,0.7549999999999947,75.49999999999947,0.07996097360741428,0.011976088808363245,0.14977417442617005,1.7.7
6,0.04,152,0.7599999999999946,75.99999999999946,0.07996100346802468,0.011826420802363301,0.14790235601648655,1.7.7
6,0.04,153,0.7649999999999946,76.49999999999946,0.0799610332656075,0.011678622984552679,0.1460539278645845,1.7.7
6,0.04,154,0.7699999999999946,76.99999999999946,0.07996106300036675,0.011532671991934421,0.1442285977599063,1.7.7
6,0.04,155,0.7749999999999945,77.49999999999945,0.07996109267250556,0.011388544753234968,0.1424260771407754,1.7.7
6,0.04,156,0.7799999999999945,77.99999999999945,0.07996112228222624,0.011246218485264399,0.14064608104886753,1.7.7
6,0.04,157,0.7849999999999945,78.49999999999945,0.07996115182973021,0.011105670689321836,0.13888832808424673,1.7.7
6,0.04,158,0.7899999999999944,78.99999999999943,0.07996118131521807,0.010966879147645887,0.13715254036096503,1.7.7
6,0.04,159,0.7949999999999944,79.49999999999943,0.0799612107388896,0.010829821919909003,0.13543844346321104,1.7.7
6,0.04,160,0.7999999999999943,79.99999999999943,0.07996124010094369,0.01069447733975586,0.13374576640201014,1.7.7
7,0.06,0,0.0,0.0,0.11990012565640995,0.11990012565640995,1.0,1.7.7
7,0.06,1,0.0049999999999999645,0.49999999999999645,0.11990019921626005,0.11840244997260858,0.9875083673468297,1.7.7
7,0.06,2,0.009999999999999929,0.9999999999999929,0.11990027257471478,0.11692348778590511,0.9751728271763961,1.7.7
7,0.06,3,0.014999999999999894,1.4999999999999893,0.11990034573254174,0.11546300469354495,0.9629914241540635,1.7.7
7,0.06,4,0.019999999999999858,1.9999999999999858,0.1199004186905048,0.11402076925919308,0.9509622276925598,1.7.7
7,0.06,5,0.02499999999999982,2.4999999999999822,0.11990049144936413,0.11259655297405238,0.9390833316275746,1.7.7
7,0.06,6,0.029999999999999787,2.9999999999999787,0.11990056400987616,0.1111901302185462,0.9273528538980643,1.7.7
7,0.06,7,0.034999999999999754,3.499999999999975,0.11990063637279366,0.10980127822455435,0.9157689362311764,1.7.7
7,0.06,8,0.039999999999999716,3.9999999999999716,0.11990070853886581,0.1084297770381935,0.9043297438317138,1.7.7
7,0.06,9,0.04499999999999968,4.499999999999968,0.1199007805088381,0.10707540948313095,0.8930334650760529,1.7.7
7,0.06,10,0.04999999999999964,4.9999999999999645,0.11990085228345243,0.10573796112442357,0.8818783112104409,1.7.7
7,0.06,11,0.05499999999999961,5.499999999999961,0.11990092386344715,0.10441722023287187,0.8708625160535929,1.7.7
7,0.06,12,0.059999999999999575,5.999999999999957,0.11990099524955702,0.10311297774988032,0.8599843357035126,1.7.7
7,0.06,13,0.06499999999999954,6.499999999999955,0.11990106644251325,0.10182502725281509,0.8492420482484637,1.7.7
7,0.06,14,0.06999999999999951,6.99999999999995,0.11990113744304355,0.10055316492085103,0.8386339534820231,1.7.7
7,0.06,15,0.07499999999999947,7.499999999999947,0.11990120825187209,0.09929718950129857,0.828158372622139,1.7.7
7,0.06,16,0.07999999999999943,7.999999999999943,0.1199012788697196,0.09805690227640335,0.8178136480341335,1.7.7
7,0.06,17,0.0849999999999994,8.49999999999994,0.11990134929730337,0.09683210703060965,0.8075981429575743,1.7.7
7,0.06,18,0.08999999999999936,8.999999999999936,0.1199014195353372,0.09562261001828057,0.7975102412369588,1.7.7
7,0.06,19,0.09499999999999932,9.499999999999932,0.11990148958453145,0.09442821993186667,0.7875483470561395,1.7.7
7,0.06,20,0.09999999999999928,9.999999999999929,0.11990155944559315,0.09324874787051604,0.7777108846764319,1.7.7
7,0.06,21,0.10499999999999926,10.499999999999925,0.11990162911922592,0.09208400730911792,0.7679962981783414,1.7.7
7,0.06,22,0.10999999999999922,10.999999999999922,0.11990169860612998,0.09093381406777376,0.7584030512068556,1.7.7
7,0.06,23,0.11499999999999919,11.499999999999918,0.11990176790700224,0.08979798628168721,0.7489296267202331,1.7.7
7,0.06,24,0.11999999999999915,11.999999999999915,0.11990183702253632,0.08867634437146775,0.7395745267422422,1.7.7
7,0.06,25,0.12499999999999911,12.499999999999911,0.11990190595342248,0.08756871101384013,0.7303362721177875,1.7.7
7,0.06,26,0.1299999999999991,12.99999999999991,0.11990197470034772,0.08647491111275357,0.7212134022718709,1.7.7
7,0.06,27,0.13499999999999904,13.499999999999904,0.11990204326399577,0.08539477177088434,0.7122044749718349,1.7.7
7,0.06,28,0.13999999999999901,13.9999999999999,0.11990211164504712,0.08432812226152533,0.7033080660928355,1.7.7
7,0.06,29,0.14499999999999896,14.499999999999897,0.11990217984417899,0.0832747940008563,0.694522769386491,1.7.7
7,0.06,30,0.14999999999999894,14.999999999999893,0.11990224786206546,0.08223462052058925,0.6858471962526612,1.7.7
7,0.06,31,0.1549999999999989,15.499999999999888,0.11990231569937737,0.08120743744098252,0.6772799755143029,1.7.7
7,0.06,32,0.15999999999999887,15.999999999999886,0.1199023833567824,0.08019308244421836,0.6688197531953576,1.7.7
7,0.06,33,0.16499999999999884,16.499999999999883,0.11990245083494507,0.07919139524813773,0.6604651923016217,1.7.7
7,0.06,34,0.1699999999999988,16.99999999999988,0.11990251813452674,0.07820221758032751,0.652214972604555,1.7.7
7,0.06,35,0.17499999999999877,17.499999999999876,0.1199025852561857,0.07722539315255406,0.6440677904279803,1.7.7
7,0.06,36,0.17999999999999872,17.999999999999872,0.11990265220057711,0.07626076763553816,0.6360223584376318,1.7.7
7,0.06,37,0.1849999999999987,18.49999999999987,0.11990271896835303,0.07530818863406619,0.6280774054335077,1.7.7
7,0.06,38,0.18999999999999864,18.999999999999865,0.11990278556016246,0.07436750566243214,0.620231676144984,1.7.7
7,0.06,39,0.19499999999999862,19.49999999999986,0.11990285197665138,0.07343857012020569,0.6124839310286493,1.7.7
7,0.06,40,0.19999999999999857,19.999999999999858,0.11990291821846269,0.07252123526832153,0.6048329460688197,1.7.7
7,0.06,41,0.20499999999999854,20.499999999999854,0.11990298428623636,0.07161535620548487,0.5972775125806905,1.7.7
7,0.06,42,0.20999999999999852,20.99999999999985,0.1199030501806092,0.07072078984488833,0.5898164370160897,1.7.7
7,0.06,43,0.21499999999999847,21.499999999999847,0.11990311590221524,0.06983739489123646,0.5824485407717932,1.7.7
7,0.06,44,0.21999999999999845,21.999999999999844,0.11990318145168538,0.06896503181807179,0.5751726600003607,1.7.7
7,0.06,45,0.2249999999999984,22.49999999999984,0.11990324682964766,0.06810356284539965,0.567987645423461,1.7.7
7,0.06,46,0.22999999999999837,22.999999999999837,0.11990331203672716,0.06725285191760619,0.5608923621476462,1.7.7
7,0.06,47,0.23499999999999832,23.499999999999833,0.11990337707354606,0.06641276468166574,0.5538856894825375,1.7.7
7,0.06,48,0.2399999999999983,23.99999999999983,0.11990344194072362,0.06558316846563343,0.5469665207613942,1.7.7
7,0.06,49,0.24499999999999827,24.499999999999826,0.11990350663887625,0.06476393225741875,0.5401337631640238,1.7.7
7,0.06,50,0.24999999999999822,24.999999999999822,0.11990357116861745,0.06395492668383593,0.5333863375420044,1.7.7
7,0.06,51,0.2549999999999982,25.49999999999982,0.11990363553055788,0.0631560239899275,0.5267231782461839,1.7.7
7,0.06,52,0.2599999999999982,25.99999999999982,0.11990369972530546,0.062367098018556576,0.5201432329564232,1.7.7
7,0.06,53,0.2649999999999981,26.49999999999981,0.11990376375346512,0.06158802419026464,0.5136454625135551,1.7.7
7,0.06,54,0.2699999999999981,26.999999999999808,0.11990382761563911,0.0608186794833905,0.5072288407535198,1.7.7
7,0.06,55,0.274999999999998,27.4999999999998,0.1199038913124269,0.0600589424144472,0.5008923543436548,1.7.7
7,0.06,56,0.27999999999999803,27.9999999999998,0.1199039548444251,0.059308693018752766,0.4946350026211025,1.7.7
7,0.06,57,0.284999999999998,28.499999999999797,0.11990401821222763,0.05856781283131153,0.488455797433308,1.7.7
7,0.06,58,0.2899999999999979,28.999999999999794,0.11990408141642567,0.05783618486794252,0.4823537629805781,1.7.7
7,0.06,59,0.29499999999999793,29.499999999999794,0.11990414445760764,0.057113693606651264,0.4763279356606721,1.7.7
7,0.06,60,0.2999999999999979,29.999999999999787,0.11990420733635927,0.05640022496924166,0.47037736391539514,1.7.7
7,0.06,61,0.30499999999999783,30.499999999999783,0.11990427005326362,0.055695666303164804,0.46450110807916845,1.7.7
7,0.06,62,0.3099999999999978,30.999999999999776,0.11990433260890104,0.05499990636360105,0.4586982402295458,1.7.7
7,0.06,63,0.3149999999999978,31.49999999999978,0.1199043950038492,0.05431283529577262,0.4529678440396539,1.7.7
7,0.06,64,0.31999999999999773,31.999999999999773,0.11990445723868312,0.05363434461748301,0.4473090146325244,1.7.7
7,0.06,65,0.3249999999999977,32.499999999999766,0.11990451931397525,0.052964327201880525,0.4417208584372963,1.7.7
7,0.06,66,0.3299999999999977,32.999999999999766,0.11990458123029536,0.05230267726044269,0.4362024930472613,1.7.7
7,0.06,67,0.33499999999999763,33.499999999999766,0.11990464298821063,0.0516492903261784,0.4307530470797257,1.7.7
7,0.06,68,0.3399999999999976,33.99999999999976,0.11990470458828562,0.05100406323704514,0.4253716600376672,1.7.7
7,0.06,69,0.34499999999999753,34.49999999999975,0.11990476603108231,0.0503668941195779,0.4200574821731568,1.7.7
7,0.06,70,0.34999999999999754,34.99999999999975,0.11990482731716019,0.049737682372727514,0.4148096743525296,1.7.7
7,0.06,71,0.3549999999999975,35.49999999999975,0.11990488844707614,0.0491163286519049,0.4096274079232721,1.7.7
7,0.06,72,0.35999999999999743,35.999999999999744,0.11990494942138455,0.04850273485322897,0.40450986458261007,1.7.7
7,0.06,73,0.36499999999999744,36.499999999999744,0.11990501024063718,0.047896804097975296,0.3994562362477704,1.7.7
7,0.06,74,0.3699999999999974,36.99999999999974,0.11990507090538338,0.04729844071722238,0.3944657249278923,1.7.7
7,0.06,75,0.37499999999999734,37.49999999999973,0.11990513141617004,0.04670755023669398,0.38953754259757345,1.7.7
7,0.06,76,0.3799999999999973,37.99999999999973,0.11990519177354145,0.04612403936179347,0.38467091107202,1.7.7
7,0.06,77,0.3849999999999973,38.49999999999973,0.1199052519780395,0.04554781596282871,0.37986506188378416,1.7.7
7,0.06,78,0.38999999999999724,38.99999999999972,0.11990531203020363,0.04497878906042464,0.3751192361610692,1.7.7
7,0.06,79,0.3949999999999972,39.499999999999716,0.11990537193057084,0.04441686881112057,0.3704326845075749,1.7.7
7,0.06,80,0.39999999999999714,39.999999999999716,0.11990543167967566,0.04386196649315059,0.3658046668838717,1.7.7
7,0.06,81,0.40499999999999714,40.499999999999716,0.11990549127805028,0.043313994492403904,0.3612344524902747,1.7.7
7,0.06,82,0.4099999999999971,40.99999999999971,0.11990555072622443,0.04277286628856321,0.3567213196512044,1.7.7
7,0.06,83,0.41499999999999704,41.4999999999997,0.11990561002472547,0.04223849644141835,0.35226455570100884,1.7.7
7,0.06,84,0.41999999999999704,41.9999999999997,0.11990566917407838,0.04171080057735334,0.34786345687123293,1.7.7
7,0.06,85,0.424999999999997,42.4999999999997,0.11990572817480583,0.04118969537600431,0.34351732817931335,1.7.7
7,0.06,86,0.42999999999999694,42.999999999999694,0.11990578702742805,0.04067509855708587,0.339225483318679,1.7.7
7,0.06,87,0.4349999999999969,43.49999999999969,0.11990584573246299,0.04016692886738407,0.33498724455024115,1.7.7
7,0.06,88,0.4399999999999969,43.99999999999969,0.11990590429042629,0.03966510606791378,0.33080194259525536,1.7.7
7,0.06,89,0.44499999999999684,44.49999999999969,0.11990596270183124,0.039169550921237674,0.3266689165295319,1.7.7
7,0.06,90,0.4499999999999968,44.99999999999968,0.11990602096718886,0.03868018517894577,0.3225875136789856,1.7.7
7,0.06,91,0.4549999999999968,45.49999999999968,0.11990607908700784,0.038196931569292505,0.31855708951650014,1.7.7
7,0.06,92,0.45999999999999674,45.99999999999967,0.11990613706179468,0.03771971378498979,0.3145770075600935,1.7.7
7,0.06,93,0.4649999999999967,46.499999999999666,0.11990619489205356,0.037248456471153754,0.3106466392723658,1.7.7
7,0.06,94,0.46999999999999664,46.999999999999666,0.11990625257828638,0.03678308521340351,0.30676536396121595,1.7.7
7,0.06,95,0.47499999999999665,47.499999999999666,0.11990631012099287,0.0363235265261094,0.3029325686818043,1.7.7
7,0.06,96,0.4799999999999966,47.99999999999966,0.11990636752067055,0.0358697078407897,0.29914764813975503,1.7.7
7,0.06,97,0.48499999999999654,48.49999999999965,0.11990642477781462,0.03542155749465262,0.29541000459557026,1.7.7
7,0.06,98,0.48999999999999655,48.99999999999965,0.11990648189291817,0.03497900471928306,0.29171904777025204,1.7.7
7,0.06,99,0.4949999999999965,49.49999999999965,0.11990653886647208,0.03454197962947105,0.28807419475210605,1.7.7
7,0.06,100,0.49999999999999645,49.999999999999645,0.11990659569896503,0.03411041321218097,0.2844748699047203,1.7.7
7,0.06,101,0.5049999999999965,50.499999999999645,0.11990665239088358,0.03368423731565921,0.28092050477609865,1.7.7
7,0.06,102,0.5099999999999963,50.99999999999964,0.1199067089427121,0.033263384638678575,0.2774105380089353,1.7.7
7,0.06,103,0.5149999999999963,51.49999999999964,0.11990676535493279,0.032847788719917864,0.2739444152520169,1.7.7
7,0.06,104,0.5199999999999964,51.99999999999964,0.1199068216280258,0.03243738392747469,0.2705215890727363,1.7.7
7,0.06,105,0.5249999999999962,52.49999999999962,0.11990687776246908,0.0320321054485099,0.2671415188707046,1.7.7
7,0.06,106,0.5299999999999963,52.99999999999962,0.11990693375873854,0.03163188927902198,0.26380367079244676,1.7.7
7,0.06,107,0.5349999999999963,53.49999999999962,0.11990698961730792,0.03123667221374955,0.2605075176471673,1.7.7
7,0.06,108,0.5399999999999961,53.999999999999616,0.11990704533864896,0.03084639183620066,0.2572525388235725,1.7.7
7,0.06,109,0.5449999999999962,54.499999999999616,0.11990710092323123,0.030460986508806923,0.25403822020773503,1.7.7
7,0.06,110,0.549999999999996,54.9999999999996,0.1199071563715223,0.030080395363201118,0.2508640541019881,1.7.7
7,0.06,111,0.554999999999996,55.4999999999996,0.11990721168398769,0.02970455829061669,0.24772953914483706,1.7.7
7,0.06,112,0.5599999999999961,55.9999999999996,0.11990726686109081,0.029333415932407274,0.2446341802318721,1.7.7
7,0.06,113,0.564999999999996,56.499999999999595,0.11990732190329315,0.02896690967068524,0.24157748843767388,1.7.7
7,0.06,114,0.569999999999996,56.999999999999595,0.11990737681105403,0.028604981619077163,0.23855898093869504,1.7.7
7,0.06,115,0.574999999999996,57.499999999999595,0.11990743158483091,0.028247574613595394,0.23557818093710967,1.7.7
7,0.06,116,0.5799999999999959,57.99999999999959,0.11990748622507919,0.027894632203623444,0.2326346175856129,1.7.7
7,0.06,117,0.5849999999999959,58.49999999999959,0.11990754073225224,0.027546098643014626,0.22972782591316535,1.7.7
7,0.06,118,0.5899999999999959,58.99999999999959,0.1199075951068015,0.027201918881301707,0.22685734675166325,1.7.7
7,0.06,119,0.5949999999999958,59.499999999999574,0.11990764934917646,0.02686203855501674,0.22402272666352818,1.7.7
7,0.06,120,0.5999999999999958,59.999999999999574,0.11990770345982457,0.02652640397911936,0.2212235178702018,1.7.7
7,0.06,121,0.6049999999999958,60.499999999999574,0.11990775743919144,0.026194962138532313,0.21845927818153474,1.7.7
7,0.06,122,0.6099999999999957,60.99999999999957,0.11990781128772066,0.02586766067978291,0.21572957092605966,1.7.7
7,0.06,123,0.6149999999999957,61.49999999999957,0.11990786500585392,0.025544447902748776,0.21303396488213425,1.7.7
7,0.06,124,0.6199999999999956,61.99999999999955,0.11990791859403101,0.025225272752506894,0.21037203420994585,1.7.7
7,0.06,125,0.6249999999999956,62.49999999999956,0.11990797205268977,0.024910084811284577,0.20774335838436686,1.7.7
7,0.06,126,0.6299999999999956,62.99999999999956,0.11990802538226622,0.024598834290510928,0.20514752212864784,1.7.7
7,0.06,127,0.6349999999999955,63.499999999999545,0.11990807858319441,0.024291472022967595,0.2025841153489398,1.7.7
7,0.06,128,0.6399999999999955,63.999999999999545,0.11990813165590655,0.023987949455037724,0.200052733069635,1.7.7
7,0.06,129,0.6449999999999955,64.49999999999955,0.11990818460083297,0.023688218639051555,0.19755297536951452,1.7.7
7,0.06,130,0.6499999999999954,64.99999999999953,0.1199082374184022,0.023392232225727862,0.19508444731869504,1.7.7
7,0.06,131,0.6549999999999954,65.49999999999953,0.11990829010904085,0.02309994345670948,0.19264675891636113,1.7.7
7,0.06,132,0.6599999999999954,65.99999999999953,0.1199083426731737,0.022811306157192294,0.19023952502927652,1.7.7
7,0.06,133,0.6649999999999953,66.49999999999953,0.11990839511122374,0.022526274728646184,0.18786236533106318,1.7.7
7,0.06,134,0.6699999999999953,66.99999999999953,0.11990844742361212,0.02224480414162682,0.1855149042422379,1.7.7
7,0.06,135,0.6749999999999952,67.49999999999952,0.11990849961075818,0.021966849928677236,0.18319677087099814,1.7.7
7,0.06,136,0.6799999999999952,67.99999999999952,0.11990855167307946,0.021692368177317945,0.18090759895474642,1.7.7
7,0.06,137,0.6849999999999952,68.49999999999952,0.1199086036109917,0.021421315523124693,0.1786470268023458,1.7.7
7,0.06,138,0.6899999999999951,68.9999999999995,0.1199086554249089,0.021153649142892375,0.17641469723709435,1.7.7
7,0.06,139,0.6949999999999951,69.4999999999995,0.11990870711524322,0.020889326747884532,0.17421025754041347,1.7.7
7,0.06,140,0.6999999999999951,69.9999999999995,0.11990875868240514,0.02062830657716682,0.1720333593962367,1.7.7
7,0.06,141,0.704999999999995,70.4999999999995,0.11990881012680327,0.020370547391023897,0.16988365883609463,1.7.7
7,0.06,142,0.709999999999995,70.9999999999995,0.11990886144884463,0.020116008464458206,0.1677608161848828,1.7.7
7,0.06,143,0.714999999999995,71.4999999999995,0.11990891264893436,0.019864649580770104,0.16566449600730862,1.7.7
7,0.06,144,0.7199999999999949,71.99999999999949,0.11990896372747592,0.01961643102521798,0.16359436705500505,1.7.7
7,0.06,145,0.7249999999999949,72.49999999999949,0.11990901468487111,0.019371313578757356,0.16155010221430358,1.7.7
7,0.06,146,0.7299999999999949,72.99999999999949,0.11990906552151995,0.019129258511858267,0.1595313784546604,1.7.7
7,0.06,147,0.7349999999999948,73.49999999999947,0.1199091162378208,0.018890227578399584,0.15753787677772388,1.7.7
7,0.06,148,0.7399999999999948,73.99999999999947,0.1199091668341703,0.018654183009639634,0.15556928216703933,1.7.7
7,0.06,149,0.7449999999999947,74.49999999999946,0.11990921731096342,0.01842108750826195,0.15362528353837976,1.7.7
7,0.06,150,0.7499999999999947,74.99999999999946,0.11990926766859347,0.018190904242495205,0.15170557369069607,1.7.7
7,0.06,151,0.7549999999999947,75.49999999999947,0.11990931790745206,0.01796359684030669,0.14980984925768057,1.7.7
7,0.06,152,0.7599999999999946,75.99999999999946,0.11990936802792916,0.017739129383667923,0.1479378106599323,1.7.7
7,0.06,153,0.7649999999999946,76.49999999999946,0.1199094180304131,0.01751746640289193,0.14608916205772016,1.7.7
7,0.06,154,0.7699999999999946,76.99999999999946,0.11990946791529059,0.017298572871041154,0.14426361130433538,1.7.7
7,0.06,155,0.7749999999999945,77.49999999999945,0.11990951768294664,0.017082414198404956,0.14246086990002457,1.7.7
7,0.06,156,0.7799999999999945,77.99999999999945,0.11990956733376469,0.01686895622704611,0.1406806529464982,1.7.7
7,0.06,157,0.7849999999999945,78.49999999999945,0.11990961686812657,0.01665816522541522,0.1389226791020059,1.7.7
7,0.06,158,0.7899999999999944,78.99999999999943,0.11990966628641245,0.016450007883032247,0.13718667053697137,1.7.7
7,0.06,159,0.7949999999999944,79.49999999999943,0.11990971558900096,0.01624445130523444,0.13547235289018153,1.7.7
7,0.06,160,0.7999999999999943,79.99999999999943,0.1199097647762691,0.016041463007989663,0.13377945522552112,1.7.7
