path_index,selection_policy,selected_path_operational_return_rms,cross_path_median_operational_return_rms,operational_step,time_seconds,operational_book_1_log_mid,operational_book_2_log_mid,operational_pair_centre_log_mid,calendar_book_1_log_mid,calendar_book_2_log_mid,calendar_pair_centre_log_mid,software_version
4,operational_return_rms_nearest_cross_path_median,0.04679472835816379,0.04721049446718482,0,0.0,0.0,0.0,0.0,0.0,0.0,0.0,1.8.3
4,operational_return_rms_nearest_cross_path_median,0.04679472835816379,0.04721049446718482,1,0.5,-0.0019830459198095646,0.00014201921699608265,-0.0009205133514067409,0.0,0.0,0.0,1.8.3
4,operational_return_rms_nearest_cross_path_median,0.04679472835816379,0.04721049446718482,2,1.0,-0.005068674320086258,0.0010728351746697225,-0.001997919572708268,0.0,0.0,0.0,1.8.3
4,operational_return_rms_nearest_cross_path_median,0.04679472835816379,0.04721049446718482,3,1.5,-0.004270218647555807,0.0017364587760642567,-0.001266879935745775,0.0,0.0,0.0,1.8.3
4,operational_return_rms_nearest_cross_path_median,0.04679472835816379,0.04721049446718482,4,2.0,-0.004646003618443001,0.0007381721179642996,-0.0019539157502393508,0.0,0.0,0.0,1.8.3
4,operational_return_rms_nearest_cross_path_median,0.04679472835816379,0.04721049446718482,5,2.5,-0.005192594966746539,-0.0013045100263649606,-0.0032485524965557497,0.0,0.0,0.0,1.8.3
4,operational_return_rms_nearest_cross_path_median,0.04679472835816379,0.04721049446718482,6,3.0,-0.004598493406130527,-0.0021115159505148834,-0.0033550046783227053,0.0,0.0,0.0,1.8.3
4,operational_return_rms_nearest_cross_path_median,0.04679472835816379,0.04721049446718482,7,3.5,-0.002842656767995111,-0.001754594730560638,-0.0022986257492778744,0.0,0.0,0.0,1.8.3
4,operational_return_rms_nearest_cross_path_median,0.04679472835816379,0.04721049446718482,8,4.0,-0.0021563615665165514,-0.0019133579378036308,-0.002034859752160091,0.0,0.0,0.0,1.8.3
4,operational_return_rms_nearest_cross_path_median,0.04679472835816379,0.04721049446718482,9,4.5,-0.0005412310716867708,-0.0018511054180355563,-0.0011961682448611635,0.0,0.0,0.0,1.8.3
4,operational_return_rms_nearest_cross_path_median,0.04679472835816379,0.04721049446718482,10,5.0,-0.0005371678632683508,-0.0003216640550483263,-0.0004294159591583385,0.0,0.0,0.0,1.8.3
4,operational_return_rms_nearest_cross_path_median,0.04679472835816379,0.04721049446718482,11,5.5,-0.001031302498021705,-0.0013053702625560742,-0.0011683363802888896,0.0,0.0,0.0,1.8.3
4,operational_return_rms_nearest_cross_path_median,0.04679472835816379,0.04721049446718482,12,6.0,-0.0014689669642822811,-0.0027364246188067154,-0.0021026957915444983,0.0,0.0,0.0,1.8.3
4,operational_return_rms_nearest_cross_path_median,0.04679472835816379,0.04721049446718482,13,6.5,-0.002396198367180649,-0.0011409251146286964,-0.0017685617409046728,-0.0014689669642822811,0.0,-0.0007344834821411406,1.8.3
4,operational_return_rms_nearest_cross_path_median,0.04679472835816379,0.04721049446718482,14,7.0,-0.0019379792259490575,-4.422949270270482e-05,-0.0009911043593258811,-0.002396198367180649,0.0,-0.0011980991835903246,1.8.3
4,operational_return_rms_nearest_cross_path_median,0.04679472835816379,0.04721049446718482,15,7.5,-0.0032952155572447545,-0.0004927836407949554,-0.001893999599019855,-0.002396198367180649,0.0,-0.0011980991835903246,1.8.3
4,operational_return_rms_nearest_cross_path_median,0.04679472835816379,0.04721049446718482,16,8.0,-0.00363291393422302,0.00011714729695200557,-0.001757883318635507,-0.002396198367180649,-0.0004927836407949554,-0.0014444910039878023,1.8.3
4,operational_return_rms_nearest_cross_path_median,0.04679472835816379,0.04721049446718482,17,8.5,-0.004743516615523816,-0.00048227659787729305,-0.0026128966067005543,-0.002396198367180649,-0.0004927836407949554,-0.0014444910039878023,1.8.3
4,operational_return_rms_nearest_cross_path_median,0.04679472835816379,0.04721049446718482,18,9.0,-0.004646083612286092,-0.0020708260123988853,-0.0033584548123424887,-0.002396198367180649,-0.0004927836407949554,-0.0014444910039878023,1.8.3
4,operational_return_rms_nearest_cross_path_median,0.04679472835816379,0.04721049446718482,19,9.5,-0.003978502049027222,-0.004081011971548226,-0.004029757010287724,-0.004646083612286092,-0.0020708260123988853,-0.0033584548123424887,1.8.3
4,operational_return_rms_nearest_cross_path_median,0.04679472835816379,0.04721049446718482,20,10.0,-0.0020840643208248494,-0.004384826767127925,-0.0032344455439763872,-0.004646083612286092,-0.0020708260123988853,-0.0033584548123424887,1.8.3
4,operational_return_rms_nearest_cross_path_median,0.04679472835816379,0.04721049446718482,21,10.5,-0.0016635289535728154,-0.004650278355232601,-0.003156903654402708,-0.004646083612286092,-0.0020708260123988853,-0.0033584548123424887,1.8.3
4,operational_return_rms_nearest_cross_path_median,0.04679472835816379,0.04721049446718482,22,11.0,-0.0023064473654876155,-0.0063840283563124794,-0.0043452378609000475,-0.004646083612286092,-0.0020708260123988853,-0.0033584548123424887,1.8.3
4,operational_return_rms_nearest_cross_path_median,0.04679472835816379,0.04721049446718482,23,11.5,-0.002754309825071799,-0.006466837885058391,-0.004610573855065095,-0.004646083612286092,-0.0020708260123988853,-0.0033584548123424887,1.8.3
4,operational_return_rms_nearest_cross_path_median,0.04679472835816379,0.04721049446718482,24,12.0,-0.002932061776548006,-0.00548266421152678,-0.004207362994037393,-0.004646083612286092,-0.0020708260123988853,-0.0033584548123424887,1.8.3
4,operational_return_rms_nearest_cross_path_median,0.04679472835816379,0.04721049446718482,25,12.5,-0.0033048298986014663,-0.005062778151197045,-0.004183804024899256,-0.004646083612286092,-0.0020708260123988853,-0.0033584548123424887,1.8.3
4,operational_return_rms_nearest_cross_path_median,0.04679472835816379,0.04721049446718482,26,13.0,-0.00483771592020836,-0.004468305850465384,-0.004653010885336872,-0.004646083612286092,-0.0020708260123988853,-0.0033584548123424887,1.8.3
4,operational_return_rms_nearest_cross_path_median,0.04679472835816379,0.04721049446718482,27,13.5,-0.004676925314452102,-0.0031651283982276346,-0.003921026856339868,-0.004646083612286092,-0.0020708260123988853,-0.0033584548123424887,1.8.3
4,operational_return_rms_nearest_cross_path_median,0.04679472835816379,0.04721049446718482,28,14.0,-0.00632637769052477,-0.001903690779892428,-0.004115034235208599,-0.004646083612286092,-0.0020708260123988853,-0.0033584548123424887,1.8.3
4,operational_return_rms_nearest_cross_path_median,0.04679472835816379,0.04721049446718482,29,14.5,-0.0063286884536816745,-0.0017002506490296776,-0.004014469551355676,-0.004646083612286092,-0.0020708260123988853,-0.0033584548123424887,1.8.3
4,operational_return_rms_nearest_cross_path_median,0.04679472835816379,0.04721049446718482,30,15.0,-0.005196627955334807,-0.0013262945733142906,-0.0032614612643245486,-0.004646083612286092,-0.0020708260123988853,-0.0033584548123424887,1.8.3
4,operational_return_rms_nearest_cross_path_median,0.04679472835816379,0.04721049446718482,31,15.5,-0.003959247144429412,-0.001181902479030189,-0.0025705748117298005,-0.004646083612286092,-0.0020708260123988853,-0.0033584548123424887,1.8.3
4,operational_return_rms_nearest_cross_path_median,0.04679472835816379,0.04721049446718482,32,16.0,-0.002973262415864944,-0.0014374100266297263,-0.002205336221247335,-0.004646083612286092,-0.0020708260123988853,-0.0033584548123424887,1.8.3
4,operational_return_rms_nearest_cross_path_median,0.04679472835816379,0.04721049446718482,33,16.5,-0.00343008616343643,-0.0014932330284242457,-0.002461659595930338,-0.004646083612286092,-0.0020708260123988853,-0.0033584548123424887,1.8.3
4,operational_return_rms_nearest_cross_path_median,0.04679472835816379,0.04721049446718482,34,17.0,-0.0018604311483613467,-0.0016152285667346833,-0.001737829857548015,-0.004646083612286092,-0.0020708260123988853,-0.0033584548123424887,1.8.3
4,operational_return_rms_nearest_cross_path_median,0.04679472835816379,0.04721049446718482,35,17.5,-0.0025912847799014482,-0.0022271266399825213,-0.0024092057099419847,-0.004646083612286092,-0.0020708260123988853,-0.0033584548123424887,1.8.3
4,operational_return_rms_nearest_cross_path_median,0.04679472835816379,0.04721049446718482,36,18.0,-0.0013793894472684948,-0.0033766003684134738,-0.0023779949078409843,-0.004646083612286092,-0.0020708260123988853,-0.0033584548123424887,1.8.3
4,operational_return_rms_nearest_cross_path_median,0.04679472835816379,0.04721049446718482,37,18.5,-0.0017432170646020928,-0.0027064062558486424,-0.0022248116602253676,-0.004646083612286092,-0.0020708260123988853,-0.0033584548123424887,1.8.3
4,operational_return_rms_nearest_cross_path_median,0.04679472835816379,0.04721049446718482,38,19.0,-0.0021803964744765147,-0.0030508632471306363,-0.0026156298608035755,-0.004646083612286092,-0.0020708260123988853,-0.0033584548123424887,1.8.3
4,operational_return_rms_nearest_cross_path_median,0.04679472835816379,0.04721049446718482,39,19.5,-0.001552035704295615,-0.0034048021216011165,-0.002478418912948366,-0.0021803964744765147,-0.0020708260123988853,-0.0021256112434377,1.8.3
4,operational_return_rms_nearest_cross_path_median,0.04679472835816379,0.04721049446718482,40,20.0,-0.003117695366650061,-0.004406456716888954,-0.0037620760417695076,-0.0021803964744765147,-0.0020708260123988853,-0.0021256112434377,1.8.3
4,operational_return_rms_nearest_cross_path_median,0.04679472835816379,0.04721049446718482,41,20.5,-0.0023808173056922566,-0.004679780615649248,-0.0035302989606707524,-0.0021803964744765147,-0.0020708260123988853,-0.0021256112434377,1.8.3
4,operational_return_rms_nearest_cross_path_median,0.04679472835816379,0.04721049446718482,42,21.0,-0.0007632469592583901,-0.005398385258540875,-0.0030808161088996325,-0.0021803964744765147,-0.0020708260123988853,-0.0021256112434377,1.8.3
4,operational_return_rms_nearest_cross_path_median,0.04679472835816379,0.04721049446718482,43,21.5,0.00040700929935891944,-0.0035576135528500308,-0.0015753021267455557,-0.0021803964744765147,-0.0020708260123988853,-0.0021256112434377,1.8.3
4,operational_return_rms_nearest_cross_path_median,0.04679472835816379,0.04721049446718482,44,22.0,-8.965222077471358e-05,-0.0037643666082275012,-0.0019270094145011074,-0.0021803964744765147,-0.0020708260123988853,-0.0021256112434377,1.8.3
4,operational_return_rms_nearest_cross_path_median,0.04679472835816379,0.04721049446718482,45,22.5,0.0010665799781700222,-0.003468802439945351,-0.0012011112308876644,-0.0021803964744765147,-0.0020708260123988853,-0.0021256112434377,1.8.3
4,operational_return_rms_nearest_cross_path_median,0.04679472835816379,0.04721049446718482,46,23.0,0.0002401145292870496,-0.0039872037090565166,-0.0018735445898847335,-0.0021803964744765147,-0.0020708260123988853,-0.0021256112434377,1.8.3
4,operational_return_rms_nearest_cross_path_median,0.04679472835816379,0.04721049446718482,47,23.5,0.0014297564471496924,-0.003840956256091904,-0.001205599904471106,-0.0021803964744765147,-0.0020708260123988853,-0.0021256112434377,1.8.3
4,operational_return_rms_nearest_cross_path_median,0.04679472835816379,0.04721049446718482,48,24.0,0.00028115282575929016,-0.002299260576333992,-0.0010090538752873508,-0.0021803964744765147,-0.0020708260123988853,-0.0021256112434377,1.8.3
4,operational_return_rms_nearest_cross_path_median,0.04679472835816379,0.04721049446718482,49,24.5,0.0003098018817537292,-0.004122133594625349,-0.0019061658564358099,-0.0021803964744765147,-0.0020708260123988853,-0.0021256112434377,1.8.3
4,operational_return_rms_nearest_cross_path_median,0.04679472835816379,0.04721049446718482,50,25.0,0.001914452194072431,-0.0031508351989037314,-0.0006181915024156502,-0.0021803964744765147,-0.0020708260123988853,-0.0021256112434377,1.8.3
4,operational_return_rms_nearest_cross_path_median,0.04679472835816379,0.04721049446718482,51,25.5,-0.0002639925600056159,-0.003267047152653857,-0.0017655198563297364,-0.0021803964744765147,-0.0020708260123988853,-0.0021256112434377,1.8.3
4,operational_return_rms_nearest_cross_path_median,0.04679472835816379,0.04721049446718482,52,26.0,0.001215454490461605,-0.0021282073533858276,-0.00045637643146211125,-0.0021803964744765147,-0.003267047152653857,-0.002723721813565186,1.8.3
4,operational_return_rms_nearest_cross_path_median,0.04679472835816379,0.04721049446718482,53,26.5,0.0027650678323320873,-0.0031721541069141684,-0.00020354313729104056,0.001215454490461605,-0.003267047152653857,-0.001025796331096126,1.8.3
4,operational_return_rms_nearest_cross_path_median,0.04679472835816379,0.04721049446718482,54,27.0,0.0013684854725013902,-0.002854451383661638,-0.0007429829555801239,0.001215454490461605,-0.003267047152653857,-0.001025796331096126,1.8.3
4,operational_return_rms_nearest_cross_path_median,0.04679472835816379,0.04721049446718482,55,27.5,0.0014102665010605427,-0.004004043593959103,-0.00129688854644928,0.001215454490461605,-0.003267047152653857,-0.001025796331096126,1.8.3
4,operational_return_rms_nearest_cross_path_median,0.04679472835816379,0.04721049446718482,56,28.0,0.000590552512270972,-0.005194541486765292,-0.00230199448724716,0.001215454490461605,-0.003267047152653857,-0.001025796331096126,1.8.3
4,operational_return_rms_nearest_cross_path_median,0.04679472835816379,0.04721049446718482,57,28.5,0.001418761895058875,-0.006508196086252235,-0.00254471709559668,0.001215454490461605,-0.003267047152653857,-0.001025796331096126,1.8.3
4,operational_return_rms_nearest_cross_path_median,0.04679472835816379,0.04721049446718482,58,29.0,0.0015243473637420143,-0.0082652484637077,-0.003370450549982843,0.001215454490461605,-0.003267047152653857,-0.001025796331096126,1.8.3
4,operational_return_rms_nearest_cross_path_median,0.04679472835816379,0.04721049446718482,59,29.5,0.0019725415231190875,-0.007764963084727308,-0.0028962107808041104,0.001215454490461605,-0.003267047152653857,-0.001025796331096126,1.8.3
4,operational_return_rms_nearest_cross_path_median,0.04679472835816379,0.04721049446718482,60,30.0,0.004014312468111751,-0.008683407645750929,-0.002334547588819589,0.001215454490461605,-0.003267047152653857,-0.001025796331096126,1.8.3
4,operational_return_rms_nearest_cross_path_median,0.04679472835816379,0.04721049446718482,61,30.5,0.0024868763499777827,-0.009056159060413072,-0.0032846413552176444,0.001215454490461605,-0.008683407645750929,-0.003733976577644662,1.8.3
4,operational_return_rms_nearest_cross_path_median,0.04679472835816379,0.04721049446718482,62,31.0,0.0035245790406837297,-0.009842085533510514,-0.003158753246413392,0.001215454490461605,-0.008683407645750929,-0.003733976577644662,1.8.3
4,operational_return_rms_nearest_cross_path_median,0.04679472835816379,0.04721049446718482,63,31.5,0.0037024987923020697,-0.009205231259748398,-0.002751366233723164,0.001215454490461605,-0.008683407645750929,-0.003733976577644662,1.8.3
4,operational_return_rms_nearest_cross_path_median,0.04679472835816379,0.04721049446718482,64,32.0,0.0038299885670451815,-0.009097869975666806,-0.0026339407043108123,0.001215454490461605,-0.008683407645750929,-0.003733976577644662,1.8.3
4,operational_return_rms_nearest_cross_path_median,0.04679472835816379,0.04721049446718482,65,32.5,0.002677573681876851,-0.0089100704519776,-0.0031162483850503747,0.001215454490461605,-0.008683407645750929,-0.003733976577644662,1.8.3
4,operational_return_rms_nearest_cross_path_median,0.04679472835816379,0.04721049446718482,66,33.0,0.003343014508596534,-0.008612330730545029,-0.0026346581109742474,0.001215454490461605,-0.008683407645750929,-0.003733976577644662,1.8.3
4,operational_return_rms_nearest_cross_path_median,0.04679472835816379,0.04721049446718482,67,33.5,0.0028329996172489166,-0.009302309836001915,-0.0032346551093764995,0.001215454490461605,-0.008683407645750929,-0.003733976577644662,1.8.3
4,operational_return_rms_nearest_cross_path_median,0.04679472835816379,0.04721049446718482,68,34.0,0.003372718603545572,-0.008278857705812964,-0.0024530695511336964,0.001215454490461605,-0.008683407645750929,-0.003733976577644662,1.8.3
4,operational_return_rms_nearest_cross_path_median,0.04679472835816379,0.04721049446718482,69,34.5,0.005724029764153171,-0.007098603181249413,-0.0006872867085481213,0.001215454490461605,-0.008683407645750929,-0.003733976577644662,1.8.3
4,operational_return_rms_nearest_cross_path_median,0.04679472835816379,0.04721049446718482,70,35.0,0.005090823849415037,-0.006797198128804055,-0.000853187139694509,0.001215454490461605,-0.008683407645750929,-0.003733976577644662,1.8.3
4,operational_return_rms_nearest_cross_path_median,0.04679472835816379,0.04721049446718482,71,35.5,0.004707216763340825,-0.007049040468786363,-0.0011709118527227693,0.001215454490461605,-0.008683407645750929,-0.003733976577644662,1.8.3
4,operational_return_rms_nearest_cross_path_median,0.04679472835816379,0.04721049446718482,72,36.0,0.007097221436883561,-0.007630633406477641,-0.0002667059847970398,0.001215454490461605,-0.008683407645750929,-0.003733976577644662,1.8.3
4,operational_return_rms_nearest_cross_path_median,0.04679472835816379,0.04721049446718482,73,36.5,0.0058956138680005266,-0.006196538210262087,-0.0001504621711307802,0.001215454490461605,-0.008683407645750929,-0.003733976577644662,1.8.3
4,operational_return_rms_nearest_cross_path_median,0.04679472835816379,0.04721049446718482,74,37.0,0.005625763823562245,-0.005509469304517012,5.814725952261665e-05,0.001215454490461605,-0.008683407645750929,-0.003733976577644662,1.8.3
4,operational_return_rms_nearest_cross_path_median,0.04679472835816379,0.04721049446718482,75,37.5,0.005834498653479934,-0.005851796097855522,-8.64872218779393e-06,0.001215454490461605,-0.008683407645750929,-0.003733976577644662,1.8.3
4,operational_return_rms_nearest_cross_path_median,0.04679472835816379,0.04721049446718482,76,38.0,0.005557207708532998,-0.0067641508547102575,-0.0006034715730886299,0.001215454490461605,-0.008683407645750929,-0.003733976577644662,1.8.3
4,operational_return_rms_nearest_cross_path_median,0.04679472835816379,0.04721049446718482,77,38.5,0.005222417555613815,-0.0063418117367150945,-0.0005596970905506395,0.001215454490461605,-0.008683407645750929,-0.003733976577644662,1.8.3
4,operational_return_rms_nearest_cross_path_median,0.04679472835816379,0.04721049446718482,78,39.0,0.005064350491081097,-0.006100334837396831,-0.0005179921731578671,0.001215454490461605,-0.008683407645750929,-0.003733976577644662,1.8.3
4,operational_return_rms_nearest_cross_path_median,0.04679472835816379,0.04721049446718482,79,39.5,0.0058054556557763206,-0.0070644978999519215,-0.0006295211220878004,0.001215454490461605,-0.008683407645750929,-0.003733976577644662,1.8.3
4,operational_return_rms_nearest_cross_path_median,0.04679472835816379,0.04721049446718482,80,40.0,0.0053316934151497394,-0.006259320560987047,-0.0004638135729186539,0.001215454490461605,-0.008683407645750929,-0.003733976577644662,1.8.3
4,operational_return_rms_nearest_cross_path_median,0.04679472835816379,0.04721049446718482,81,40.5,0.0049611161017894005,-0.005262402081531448,-0.00015064298987102357,0.001215454490461605,-0.008683407645750929,-0.003733976577644662,1.8.3
4,operational_return_rms_nearest_cross_path_median,0.04679472835816379,0.04721049446718482,82,41.0,0.003758567699390701,-0.005972822847981757,-0.0011071275742955279,0.001215454490461605,-0.008683407645750929,-0.003733976577644662,1.8.3
4,operational_return_rms_nearest_cross_path_median,0.04679472835816379,0.04721049446718482,83,41.5,0.0023576666898513033,-0.006357508335214299,-0.0019999208226814977,0.001215454490461605,-0.008683407645750929,-0.003733976577644662,1.8.3
4,operational_return_rms_nearest_cross_path_median,0.04679472835816379,0.04721049446718482,84,42.0,0.002906171875403262,-0.005809761973461655,-0.0014517950490291966,0.001215454490461605,-0.008683407645750929,-0.003733976577644662,1.8.3
4,operational_return_rms_nearest_cross_path_median,0.04679472835816379,0.04721049446718482,85,42.5,0.0027272622829630972,-0.0064626020409331575,-0.0018676698789850301,0.001215454490461605,-0.008683407645750929,-0.003733976577644662,1.8.3
4,operational_return_rms_nearest_cross_path_median,0.04679472835816379,0.04721049446718482,86,43.0,0.0025283970174502586,-0.005792084132706959,-0.0016318435576283504,0.001215454490461605,-0.0064626020409331575,-0.0026235737752357763,1.8.3
4,operational_return_rms_nearest_cross_path_median,0.04679472835816379,0.04721049446718482,87,43.5,-0.0006507190594574608,-0.005033291872726553,-0.002842005466092007,0.0025283970174502586,-0.0064626020409331575,-0.0019671025117414496,1.8.3
4,operational_return_rms_nearest_cross_path_median,0.04679472835816379,0.04721049446718482,88,44.0,-0.0015125075066957788,-0.005337744514102696,-0.0034251260103992376,0.0025283970174502586,-0.0064626020409331575,-0.0019671025117414496,1.8.3
4,operational_return_rms_nearest_cross_path_median,0.04679472835816379,0.04721049446718482,89,44.5,-0.0011543011985798296,-0.004689026155874548,-0.002921663677227189,0.0025283970174502586,-0.0064626020409331575,-0.0019671025117414496,1.8.3
4,operational_return_rms_nearest_cross_path_median,0.04679472835816379,0.04721049446718482,90,45.0,0.0013468103833539531,-0.004923809550720179,-0.001788499583683113,0.0025283970174502586,-0.0064626020409331575,-0.0019671025117414496,1.8.3
4,operational_return_rms_nearest_cross_path_median,0.04679472835816379,0.04721049446718482,91,45.5,0.0006800228798766288,-0.006977506897416358,-0.0031487420087698646,0.0025283970174502586,-0.0064626020409331575,-0.0019671025117414496,1.8.3
4,operational_return_rms_nearest_cross_path_median,0.04679472835816379,0.04721049446718482,92,46.0,0.002312965252331532,-0.006796305157184684,-0.002241669952426576,0.0025283970174502586,-0.0064626020409331575,-0.0019671025117414496,1.8.3
4,operational_return_rms_nearest_cross_path_median,0.04679472835816379,0.04721049446718482,93,46.5,0.0015842010664924616,-0.006369110252423885,-0.0023924545929657117,0.0025283970174502586,-0.0064626020409331575,-0.0019671025117414496,1.8.3
4,operational_return_rms_nearest_cross_path_median,0.04679472835816379,0.04721049446718482,94,47.0,0.00035936610735103666,-0.006878547941960578,-0.0032595909173047705,0.0025283970174502586,-0.0064626020409331575,-0.0019671025117414496,1.8.3
4,operational_return_rms_nearest_cross_path_median,0.04679472835816379,0.04721049446718482,95,47.5,-0.000988332769002842,-0.007674563986733052,-0.004331448377867947,0.0025283970174502586,-0.0064626020409331575,-0.0019671025117414496,1.8.3
4,operational_return_rms_nearest_cross_path_median,0.04679472835816379,0.04721049446718482,96,48.0,-0.0003253822803887668,-0.007892721247242551,-0.004109051763815659,0.0025283970174502586,-0.0064626020409331575,-0.0019671025117414496,1.8.3
4,operational_return_rms_nearest_cross_path_median,0.04679472835816379,0.04721049446718482,97,48.5,0.0003509730878589448,-0.00821918770686704,-0.0039341073095040474,0.0025283970174502586,-0.0064626020409331575,-0.0019671025117414496,1.8.3
4,operational_return_rms_nearest_cross_path_median,0.04679472835816379,0.04721049446718482,98,49.0,-0.00039208822929974463,-0.008225329608828838,-0.004308708919064291,0.0025283970174502586,-0.0064626020409331575,-0.0019671025117414496,1.8.3
4,operational_return_rms_nearest_cross_path_median,0.04679472835816379,0.04721049446718482,99,49.5,-0.0008200732212810952,-0.009112469650000149,-0.004966271435640622,0.0025283970174502586,-0.0064626020409331575,-0.0019671025117414496,1.8.3
4,operational_return_rms_nearest_cross_path_median,0.04679472835816379,0.04721049446718482,100,50.0,-6.935665801886814e-05,-0.01116425078146488,-0.005616803719741874,0.0025283970174502586,-0.0064626020409331575,-0.0019671025117414496,1.8.3
4,operational_return_rms_nearest_cross_path_median,0.04679472835816379,0.04721049446718482,101,50.5,-0.0009363312301595844,-0.00912190442271954,-0.005029117826439562,0.0025283970174502586,-0.0064626020409331575,-0.0019671025117414496,1.8.3
4,operational_return_rms_nearest_cross_path_median,0.04679472835816379,0.04721049446718482,102,51.0,-0.0003205329591066536,-0.007890190014283704,-0.004105361486695179,0.0025283970174502586,-0.0064626020409331575,-0.0019671025117414496,1.8.3
4,operational_return_rms_nearest_cross_path_median,0.04679472835816379,0.04721049446718482,103,51.5,0.0006736913717949358,-0.008434303993099856,-0.0038803063106524604,0.0025283970174502586,-0.0064626020409331575,-0.0019671025117414496,1.8.3
4,operational_return_rms_nearest_cross_path_median,0.04679472835816379,0.04721049446718482,104,52.0,0.0007915050588203373,-0.008554875660231387,-0.003881685300705525,0.0025283970174502586,-0.0064626020409331575,-0.0019671025117414496,1.8.3
4,operational_return_rms_nearest_cross_path_median,0.04679472835816379,0.04721049446718482,105,52.5,-0.0005456192821033379,-0.00854838825680665,-0.004547003769454994,0.0025283970174502586,-0.0064626020409331575,-0.0019671025117414496,1.8.3
4,operational_return_rms_nearest_cross_path_median,0.04679472835816379,0.04721049446718482,106,53.0,-0.000584247612333319,-0.008511535157569514,-0.004547891384951416,0.0025283970174502586,-0.0064626020409331575,-0.0019671025117414496,1.8.3
4,operational_return_rms_nearest_cross_path_median,0.04679472835816379,0.04721049446718482,107,53.5,0.0020913944545700646,-0.008712666243147371,-0.0033106358942886533,0.0025283970174502586,-0.0064626020409331575,-0.0019671025117414496,1.8.3
4,operational_return_rms_nearest_cross_path_median,0.04679472835816379,0.04721049446718482,108,54.0,0.0025263784875126753,-0.008568326535535783,-0.003020974024011554,0.0025283970174502586,-0.0064626020409331575,-0.0019671025117414496,1.8.3
4,operational_return_rms_nearest_cross_path_median,0.04679472835816379,0.04721049446718482,109,54.5,0.001768773549454602,-0.008395443651904116,-0.0033133350512247572,0.0025283970174502586,-0.0064626020409331575,-0.0019671025117414496,1.8.3
4,operational_return_rms_nearest_cross_path_median,0.04679472835816379,0.04721049446718482,110,55.0,0.0030824427853408656,-0.008440800105983998,-0.002679178660321566,0.0025283970174502586,-0.0064626020409331575,-0.0019671025117414496,1.8.3
4,operational_return_rms_nearest_cross_path_median,0.04679472835816379,0.04721049446718482,111,55.5,0.0026102561401148343,-0.008982845122802494,-0.0031862944913438294,0.0025283970174502586,-0.0064626020409331575,-0.0019671025117414496,1.8.3
4,operational_return_rms_nearest_cross_path_median,0.04679472835816379,0.04721049446718482,112,56.0,0.0012198745265003144,-0.00993348959159085,-0.004356807532545267,0.0025283970174502586,-0.008982845122802494,-0.0032272240526761177,1.8.3
4,operational_return_rms_nearest_cross_path_median,0.04679472835816379,0.04721049446718482,113,56.5,0.0016853138030920088,-0.01161646258534918,-0.004965574391128586,0.0025283970174502586,-0.008982845122802494,-0.0032272240526761177,1.8.3
4,operational_return_rms_nearest_cross_path_median,0.04679472835816379,0.04721049446718482,114,57.0,0.0019144338985884683,-0.011475983420373759,-0.0047807747608926456,0.0025283970174502586,-0.008982845122802494,-0.0032272240526761177,1.8.3
4,operational_return_rms_nearest_cross_path_median,0.04679472835816379,0.04721049446718482,115,57.5,0.0004774580795468344,-0.011029862439017893,-0.005276202179735529,0.0025283970174502586,-0.008982845122802494,-0.0032272240526761177,1.8.3
4,operational_return_rms_nearest_cross_path_median,0.04679472835816379,0.04721049446718482,116,58.0,0.0014616858538710773,-0.01362308007773809,-0.006080697111933506,0.0025283970174502586,-0.008982845122802494,-0.0032272240526761177,1.8.3
4,operational_return_rms_nearest_cross_path_median,0.04679472835816379,0.04721049446718482,117,58.5,0.0005631189414214324,-0.01329144954803553,-0.006364165303307049,0.0025283970174502586,-0.008982845122802494,-0.0032272240526761177,1.8.3
4,operational_return_rms_nearest_cross_path_median,0.04679472835816379,0.04721049446718482,118,59.0,0.001471476850359759,-0.01320548789709472,-0.00586700552336748,0.0025283970174502586,-0.008982845122802494,-0.0032272240526761177,1.8.3
4,operational_return_rms_nearest_cross_path_median,0.04679472835816379,0.04721049446718482,119,59.5,0.0017323690247414928,-0.013026908372749266,-0.0056472696740038865,0.0025283970174502586,-0.008982845122802494,-0.0032272240526761177,1.8.3
4,operational_return_rms_nearest_cross_path_median,0.04679472835816379,0.04721049446718482,120,60.0,0.0009668505282256692,-0.014766948365606214,-0.006900048918690272,0.0025283970174502586,-0.008982845122802494,-0.0032272240526761177,1.8.3
4,operational_return_rms_nearest_cross_path_median,0.04679472835816379,0.04721049446718482,121,60.5,-0.0015578737393556197,-0.0143981394020158,-0.00797800657068571,0.0025283970174502586,-0.008982845122802494,-0.0032272240526761177,1.8.3
4,operational_return_rms_nearest_cross_path_median,0.04679472835816379,0.04721049446718482,122,61.0,-0.0013319024303574817,-0.014241838292869388,-0.007786870361613435,0.0025283970174502586,-0.008982845122802494,-0.0032272240526761177,1.8.3
4,operational_return_rms_nearest_cross_path_median,0.04679472835816379,0.04721049446718482,123,61.5,-0.001781066479128443,-0.014986642396738553,-0.008383854437933498,0.0025283970174502586,-0.008982845122802494,-0.0032272240526761177,1.8.3
4,operational_return_rms_nearest_cross_path_median,0.04679472835816379,0.04721049446718482,124,62.0,-0.0023180838265821346,-0.015646734712999155,-0.008982409269790645,0.0025283970174502586,-0.008982845122802494,-0.0032272240526761177,1.8.3
4,operational_return_rms_nearest_cross_path_median,0.04679472835816379,0.04721049446718482,125,62.5,-0.0022797919194491867,-0.016568403068016616,-0.009424097493732901,0.0025283970174502586,-0.015646734712999155,-0.0065591688477744485,1.8.3
4,operational_return_rms_nearest_cross_path_median,0.04679472835816379,0.04721049446718482,126,63.0,-0.001343931223688366,-0.016879805068846038,-0.009111868146267202,0.0025283970174502586,-0.015646734712999155,-0.0065591688477744485,1.8.3
4,operational_return_rms_nearest_cross_path_median,0.04679472835816379,0.04721049446718482,127,63.5,-0.0005603777005212529,-0.01701749610873056,-0.008788936904625906,0.0025283970174502586,-0.015646734712999155,-0.0065591688477744485,1.8.3
4,operational_return_rms_nearest_cross_path_median,0.04679472835816379,0.04721049446718482,128,64.0,0.00021417532486428675,-0.0174086840708384,-0.008597254372987057,0.0025283970174502586,-0.015646734712999155,-0.0065591688477744485,1.8.3
4,operational_return_rms_nearest_cross_path_median,0.04679472835816379,0.04721049446718482,129,64.5,-0.0016968531863969238,-0.017314006451332548,-0.009505429818864736,0.0025283970174502586,-0.015646734712999155,-0.0065591688477744485,1.8.3
4,operational_return_rms_nearest_cross_path_median,0.04679472835816379,0.04721049446718482,130,65.0,-0.0013649529837394397,-0.017033269958598135,-0.009199111471168787,0.0025283970174502586,-0.017314006451332548,-0.007392804716941145,1.8.3
4,operational_return_rms_nearest_cross_path_median,0.04679472835816379,0.04721049446718482,131,65.5,-0.0011367799440855364,-0.016264068214845037,-0.008700424079465287,0.0025283970174502586,-0.017314006451332548,-0.007392804716941145,1.8.3
4,operational_return_rms_nearest_cross_path_median,0.04679472835816379,0.04721049446718482,132,66.0,0.0004863272766730651,-0.016949001289513627,-0.008231337006420281,0.0025283970174502586,-0.017314006451332548,-0.007392804716941145,1.8.3
4,operational_return_rms_nearest_cross_path_median,0.04679472835816379,0.04721049446718482,133,66.5,0.0007014999269982649,-0.016233260295892837,-0.007765880184447287,0.0004863272766730651,-0.017314006451332548,-0.008413839587329741,1.8.3
4,operational_return_rms_nearest_cross_path_median,0.04679472835816379,0.04721049446718482,134,67.0,0.0014375084332416274,-0.01677109671530584,-0.007666794141032107,0.0004863272766730651,-0.017314006451332548,-0.008413839587329741,1.8.3
4,operational_return_rms_nearest_cross_path_median,0.04679472835816379,0.04721049446718482,135,67.5,0.0008271949570106271,-0.016396449910877575,-0.007784627476933474,0.0004863272766730651,-0.017314006451332548,-0.008413839587329741,1.8.3
4,operational_return_rms_nearest_cross_path_median,0.04679472835816379,0.04721049446718482,136,68.0,0.00019332178880777446,-0.017347689510834693,-0.008577183861013459,0.0004863272766730651,-0.017314006451332548,-0.008413839587329741,1.8.3
4,operational_return_rms_nearest_cross_path_median,0.04679472835816379,0.04721049446718482,137,68.5,-0.001194475651453794,-0.018159536099080012,-0.009677005875266903,0.00019332178880777446,-0.017314006451332548,-0.008560342331262386,1.8.3
4,operational_return_rms_nearest_cross_path_median,0.04679472835816379,0.04721049446718482,138,69.0,0.0013386412823024846,-0.017391758942339575,-0.008026558830018545,0.00019332178880777446,-0.017314006451332548,-0.008560342331262386,1.8.3
4,operational_return_rms_nearest_cross_path_median,0.04679472835816379,0.04721049446718482,139,69.5,0.0017790600122066591,-0.018476736711628833,-0.008348838349711087,0.00019332178880777446,-0.017314006451332548,-0.008560342331262386,1.8.3
4,operational_return_rms_nearest_cross_path_median,0.04679472835816379,0.04721049446718482,140,70.0,0.0017245665905167003,-0.01688578054326892,-0.0075806069763761095,0.00019332178880777446,-0.017314006451332548,-0.008560342331262386,1.8.3
4,operational_return_rms_nearest_cross_path_median,0.04679472835816379,0.04721049446718482,141,70.5,0.0025240212800824936,-0.016125220739495974,-0.00680059972970674,0.00019332178880777446,-0.017314006451332548,-0.008560342331262386,1.8.3
4,operational_return_rms_nearest_cross_path_median,0.04679472835816379,0.04721049446718482,142,71.0,0.0030137433668387566,-0.014647292386845964,-0.005816774510003604,0.00019332178880777446,-0.017314006451332548,-0.008560342331262386,1.8.3
4,operational_return_rms_nearest_cross_path_median,0.04679472835816379,0.04721049446718482,143,71.5,0.0025831894196755027,-0.014021576137242989,-0.005719193358783743,0.00019332178880777446,-0.017314006451332548,-0.008560342331262386,1.8.3
4,operational_return_rms_nearest_cross_path_median,0.04679472835816379,0.04721049446718482,144,72.0,0.0036492455194433813,-0.013858856960836052,-0.0051048057206963355,0.0025831894196755027,-0.017314006451332548,-0.007365408515828523,1.8.3
4,operational_return_rms_nearest_cross_path_median,0.04679472835816379,0.04721049446718482,145,72.5,0.0024363419928479387,-0.015219978879967622,-0.006391818443559841,0.0025831894196755027,-0.017314006451332548,-0.007365408515828523,1.8.3
4,operational_return_rms_nearest_cross_path_median,0.04679472835816379,0.04721049446718482,146,73.0,0.0020727703271280957,-0.01543572430691835,-0.006681476989895127,0.0025831894196755027,-0.017314006451332548,-0.007365408515828523,1.8.3
4,operational_return_rms_nearest_cross_path_median,0.04679472835816379,0.04721049446718482,147,73.5,0.0032575862784519996,-0.015030826284403428,-0.005886620002975715,0.0025831894196755027,-0.017314006451332548,-0.007365408515828523,1.8.3
4,operational_return_rms_nearest_cross_path_median,0.04679472835816379,0.04721049446718482,148,74.0,0.005326984246583741,-0.014357876962540983,-0.004515446357978621,0.0025831894196755027,-0.017314006451332548,-0.007365408515828523,1.8.3
4,operational_return_rms_nearest_cross_path_median,0.04679472835816379,0.04721049446718482,149,74.5,0.0065799753349619705,-0.014491564100863899,-0.003955794382950965,0.0025831894196755027,-0.017314006451332548,-0.007365408515828523,1.8.3
4,operational_return_rms_nearest_cross_path_median,0.04679472835816379,0.04721049446718482,150,75.0,0.005610038327656619,-0.014217084188934581,-0.004303522930638981,0.0065799753349619705,-0.017314006451332548,-0.005367015558185289,1.8.3
4,operational_return_rms_nearest_cross_path_median,0.04679472835816379,0.04721049446718482,151,75.5,0.005919249832918274,-0.013812434539732549,-0.003946592353407137,0.0065799753349619705,-0.017314006451332548,-0.005367015558185289,1.8.3
4,operational_return_rms_nearest_cross_path_median,0.04679472835816379,0.04721049446718482,152,76.0,0.007473401747743569,-0.01455143042003304,-0.003539014336144736,0.0065799753349619705,-0.017314006451332548,-0.005367015558185289,1.8.3
4,operational_return_rms_nearest_cross_path_median,0.04679472835816379,0.04721049446718482,153,76.5,0.008110527932068814,-0.014872430505258105,-0.0033809512865946457,0.0065799753349619705,-0.017314006451332548,-0.005367015558185289,1.8.3
4,operational_return_rms_nearest_cross_path_median,0.04679472835816379,0.04721049446718482,154,77.0,0.00890308760974498,-0.012065588303441843,-0.0015812503468484312,0.0065799753349619705,-0.017314006451332548,-0.005367015558185289,1.8.3
4,operational_return_rms_nearest_cross_path_median,0.04679472835816379,0.04721049446718482,155,77.5,0.007986878219441567,-0.01186490161474478,-0.0019390116976516067,0.0065799753349619705,-0.017314006451332548,-0.005367015558185289,1.8.3
4,operational_return_rms_nearest_cross_path_median,0.04679472835816379,0.04721049446718482,156,78.0,0.005536308115579531,-0.013961558717776643,-0.004212625301098555,0.0065799753349619705,-0.017314006451332548,-0.005367015558185289,1.8.3
4,operational_return_rms_nearest_cross_path_median,0.04679472835816379,0.04721049446718482,157,78.5,0.0039330059695707065,-0.014216904389596913,-0.005141949210013103,0.005536308115579531,-0.017314006451332548,-0.005888849167876508,1.8.3
4,operational_return_rms_nearest_cross_path_median,0.04679472835816379,0.04721049446718482,158,79.0,0.0022819202929571145,-0.012522360430765031,-0.005120220068903958,0.005536308115579531,-0.017314006451332548,-0.005888849167876508,1.8.3
4,operational_return_rms_nearest_cross_path_median,0.04679472835816379,0.04721049446718482,159,79.5,0.0017680486438178143,-0.013539037515882521,-0.005885494436032353,0.005536308115579531,-0.017314006451332548,-0.005888849167876508,1.8.3
4,operational_return_rms_nearest_cross_path_median,0.04679472835816379,0.04721049446718482,160,80.0,0.000956782451359157,-0.012760723751885014,-0.005901970650262929,0.005536308115579531,-0.017314006451332548,-0.005888849167876508,1.8.3
4,operational_return_rms_nearest_cross_path_median,0.04679472835816379,0.04721049446718482,161,80.5,0.0011315416697081698,-0.012683633507507439,-0.005776045918899634,0.005536308115579531,-0.017314006451332548,-0.005888849167876508,1.8.3
4,operational_return_rms_nearest_cross_path_median,0.04679472835816379,0.04721049446718482,162,81.0,-0.0006335104447600937,-0.01176302600762505,-0.0061982682261925715,0.005536308115579531,-0.017314006451332548,-0.005888849167876508,1.8.3
4,operational_return_rms_nearest_cross_path_median,0.04679472835816379,0.04721049446718482,163,81.5,-0.0018367199778609178,-0.012553489038887908,-0.007195104508374413,0.005536308115579531,-0.017314006451332548,-0.005888849167876508,1.8.3
4,operational_return_rms_nearest_cross_path_median,0.04679472835816379,0.04721049446718482,164,82.0,-0.0013327589022615327,-0.012329196579553364,-0.0068309777409074485,0.005536308115579531,-0.017314006451332548,-0.005888849167876508,1.8.3
4,operational_return_rms_nearest_cross_path_median,0.04679472835816379,0.04721049446718482,165,82.5,-0.0003678200926380826,-0.011482000933740272,-0.005924910513189177,0.005536308115579531,-0.017314006451332548,-0.005888849167876508,1.8.3
4,operational_return_rms_nearest_cross_path_median,0.04679472835816379,0.04721049446718482,166,83.0,-0.0007587644861469234,-0.010706574447981801,-0.005732669467064362,0.005536308115579531,-0.017314006451332548,-0.005888849167876508,1.8.3
4,operational_return_rms_nearest_cross_path_median,0.04679472835816379,0.04721049446718482,167,83.5,-0.0009720364183549157,-0.008980638666519089,-0.004976337542437002,0.005536308115579531,-0.017314006451332548,-0.005888849167876508,1.8.3
4,operational_return_rms_nearest_cross_path_median,0.04679472835816379,0.04721049446718482,168,84.0,-0.0008294987693953787,-0.010069625537421967,-0.005449562153408673,0.005536308115579531,-0.017314006451332548,-0.005888849167876508,1.8.3
4,operational_return_rms_nearest_cross_path_median,0.04679472835816379,0.04721049446718482,169,84.5,0.000569223277559992,-0.010463466177801792,-0.0049471214501209,0.005536308115579531,-0.010069625537421967,-0.0022666587109212177,1.8.3
4,operational_return_rms_nearest_cross_path_median,0.04679472835816379,0.04721049446718482,170,85.0,-4.07881696490725e-05,-0.01056001777102207,-0.0053004029703355715,0.005536308115579531,-0.010069625537421967,-0.0022666587109212177,1.8.3
4,operational_return_rms_nearest_cross_path_median,0.04679472835816379,0.04721049446718482,171,85.5,9.30649529440449e-05,-0.010124583359910344,-0.0050157592034831494,0.005536308115579531,-0.010069625537421967,-0.0022666587109212177,1.8.3
4,operational_return_rms_nearest_cross_path_median,0.04679472835816379,0.04721049446718482,172,86.0,0.0004922521594033176,-0.009359654674187187,-0.004433701257391935,0.005536308115579531,-0.010069625537421967,-0.0022666587109212177,1.8.3
4,operational_return_rms_nearest_cross_path_median,0.04679472835816379,0.04721049446718482,173,86.5,0.002247306006264926,-0.008056649417005651,-0.0029046717053703625,0.005536308115579531,-0.010069625537421967,-0.0022666587109212177,1.8.3
4,operational_return_rms_nearest_cross_path_median,0.04679472835816379,0.04721049446718482,174,87.0,0.0031992318454661076,-0.009527279123814736,-0.0031640236391743144,0.005536308115579531,-0.010069625537421967,-0.0022666587109212177,1.8.3
4,operational_return_rms_nearest_cross_path_median,0.04679472835816379,0.04721049446718482,175,87.5,0.004147398478967669,-0.01043421038441944,-0.0031434059527258853,0.0031992318454661076,-0.010069625537421967,-0.00343519684597793,1.8.3
4,operational_return_rms_nearest_cross_path_median,0.04679472835816379,0.04721049446718482,176,88.0,0.004526139130183177,-0.009975601880464202,-0.0027247313751405126,0.0031992318454661076,-0.010069625537421967,-0.00343519684597793,1.8.3
4,operational_return_rms_nearest_cross_path_median,0.04679472835816379,0.04721049446718482,177,88.5,0.005332167654897762,-0.010610914444069683,-0.0026393733945859602,0.0031992318454661076,-0.010069625537421967,-0.00343519684597793,1.8.3
4,operational_return_rms_nearest_cross_path_median,0.04679472835816379,0.04721049446718482,178,89.0,0.004693730808135847,-0.009694810160152181,-0.002500539676008167,0.0031992318454661076,-0.010069625537421967,-0.00343519684597793,1.8.3
4,operational_return_rms_nearest_cross_path_median,0.04679472835816379,0.04721049446718482,179,89.5,0.005277759363265102,-0.010567421785278558,-0.002644831211006728,0.0031992318454661076,-0.010069625537421967,-0.00343519684597793,1.8.3
4,operational_return_rms_nearest_cross_path_median,0.04679472835816379,0.04721049446718482,180,90.0,0.0036411068200213215,-0.010107268344178424,-0.0032330807620785515,0.0031992318454661076,-0.010069625537421967,-0.00343519684597793,1.8.3
4,operational_return_rms_nearest_cross_path_median,0.04679472835816379,0.04721049446718482,181,90.5,0.0031964520737779376,-0.010087624091535255,-0.0034455860088786587,0.0031992318454661076,-0.010069625537421967,-0.00343519684597793,1.8.3
4,operational_return_rms_nearest_cross_path_median,0.04679472835816379,0.04721049446718482,182,91.0,0.00185630071972421,-0.009571068134824362,-0.003857383707550076,0.0031992318454661076,-0.010069625537421967,-0.00343519684597793,1.8.3
4,operational_return_rms_nearest_cross_path_median,0.04679472835816379,0.04721049446718482,183,91.5,0.0021711614656394294,-0.009516892751006104,-0.003672865642683337,0.00185630071972421,-0.010069625537421967,-0.004106662408848878,1.8.3
4,operational_return_rms_nearest_cross_path_median,0.04679472835816379,0.04721049446718482,184,92.0,0.0026032684693363894,-0.009790424194431824,-0.003593577862547717,0.00185630071972421,-0.010069625537421967,-0.004106662408848878,1.8.3
4,operational_return_rms_nearest_cross_path_median,0.04679472835816379,0.04721049446718482,185,92.5,0.004766822732823739,-0.01012910560084107,-0.002681141434008666,0.00185630071972421,-0.010069625537421967,-0.004106662408848878,1.8.3
4,operational_return_rms_nearest_cross_path_median,0.04679472835816379,0.04721049446718482,186,93.0,0.005148012667290019,-0.010266652886572636,-0.0025593201096413085,0.00185630071972421,-0.010069625537421967,-0.004106662408848878,1.8.3
4,operational_return_rms_nearest_cross_path_median,0.04679472835816379,0.04721049446718482,187,93.5,0.004499698485369269,-0.008945521233523365,-0.002222911374077048,0.00185630071972421,-0.010069625537421967,-0.004106662408848878,1.8.3
4,operational_return_rms_nearest_cross_path_median,0.04679472835816379,0.04721049446718482,188,94.0,0.002417104087381256,-0.01003587393539529,-0.0038093849240070166,0.00185630071972421,-0.010069625537421967,-0.004106662408848878,1.8.3
4,operational_return_rms_nearest_cross_path_median,0.04679472835816379,0.04721049446718482,189,94.5,0.001343653168680457,-0.009239961518880263,-0.003948154175099903,0.00185630071972421,-0.010069625537421967,-0.004106662408848878,1.8.3
4,operational_return_rms_nearest_cross_path_median,0.04679472835816379,0.04721049446718482,190,95.0,0.0012329650881215245,-0.00917553635633786,-0.003971285634108168,0.00185630071972421,-0.010069625537421967,-0.004106662408848878,1.8.3
4,operational_return_rms_nearest_cross_path_median,0.04679472835816379,0.04721049446718482,191,95.5,0.0013770166827718501,-0.009854643532687321,-0.004238813424957736,0.00185630071972421,-0.010069625537421967,-0.004106662408848878,1.8.3
4,operational_return_rms_nearest_cross_path_median,0.04679472835816379,0.04721049446718482,192,96.0,-0.00043443303428250535,-0.01099633042456237,-0.005715381729422438,0.00185630071972421,-0.010069625537421967,-0.004106662408848878,1.8.3
4,operational_return_rms_nearest_cross_path_median,0.04679472835816379,0.04721049446718482,193,96.5,-0.00045944838025729906,-0.010435975435227618,-0.0054477119077424585,-0.00043443303428250535,-0.010069625537421967,-0.005252029285852236,1.8.3
4,operational_return_rms_nearest_cross_path_median,0.04679472835816379,0.04721049446718482,194,97.0,0.0017968163429213846,-0.00962826440935119,-0.003915724033214902,-0.00043443303428250535,-0.010069625537421967,-0.005252029285852236,1.8.3
4,operational_return_rms_nearest_cross_path_median,0.04679472835816379,0.04721049446718482,195,97.5,0.0019234092419031575,-0.00856329004991467,-0.0033199404040057568,-0.00043443303428250535,-0.010069625537421967,-0.005252029285852236,1.8.3
4,operational_return_rms_nearest_cross_path_median,0.04679472835816379,0.04721049446718482,196,98.0,0.0020923221324904845,-0.00788252359462882,-0.002895100731069168,-0.00043443303428250535,-0.010069625537421967,-0.005252029285852236,1.8.3
4,operational_return_rms_nearest_cross_path_median,0.04679472835816379,0.04721049446718482,197,98.5,0.00155690725392373,-0.007784937180435103,-0.0031140149632556866,-0.00043443303428250535,-0.010069625537421967,-0.005252029285852236,1.8.3
4,operational_return_rms_nearest_cross_path_median,0.04679472835816379,0.04721049446718482,198,99.0,0.0013590565124093395,-0.007617787775714965,-0.003129365631652813,-0.00043443303428250535,-0.007784937180435103,-0.004109685107358804,1.8.3
4,operational_return_rms_nearest_cross_path_median,0.04679472835816379,0.04721049446718482,199,99.5,0.002376118922313146,-0.00699596914041857,-0.002309925109052712,-0.00043443303428250535,-0.007784937180435103,-0.004109685107358804,1.8.3
4,operational_return_rms_nearest_cross_path_median,0.04679472835816379,0.04721049446718482,200,100.0,0.0016356596323342865,-0.007217088705172167,-0.00279071453641894,-0.00043443303428250535,-0.007784937180435103,-0.004109685107358804,1.8.3
4,operational_return_rms_nearest_cross_path_median,0.04679472835816379,0.04721049446718482,201,100.5,-0.0008502458093912757,-0.007098924867455336,-0.003974585338423306,-0.00043443303428250535,-0.007784937180435103,-0.004109685107358804,1.8.3
4,operational_return_rms_nearest_cross_path_median,0.04679472835816379,0.04721049446718482,202,101.0,-5.062825049520492e-05,-0.006117253166359249,-0.003083940708427227,-0.00043443303428250535,-0.007784937180435103,-0.004109685107358804,1.8.3
4,operational_return_rms_nearest_cross_path_median,0.04679472835816379,0.04721049446718482,203,101.5,-0.0003282845857811856,-0.007659975631283469,-0.0039941301085323275,-0.00043443303428250535,-0.007784937180435103,-0.004109685107358804,1.8.3
4,operational_return_rms_nearest_cross_path_median,0.04679472835816379,0.04721049446718482,204,102.0,-0.0006041778197743569,-0.0074387901150321095,-0.004021483967403233,-0.00043443303428250535,-0.007784937180435103,-0.004109685107358804,1.8.3
4,operational_return_rms_nearest_cross_path_median,0.04679472835816379,0.04721049446718482,205,102.5,-0.00040810891148299056,-0.00789781447848227,-0.004152961694982631,-0.00043443303428250535,-0.007784937180435103,-0.004109685107358804,1.8.3
4,operational_return_rms_nearest_cross_path_median,0.04679472835816379,0.04721049446718482,206,103.0,0.0006168944578508695,-0.007690934200360225,-0.0035370198712546775,-0.00043443303428250535,-0.007784937180435103,-0.004109685107358804,1.8.3
4,operational_return_rms_nearest_cross_path_median,0.04679472835816379,0.04721049446718482,207,103.5,-0.0011338294327714882,-0.0060904580541855935,-0.003612143743478541,-0.00043443303428250535,-0.007784937180435103,-0.004109685107358804,1.8.3
4,operational_return_rms_nearest_cross_path_median,0.04679472835816379,0.04721049446718482,208,104.0,0.0005078118772030616,-0.007868566868854121,-0.00368037749582553,-0.00043443303428250535,-0.007784937180435103,-0.004109685107358804,1.8.3
4,operational_return_rms_nearest_cross_path_median,0.04679472835816379,0.04721049446718482,209,104.5,0.0008843019662143031,-0.0079142884250515,-0.003514993229418598,-0.00043443303428250535,-0.007784937180435103,-0.004109685107358804,1.8.3
4,operational_return_rms_nearest_cross_path_median,0.04679472835816379,0.04721049446718482,210,105.0,0.0007105470011571436,-0.007787336964910352,-0.003538394981876604,-0.00043443303428250535,-0.0079142884250515,-0.004174360729667002,1.8.3
4,operational_return_rms_nearest_cross_path_median,0.04679472835816379,0.04721049446718482,211,105.5,-0.00011813399173439543,-0.00806014378453647,-0.004089138888135432,-0.00043443303428250535,-0.0079142884250515,-0.004174360729667002,1.8.3
4,operational_return_rms_nearest_cross_path_median,0.04679472835816379,0.04721049446718482,212,106.0,0.00016779685436566175,-0.008209765586248127,-0.004020984365941233,-0.00043443303428250535,-0.0079142884250515,-0.004174360729667002,1.8.3
4,operational_return_rms_nearest_cross_path_median,0.04679472835816379,0.04721049446718482,213,106.5,-0.0004649564483057561,-0.00811006535099304,-0.004287510899649398,-0.00043443303428250535,-0.008209765586248127,-0.004322099310265316,1.8.3
4,operational_return_rms_nearest_cross_path_median,0.04679472835816379,0.04721049446718482,214,107.0,-0.0004019997953608745,-0.007212023544294149,-0.003807011669827512,-0.00043443303428250535,-0.008209765586248127,-0.004322099310265316,1.8.3
4,operational_return_rms_nearest_cross_path_median,0.04679472835816379,0.04721049446718482,215,107.5,-0.001215643859063864,-0.008225219304127132,-0.004720431581595498,-0.00043443303428250535,-0.008209765586248127,-0.004322099310265316,1.8.3
4,operational_return_rms_nearest_cross_path_median,0.04679472835816379,0.04721049446718482,216,108.0,-0.0019415898612590438,-0.00977392415494735,-0.005857757008103197,-0.00043443303428250535,-0.008209765586248127,-0.004322099310265316,1.8.3
4,operational_return_rms_nearest_cross_path_median,0.04679472835816379,0.04721049446718482,217,108.5,-0.00021827051121216245,-0.012183166918627406,-0.006200718714919784,-0.00043443303428250535,-0.008209765586248127,-0.004322099310265316,1.8.3
4,operational_return_rms_nearest_cross_path_median,0.04679472835816379,0.04721049446718482,218,109.0,-0.0013446239171776009,-0.011441720984646242,-0.0063931724509119214,-0.00043443303428250535,-0.008209765586248127,-0.004322099310265316,1.8.3
4,operational_return_rms_nearest_cross_path_median,0.04679472835816379,0.04721049446718482,219,109.5,-0.0026087552056515695,-0.013318698735919204,-0.007963726970785387,-0.00043443303428250535,-0.008209765586248127,-0.004322099310265316,1.8.3
4,operational_return_rms_nearest_cross_path_median,0.04679472835816379,0.04721049446718482,220,110.0,-0.002884240946366759,-0.014609033361704105,-0.008746637154035432,-0.00043443303428250535,-0.008209765586248127,-0.004322099310265316,1.8.3
4,operational_return_rms_nearest_cross_path_median,0.04679472835816379,0.04721049446718482,221,110.5,-0.0030900977976218574,-0.013991961608503453,-0.008541029703062655,-0.00043443303428250535,-0.008209765586248127,-0.004322099310265316,1.8.3
4,operational_return_rms_nearest_cross_path_median,0.04679472835816379,0.04721049446718482,222,111.0,-0.0027169247109486844,-0.013973631395166733,-0.008345278053057709,-0.00043443303428250535,-0.008209765586248127,-0.004322099310265316,1.8.3
4,operational_return_rms_nearest_cross_path_median,0.04679472835816379,0.04721049446718482,223,111.5,-0.0041445450519355664,-0.014104887676746544,-0.009124716364341055,-0.00043443303428250535,-0.008209765586248127,-0.004322099310265316,1.8.3
4,operational_return_rms_nearest_cross_path_median,0.04679472835816379,0.04721049446718482,224,112.0,-0.0031594678328305953,-0.013374326309215923,-0.008266897071023259,-0.00043443303428250535,-0.008209765586248127,-0.004322099310265316,1.8.3
4,operational_return_rms_nearest_cross_path_median,0.04679472835816379,0.04721049446718482,225,112.5,-0.004560772469646174,-0.012731073391908598,-0.008645922930777386,-0.00043443303428250535,-0.008209765586248127,-0.004322099310265316,1.8.3
4,operational_return_rms_nearest_cross_path_median,0.04679472835816379,0.04721049446718482,226,113.0,-0.004445463181032089,-0.012725354997309715,-0.008585409089170902,-0.00043443303428250535,-0.008209765586248127,-0.004322099310265316,1.8.3
4,operational_return_rms_nearest_cross_path_median,0.04679472835816379,0.04721049446718482,227,113.5,-0.004934088334714301,-0.012353189867515338,-0.00864363910111482,-0.00043443303428250535,-0.008209765586248127,-0.004322099310265316,1.8.3
4,operational_return_rms_nearest_cross_path_median,0.04679472835816379,0.04721049446718482,228,114.0,-0.007324060122797849,-0.01210920700602558,-0.009716633564411714,-0.00043443303428250535,-0.008209765586248127,-0.004322099310265316,1.8.3
4,operational_return_rms_nearest_cross_path_median,0.04679472835816379,0.04721049446718482,229,114.5,-0.007079841957498403,-0.011510292640989891,-0.009295067299244147,-0.00043443303428250535,-0.008209765586248127,-0.004322099310265316,1.8.3
4,operational_return_rms_nearest_cross_path_median,0.04679472835816379,0.04721049446718482,230,115.0,-0.007650958888192921,-0.011047684723545878,-0.0093493218058694,-0.00043443303428250535,-0.008209765586248127,-0.004322099310265316,1.8.3
4,operational_return_rms_nearest_cross_path_median,0.04679472835816379,0.04721049446718482,231,115.5,-0.0072939303303331815,-0.010206624924293653,-0.008750277627313417,-0.00043443303428250535,-0.008209765586248127,-0.004322099310265316,1.8.3
4,operational_return_rms_nearest_cross_path_median,0.04679472835816379,0.04721049446718482,232,116.0,-0.007041649216821488,-0.011328715617728038,-0.009185182417274763,-0.00043443303428250535,-0.008209765586248127,-0.004322099310265316,1.8.3
4,operational_return_rms_nearest_cross_path_median,0.04679472835816379,0.04721049446718482,233,116.5,-0.007225826635370941,-0.012648254168744585,-0.009937040402057763,-0.00043443303428250535,-0.008209765586248127,-0.004322099310265316,1.8.3
4,operational_return_rms_nearest_cross_path_median,0.04679472835816379,0.04721049446718482,234,117.0,-0.00659096924786301,-0.012090942535633004,-0.009340955891748007,-0.00043443303428250535,-0.008209765586248127,-0.004322099310265316,1.8.3
4,operational_return_rms_nearest_cross_path_median,0.04679472835816379,0.04721049446718482,235,117.5,-0.0031830714560970447,-0.012542972169527516,-0.00786302181281228,-0.00043443303428250535,-0.008209765586248127,-0.004322099310265316,1.8.3
4,operational_return_rms_nearest_cross_path_median,0.04679472835816379,0.04721049446718482,236,118.0,-0.005457289065491339,-0.014269246851280296,-0.009863267958385817,-0.00043443303428250535,-0.008209765586248127,-0.004322099310265316,1.8.3
4,operational_return_rms_nearest_cross_path_median,0.04679472835816379,0.04721049446718482,237,118.5,-0.004571985696930361,-0.013285704278476612,-0.008928844987703487,-0.00043443303428250535,-0.008209765586248127,-0.004322099310265316,1.8.3
4,operational_return_rms_nearest_cross_path_median,0.04679472835816379,0.04721049446718482,238,119.0,-0.0040625725469186635,-0.014041948447161515,-0.009052260497040089,-0.00043443303428250535,-0.008209765586248127,-0.004322099310265316,1.8.3
4,operational_return_rms_nearest_cross_path_median,0.04679472835816379,0.04721049446718482,239,119.5,-0.004728768882188025,-0.014158007744949325,-0.009443388313568675,-0.00043443303428250535,-0.008209765586248127,-0.004322099310265316,1.8.3
4,operational_return_rms_nearest_cross_path_median,0.04679472835816379,0.04721049446718482,240,120.0,-0.006029950358782343,-0.013641469954566013,-0.009835710156674178,-0.00043443303428250535,-0.008209765586248127,-0.004322099310265316,1.8.3
4,operational_return_rms_nearest_cross_path_median,0.04679472835816379,0.04721049446718482,241,120.5,-0.007423213632248862,-0.014547139280036495,-0.010985176456142678,-0.00043443303428250535,-0.008209765586248127,-0.004322099310265316,1.8.3
4,operational_return_rms_nearest_cross_path_median,0.04679472835816379,0.04721049446718482,242,121.0,-0.005847235958283292,-0.01427764497262278,-0.010062440465453036,-0.00043443303428250535,-0.008209765586248127,-0.004322099310265316,1.8.3
4,operational_return_rms_nearest_cross_path_median,0.04679472835816379,0.04721049446718482,243,121.5,-0.006496323700903764,-0.012633205177529402,-0.009564764439216583,-0.00043443303428250535,-0.008209765586248127,-0.004322099310265316,1.8.3
4,operational_return_rms_nearest_cross_path_median,0.04679472835816379,0.04721049446718482,244,122.0,-0.006542752116339978,-0.012465328885630358,-0.009504040500985168,-0.00043443303428250535,-0.008209765586248127,-0.004322099310265316,1.8.3
4,operational_return_rms_nearest_cross_path_median,0.04679472835816379,0.04721049446718482,245,122.5,-0.005132311036991882,-0.01307897248441972,-0.009105641760705802,-0.00043443303428250535,-0.008209765586248127,-0.004322099310265316,1.8.3
4,operational_return_rms_nearest_cross_path_median,0.04679472835816379,0.04721049446718482,246,123.0,-0.005819542003035458,-0.012480924865718918,-0.009150233434377188,-0.00043443303428250535,-0.008209765586248127,-0.004322099310265316,1.8.3
4,operational_return_rms_nearest_cross_path_median,0.04679472835816379,0.04721049446718482,247,123.5,-0.005837340909336547,-0.012822644962848212,-0.00932999293609238,-0.00043443303428250535,-0.008209765586248127,-0.004322099310265316,1.8.3
4,operational_return_rms_nearest_cross_path_median,0.04679472835816379,0.04721049446718482,248,124.0,-0.007062035743982412,-0.013102244856657716,-0.010082140300320064,-0.00043443303428250535,-0.008209765586248127,-0.004322099310265316,1.8.3
4,operational_return_rms_nearest_cross_path_median,0.04679472835816379,0.04721049446718482,249,124.5,-0.007548769474007996,-0.012107545598437339,-0.009828157536222668,-0.00043443303428250535,-0.008209765586248127,-0.004322099310265316,1.8.3
4,operational_return_rms_nearest_cross_path_median,0.04679472835816379,0.04721049446718482,250,125.0,-0.006247279021356147,-0.012039771528258261,-0.009143525274807204,-0.00043443303428250535,-0.008209765586248127,-0.004322099310265316,1.8.3
4,operational_return_rms_nearest_cross_path_median,0.04679472835816379,0.04721049446718482,251,125.5,-0.0066961422546597815,-0.010896398636746712,-0.008796270445703247,-0.00043443303428250535,-0.008209765586248127,-0.004322099310265316,1.8.3
4,operational_return_rms_nearest_cross_path_median,0.04679472835816379,0.04721049446718482,252,126.0,-0.0064233526194562435,-0.010754941374926705,-0.008589146997191474,-0.00043443303428250535,-0.008209765586248127,-0.004322099310265316,1.8.3
4,operational_return_rms_nearest_cross_path_median,0.04679472835816379,0.04721049446718482,253,126.5,-0.007053961166619854,-0.010090018554082175,-0.008571989860351015,-0.00043443303428250535,-0.008209765586248127,-0.004322099310265316,1.8.3
4,operational_return_rms_nearest_cross_path_median,0.04679472835816379,0.04721049446718482,254,127.0,-0.006694240335416324,-0.011355541770948815,-0.00902489105318257,-0.00043443303428250535,-0.008209765586248127,-0.004322099310265316,1.8.3
4,operational_return_rms_nearest_cross_path_median,0.04679472835816379,0.04721049446718482,255,127.5,-0.006523602149963628,-0.0116016148766947,-0.009062608513329164,-0.00043443303428250535,-0.008209765586248127,-0.004322099310265316,1.8.3
4,operational_return_rms_nearest_cross_path_median,0.04679472835816379,0.04721049446718482,256,128.0,-0.0054944653562377516,-0.010787653830436075,-0.008141059593336913,-0.00043443303428250535,-0.008209765586248127,-0.004322099310265316,1.8.3
4,operational_return_rms_nearest_cross_path_median,0.04679472835816379,0.04721049446718482,257,128.5,-0.005881751073356423,-0.007931087348486396,-0.006906419210921409,-0.00043443303428250535,-0.008209765586248127,-0.004322099310265316,1.8.3
4,operational_return_rms_nearest_cross_path_median,0.04679472835816379,0.04721049446718482,258,129.0,-0.005532227163471584,-0.006980243990418897,-0.0062562355769452405,-0.00043443303428250535,-0.008209765586248127,-0.004322099310265316,1.8.3
4,operational_return_rms_nearest_cross_path_median,0.04679472835816379,0.04721049446718482,259,129.5,-0.0031814416587714056,-0.007358232551151853,-0.005269837104961629,-0.00043443303428250535,-0.008209765586248127,-0.004322099310265316,1.8.3
4,operational_return_rms_nearest_cross_path_median,0.04679472835816379,0.04721049446718482,260,130.0,-0.0034493687081841168,-0.009074831468660172,-0.006262100088422144,-0.00043443303428250535,-0.008209765586248127,-0.004322099310265316,1.8.3
4,operational_return_rms_nearest_cross_path_median,0.04679472835816379,0.04721049446718482,261,130.5,-0.0037761560787950565,-0.008375051766022767,-0.006075603922408912,-0.0034493687081841168,-0.008209765586248127,-0.005829567147216122,1.8.3
4,operational_return_rms_nearest_cross_path_median,0.04679472835816379,0.04721049446718482,262,131.0,-0.0056284888275422995,-0.007301562866586411,-0.006465025847064355,-0.0034493687081841168,-0.008209765586248127,-0.005829567147216122,1.8.3
4,operational_return_rms_nearest_cross_path_median,0.04679472835816379,0.04721049446718482,263,131.5,-0.005478053423110599,-0.006757294008576539,-0.006117673715843569,-0.0034493687081841168,-0.008209765586248127,-0.005829567147216122,1.8.3
4,operational_return_rms_nearest_cross_path_median,0.04679472835816379,0.04721049446718482,264,132.0,-0.0071684255535359315,-0.006213298128227296,-0.006690861840881614,-0.0034493687081841168,-0.008209765586248127,-0.005829567147216122,1.8.3
4,operational_return_rms_nearest_cross_path_median,0.04679472835816379,0.04721049446718482,265,132.5,-0.008030291175277426,-0.00679488362718228,-0.007412587401229853,-0.0034493687081841168,-0.008209765586248127,-0.005829567147216122,1.8.3
4,operational_return_rms_nearest_cross_path_median,0.04679472835816379,0.04721049446718482,266,133.0,-0.008325835460788925,-0.008792528649756576,-0.00855918205527275,-0.0034493687081841168,-0.008209765586248127,-0.005829567147216122,1.8.3
4,operational_return_rms_nearest_cross_path_median,0.04679472835816379,0.04721049446718482,267,133.5,-0.008382298519051576,-0.009104565424624636,-0.008743431971838106,-0.0034493687081841168,-0.008209765586248127,-0.005829567147216122,1.8.3
4,operational_return_rms_nearest_cross_path_median,0.04679472835816379,0.04721049446718482,268,134.0,-0.006152821778470485,-0.009808440880536923,-0.007980631329503704,-0.0034493687081841168,-0.009104565424624636,-0.006276967066404376,1.8.3
4,operational_return_rms_nearest_cross_path_median,0.04679472835816379,0.04721049446718482,269,134.5,-0.006957948073596162,-0.009951635156808025,-0.008454791615202094,-0.0034493687081841168,-0.009104565424624636,-0.006276967066404376,1.8.3
4,operational_return_rms_nearest_cross_path_median,0.04679472835816379,0.04721049446718482,270,135.0,-0.006171826486170803,-0.011619311386771955,-0.00889556893647138,-0.0034493687081841168,-0.009951635156808025,-0.006700501932496071,1.8.3
4,operational_return_rms_nearest_cross_path_median,0.04679472835816379,0.04721049446718482,271,135.5,-0.005692732833300476,-0.012182668633717239,-0.008937700733508858,-0.0034493687081841168,-0.009951635156808025,-0.006700501932496071,1.8.3
4,operational_return_rms_nearest_cross_path_median,0.04679472835816379,0.04721049446718482,272,136.0,-0.006847542889839395,-0.012795238366414857,-0.009821390628127126,-0.0034493687081841168,-0.009951635156808025,-0.006700501932496071,1.8.3
4,operational_return_rms_nearest_cross_path_median,0.04679472835816379,0.04721049446718482,273,136.5,-0.006544098805496959,-0.011330899465778019,-0.008937499135637489,-0.0034493687081841168,-0.009951635156808025,-0.006700501932496071,1.8.3
4,operational_return_rms_nearest_cross_path_median,0.04679472835816379,0.04721049446718482,274,137.0,-0.005873127636378983,-0.011259973141855076,-0.00856655038911703,-0.0034493687081841168,-0.009951635156808025,-0.006700501932496071,1.8.3
4,operational_return_rms_nearest_cross_path_median,0.04679472835816379,0.04721049446718482,275,137.5,-0.005737757432348903,-0.010109755717218075,-0.007923756574783489,-0.0034493687081841168,-0.009951635156808025,-0.006700501932496071,1.8.3
4,operational_return_rms_nearest_cross_path_median,0.04679472835816379,0.04721049446718482,276,138.0,-0.006913434802382892,-0.009827772158337161,-0.008370603480360027,-0.0034493687081841168,-0.009951635156808025,-0.006700501932496071,1.8.3
4,operational_return_rms_nearest_cross_path_median,0.04679472835816379,0.04721049446718482,277,138.5,-0.005739695149503718,-0.009869907294950811,-0.0078048012222272645,-0.0034493687081841168,-0.009951635156808025,-0.006700501932496071,1.8.3
4,operational_return_rms_nearest_cross_path_median,0.04679472835816379,0.04721049446718482,278,139.0,-0.005841064036926857,-0.010546114212832108,-0.008193589124879483,-0.0034493687081841168,-0.009951635156808025,-0.006700501932496071,1.8.3
4,operational_return_rms_nearest_cross_path_median,0.04679472835816379,0.04721049446718482,279,139.5,-0.006550818358661448,-0.010567191870823459,-0.008559005114742453,-0.0034493687081841168,-0.009951635156808025,-0.006700501932496071,1.8.3
4,operational_return_rms_nearest_cross_path_median,0.04679472835816379,0.04721049446718482,280,140.0,-0.0061157379639642795,-0.008604029188510026,-0.007359883576237153,-0.0034493687081841168,-0.009951635156808025,-0.006700501932496071,1.8.3
4,operational_return_rms_nearest_cross_path_median,0.04679472835816379,0.04721049446718482,281,140.5,-0.004542452514223749,-0.008418739885620058,-0.006480596199921904,-0.0034493687081841168,-0.009951635156808025,-0.006700501932496071,1.8.3
4,operational_return_rms_nearest_cross_path_median,0.04679472835816379,0.04721049446718482,282,141.0,-0.004456595899284543,-0.0072703852578358125,-0.005863490578560178,-0.0034493687081841168,-0.009951635156808025,-0.006700501932496071,1.8.3
4,operational_return_rms_nearest_cross_path_median,0.04679472835816379,0.04721049446718482,283,141.5,-0.003979135480341706,-0.00759799524753646,-0.005788565363939083,-0.004456595899284543,-0.009951635156808025,-0.007204115528046284,1.8.3
4,operational_return_rms_nearest_cross_path_median,0.04679472835816379,0.04721049446718482,284,142.0,-0.003104889542259348,-0.00745137459170421,-0.005278132066981779,-0.004456595899284543,-0.009951635156808025,-0.007204115528046284,1.8.3
4,operational_return_rms_nearest_cross_path_median,0.04679472835816379,0.04721049446718482,285,142.5,-0.004119246459510936,-0.00736218000537367,-0.005740713232442303,-0.004456595899284543,-0.009951635156808025,-0.007204115528046284,1.8.3
4,operational_return_rms_nearest_cross_path_median,0.04679472835816379,0.04721049446718482,286,143.0,-0.0033509634812571992,-0.008058143086442218,-0.005704553283849709,-0.004456595899284543,-0.009951635156808025,-0.007204115528046284,1.8.3
4,operational_return_rms_nearest_cross_path_median,0.04679472835816379,0.04721049446718482,287,143.5,-0.001195198821874341,-0.007976616787989388,-0.004585907804931864,-0.004456595899284543,-0.009951635156808025,-0.007204115528046284,1.8.3
4,operational_return_rms_nearest_cross_path_median,0.04679472835816379,0.04721049446718482,288,144.0,-0.00014518385813581947,-0.009343443112402816,-0.004744313485269318,-0.004456595899284543,-0.009951635156808025,-0.007204115528046284,1.8.3
4,operational_return_rms_nearest_cross_path_median,0.04679472835816379,0.04721049446718482,289,144.5,0.00017835941148111625,-0.01070726842805185,-0.005264454508285367,-0.004456595899284543,-0.009951635156808025,-0.007204115528046284,1.8.3
4,operational_return_rms_nearest_cross_path_median,0.04679472835816379,0.04721049446718482,290,145.0,0.001032067399111958,-0.010820439758909978,-0.00489418617989901,-0.004456595899284543,-0.009951635156808025,-0.007204115528046284,1.8.3
4,operational_return_rms_nearest_cross_path_median,0.04679472835816379,0.04721049446718482,291,145.5,0.0009622864140668267,-0.010275582720491186,-0.004656648153212179,-0.004456595899284543,-0.009951635156808025,-0.007204115528046284,1.8.3
4,operational_return_rms_nearest_cross_path_median,0.04679472835816379,0.04721049446718482,292,146.0,0.002674001369043693,-0.00948556297106977,-0.003405780801013038,-0.004456595899284543,-0.009951635156808025,-0.007204115528046284,1.8.3
4,operational_return_rms_nearest_cross_path_median,0.04679472835816379,0.04721049446718482,293,146.5,0.0026167387519898163,-0.007591066019025983,-0.002487163633518083,-0.004456595899284543,-0.009951635156808025,-0.007204115528046284,1.8.3
4,operational_return_rms_nearest_cross_path_median,0.04679472835816379,0.04721049446718482,294,147.0,0.002165205008820305,-0.007988861856650334,-0.002911828423915014,-0.004456595899284543,-0.009951635156808025,-0.007204115528046284,1.8.3
4,operational_return_rms_nearest_cross_path_median,0.04679472835816379,0.04721049446718482,295,147.5,0.002520640488652919,-0.008799370155456607,-0.0031393648334018436,-0.004456595899284543,-0.009951635156808025,-0.007204115528046284,1.8.3
4,operational_return_rms_nearest_cross_path_median,0.04679472835816379,0.04721049446718482,296,148.0,0.0009093069867330069,-0.007980028235996639,-0.0035353606246318163,-0.004456595899284543,-0.009951635156808025,-0.007204115528046284,1.8.3
4,operational_return_rms_nearest_cross_path_median,0.04679472835816379,0.04721049446718482,297,148.5,0.0006597059123192471,-0.00835181967026026,-0.0038460568789705067,-0.004456595899284543,-0.009951635156808025,-0.007204115528046284,1.8.3
4,operational_return_rms_nearest_cross_path_median,0.04679472835816379,0.04721049446718482,298,149.0,-0.0006634148550734159,-0.008918846404436076,-0.004791130629754746,-0.004456595899284543,-0.009951635156808025,-0.007204115528046284,1.8.3
4,operational_return_rms_nearest_cross_path_median,0.04679472835816379,0.04721049446718482,299,149.5,-0.0010451893931048561,-0.006977844928798035,-0.004011517160951446,-0.004456595899284543,-0.009951635156808025,-0.007204115528046284,1.8.3
4,operational_return_rms_nearest_cross_path_median,0.04679472835816379,0.04721049446718482,300,150.0,-0.0011872131454151308,-0.0072238490921629345,-0.004205531118789033,-0.004456595899284543,-0.009951635156808025,-0.007204115528046284,1.8.3
4,operational_return_rms_nearest_cross_path_median,0.04679472835816379,0.04721049446718482,301,150.5,0.050336493948465816,-0.0075970897376037155,0.02136970210543105,-0.004456595899284543,-0.009951635156808025,-0.007204115528046284,1.8.3
4,operational_return_rms_nearest_cross_path_median,0.04679472835816379,0.04721049446718482,302,151.0,0.04482034086518934,-0.007998705104102513,0.018410817880543412,-0.004456595899284543,-0.009951635156808025,-0.007204115528046284,1.8.3
4,operational_return_rms_nearest_cross_path_median,0.04679472835816379,0.04721049446718482,303,151.5,0.04057088236926828,-0.008596011980203933,0.015987435194532173,-0.004456595899284543,-0.009951635156808025,-0.007204115528046284,1.8.3
4,operational_return_rms_nearest_cross_path_median,0.04679472835816379,0.04721049446718482,304,152.0,0.03719295113251008,-0.010032440455228858,0.013580255338640611,-0.004456595899284543,-0.008596011980203933,-0.006526303939744238,1.8.3
4,operational_return_rms_nearest_cross_path_median,0.04679472835816379,0.04721049446718482,305,152.5,0.035708393972220434,-0.00718476439099601,0.014261814790612212,-0.004456595899284543,-0.008596011980203933,-0.006526303939744238,1.8.3
4,operational_return_rms_nearest_cross_path_median,0.04679472835816379,0.04721049446718482,306,153.0,0.03419035543957732,-0.006246910764188457,0.01397172233769443,-0.004456595899284543,-0.008596011980203933,-0.006526303939744238,1.8.3
4,operational_return_rms_nearest_cross_path_median,0.04679472835816379,0.04721049446718482,307,153.5,0.03344147984273834,-0.00637437613551152,0.01353355185361341,-0.004456595899284543,-0.008596011980203933,-0.006526303939744238,1.8.3
4,operational_return_rms_nearest_cross_path_median,0.04679472835816379,0.04721049446718482,308,154.0,0.031180829601747995,-0.006866389412046453,0.012157220094850771,-0.004456595899284543,-0.008596011980203933,-0.006526303939744238,1.8.3
4,operational_return_rms_nearest_cross_path_median,0.04679472835816379,0.04721049446718482,309,154.5,0.030749296790868262,-0.0048739509609408566,0.012937672914963703,-0.004456595899284543,-0.008596011980203933,-0.006526303939744238,1.8.3
4,operational_return_rms_nearest_cross_path_median,0.04679472835816379,0.04721049446718482,310,155.0,0.0286433643182628,-0.004838480420067556,0.011902441949097621,-0.004456595899284543,-0.008596011980203933,-0.006526303939744238,1.8.3
4,operational_return_rms_nearest_cross_path_median,0.04679472835816379,0.04721049446718482,311,155.5,0.026773039309341638,-0.06080998972618295,-0.017018475208420654,-0.004456595899284543,-0.008596011980203933,-0.006526303939744238,1.8.3
4,operational_return_rms_nearest_cross_path_median,0.04679472835816379,0.04721049446718482,312,156.0,0.025908398127259053,-0.05430699825499164,-0.014199300063866294,-0.004456595899284543,-0.008596011980203933,-0.006526303939744238,1.8.3
4,operational_return_rms_nearest_cross_path_median,0.04679472835816379,0.04721049446718482,313,156.5,0.022577770247848253,-0.04993576423671442,-0.013678996994433083,-0.004456595899284543,-0.008596011980203933,-0.006526303939744238,1.8.3
4,operational_return_rms_nearest_cross_path_median,0.04679472835816379,0.04721049446718482,314,157.0,0.020494897468244632,-0.047216491989585274,-0.013360797260670321,0.022577770247848253,-0.008596011980203933,0.00699087913382216,1.8.3
4,operational_return_rms_nearest_cross_path_median,0.04679472835816379,0.04721049446718482,315,157.5,0.019604887711719046,-0.04318639146764554,-0.011790751877963246,0.022577770247848253,-0.008596011980203933,0.00699087913382216,1.8.3
4,operational_return_rms_nearest_cross_path_median,0.04679472835816379,0.04721049446718482,316,158.0,0.01965095147205204,-0.04077174990696809,-0.010560399217458024,0.022577770247848253,-0.008596011980203933,0.00699087913382216,1.8.3
4,operational_return_rms_nearest_cross_path_median,0.04679472835816379,0.04721049446718482,317,158.5,0.019850424115401874,-0.03823150771685718,-0.009190541800727654,0.022577770247848253,-0.008596011980203933,0.00699087913382216,1.8.3
4,operational_return_rms_nearest_cross_path_median,0.04679472835816379,0.04721049446718482,318,159.0,0.01988549867318325,-0.036370051216648505,-0.008242276271732627,0.022577770247848253,-0.008596011980203933,0.00699087913382216,1.8.3
4,operational_return_rms_nearest_cross_path_median,0.04679472835816379,0.04721049446718482,319,159.5,0.01740933021839292,-0.03264073713860814,-0.0076157034601076114,0.022577770247848253,-0.008596011980203933,0.00699087913382216,1.8.3
4,operational_return_rms_nearest_cross_path_median,0.04679472835816379,0.04721049446718482,320,160.0,0.01644672919049883,-0.0322050690051275,-0.007879169907314335,0.022577770247848253,-0.008596011980203933,0.00699087913382216,1.8.3
4,operational_return_rms_nearest_cross_path_median,0.04679472835816379,0.04721049446718482,321,160.5,0.07826800738261201,-0.03110604917565854,0.023580979103476736,0.022577770247848253,-0.008596011980203933,0.00699087913382216,1.8.3
4,operational_return_rms_nearest_cross_path_median,0.04679472835816379,0.04721049446718482,322,161.0,0.06572287531378024,-0.030526584554333852,0.017598145379723193,0.022577770247848253,-0.008596011980203933,0.00699087913382216,1.8.3
4,operational_return_rms_nearest_cross_path_median,0.04679472835816379,0.04721049446718482,323,161.5,0.059321749278958356,-0.03172264014139056,0.013799554568783897,0.022577770247848253,-0.008596011980203933,0.00699087913382216,1.8.3
4,operational_return_rms_nearest_cross_path_median,0.04679472835816379,0.04721049446718482,324,162.0,0.05555269637971113,-0.02981549142888998,0.012868602475410575,0.022577770247848253,-0.008596011980203933,0.00699087913382216,1.8.3
4,operational_return_rms_nearest_cross_path_median,0.04679472835816379,0.04721049446718482,325,162.5,0.05110137416378854,-0.02758903530533037,0.011756169429229087,0.022577770247848253,-0.008596011980203933,0.00699087913382216,1.8.3
4,operational_return_rms_nearest_cross_path_median,0.04679472835816379,0.04721049446718482,326,163.0,0.04688479187440536,-0.02790629781241645,0.009489247030994456,0.022577770247848253,-0.008596011980203933,0.00699087913382216,1.8.3
4,operational_return_rms_nearest_cross_path_median,0.04679472835816379,0.04721049446718482,327,163.5,0.04528143555916651,-0.02811190308886692,0.008584766235149793,0.022577770247848253,-0.008596011980203933,0.00699087913382216,1.8.3
4,operational_return_rms_nearest_cross_path_median,0.04679472835816379,0.04721049446718482,328,164.0,0.04122447742017307,-0.028668829382977434,0.006277824018597819,0.022577770247848253,-0.008596011980203933,0.00699087913382216,1.8.3
4,operational_return_rms_nearest_cross_path_median,0.04679472835816379,0.04721049446718482,329,164.5,0.03835818947319319,-0.027809903457149635,0.005274143008021776,0.04122447742017307,-0.008596011980203933,0.01631423271998457,1.8.3
4,operational_return_rms_nearest_cross_path_median,0.04679472835816379,0.04721049446718482,330,165.0,0.03834929852567616,-0.02660183673007549,0.005873730897800335,0.04122447742017307,-0.008596011980203933,0.01631423271998457,1.8.3
4,operational_return_rms_nearest_cross_path_median,0.04679472835816379,0.04721049446718482,331,165.5,0.036637708938075844,-0.0949523782169302,-0.029157334639427178,0.04122447742017307,-0.008596011980203933,0.01631423271998457,1.8.3
4,operational_return_rms_nearest_cross_path_median,0.04679472835816379,0.04721049446718482,332,166.0,0.03452294255882988,-0.07960610629538675,-0.022541581868278437,0.04122447742017307,-0.008596011980203933,0.01631423271998457,1.8.3
4,operational_return_rms_nearest_cross_path_median,0.04679472835816379,0.04721049446718482,333,166.5,0.03315571833539305,-0.0727028051983078,-0.019773543431457374,0.04122447742017307,-0.008596011980203933,0.01631423271998457,1.8.3
4,operational_return_rms_nearest_cross_path_median,0.04679472835816379,0.04721049446718482,334,167.0,0.03248428850227797,-0.06668745426059064,-0.017101582879156335,0.03315571833539305,-0.008596011980203933,0.012279853177594557,1.8.3
4,operational_return_rms_nearest_cross_path_median,0.04679472835816379,0.04721049446718482,335,167.5,0.03150178906036175,-0.06066831385501819,-0.014583262397328219,0.03315571833539305,-0.008596011980203933,0.012279853177594557,1.8.3
4,operational_return_rms_nearest_cross_path_median,0.04679472835816379,0.04721049446718482,336,168.0,0.032843393937494574,-0.05685844123074904,-0.012007523646627234,0.03315571833539305,-0.008596011980203933,0.012279853177594557,1.8.3
4,operational_return_rms_nearest_cross_path_median,0.04679472835816379,0.04721049446718482,337,168.5,0.029910839327172086,-0.05440212729033468,-0.012245643981581298,0.032843393937494574,-0.008596011980203933,0.01212369097864532,1.8.3
4,operational_return_rms_nearest_cross_path_median,0.04679472835816379,0.04721049446718482,338,169.0,0.028935761164882504,-0.052126203111129914,-0.011595220973123705,0.032843393937494574,-0.008596011980203933,0.01212369097864532,1.8.3
4,operational_return_rms_nearest_cross_path_median,0.04679472835816379,0.04721049446718482,339,169.5,0.027615724915012668,-0.04833760720365472,-0.010360941144321028,0.032843393937494574,-0.008596011980203933,0.01212369097864532,1.8.3
4,operational_return_rms_nearest_cross_path_median,0.04679472835816379,0.04721049446718482,340,170.0,0.026378906180179747,-0.046302707508502926,-0.00996190066416159,0.032843393937494574,-0.008596011980203933,0.01212369097864532,1.8.3
4,operational_return_rms_nearest_cross_path_median,0.04679472835816379,0.04721049446718482,341,170.5,0.09566101317513122,-0.046041886205680685,0.024809563484725267,0.032843393937494574,-0.008596011980203933,0.01212369097864532,1.8.3
4,operational_return_rms_nearest_cross_path_median,0.04679472835816379,0.04721049446718482,342,171.0,0.08051713126040569,-0.04329357932993702,0.018611775965234334,0.032843393937494574,-0.008596011980203933,0.01212369097864532,1.8.3
4,operational_return_rms_nearest_cross_path_median,0.04679472835816379,0.04721049446718482,343,171.5,0.07246631742313235,-0.04104401300479862,0.015711152209166867,0.032843393937494574,-0.008596011980203933,0.01212369097864532,1.8.3
4,operational_return_rms_nearest_cross_path_median,0.04679472835816379,0.04721049446718482,344,172.0,0.06586617307278045,-0.038184898707482505,0.013840637182648972,0.032843393937494574,-0.008596011980203933,0.01212369097864532,1.8.3
4,operational_return_rms_nearest_cross_path_median,0.04679472835816379,0.04721049446718482,345,172.5,0.06051091133708596,-0.03764773889297856,0.011431586222053699,0.032843393937494574,-0.008596011980203933,0.01212369097864532,1.8.3
4,operational_return_rms_nearest_cross_path_median,0.04679472835816379,0.04721049446718482,346,173.0,0.056745488721770994,-0.03827682278460639,0.009234332968582303,0.032843393937494574,-0.03764773889297856,-0.002402172477741993,1.8.3
4,operational_return_rms_nearest_cross_path_median,0.04679472835816379,0.04721049446718482,347,173.5,0.05515231803613989,-0.0368049526767385,0.009173682679700694,0.032843393937494574,-0.03764773889297856,-0.002402172477741993,1.8.3
4,operational_return_rms_nearest_cross_path_median,0.04679472835816379,0.04721049446718482,348,174.0,0.05266327922402625,-0.034974585160296126,0.008844347031865062,0.032843393937494574,-0.03764773889297856,-0.002402172477741993,1.8.3
4,operational_return_rms_nearest_cross_path_median,0.04679472835816379,0.04721049446718482,349,174.5,0.05076066361898214,-0.03338455867972566,0.00868805246962824,0.032843393937494574,-0.03764773889297856,-0.002402172477741993,1.8.3
4,operational_return_rms_nearest_cross_path_median,0.04679472835816379,0.04721049446718482,350,175.0,0.04610496443200834,-0.0289234365894631,0.008590763921272618,0.032843393937494574,-0.03764773889297856,-0.002402172477741993,1.8.3
4,operational_return_rms_nearest_cross_path_median,0.04679472835816379,0.04721049446718482,351,175.5,0.043751778495357434,-0.09873522288086652,-0.02749172219275454,0.032843393937494574,-0.03764773889297856,-0.002402172477741993,1.8.3
4,operational_return_rms_nearest_cross_path_median,0.04679472835816379,0.04721049446718482,352,176.0,0.04072058411183551,-0.08443650249561666,-0.021857959191890573,0.032843393937494574,-0.03764773889297856,-0.002402172477741993,1.8.3
4,operational_return_rms_nearest_cross_path_median,0.04679472835816379,0.04721049446718482,353,176.5,0.03939022995162836,-0.07705921034348294,-0.01883449019592729,0.032843393937494574,-0.03764773889297856,-0.002402172477741993,1.8.3
4,operational_return_rms_nearest_cross_path_median,0.04679472835816379,0.04721049446718482,354,177.0,0.037667996424196604,-0.07215828819091069,-0.017245145883357044,0.032843393937494574,-0.03764773889297856,-0.002402172477741993,1.8.3
4,operational_return_rms_nearest_cross_path_median,0.04679472835816379,0.04721049446718482,355,177.5,0.03540087323523912,-0.06731042022074232,-0.015954773492751602,0.032843393937494574,-0.03764773889297856,-0.002402172477741993,1.8.3
4,operational_return_rms_nearest_cross_path_median,0.04679472835816379,0.04721049446718482,356,178.0,0.034302386989629716,-0.06378526222777992,-0.0147414376190751,0.032843393937494574,-0.03764773889297856,-0.002402172477741993,1.8.3
4,operational_return_rms_nearest_cross_path_median,0.04679472835816379,0.04721049446718482,357,178.5,0.03412512196722183,-0.06110350571437058,-0.013489191873574374,0.032843393937494574,-0.03764773889297856,-0.002402172477741993,1.8.3
4,operational_return_rms_nearest_cross_path_median,0.04679472835816379,0.04721049446718482,358,179.0,0.03254181581645492,-0.05861327611521914,-0.01303573014938211,0.032843393937494574,-0.03764773889297856,-0.002402172477741993,1.8.3
4,operational_return_rms_nearest_cross_path_median,0.04679472835816379,0.04721049446718482,359,179.5,0.031073042515868864,-0.05589423279683011,-0.012410595140480624,0.032843393937494574,-0.03764773889297856,-0.002402172477741993,1.8.3
4,operational_return_rms_nearest_cross_path_median,0.04679472835816379,0.04721049446718482,360,180.0,0.029254178762572296,-0.05302039691229351,-0.011883109074860607,0.032843393937494574,-0.03764773889297856,-0.002402172477741993,1.8.3
4,operational_return_rms_nearest_cross_path_median,0.04679472835816379,0.04721049446718482,361,180.5,-0.030549705113653902,-0.05068002626127396,-0.04061486568746393,0.032843393937494574,-0.03764773889297856,-0.002402172477741993,1.8.3
4,operational_return_rms_nearest_cross_path_median,0.04679472835816379,0.04721049446718482,362,181.0,-0.025436885065314704,-0.049111951421742905,-0.037274418243528805,-0.030549705113653902,-0.03764773889297856,-0.034098722003316234,1.8.3
4,operational_return_rms_nearest_cross_path_median,0.04679472835816379,0.04721049446718482,363,181.5,-0.02156385676543926,-0.04772922140313055,-0.0346465390842849,-0.030549705113653902,-0.03764773889297856,-0.034098722003316234,1.8.3
4,operational_return_rms_nearest_cross_path_median,0.04679472835816379,0.04721049446718482,364,182.0,-0.019050773642823413,-0.04704701768360637,-0.033048895663214894,-0.030549705113653902,-0.03764773889297856,-0.034098722003316234,1.8.3
4,operational_return_rms_nearest_cross_path_median,0.04679472835816379,0.04721049446718482,365,182.5,-0.0167047795832415,-0.04665069909412776,-0.03167773933868463,-0.030549705113653902,-0.03764773889297856,-0.034098722003316234,1.8.3
4,operational_return_rms_nearest_cross_path_median,0.04679472835816379,0.04721049446718482,366,183.0,-0.014271815810897634,-0.04614356176967337,-0.030207688790285504,-0.030549705113653902,-0.03764773889297856,-0.034098722003316234,1.8.3
4,operational_return_rms_nearest_cross_path_median,0.04679472835816379,0.04721049446718482,367,183.5,-0.013275134251083343,-0.04608606540827561,-0.029680599829679476,-0.030549705113653902,-0.03764773889297856,-0.034098722003316234,1.8.3
4,operational_return_rms_nearest_cross_path_median,0.04679472835816379,0.04721049446718482,368,184.0,-0.012127061620985771,-0.044348324827088975,-0.028237693224037373,-0.030549705113653902,-0.03764773889297856,-0.034098722003316234,1.8.3
4,operational_return_rms_nearest_cross_path_median,0.04679472835816379,0.04721049446718482,369,184.5,-0.009940360305917356,-0.043374980703299884,-0.02665767050460862,-0.012127061620985771,-0.03764773889297856,-0.024887400256982165,1.8.3
4,operational_return_rms_nearest_cross_path_median,0.04679472835816379,0.04721049446718482,370,185.0,-0.009158632519154733,-0.042047069530350485,-0.02560285102475261,-0.012127061620985771,-0.03764773889297856,-0.024887400256982165,1.8.3
4,operational_return_rms_nearest_cross_path_median,0.04679472835816379,0.04721049446718482,371,185.5,-0.008132237569941261,-0.11216695174861811,-0.06014959465927969,-0.012127061620985771,-0.03764773889297856,-0.024887400256982165,1.8.3
4,operational_return_rms_nearest_cross_path_median,0.04679472835816379,0.04721049446718482,372,186.0,-0.006500081662471943,-0.1007040401426401,-0.05360206090255602,-0.012127061620985771,-0.03764773889297856,-0.024887400256982165,1.8.3
4,operational_return_rms_nearest_cross_path_median,0.04679472835816379,0.04721049446718482,373,186.5,-0.007847688696218089,-0.09176647261610009,-0.04980708065615909,-0.012127061620985771,-0.03764773889297856,-0.024887400256982165,1.8.3
4,operational_return_rms_nearest_cross_path_median,0.04679472835816379,0.04721049446718482,374,187.0,-0.009580798613825312,-0.08586052431784282,-0.04772066146583406,-0.012127061620985771,-0.03764773889297856,-0.024887400256982165,1.8.3
4,operational_return_rms_nearest_cross_path_median,0.04679472835816379,0.04721049446718482,375,187.5,-0.009423049692671853,-0.0808740944628624,-0.045148572077767124,-0.012127061620985771,-0.03764773889297856,-0.024887400256982165,1.8.3
4,operational_return_rms_nearest_cross_path_median,0.04679472835816379,0.04721049446718482,376,188.0,-0.01052623449270805,-0.0783789205601226,-0.04445257752641533,-0.012127061620985771,-0.03764773889297856,-0.024887400256982165,1.8.3
4,operational_return_rms_nearest_cross_path_median,0.04679472835816379,0.04721049446718482,377,188.5,-0.01093699788220949,-0.07495895378512069,-0.04294797583366509,-0.012127061620985771,-0.03764773889297856,-0.024887400256982165,1.8.3
4,operational_return_rms_nearest_cross_path_median,0.04679472835816379,0.04721049446718482,378,189.0,-0.011626016724891108,-0.07280818591821261,-0.04221710132155186,-0.012127061620985771,-0.03764773889297856,-0.024887400256982165,1.8.3
4,operational_return_rms_nearest_cross_path_median,0.04679472835816379,0.04721049446718482,379,189.5,-0.012737378510364966,-0.07084052000487258,-0.04178894925761877,-0.012127061620985771,-0.03764773889297856,-0.024887400256982165,1.8.3
4,operational_return_rms_nearest_cross_path_median,0.04679472835816379,0.04721049446718482,380,190.0,-0.013805172420076867,-0.06878564003669474,-0.0412954062283858,-0.012127061620985771,-0.03764773889297856,-0.024887400256982165,1.8.3
4,operational_return_rms_nearest_cross_path_median,0.04679472835816379,0.04721049446718482,381,190.5,-0.0770575062734545,-0.06624272272220483,-0.07165011449782967,-0.012127061620985771,-0.03764773889297856,-0.024887400256982165,1.8.3
4,operational_return_rms_nearest_cross_path_median,0.04679472835816379,0.04721049446718482,382,191.0,-0.06730912650255355,-0.06412050590125687,-0.06571481620190521,-0.012127061620985771,-0.03764773889297856,-0.024887400256982165,1.8.3
4,operational_return_rms_nearest_cross_path_median,0.04679472835816379,0.04721049446718482,383,191.5,-0.06163406496768214,-0.06263708010689151,-0.062135572537286826,-0.012127061620985771,-0.03764773889297856,-0.024887400256982165,1.8.3
4,operational_return_rms_nearest_cross_path_median,0.04679472835816379,0.04721049446718482,384,192.0,-0.0575724781381993,-0.06239542211636682,-0.05998395012728306,-0.012127061620985771,-0.03764773889297856,-0.024887400256982165,1.8.3
4,operational_return_rms_nearest_cross_path_median,0.04679472835816379,0.04721049446718482,385,192.5,-0.05374225358187695,-0.0597803357882081,-0.056761294685042527,-0.012127061620985771,-0.03764773889297856,-0.024887400256982165,1.8.3
4,operational_return_rms_nearest_cross_path_median,0.04679472835816379,0.04721049446718482,386,193.0,-0.051104685381643304,-0.05879305302298614,-0.05494886920231472,-0.012127061620985771,-0.03764773889297856,-0.024887400256982165,1.8.3
4,operational_return_rms_nearest_cross_path_median,0.04679472835816379,0.04721049446718482,387,193.5,-0.048742213517316564,-0.0563991975471045,-0.052570705532210535,-0.012127061620985771,-0.03764773889297856,-0.024887400256982165,1.8.3
4,operational_return_rms_nearest_cross_path_median,0.04679472835816379,0.04721049446718482,388,194.0,-0.048203536098663374,-0.05541731988031358,-0.051810427989488476,-0.012127061620985771,-0.03764773889297856,-0.024887400256982165,1.8.3
4,operational_return_rms_nearest_cross_path_median,0.04679472835816379,0.04721049446718482,389,194.5,-0.044914089664790706,-0.056225895898471046,-0.05056999278163088,-0.012127061620985771,-0.03764773889297856,-0.024887400256982165,1.8.3
4,operational_return_rms_nearest_cross_path_median,0.04679472835816379,0.04721049446718482,390,195.0,-0.04303198762998976,-0.055182264673252,-0.04910712615162088,-0.012127061620985771,-0.03764773889297856,-0.024887400256982165,1.8.3
4,operational_return_rms_nearest_cross_path_median,0.04679472835816379,0.04721049446718482,391,195.5,-0.04271568816288107,-0.12008004068442174,-0.0813978644236514,-0.012127061620985771,-0.03764773889297856,-0.024887400256982165,1.8.3
4,operational_return_rms_nearest_cross_path_median,0.04679472835816379,0.04721049446718482,392,196.0,-0.04183532543349778,-0.11161657021830014,-0.07672594782589896,-0.012127061620985771,-0.03764773889297856,-0.024887400256982165,1.8.3
4,operational_return_rms_nearest_cross_path_median,0.04679472835816379,0.04721049446718482,393,196.5,-0.041470011119947185,-0.10470920803497279,-0.07308960957745998,-0.012127061620985771,-0.03764773889297856,-0.024887400256982165,1.8.3
4,operational_return_rms_nearest_cross_path_median,0.04679472835816379,0.04721049446718482,394,197.0,-0.04065105057857124,-0.10015257625419292,-0.07040181341638208,-0.012127061620985771,-0.03764773889297856,-0.024887400256982165,1.8.3
4,operational_return_rms_nearest_cross_path_median,0.04679472835816379,0.04721049446718482,395,197.5,-0.041128589326752375,-0.09579607562722657,-0.06846233247698948,-0.012127061620985771,-0.03764773889297856,-0.024887400256982165,1.8.3
4,operational_return_rms_nearest_cross_path_median,0.04679472835816379,0.04721049446718482,396,198.0,-0.0406718194721749,-0.09118155313457603,-0.06592668630337546,-0.012127061620985771,-0.03764773889297856,-0.024887400256982165,1.8.3
4,operational_return_rms_nearest_cross_path_median,0.04679472835816379,0.04721049446718482,397,198.5,-0.04049206287491948,-0.08804159119409183,-0.06426682703450565,-0.012127061620985771,-0.09118155313457603,-0.0516543073777809,1.8.3
4,operational_return_rms_nearest_cross_path_median,0.04679472835816379,0.04721049446718482,398,199.0,-0.041195582797933124,-0.08701556402853569,-0.0641055734132344,-0.012127061620985771,-0.09118155313457603,-0.0516543073777809,1.8.3
4,operational_return_rms_nearest_cross_path_median,0.04679472835816379,0.04721049446718482,399,199.5,-0.040112948696391974,-0.08481315743835852,-0.06246305306737525,-0.012127061620985771,-0.09118155313457603,-0.0516543073777809,1.8.3
4,operational_return_rms_nearest_cross_path_median,0.04679472835816379,0.04721049446718482,400,200.0,-0.03938453195457543,-0.0838768199860908,-0.061630675970333115,-0.012127061620985771,-0.09118155313457603,-0.0516543073777809,1.8.3
4,operational_return_rms_nearest_cross_path_median,0.04679472835816379,0.04721049446718482,401,200.5,-0.11110142488715273,-0.08142446282111439,-0.09626294385413356,-0.012127061620985771,-0.09118155313457603,-0.0516543073777809,1.8.3
4,operational_return_rms_nearest_cross_path_median,0.04679472835816379,0.04721049446718482,402,201.0,-0.10018809787933296,-0.08038987020234195,-0.09028898404083746,-0.012127061620985771,-0.09118155313457603,-0.0516543073777809,1.8.3
4,operational_return_rms_nearest_cross_path_median,0.04679472835816379,0.04721049446718482,403,201.5,-0.09224118849914488,-0.07820085097622245,-0.08522101973768367,-0.012127061620985771,-0.09118155313457603,-0.0516543073777809,1.8.3
4,operational_return_rms_nearest_cross_path_median,0.04679472835816379,0.04721049446718482,404,202.0,-0.08457213864138313,-0.07648115757394146,-0.0805266481076623,-0.012127061620985771,-0.09118155313457603,-0.0516543073777809,1.8.3
4,operational_return_rms_nearest_cross_path_median,0.04679472835816379,0.04721049446718482,405,202.5,-0.08291350538208009,-0.07586726267779101,-0.07939038402993555,-0.012127061620985771,-0.09118155313457603,-0.0516543073777809,1.8.3
4,operational_return_rms_nearest_cross_path_median,0.04679472835816379,0.04721049446718482,406,203.0,-0.08105582468476505,-0.07621730319450644,-0.07863656393963575,-0.012127061620985771,-0.07586726267779101,-0.04399716214938839,1.8.3
4,operational_return_rms_nearest_cross_path_median,0.04679472835816379,0.04721049446718482,407,203.5,-0.07835254228357291,-0.07363848710625467,-0.0759955146949138,-0.012127061620985771,-0.07586726267779101,-0.04399716214938839,1.8.3
4,operational_return_rms_nearest_cross_path_median,0.04679472835816379,0.04721049446718482,408,204.0,-0.07654216265669811,-0.07203514177597417,-0.07428865221633614,-0.012127061620985771,-0.07586726267779101,-0.04399716214938839,1.8.3
4,operational_return_rms_nearest_cross_path_median,0.04679472835816379,0.04721049446718482,409,204.5,-0.07436482565716862,-0.07095233640963056,-0.07265858103339959,-0.012127061620985771,-0.07586726267779101,-0.04399716214938839,1.8.3
4,operational_return_rms_nearest_cross_path_median,0.04679472835816379,0.04721049446718482,410,205.0,-0.07191696124197641,-0.06995057407932853,-0.07093376766065247,-0.012127061620985771,-0.07586726267779101,-0.04399716214938839,1.8.3
4,operational_return_rms_nearest_cross_path_median,0.04679472835816379,0.04721049446718482,411,205.5,-0.06908240717563165,-0.12654127204384477,-0.09781183960973822,-0.012127061620985771,-0.06995057407932853,-0.04103881785015715,1.8.3
4,operational_return_rms_nearest_cross_path_median,0.04679472835816379,0.04721049446718482,412,206.0,-0.06994143949509643,-0.11894140102313065,-0.09444142025911353,-0.012127061620985771,-0.06995057407932853,-0.04103881785015715,1.8.3
4,operational_return_rms_nearest_cross_path_median,0.04679472835816379,0.04721049446718482,413,206.5,-0.06887521310631974,-0.11405569900063961,-0.09146545605347967,-0.012127061620985771,-0.06995057407932853,-0.04103881785015715,1.8.3
4,operational_return_rms_nearest_cross_path_median,0.04679472835816379,0.04721049446718482,414,207.0,-0.06841760784259368,-0.11029718424502347,-0.08935739604380857,-0.012127061620985771,-0.06995057407932853,-0.04103881785015715,1.8.3
4,operational_return_rms_nearest_cross_path_median,0.04679472835816379,0.04721049446718482,415,207.5,-0.06683080048297127,-0.10775835335752909,-0.08729457692025018,-0.012127061620985771,-0.06995057407932853,-0.04103881785015715,1.8.3
4,operational_return_rms_nearest_cross_path_median,0.04679472835816379,0.04721049446718482,416,208.0,-0.06645516913028789,-0.1028261463739005,-0.0846406577520942,-0.012127061620985771,-0.06995057407932853,-0.04103881785015715,1.8.3
4,operational_return_rms_nearest_cross_path_median,0.04679472835816379,0.04721049446718482,417,208.5,-0.06576958898103726,-0.1002976933118837,-0.08303364114646047,-0.012127061620985771,-0.06995057407932853,-0.04103881785015715,1.8.3
4,operational_return_rms_nearest_cross_path_median,0.04679472835816379,0.04721049446718482,418,209.0,-0.0643600272843664,-0.09794167934374362,-0.08115085331405501,-0.012127061620985771,-0.06995057407932853,-0.04103881785015715,1.8.3
4,operational_return_rms_nearest_cross_path_median,0.04679472835816379,0.04721049446718482,419,209.5,-0.06343123864528809,-0.0949202592054815,-0.07917574892538479,-0.0643600272843664,-0.06995057407932853,-0.06715530068184747,1.8.3
4,operational_return_rms_nearest_cross_path_median,0.04679472835816379,0.04721049446718482,420,210.0,-0.06174908783626054,-0.09264714220273777,-0.07719811501949916,-0.0643600272843664,-0.06995057407932853,-0.06715530068184747,1.8.3
4,operational_return_rms_nearest_cross_path_median,0.04679472835816379,0.04721049446718482,421,210.5,-0.12364239930769598,-0.0920559830409793,-0.10784919117433764,-0.0643600272843664,-0.06995057407932853,-0.06715530068184747,1.8.3
4,operational_return_rms_nearest_cross_path_median,0.04679472835816379,0.04721049446718482,422,211.0,-0.11800733348586055,-0.09040145671579765,-0.1042043951008291,-0.0643600272843664,-0.06995057407932853,-0.06715530068184747,1.8.3
4,operational_return_rms_nearest_cross_path_median,0.04679472835816379,0.04721049446718482,423,211.5,-0.11308182432652217,-0.08821809145830202,-0.1006499578924121,-0.0643600272843664,-0.06995057407932853,-0.06715530068184747,1.8.3
4,operational_return_rms_nearest_cross_path_median,0.04679472835816379,0.04721049446718482,424,212.0,-0.10906640027525001,-0.08832794456065014,-0.09869717241795008,-0.0643600272843664,-0.06995057407932853,-0.06715530068184747,1.8.3
4,operational_return_rms_nearest_cross_path_median,0.04679472835816379,0.04721049446718482,425,212.5,-0.10622719281547961,-0.0856493995074561,-0.09593829616146786,-0.0643600272843664,-0.06995057407932853,-0.06715530068184747,1.8.3
4,operational_return_rms_nearest_cross_path_median,0.04679472835816379,0.04721049446718482,426,213.0,-0.10367035524250157,-0.08479910425590312,-0.09423472974920234,-0.0643600272843664,-0.06995057407932853,-0.06715530068184747,1.8.3
4,operational_return_rms_nearest_cross_path_median,0.04679472835816379,0.04721049446718482,427,213.5,-0.09913151365646242,-0.08479037850420891,-0.09196094608033567,-0.0643600272843664,-0.06995057407932853,-0.06715530068184747,1.8.3
4,operational_return_rms_nearest_cross_path_median,0.04679472835816379,0.04721049446718482,428,214.0,-0.09701988321035228,-0.0831164690365874,-0.09006817612346985,-0.0643600272843664,-0.06995057407932853,-0.06715530068184747,1.8.3
4,operational_return_rms_nearest_cross_path_median,0.04679472835816379,0.04721049446718482,429,214.5,-0.095923249067621,-0.08048958543045792,-0.08820641724903946,-0.09701988321035228,-0.06995057407932853,-0.0834852286448404,1.8.3
4,operational_return_rms_nearest_cross_path_median,0.04679472835816379,0.04721049446718482,430,215.0,-0.09381558081890085,-0.08019471683123858,-0.08700514882506971,-0.09701988321035228,-0.06995057407932853,-0.0834852286448404,1.8.3
4,operational_return_rms_nearest_cross_path_median,0.04679472835816379,0.04721049446718482,431,215.5,-0.09325843223412372,-0.1334889669324343,-0.11337369958327902,-0.09701988321035228,-0.06995057407932853,-0.0834852286448404,1.8.3
4,operational_return_rms_nearest_cross_path_median,0.04679472835816379,0.04721049446718482,432,216.0,-0.09151766169653258,-0.12696171164350928,-0.10923968667002093,-0.09701988321035228,-0.06995057407932853,-0.0834852286448404,1.8.3
4,operational_return_rms_nearest_cross_path_median,0.04679472835816379,0.04721049446718482,433,216.5,-0.08851611983045934,-0.12172977602310746,-0.1051229479267834,-0.09701988321035228,-0.06995057407932853,-0.0834852286448404,1.8.3
4,operational_return_rms_nearest_cross_path_median,0.04679472835816379,0.04721049446718482,434,217.0,-0.08686378584436195,-0.11890950055440062,-0.10288664319938129,-0.09701988321035228,-0.06995057407932853,-0.0834852286448404,1.8.3
4,operational_return_rms_nearest_cross_path_median,0.04679472835816379,0.04721049446718482,435,217.5,-0.08707330184505081,-0.11504074787675438,-0.1010570248609026,-0.09701988321035228,-0.06995057407932853,-0.0834852286448404,1.8.3
4,operational_return_rms_nearest_cross_path_median,0.04679472835816379,0.04721049446718482,436,218.0,-0.0849345848560747,-0.11195280367724958,-0.09844369426666214,-0.09701988321035228,-0.06995057407932853,-0.0834852286448404,1.8.3
4,operational_return_rms_nearest_cross_path_median,0.04679472835816379,0.04721049446718482,437,218.5,-0.0826917365765943,-0.1089383220911457,-0.09581502933387001,-0.09701988321035228,-0.06995057407932853,-0.0834852286448404,1.8.3
4,operational_return_rms_nearest_cross_path_median,0.04679472835816379,0.04721049446718482,438,219.0,-0.08294609505461936,-0.10561709891827072,-0.09428159698644503,-0.09701988321035228,-0.06995057407932853,-0.0834852286448404,1.8.3
4,operational_return_rms_nearest_cross_path_median,0.04679472835816379,0.04721049446718482,439,219.5,-0.08222161168996706,-0.10311233016815322,-0.09266697092906014,-0.09701988321035228,-0.06995057407932853,-0.0834852286448404,1.8.3
4,operational_return_rms_nearest_cross_path_median,0.04679472835816379,0.04721049446718482,440,220.0,-0.08274417022085788,-0.10128398082885998,-0.09201407552485893,-0.09701988321035228,-0.06995057407932853,-0.0834852286448404,1.8.3
4,operational_return_rms_nearest_cross_path_median,0.04679472835816379,0.04721049446718482,441,220.5,-0.13540901464754385,-0.10032502221334318,-0.1178670184304435,-0.09701988321035228,-0.06995057407932853,-0.0834852286448404,1.8.3
4,operational_return_rms_nearest_cross_path_median,0.04679472835816379,0.04721049446718482,442,221.0,-0.1310304185337084,-0.09821156429833529,-0.11462099141602183,-0.09701988321035228,-0.06995057407932853,-0.0834852286448404,1.8.3
4,operational_return_rms_nearest_cross_path_median,0.04679472835816379,0.04721049446718482,443,221.5,-0.12648830946581546,-0.09608747487803322,-0.11128789217192434,-0.09701988321035228,-0.06995057407932853,-0.0834852286448404,1.8.3
4,operational_return_rms_nearest_cross_path_median,0.04679472835816379,0.04721049446718482,444,222.0,-0.1216581458806605,-0.09519142068906107,-0.10842478328486078,-0.09701988321035228,-0.06995057407932853,-0.0834852286448404,1.8.3
4,operational_return_rms_nearest_cross_path_median,0.04679472835816379,0.04721049446718482,445,222.5,-0.11843199032641835,-0.09463880620128845,-0.1065353982638534,-0.09701988321035228,-0.06995057407932853,-0.0834852286448404,1.8.3
4,operational_return_rms_nearest_cross_path_median,0.04679472835816379,0.04721049446718482,446,223.0,-0.1160438149674564,-0.09457288115617472,-0.10530834806181556,-0.09701988321035228,-0.06995057407932853,-0.0834852286448404,1.8.3
4,operational_return_rms_nearest_cross_path_median,0.04679472835816379,0.04721049446718482,447,223.5,-0.11545744408274926,-0.09481286179938424,-0.10513515294106675,-0.09701988321035228,-0.06995057407932853,-0.0834852286448404,1.8.3
4,operational_return_rms_nearest_cross_path_median,0.04679472835816379,0.04721049446718482,448,224.0,-0.11202978085221882,-0.09387725049411993,-0.10295351567316938,-0.09701988321035228,-0.06995057407932853,-0.0834852286448404,1.8.3
4,operational_return_rms_nearest_cross_path_median,0.04679472835816379,0.04721049446718482,449,224.5,-0.1108891606111288,-0.09172656215041573,-0.10130786138077227,-0.09701988321035228,-0.06995057407932853,-0.0834852286448404,1.8.3
4,operational_return_rms_nearest_cross_path_median,0.04679472835816379,0.04721049446718482,450,225.0,-0.10921364845900716,-0.09169422108628622,-0.10045393477264669,-0.09701988321035228,-0.09172656215041573,-0.094373222680384,1.8.3
4,operational_return_rms_nearest_cross_path_median,0.04679472835816379,0.04721049446718482,451,225.5,-0.10745331782302,-0.14429719339945996,-0.12587525561123997,-0.09701988321035228,-0.09172656215041573,-0.094373222680384,1.8.3
4,operational_return_rms_nearest_cross_path_median,0.04679472835816379,0.04721049446718482,452,226.0,-0.10551706665368636,-0.1369735963728455,-0.12124533151326594,-0.09701988321035228,-0.09172656215041573,-0.094373222680384,1.8.3
4,operational_return_rms_nearest_cross_path_median,0.04679472835816379,0.04721049446718482,453,226.5,-0.1044032716188168,-0.13049654341248512,-0.11744990751565096,-0.09701988321035228,-0.09172656215041573,-0.094373222680384,1.8.3
4,operational_return_rms_nearest_cross_path_median,0.04679472835816379,0.04721049446718482,454,227.0,-0.10432992606872668,-0.12700945947350878,-0.11566969277111773,-0.09701988321035228,-0.13049654341248512,-0.1137582133114187,1.8.3
4,operational_return_rms_nearest_cross_path_median,0.04679472835816379,0.04721049446718482,455,227.5,-0.10427657567904378,-0.1238022843635992,-0.1140394300213215,-0.09701988321035228,-0.13049654341248512,-0.1137582133114187,1.8.3
4,operational_return_rms_nearest_cross_path_median,0.04679472835816379,0.04721049446718482,456,228.0,-0.10361593972574046,-0.11922021292809915,-0.1114180763269198,-0.09701988321035228,-0.13049654341248512,-0.1137582133114187,1.8.3
4,operational_return_rms_nearest_cross_path_median,0.04679472835816379,0.04721049446718482,457,228.5,-0.10385746779577898,-0.11723428176104408,-0.11054587477841153,-0.09701988321035228,-0.11922021292809915,-0.1081200480692257,1.8.3
4,operational_return_rms_nearest_cross_path_median,0.04679472835816379,0.04721049446718482,458,229.0,-0.10383723993627804,-0.11427595038250517,-0.1090565951593916,-0.09701988321035228,-0.11922021292809915,-0.1081200480692257,1.8.3
4,operational_return_rms_nearest_cross_path_median,0.04679472835816379,0.04721049446718482,459,229.5,-0.10347421421362141,-0.11152991286761042,-0.10750206354061592,-0.09701988321035228,-0.11922021292809915,-0.1081200480692257,1.8.3
4,operational_return_rms_nearest_cross_path_median,0.04679472835816379,0.04721049446718482,460,230.0,-0.10230281970134661,-0.10960795106884938,-0.105955385385098,-0.09701988321035228,-0.11922021292809915,-0.1081200480692257,1.8.3
4,operational_return_rms_nearest_cross_path_median,0.04679472835816379,0.04721049446718482,461,230.5,-0.15628612795458918,-0.10860257726746275,-0.13244435261102597,-0.09701988321035228,-0.11922021292809915,-0.1081200480692257,1.8.3
4,operational_return_rms_nearest_cross_path_median,0.04679472835816379,0.04721049446718482,462,231.0,-0.1494462120343253,-0.10725378506179102,-0.12834999854805815,-0.09701988321035228,-0.11922021292809915,-0.1081200480692257,1.8.3
4,operational_return_rms_nearest_cross_path_median,0.04679472835816379,0.04721049446718482,463,231.5,-0.1449592352043374,-0.10803013563900613,-0.12649468542167175,-0.09701988321035228,-0.11922021292809915,-0.1081200480692257,1.8.3
4,operational_return_rms_nearest_cross_path_median,0.04679472835816379,0.04721049446718482,464,232.0,-0.14158498993121635,-0.10724302941547309,-0.12441400967334472,-0.09701988321035228,-0.11922021292809915,-0.1081200480692257,1.8.3
4,operational_return_rms_nearest_cross_path_median,0.04679472835816379,0.04721049446718482,465,232.5,-0.13810317107330977,-0.1063867296698039,-0.12224495037155683,-0.09701988321035228,-0.11922021292809915,-0.1081200480692257,1.8.3
4,operational_return_rms_nearest_cross_path_median,0.04679472835816379,0.04721049446718482,466,233.0,-0.13504798098458548,-0.10560193571355267,-0.12032495834906907,-0.09701988321035228,-0.11922021292809915,-0.1081200480692257,1.8.3
4,operational_return_rms_nearest_cross_path_median,0.04679472835816379,0.04721049446718482,467,233.5,-0.13159201372368923,-0.10419397917838251,-0.11789299645103588,-0.09701988321035228,-0.11922021292809915,-0.1081200480692257,1.8.3
4,operational_return_rms_nearest_cross_path_median,0.04679472835816379,0.04721049446718482,468,234.0,-0.13090087996038255,-0.10247349517103056,-0.11668718756570656,-0.09701988321035228,-0.11922021292809915,-0.1081200480692257,1.8.3
4,operational_return_rms_nearest_cross_path_median,0.04679472835816379,0.04721049446718482,469,234.5,-0.1293042240315792,-0.10163452069065217,-0.11546937236111568,-0.09701988321035228,-0.11922021292809915,-0.1081200480692257,1.8.3
4,operational_return_rms_nearest_cross_path_median,0.04679472835816379,0.04721049446718482,470,235.0,-0.12762368160873305,-0.10050488769104575,-0.11406428464988941,-0.09701988321035228,-0.11922021292809915,-0.1081200480692257,1.8.3
4,operational_return_rms_nearest_cross_path_median,0.04679472835816379,0.04721049446718482,471,235.5,-0.12757298124963357,-0.1546606452986627,-0.14111681327414813,-0.09701988321035228,-0.11922021292809915,-0.1081200480692257,1.8.3
4,operational_return_rms_nearest_cross_path_median,0.04679472835816379,0.04721049446718482,472,236.0,-0.12742706861975006,-0.14732345208462908,-0.13737526035218955,-0.09701988321035228,-0.11922021292809915,-0.1081200480692257,1.8.3
4,operational_return_rms_nearest_cross_path_median,0.04679472835816379,0.04721049446718482,473,236.5,-0.12623775291437678,-0.14299377681155623,-0.1346157648629665,-0.09701988321035228,-0.11922021292809915,-0.1081200480692257,1.8.3
4,operational_return_rms_nearest_cross_path_median,0.04679472835816379,0.04721049446718482,474,237.0,-0.1255457762864828,-0.13981543412076547,-0.13268060520362412,-0.09701988321035228,-0.11922021292809915,-0.1081200480692257,1.8.3
4,operational_return_rms_nearest_cross_path_median,0.04679472835816379,0.04721049446718482,475,237.5,-0.1244682760366713,-0.1359047399675266,-0.13018650800209897,-0.09701988321035228,-0.13981543412076547,-0.11841765866555887,1.8.3
4,operational_return_rms_nearest_cross_path_median,0.04679472835816379,0.04721049446718482,476,238.0,-0.1223818436341773,-0.13160465750021472,-0.12699325056719601,-0.09701988321035228,-0.13981543412076547,-0.11841765866555887,1.8.3
4,operational_return_rms_nearest_cross_path_median,0.04679472835816379,0.04721049446718482,477,238.5,-0.12120758821444508,-0.12995707313896626,-0.12558233067670566,-0.09701988321035228,-0.13981543412076547,-0.11841765866555887,1.8.3
4,operational_return_rms_nearest_cross_path_median,0.04679472835816379,0.04721049446718482,478,239.0,-0.12256055610368259,-0.12751516132900165,-0.12503785871634213,-0.09701988321035228,-0.13981543412076547,-0.11841765866555887,1.8.3
4,operational_return_rms_nearest_cross_path_median,0.04679472835816379,0.04721049446718482,479,239.5,-0.12089032447504086,-0.12601942224240048,-0.12345487335872067,-0.09701988321035228,-0.13981543412076547,-0.11841765866555887,1.8.3
4,operational_return_rms_nearest_cross_path_median,0.04679472835816379,0.04721049446718482,480,240.0,-0.11979074528838513,-0.12250351849688694,-0.12114713189263604,-0.09701988321035228,-0.13981543412076547,-0.11841765866555887,1.8.3
4,operational_return_rms_nearest_cross_path_median,0.04679472835816379,0.04721049446718482,481,240.5,-0.05959858092720654,-0.12097084298212682,-0.09028471195466668,-0.09701988321035228,-0.13981543412076547,-0.11841765866555887,1.8.3
4,operational_return_rms_nearest_cross_path_median,0.04679472835816379,0.04721049446718482,482,241.0,-0.06546980578498289,-0.11915800295117485,-0.09231390436807888,-0.05959858092720654,-0.13981543412076547,-0.09970700752398601,1.8.3
4,operational_return_rms_nearest_cross_path_median,0.04679472835816379,0.04721049446718482,483,241.5,-0.06943286062265847,-0.11888081615820793,-0.0941568383904332,-0.05959858092720654,-0.13981543412076547,-0.09970700752398601,1.8.3
4,operational_return_rms_nearest_cross_path_median,0.04679472835816379,0.04721049446718482,484,242.0,-0.07308133650370591,-0.11541340155666414,-0.09424736903018502,-0.05959858092720654,-0.13981543412076547,-0.09970700752398601,1.8.3
4,operational_return_rms_nearest_cross_path_median,0.04679472835816379,0.04721049446718482,485,242.5,-0.07612828535436826,-0.112964150658556,-0.09454621800646212,-0.05959858092720654,-0.13981543412076547,-0.09970700752398601,1.8.3
4,operational_return_rms_nearest_cross_path_median,0.04679472835816379,0.04721049446718482,486,243.0,-0.0775745082682849,-0.10982601723848576,-0.09370026275338533,-0.05959858092720654,-0.13981543412076547,-0.09970700752398601,1.8.3
4,operational_return_rms_nearest_cross_path_median,0.04679472835816379,0.04721049446718482,487,243.5,-0.07829882440744354,-0.10907168848442092,-0.09368525644593223,-0.05959858092720654,-0.13981543412076547,-0.09970700752398601,1.8.3
4,operational_return_rms_nearest_cross_path_median,0.04679472835816379,0.04721049446718482,488,244.0,-0.07950054021462466,-0.1077333200654697,-0.09361693014004718,-0.07829882440744354,-0.13981543412076547,-0.1090571292641045,1.8.3
4,operational_return_rms_nearest_cross_path_median,0.04679472835816379,0.04721049446718482,489,244.5,-0.0813793186942692,-0.1050508087217934,-0.0932150637080313,-0.07829882440744354,-0.13981543412076547,-0.1090571292641045,1.8.3
4,operational_return_rms_nearest_cross_path_median,0.04679472835816379,0.04721049446718482,490,245.0,-0.0818548119823912,-0.10492717688349859,-0.0933909944329449,-0.07829882440744354,-0.13981543412076547,-0.1090571292641045,1.8.3
4,operational_return_rms_nearest_cross_path_median,0.04679472835816379,0.04721049446718482,491,245.5,-0.08121223969547836,-0.04625864311537563,-0.063735441405427,-0.0818548119823912,-0.13981543412076547,-0.11083512305157833,1.8.3
4,operational_return_rms_nearest_cross_path_median,0.04679472835816379,0.04721049446718482,492,246.0,-0.08142703039551503,-0.05111786023366395,-0.06627244531458949,-0.0818548119823912,-0.13981543412076547,-0.11083512305157833,1.8.3
4,operational_return_rms_nearest_cross_path_median,0.04679472835816379,0.04721049446718482,493,246.5,-0.08199368295930529,-0.05247407856389333,-0.06723388076159931,-0.0818548119823912,-0.13981543412076547,-0.11083512305157833,1.8.3
4,operational_return_rms_nearest_cross_path_median,0.04679472835816379,0.04721049446718482,494,247.0,-0.08193556657442388,-0.05585413685982555,-0.06889485171712471,-0.0818548119823912,-0.13981543412076547,-0.11083512305157833,1.8.3
4,operational_return_rms_nearest_cross_path_median,0.04679472835816379,0.04721049446718482,495,247.5,-0.08083389612604391,-0.057643741973239,-0.06923881904964146,-0.0818548119823912,-0.13981543412076547,-0.11083512305157833,1.8.3
4,operational_return_rms_nearest_cross_path_median,0.04679472835816379,0.04721049446718482,496,248.0,-0.08143772573248348,-0.060293146320970756,-0.07086543602672712,-0.0818548119823912,-0.13981543412076547,-0.11083512305157833,1.8.3
4,operational_return_rms_nearest_cross_path_median,0.04679472835816379,0.04721049446718482,497,248.5,-0.08304811979977568,-0.06133641831741829,-0.07219226905859699,-0.0818548119823912,-0.13981543412076547,-0.11083512305157833,1.8.3
4,operational_return_rms_nearest_cross_path_median,0.04679472835816379,0.04721049446718482,498,249.0,-0.0823925414351797,-0.0636754451735168,-0.07303399330434825,-0.0818548119823912,-0.13981543412076547,-0.11083512305157833,1.8.3
4,operational_return_rms_nearest_cross_path_median,0.04679472835816379,0.04721049446718482,499,249.5,-0.08222958962269836,-0.06478733319628695,-0.07350846140949266,-0.0818548119823912,-0.13981543412076547,-0.11083512305157833,1.8.3
4,operational_return_rms_nearest_cross_path_median,0.04679472835816379,0.04721049446718482,500,250.0,-0.08230379302499997,-0.06503673128889118,-0.07367026215694558,-0.08222958962269836,-0.13981543412076547,-0.11102251187173191,1.8.3
4,operational_return_rms_nearest_cross_path_median,0.04679472835816379,0.04721049446718482,501,250.5,-0.01411817597800856,-0.06627825637364146,-0.04019821617582501,-0.08222958962269836,-0.13981543412076547,-0.11102251187173191,1.8.3
4,operational_return_rms_nearest_cross_path_median,0.04679472835816379,0.04721049446718482,502,251.0,-0.02594495754009464,-0.06655755014888348,-0.04625125384448906,-0.08222958962269836,-0.13981543412076547,-0.11102251187173191,1.8.3
4,operational_return_rms_nearest_cross_path_median,0.04679472835816379,0.04721049446718482,503,251.5,-0.03255772401506904,-0.06634397290769617,-0.049450848461382604,-0.08222958962269836,-0.13981543412076547,-0.11102251187173191,1.8.3
4,operational_return_rms_nearest_cross_path_median,0.04679472835816379,0.04721049446718482,504,252.0,-0.03731985104597678,-0.06562538505694973,-0.051472618051463255,-0.08222958962269836,-0.13981543412076547,-0.11102251187173191,1.8.3
4,operational_return_rms_nearest_cross_path_median,0.04679472835816379,0.04721049446718482,505,252.5,-0.03985717971595656,-0.06773357044945012,-0.05379537508270334,-0.08222958962269836,-0.13981543412076547,-0.11102251187173191,1.8.3
4,operational_return_rms_nearest_cross_path_median,0.04679472835816379,0.04721049446718482,506,253.0,-0.04093293675265824,-0.06715430831436038,-0.054043622533509306,-0.08222958962269836,-0.13981543412076547,-0.11102251187173191,1.8.3
4,operational_return_rms_nearest_cross_path_median,0.04679472835816379,0.04721049446718482,507,253.5,-0.043732737186410575,-0.06737322329593813,-0.05555298024117435,-0.08222958962269836,-0.13981543412076547,-0.11102251187173191,1.8.3
4,operational_return_rms_nearest_cross_path_median,0.04679472835816379,0.04721049446718482,508,254.0,-0.044700268679757724,-0.06799980708370801,-0.056350037881732866,-0.08222958962269836,-0.13981543412076547,-0.11102251187173191,1.8.3
4,operational_return_rms_nearest_cross_path_median,0.04679472835816379,0.04721049446718482,509,254.5,-0.04566861878152289,-0.0678608368606107,-0.0567647278210668,-0.08222958962269836,-0.13981543412076547,-0.11102251187173191,1.8.3
4,operational_return_rms_nearest_cross_path_median,0.04679472835816379,0.04721049446718482,510,255.0,-0.04620230948738753,-0.0670910551347762,-0.056646682311081865,-0.08222958962269836,-0.13981543412076547,-0.11102251187173191,1.8.3
4,operational_return_rms_nearest_cross_path_median,0.04679472835816379,0.04721049446718482,511,255.5,-0.04707464489642968,0.006740786969821206,-0.020166928963304236,-0.08222958962269836,-0.13981543412076547,-0.11102251187173191,1.8.3
4,operational_return_rms_nearest_cross_path_median,0.04679472835816379,0.04721049446718482,512,256.0,-0.0475031553703109,-0.005019515042800002,-0.02626133520655545,-0.08222958962269836,-0.13981543412076547,-0.11102251187173191,1.8.3
4,operational_return_rms_nearest_cross_path_median,0.04679472835816379,0.04721049446718482,513,256.5,-0.048260207911656125,-0.01522401535697307,-0.0317421116343146,-0.08222958962269836,-0.13981543412076547,-0.11102251187173191,1.8.3
4,operational_return_rms_nearest_cross_path_median,0.04679472835816379,0.04721049446718482,514,257.0,-0.048630414493549066,-0.02020503568937114,-0.0344177250914601,-0.08222958962269836,-0.13981543412076547,-0.11102251187173191,1.8.3
4,operational_return_rms_nearest_cross_path_median,0.04679472835816379,0.04721049446718482,515,257.5,-0.04878366590004662,-0.025423277129238572,-0.03710347151464259,-0.08222958962269836,-0.13981543412076547,-0.11102251187173191,1.8.3
4,operational_return_rms_nearest_cross_path_median,0.04679472835816379,0.04721049446718482,516,258.0,-0.047142740405298214,-0.028591743579216095,-0.037867241992257154,-0.08222958962269836,-0.13981543412076547,-0.11102251187173191,1.8.3
4,operational_return_rms_nearest_cross_path_median,0.04679472835816379,0.04721049446718482,517,258.5,-0.048886204856231096,-0.029616690425482456,-0.03925144764085678,-0.08222958962269836,-0.13981543412076547,-0.11102251187173191,1.8.3
4,operational_return_rms_nearest_cross_path_median,0.04679472835816379,0.04721049446718482,518,259.0,-0.04774787197414202,-0.032641304520042644,-0.040194588247092336,-0.08222958962269836,-0.13981543412076547,-0.11102251187173191,1.8.3
4,operational_return_rms_nearest_cross_path_median,0.04679472835816379,0.04721049446718482,519,259.5,-0.0479715657306679,-0.03576510223616651,-0.0418683339834172,-0.08222958962269836,-0.13981543412076547,-0.11102251187173191,1.8.3
4,operational_return_rms_nearest_cross_path_median,0.04679472835816379,0.04721049446718482,520,260.0,-0.04867579487893753,-0.03533291600223319,-0.04200435544058536,-0.08222958962269836,-0.13981543412076547,-0.11102251187173191,1.8.3
4,operational_return_rms_nearest_cross_path_median,0.04679472835816379,0.04721049446718482,521,260.5,0.017188862135340724,-0.035790598079332034,-0.009300867971995655,-0.08222958962269836,-0.13981543412076547,-0.11102251187173191,1.8.3
4,operational_return_rms_nearest_cross_path_median,0.04679472835816379,0.04721049446718482,522,261.0,0.008182761633153977,-0.03653376395023952,-0.014175501158542773,-0.08222958962269836,-0.13981543412076547,-0.11102251187173191,1.8.3
4,operational_return_rms_nearest_cross_path_median,0.04679472835816379,0.04721049446718482,523,261.5,0.0021389928150243186,-0.036303424872413184,-0.017082216028694433,-0.08222958962269836,-0.13981543412076547,-0.11102251187173191,1.8.3
4,operational_return_rms_nearest_cross_path_median,0.04679472835816379,0.04721049446718482,524,262.0,-0.003552224254674635,-0.035138366356163436,-0.019345295305419036,-0.08222958962269836,-0.13981543412076547,-0.11102251187173191,1.8.3
4,operational_return_rms_nearest_cross_path_median,0.04679472835816379,0.04721049446718482,525,262.5,-0.008301833154094773,-0.035003385760187994,-0.021652609457141384,-0.08222958962269836,-0.13981543412076547,-0.11102251187173191,1.8.3
4,operational_return_rms_nearest_cross_path_median,0.04679472835816379,0.04721049446718482,526,263.0,-0.011846106136127327,-0.035950186849869725,-0.023898146492998526,-0.08222958962269836,-0.13981543412076547,-0.11102251187173191,1.8.3
4,operational_return_rms_nearest_cross_path_median,0.04679472835816379,0.04721049446718482,527,263.5,-0.015007299883403491,-0.03459386843287944,-0.024800584158141466,-0.011846106136127327,-0.13981543412076547,-0.0758307701284464,1.8.3
4,operational_return_rms_nearest_cross_path_median,0.04679472835816379,0.04721049446718482,528,264.0,-0.017596725203058758,-0.03513903108163509,-0.026367878142346923,-0.011846106136127327,-0.13981543412076547,-0.0758307701284464,1.8.3
4,operational_return_rms_nearest_cross_path_median,0.04679472835816379,0.04721049446718482,529,264.5,-0.01997407541661468,-0.03504921846704917,-0.027511646941831926,-0.011846106136127327,-0.13981543412076547,-0.0758307701284464,1.8.3
4,operational_return_rms_nearest_cross_path_median,0.04679472835816379,0.04721049446718482,530,265.0,-0.02158833561501511,-0.036404952060843876,-0.028996643837929492,-0.011846106136127327,-0.13981543412076547,-0.0758307701284464,1.8.3
4,operational_return_rms_nearest_cross_path_median,0.04679472835816379,0.04721049446718482,531,265.5,-0.02310276935223611,-0.11028787906034686,-0.06669532420629148,-0.011846106136127327,-0.13981543412076547,-0.0758307701284464,1.8.3
4,operational_return_rms_nearest_cross_path_median,0.04679472835816379,0.04721049446718482,532,266.0,-0.024346754117431132,-0.0991098394668016,-0.06172829679211637,-0.011846106136127327,-0.13981543412076547,-0.0758307701284464,1.8.3
4,operational_return_rms_nearest_cross_path_median,0.04679472835816379,0.04721049446718482,533,266.5,-0.02696861167002182,-0.09220137071589903,-0.05958499119296042,-0.011846106136127327,-0.13981543412076547,-0.0758307701284464,1.8.3
4,operational_return_rms_nearest_cross_path_median,0.04679472835816379,0.04721049446718482,534,267.0,-0.028282436725329527,-0.08714542375117378,-0.05771393023825165,-0.011846106136127327,-0.13981543412076547,-0.0758307701284464,1.8.3
4,operational_return_rms_nearest_cross_path_median,0.04679472835816379,0.04721049446718482,535,267.5,-0.028892038205136875,-0.08256513211028621,-0.05572858515771154,-0.011846106136127327,-0.13981543412076547,-0.0758307701284464,1.8.3
4,operational_return_rms_nearest_cross_path_median,0.04679472835816379,0.04721049446718482,536,268.0,-0.027529846907262026,-0.08160399033123955,-0.05456691861925079,-0.011846106136127327,-0.13981543412076547,-0.0758307701284464,1.8.3
4,operational_return_rms_nearest_cross_path_median,0.04679472835816379,0.04721049446718482,537,268.5,-0.028671004576855355,-0.07869979501361207,-0.053685399795233714,-0.011846106136127327,-0.13981543412076547,-0.0758307701284464,1.8.3
4,operational_return_rms_nearest_cross_path_median,0.04679472835816379,0.04721049446718482,538,269.0,-0.029625485640015006,-0.07705793828366975,-0.05334171196184238,-0.011846106136127327,-0.13981543412076547,-0.0758307701284464,1.8.3
4,operational_return_rms_nearest_cross_path_median,0.04679472835816379,0.04721049446718482,539,269.5,-0.030524257963544382,-0.0722460548176998,-0.05138515639062209,-0.011846106136127327,-0.13981543412076547,-0.0758307701284464,1.8.3
4,operational_return_rms_nearest_cross_path_median,0.04679472835816379,0.04721049446718482,540,270.0,-0.031985910630363754,-0.07086476144419793,-0.05142533603728084,-0.011846106136127327,-0.13981543412076547,-0.0758307701284464,1.8.3
4,operational_return_rms_nearest_cross_path_median,0.04679472835816379,0.04721049446718482,541,270.5,0.027017770709258458,-0.0687202636928204,-0.020851246491780974,-0.011846106136127327,-0.13981543412076547,-0.0758307701284464,1.8.3
4,operational_return_rms_nearest_cross_path_median,0.04679472835816379,0.04721049446718482,542,271.0,0.019929521011165,-0.06660852005819778,-0.02333949952351639,-0.011846106136127327,-0.13981543412076547,-0.0758307701284464,1.8.3
4,operational_return_rms_nearest_cross_path_median,0.04679472835816379,0.04721049446718482,543,271.5,0.013990389070814473,-0.06686554304219,-0.026437576985687765,-0.011846106136127327,-0.13981543412076547,-0.0758307701284464,1.8.3
4,operational_return_rms_nearest_cross_path_median,0.04679472835816379,0.04721049446718482,544,272.0,0.00947869811070848,-0.06679502710101906,-0.02865816449515529,0.013990389070814473,-0.13981543412076547,-0.06291252252497549,1.8.3
4,operational_return_rms_nearest_cross_path_median,0.04679472835816379,0.04721049446718482,545,272.5,0.004826650210155482,-0.06537310191204557,-0.030273225850945044,0.013990389070814473,-0.13981543412076547,-0.06291252252497549,1.8.3
4,operational_return_rms_nearest_cross_path_median,0.04679472835816379,0.04721049446718482,546,273.0,0.002213355073382564,-0.06336101000113173,-0.030573827463874582,0.013990389070814473,-0.13981543412076547,-0.06291252252497549,1.8.3
4,operational_return_rms_nearest_cross_path_median,0.04679472835816379,0.04721049446718482,547,273.5,-0.001966379018348355,-0.062002217726103453,-0.031984298372225904,0.013990389070814473,-0.13981543412076547,-0.06291252252497549,1.8.3
4,operational_return_rms_nearest_cross_path_median,0.04679472835816379,0.04721049446718482,548,274.0,-0.003911239880580286,-0.0630314631836082,-0.03347135153209424,0.013990389070814473,-0.13981543412076547,-0.06291252252497549,1.8.3
4,operational_return_rms_nearest_cross_path_median,0.04679472835816379,0.04721049446718482,549,274.5,-0.006467614486417195,-0.06124005784525444,-0.033853836165835816,0.013990389070814473,-0.13981543412076547,-0.06291252252497549,1.8.3
4,operational_return_rms_nearest_cross_path_median,0.04679472835816379,0.04721049446718482,550,275.0,-0.009605484007341986,-0.05936521587707243,-0.03448534994220721,0.013990389070814473,-0.13981543412076547,-0.06291252252497549,1.8.3
4,operational_return_rms_nearest_cross_path_median,0.04679472835816379,0.04721049446718482,551,275.5,-0.012148126424801536,-0.12184810409135093,-0.06699811525807622,0.013990389070814473,-0.13981543412076547,-0.06291252252497549,1.8.3
4,operational_return_rms_nearest_cross_path_median,0.04679472835816379,0.04721049446718482,552,276.0,-0.012431504813065791,-0.11228370642159269,-0.06235760561732924,0.013990389070814473,-0.13981543412076547,-0.06291252252497549,1.8.3
4,operational_return_rms_nearest_cross_path_median,0.04679472835816379,0.04721049446718482,553,276.5,-0.015459145104955052,-0.10535431953979862,-0.06040673232237684,0.013990389070814473,-0.13981543412076547,-0.06291252252497549,1.8.3
4,operational_return_rms_nearest_cross_path_median,0.04679472835816379,0.04721049446718482,554,277.0,-0.0193991051901697,-0.10053123973046157,-0.05996517246031564,0.013990389070814473,-0.13981543412076547,-0.06291252252497549,1.8.3
4,operational_return_rms_nearest_cross_path_median,0.04679472835816379,0.04721049446718482,555,277.5,-0.020663703587578464,-0.09513882738588286,-0.05790126548673066,0.013990389070814473,-0.13981543412076547,-0.06291252252497549,1.8.3
4,operational_return_rms_nearest_cross_path_median,0.04679472835816379,0.04721049446718482,556,278.0,-0.022567566047938498,-0.09090270617536264,-0.05673513611165057,0.013990389070814473,-0.13981543412076547,-0.06291252252497549,1.8.3
4,operational_return_rms_nearest_cross_path_median,0.04679472835816379,0.04721049446718482,557,278.5,-0.023992174912129002,-0.08695851503448913,-0.05547534497330907,0.013990389070814473,-0.13981543412076547,-0.06291252252497549,1.8.3
4,operational_return_rms_nearest_cross_path_median,0.04679472835816379,0.04721049446718482,558,279.0,-0.026051705231626934,-0.08415359823963846,-0.055102651735632696,0.013990389070814473,-0.13981543412076547,-0.06291252252497549,1.8.3
4,operational_return_rms_nearest_cross_path_median,0.04679472835816379,0.04721049446718482,559,279.5,-0.026492497330587214,-0.08037166397523812,-0.05343208065291267,0.013990389070814473,-0.13981543412076547,-0.06291252252497549,1.8.3
4,operational_return_rms_nearest_cross_path_median,0.04679472835816379,0.04721049446718482,560,280.0,-0.02902940600908506,-0.0807315219875431,-0.05488046399831408,0.013990389070814473,-0.13981543412076547,-0.06291252252497549,1.8.3
4,operational_return_rms_nearest_cross_path_median,0.04679472835816379,0.04721049446718482,561,280.5,-0.10461421381572485,-0.07974872237218486,-0.09218146809395486,0.013990389070814473,-0.13981543412076547,-0.06291252252497549,1.8.3
4,operational_return_rms_nearest_cross_path_median,0.04679472835816379,0.04721049446718482,562,281.0,-0.09345046054680839,-0.07837769523341663,-0.08591407789011252,0.013990389070814473,-0.13981543412076547,-0.06291252252497549,1.8.3
4,operational_return_rms_nearest_cross_path_median,0.04679472835816379,0.04721049446718482,563,281.5,-0.0845413704896891,-0.07751714315706443,-0.08102925682337676,0.013990389070814473,-0.13981543412076547,-0.06291252252497549,1.8.3
4,operational_return_rms_nearest_cross_path_median,0.04679472835816379,0.04721049446718482,564,282.0,-0.08113148365231901,-0.07682477801663436,-0.07897813083447669,0.013990389070814473,-0.13981543412076547,-0.06291252252497549,1.8.3
4,operational_return_rms_nearest_cross_path_median,0.04679472835816379,0.04721049446718482,565,282.5,-0.07978979789462437,-0.07578807196392827,-0.07778893492927633,0.013990389070814473,-0.13981543412076547,-0.06291252252497549,1.8.3
4,operational_return_rms_nearest_cross_path_median,0.04679472835816379,0.04721049446718482,566,283.0,-0.07734622988750163,-0.07509042206337657,-0.0762183259754391,0.013990389070814473,-0.13981543412076547,-0.06291252252497549,1.8.3
4,operational_return_rms_nearest_cross_path_median,0.04679472835816379,0.04721049446718482,567,283.5,-0.07673968342128948,-0.07585323112296774,-0.07629645727212861,0.013990389070814473,-0.13981543412076547,-0.06291252252497549,1.8.3
4,operational_return_rms_nearest_cross_path_median,0.04679472835816379,0.04721049446718482,568,284.0,-0.07478618086171383,-0.07468280974259636,-0.07473449530215509,0.013990389070814473,-0.13981543412076547,-0.06291252252497549,1.8.3
4,operational_return_rms_nearest_cross_path_median,0.04679472835816379,0.04721049446718482,569,284.5,-0.07191057746313201,-0.07321937031935954,-0.07256497389124578,0.013990389070814473,-0.13981543412076547,-0.06291252252497549,1.8.3
4,operational_return_rms_nearest_cross_path_median,0.04679472835816379,0.04721049446718482,570,285.0,-0.07066820089870429,-0.07234999635901011,-0.07150909862885721,0.013990389070814473,-0.13981543412076547,-0.06291252252497549,1.8.3
4,operational_return_rms_nearest_cross_path_median,0.04679472835816379,0.04721049446718482,571,285.5,-0.07094652176997136,-0.1305334208301789,-0.10073997130007514,0.013990389070814473,-0.07234999635901011,-0.02917980364409782,1.8.3
4,operational_return_rms_nearest_cross_path_median,0.04679472835816379,0.04721049446718482,572,286.0,-0.07097365880744948,-0.12493640391768907,-0.09795503136256928,0.013990389070814473,-0.07234999635901011,-0.02917980364409782,1.8.3
4,operational_return_rms_nearest_cross_path_median,0.04679472835816379,0.04721049446718482,573,286.5,-0.0709616482446715,-0.12015688656513498,-0.09555926740490324,0.013990389070814473,-0.07234999635901011,-0.02917980364409782,1.8.3
4,operational_return_rms_nearest_cross_path_median,0.04679472835816379,0.04721049446718482,574,287.0,-0.06949264596332558,-0.11575429012527184,-0.09262346804429872,0.013990389070814473,-0.07234999635901011,-0.02917980364409782,1.8.3
4,operational_return_rms_nearest_cross_path_median,0.04679472835816379,0.04721049446718482,575,287.5,-0.06884165361682942,-0.1124866796825506,-0.09066416664969001,0.013990389070814473,-0.07234999635901011,-0.02917980364409782,1.8.3
4,operational_return_rms_nearest_cross_path_median,0.04679472835816379,0.04721049446718482,576,288.0,-0.06846324146939048,-0.11093536663476501,-0.08969930405207774,0.013990389070814473,-0.07234999635901011,-0.02917980364409782,1.8.3
4,operational_return_rms_nearest_cross_path_median,0.04679472835816379,0.04721049446718482,577,288.5,-0.06792768006220273,-0.10818749126214786,-0.0880575856621753,0.013990389070814473,-0.07234999635901011,-0.02917980364409782,1.8.3
4,operational_return_rms_nearest_cross_path_median,0.04679472835816379,0.04721049446718482,578,289.0,-0.06819734526979482,-0.1065832247159606,-0.08739028499287771,0.013990389070814473,-0.07234999635901011,-0.02917980364409782,1.8.3
4,operational_return_rms_nearest_cross_path_median,0.04679472835816379,0.04721049446718482,579,289.5,-0.06711592719775528,-0.10576127092341925,-0.08643859906058726,-0.06819734526979482,-0.07234999635901011,-0.07027367081440247,1.8.3
4,operational_return_rms_nearest_cross_path_median,0.04679472835816379,0.04721049446718482,580,290.0,-0.06729710342427672,-0.10375081154151787,-0.08552395748289729,-0.06819734526979482,-0.07234999635901011,-0.07027367081440247,1.8.3
4,operational_return_rms_nearest_cross_path_median,0.04679472835816379,0.04721049446718482,581,290.5,0.006466468055273632,-0.10208839718007731,-0.04781096456240184,-0.06819734526979482,-0.07234999635901011,-0.07027367081440247,1.8.3
4,operational_return_rms_nearest_cross_path_median,0.04679472835816379,0.04721049446718482,582,291.0,-0.007495843295032126,-0.1009079128789731,-0.054201878087002615,-0.06819734526979482,-0.07234999635901011,-0.07027367081440247,1.8.3
4,operational_return_rms_nearest_cross_path_median,0.04679472835816379,0.04721049446718482,583,291.5,-0.017720798714443237,-0.0995353064643943,-0.05862805258941877,-0.06819734526979482,-0.07234999635901011,-0.07027367081440247,1.8.3
4,operational_return_rms_nearest_cross_path_median,0.04679472835816379,0.04721049446718482,584,292.0,-0.02286757689980269,-0.09858302156963038,-0.060725299234716534,-0.06819734526979482,-0.07234999635901011,-0.07027367081440247,1.8.3
4,operational_return_rms_nearest_cross_path_median,0.04679472835816379,0.04721049446718482,585,292.5,-0.02609481561872086,-0.09751091047272882,-0.06180286304572484,-0.06819734526979482,-0.07234999635901011,-0.07027367081440247,1.8.3
4,operational_return_rms_nearest_cross_path_median,0.04679472835816379,0.04721049446718482,586,293.0,-0.028455842619156804,-0.0972259167531979,-0.06284087968617735,-0.06819734526979482,-0.07234999635901011,-0.07027367081440247,1.8.3
4,operational_return_rms_nearest_cross_path_median,0.04679472835816379,0.04721049446718482,587,293.5,-0.0318273963888283,-0.09594651462971464,-0.06388695550927147,-0.06819734526979482,-0.07234999635901011,-0.07027367081440247,1.8.3
4,operational_return_rms_nearest_cross_path_median,0.04679472835816379,0.04721049446718482,588,294.0,-0.03634112887064615,-0.09337552496014206,-0.06485832691539412,-0.06819734526979482,-0.07234999635901011,-0.07027367081440247,1.8.3
4,operational_return_rms_nearest_cross_path_median,0.04679472835816379,0.04721049446718482,589,294.5,-0.03717232784014998,-0.09238340151542733,-0.06477786467778865,-0.06819734526979482,-0.07234999635901011,-0.07027367081440247,1.8.3
4,operational_return_rms_nearest_cross_path_median,0.04679472835816379,0.04721049446718482,590,295.0,-0.03868721107579389,-0.09176484573241286,-0.06522602840410338,-0.06819734526979482,-0.07234999635901011,-0.07027367081440247,1.8.3
4,operational_return_rms_nearest_cross_path_median,0.04679472835816379,0.04721049446718482,591,295.5,-0.04084052142867906,-0.14449714944542788,-0.09266883543705347,-0.06819734526979482,-0.07234999635901011,-0.07027367081440247,1.8.3
4,operational_return_rms_nearest_cross_path_median,0.04679472835816379,0.04721049446718482,592,296.0,-0.04209138177276614,-0.1394001272777597,-0.09074575452526291,-0.06819734526979482,-0.07234999635901011,-0.07027367081440247,1.8.3
4,operational_return_rms_nearest_cross_path_median,0.04679472835816379,0.04721049446718482,593,296.5,-0.04398092603686098,-0.13506189740101412,-0.08952141171893756,-0.06819734526979482,-0.07234999635901011,-0.07027367081440247,1.8.3
4,operational_return_rms_nearest_cross_path_median,0.04679472835816379,0.04721049446718482,594,297.0,-0.045601416393228,-0.13127074143977846,-0.08843607891650324,-0.06819734526979482,-0.07234999635901011,-0.07027367081440247,1.8.3
4,operational_return_rms_nearest_cross_path_median,0.04679472835816379,0.04721049446718482,595,297.5,-0.045654402424242645,-0.12939958797446294,-0.0875269951993528,-0.06819734526979482,-0.07234999635901011,-0.07027367081440247,1.8.3
4,operational_return_rms_nearest_cross_path_median,0.04679472835816379,0.04721049446718482,596,298.0,-0.04535892728405071,-0.1267706610666977,-0.08606479417537422,-0.06819734526979482,-0.07234999635901011,-0.07027367081440247,1.8.3
4,operational_return_rms_nearest_cross_path_median,0.04679472835816379,0.04721049446718482,597,298.5,-0.04414226832802694,-0.12500831707172494,-0.08457529269987593,-0.06819734526979482,-0.07234999635901011,-0.07027367081440247,1.8.3
4,operational_return_rms_nearest_cross_path_median,0.04679472835816379,0.04721049446718482,598,299.0,-0.045170973622574606,-0.12345864624626124,-0.08431480993441792,-0.06819734526979482,-0.07234999635901011,-0.07027367081440247,1.8.3
4,operational_return_rms_nearest_cross_path_median,0.04679472835816379,0.04721049446718482,599,299.5,-0.04534529298286767,-0.11966118264204183,-0.08250323781245475,-0.06819734526979482,-0.07234999635901011,-0.07027367081440247,1.8.3
4,operational_return_rms_nearest_cross_path_median,0.04679472835816379,0.04721049446718482,600,300.0,-0.04604049346277685,-0.11729257540703869,-0.08166653443490778,-0.06819734526979482,-0.07234999635901011,-0.07027367081440247,1.8.3
4,operational_return_rms_nearest_cross_path_median,0.04679472835816379,0.04721049446718482,601,300.5,0.01937714895660639,-0.11589063250274488,-0.048256741773069246,-0.06819734526979482,-0.07234999635901011,-0.07027367081440247,1.8.3
4,operational_return_rms_nearest_cross_path_median,0.04679472835816379,0.04721049446718482,602,301.0,0.008900996614101936,-0.11467345314372102,-0.05288622826480954,-0.06819734526979482,-0.11589063250274488,-0.09204398888626986,1.8.3
4,operational_return_rms_nearest_cross_path_median,0.04679472835816379,0.04721049446718482,603,301.5,0.0021300605294558945,-0.11255064513644444,-0.05521029230349427,-0.06819734526979482,-0.11589063250274488,-0.09204398888626986,1.8.3
4,operational_return_rms_nearest_cross_path_median,0.04679472835816379,0.04721049446718482,604,302.0,-0.003928186404636436,-0.11076724258272036,-0.0573477144936784,-0.06819734526979482,-0.11589063250274488,-0.09204398888626986,1.8.3
4,operational_return_rms_nearest_cross_path_median,0.04679472835816379,0.04721049446718482,605,302.5,-0.009823089992955794,-0.10909512127142126,-0.05945910563218853,-0.06819734526979482,-0.11589063250274488,-0.09204398888626986,1.8.3
4,operational_return_rms_nearest_cross_path_median,0.04679472835816379,0.04721049446718482,606,303.0,-0.01584149021897774,-0.10625270053047399,-0.061047095374725864,-0.06819734526979482,-0.11589063250274488,-0.09204398888626986,1.8.3
4,operational_return_rms_nearest_cross_path_median,0.04679472835816379,0.04721049446718482,607,303.5,-0.018350988221087383,-0.10312917588471002,-0.0607400820528987,-0.06819734526979482,-0.11589063250274488,-0.09204398888626986,1.8.3
4,operational_return_rms_nearest_cross_path_median,0.04679472835816379,0.04721049446718482,608,304.0,-0.021315477018136533,-0.10121955542324877,-0.06126751622069265,-0.06819734526979482,-0.11589063250274488,-0.09204398888626986,1.8.3
4,operational_return_rms_nearest_cross_path_median,0.04679472835816379,0.04721049446718482,609,304.5,-0.024037193712480698,-0.10051556828041476,-0.06227638099644773,-0.06819734526979482,-0.11589063250274488,-0.09204398888626986,1.8.3
4,operational_return_rms_nearest_cross_path_median,0.04679472835816379,0.04721049446718482,610,305.0,-0.02548682166623241,-0.09916858692983709,-0.06232770429803475,-0.06819734526979482,-0.11589063250274488,-0.09204398888626986,1.8.3
4,operational_return_rms_nearest_cross_path_median,0.04679472835816379,0.04721049446718482,611,305.5,-0.02797912637892097,-0.15128398111193483,-0.0896315537454279,-0.06819734526979482,-0.11589063250274488,-0.09204398888626986,1.8.3
4,operational_return_rms_nearest_cross_path_median,0.04679472835816379,0.04721049446718482,612,306.0,-0.02865888488407191,-0.14444911134531768,-0.0865539981146948,-0.06819734526979482,-0.11589063250274488,-0.09204398888626986,1.8.3
4,operational_return_rms_nearest_cross_path_median,0.04679472835816379,0.04721049446718482,613,306.5,-0.03191456733975745,-0.1387287762867557,-0.08532167181325657,-0.06819734526979482,-0.11589063250274488,-0.09204398888626986,1.8.3
4,operational_return_rms_nearest_cross_path_median,0.04679472835816379,0.04721049446718482,614,307.0,-0.03486843648866894,-0.13342874362795437,-0.08414859005831166,-0.06819734526979482,-0.11589063250274488,-0.09204398888626986,1.8.3
4,operational_return_rms_nearest_cross_path_median,0.04679472835816379,0.04721049446718482,615,307.5,-0.03616280478521321,-0.1290044479476894,-0.08258362636645131,-0.06819734526979482,-0.11589063250274488,-0.09204398888626986,1.8.3
4,operational_return_rms_nearest_cross_path_median,0.04679472835816379,0.04721049446718482,616,308.0,-0.0383815795437023,-0.1290066648927184,-0.08369412221821035,-0.06819734526979482,-0.11589063250274488,-0.09204398888626986,1.8.3
4,operational_return_rms_nearest_cross_path_median,0.04679472835816379,0.04721049446718482,617,308.5,-0.0404270929803325,-0.12667360264973743,-0.08355034781503497,-0.06819734526979482,-0.11589063250274488,-0.09204398888626986,1.8.3
4,operational_return_rms_nearest_cross_path_median,0.04679472835816379,0.04721049446718482,618,309.0,-0.041428227268938446,-0.12254530507219384,-0.08198676617056615,-0.06819734526979482,-0.11589063250274488,-0.09204398888626986,1.8.3
4,operational_return_rms_nearest_cross_path_median,0.04679472835816379,0.04721049446718482,619,309.5,-0.041181007353827626,-0.11931590030835354,-0.08024845383109058,-0.06819734526979482,-0.11589063250274488,-0.09204398888626986,1.8.3
4,operational_return_rms_nearest_cross_path_median,0.04679472835816379,0.04721049446718482,620,310.0,-0.04148176920423988,-0.11694519121175163,-0.07921348020799576,-0.06819734526979482,-0.11589063250274488,-0.09204398888626986,1.8.3
4,operational_return_rms_nearest_cross_path_median,0.04679472835816379,0.04721049446718482,621,310.5,0.02135320245561797,-0.11390150543007678,-0.04627415148722941,-0.06819734526979482,-0.11589063250274488,-0.09204398888626986,1.8.3
4,operational_return_rms_nearest_cross_path_median,0.04679472835816379,0.04721049446718482,622,311.0,0.011888846792588156,-0.11201487508391124,-0.05006301414566154,-0.06819734526979482,-0.11589063250274488,-0.09204398888626986,1.8.3
4,operational_return_rms_nearest_cross_path_median,0.04679472835816379,0.04721049446718482,623,311.5,0.004931011293916486,-0.11014461369465195,-0.05260680120036773,-0.06819734526979482,-0.11589063250274488,-0.09204398888626986,1.8.3
4,operational_return_rms_nearest_cross_path_median,0.04679472835816379,0.04721049446718482,624,312.0,-0.0004185692398579466,-0.10703617105057121,-0.05372737014521458,-0.06819734526979482,-0.11589063250274488,-0.09204398888626986,1.8.3
4,operational_return_rms_nearest_cross_path_median,0.04679472835816379,0.04721049446718482,625,312.5,-0.005064490377080871,-0.10500379428430903,-0.05503414233069495,-0.06819734526979482,-0.11589063250274488,-0.09204398888626986,1.8.3
4,operational_return_rms_nearest_cross_path_median,0.04679472835816379,0.04721049446718482,626,313.0,-0.010762831195255756,-0.10440349738485027,-0.057583164290053016,-0.06819734526979482,-0.11589063250274488,-0.09204398888626986,1.8.3
4,operational_return_rms_nearest_cross_path_median,0.04679472835816379,0.04721049446718482,627,313.5,-0.014150525511230527,-0.10312630455852984,-0.05863841503488018,-0.06819734526979482,-0.11589063250274488,-0.09204398888626986,1.8.3
4,operational_return_rms_nearest_cross_path_median,0.04679472835816379,0.04721049446718482,628,314.0,-0.018318796780755056,-0.1020770735553858,-0.06019793516807043,-0.06819734526979482,-0.11589063250274488,-0.09204398888626986,1.8.3
4,operational_return_rms_nearest_cross_path_median,0.04679472835816379,0.04721049446718482,629,314.5,-0.020028284577095976,-0.10106662841222763,-0.060547456494661804,-0.06819734526979482,-0.11589063250274488,-0.09204398888626986,1.8.3
4,operational_return_rms_nearest_cross_path_median,0.04679472835816379,0.04721049446718482,630,315.0,-0.02229952280650055,-0.09914416158029643,-0.06072184219339849,-0.06819734526979482,-0.11589063250274488,-0.09204398888626986,1.8.3
4,operational_return_rms_nearest_cross_path_median,0.04679472835816379,0.04721049446718482,631,315.5,-0.02400085409346525,-0.0394819626674803,-0.03174140838047278,-0.06819734526979482,-0.11589063250274488,-0.09204398888626986,1.8.3
4,operational_return_rms_nearest_cross_path_median,0.04679472835816379,0.04721049446718482,632,316.0,-0.026863738590020045,-0.044777154662936,-0.03582044662647802,-0.06819734526979482,-0.11589063250274488,-0.09204398888626986,1.8.3
4,operational_return_rms_nearest_cross_path_median,0.04679472835816379,0.04721049446718482,633,316.5,-0.028370787614893117,-0.04947818419914922,-0.03892448590702117,-0.06819734526979482,-0.11589063250274488,-0.09204398888626986,1.8.3
4,operational_return_rms_nearest_cross_path_median,0.04679472835816379,0.04721049446718482,634,317.0,-0.030758935381686614,-0.05056589623616647,-0.040662415808926544,-0.06819734526979482,-0.11589063250274488,-0.09204398888626986,1.8.3
4,operational_return_rms_nearest_cross_path_median,0.04679472835816379,0.04721049446718482,635,317.5,-0.03183504181263612,-0.053114432925015095,-0.04247473736882561,-0.06819734526979482,-0.11589063250274488,-0.09204398888626986,1.8.3
4,operational_return_rms_nearest_cross_path_median,0.04679472835816379,0.04721049446718482,636,318.0,-0.0319569969653376,-0.05449709379795641,-0.04322704538164701,-0.06819734526979482,-0.11589063250274488,-0.09204398888626986,1.8.3
4,operational_return_rms_nearest_cross_path_median,0.04679472835816379,0.04721049446718482,637,318.5,-0.03225325065686817,-0.05714719902135293,-0.04470022483911055,-0.06819734526979482,-0.05449709379795641,-0.06134721953387562,1.8.3
4,operational_return_rms_nearest_cross_path_median,0.04679472835816379,0.04721049446718482,638,319.0,-0.03491732541387102,-0.05841223983726877,-0.046664782625569896,-0.06819734526979482,-0.05449709379795641,-0.06134721953387562,1.8.3
4,operational_return_rms_nearest_cross_path_median,0.04679472835816379,0.04721049446718482,639,319.5,-0.03558059231112455,-0.05935857539540482,-0.047469583853264684,-0.06819734526979482,-0.05449709379795641,-0.06134721953387562,1.8.3
4,operational_return_rms_nearest_cross_path_median,0.04679472835816379,0.04721049446718482,640,320.0,-0.037050795714441476,-0.057946191936545204,-0.04749849382549334,-0.06819734526979482,-0.05449709379795641,-0.06134721953387562,1.8.3
4,operational_return_rms_nearest_cross_path_median,0.04679472835816379,0.04721049446718482,641,320.5,0.024765760915935357,-0.05683773480203578,-0.01603598694305021,-0.06819734526979482,-0.05449709379795641,-0.06134721953387562,1.8.3
4,operational_return_rms_nearest_cross_path_median,0.04679472835816379,0.04721049446718482,642,321.0,0.01580862350923528,-0.05740009281028102,-0.02079573465052287,-0.06819734526979482,-0.05449709379795641,-0.06134721953387562,1.8.3
4,operational_return_rms_nearest_cross_path_median,0.04679472835816379,0.04721049446718482,643,321.5,0.009575866267843972,-0.056599384073368966,-0.023511758902762497,-0.06819734526979482,-0.05449709379795641,-0.06134721953387562,1.8.3
4,operational_return_rms_nearest_cross_path_median,0.04679472835816379,0.04721049446718482,644,322.0,0.004663645500215921,-0.058652503635898634,-0.026994429067841358,-0.06819734526979482,-0.05449709379795641,-0.06134721953387562,1.8.3
4,operational_return_rms_nearest_cross_path_median,0.04679472835816379,0.04721049446718482,645,322.5,-0.00028921693337534415,-0.058588554042846325,-0.029438885488110834,-0.06819734526979482,-0.05449709379795641,-0.06134721953387562,1.8.3
4,operational_return_rms_nearest_cross_path_median,0.04679472835816379,0.04721049446718482,646,323.0,-0.004326548279151479,-0.05728542897434221,-0.030805988626746845,-0.06819734526979482,-0.05449709379795641,-0.06134721953387562,1.8.3
4,operational_return_rms_nearest_cross_path_median,0.04679472835816379,0.04721049446718482,647,323.5,-0.00854493410805307,-0.05715116394586499,-0.03284804902695903,-0.06819734526979482,-0.05449709379795641,-0.06134721953387562,1.8.3
4,operational_return_rms_nearest_cross_path_median,0.04679472835816379,0.04721049446718482,648,324.0,-0.012651451294161953,-0.05571863231212696,-0.03418504180314445,-0.06819734526979482,-0.05449709379795641,-0.06134721953387562,1.8.3
4,operational_return_rms_nearest_cross_path_median,0.04679472835816379,0.04721049446718482,649,324.5,-0.016062277998239713,-0.05313350178912443,-0.03459788989368207,-0.06819734526979482,-0.05449709379795641,-0.06134721953387562,1.8.3
4,operational_return_rms_nearest_cross_path_median,0.04679472835816379,0.04721049446718482,650,325.0,-0.01931620076011241,-0.05391008658450743,-0.03661314367230992,-0.06819734526979482,-0.05449709379795641,-0.06134721953387562,1.8.3
4,operational_return_rms_nearest_cross_path_median,0.04679472835816379,0.04721049446718482,651,325.5,-0.02071834556474883,0.017122816079355573,-0.0017977647426966285,-0.06819734526979482,-0.05449709379795641,-0.06134721953387562,1.8.3
4,operational_return_rms_nearest_cross_path_median,0.04679472835816379,0.04721049446718482,652,326.0,-0.022104013823161406,0.007775899039606047,-0.0071640573917776795,-0.06819734526979482,-0.05449709379795641,-0.06134721953387562,1.8.3
4,operational_return_rms_nearest_cross_path_median,0.04679472835816379,0.04721049446718482,653,326.5,-0.023046568158618608,0.0009233909979707048,-0.011061588580323951,-0.06819734526979482,-0.05449709379795641,-0.06134721953387562,1.8.3
4,operational_return_rms_nearest_cross_path_median,0.04679472835816379,0.04721049446718482,654,327.0,-0.02082251421433129,-0.002989930008693034,-0.011906222111512162,-0.06819734526979482,-0.05449709379795641,-0.06134721953387562,1.8.3
4,operational_return_rms_nearest_cross_path_median,0.04679472835816379,0.04721049446718482,655,327.5,-0.0230781663233504,-0.006621776222970402,-0.0148499712731604,-0.06819734526979482,-0.05449709379795641,-0.06134721953387562,1.8.3
4,operational_return_rms_nearest_cross_path_median,0.04679472835816379,0.04721049446718482,656,328.0,-0.02470622966645139,-0.0076646539602411995,-0.016185441813346295,-0.06819734526979482,-0.05449709379795641,-0.06134721953387562,1.8.3
4,operational_return_rms_nearest_cross_path_median,0.04679472835816379,0.04721049446718482,657,328.5,-0.025956802353960237,-0.009225558592926147,-0.017591180473443192,-0.06819734526979482,-0.05449709379795641,-0.06134721953387562,1.8.3
4,operational_return_rms_nearest_cross_path_median,0.04679472835816379,0.04721049446718482,658,329.0,-0.028358374804857478,-0.01039406923834485,-0.019376222021601164,-0.06819734526979482,-0.05449709379795641,-0.06134721953387562,1.8.3
4,operational_return_rms_nearest_cross_path_median,0.04679472835816379,0.04721049446718482,659,329.5,-0.0306340176868153,-0.013689393478647144,-0.02216170558273122,-0.06819734526979482,-0.05449709379795641,-0.06134721953387562,1.8.3
4,operational_return_rms_nearest_cross_path_median,0.04679472835816379,0.04721049446718482,660,330.0,-0.029715087430155482,-0.016221410806634334,-0.022968249118394908,-0.0306340176868153,-0.05449709379795641,-0.04256555574238585,1.8.3
4,operational_return_rms_nearest_cross_path_median,0.04679472835816379,0.04721049446718482,661,330.5,-0.10437375892293245,-0.01846413401319895,-0.0614189464680657,-0.0306340176868153,-0.05449709379795641,-0.04256555574238585,1.8.3
4,operational_return_rms_nearest_cross_path_median,0.04679472835816379,0.04721049446718482,662,331.0,-0.09038599706579223,-0.02031335965015546,-0.055349678357973844,-0.0306340176868153,-0.05449709379795641,-0.04256555574238585,1.8.3
4,operational_return_rms_nearest_cross_path_median,0.04679472835816379,0.04721049446718482,663,331.5,-0.08254528046518159,-0.02217136635277006,-0.052358323408975824,-0.0306340176868153,-0.05449709379795641,-0.04256555574238585,1.8.3
4,operational_return_rms_nearest_cross_path_median,0.04679472835816379,0.04721049446718482,664,332.0,-0.07682853077319249,-0.021583697604433225,-0.049206114188812856,-0.0306340176868153,-0.05449709379795641,-0.04256555574238585,1.8.3
4,operational_return_rms_nearest_cross_path_median,0.04679472835816379,0.04721049446718482,665,332.5,-0.072527000593433,-0.0224478237435448,-0.0474874121684889,-0.0306340176868153,-0.05449709379795641,-0.04256555574238585,1.8.3
4,operational_return_rms_nearest_cross_path_median,0.04679472835816379,0.04721049446718482,666,333.0,-0.07164473778277627,-0.023505823840813025,-0.04757528081179465,-0.0306340176868153,-0.05449709379795641,-0.04256555574238585,1.8.3
4,operational_return_rms_nearest_cross_path_median,0.04679472835816379,0.04721049446718482,667,333.5,-0.06967416579692962,-0.023929393819177636,-0.046801779808053626,-0.0306340176868153,-0.05449709379795641,-0.04256555574238585,1.8.3
4,operational_return_rms_nearest_cross_path_median,0.04679472835816379,0.04721049446718482,668,334.0,-0.06652761941221119,-0.023747195870730056,-0.045137407641470624,-0.0306340176868153,-0.05449709379795641,-0.04256555574238585,1.8.3
4,operational_return_rms_nearest_cross_path_median,0.04679472835816379,0.04721049446718482,669,334.5,-0.06579989359163446,-0.022902506605796694,-0.04435120009871558,-0.0306340176868153,-0.05449709379795641,-0.04256555574238585,1.8.3
4,operational_return_rms_nearest_cross_path_median,0.04679472835816379,0.04721049446718482,670,335.0,-0.0636433190945371,-0.024549872666307912,-0.04409659588042251,-0.0306340176868153,-0.05449709379795641,-0.04256555574238585,1.8.3
4,operational_return_rms_nearest_cross_path_median,0.04679472835816379,0.04721049446718482,671,335.5,-0.06342297102046407,0.03308414087167432,-0.015169415074394874,-0.0306340176868153,-0.05449709379795641,-0.04256555574238585,1.8.3
4,operational_return_rms_nearest_cross_path_median,0.04679472835816379,0.04721049446718482,672,336.0,-0.0610338319031358,0.025879293951347544,-0.01757726897589413,-0.0306340176868153,0.03308414087167432,0.0012250615924295112,1.8.3
4,operational_return_rms_nearest_cross_path_median,0.04679472835816379,0.04721049446718482,673,336.5,-0.0599517541649872,0.019717702801334547,-0.020117025681826328,-0.0306340176868153,0.03308414087167432,0.0012250615924295112,1.8.3
4,operational_return_rms_nearest_cross_path_median,0.04679472835816379,0.04721049446718482,674,337.0,-0.05994110380894921,0.016895147299320568,-0.02152297825481432,-0.0306340176868153,0.03308414087167432,0.0012250615924295112,1.8.3
4,operational_return_rms_nearest_cross_path_median,0.04679472835816379,0.04721049446718482,675,337.5,-0.05908774832156681,0.014195976945245435,-0.022445885688160687,-0.0306340176868153,0.03308414087167432,0.0012250615924295112,1.8.3
4,operational_return_rms_nearest_cross_path_median,0.04679472835816379,0.04721049446718482,676,338.0,-0.05858664241532003,0.012857811335717735,-0.022864415539801147,-0.0306340176868153,0.03308414087167432,0.0012250615924295112,1.8.3
4,operational_return_rms_nearest_cross_path_median,0.04679472835816379,0.04721049446718482,677,338.5,-0.057468436045608605,0.009986200712943873,-0.023741117666332367,-0.0306340176868153,0.03308414087167432,0.0012250615924295112,1.8.3
4,operational_return_rms_nearest_cross_path_median,0.04679472835816379,0.04721049446718482,678,339.0,-0.05750408295144933,0.006000756972667101,-0.025751662989391112,-0.0306340176868153,0.03308414087167432,0.0012250615924295112,1.8.3
4,operational_return_rms_nearest_cross_path_median,0.04679472835816379,0.04721049446718482,679,339.5,-0.05675222894513695,0.004001417337306946,-0.026375405803915,-0.0306340176868153,0.03308414087167432,0.0012250615924295112,1.8.3
4,operational_return_rms_nearest_cross_path_median,0.04679472835816379,0.04721049446718482,680,340.0,-0.05459578791996431,0.001550431071832272,-0.02652267842406602,-0.0306340176868153,0.03308414087167432,0.0012250615924295112,1.8.3
4,operational_return_rms_nearest_cross_path_median,0.04679472835816379,0.04721049446718482,681,340.5,-0.11986463900203462,0.0003061576783260916,-0.05977924066185426,-0.0306340176868153,0.03308414087167432,0.0012250615924295112,1.8.3
4,operational_return_rms_nearest_cross_path_median,0.04679472835816379,0.04721049446718482,682,341.0,-0.11260773281265148,-0.0022812713675306046,-0.05744450209009104,-0.0306340176868153,0.03308414087167432,0.0012250615924295112,1.8.3
4,operational_return_rms_nearest_cross_path_median,0.04679472835816379,0.04721049446718482,683,341.5,-0.10640221009966411,-0.0024937361813345965,-0.05444797314049935,-0.0306340176868153,0.03308414087167432,0.0012250615924295112,1.8.3
4,operational_return_rms_nearest_cross_path_median,0.04679472835816379,0.04721049446718482,684,342.0,-0.10172010785704275,-0.0032629767468998344,-0.05249154230197129,-0.10640221009966411,0.03308414087167432,-0.03665903461399489,1.8.3
4,operational_return_rms_nearest_cross_path_median,0.04679472835816379,0.04721049446718482,685,342.5,-0.09743367048462767,-0.004704043640323022,-0.05106885706247535,-0.10640221009966411,0.03308414087167432,-0.03665903461399489,1.8.3
4,operational_return_rms_nearest_cross_path_median,0.04679472835816379,0.04721049446718482,686,343.0,-0.09406948608766676,-0.006545685406388821,-0.05030758574702779,-0.10640221009966411,0.03308414087167432,-0.03665903461399489,1.8.3
4,operational_return_rms_nearest_cross_path_median,0.04679472835816379,0.04721049446718482,687,343.5,-0.09098780333192477,-0.006995827935321469,-0.04899181563362312,-0.10640221009966411,0.03308414087167432,-0.03665903461399489,1.8.3
4,operational_return_rms_nearest_cross_path_median,0.04679472835816379,0.04721049446718482,688,344.0,-0.08781740974613826,-0.009973011889520059,-0.04889521081782916,-0.10640221009966411,0.03308414087167432,-0.03665903461399489,1.8.3
4,operational_return_rms_nearest_cross_path_median,0.04679472835816379,0.04721049446718482,689,344.5,-0.08526372518199532,-0.01032280744654844,-0.04779326631427188,-0.10640221009966411,0.03308414087167432,-0.03665903461399489,1.8.3
4,operational_return_rms_nearest_cross_path_median,0.04679472835816379,0.04721049446718482,690,345.0,-0.08108134771793656,-0.00990328929143415,-0.04549231850468535,-0.10640221009966411,0.03308414087167432,-0.03665903461399489,1.8.3
4,operational_return_rms_nearest_cross_path_median,0.04679472835816379,0.04721049446718482,691,345.5,-0.0786403739920391,0.042717626073755836,-0.017961373959141633,-0.10640221009966411,0.03308414087167432,-0.03665903461399489,1.8.3
4,operational_return_rms_nearest_cross_path_median,0.04679472835816379,0.04721049446718482,692,346.0,-0.07682131143280631,0.03623928873459796,-0.020291011349104174,-0.10640221009966411,0.03308414087167432,-0.03665903461399489,1.8.3
4,operational_return_rms_nearest_cross_path_median,0.04679472835816379,0.04721049446718482,693,346.5,-0.07630653027258995,0.03178504425529742,-0.022260743008646264,-0.10640221009966411,0.03308414087167432,-0.03665903461399489,1.8.3
4,operational_return_rms_nearest_cross_path_median,0.04679472835816379,0.04721049446718482,694,347.0,-0.07265230667374034,0.027813534254287807,-0.022419386209726267,-0.10640221009966411,0.03308414087167432,-0.03665903461399489,1.8.3
4,operational_return_rms_nearest_cross_path_median,0.04679472835816379,0.04721049446718482,695,347.5,-0.07328047587122796,0.0248086216267494,-0.024235927122239282,-0.10640221009966411,0.03308414087167432,-0.03665903461399489,1.8.3
4,operational_return_rms_nearest_cross_path_median,0.04679472835816379,0.04721049446718482,696,348.0,-0.07198877476307727,0.022275346137536026,-0.024856714312770624,-0.10640221009966411,0.03308414087167432,-0.03665903461399489,1.8.3
4,operational_return_rms_nearest_cross_path_median,0.04679472835816379,0.04721049446718482,697,348.5,-0.07002795077936631,0.019437815908292057,-0.025295067435537128,-0.10640221009966411,0.03308414087167432,-0.03665903461399489,1.8.3
4,operational_return_rms_nearest_cross_path_median,0.04679472835816379,0.04721049446718482,698,349.0,-0.07048526684278925,0.0176652679663187,-0.02640999943823527,-0.07002795077936631,0.03308414087167432,-0.018471904953845996,1.8.3
4,operational_return_rms_nearest_cross_path_median,0.04679472835816379,0.04721049446718482,699,349.5,-0.0698571391045263,0.015167296827188984,-0.02734492113866866,-0.07002795077936631,0.03308414087167432,-0.018471904953845996,1.8.3
4,operational_return_rms_nearest_cross_path_median,0.04679472835816379,0.04721049446718482,700,350.0,-0.06777902190113032,0.014558729947263422,-0.02661014597693345,-0.07002795077936631,0.03308414087167432,-0.018471904953845996,1.8.3
4,operational_return_rms_nearest_cross_path_median,0.04679472835816379,0.04721049446718482,701,350.5,0.007109253128854433,0.012982866607803643,0.010046059868329038,-0.07002795077936631,0.03308414087167432,-0.018471904953845996,1.8.3
4,operational_return_rms_nearest_cross_path_median,0.04679472835816379,0.04721049446718482,702,351.0,-0.003407043634926901,0.011250003050683223,0.003921479707878161,-0.07002795077936631,0.03308414087167432,-0.018471904953845996,1.8.3
4,operational_return_rms_nearest_cross_path_median,0.04679472835816379,0.04721049446718482,703,351.5,-0.011462803631095198,0.009324799430563562,-0.0010690021002658177,-0.07002795077936631,0.03308414087167432,-0.018471904953845996,1.8.3
4,operational_return_rms_nearest_cross_path_median,0.04679472835816379,0.04721049446718482,704,352.0,-0.01671233311989638,0.0074249877350802155,-0.004643672692408082,-0.07002795077936631,0.03308414087167432,-0.018471904953845996,1.8.3
4,operational_return_rms_nearest_cross_path_median,0.04679472835816379,0.04721049446718482,705,352.5,-0.02040220066279412,0.006774388720198081,-0.00681390597129802,-0.07002795077936631,0.03308414087167432,-0.018471904953845996,1.8.3
4,operational_return_rms_nearest_cross_path_median,0.04679472835816379,0.04721049446718482,706,353.0,-0.022808237986115268,0.0067427010161859036,-0.008032768484964682,-0.07002795077936631,0.03308414087167432,-0.018471904953845996,1.8.3
4,operational_return_rms_nearest_cross_path_median,0.04679472835816379,0.04721049446718482,707,353.5,-0.022834005096318902,0.004818551555496534,-0.009007726770411183,-0.022808237986115268,0.03308414087167432,0.0051379514427795266,1.8.3
4,operational_return_rms_nearest_cross_path_median,0.04679472835816379,0.04721049446718482,708,354.0,-0.0243606738286343,0.0030976247275224518,-0.010631524550555924,-0.022808237986115268,0.03308414087167432,0.0051379514427795266,1.8.3
4,operational_return_rms_nearest_cross_path_median,0.04679472835816379,0.04721049446718482,709,354.5,-0.02549416058966661,0.00212801160371945,-0.01168307449297358,-0.022808237986115268,0.03308414087167432,0.0051379514427795266,1.8.3
4,operational_return_rms_nearest_cross_path_median,0.04679472835816379,0.04721049446718482,710,355.0,-0.027884064084858967,0.0002695794955857255,-0.013807242294636621,-0.022808237986115268,0.03308414087167432,0.0051379514427795266,1.8.3
4,operational_return_rms_nearest_cross_path_median,0.04679472835816379,0.04721049446718482,711,355.5,-0.029314490021112208,0.054267878492920016,0.012476694235903904,-0.022808237986115268,0.03308414087167432,0.0051379514427795266,1.8.3
4,operational_return_rms_nearest_cross_path_median,0.04679472835816379,0.04721049446718482,712,356.0,-0.02991256914187275,0.047505168490335654,0.008796299674231452,-0.022808237986115268,0.03308414087167432,0.0051379514427795266,1.8.3
4,operational_return_rms_nearest_cross_path_median,0.04679472835816379,0.04721049446718482,713,356.5,-0.02935812350503407,0.04311593943171616,0.006878907963341046,-0.022808237986115268,0.03308414087167432,0.0051379514427795266,1.8.3
4,operational_return_rms_nearest_cross_path_median,0.04679472835816379,0.04721049446718482,714,357.0,-0.027506327831047644,0.0383741195553822,0.005433895862167276,-0.022808237986115268,0.03308414087167432,0.0051379514427795266,1.8.3
4,operational_return_rms_nearest_cross_path_median,0.04679472835816379,0.04721049446718482,715,357.5,-0.028486362012683758,0.03514758957287983,0.0033306137800980344,-0.022808237986115268,0.0383741195553822,0.0077829407846334644,1.8.3
4,operational_return_rms_nearest_cross_path_median,0.04679472835816379,0.04721049446718482,716,358.0,-0.02798965530213937,0.031230095082834478,0.0016202198903475535,-0.028486362012683758,0.0383741195553822,0.004943878771349219,1.8.3
4,operational_return_rms_nearest_cross_path_median,0.04679472835816379,0.04721049446718482,717,358.5,-0.030079078256651945,0.029212854377368393,-0.00043311193964177576,-0.028486362012683758,0.0383741195553822,0.004943878771349219,1.8.3
4,operational_return_rms_nearest_cross_path_median,0.04679472835816379,0.04721049446718482,718,359.0,-0.031917597547205065,0.0263265181797275,-0.0027955396837387823,-0.028486362012683758,0.029212854377368393,0.0003632461823423177,1.8.3
4,operational_return_rms_nearest_cross_path_median,0.04679472835816379,0.04721049446718482,719,359.5,-0.031188798502010784,0.023855170440524737,-0.0036668140307430236,-0.028486362012683758,0.029212854377368393,0.0003632461823423177,1.8.3
4,operational_return_rms_nearest_cross_path_median,0.04679472835816379,0.04721049446718482,720,360.0,-0.03179569491786208,0.021581704292891767,-0.005106995312485155,-0.028486362012683758,0.029212854377368393,0.0003632461823423177,1.8.3
4,operational_return_rms_nearest_cross_path_median,0.04679472835816379,0.04721049446718482,721,360.5,0.02645320098556219,0.02003672684671555,0.02324496391613887,-0.028486362012683758,0.029212854377368393,0.0003632461823423177,1.8.3
4,operational_return_rms_nearest_cross_path_median,0.04679472835816379,0.04721049446718482,722,361.0,0.020807720917751474,0.01652968962577958,0.018668705271765527,-0.028486362012683758,0.029212854377368393,0.0003632461823423177,1.8.3
4,operational_return_rms_nearest_cross_path_median,0.04679472835816379,0.04721049446718482,723,361.5,0.0169589676137327,0.01589504236367427,0.016427004988703482,-0.028486362012683758,0.029212854377368393,0.0003632461823423177,1.8.3
4,operational_return_rms_nearest_cross_path_median,0.04679472835816379,0.04721049446718482,724,362.0,0.014795188389941928,0.014901219841155455,0.014848204115548692,-0.028486362012683758,0.029212854377368393,0.0003632461823423177,1.8.3
4,operational_return_rms_nearest_cross_path_median,0.04679472835816379,0.04721049446718482,725,362.5,0.011318655108284614,0.013820952345018596,0.012569803726651604,-0.028486362012683758,0.029212854377368393,0.0003632461823423177,1.8.3
4,operational_return_rms_nearest_cross_path_median,0.04679472835816379,0.04721049446718482,726,363.0,0.007896911260123032,0.011502945937485772,0.009699928598804402,-0.028486362012683758,0.029212854377368393,0.0003632461823423177,1.8.3
4,operational_return_rms_nearest_cross_path_median,0.04679472835816379,0.04721049446718482,727,363.5,0.00653481927483552,0.011229606070226389,0.008882212672530955,-0.028486362012683758,0.029212854377368393,0.0003632461823423177,1.8.3
4,operational_return_rms_nearest_cross_path_median,0.04679472835816379,0.04721049446718482,728,364.0,0.005099620450074679,0.010370255726915556,0.007734938088495118,-0.028486362012683758,0.029212854377368393,0.0003632461823423177,1.8.3
4,operational_return_rms_nearest_cross_path_median,0.04679472835816379,0.04721049446718482,729,364.5,0.0036630011218054402,0.009189314710073311,0.006426157915939376,-0.028486362012683758,0.029212854377368393,0.0003632461823423177,1.8.3
4,operational_return_rms_nearest_cross_path_median,0.04679472835816379,0.04721049446718482,730,365.0,0.001351161009681887,0.008706798349999248,0.005028979679840568,-0.028486362012683758,0.029212854377368393,0.0003632461823423177,1.8.3
4,operational_return_rms_nearest_cross_path_median,0.04679472835816379,0.04721049446718482,731,365.5,-0.0009765104802956087,0.06899185327291547,0.03400767139630993,-0.028486362012683758,0.029212854377368393,0.0003632461823423177,1.8.3
4,operational_return_rms_nearest_cross_path_median,0.04679472835816379,0.04721049446718482,732,366.0,-0.0013802527229791611,0.05943795356620168,0.029028850421611258,-0.028486362012683758,0.029212854377368393,0.0003632461823423177,1.8.3
4,operational_return_rms_nearest_cross_path_median,0.04679472835816379,0.04721049446718482,733,366.5,-0.0032410708347678646,0.053716689971801054,0.025237809568516595,-0.028486362012683758,0.029212854377368393,0.0003632461823423177,1.8.3
4,operational_return_rms_nearest_cross_path_median,0.04679472835816379,0.04721049446718482,734,367.0,-0.0031687158618409345,0.04883702732377396,0.02283415573096651,-0.028486362012683758,0.029212854377368393,0.0003632461823423177,1.8.3
4,operational_return_rms_nearest_cross_path_median,0.04679472835816379,0.04721049446718482,735,367.5,-0.003503029061580079,0.045681943649308845,0.021089457293864383,-0.028486362012683758,0.04883702732377396,0.0101753326555451,1.8.3
4,operational_return_rms_nearest_cross_path_median,0.04679472835816379,0.04721049446718482,736,368.0,-0.0049563503084499305,0.04366178365064406,0.019352716671097066,-0.028486362012683758,0.04883702732377396,0.0101753326555451,1.8.3
4,operational_return_rms_nearest_cross_path_median,0.04679472835816379,0.04721049446718482,737,368.5,-0.007080482023266194,0.03828298710693936,0.015601252541836582,-0.028486362012683758,0.04366178365064406,0.007587710818980152,1.8.3
4,operational_return_rms_nearest_cross_path_median,0.04679472835816379,0.04721049446718482,738,369.0,-0.007165401082616291,0.03411384300045007,0.013474220958916889,-0.007080482023266194,0.04366178365064406,0.018290650813688934,1.8.3
4,operational_return_rms_nearest_cross_path_median,0.04679472835816379,0.04721049446718482,739,369.5,-0.009001839210825952,0.032170385683047545,0.011584273236110797,-0.007165401082616291,0.03411384300045007,0.013474220958916889,1.8.3
4,operational_return_rms_nearest_cross_path_median,0.04679472835816379,0.04721049446718482,740,370.0,-0.010463931464262971,0.030530596072550965,0.010033332304143997,-0.007165401082616291,0.03411384300045007,0.013474220958916889,1.8.3
4,operational_return_rms_nearest_cross_path_median,0.04679472835816379,0.04721049446718482,741,370.5,0.043357888012445465,0.029946033285659642,0.03665196064905255,-0.007165401082616291,0.03411384300045007,0.013474220958916889,1.8.3
4,operational_return_rms_nearest_cross_path_median,0.04679472835816379,0.04721049446718482,742,371.0,0.039505815135105135,0.02869658683694518,0.034101200986025156,-0.007165401082616291,0.03411384300045007,0.013474220958916889,1.8.3
4,operational_return_rms_nearest_cross_path_median,0.04679472835816379,0.04721049446718482,743,371.5,0.03679751075638611,0.02858525600536644,0.03269138338087628,0.039505815135105135,0.03411384300045007,0.036809829067777605,1.8.3
4,operational_return_rms_nearest_cross_path_median,0.04679472835816379,0.04721049446718482,744,372.0,0.03415416974505972,0.02815996819171768,0.0311570689683887,0.039505815135105135,0.03411384300045007,0.036809829067777605,1.8.3
4,operational_return_rms_nearest_cross_path_median,0.04679472835816379,0.04721049446718482,745,372.5,0.030809581656440793,0.02696126987030592,0.028885425763373357,0.039505815135105135,0.03411384300045007,0.036809829067777605,1.8.3
4,operational_return_rms_nearest_cross_path_median,0.04679472835816379,0.04721049446718482,746,373.0,0.028403524503552224,0.02713787554536226,0.027770700024457244,0.039505815135105135,0.03411384300045007,0.036809829067777605,1.8.3
4,operational_return_rms_nearest_cross_path_median,0.04679472835816379,0.04721049446718482,747,373.5,0.025021649140256973,0.026780392061841594,0.025901020601049284,0.039505815135105135,0.03411384300045007,0.036809829067777605,1.8.3
4,operational_return_rms_nearest_cross_path_median,0.04679472835816379,0.04721049446718482,748,374.0,0.0231912815017188,0.02529663460216603,0.024243958051942415,0.039505815135105135,0.03411384300045007,0.036809829067777605,1.8.3
4,operational_return_rms_nearest_cross_path_median,0.04679472835816379,0.04721049446718482,749,374.5,0.01993617546469996,0.02522416935016981,0.022580172407434887,0.039505815135105135,0.03411384300045007,0.036809829067777605,1.8.3
4,operational_return_rms_nearest_cross_path_median,0.04679472835816379,0.04721049446718482,750,375.0,0.018304685816918454,0.024919704761365218,0.021612195289141836,0.039505815135105135,0.03411384300045007,0.036809829067777605,1.8.3
4,operational_return_rms_nearest_cross_path_median,0.04679472835816379,0.04721049446718482,751,375.5,0.016747162963498766,0.09619956673737758,0.05647336485043817,0.039505815135105135,0.03411384300045007,0.036809829067777605,1.8.3
4,operational_return_rms_nearest_cross_path_median,0.04679472835816379,0.04721049446718482,752,376.0,0.01647459377202264,0.08029055503254998,0.048382574402286306,0.039505815135105135,0.03411384300045007,0.036809829067777605,1.8.3
4,operational_return_rms_nearest_cross_path_median,0.04679472835816379,0.04721049446718482,753,376.5,0.015934406249763514,0.07239675250290452,0.044165579376334016,0.039505815135105135,0.03411384300045007,0.036809829067777605,1.8.3
4,operational_return_rms_nearest_cross_path_median,0.04679472835816379,0.04721049446718482,754,377.0,0.01473519606589267,0.0652021524041706,0.039968674235031636,0.039505815135105135,0.03411384300045007,0.036809829067777605,1.8.3
4,operational_return_rms_nearest_cross_path_median,0.04679472835816379,0.04721049446718482,755,377.5,0.014584104130150098,0.05949385957452686,0.037038981852338476,0.039505815135105135,0.03411384300045007,0.036809829067777605,1.8.3
4,operational_return_rms_nearest_cross_path_median,0.04679472835816379,0.04721049446718482,756,378.0,0.01404640477634091,0.05792965301783715,0.03598802889708903,0.014584104130150098,0.03411384300045007,0.024348973565300084,1.8.3
4,operational_return_rms_nearest_cross_path_median,0.04679472835816379,0.04721049446718482,757,378.5,0.015131352153283971,0.054592708392571625,0.0348620302729278,0.01404640477634091,0.03411384300045007,0.02408012388839549,1.8.3
4,operational_return_rms_nearest_cross_path_median,0.04679472835816379,0.04721049446718482,758,379.0,0.014911439338289681,0.051365231488023175,0.03313833541315643,0.01404640477634091,0.03411384300045007,0.02408012388839549,1.8.3
4,operational_return_rms_nearest_cross_path_median,0.04679472835816379,0.04721049446718482,759,379.5,0.014825382068906701,0.047369230426802605,0.03109730624785465,0.01404640477634091,0.03411384300045007,0.02408012388839549,1.8.3
4,operational_return_rms_nearest_cross_path_median,0.04679472835816379,0.04721049446718482,760,380.0,0.015711898343706048,0.04610818755081041,0.03091004294725823,0.01404640477634091,0.03411384300045007,0.02408012388839549,1.8.3
4,operational_return_rms_nearest_cross_path_median,0.04679472835816379,0.04721049446718482,761,380.5,0.07957948826858313,0.043363343265777204,0.06147141576718017,0.01404640477634091,0.03411384300045007,0.02408012388839549,1.8.3
4,operational_return_rms_nearest_cross_path_median,0.04679472835816379,0.04721049446718482,762,381.0,0.06826450641498973,0.04360684354130067,0.055935674978145195,0.01404640477634091,0.03411384300045007,0.02408012388839549,1.8.3
4,operational_return_rms_nearest_cross_path_median,0.04679472835816379,0.04721049446718482,763,381.5,0.06010564714951815,0.04192502537727607,0.05101533626339711,0.01404640477634091,0.03411384300045007,0.02408012388839549,1.8.3
4,operational_return_rms_nearest_cross_path_median,0.04679472835816379,0.04721049446718482,764,382.0,0.05678682159799236,0.0405810919668006,0.04868395678239648,0.01404640477634091,0.03411384300045007,0.02408012388839549,1.8.3
4,operational_return_rms_nearest_cross_path_median,0.04679472835816379,0.04721049446718482,765,382.5,0.05352314931896527,0.04104157000945113,0.0472823596642082,0.01404640477634091,0.03411384300045007,0.02408012388839549,1.8.3
4,operational_return_rms_nearest_cross_path_median,0.04679472835816379,0.04721049446718482,766,383.0,0.052399928471203096,0.03899669519359098,0.04569831183239704,0.01404640477634091,0.03411384300045007,0.02408012388839549,1.8.3
4,operational_return_rms_nearest_cross_path_median,0.04679472835816379,0.04721049446718482,767,383.5,0.05019753510399263,0.03832612302043185,0.04426182906221224,0.01404640477634091,0.03411384300045007,0.02408012388839549,1.8.3
4,operational_return_rms_nearest_cross_path_median,0.04679472835816379,0.04721049446718482,768,384.0,0.04766477237507704,0.0350246508500969,0.041344711612586973,0.01404640477634091,0.03411384300045007,0.02408012388839549,1.8.3
4,operational_return_rms_nearest_cross_path_median,0.04679472835816379,0.04721049446718482,769,384.5,0.04444134265570846,0.034054745193248706,0.03924804392447859,0.01404640477634091,0.03411384300045007,0.02408012388839549,1.8.3
4,operational_return_rms_nearest_cross_path_median,0.04679472835816379,0.04721049446718482,770,385.0,0.043430674374150734,0.03233324100423753,0.03788195768919413,0.01404640477634091,0.03411384300045007,0.02408012388839549,1.8.3
4,operational_return_rms_nearest_cross_path_median,0.04679472835816379,0.04721049446718482,771,385.5,0.04070448034788739,0.10415530705345158,0.07242989370066949,0.043430674374150734,0.03411384300045007,0.0387722586873004,1.8.3
4,operational_return_rms_nearest_cross_path_median,0.04679472835816379,0.04721049446718482,772,386.0,0.03925431835246076,0.08962127218766269,0.06443779527006173,0.043430674374150734,0.03411384300045007,0.0387722586873004,1.8.3
4,operational_return_rms_nearest_cross_path_median,0.04679472835816379,0.04721049446718482,773,386.5,0.03836968665535903,0.08252366736679877,0.0604466770110789,0.043430674374150734,0.03411384300045007,0.0387722586873004,1.8.3
4,operational_return_rms_nearest_cross_path_median,0.04679472835816379,0.04721049446718482,774,387.0,0.03677298915057506,0.07582683881812569,0.05629991398435037,0.03836968665535903,0.08252366736679877,0.0604466770110789,1.8.3
4,operational_return_rms_nearest_cross_path_median,0.04679472835816379,0.04721049446718482,775,387.5,0.03533922761131342,0.0710761638618343,0.05320769573657386,0.03836968665535903,0.08252366736679877,0.0604466770110789,1.8.3
4,operational_return_rms_nearest_cross_path_median,0.04679472835816379,0.04721049446718482,776,388.0,0.03512612388960504,0.06568528567772496,0.050405704783665,0.03836968665535903,0.08252366736679877,0.0604466770110789,1.8.3
4,operational_return_rms_nearest_cross_path_median,0.04679472835816379,0.04721049446718482,777,388.5,0.033036424182669145,0.06304694623221707,0.048041685207443105,0.03836968665535903,0.08252366736679877,0.0604466770110789,1.8.3
4,operational_return_rms_nearest_cross_path_median,0.04679472835816379,0.04721049446718482,778,389.0,0.03233256932587361,0.06156267556222719,0.0469476224440504,0.03836968665535903,0.08252366736679877,0.0604466770110789,1.8.3
4,operational_return_rms_nearest_cross_path_median,0.04679472835816379,0.04721049446718482,779,389.5,0.030815400045169045,0.05847711871802437,0.044646259381596706,0.03836968665535903,0.08252366736679877,0.0604466770110789,1.8.3
4,operational_return_rms_nearest_cross_path_median,0.04679472835816379,0.04721049446718482,780,390.0,0.029713750794545673,0.056838371156192516,0.043276060975369096,0.03836968665535903,0.08252366736679877,0.0604466770110789,1.8.3
4,operational_return_rms_nearest_cross_path_median,0.04679472835816379,0.04721049446718482,781,390.5,0.10217561792169577,0.056699597617685824,0.0794376077696908,0.03836968665535903,0.08252366736679877,0.0604466770110789,1.8.3
4,operational_return_rms_nearest_cross_path_median,0.04679472835816379,0.04721049446718482,782,391.0,0.08828680891740885,0.05587489065937625,0.07208084978839255,0.03836968665535903,0.08252366736679877,0.0604466770110789,1.8.3
4,operational_return_rms_nearest_cross_path_median,0.04679472835816379,0.04721049446718482,783,391.5,0.07765458305192308,0.054604054083939174,0.06612931856793113,0.03836968665535903,0.08252366736679877,0.0604466770110789,1.8.3
4,operational_return_rms_nearest_cross_path_median,0.04679472835816379,0.04721049446718482,784,392.0,0.07160899701811564,0.05370648775508303,0.06265774238659934,0.03836968665535903,0.08252366736679877,0.0604466770110789,1.8.3
4,operational_return_rms_nearest_cross_path_median,0.04679472835816379,0.04721049446718482,785,392.5,0.067153390856797,0.05219735488664043,0.059675372871718715,0.03836968665535903,0.08252366736679877,0.0604466770110789,1.8.3
4,operational_return_rms_nearest_cross_path_median,0.04679472835816379,0.04721049446718482,786,393.0,0.06351280112063473,0.049776404302059235,0.056644602711346984,0.03836968665535903,0.08252366736679877,0.0604466770110789,1.8.3
4,operational_return_rms_nearest_cross_path_median,0.04679472835816379,0.04721049446718482,787,393.5,0.06107021507586725,0.048103607562733075,0.05458691131930016,0.03836968665535903,0.08252366736679877,0.0604466770110789,1.8.3
4,operational_return_rms_nearest_cross_path_median,0.04679472835816379,0.04721049446718482,788,394.0,0.05928085825055793,0.04831772106999923,0.05379928966027858,0.03836968665535903,0.048103607562733075,0.04323664710904605,1.8.3
4,operational_return_rms_nearest_cross_path_median,0.04679472835816379,0.04721049446718482,789,394.5,0.05794889425510083,0.04803347456478923,0.05299118440994503,0.03836968665535903,0.048103607562733075,0.04323664710904605,1.8.3
4,operational_return_rms_nearest_cross_path_median,0.04679472835816379,0.04721049446718482,790,395.0,0.05645608255283411,0.04670501852014932,0.051580550536491715,0.03836968665535903,0.048103607562733075,0.04323664710904605,1.8.3
4,operational_return_rms_nearest_cross_path_median,0.04679472835816379,0.04721049446718482,791,395.5,0.05484930679167117,-0.01907591879531545,0.01788669399817786,0.03836968665535903,0.048103607562733075,0.04323664710904605,1.8.3
4,operational_return_rms_nearest_cross_path_median,0.04679472835816379,0.04721049446718482,792,396.0,0.05143524958770565,-0.010126097721570054,0.020654575933067798,0.03836968665535903,0.048103607562733075,0.04323664710904605,1.8.3
4,operational_return_rms_nearest_cross_path_median,0.04679472835816379,0.04721049446718482,793,396.5,0.04759328488981288,-0.005647583392005828,0.020972850748903527,0.03836968665535903,0.048103607562733075,0.04323664710904605,1.8.3
4,operational_return_rms_nearest_cross_path_median,0.04679472835816379,0.04721049446718482,794,397.0,0.04689406017235753,-0.0032408337869519604,0.021826613192702786,0.03836968665535903,0.048103607562733075,0.04323664710904605,1.8.3
4,operational_return_rms_nearest_cross_path_median,0.04679472835816379,0.04721049446718482,795,397.5,0.04464978795478638,-0.0007200651655357854,0.021964861394625296,0.03836968665535903,0.048103607562733075,0.04323664710904605,1.8.3
4,operational_return_rms_nearest_cross_path_median,0.04679472835816379,0.04721049446718482,796,398.0,0.04250811026082162,0.0019111424373032962,0.02220962634906246,0.03836968665535903,0.048103607562733075,0.04323664710904605,1.8.3
4,operational_return_rms_nearest_cross_path_median,0.04679472835816379,0.04721049446718482,797,398.5,0.040726201505691326,0.003532791169039795,0.02212949633736556,0.03836968665535903,0.048103607562733075,0.04323664710904605,1.8.3
4,operational_return_rms_nearest_cross_path_median,0.04679472835816379,0.04721049446718482,798,399.0,0.042120400462644814,0.0035425370018296732,0.022831468732237244,0.03836968665535903,0.048103607562733075,0.04323664710904605,1.8.3
4,operational_return_rms_nearest_cross_path_median,0.04679472835816379,0.04721049446718482,799,399.5,0.041281280485483844,0.004812418313645432,0.02304684939956464,0.03836968665535903,0.048103607562733075,0.04323664710904605,1.8.3
4,operational_return_rms_nearest_cross_path_median,0.04679472835816379,0.04721049446718482,800,400.0,0.03823131903024711,0.006341947222795019,0.022286633126521065,0.03836968665535903,0.048103607562733075,0.04323664710904605,1.8.3
4,operational_return_rms_nearest_cross_path_median,0.04679472835816379,0.04721049446718482,801,400.5,0.11010594225991588,0.006607004732670711,0.0583564734962933,0.03836968665535903,0.048103607562733075,0.04323664710904605,1.8.3
4,operational_return_rms_nearest_cross_path_median,0.04679472835816379,0.04721049446718482,802,401.0,0.09840788603249417,0.008397841228683655,0.053402863630588916,0.03836968665535903,0.048103607562733075,0.04323664710904605,1.8.3
4,operational_return_rms_nearest_cross_path_median,0.04679472835816379,0.04721049446718482,803,401.5,0.08829909915820895,0.010016886210000837,0.049157992684104895,0.09840788603249417,0.048103607562733075,0.07325574679761362,1.8.3
4,operational_return_rms_nearest_cross_path_median,0.04679472835816379,0.04721049446718482,804,402.0,0.08072378037035796,0.010085949596451286,0.045404864983404625,0.09840788603249417,0.048103607562733075,0.07325574679761362,1.8.3
4,operational_return_rms_nearest_cross_path_median,0.04679472835816379,0.04721049446718482,805,402.5,0.07675042914887528,0.009874421526022966,0.043312425337449126,0.09840788603249417,0.048103607562733075,0.07325574679761362,1.8.3
4,operational_return_rms_nearest_cross_path_median,0.04679472835816379,0.04721049446718482,806,403.0,0.07300049579760311,0.010973826600281516,0.04198716119894231,0.09840788603249417,0.048103607562733075,0.07325574679761362,1.8.3
4,operational_return_rms_nearest_cross_path_median,0.04679472835816379,0.04721049446718482,807,403.5,0.06961024842927968,0.01061708239043436,0.04011366540985702,0.09840788603249417,0.048103607562733075,0.07325574679761362,1.8.3
4,operational_return_rms_nearest_cross_path_median,0.04679472835816379,0.04721049446718482,808,404.0,0.06606312996245983,0.010318740096664456,0.03819093502956215,0.09840788603249417,0.048103607562733075,0.07325574679761362,1.8.3
4,operational_return_rms_nearest_cross_path_median,0.04679472835816379,0.04721049446718482,809,404.5,0.06331091709952393,0.011025039902995495,0.03716797850125971,0.09840788603249417,0.048103607562733075,0.07325574679761362,1.8.3
4,operational_return_rms_nearest_cross_path_median,0.04679472835816379,0.04721049446718482,810,405.0,0.0610475732401168,0.012372950667085915,0.03671026195360136,0.09840788603249417,0.048103607562733075,0.07325574679761362,1.8.3
4,operational_return_rms_nearest_cross_path_median,0.04679472835816379,0.04721049446718482,811,405.5,0.05968631782496182,0.0785199647469574,0.06910314128595961,0.09840788603249417,0.048103607562733075,0.07325574679761362,1.8.3
4,operational_return_rms_nearest_cross_path_median,0.04679472835816379,0.04721049446718482,812,406.0,0.057648940240602124,0.06736971977258838,0.06250933000659525,0.09840788603249417,0.048103607562733075,0.07325574679761362,1.8.3
4,operational_return_rms_nearest_cross_path_median,0.04679472835816379,0.04721049446718482,813,406.5,0.05692093402480491,0.061845809209121756,0.05938337161696333,0.09840788603249417,0.06736971977258838,0.08288880290254128,1.8.3
4,operational_return_rms_nearest_cross_path_median,0.04679472835816379,0.04721049446718482,814,407.0,0.05550236786163028,0.05745874407734811,0.0564805559694892,0.09840788603249417,0.061845809209121756,0.08012684762080796,1.8.3
4,operational_return_rms_nearest_cross_path_median,0.04679472835816379,0.04721049446718482,815,407.5,0.05330051943266347,0.05520179377658249,0.054251156604622985,0.09840788603249417,0.061845809209121756,0.08012684762080796,1.8.3
4,operational_return_rms_nearest_cross_path_median,0.04679472835816379,0.04721049446718482,816,408.0,0.053047971215527095,0.05330807181691295,0.053178021516220024,0.09840788603249417,0.061845809209121756,0.08012684762080796,1.8.3
4,operational_return_rms_nearest_cross_path_median,0.04679472835816379,0.04721049446718482,817,408.5,0.050227988429975036,0.05009745909482245,0.05016272376239875,0.09840788603249417,0.061845809209121756,0.08012684762080796,1.8.3
4,operational_return_rms_nearest_cross_path_median,0.04679472835816379,0.04721049446718482,818,409.0,0.04781486428944079,0.04777650439072277,0.04779568434008178,0.09840788603249417,0.061845809209121756,0.08012684762080796,1.8.3
4,operational_return_rms_nearest_cross_path_median,0.04679472835816379,0.04721049446718482,819,409.5,0.04693609544277387,0.046459649995586605,0.04669787271918024,0.09840788603249417,0.061845809209121756,0.08012684762080796,1.8.3
4,operational_return_rms_nearest_cross_path_median,0.04679472835816379,0.04721049446718482,820,410.0,0.045420960009724724,0.0429968738402052,0.04420891692496497,0.09840788603249417,0.061845809209121756,0.08012684762080796,1.8.3
4,operational_return_rms_nearest_cross_path_median,0.04679472835816379,0.04721049446718482,821,410.5,0.11480315208147658,0.041597433910486634,0.07820029299598161,0.09840788603249417,0.061845809209121756,0.08012684762080796,1.8.3
4,operational_return_rms_nearest_cross_path_median,0.04679472835816379,0.04721049446718482,822,411.0,0.10357719126749226,0.04095907863321401,0.07226813495035314,0.09840788603249417,0.061845809209121756,0.08012684762080796,1.8.3
4,operational_return_rms_nearest_cross_path_median,0.04679472835816379,0.04721049446718482,823,411.5,0.09476296992407814,0.04094494211946447,0.0678539560217713,0.09840788603249417,0.061845809209121756,0.08012684762080796,1.8.3
4,operational_return_rms_nearest_cross_path_median,0.04679472835816379,0.04721049446718482,824,412.0,0.08781073194697826,0.04162908332788763,0.06471990763743295,0.09840788603249417,0.061845809209121756,0.08012684762080796,1.8.3
4,operational_return_rms_nearest_cross_path_median,0.04679472835816379,0.04721049446718482,825,412.5,0.08255294688496909,0.04050095660985472,0.06152695174741191,0.09840788603249417,0.061845809209121756,0.08012684762080796,1.8.3
4,operational_return_rms_nearest_cross_path_median,0.04679472835816379,0.04721049446718482,826,413.0,0.08150881787423479,0.03977036040873969,0.060639589141487246,0.09840788603249417,0.061845809209121756,0.08012684762080796,1.8.3
4,operational_return_rms_nearest_cross_path_median,0.04679472835816379,0.04721049446718482,827,413.5,0.07775477808494209,0.039857094206326334,0.058805936145634216,0.09840788603249417,0.061845809209121756,0.08012684762080796,1.8.3
4,operational_return_rms_nearest_cross_path_median,0.04679472835816379,0.04721049446718482,828,414.0,0.0736559351570731,0.03932951110789455,0.056492723132483824,0.09840788603249417,0.061845809209121756,0.08012684762080796,1.8.3
4,operational_return_rms_nearest_cross_path_median,0.04679472835816379,0.04721049446718482,829,414.5,0.07264414494908318,0.03899441746819159,0.055819281208637384,0.09840788603249417,0.061845809209121756,0.08012684762080796,1.8.3
4,operational_return_rms_nearest_cross_path_median,0.04679472835816379,0.04721049446718482,830,415.0,0.07084091137195796,0.038133893803715076,0.05448740258783652,0.09840788603249417,0.061845809209121756,0.08012684762080796,1.8.3
4,operational_return_rms_nearest_cross_path_median,0.04679472835816379,0.04721049446718482,831,415.5,0.06827083531249309,0.11134391536685703,0.08980737533967506,0.09840788603249417,0.061845809209121756,0.08012684762080796,1.8.3
4,operational_return_rms_nearest_cross_path_median,0.04679472835816379,0.04721049446718482,832,416.0,0.06393820489482396,0.10112836671897528,0.08253328580689961,0.09840788603249417,0.061845809209121756,0.08012684762080796,1.8.3
4,operational_return_rms_nearest_cross_path_median,0.04679472835816379,0.04721049446718482,833,416.5,0.06359910712903596,0.09161770487928818,0.07760840600416208,0.09840788603249417,0.061845809209121756,0.08012684762080796,1.8.3
4,operational_return_rms_nearest_cross_path_median,0.04679472835816379,0.04721049446718482,834,417.0,0.061901401548969046,0.08366881432263769,0.07278510793580337,0.09840788603249417,0.061845809209121756,0.08012684762080796,1.8.3
4,operational_return_rms_nearest_cross_path_median,0.04679472835816379,0.04721049446718482,835,417.5,0.06024643122303653,0.07917895681842017,0.06971269402072836,0.09840788603249417,0.061845809209121756,0.08012684762080796,1.8.3
4,operational_return_rms_nearest_cross_path_median,0.04679472835816379,0.04721049446718482,836,418.0,0.0573896133372649,0.0743381382005658,0.06586387576891535,0.09840788603249417,0.061845809209121756,0.08012684762080796,1.8.3
4,operational_return_rms_nearest_cross_path_median,0.04679472835816379,0.04721049446718482,837,418.5,0.05695848378560352,0.07182269575015013,0.06439058976787682,0.09840788603249417,0.061845809209121756,0.08012684762080796,1.8.3
4,operational_return_rms_nearest_cross_path_median,0.04679472835816379,0.04721049446718482,838,419.0,0.05639672036861904,0.06812641966801757,0.06226157001831831,0.09840788603249417,0.061845809209121756,0.08012684762080796,1.8.3
4,operational_return_rms_nearest_cross_path_median,0.04679472835816379,0.04721049446718482,839,419.5,0.05606848217012658,0.06715045487602851,0.06160946852307755,0.09840788603249417,0.061845809209121756,0.08012684762080796,1.8.3
4,operational_return_rms_nearest_cross_path_median,0.04679472835816379,0.04721049446718482,840,420.0,0.05628594348304682,0.06486748420774845,0.06057671384539763,0.09840788603249417,0.061845809209121756,0.08012684762080796,1.8.3
4,operational_return_rms_nearest_cross_path_median,0.04679472835816379,0.04721049446718482,841,420.5,-0.016094382943420887,0.06243428165441263,0.02316994935549587,0.09840788603249417,0.061845809209121756,0.08012684762080796,1.8.3
4,operational_return_rms_nearest_cross_path_median,0.04679472835816379,0.04721049446718482,842,421.0,-0.007192726718841358,0.0599601073544266,0.02638369031779262,0.09840788603249417,0.06243428165441263,0.0804210838434534,1.8.3
4,operational_return_rms_nearest_cross_path_median,0.04679472835816379,0.04721049446718482,843,421.5,-0.001337660474815358,0.05838859765439713,0.028525468589790885,0.09840788603249417,0.06243428165441263,0.0804210838434534,1.8.3
4,operational_return_rms_nearest_cross_path_median,0.04679472835816379,0.04721049446718482,844,422.0,0.003380016789828763,0.05654865878711413,0.02996433778847145,0.09840788603249417,0.06243428165441263,0.0804210838434534,1.8.3
4,operational_return_rms_nearest_cross_path_median,0.04679472835816379,0.04721049446718482,845,422.5,0.0057251581052136305,0.05472404598605813,0.03022460204563588,0.09840788603249417,0.06243428165441263,0.0804210838434534,1.8.3
4,operational_return_rms_nearest_cross_path_median,0.04679472835816379,0.04721049446718482,846,423.0,0.008882102619884868,0.05303035419150365,0.03095622840569426,0.09840788603249417,0.06243428165441263,0.0804210838434534,1.8.3
4,operational_return_rms_nearest_cross_path_median,0.04679472835816379,0.04721049446718482,847,423.5,0.011408608446796148,0.05045191059557373,0.03093025952118494,0.09840788603249417,0.06243428165441263,0.0804210838434534,1.8.3
4,operational_return_rms_nearest_cross_path_median,0.04679472835816379,0.04721049446718482,848,424.0,0.011409713380022038,0.0478272964082629,0.02961850489414247,0.09840788603249417,0.06243428165441263,0.0804210838434534,1.8.3
4,operational_return_rms_nearest_cross_path_median,0.04679472835816379,0.04721049446718482,849,424.5,0.013156975045872226,0.046212043920763266,0.029684509483317745,0.09840788603249417,0.06243428165441263,0.0804210838434534,1.8.3
4,operational_return_rms_nearest_cross_path_median,0.04679472835816379,0.04721049446718482,850,425.0,0.014355663533439039,0.04366363125356121,0.029009647393500124,0.09840788603249417,0.06243428165441263,0.0804210838434534,1.8.3
4,operational_return_rms_nearest_cross_path_median,0.04679472835816379,0.04721049446718482,851,425.5,0.014927163336504902,0.11426871359893163,0.06459793846771827,0.09840788603249417,0.06243428165441263,0.0804210838434534,1.8.3
4,operational_return_rms_nearest_cross_path_median,0.04679472835816379,0.04721049446718482,852,426.0,0.01540931141656442,0.10257193834553711,0.058990624881050766,0.09840788603249417,0.06243428165441263,0.0804210838434534,1.8.3
4,operational_return_rms_nearest_cross_path_median,0.04679472835816379,0.04721049446718482,853,426.5,0.017577341324992137,0.09380160236431635,0.05568947184465425,0.09840788603249417,0.06243428165441263,0.0804210838434534,1.8.3
4,operational_return_rms_nearest_cross_path_median,0.04679472835816379,0.04721049446718482,854,427.0,0.017290479728327434,0.08714894620683852,0.05221971296758298,0.09840788603249417,0.06243428165441263,0.0804210838434534,1.8.3
4,operational_return_rms_nearest_cross_path_median,0.04679472835816379,0.04721049446718482,855,427.5,0.019093977846668417,0.08230120185007365,0.050697589848371034,0.09840788603249417,0.06243428165441263,0.0804210838434534,1.8.3
4,operational_return_rms_nearest_cross_path_median,0.04679472835816379,0.04721049446718482,856,428.0,0.02182209261439024,0.07899231175682593,0.05040720218560808,0.09840788603249417,0.06243428165441263,0.0804210838434534,1.8.3
4,operational_return_rms_nearest_cross_path_median,0.04679472835816379,0.04721049446718482,857,428.5,0.02165254323590348,0.07630555796622637,0.04897905060106493,0.09840788603249417,0.06243428165441263,0.0804210838434534,1.8.3
4,operational_return_rms_nearest_cross_path_median,0.04679472835816379,0.04721049446718482,858,429.0,0.02263801902090478,0.07389048504895379,0.04826425203492929,0.09840788603249417,0.06243428165441263,0.0804210838434534,1.8.3
4,operational_return_rms_nearest_cross_path_median,0.04679472835816379,0.04721049446718482,859,429.5,0.022960371844820537,0.07087012275033097,0.046915247297575756,0.09840788603249417,0.06243428165441263,0.0804210838434534,1.8.3
4,operational_return_rms_nearest_cross_path_median,0.04679472835816379,0.04721049446718482,860,430.0,0.023848264040017882,0.06622085603106519,0.045034560035541536,0.09840788603249417,0.06243428165441263,0.0804210838434534,1.8.3
4,operational_return_rms_nearest_cross_path_median,0.04679472835816379,0.04721049446718482,861,430.5,0.09713762100545231,0.06269434541643312,0.07991598321094272,0.09840788603249417,0.06622085603106519,0.08231437103177969,1.8.3
4,operational_return_rms_nearest_cross_path_median,0.04679472835816379,0.04721049446718482,862,431.0,0.08308739312019757,0.06206525526749821,0.0725763241938479,0.09840788603249417,0.06622085603106519,0.08231437103177969,1.8.3
4,operational_return_rms_nearest_cross_path_median,0.04679472835816379,0.04721049446718482,863,431.5,0.07350111204004378,0.062145537787557895,0.06782332491380083,0.09840788603249417,0.06622085603106519,0.08231437103177969,1.8.3
4,operational_return_rms_nearest_cross_path_median,0.04679472835816379,0.04721049446718482,864,432.0,0.0682187651253023,0.06205998605584719,0.06513937559057474,0.07350111204004378,0.06622085603106519,0.06986098403555449,1.8.3
4,operational_return_rms_nearest_cross_path_median,0.04679472835816379,0.04721049446718482,865,432.5,0.06538394035297496,0.06034071209809937,0.06286232622553717,0.07350111204004378,0.06622085603106519,0.06986098403555449,1.8.3
4,operational_return_rms_nearest_cross_path_median,0.04679472835816379,0.04721049446718482,866,433.0,0.06254704498189212,0.058397702181785624,0.06047237358183887,0.07350111204004378,0.06622085603106519,0.06986098403555449,1.8.3
4,operational_return_rms_nearest_cross_path_median,0.04679472835816379,0.04721049446718482,867,433.5,0.060010702389503685,0.05831881713247943,0.05916475976099156,0.07350111204004378,0.06622085603106519,0.06986098403555449,1.8.3
4,operational_return_rms_nearest_cross_path_median,0.04679472835816379,0.04721049446718482,868,434.0,0.0593697049624074,0.05764628708628905,0.058507996024348224,0.07350111204004378,0.05831881713247943,0.06590996458626161,1.8.3
4,operational_return_rms_nearest_cross_path_median,0.04679472835816379,0.04721049446718482,869,434.5,0.059305641681880086,0.057552527597936325,0.0584290846399082,0.07350111204004378,0.05831881713247943,0.06590996458626161,1.8.3
4,operational_return_rms_nearest_cross_path_median,0.04679472835816379,0.04721049446718482,870,435.0,0.05773488981225348,0.05607144115940674,0.056903165485830104,0.07350111204004378,0.05831881713247943,0.06590996458626161,1.8.3
4,operational_return_rms_nearest_cross_path_median,0.04679472835816379,0.04721049446718482,871,435.5,0.056918809077790414,0.12018562575515823,0.08855221741647432,0.07350111204004378,0.05831881713247943,0.06590996458626161,1.8.3
4,operational_return_rms_nearest_cross_path_median,0.04679472835816379,0.04721049446718482,872,436.0,0.0557640105803591,0.11120512099759672,0.08348456578897791,0.07350111204004378,0.12018562575515823,0.096843368897601,1.8.3
4,operational_return_rms_nearest_cross_path_median,0.04679472835816379,0.04721049446718482,873,436.5,0.056007483470685154,0.10499115002332272,0.08049931674700395,0.07350111204004378,0.12018562575515823,0.096843368897601,1.8.3
4,operational_return_rms_nearest_cross_path_median,0.04679472835816379,0.04721049446718482,874,437.0,0.054787593236497525,0.09962677399099872,0.07720718361374812,0.07350111204004378,0.12018562575515823,0.096843368897601,1.8.3
4,operational_return_rms_nearest_cross_path_median,0.04679472835816379,0.04721049446718482,875,437.5,0.05303470886959495,0.09626823827782897,0.07465147357371196,0.07350111204004378,0.12018562575515823,0.096843368897601,1.8.3
4,operational_return_rms_nearest_cross_path_median,0.04679472835816379,0.04721049446718482,876,438.0,0.05344594456705678,0.09222245795928094,0.07283420126316886,0.07350111204004378,0.12018562575515823,0.096843368897601,1.8.3
4,operational_return_rms_nearest_cross_path_median,0.04679472835816379,0.04721049446718482,877,438.5,0.05186908671130591,0.08758251620913564,0.06972580146022078,0.07350111204004378,0.12018562575515823,0.096843368897601,1.8.3
4,operational_return_rms_nearest_cross_path_median,0.04679472835816379,0.04721049446718482,878,439.0,0.05257711667927067,0.08557631467139049,0.06907671567533058,0.07350111204004378,0.12018562575515823,0.096843368897601,1.8.3
4,operational_return_rms_nearest_cross_path_median,0.04679472835816379,0.04721049446718482,879,439.5,0.05399708120016528,0.08238471074681844,0.06819089597349186,0.05257711667927067,0.12018562575515823,0.08638137121721445,1.8.3
4,operational_return_rms_nearest_cross_path_median,0.04679472835816379,0.04721049446718482,880,440.0,0.052652421290655185,0.0810571140883776,0.0668547676895164,0.05257711667927067,0.12018562575515823,0.08638137121721445,1.8.3
4,operational_return_rms_nearest_cross_path_median,0.04679472835816379,0.04721049446718482,881,440.5,0.11921617526313574,0.0807104102987556,0.09996329278094568,0.05257711667927067,0.12018562575515823,0.08638137121721445,1.8.3
4,operational_return_rms_nearest_cross_path_median,0.04679472835816379,0.04721049446718482,882,441.0,0.1099440355508511,0.07862496749207805,0.09428450152146457,0.05257711667927067,0.12018562575515823,0.08638137121721445,1.8.3
4,operational_return_rms_nearest_cross_path_median,0.04679472835816379,0.04721049446718482,883,441.5,0.10368270753805132,0.07887850252081308,0.0912806050294322,0.05257711667927067,0.12018562575515823,0.08638137121721445,1.8.3
4,operational_return_rms_nearest_cross_path_median,0.04679472835816379,0.04721049446718482,884,442.0,0.09754814510413877,0.07728839545804933,0.08741827028109406,0.05257711667927067,0.12018562575515823,0.08638137121721445,1.8.3
4,operational_return_rms_nearest_cross_path_median,0.04679472835816379,0.04721049446718482,885,442.5,0.09236487981429825,0.07443310086596369,0.08339899034013097,0.05257711667927067,0.12018562575515823,0.08638137121721445,1.8.3
4,operational_return_rms_nearest_cross_path_median,0.04679472835816379,0.04721049446718482,886,443.0,0.08910665019610484,0.07134726145546903,0.08022695582578693,0.05257711667927067,0.12018562575515823,0.08638137121721445,1.8.3
4,operational_return_rms_nearest_cross_path_median,0.04679472835816379,0.04721049446718482,887,443.5,0.08710198407616575,0.06980843651171689,0.07845521029394131,0.05257711667927067,0.12018562575515823,0.08638137121721445,1.8.3
4,operational_return_rms_nearest_cross_path_median,0.04679472835816379,0.04721049446718482,888,444.0,0.08549715296102209,0.06839598513680359,0.07694656904891284,0.05257711667927067,0.12018562575515823,0.08638137121721445,1.8.3
4,operational_return_rms_nearest_cross_path_median,0.04679472835816379,0.04721049446718482,889,444.5,0.08457295433150012,0.0696837006417207,0.07712832748661042,0.05257711667927067,0.12018562575515823,0.08638137121721445,1.8.3
4,operational_return_rms_nearest_cross_path_median,0.04679472835816379,0.04721049446718482,890,445.0,0.08087147466513529,0.0700480293137243,0.0754597519894298,0.05257711667927067,0.12018562575515823,0.08638137121721445,1.8.3
4,operational_return_rms_nearest_cross_path_median,0.04679472835816379,0.04721049446718482,891,445.5,0.07967715231422433,0.1272833694232497,0.10348026086873702,0.05257711667927067,0.12018562575515823,0.08638137121721445,1.8.3
4,operational_return_rms_nearest_cross_path_median,0.04679472835816379,0.04721049446718482,892,446.0,0.08026765391969987,0.12000327095665186,0.10013546243817587,0.05257711667927067,0.12018562575515823,0.08638137121721445,1.8.3
4,operational_return_rms_nearest_cross_path_median,0.04679472835816379,0.04721049446718482,893,446.5,0.07910085560592743,0.11363813062929293,0.09636949311761017,0.05257711667927067,0.12000327095665186,0.08629019381796127,1.8.3
4,operational_return_rms_nearest_cross_path_median,0.04679472835816379,0.04721049446718482,894,447.0,0.07812547558741334,0.10937874384710193,0.09375210971725764,0.05257711667927067,0.12000327095665186,0.08629019381796127,1.8.3
4,operational_return_rms_nearest_cross_path_median,0.04679472835816379,0.04721049446718482,895,447.5,0.0768820122526311,0.10463225336162484,0.09075713280712797,0.05257711667927067,0.12000327095665186,0.08629019381796127,1.8.3
4,operational_return_rms_nearest_cross_path_median,0.04679472835816379,0.04721049446718482,896,448.0,0.07470694782501694,0.10213613074822792,0.08842153928662243,0.05257711667927067,0.12000327095665186,0.08629019381796127,1.8.3
4,operational_return_rms_nearest_cross_path_median,0.04679472835816379,0.04721049446718482,897,448.5,0.07337198649076156,0.10228468042618158,0.08782833345847157,0.05257711667927067,0.12000327095665186,0.08629019381796127,1.8.3
4,operational_return_rms_nearest_cross_path_median,0.04679472835816379,0.04721049446718482,898,449.0,0.07349298849976992,0.1003902981263104,0.08694164331304016,0.05257711667927067,0.12000327095665186,0.08629019381796127,1.8.3
4,operational_return_rms_nearest_cross_path_median,0.04679472835816379,0.04721049446718482,899,449.5,0.07110811716424817,0.09865159147602041,0.08487985432013428,0.05257711667927067,0.12000327095665186,0.08629019381796127,1.8.3
4,operational_return_rms_nearest_cross_path_median,0.04679472835816379,0.04721049446718482,900,450.0,0.07140031687916379,0.09434293138449842,0.0828716241318311,0.05257711667927067,0.12000327095665186,0.08629019381796127,1.8.3
4,operational_return_rms_nearest_cross_path_median,0.04679472835816379,0.04721049446718482,901,450.5,0.12838796793505003,0.09416007752346027,0.11127402272925516,0.05257711667927067,0.12000327095665186,0.08629019381796127,1.8.3
4,operational_return_rms_nearest_cross_path_median,0.04679472835816379,0.04721049446718482,902,451.0,0.12345173059178667,0.09311285281712747,0.10828229170445708,0.05257711667927067,0.12000327095665186,0.08629019381796127,1.8.3
4,operational_return_rms_nearest_cross_path_median,0.04679472835816379,0.04721049446718482,903,451.5,0.12000504681994044,0.09207241720653744,0.10603873201323893,0.05257711667927067,0.12000327095665186,0.08629019381796127,1.8.3
4,operational_return_rms_nearest_cross_path_median,0.04679472835816379,0.04721049446718482,904,452.0,0.11685619474410015,0.08934451967405843,0.10310035720907929,0.05257711667927067,0.12000327095665186,0.08629019381796127,1.8.3
4,operational_return_rms_nearest_cross_path_median,0.04679472835816379,0.04721049446718482,905,452.5,0.11496475173448481,0.08784791612265158,0.1014063339285682,0.05257711667927067,0.12000327095665186,0.08629019381796127,1.8.3
4,operational_return_rms_nearest_cross_path_median,0.04679472835816379,0.04721049446718482,906,453.0,0.1143357261794278,0.08778366270167742,0.10105969444055261,0.05257711667927067,0.12000327095665186,0.08629019381796127,1.8.3
4,operational_return_rms_nearest_cross_path_median,0.04679472835816379,0.04721049446718482,907,453.5,0.11130743683942679,0.08819044023369632,0.09974893853656155,0.05257711667927067,0.12000327095665186,0.08629019381796127,1.8.3
4,operational_return_rms_nearest_cross_path_median,0.04679472835816379,0.04721049446718482,908,454.0,0.10878416382116099,0.08746665339226883,0.09812540860671491,0.05257711667927067,0.12000327095665186,0.08629019381796127,1.8.3
4,operational_return_rms_nearest_cross_path_median,0.04679472835816379,0.04721049446718482,909,454.5,0.10572365515175279,0.08578789833275356,0.09575577674225318,0.05257711667927067,0.12000327095665186,0.08629019381796127,1.8.3
4,operational_return_rms_nearest_cross_path_median,0.04679472835816379,0.04721049446718482,910,455.0,0.10509854259831954,0.0840803039437186,0.09458942327101907,0.05257711667927067,0.12000327095665186,0.08629019381796127,1.8.3
4,operational_return_rms_nearest_cross_path_median,0.04679472835816379,0.04721049446718482,911,455.5,0.10379959758030728,0.1389488143642163,0.12137420597226178,0.05257711667927067,0.12000327095665186,0.08629019381796127,1.8.3
4,operational_return_rms_nearest_cross_path_median,0.04679472835816379,0.04721049446718482,912,456.0,0.10139291792621452,0.1324535013604386,0.11692320964332656,0.05257711667927067,0.12000327095665186,0.08629019381796127,1.8.3
4,operational_return_rms_nearest_cross_path_median,0.04679472835816379,0.04721049446718482,913,456.5,0.0996798335264645,0.12608566886539532,0.11288275119592991,0.05257711667927067,0.12000327095665186,0.08629019381796127,1.8.3
4,operational_return_rms_nearest_cross_path_median,0.04679472835816379,0.04721049446718482,914,457.0,0.09820514266292744,0.12406216607494616,0.1111336543689368,0.05257711667927067,0.12000327095665186,0.08629019381796127,1.8.3
4,operational_return_rms_nearest_cross_path_median,0.04679472835816379,0.04721049446718482,915,457.5,0.09725254724491113,0.12093072761290193,0.10909163742890653,0.05257711667927067,0.12000327095665186,0.08629019381796127,1.8.3
4,operational_return_rms_nearest_cross_path_median,0.04679472835816379,0.04721049446718482,916,458.0,0.09732057381025759,0.116734904120909,0.10702773896558329,0.05257711667927067,0.12000327095665186,0.08629019381796127,1.8.3
4,operational_return_rms_nearest_cross_path_median,0.04679472835816379,0.04721049446718482,917,458.5,0.09727691298185412,0.11580764550720613,0.10654227924453012,0.05257711667927067,0.12000327095665186,0.08629019381796127,1.8.3
4,operational_return_rms_nearest_cross_path_median,0.04679472835816379,0.04721049446718482,918,459.0,0.0956563184454707,0.11337198885528266,0.10451415365037668,0.05257711667927067,0.12000327095665186,0.08629019381796127,1.8.3
4,operational_return_rms_nearest_cross_path_median,0.04679472835816379,0.04721049446718482,919,459.5,0.09427158245400473,0.11121001463459859,0.10274079854430165,0.05257711667927067,0.12000327095665186,0.08629019381796127,1.8.3
4,operational_return_rms_nearest_cross_path_median,0.04679472835816379,0.04721049446718482,920,460.0,0.09321237961132031,0.10820461938856744,0.10070849949994387,0.05257711667927067,0.12000327095665186,0.08629019381796127,1.8.3
4,operational_return_rms_nearest_cross_path_median,0.04679472835816379,0.04721049446718482,921,460.5,0.14728046041283713,0.10682336656990014,0.12705191349136863,0.05257711667927067,0.12000327095665186,0.08629019381796127,1.8.3
4,operational_return_rms_nearest_cross_path_median,0.04679472835816379,0.04721049446718482,922,461.0,0.14096888775657881,0.10533309762760815,0.12315099269209348,0.05257711667927067,0.12000327095665186,0.08629019381796127,1.8.3
4,operational_return_rms_nearest_cross_path_median,0.04679472835816379,0.04721049446718482,923,461.5,0.13530805228564047,0.10474266134052254,0.1200253568130815,0.05257711667927067,0.12000327095665186,0.08629019381796127,1.8.3
4,operational_return_rms_nearest_cross_path_median,0.04679472835816379,0.04721049446718482,924,462.0,0.13166463479178514,0.10392465063385416,0.11779464271281964,0.05257711667927067,0.12000327095665186,0.08629019381796127,1.8.3
4,operational_return_rms_nearest_cross_path_median,0.04679472835816379,0.04721049446718482,925,462.5,0.12760224030554437,0.10283951505299074,0.11522087767926756,0.05257711667927067,0.12000327095665186,0.08629019381796127,1.8.3
4,operational_return_rms_nearest_cross_path_median,0.04679472835816379,0.04721049446718482,926,463.0,0.12655295689786406,0.10194118548183964,0.11424707118985185,0.05257711667927067,0.12000327095665186,0.08629019381796127,1.8.3
4,operational_return_rms_nearest_cross_path_median,0.04679472835816379,0.04721049446718482,927,463.5,0.1245443207524233,0.1006416610123277,0.11259299088237551,0.05257711667927067,0.12000327095665186,0.08629019381796127,1.8.3
4,operational_return_rms_nearest_cross_path_median,0.04679472835816379,0.04721049446718482,928,464.0,0.12192959092229401,0.09740748029639985,0.10966853560934693,0.05257711667927067,0.12000327095665186,0.08629019381796127,1.8.3
4,operational_return_rms_nearest_cross_path_median,0.04679472835816379,0.04721049446718482,929,464.5,0.12047363567355358,0.0958481315661471,0.10816088361985035,0.05257711667927067,0.09740748029639985,0.07499229848783526,1.8.3
4,operational_return_rms_nearest_cross_path_median,0.04679472835816379,0.04721049446718482,930,465.0,0.11812279560459914,0.09473027877188725,0.10642653718824319,0.05257711667927067,0.09740748029639985,0.07499229848783526,1.8.3
4,operational_return_rms_nearest_cross_path_median,0.04679472835816379,0.04721049446718482,931,465.5,0.11684128199733287,0.029748866043550537,0.0732950740204417,0.05257711667927067,0.09740748029639985,0.07499229848783526,1.8.3
4,operational_return_rms_nearest_cross_path_median,0.04679472835816379,0.04721049446718482,932,466.0,0.1170688200029057,0.03671185909285328,0.0768903395478795,0.05257711667927067,0.09740748029639985,0.07499229848783526,1.8.3
4,operational_return_rms_nearest_cross_path_median,0.04679472835816379,0.04721049446718482,933,466.5,0.11628995806094489,0.0407340356809725,0.0785119968709587,0.05257711667927067,0.09740748029639985,0.07499229848783526,1.8.3
4,operational_return_rms_nearest_cross_path_median,0.04679472835816379,0.04721049446718482,934,467.0,0.11391634942281231,0.04448202927091114,0.07919918934686172,0.05257711667927067,0.09740748029639985,0.07499229848783526,1.8.3
4,operational_return_rms_nearest_cross_path_median,0.04679472835816379,0.04721049446718482,935,467.5,0.11243458507155668,0.0487796272173131,0.08060710614443489,0.05257711667927067,0.09740748029639985,0.07499229848783526,1.8.3
4,operational_return_rms_nearest_cross_path_median,0.04679472835816379,0.04721049446718482,936,468.0,0.11189663851320795,0.05181186064719344,0.0818542495802007,0.05257711667927067,0.09740748029639985,0.07499229848783526,1.8.3
4,operational_return_rms_nearest_cross_path_median,0.04679472835816379,0.04721049446718482,937,468.5,0.11039984372386262,0.05303613744000794,0.08171799058193528,0.05257711667927067,0.09740748029639985,0.07499229848783526,1.8.3
4,operational_return_rms_nearest_cross_path_median,0.04679472835816379,0.04721049446718482,938,469.0,0.10703521745725206,0.055080688298139446,0.08105795287769575,0.11039984372386262,0.09740748029639985,0.10390366201013124,1.8.3
4,operational_return_rms_nearest_cross_path_median,0.04679472835816379,0.04721049446718482,939,469.5,0.10583317323664591,0.05610078305264255,0.08096697814464424,0.11039984372386262,0.09740748029639985,0.10390366201013124,1.8.3
4,operational_return_rms_nearest_cross_path_median,0.04679472835816379,0.04721049446718482,940,470.0,0.10503490932234333,0.056897055277199626,0.08096598229977148,0.11039984372386262,0.09740748029639985,0.10390366201013124,1.8.3
4,operational_return_rms_nearest_cross_path_median,0.04679472835816379,0.04721049446718482,941,470.5,0.04610381855456721,0.05647941724154732,0.051291617898057265,0.11039984372386262,0.09740748029639985,0.10390366201013124,1.8.3
4,operational_return_rms_nearest_cross_path_median,0.04679472835816379,0.04721049446718482,942,471.0,0.05083838940599032,0.05612231843303761,0.053480353919513966,0.11039984372386262,0.09740748029639985,0.10390366201013124,1.8.3
4,operational_return_rms_nearest_cross_path_median,0.04679472835816379,0.04721049446718482,943,471.5,0.05384231547915315,0.056926515584223375,0.05538441553168826,0.05083838940599032,0.09740748029639985,0.07412293485119509,1.8.3
4,operational_return_rms_nearest_cross_path_median,0.04679472835816379,0.04721049446718482,944,472.0,0.05585171145459589,0.057038648495888605,0.056445179975242246,0.05083838940599032,0.09740748029639985,0.07412293485119509,1.8.3
4,operational_return_rms_nearest_cross_path_median,0.04679472835816379,0.04721049446718482,945,472.5,0.056109701960569164,0.055713906018291896,0.055911803989430534,0.05083838940599032,0.09740748029639985,0.07412293485119509,1.8.3
4,operational_return_rms_nearest_cross_path_median,0.04679472835816379,0.04721049446718482,946,473.0,0.05741347479099751,0.05611798757533244,0.056765731183164976,0.05083838940599032,0.09740748029639985,0.07412293485119509,1.8.3
4,operational_return_rms_nearest_cross_path_median,0.04679472835816379,0.04721049446718482,947,473.5,0.05715501574400458,0.05734561286536362,0.057250314304684094,0.05083838940599032,0.09740748029639985,0.07412293485119509,1.8.3
4,operational_return_rms_nearest_cross_path_median,0.04679472835816379,0.04721049446718482,948,474.0,0.05754960214163384,0.05783122657079886,0.05769041435621635,0.05083838940599032,0.09740748029639985,0.07412293485119509,1.8.3
4,operational_return_rms_nearest_cross_path_median,0.04679472835816379,0.04721049446718482,949,474.5,0.059650112278930974,0.05801418778235254,0.05883215003064175,0.05083838940599032,0.09740748029639985,0.07412293485119509,1.8.3
4,operational_return_rms_nearest_cross_path_median,0.04679472835816379,0.04721049446718482,950,475.0,0.06061843052421463,0.05703554481659541,0.05882698767040502,0.05083838940599032,0.09740748029639985,0.07412293485119509,1.8.3
4,operational_return_rms_nearest_cross_path_median,0.04679472835816379,0.04721049446718482,951,475.5,0.06037629791618072,-0.01531309582430225,0.022531601045939233,0.05083838940599032,0.09740748029639985,0.07412293485119509,1.8.3
4,operational_return_rms_nearest_cross_path_median,0.04679472835816379,0.04721049446718482,952,476.0,0.06032929929579926,-0.00509141739743435,0.027618940949182456,0.05083838940599032,0.09740748029639985,0.07412293485119509,1.8.3
4,operational_return_rms_nearest_cross_path_median,0.04679472835816379,0.04721049446718482,953,476.5,0.06073908503230987,0.0026328142863787877,0.03168594965934433,0.05083838940599032,0.09740748029639985,0.07412293485119509,1.8.3
4,operational_return_rms_nearest_cross_path_median,0.04679472835816379,0.04721049446718482,954,477.0,0.060018968676343855,0.009157131678207222,0.03458805017727554,0.05083838940599032,0.09740748029639985,0.07412293485119509,1.8.3
4,operational_return_rms_nearest_cross_path_median,0.04679472835816379,0.04721049446718482,955,477.5,0.05932611222366216,0.014012783899203652,0.03666944806143291,0.05083838940599032,0.009157131678207222,0.029997760542098774,1.8.3
4,operational_return_rms_nearest_cross_path_median,0.04679472835816379,0.04721049446718482,956,478.0,0.06071517757248232,0.01826896088071186,0.03949206922659709,0.05083838940599032,0.009157131678207222,0.029997760542098774,1.8.3
4,operational_return_rms_nearest_cross_path_median,0.04679472835816379,0.04721049446718482,957,478.5,0.060214641176404925,0.019950866619769362,0.040082753898087145,0.05083838940599032,0.009157131678207222,0.029997760542098774,1.8.3
4,operational_return_rms_nearest_cross_path_median,0.04679472835816379,0.04721049446718482,958,479.0,0.05961064012570952,0.021773788564352553,0.040692214345031036,0.05083838940599032,0.009157131678207222,0.029997760542098774,1.8.3
4,operational_return_rms_nearest_cross_path_median,0.04679472835816379,0.04721049446718482,959,479.5,0.05877674683943337,0.024221254862838156,0.04149900085113576,0.05083838940599032,0.009157131678207222,0.029997760542098774,1.8.3
4,operational_return_rms_nearest_cross_path_median,0.04679472835816379,0.04721049446718482,960,480.0,0.0582676449516444,0.02458746591585034,0.04142755543374737,0.05083838940599032,0.009157131678207222,0.029997760542098774,1.8.3
4,operational_return_rms_nearest_cross_path_median,0.04679472835816379,0.04721049446718482,961,480.5,0.12201300176009999,0.026487955549702652,0.07425047865490132,0.05083838940599032,0.009157131678207222,0.029997760542098774,1.8.3
4,operational_return_rms_nearest_cross_path_median,0.04679472835816379,0.04721049446718482,962,481.0,0.11397848601025362,0.026796175951999353,0.07038733098112648,0.05083838940599032,0.009157131678207222,0.029997760542098774,1.8.3
4,operational_return_rms_nearest_cross_path_median,0.04679472835816379,0.04721049446718482,963,481.5,0.10922800944033072,0.026234423246472974,0.06773121634340185,0.05083838940599032,0.009157131678207222,0.029997760542098774,1.8.3
4,operational_return_rms_nearest_cross_path_median,0.04679472835816379,0.04721049446718482,964,482.0,0.10475943106648984,0.02817892132414687,0.06646917619531836,0.05083838940599032,0.009157131678207222,0.029997760542098774,1.8.3
4,operational_return_rms_nearest_cross_path_median,0.04679472835816379,0.04721049446718482,965,482.5,0.09884782291342523,0.028795981711386726,0.06382190231240598,0.05083838940599032,0.009157131678207222,0.029997760542098774,1.8.3
4,operational_return_rms_nearest_cross_path_median,0.04679472835816379,0.04721049446718482,966,483.0,0.0961162965575544,0.028851124319678567,0.06248371043861648,0.05083838940599032,0.009157131678207222,0.029997760542098774,1.8.3
4,operational_return_rms_nearest_cross_path_median,0.04679472835816379,0.04721049446718482,967,483.5,0.09151105926346483,0.031994230614551505,0.061752644939008165,0.05083838940599032,0.009157131678207222,0.029997760542098774,1.8.3
4,operational_return_rms_nearest_cross_path_median,0.04679472835816379,0.04721049446718482,968,484.0,0.08979389472677825,0.03264150078252335,0.0612176977546508,0.05083838940599032,0.009157131678207222,0.029997760542098774,1.8.3
4,operational_return_rms_nearest_cross_path_median,0.04679472835816379,0.04721049446718482,969,484.5,0.08749899093388333,0.03352339857426311,0.060511194754073225,0.05083838940599032,0.009157131678207222,0.029997760542098774,1.8.3
4,operational_return_rms_nearest_cross_path_median,0.04679472835816379,0.04721049446718482,970,485.0,0.0857930742271153,0.033033920684551174,0.059413497455833235,0.05083838940599032,0.009157131678207222,0.029997760542098774,1.8.3
4,operational_return_rms_nearest_cross_path_median,0.04679472835816379,0.04721049446718482,971,485.5,0.08537120161865848,-0.02686745580114276,0.02925187290875786,0.05083838940599032,0.009157131678207222,0.029997760542098774,1.8.3
4,operational_return_rms_nearest_cross_path_median,0.04679472835816379,0.04721049446718482,972,486.0,0.08263157387668642,-0.02048535731192315,0.031073108282381634,0.05083838940599032,0.009157131678207222,0.029997760542098774,1.8.3
4,operational_return_rms_nearest_cross_path_median,0.04679472835816379,0.04721049446718482,973,486.5,0.08196513059104608,-0.014348503069445032,0.033808313760800526,0.05083838940599032,0.009157131678207222,0.029997760542098774,1.8.3
4,operational_return_rms_nearest_cross_path_median,0.04679472835816379,0.04721049446718482,974,487.0,0.08067012439426206,-0.01049833114746103,0.03508589662340052,0.05083838940599032,0.009157131678207222,0.029997760542098774,1.8.3
4,operational_return_rms_nearest_cross_path_median,0.04679472835816379,0.04721049446718482,975,487.5,0.07906808923879252,-0.007176491595701565,0.03594579882154548,0.05083838940599032,0.009157131678207222,0.029997760542098774,1.8.3
4,operational_return_rms_nearest_cross_path_median,0.04679472835816379,0.04721049446718482,976,488.0,0.0780365659856552,-0.004889868816965459,0.03657334858434487,0.05083838940599032,0.009157131678207222,0.029997760542098774,1.8.3
4,operational_return_rms_nearest_cross_path_median,0.04679472835816379,0.04721049446718482,977,488.5,0.07802796866525422,-0.0006524991349741716,0.03868773476514002,0.05083838940599032,0.009157131678207222,0.029997760542098774,1.8.3
4,operational_return_rms_nearest_cross_path_median,0.04679472835816379,0.04721049446718482,978,489.0,0.07683543120045085,-0.00013082555386220718,0.03835230282329432,0.05083838940599032,0.009157131678207222,0.029997760542098774,1.8.3
4,operational_return_rms_nearest_cross_path_median,0.04679472835816379,0.04721049446718482,979,489.5,0.07597720915437549,0.0007821905253904922,0.03837969983988299,0.05083838940599032,0.009157131678207222,0.029997760542098774,1.8.3
4,operational_return_rms_nearest_cross_path_median,0.04679472835816379,0.04721049446718482,980,490.0,0.07498139697438161,0.002122025102668024,0.03855171103852482,0.05083838940599032,0.009157131678207222,0.029997760542098774,1.8.3
4,operational_return_rms_nearest_cross_path_median,0.04679472835816379,0.04721049446718482,981,490.5,0.1328740235479441,0.004082589853787473,0.06847830670086578,0.05083838940599032,0.009157131678207222,0.029997760542098774,1.8.3
4,operational_return_rms_nearest_cross_path_median,0.04679472835816379,0.04721049446718482,982,491.0,0.12605017743815608,0.006209232375481913,0.06612970490681899,0.05083838940599032,0.009157131678207222,0.029997760542098774,1.8.3
4,operational_return_rms_nearest_cross_path_median,0.04679472835816379,0.04721049446718482,983,491.5,0.12127470207636197,0.0084819730592447,0.06487833756780334,0.05083838940599032,0.009157131678207222,0.029997760542098774,1.8.3
4,operational_return_rms_nearest_cross_path_median,0.04679472835816379,0.04721049446718482,984,492.0,0.11445030247551487,0.010732526697119316,0.06259141458631709,0.05083838940599032,0.009157131678207222,0.029997760542098774,1.8.3
4,operational_return_rms_nearest_cross_path_median,0.04679472835816379,0.04721049446718482,985,492.5,0.11133004559251744,0.013094730992686045,0.06221238829260174,0.05083838940599032,0.009157131678207222,0.029997760542098774,1.8.3
4,operational_return_rms_nearest_cross_path_median,0.04679472835816379,0.04721049446718482,986,493.0,0.10732532121189636,0.015580740963058238,0.0614530310874773,0.05083838940599032,0.009157131678207222,0.029997760542098774,1.8.3
4,operational_return_rms_nearest_cross_path_median,0.04679472835816379,0.04721049446718482,987,493.5,0.10302223276614464,0.015918040005955165,0.0594701363860499,0.05083838940599032,0.009157131678207222,0.029997760542098774,1.8.3
4,operational_return_rms_nearest_cross_path_median,0.04679472835816379,0.04721049446718482,988,494.0,0.09860653632469067,0.01722501976467479,0.05791577804468273,0.05083838940599032,0.009157131678207222,0.029997760542098774,1.8.3
4,operational_return_rms_nearest_cross_path_median,0.04679472835816379,0.04721049446718482,989,494.5,0.09762179441436451,0.01873521193352878,0.05817850317394665,0.05083838940599032,0.009157131678207222,0.029997760542098774,1.8.3
4,operational_return_rms_nearest_cross_path_median,0.04679472835816379,0.04721049446718482,990,495.0,0.09426434302104253,0.019452912193506804,0.05685862760727467,0.05083838940599032,0.009157131678207222,0.029997760542098774,1.8.3
4,operational_return_rms_nearest_cross_path_median,0.04679472835816379,0.04721049446718482,991,495.5,0.09167877172197826,-0.035400964258108986,0.028138903731934638,0.05083838940599032,0.009157131678207222,0.029997760542098774,1.8.3
4,operational_return_rms_nearest_cross_path_median,0.04679472835816379,0.04721049446718482,992,496.0,0.08926387417185186,-0.030094376324676472,0.029584748923587693,0.05083838940599032,0.009157131678207222,0.029997760542098774,1.8.3
4,operational_return_rms_nearest_cross_path_median,0.04679472835816379,0.04721049446718482,993,496.5,0.08792307481800317,-0.02397779361231031,0.03197264060284643,0.05083838940599032,0.009157131678207222,0.029997760542098774,1.8.3
4,operational_return_rms_nearest_cross_path_median,0.04679472835816379,0.04721049446718482,994,497.0,0.08667876238651279,-0.020796437009092783,0.03294116268871,0.05083838940599032,0.009157131678207222,0.029997760542098774,1.8.3
4,operational_return_rms_nearest_cross_path_median,0.04679472835816379,0.04721049446718482,995,497.5,0.08450882606335768,-0.016464503731520017,0.03402216116591883,0.05083838940599032,0.009157131678207222,0.029997760542098774,1.8.3
4,operational_return_rms_nearest_cross_path_median,0.04679472835816379,0.04721049446718482,996,498.0,0.0837610777922072,-0.013408532458278513,0.035176272666964346,0.05083838940599032,0.009157131678207222,0.029997760542098774,1.8.3
4,operational_return_rms_nearest_cross_path_median,0.04679472835816379,0.04721049446718482,997,498.5,0.08324594475739702,-0.009734613176932125,0.03675566579023245,0.05083838940599032,0.009157131678207222,0.029997760542098774,1.8.3
4,operational_return_rms_nearest_cross_path_median,0.04679472835816379,0.04721049446718482,998,499.0,0.08180032624557253,-0.00647235486026404,0.037663985692654244,0.05083838940599032,0.009157131678207222,0.029997760542098774,1.8.3
4,operational_return_rms_nearest_cross_path_median,0.04679472835816379,0.04721049446718482,999,499.5,0.08063883047746799,-0.005162666452417808,0.03773808201252509,0.05083838940599032,0.009157131678207222,0.029997760542098774,1.8.3
4,operational_return_rms_nearest_cross_path_median,0.04679472835816379,0.04721049446718482,1000,500.0,0.07940772937287661,-0.002308087034392864,0.038549821169241875,0.05083838940599032,0.009157131678207222,0.029997760542098774,1.8.3
4,operational_return_rms_nearest_cross_path_median,0.04679472835816379,0.04721049446718482,1001,500.5,0.1334855303990627,-0.000779605484184015,0.06635296245743934,0.05083838940599032,0.009157131678207222,0.029997760542098774,1.8.3
4,operational_return_rms_nearest_cross_path_median,0.04679472835816379,0.04721049446718482,1002,501.0,0.12521875740041277,0.0005800388333846722,0.06289939811689872,0.05083838940599032,0.009157131678207222,0.029997760542098774,1.8.3
4,operational_return_rms_nearest_cross_path_median,0.04679472835816379,0.04721049446718482,1003,501.5,0.12032310714981088,0.0012540800689892823,0.06078859360940008,0.05083838940599032,0.009157131678207222,0.029997760542098774,1.8.3
4,operational_return_rms_nearest_cross_path_median,0.04679472835816379,0.04721049446718482,1004,502.0,0.11558945457536675,0.004587670900634093,0.06008856273800042,0.05083838940599032,0.009157131678207222,0.029997760542098774,1.8.3
4,operational_return_rms_nearest_cross_path_median,0.04679472835816379,0.04721049446718482,1005,502.5,0.11141391809644362,0.005444893959104693,0.058429406027774154,0.05083838940599032,0.009157131678207222,0.029997760542098774,1.8.3
4,operational_return_rms_nearest_cross_path_median,0.04679472835816379,0.04721049446718482,1006,503.0,0.11094404836427728,0.006649309626539126,0.058796678995408205,0.05083838940599032,0.009157131678207222,0.029997760542098774,1.8.3
4,operational_return_rms_nearest_cross_path_median,0.04679472835816379,0.04721049446718482,1007,503.5,0.10853881877206531,0.008966985935754818,0.058752902353910064,0.05083838940599032,0.009157131678207222,0.029997760542098774,1.8.3
4,operational_return_rms_nearest_cross_path_median,0.04679472835816379,0.04721049446718482,1008,504.0,0.10613338014309354,0.009248351172924362,0.05769086565800895,0.05083838940599032,0.009157131678207222,0.029997760542098774,1.8.3
4,operational_return_rms_nearest_cross_path_median,0.04679472835816379,0.04721049446718482,1009,504.5,0.1028446939300958,0.010294904788544706,0.05656979935932026,0.05083838940599032,0.009157131678207222,0.029997760542098774,1.8.3
4,operational_return_rms_nearest_cross_path_median,0.04679472835816379,0.04721049446718482,1010,505.0,0.09989754714859933,0.012484553479090285,0.05619105031384481,0.05083838940599032,0.009157131678207222,0.029997760542098774,1.8.3
4,operational_return_rms_nearest_cross_path_median,0.04679472835816379,0.04721049446718482,1011,505.5,0.09718711400661287,-0.042219539075975615,0.027483787465318626,0.05083838940599032,0.009157131678207222,0.029997760542098774,1.8.3
4,operational_return_rms_nearest_cross_path_median,0.04679472835816379,0.04721049446718482,1012,506.0,0.0947357754976654,-0.03627234654109192,0.029231714478286742,0.05083838940599032,0.009157131678207222,0.029997760542098774,1.8.3
4,operational_return_rms_nearest_cross_path_median,0.04679472835816379,0.04721049446718482,1013,506.5,0.09204482532793878,-0.03134668714748541,0.030349069090226687,0.05083838940599032,0.009157131678207222,0.029997760542098774,1.8.3
4,operational_return_rms_nearest_cross_path_median,0.04679472835816379,0.04721049446718482,1014,507.0,0.08907049028088725,-0.027377360052166164,0.03084656511436054,0.05083838940599032,0.009157131678207222,0.029997760542098774,1.8.3
4,operational_return_rms_nearest_cross_path_median,0.04679472835816379,0.04721049446718482,1015,507.5,0.08490577821392585,-0.023048796173313138,0.030928491020306356,0.05083838940599032,-0.027377360052166164,0.01173051467691208,1.8.3
4,operational_return_rms_nearest_cross_path_median,0.04679472835816379,0.04721049446718482,1016,508.0,0.08310019789437784,-0.020256178096625194,0.03142200989887632,0.05083838940599032,-0.027377360052166164,0.01173051467691208,1.8.3
4,operational_return_rms_nearest_cross_path_median,0.04679472835816379,0.04721049446718482,1017,508.5,0.07915904366573498,-0.016664491824426073,0.031247275920654453,0.05083838940599032,-0.027377360052166164,0.01173051467691208,1.8.3
4,operational_return_rms_nearest_cross_path_median,0.04679472835816379,0.04721049446718482,1018,509.0,0.07968660159704095,-0.014527697076982399,0.03257945226002928,0.05083838940599032,-0.027377360052166164,0.01173051467691208,1.8.3
4,operational_return_rms_nearest_cross_path_median,0.04679472835816379,0.04721049446718482,1019,509.5,0.07896935609742295,-0.012536318212590256,0.03321651894241635,0.05083838940599032,-0.027377360052166164,0.01173051467691208,1.8.3
4,operational_return_rms_nearest_cross_path_median,0.04679472835816379,0.04721049446718482,1020,510.0,0.07667783754258913,-0.008586178965431193,0.034045829288578966,0.05083838940599032,-0.027377360052166164,0.01173051467691208,1.8.3
4,operational_return_rms_nearest_cross_path_median,0.04679472835816379,0.04721049446718482,1021,510.5,0.1316936149604485,-0.005250009822679216,0.06322180256888466,0.05083838940599032,-0.027377360052166164,0.01173051467691208,1.8.3
4,operational_return_rms_nearest_cross_path_median,0.04679472835816379,0.04721049446718482,1022,511.0,0.12547098341090382,-0.0016447586885065674,0.061913112361198626,0.05083838940599032,-0.005250009822679216,0.022794189791655553,1.8.3
4,operational_return_rms_nearest_cross_path_median,0.04679472835816379,0.04721049446718482,1023,511.5,0.11967212273261868,-0.0006007311780818897,0.059535695777268395,0.05083838940599032,-0.005250009822679216,0.022794189791655553,1.8.3
4,operational_return_rms_nearest_cross_path_median,0.04679472835816379,0.04721049446718482,1024,512.0,0.11423185305948584,0.0007738104878795083,0.05750283177368268,0.05083838940599032,-0.005250009822679216,0.022794189791655553,1.8.3
4,operational_return_rms_nearest_cross_path_median,0.04679472835816379,0.04721049446718482,1025,512.5,0.11116301401549347,0.0017520108598919563,0.05645751243769272,0.05083838940599032,-0.005250009822679216,0.022794189791655553,1.8.3
4,operational_return_rms_nearest_cross_path_median,0.04679472835816379,0.04721049446718482,1026,513.0,0.10682135801560552,0.001607873164850181,0.05421461559022785,0.05083838940599032,-0.005250009822679216,0.022794189791655553,1.8.3
4,operational_return_rms_nearest_cross_path_median,0.04679472835816379,0.04721049446718482,1027,513.5,0.1041710802829404,0.00453042326155008,0.05435075177224524,0.05083838940599032,-0.005250009822679216,0.022794189791655553,1.8.3
4,operational_return_rms_nearest_cross_path_median,0.04679472835816379,0.04721049446718482,1028,514.0,0.10218715559785371,0.006319762628627847,0.05425345911324078,0.05083838940599032,-0.005250009822679216,0.022794189791655553,1.8.3
4,operational_return_rms_nearest_cross_path_median,0.04679472835816379,0.04721049446718482,1029,514.5,0.09952836928740617,0.009392472668587849,0.05446042097799701,0.05083838940599032,-0.005250009822679216,0.022794189791655553,1.8.3
4,operational_return_rms_nearest_cross_path_median,0.04679472835816379,0.04721049446718482,1030,515.0,0.09686655396505006,0.01173339176471128,0.05429997286488067,0.05083838940599032,-0.005250009822679216,0.022794189791655553,1.8.3
4,operational_return_rms_nearest_cross_path_median,0.04679472835816379,0.04721049446718482,1031,515.5,0.09355227043475871,-0.04314303072733841,0.02520461985371015,0.05083838940599032,-0.005250009822679216,0.022794189791655553,1.8.3
4,operational_return_rms_nearest_cross_path_median,0.04679472835816379,0.04721049446718482,1032,516.0,0.09153594739193083,-0.03694655972941993,0.027294693831255448,0.05083838940599032,-0.005250009822679216,0.022794189791655553,1.8.3
4,operational_return_rms_nearest_cross_path_median,0.04679472835816379,0.04721049446718482,1033,516.5,0.08914156498567664,-0.031470627166205495,0.028835468909735575,0.05083838940599032,-0.005250009822679216,0.022794189791655553,1.8.3
4,operational_return_rms_nearest_cross_path_median,0.04679472835816379,0.04721049446718482,1034,517.0,0.08673034818456533,-0.02671943673247308,0.030005455726046126,0.05083838940599032,-0.005250009822679216,0.022794189791655553,1.8.3
4,operational_return_rms_nearest_cross_path_median,0.04679472835816379,0.04721049446718482,1035,517.5,0.08435429745608718,-0.02339701710447939,0.030478640175803894,0.05083838940599032,-0.005250009822679216,0.022794189791655553,1.8.3
4,operational_return_rms_nearest_cross_path_median,0.04679472835816379,0.04721049446718482,1036,518.0,0.08242754830052876,-0.019979380279318087,0.031224084010605335,0.05083838940599032,-0.005250009822679216,0.022794189791655553,1.8.3
4,operational_return_rms_nearest_cross_path_median,0.04679472835816379,0.04721049446718482,1037,518.5,0.08169575539603467,-0.01824739425868581,0.03172418056867443,0.05083838940599032,-0.005250009822679216,0.022794189791655553,1.8.3
4,operational_return_rms_nearest_cross_path_median,0.04679472835816379,0.04721049446718482,1038,519.0,0.08084350063766388,-0.01583939951812298,0.03250205055977045,0.05083838940599032,-0.005250009822679216,0.022794189791655553,1.8.3
4,operational_return_rms_nearest_cross_path_median,0.04679472835816379,0.04721049446718482,1039,519.5,0.07957336743117865,-0.013107725267686693,0.03323282108174598,0.05083838940599032,-0.005250009822679216,0.022794189791655553,1.8.3
4,operational_return_rms_nearest_cross_path_median,0.04679472835816379,0.04721049446718482,1040,520.0,0.07815223627736607,-0.010963861004265829,0.03359418763655012,0.05083838940599032,-0.005250009822679216,0.022794189791655553,1.8.3
4,operational_return_rms_nearest_cross_path_median,0.04679472835816379,0.04721049446718482,1041,520.5,0.1319070426591136,-0.009293014257118912,0.061307014200997344,0.05083838940599032,-0.005250009822679216,0.022794189791655553,1.8.3
4,operational_return_rms_nearest_cross_path_median,0.04679472835816379,0.04721049446718482,1042,521.0,0.12691886004433395,-0.00747907797347358,0.059719891035430184,0.05083838940599032,-0.005250009822679216,0.022794189791655553,1.8.3
4,operational_return_rms_nearest_cross_path_median,0.04679472835816379,0.04721049446718482,1043,521.5,0.1226411149629329,-0.006489061600032459,0.05807602668145022,0.05083838940599032,-0.005250009822679216,0.022794189791655553,1.8.3
4,operational_return_rms_nearest_cross_path_median,0.04679472835816379,0.04721049446718482,1044,522.0,0.11731130476489407,-0.002839657845178034,0.05723582345985802,0.05083838940599032,-0.005250009822679216,0.022794189791655553,1.8.3
4,operational_return_rms_nearest_cross_path_median,0.04679472835816379,0.04721049446718482,1045,522.5,0.11130120533549842,-0.0022375043994810884,0.054531850468008666,0.05083838940599032,-0.005250009822679216,0.022794189791655553,1.8.3
4,operational_return_rms_nearest_cross_path_median,0.04679472835816379,0.04721049446718482,1046,523.0,0.10753726766006433,-0.0004938839286059288,0.0535216918657292,0.05083838940599032,-0.005250009822679216,0.022794189791655553,1.8.3
4,operational_return_rms_nearest_cross_path_median,0.04679472835816379,0.04721049446718482,1047,523.5,0.10399143241694979,-0.00038998833832579183,0.051800722039312,0.05083838940599032,-0.005250009822679216,0.022794189791655553,1.8.3
4,operational_return_rms_nearest_cross_path_median,0.04679472835816379,0.04721049446718482,1048,524.0,0.09918642607652545,0.0016054195632594244,0.050395922819892434,0.05083838940599032,-0.005250009822679216,0.022794189791655553,1.8.3
4,operational_return_rms_nearest_cross_path_median,0.04679472835816379,0.04721049446718482,1049,524.5,0.0962930202385767,0.0031990977862532233,0.04974605901241496,0.05083838940599032,-0.005250009822679216,0.022794189791655553,1.8.3
4,operational_return_rms_nearest_cross_path_median,0.04679472835816379,0.04721049446718482,1050,525.0,0.09303710947832572,0.006013958604880173,0.049525534041602946,0.05083838940599032,-0.005250009822679216,0.022794189791655553,1.8.3
4,operational_return_rms_nearest_cross_path_median,0.04679472835816379,0.04721049446718482,1051,525.5,0.09002630878404413,-0.04531156774326484,0.022357370520389646,0.05083838940599032,-0.005250009822679216,0.022794189791655553,1.8.3
4,operational_return_rms_nearest_cross_path_median,0.04679472835816379,0.04721049446718482,1052,526.0,0.08852338280161413,-0.03829396201571428,0.025114710392949928,0.05083838940599032,-0.005250009822679216,0.022794189791655553,1.8.3
4,operational_return_rms_nearest_cross_path_median,0.04679472835816379,0.04721049446718482,1053,526.5,0.08670345376227136,-0.03257880476945549,0.027062324496407934,0.05083838940599032,-0.005250009822679216,0.022794189791655553,1.8.3
4,operational_return_rms_nearest_cross_path_median,0.04679472835816379,0.04721049446718482,1054,527.0,0.08367241654577988,-0.028205180280418213,0.027733618132680833,0.05083838940599032,-0.03257880476945549,0.009129792318267417,1.8.3
4,operational_return_rms_nearest_cross_path_median,0.04679472835816379,0.04721049446718482,1055,527.5,0.08162604436603259,-0.023771312277631435,0.028927366044200577,0.05083838940599032,-0.03257880476945549,0.009129792318267417,1.8.3
4,operational_return_rms_nearest_cross_path_median,0.04679472835816379,0.04721049446718482,1056,528.0,0.07903742079908818,-0.02010505380515859,0.029466183496964796,0.05083838940599032,-0.03257880476945549,0.009129792318267417,1.8.3
4,operational_return_rms_nearest_cross_path_median,0.04679472835816379,0.04721049446718482,1057,528.5,0.07705102362655765,-0.017578598353327854,0.029736212636614898,0.05083838940599032,-0.03257880476945549,0.009129792318267417,1.8.3
4,operational_return_rms_nearest_cross_path_median,0.04679472835816379,0.04721049446718482,1058,529.0,0.0745523978920366,-0.012967484492868123,0.03079245669958424,0.05083838940599032,-0.03257880476945549,0.009129792318267417,1.8.3
4,operational_return_rms_nearest_cross_path_median,0.04679472835816379,0.04721049446718482,1059,529.5,0.07244033583998138,-0.009230664378203038,0.03160483573088917,0.05083838940599032,-0.03257880476945549,0.009129792318267417,1.8.3
4,operational_return_rms_nearest_cross_path_median,0.04679472835816379,0.04721049446718482,1060,530.0,0.07061530656583968,-0.007165153509208239,0.03172507652831572,0.05083838940599032,-0.03257880476945549,0.009129792318267417,1.8.3
4,operational_return_rms_nearest_cross_path_median,0.04679472835816379,0.04721049446718482,1061,530.5,0.12739069076254605,-0.005045446828298258,0.0611726219671239,0.05083838940599032,-0.03257880476945549,0.009129792318267417,1.8.3
4,operational_return_rms_nearest_cross_path_median,0.04679472835816379,0.04721049446718482,1062,531.0,0.11977024530479952,-0.0012373046225439555,0.05926647034112778,0.05083838940599032,-0.03257880476945549,0.009129792318267417,1.8.3
4,operational_return_rms_nearest_cross_path_median,0.04679472835816379,0.04721049446718482,1063,531.5,0.11277026130908249,0.0008723422576305299,0.05682130178335651,0.05083838940599032,-0.03257880476945549,0.009129792318267417,1.8.3
4,operational_return_rms_nearest_cross_path_median,0.04679472835816379,0.04721049446718482,1064,532.0,0.10805483924875021,0.0028339180268840644,0.05544437863781714,0.05083838940599032,-0.03257880476945549,0.009129792318267417,1.8.3
4,operational_return_rms_nearest_cross_path_median,0.04679472835816379,0.04721049446718482,1065,532.5,0.10361989300591108,0.004914625673538857,0.05426725933972497,0.05083838940599032,-0.03257880476945549,0.009129792318267417,1.8.3
4,operational_return_rms_nearest_cross_path_median,0.04679472835816379,0.04721049446718482,1066,533.0,0.10010227961499098,0.008272412123763825,0.0541873458693774,0.05083838940599032,-0.03257880476945549,0.009129792318267417,1.8.3
4,operational_return_rms_nearest_cross_path_median,0.04679472835816379,0.04721049446718482,1067,533.5,0.0949738476322499,0.009889660868075956,0.05243175425016293,0.05083838940599032,-0.03257880476945549,0.009129792318267417,1.8.3
4,operational_return_rms_nearest_cross_path_median,0.04679472835816379,0.04721049446718482,1068,534.0,0.09242522687325606,0.013299820427074666,0.05286252365016537,0.05083838940599032,-0.03257880476945549,0.009129792318267417,1.8.3
4,operational_return_rms_nearest_cross_path_median,0.04679472835816379,0.04721049446718482,1069,534.5,0.0886582322948026,0.016099200972561623,0.05237871663368211,0.05083838940599032,-0.03257880476945549,0.009129792318267417,1.8.3
4,operational_return_rms_nearest_cross_path_median,0.04679472835816379,0.04721049446718482,1070,535.0,0.08592017725003798,0.017062351418609713,0.05149126433432384,0.05083838940599032,-0.03257880476945549,0.009129792318267417,1.8.3
4,operational_return_rms_nearest_cross_path_median,0.04679472835816379,0.04721049446718482,1071,535.5,0.08350901552161351,-0.036703195947598174,0.023402909787007667,0.05083838940599032,-0.03257880476945549,0.009129792318267417,1.8.3
4,operational_return_rms_nearest_cross_path_median,0.04679472835816379,0.04721049446718482,1072,536.0,0.08207952801042637,-0.030104625106887203,0.025987451451769582,0.05083838940599032,-0.03257880476945549,0.009129792318267417,1.8.3
4,operational_return_rms_nearest_cross_path_median,0.04679472835816379,0.04721049446718482,1073,536.5,0.0815107776427917,-0.02478178497971402,0.02836449633153884,0.05083838940599032,-0.03257880476945549,0.009129792318267417,1.8.3
4,operational_return_rms_nearest_cross_path_median,0.04679472835816379,0.04721049446718482,1074,537.0,0.07847779704524606,-0.020880753046042422,0.02879852199960182,0.05083838940599032,-0.03257880476945549,0.009129792318267417,1.8.3
4,operational_return_rms_nearest_cross_path_median,0.04679472835816379,0.04721049446718482,1075,537.5,0.07615865307774773,-0.01620772524159156,0.029975463918078087,0.05083838940599032,-0.03257880476945549,0.009129792318267417,1.8.3
4,operational_return_rms_nearest_cross_path_median,0.04679472835816379,0.04721049446718482,1076,538.0,0.07273565284151033,-0.013129078256445145,0.029803287292532593,0.05083838940599032,-0.03257880476945549,0.009129792318267417,1.8.3
4,operational_return_rms_nearest_cross_path_median,0.04679472835816379,0.04721049446718482,1077,538.5,0.07117697603419158,-0.011573179319209662,0.02980189835749096,0.05083838940599032,-0.03257880476945549,0.009129792318267417,1.8.3
4,operational_return_rms_nearest_cross_path_median,0.04679472835816379,0.04721049446718482,1078,539.0,0.07051676016430547,-0.008971100143240887,0.03077283001053229,0.07117697603419158,-0.03257880476945549,0.019299085632368047,1.8.3
4,operational_return_rms_nearest_cross_path_median,0.04679472835816379,0.04721049446718482,1079,539.5,0.06776741543992133,-0.007226884872486919,0.030270265283717207,0.07117697603419158,-0.03257880476945549,0.019299085632368047,1.8.3
4,operational_return_rms_nearest_cross_path_median,0.04679472835816379,0.04721049446718482,1080,540.0,0.06635633497409678,-0.006226107439276984,0.030065113767409897,0.07117697603419158,-0.03257880476945549,0.019299085632368047,1.8.3
4,operational_return_rms_nearest_cross_path_median,0.04679472835816379,0.04721049446718482,1081,540.5,-0.00986115887970987,-0.0055319428006490035,-0.007696550840179436,0.07117697603419158,-0.03257880476945549,0.019299085632368047,1.8.3
4,operational_return_rms_nearest_cross_path_median,0.04679472835816379,0.04721049446718482,1082,541.0,0.0003624680897547167,-0.002984944699241085,-0.0013112383047431842,0.07117697603419158,-0.03257880476945549,0.019299085632368047,1.8.3
4,operational_return_rms_nearest_cross_path_median,0.04679472835816379,0.04721049446718482,1083,541.5,0.008181213011178507,-0.0006551683620782262,0.0037630223245501407,0.07117697603419158,-0.03257880476945549,0.019299085632368047,1.8.3
4,operational_return_rms_nearest_cross_path_median,0.04679472835816379,0.04721049446718482,1084,542.0,0.014370715157252356,0.0006040957269117683,0.007487405442082062,0.07117697603419158,-0.03257880476945549,0.019299085632368047,1.8.3
4,operational_return_rms_nearest_cross_path_median,0.04679472835816379,0.04721049446718482,1085,542.5,0.018285954718992605,0.0038067837801866846,0.011046369249589644,0.07117697603419158,-0.03257880476945549,0.019299085632368047,1.8.3
4,operational_return_rms_nearest_cross_path_median,0.04679472835816379,0.04721049446718482,1086,543.0,0.020277890122431703,0.005939731258435892,0.013108810690433797,0.07117697603419158,-0.03257880476945549,0.019299085632368047,1.8.3
4,operational_return_rms_nearest_cross_path_median,0.04679472835816379,0.04721049446718482,1087,543.5,0.022237346178076066,0.0078057552034648614,0.015021550690770463,0.07117697603419158,-0.03257880476945549,0.019299085632368047,1.8.3
4,operational_return_rms_nearest_cross_path_median,0.04679472835816379,0.04721049446718482,1088,544.0,0.023642711054862285,0.009380566898749922,0.016511638976806103,0.07117697603419158,-0.03257880476945549,0.019299085632368047,1.8.3
4,operational_return_rms_nearest_cross_path_median,0.04679472835816379,0.04721049446718482,1089,544.5,0.02394573133833555,0.011177965826030888,0.017561848582183216,0.07117697603419158,-0.03257880476945549,0.019299085632368047,1.8.3
4,operational_return_rms_nearest_cross_path_median,0.04679472835816379,0.04721049446718482,1090,545.0,0.02583389845744213,0.013322891721154362,0.019578395089298248,0.07117697603419158,-0.03257880476945549,0.019299085632368047,1.8.3
4,operational_return_rms_nearest_cross_path_median,0.04679472835816379,0.04721049446718482,1091,545.5,0.027723648431570276,-0.03973585743041777,-0.006006104499423747,0.07117697603419158,-0.03257880476945549,0.019299085632368047,1.8.3
4,operational_return_rms_nearest_cross_path_median,0.04679472835816379,0.04721049446718482,1092,546.0,0.03000318662269854,-0.03178368410391455,-0.0008902487406080052,0.027723648431570276,-0.03257880476945549,-0.002427578168942606,1.8.3
4,operational_return_rms_nearest_cross_path_median,0.04679472835816379,0.04721049446718482,1093,546.5,0.03040511726998799,-0.026409573428837707,0.001997771920575141,0.027723648431570276,-0.03257880476945549,-0.002427578168942606,1.8.3
4,operational_return_rms_nearest_cross_path_median,0.04679472835816379,0.04721049446718482,1094,547.0,0.03091962699166145,-0.022127188948843635,0.0043962190214089075,0.027723648431570276,-0.03257880476945549,-0.002427578168942606,1.8.3
4,operational_return_rms_nearest_cross_path_median,0.04679472835816379,0.04721049446718482,1095,547.5,0.028949950725509103,-0.017330609452334556,0.005809670636587274,0.027723648431570276,-0.03257880476945549,-0.002427578168942606,1.8.3
4,operational_return_rms_nearest_cross_path_median,0.04679472835816379,0.04721049446718482,1096,548.0,0.028779098725430014,-0.014764442873437797,0.007007327925996109,0.027723648431570276,-0.03257880476945549,-0.002427578168942606,1.8.3
4,operational_return_rms_nearest_cross_path_median,0.04679472835816379,0.04721049446718482,1097,548.5,0.02790057741506408,-0.011913208315170981,0.00799368454994655,0.027723648431570276,-0.03257880476945549,-0.002427578168942606,1.8.3
4,operational_return_rms_nearest_cross_path_median,0.04679472835816379,0.04721049446718482,1098,549.0,0.02890794904001432,-0.008524014708343075,0.010191967165835623,0.027723648431570276,-0.03257880476945549,-0.002427578168942606,1.8.3
4,operational_return_rms_nearest_cross_path_median,0.04679472835816379,0.04721049446718482,1099,549.5,0.026895461453162604,-0.006795349589577768,0.010050055931792418,0.027723648431570276,-0.03257880476945549,-0.002427578168942606,1.8.3
4,operational_return_rms_nearest_cross_path_median,0.04679472835816379,0.04721049446718482,1100,550.0,0.027250862580443326,-0.0031003151507780075,0.01207527371483266,0.027723648431570276,-0.03257880476945549,-0.002427578168942606,1.8.3
4,operational_return_rms_nearest_cross_path_median,0.04679472835816379,0.04721049446718482,1101,550.5,0.10118583268208012,-0.00037862200818214453,0.05040360533694899,0.027723648431570276,-0.03257880476945549,-0.002427578168942606,1.8.3
4,operational_return_rms_nearest_cross_path_median,0.04679472835816379,0.04721049446718482,1102,551.0,0.08613296523615553,0.0014012906007150189,0.043767127918435275,0.027723648431570276,-0.03257880476945549,-0.002427578168942606,1.8.3
4,operational_return_rms_nearest_cross_path_median,0.04679472835816379,0.04721049446718482,1103,551.5,0.07850875791546807,0.0042461125942864116,0.04137743525487724,0.027723648431570276,-0.03257880476945549,-0.002427578168942606,1.8.3
4,operational_return_rms_nearest_cross_path_median,0.04679472835816379,0.04721049446718482,1104,552.0,0.07426834424860246,0.0062212779279465,0.040244811088274476,0.027723648431570276,0.0042461125942864116,0.015984880512928346,1.8.3
4,operational_return_rms_nearest_cross_path_median,0.04679472835816379,0.04721049446718482,1105,552.5,0.07003706810747018,0.009081093517148864,0.03955908081230952,0.027723648431570276,0.0042461125942864116,0.015984880512928346,1.8.3
4,operational_return_rms_nearest_cross_path_median,0.04679472835816379,0.04721049446718482,1106,553.0,0.0681462149928746,0.009320852495550527,0.03873353374421256,0.027723648431570276,0.0042461125942864116,0.015984880512928346,1.8.3
4,operational_return_rms_nearest_cross_path_median,0.04679472835816379,0.04721049446718482,1107,553.5,0.06548372735463612,0.01060869175448071,0.03804620955455841,0.027723648431570276,0.0042461125942864116,0.015984880512928346,1.8.3
4,operational_return_rms_nearest_cross_path_median,0.04679472835816379,0.04721049446718482,1108,554.0,0.0641832184665326,0.013245557077917615,0.038714387772225106,0.027723648431570276,0.01060869175448071,0.019166170093025493,1.8.3
4,operational_return_rms_nearest_cross_path_median,0.04679472835816379,0.04721049446718482,1109,554.5,0.06107218311700727,0.01427340006216173,0.037672791589584496,0.027723648431570276,0.01060869175448071,0.019166170093025493,1.8.3
4,operational_return_rms_nearest_cross_path_median,0.04679472835816379,0.04721049446718482,1110,555.0,0.056817573564552644,0.015020075713206458,0.03591882463887955,0.027723648431570276,0.01060869175448071,0.019166170093025493,1.8.3
4,operational_return_rms_nearest_cross_path_median,0.04679472835816379,0.04721049446718482,1111,555.5,0.054312832807269604,-0.03851516322043786,0.007898834793415872,0.027723648431570276,0.01060869175448071,0.019166170093025493,1.8.3
4,operational_return_rms_nearest_cross_path_median,0.04679472835816379,0.04721049446718482,1112,556.0,0.05155402499792333,-0.03224650541877129,0.00965375978957602,0.027723648431570276,0.01060869175448071,0.019166170093025493,1.8.3
4,operational_return_rms_nearest_cross_path_median,0.04679472835816379,0.04721049446718482,1113,556.5,0.05109340089103243,-0.026151274721405104,0.012471063084813664,0.027723648431570276,0.01060869175448071,0.019166170093025493,1.8.3
4,operational_return_rms_nearest_cross_path_median,0.04679472835816379,0.04721049446718482,1114,557.0,0.0489092096797385,-0.022880688906615487,0.013014260386561505,0.027723648431570276,-0.026151274721405104,0.0007861868550825858,1.8.3
4,operational_return_rms_nearest_cross_path_median,0.04679472835816379,0.04721049446718482,1115,557.5,0.047245695700673926,-0.020669869059871615,0.013287913320401155,0.027723648431570276,-0.026151274721405104,0.0007861868550825858,1.8.3
4,operational_return_rms_nearest_cross_path_median,0.04679472835816379,0.04721049446718482,1116,558.0,0.04589098584079951,-0.015177483094437741,0.015356751373180884,0.027723648431570276,-0.026151274721405104,0.0007861868550825858,1.8.3
4,operational_return_rms_nearest_cross_path_median,0.04679472835816379,0.04721049446718482,1117,558.5,0.04529197276594143,-0.014687876032411132,0.015302048366765148,0.027723648431570276,-0.026151274721405104,0.0007861868550825858,1.8.3
4,operational_return_rms_nearest_cross_path_median,0.04679472835816379,0.04721049446718482,1118,559.0,0.043538355081594524,-0.013438113658385223,0.01505012071160465,0.027723648431570276,-0.026151274721405104,0.0007861868550825858,1.8.3
4,operational_return_rms_nearest_cross_path_median,0.04679472835816379,0.04721049446718482,1119,559.5,0.042201020128947234,-0.01296237280637412,0.014619323661286557,0.027723648431570276,-0.026151274721405104,0.0007861868550825858,1.8.3
4,operational_return_rms_nearest_cross_path_median,0.04679472835816379,0.04721049446718482,1120,560.0,0.0416248752366953,-0.013014985197211101,0.0143049450197421,0.027723648431570276,-0.026151274721405104,0.0007861868550825858,1.8.3
4,operational_return_rms_nearest_cross_path_median,0.04679472835816379,0.04721049446718482,1121,560.5,-0.02292178816688649,-0.011714286349513242,-0.017318037258199866,0.027723648431570276,-0.026151274721405104,0.0007861868550825858,1.8.3
4,operational_return_rms_nearest_cross_path_median,0.04679472835816379,0.04721049446718482,1122,561.0,-0.01446585022225573,-0.010694808690835042,-0.012580329456545386,0.027723648431570276,-0.026151274721405104,0.0007861868550825858,1.8.3
4,operational_return_rms_nearest_cross_path_median,0.04679472835816379,0.04721049446718482,1123,561.5,-0.009879390114816491,-0.008485184549688954,-0.009182287332252723,-0.01446585022225573,-0.026151274721405104,-0.020308562471830417,1.8.3
4,operational_return_rms_nearest_cross_path_median,0.04679472835816379,0.04721049446718482,1124,562.0,-0.0051541795058420575,-0.0072442669952570565,-0.006199223250549557,-0.01446585022225573,-0.026151274721405104,-0.020308562471830417,1.8.3
4,operational_return_rms_nearest_cross_path_median,0.04679472835816379,0.04721049446718482,1125,562.5,-0.001045273423528184,-0.006670347602141594,-0.003857810512834889,-0.01446585022225573,-0.026151274721405104,-0.020308562471830417,1.8.3
4,operational_return_rms_nearest_cross_path_median,0.04679472835816379,0.04721049446718482,1126,563.0,0.0032762847482887152,-0.0059032844779668,-0.0013134998648390423,-0.01446585022225573,-0.006670347602141594,-0.010568098912198662,1.8.3
4,operational_return_rms_nearest_cross_path_median,0.04679472835816379,0.04721049446718482,1127,563.5,0.004695521823515967,-0.00526968670328859,-0.00028708243988631154,-0.01446585022225573,-0.006670347602141594,-0.010568098912198662,1.8.3
4,operational_return_rms_nearest_cross_path_median,0.04679472835816379,0.04721049446718482,1128,564.0,0.006395442159919587,-0.0030565100900877135,0.0016694660349159366,-0.01446585022225573,-0.006670347602141594,-0.010568098912198662,1.8.3
4,operational_return_rms_nearest_cross_path_median,0.04679472835816379,0.04721049446718482,1129,564.5,0.006001380053874714,-0.0016527220057840214,0.0021743290240453465,-0.01446585022225573,-0.006670347602141594,-0.010568098912198662,1.8.3
4,operational_return_rms_nearest_cross_path_median,0.04679472835816379,0.04721049446718482,1130,565.0,0.007271557776310392,-0.0007452972243251893,0.0032631302759926015,-0.01446585022225573,-0.006670347602141594,-0.010568098912198662,1.8.3
4,operational_return_rms_nearest_cross_path_median,0.04679472835816379,0.04721049446718482,1131,565.5,0.007912578733906432,-0.05378780082128162,-0.022937611043687595,-0.01446585022225573,-0.006670347602141594,-0.010568098912198662,1.8.3
4,operational_return_rms_nearest_cross_path_median,0.04679472835816379,0.04721049446718482,1132,566.0,0.007492518305999702,-0.048579448050842196,-0.020543464872421247,-0.01446585022225573,-0.006670347602141594,-0.010568098912198662,1.8.3
4,operational_return_rms_nearest_cross_path_median,0.04679472835816379,0.04721049446718482,1133,566.5,0.0077650329278775715,-0.043450557666409664,-0.017842762369266046,-0.01446585022225573,-0.006670347602141594,-0.010568098912198662,1.8.3
4,operational_return_rms_nearest_cross_path_median,0.04679472835816379,0.04721049446718482,1134,567.0,0.0071991344877624696,-0.04050591898648204,-0.016653392249359782,-0.01446585022225573,-0.006670347602141594,-0.010568098912198662,1.8.3
4,operational_return_rms_nearest_cross_path_median,0.04679472835816379,0.04721049446718482,1135,567.5,0.008035804138420683,-0.03827737467870466,-0.015120785270141986,-0.01446585022225573,-0.006670347602141594,-0.010568098912198662,1.8.3
4,operational_return_rms_nearest_cross_path_median,0.04679472835816379,0.04721049446718482,1136,568.0,0.008900892434825858,-0.03513961039716229,-0.013119358981168217,-0.01446585022225573,-0.03827737467870466,-0.026371612450480194,1.8.3
4,operational_return_rms_nearest_cross_path_median,0.04679472835816379,0.04721049446718482,1137,568.5,0.008546072940308742,-0.03360342564392989,-0.012528676351810573,-0.01446585022225573,-0.03827737467870466,-0.026371612450480194,1.8.3
4,operational_return_rms_nearest_cross_path_median,0.04679472835816379,0.04721049446718482,1138,569.0,0.007782195220462971,-0.031781388400365526,-0.011999596589951277,-0.01446585022225573,-0.03827737467870466,-0.026371612450480194,1.8.3
4,operational_return_rms_nearest_cross_path_median,0.04679472835816379,0.04721049446718482,1139,569.5,0.007741553572622205,-0.027144621752107315,-0.009701534089742555,-0.01446585022225573,-0.03827737467870466,-0.026371612450480194,1.8.3
4,operational_return_rms_nearest_cross_path_median,0.04679472835816379,0.04721049446718482,1140,570.0,0.009098454391412146,-0.02503765520997138,-0.007969600409279617,-0.01446585022225573,-0.03827737467870466,-0.026371612450480194,1.8.3
4,operational_return_rms_nearest_cross_path_median,0.04679472835816379,0.04721049446718482,1141,570.5,-0.045380318980026334,-0.02298240548573781,-0.03418136223288207,-0.01446585022225573,-0.03827737467870466,-0.026371612450480194,1.8.3
4,operational_return_rms_nearest_cross_path_median,0.04679472835816379,0.04721049446718482,1142,571.0,-0.03929662702032859,-0.020818202854840623,-0.030057414937584605,-0.01446585022225573,-0.03827737467870466,-0.026371612450480194,1.8.3
4,operational_return_rms_nearest_cross_path_median,0.04679472835816379,0.04721049446718482,1143,571.5,-0.03456920213304539,-0.01880031383461081,-0.0266847579838281,-0.01446585022225573,-0.03827737467870466,-0.026371612450480194,1.8.3
4,operational_return_rms_nearest_cross_path_median,0.04679472835816379,0.04721049446718482,1144,572.0,-0.031211096380393696,-0.019048758277292757,-0.025129927328843227,-0.01446585022225573,-0.03827737467870466,-0.026371612450480194,1.8.3
4,operational_return_rms_nearest_cross_path_median,0.04679472835816379,0.04721049446718482,1145,572.5,-0.028278088147424635,-0.01747931279374479,-0.022878700470584712,-0.01446585022225573,-0.03827737467870466,-0.026371612450480194,1.8.3
4,operational_return_rms_nearest_cross_path_median,0.04679472835816379,0.04721049446718482,1146,573.0,-0.027230169508795088,-0.014248079025197743,-0.020739124266996416,-0.01446585022225573,-0.03827737467870466,-0.026371612450480194,1.8.3
4,operational_return_rms_nearest_cross_path_median,0.04679472835816379,0.04721049446718482,1147,573.5,-0.026146868248261956,-0.012131596453563251,-0.019139232350912604,-0.01446585022225573,-0.03827737467870466,-0.026371612450480194,1.8.3
4,operational_return_rms_nearest_cross_path_median,0.04679472835816379,0.04721049446718482,1148,574.0,-0.025054910766754396,-0.01151914955991079,-0.018287030163332593,-0.01446585022225573,-0.03827737467870466,-0.026371612450480194,1.8.3
4,operational_return_rms_nearest_cross_path_median,0.04679472835816379,0.04721049446718482,1149,574.5,-0.024496330786884124,-0.011319453919441488,-0.017907892353162806,-0.01446585022225573,-0.03827737467870466,-0.026371612450480194,1.8.3
4,operational_return_rms_nearest_cross_path_median,0.04679472835816379,0.04721049446718482,1150,575.0,-0.023550761157324324,-0.010269853462009523,-0.016910307309666923,-0.01446585022225573,-0.03827737467870466,-0.026371612450480194,1.8.3
4,operational_return_rms_nearest_cross_path_median,0.04679472835816379,0.04721049446718482,1151,575.5,-0.021093581216792057,0.047815591256509166,0.013361005019858554,-0.01446585022225573,-0.03827737467870466,-0.026371612450480194,1.8.3
4,operational_return_rms_nearest_cross_path_median,0.04679472835816379,0.04721049446718482,1152,576.0,-0.022603189124988904,0.04176665121329792,0.00958173104415451,-0.01446585022225573,-0.03827737467870466,-0.026371612450480194,1.8.3
4,operational_return_rms_nearest_cross_path_median,0.04679472835816379,0.04721049446718482,1153,576.5,-0.02158527895000989,0.03774939233100579,0.008082056690497951,-0.01446585022225573,-0.03827737467870466,-0.026371612450480194,1.8.3
4,operational_return_rms_nearest_cross_path_median,0.04679472835816379,0.04721049446718482,1154,577.0,-0.01930985608928823,0.03356527790544042,0.007127710908076096,-0.01446585022225573,0.03774939233100579,0.011641771054375031,1.8.3
4,operational_return_rms_nearest_cross_path_median,0.04679472835816379,0.04721049446718482,1155,577.5,-0.01901042669798418,0.03218248054642056,0.00658602692421819,-0.01446585022225573,0.03774939233100579,0.011641771054375031,1.8.3
4,operational_return_rms_nearest_cross_path_median,0.04679472835816379,0.04721049446718482,1156,578.0,-0.019053961780000864,0.02886201757426128,0.004904027897130209,-0.01446585022225573,0.03774939233100579,0.011641771054375031,1.8.3
4,operational_return_rms_nearest_cross_path_median,0.04679472835816379,0.04721049446718482,1157,578.5,-0.018017514433940576,0.027474490764876694,0.004728488165468059,-0.01446585022225573,0.03774939233100579,0.011641771054375031,1.8.3
4,operational_return_rms_nearest_cross_path_median,0.04679472835816379,0.04721049446718482,1158,579.0,-0.01687648292224228,0.02563783433767182,0.004380675707714769,-0.01446585022225573,0.03774939233100579,0.011641771054375031,1.8.3
4,operational_return_rms_nearest_cross_path_median,0.04679472835816379,0.04721049446718482,1159,579.5,-0.015421150427784927,0.023698834156340887,0.00413884186427798,-0.01446585022225573,0.03774939233100579,0.011641771054375031,1.8.3
4,operational_return_rms_nearest_cross_path_median,0.04679472835816379,0.04721049446718482,1160,580.0,-0.013715901983744505,0.024360214917406635,0.005322156466831065,-0.01446585022225573,0.03774939233100579,0.011641771054375031,1.8.3
4,operational_return_rms_nearest_cross_path_median,0.04679472835816379,0.04721049446718482,1161,580.5,-0.07646387500302035,0.024193993237068404,-0.026134940882975972,-0.01446585022225573,0.03774939233100579,0.011641771054375031,1.8.3
4,operational_return_rms_nearest_cross_path_median,0.04679472835816379,0.04721049446718482,1162,581.0,-0.06416782858744102,0.024295678093703418,-0.0199360752468688,-0.01446585022225573,0.03774939233100579,0.011641771054375031,1.8.3
4,operational_return_rms_nearest_cross_path_median,0.04679472835816379,0.04721049446718482,1163,581.5,-0.05676523914684937,0.023082980222436673,-0.016841129462206346,-0.01446585022225573,0.03774939233100579,0.011641771054375031,1.8.3
4,operational_return_rms_nearest_cross_path_median,0.04679472835816379,0.04721049446718482,1164,582.0,-0.05126867941804585,0.022553636133319323,-0.014357521642363265,-0.01446585022225573,0.03774939233100579,0.011641771054375031,1.8.3
4,operational_return_rms_nearest_cross_path_median,0.04679472835816379,0.04721049446718482,1165,582.5,-0.04794434533613066,0.02182917013078994,-0.013057587602670359,-0.01446585022225573,0.03774939233100579,0.011641771054375031,1.8.3
4,operational_return_rms_nearest_cross_path_median,0.04679472835816379,0.04721049446718482,1166,583.0,-0.0458097905711991,0.020883382552192957,-0.01246320400950307,-0.01446585022225573,0.03774939233100579,0.011641771054375031,1.8.3
4,operational_return_rms_nearest_cross_path_median,0.04679472835816379,0.04721049446718482,1167,583.5,-0.04429217769727461,0.019734649326121807,-0.0122787641855764,-0.01446585022225573,0.03774939233100579,0.011641771054375031,1.8.3
4,operational_return_rms_nearest_cross_path_median,0.04679472835816379,0.04721049446718482,1168,584.0,-0.04395547077003127,0.019664042812912477,-0.012145713978559397,-0.01446585022225573,0.03774939233100579,0.011641771054375031,1.8.3
4,operational_return_rms_nearest_cross_path_median,0.04679472835816379,0.04721049446718482,1169,584.5,-0.04250264505981404,0.02027753739224365,-0.011112553833785196,-0.01446585022225573,0.03774939233100579,0.011641771054375031,1.8.3
4,operational_return_rms_nearest_cross_path_median,0.04679472835816379,0.04721049446718482,1170,585.0,-0.04239370050307811,0.020121561606543006,-0.011136069448267553,-0.01446585022225573,0.03774939233100579,0.011641771054375031,1.8.3
4,operational_return_rms_nearest_cross_path_median,0.04679472835816379,0.04721049446718482,1171,585.5,-0.04033564709072329,0.09187877139349448,0.025771562151385596,-0.01446585022225573,0.03774939233100579,0.011641771054375031,1.8.3
4,operational_return_rms_nearest_cross_path_median,0.04679472835816379,0.04721049446718482,1172,586.0,-0.036476232438062264,0.0789017540301882,0.02121276079606297,-0.01446585022225573,0.03774939233100579,0.011641771054375031,1.8.3
4,operational_return_rms_nearest_cross_path_median,0.04679472835816379,0.04721049446718482,1173,586.5,-0.03567220359365278,0.0732779684208159,0.018802882413581558,-0.01446585022225573,0.03774939233100579,0.011641771054375031,1.8.3
4,operational_return_rms_nearest_cross_path_median,0.04679472835816379,0.04721049446718482,1174,587.0,-0.03470386470410018,0.06704746662013353,0.016171800958016673,-0.01446585022225573,0.03774939233100579,0.011641771054375031,1.8.3
4,operational_return_rms_nearest_cross_path_median,0.04679472835816379,0.04721049446718482,1175,587.5,-0.03223324883388569,0.06275974643496408,0.015263248800539198,-0.03470386470410018,0.03774939233100579,0.001522763813452805,1.8.3
4,operational_return_rms_nearest_cross_path_median,0.04679472835816379,0.04721049446718482,1176,588.0,-0.031619315002419365,0.058921115099668644,0.01365090004862464,-0.03470386470410018,0.03774939233100579,0.001522763813452805,1.8.3
4,operational_return_rms_nearest_cross_path_median,0.04679472835816379,0.04721049446718482,1177,588.5,-0.029951155426233486,0.05734428061411594,0.013696562593941228,-0.03470386470410018,0.03774939233100579,0.001522763813452805,1.8.3
4,operational_return_rms_nearest_cross_path_median,0.04679472835816379,0.04721049446718482,1178,589.0,-0.028528097293157334,0.054157540129164114,0.01281472141800339,-0.03470386470410018,0.03774939233100579,0.001522763813452805,1.8.3
4,operational_return_rms_nearest_cross_path_median,0.04679472835816379,0.04721049446718482,1179,589.5,-0.0275591824083304,0.05202430186768852,0.01223255972967906,-0.03470386470410018,0.03774939233100579,0.001522763813452805,1.8.3
4,operational_return_rms_nearest_cross_path_median,0.04679472835816379,0.04721049446718482,1180,590.0,-0.027602136981358147,0.050527608065400215,0.011462735542021034,-0.03470386470410018,0.03774939233100579,0.001522763813452805,1.8.3
4,operational_return_rms_nearest_cross_path_median,0.04679472835816379,0.04721049446718482,1181,590.5,-0.10089309053609413,0.04820315530896945,-0.02634496761356234,-0.03470386470410018,0.03774939233100579,0.001522763813452805,1.8.3
4,operational_return_rms_nearest_cross_path_median,0.04679472835816379,0.04721049446718482,1182,591.0,-0.0846913081355577,0.0450733474546086,-0.019808980340474548,-0.03470386470410018,0.03774939233100579,0.001522763813452805,1.8.3
4,operational_return_rms_nearest_cross_path_median,0.04679472835816379,0.04721049446718482,1183,591.5,-0.07393465981004199,0.04247825626821377,-0.01572820177091411,-0.03470386470410018,0.03774939233100579,0.001522763813452805,1.8.3
4,operational_return_rms_nearest_cross_path_median,0.04679472835816379,0.04721049446718482,1184,592.0,-0.06895693082512179,0.039753159614166006,-0.014601885605477892,-0.03470386470410018,0.03774939233100579,0.001522763813452805,1.8.3
4,operational_return_rms_nearest_cross_path_median,0.04679472835816379,0.04721049446718482,1185,592.5,-0.06331757677793443,0.03748008400269249,-0.012918746387620968,-0.03470386470410018,0.03774939233100579,0.001522763813452805,1.8.3
4,operational_return_rms_nearest_cross_path_median,0.04679472835816379,0.04721049446718482,1186,593.0,-0.06104039319047167,0.03529083393640271,-0.01287477962703448,-0.03470386470410018,0.03774939233100579,0.001522763813452805,1.8.3
4,operational_return_rms_nearest_cross_path_median,0.04679472835816379,0.04721049446718482,1187,593.5,-0.06100521588179056,0.033202335601190756,-0.013901440140299901,-0.03470386470410018,0.03774939233100579,0.001522763813452805,1.8.3
4,operational_return_rms_nearest_cross_path_median,0.04679472835816379,0.04721049446718482,1188,594.0,-0.05993769240817423,0.03143261460780229,-0.01425253890018597,-0.03470386470410018,0.03774939233100579,0.001522763813452805,1.8.3
4,operational_return_rms_nearest_cross_path_median,0.04679472835816379,0.04721049446718482,1189,594.5,-0.05591767882315717,0.030529516185959726,-0.012694081318598723,-0.03470386470410018,0.03774939233100579,0.001522763813452805,1.8.3
4,operational_return_rms_nearest_cross_path_median,0.04679472835816379,0.04721049446718482,1190,595.0,-0.053413063484784765,0.030217592381754824,-0.01159773555151497,-0.05591767882315717,0.03774939233100579,-0.00908414324607569,1.8.3
4,operational_return_rms_nearest_cross_path_median,0.04679472835816379,0.04721049446718482,1191,595.5,-0.05198130838940932,0.10365679430240725,0.025837742956498964,-0.053413063484784765,0.03774939233100579,-0.007831835576889486,1.8.3
4,operational_return_rms_nearest_cross_path_median,0.04679472835816379,0.04721049446718482,1192,596.0,-0.04996486214308732,0.0895200357402665,0.01977758679858959,-0.053413063484784765,0.03774939233100579,-0.007831835576889486,1.8.3
4,operational_return_rms_nearest_cross_path_median,0.04679472835816379,0.04721049446718482,1193,596.5,-0.049305655282323724,0.07876058549198363,0.014727465104829952,-0.053413063484784765,0.03774939233100579,-0.007831835576889486,1.8.3
4,operational_return_rms_nearest_cross_path_median,0.04679472835816379,0.04721049446718482,1194,597.0,-0.047245547982134435,0.07208111529656833,0.012417783657216946,-0.053413063484784765,0.03774939233100579,-0.007831835576889486,1.8.3
4,operational_return_rms_nearest_cross_path_median,0.04679472835816379,0.04721049446718482,1195,597.5,-0.046090141722000086,0.06813903389923205,0.011024446088615983,-0.053413063484784765,0.03774939233100579,-0.007831835576889486,1.8.3
4,operational_return_rms_nearest_cross_path_median,0.04679472835816379,0.04721049446718482,1196,598.0,-0.04561144881909628,0.06472864874435443,0.009558599962629071,-0.053413063484784765,0.03774939233100579,-0.007831835576889486,1.8.3
4,operational_return_rms_nearest_cross_path_median,0.04679472835816379,0.04721049446718482,1197,598.5,-0.044703495478520164,0.061713988054927046,0.008505246288203441,-0.053413063484784765,0.03774939233100579,-0.007831835576889486,1.8.3
4,operational_return_rms_nearest_cross_path_median,0.04679472835816379,0.04721049446718482,1198,599.0,-0.04198187735547236,0.05868658858939854,0.00835235561696309,-0.053413063484784765,0.03774939233100579,-0.007831835576889486,1.8.3
4,operational_return_rms_nearest_cross_path_median,0.04679472835816379,0.04721049446718482,1199,599.5,-0.04172114009617812,0.05566561272815159,0.0069722363159867365,-0.053413063484784765,0.03774939233100579,-0.007831835576889486,1.8.3
4,operational_return_rms_nearest_cross_path_median,0.04679472835816379,0.04721049446718482,1200,600.0,-0.03951332375955676,0.053534008852812245,0.007010342546627742,-0.053413063484784765,0.03774939233100579,-0.007831835576889486,1.8.3
4,operational_return_rms_nearest_cross_path_median,0.04679472835816379,0.04721049446718482,1201,600.5,-0.11255765890586163,0.05128899628802477,-0.03063433130891843,-0.03951332375955676,0.03774939233100579,-0.0008819657142754844,1.8.3
4,operational_return_rms_nearest_cross_path_median,0.04679472835816379,0.04721049446718482,1202,601.0,-0.10282942761554884,0.05002826308028175,-0.026400582267633543,-0.03951332375955676,0.03774939233100579,-0.0008819657142754844,1.8.3
4,operational_return_rms_nearest_cross_path_median,0.04679472835816379,0.04721049446718482,1203,601.5,-0.0917488848848367,0.0485830224544542,-0.021582931215191253,-0.03951332375955676,0.03774939233100579,-0.0008819657142754844,1.8.3
4,operational_return_rms_nearest_cross_path_median,0.04679472835816379,0.04721049446718482,1204,602.0,-0.08345010056689885,0.046874394119382545,-0.01828785322375815,-0.03951332375955676,0.03774939233100579,-0.0008819657142754844,1.8.3
4,operational_return_rms_nearest_cross_path_median,0.04679472835816379,0.04721049446718482,1205,602.5,-0.07893351171545454,0.04658032897441316,-0.01617659137052069,-0.03951332375955676,0.03774939233100579,-0.0008819657142754844,1.8.3
4,operational_return_rms_nearest_cross_path_median,0.04679472835816379,0.04721049446718482,1206,603.0,-0.07601075751747938,0.04382734847646521,-0.016091704520507084,-0.03951332375955676,0.03774939233100579,-0.0008819657142754844,1.8.3
4,operational_return_rms_nearest_cross_path_median,0.04679472835816379,0.04721049446718482,1207,603.5,-0.0726753590617993,0.04296365761948735,-0.014855850721155972,-0.03951332375955676,0.03774939233100579,-0.0008819657142754844,1.8.3
4,operational_return_rms_nearest_cross_path_median,0.04679472835816379,0.04721049446718482,1208,604.0,-0.06957513850151181,0.039738220296127065,-0.014918459102692374,-0.03951332375955676,0.03774939233100579,-0.0008819657142754844,1.8.3
4,operational_return_rms_nearest_cross_path_median,0.04679472835816379,0.04721049446718482,1209,604.5,-0.06817909710069195,0.0396498471010565,-0.014264624999817725,-0.03951332375955676,0.03774939233100579,-0.0008819657142754844,1.8.3
4,operational_return_rms_nearest_cross_path_median,0.04679472835816379,0.04721049446718482,1210,605.0,-0.06616701415758633,0.03994018395320921,-0.01311341510218856,-0.03951332375955676,0.03774939233100579,-0.0008819657142754844,1.8.3
4,operational_return_rms_nearest_cross_path_median,0.04679472835816379,0.04721049446718482,1211,605.5,-0.06531192272094274,0.1130644269179354,0.02387625209849633,-0.03951332375955676,0.03774939233100579,-0.0008819657142754844,1.8.3
4,operational_return_rms_nearest_cross_path_median,0.04679472835816379,0.04721049446718482,1212,606.0,-0.06424322734415916,0.10177470678873336,0.0187657397222871,-0.03951332375955676,0.03774939233100579,-0.0008819657142754844,1.8.3
4,operational_return_rms_nearest_cross_path_median,0.04679472835816379,0.04721049446718482,1213,606.5,-0.0627609695801127,0.09105192373137112,0.014145477075629215,-0.03951332375955676,0.03774939233100579,-0.0008819657142754844,1.8.3
4,operational_return_rms_nearest_cross_path_median,0.04679472835816379,0.04721049446718482,1214,607.0,-0.059215909020132476,0.0829685157292342,0.011876303354550859,-0.03951332375955676,0.03774939233100579,-0.0008819657142754844,1.8.3
4,operational_return_rms_nearest_cross_path_median,0.04679472835816379,0.04721049446718482,1215,607.5,-0.0579550100786337,0.07856940526659793,0.010307197593982118,-0.03951332375955676,0.03774939233100579,-0.0008819657142754844,1.8.3
4,operational_return_rms_nearest_cross_path_median,0.04679472835816379,0.04721049446718482,1216,608.0,-0.05545820696923227,0.07413335782785005,0.009337575429308891,-0.03951332375955676,0.03774939233100579,-0.0008819657142754844,1.8.3
4,operational_return_rms_nearest_cross_path_median,0.04679472835816379,0.04721049446718482,1217,608.5,-0.05326381345401804,0.07097889589593898,0.008857541220960469,-0.03951332375955676,0.07413335782785005,0.017310017034146644,1.8.3
4,operational_return_rms_nearest_cross_path_median,0.04679472835816379,0.04721049446718482,1218,609.0,-0.05073831418456905,0.06844251051829076,0.008852098166860854,-0.03951332375955676,0.07413335782785005,0.017310017034146644,1.8.3
4,operational_return_rms_nearest_cross_path_median,0.04679472835816379,0.04721049446718482,1219,609.5,-0.048637944052810404,0.06621595943260503,0.008789007689897311,-0.03951332375955676,0.07413335782785005,0.017310017034146644,1.8.3
4,operational_return_rms_nearest_cross_path_median,0.04679472835816379,0.04721049446718482,1220,610.0,-0.04805451732024252,0.06395538180308112,0.007950432241419302,-0.03951332375955676,0.07413335782785005,0.017310017034146644,1.8.3
4,operational_return_rms_nearest_cross_path_median,0.04679472835816379,0.04721049446718482,1221,610.5,-0.11625123601615804,0.06249358455115623,-0.026878825732500906,-0.03951332375955676,0.07413335782785005,0.017310017034146644,1.8.3
4,operational_return_rms_nearest_cross_path_median,0.04679472835816379,0.04721049446718482,1222,611.0,-0.10614349361839236,0.06017961740994537,-0.022981938104223495,-0.03951332375955676,0.07413335782785005,0.017310017034146644,1.8.3
4,operational_return_rms_nearest_cross_path_median,0.04679472835816379,0.04721049446718482,1223,611.5,-0.09891086092938874,0.05805338757674699,-0.020428736676320874,-0.03951332375955676,0.07413335782785005,0.017310017034146644,1.8.3
4,operational_return_rms_nearest_cross_path_median,0.04679472835816379,0.04721049446718482,1224,612.0,-0.09283126237579493,0.05500785588015315,-0.01891170324782089,-0.03951332375955676,0.07413335782785005,0.017310017034146644,1.8.3
4,operational_return_rms_nearest_cross_path_median,0.04679472835816379,0.04721049446718482,1225,612.5,-0.08634492902772728,0.05256483093442208,-0.0168900490466526,-0.03951332375955676,0.07413335782785005,0.017310017034146644,1.8.3
4,operational_return_rms_nearest_cross_path_median,0.04679472835816379,0.04721049446718482,1226,613.0,-0.07998457565131106,0.052239593420169234,-0.013872491115570915,-0.03951332375955676,0.07413335782785005,0.017310017034146644,1.8.3
4,operational_return_rms_nearest_cross_path_median,0.04679472835816379,0.04721049446718482,1227,613.5,-0.07602012296213059,0.051940969880412594,-0.012039576540859,-0.03951332375955676,0.07413335782785005,0.017310017034146644,1.8.3
4,operational_return_rms_nearest_cross_path_median,0.04679472835816379,0.04721049446718482,1228,614.0,-0.07320958409473945,0.050098036709727255,-0.011555773692506096,-0.03951332375955676,0.07413335782785005,0.017310017034146644,1.8.3
4,operational_return_rms_nearest_cross_path_median,0.04679472835816379,0.04721049446718482,1229,614.5,-0.07026947970048322,0.04749930557620239,-0.011385087062140416,-0.03951332375955676,0.07413335782785005,0.017310017034146644,1.8.3
4,operational_return_rms_nearest_cross_path_median,0.04679472835816379,0.04721049446718482,1230,615.0,-0.0674485626528426,0.04545679937753382,-0.01099588163765439,-0.03951332375955676,0.07413335782785005,0.017310017034146644,1.8.3
4,operational_return_rms_nearest_cross_path_median,0.04679472835816379,0.04721049446718482,1231,615.5,-0.06511988285672232,0.11513882886357257,0.025009473003425126,-0.03951332375955676,0.07413335782785005,0.017310017034146644,1.8.3
4,operational_return_rms_nearest_cross_path_median,0.04679472835816379,0.04721049446718482,1232,616.0,-0.06237234456101388,0.10466738216662898,0.02114751880280755,-0.03951332375955676,0.07413335782785005,0.017310017034146644,1.8.3
4,operational_return_rms_nearest_cross_path_median,0.04679472835816379,0.04721049446718482,1233,616.5,-0.059947469473749244,0.09685503468889599,0.018453782607573372,-0.03951332375955676,0.07413335782785005,0.017310017034146644,1.8.3
4,operational_return_rms_nearest_cross_path_median,0.04679472835816379,0.04721049446718482,1234,617.0,-0.05744199759405178,0.0901401963985171,0.01634909940223266,-0.03951332375955676,0.07413335782785005,0.017310017034146644,1.8.3
4,operational_return_rms_nearest_cross_path_median,0.04679472835816379,0.04721049446718482,1235,617.5,-0.05571112670995132,0.08426450101259708,0.014276687151322881,-0.03951332375955676,0.07413335782785005,0.017310017034146644,1.8.3
4,operational_return_rms_nearest_cross_path_median,0.04679472835816379,0.04721049446718482,1236,618.0,-0.05361149498977685,0.07942591993522478,0.012907212472723965,-0.03951332375955676,0.07413335782785005,0.017310017034146644,1.8.3
4,operational_return_rms_nearest_cross_path_median,0.04679472835816379,0.04721049446718482,1237,618.5,-0.05089634769863328,0.07564037185085744,0.01237201207611208,-0.03951332375955676,0.07413335782785005,0.017310017034146644,1.8.3
4,operational_return_rms_nearest_cross_path_median,0.04679472835816379,0.04721049446718482,1238,619.0,-0.04866860394188091,0.07252918761038767,0.011930291834253377,-0.03951332375955676,0.07413335782785005,0.017310017034146644,1.8.3
4,operational_return_rms_nearest_cross_path_median,0.04679472835816379,0.04721049446718482,1239,619.5,-0.04577538201361304,0.07041030291841406,0.012317460452400512,-0.03951332375955676,0.07413335782785005,0.017310017034146644,1.8.3
4,operational_return_rms_nearest_cross_path_median,0.04679472835816379,0.04721049446718482,1240,620.0,-0.04383135223657472,0.06657666884797689,0.011372658305701083,-0.03951332375955676,0.07413335782785005,0.017310017034146644,1.8.3
4,operational_return_rms_nearest_cross_path_median,0.04679472835816379,0.04721049446718482,1241,620.5,-0.1143413637008625,0.06386276149311103,-0.025239301103875733,-0.03951332375955676,0.07413335782785005,0.017310017034146644,1.8.3
4,operational_return_rms_nearest_cross_path_median,0.04679472835816379,0.04721049446718482,1242,621.0,-0.10250176507409617,0.06086926834714075,-0.02081624836347771,-0.1143413637008625,0.07413335782785005,-0.020104002936506223,1.8.3
4,operational_return_rms_nearest_cross_path_median,0.04679472835816379,0.04721049446718482,1243,621.5,-0.09251186527421479,0.05735764331408934,-0.017577110980062725,-0.1143413637008625,0.07413335782785005,-0.020104002936506223,1.8.3
4,operational_return_rms_nearest_cross_path_median,0.04679472835816379,0.04721049446718482,1244,622.0,-0.08457173301231513,0.0562540956776551,-0.014158818667330014,-0.1143413637008625,0.07413335782785005,-0.020104002936506223,1.8.3
4,operational_return_rms_nearest_cross_path_median,0.04679472835816379,0.04721049446718482,1245,622.5,-0.07746382351776204,0.05431875890677839,-0.011572532305491826,-0.1143413637008625,0.07413335782785005,-0.020104002936506223,1.8.3
4,operational_return_rms_nearest_cross_path_median,0.04679472835816379,0.04721049446718482,1246,623.0,-0.07230510385885133,0.051122060447156885,-0.010591521705847224,-0.1143413637008625,0.07413335782785005,-0.020104002936506223,1.8.3
4,operational_return_rms_nearest_cross_path_median,0.04679472835816379,0.04721049446718482,1247,623.5,-0.06569264706120953,0.04910833241410364,-0.008292157323552946,-0.1143413637008625,0.07413335782785005,-0.020104002936506223,1.8.3
4,operational_return_rms_nearest_cross_path_median,0.04679472835816379,0.04721049446718482,1248,624.0,-0.06040036530921684,0.046657185650644854,-0.0068715898292859914,-0.1143413637008625,0.07413335782785005,-0.020104002936506223,1.8.3
4,operational_return_rms_nearest_cross_path_median,0.04679472835816379,0.04721049446718482,1249,624.5,-0.0567568852034363,0.046087947854342816,-0.005334468674546743,-0.1143413637008625,0.07413335782785005,-0.020104002936506223,1.8.3
4,operational_return_rms_nearest_cross_path_median,0.04679472835816379,0.04721049446718482,1250,625.0,-0.053648113230492234,0.046045019992347426,-0.003801546619072404,-0.1143413637008625,0.046087947854342816,-0.034126707923259836,1.8.3
4,operational_return_rms_nearest_cross_path_median,0.04679472835816379,0.04721049446718482,1251,625.5,-0.05276014904108038,-0.021915184991808598,-0.03733766701644449,-0.1143413637008625,0.046087947854342816,-0.034126707923259836,1.8.3
4,operational_return_rms_nearest_cross_path_median,0.04679472835816379,0.04721049446718482,1252,626.0,-0.048995019749580156,-0.014315176967191506,-0.03165509835838583,-0.1143413637008625,-0.021915184991808598,-0.06812827434633555,1.8.3
4,operational_return_rms_nearest_cross_path_median,0.04679472835816379,0.04721049446718482,1253,626.5,-0.04859912099337983,-0.009980667961191542,-0.029289894477285687,-0.048995019749580156,-0.021915184991808598,-0.03545510237069438,1.8.3
4,operational_return_rms_nearest_cross_path_median,0.04679472835816379,0.04721049446718482,1254,627.0,-0.04833701731038049,-0.006256180568603498,-0.027296598939491993,-0.048995019749580156,-0.021915184991808598,-0.03545510237069438,1.8.3
4,operational_return_rms_nearest_cross_path_median,0.04679472835816379,0.04721049446718482,1255,627.5,-0.0462326304923631,-0.004204892091804233,-0.025218761292083666,-0.048995019749580156,-0.021915184991808598,-0.03545510237069438,1.8.3
4,operational_return_rms_nearest_cross_path_median,0.04679472835816379,0.04721049446718482,1256,628.0,-0.04632786499701192,-0.0022250716644026947,-0.024276468330707308,-0.048995019749580156,-0.021915184991808598,-0.03545510237069438,1.8.3
4,operational_return_rms_nearest_cross_path_median,0.04679472835816379,0.04721049446718482,1257,628.5,-0.045924740850867965,-0.00032706789296799155,-0.023125904371917978,-0.048995019749580156,-0.021915184991808598,-0.03545510237069438,1.8.3
4,operational_return_rms_nearest_cross_path_median,0.04679472835816379,0.04721049446718482,1258,629.0,-0.04780137262860675,0.0015405025848156666,-0.023130435021895542,-0.048995019749580156,-0.021915184991808598,-0.03545510237069438,1.8.3
4,operational_return_rms_nearest_cross_path_median,0.04679472835816379,0.04721049446718482,1259,629.5,-0.046788663617473907,0.003454343653135585,-0.02166715998216916,-0.048995019749580156,-0.021915184991808598,-0.03545510237069438,1.8.3
4,operational_return_rms_nearest_cross_path_median,0.04679472835816379,0.04721049446718482,1260,630.0,-0.046232151390639256,0.0034167352091869305,-0.021407708090726164,-0.048995019749580156,-0.021915184991808598,-0.03545510237069438,1.8.3
4,operational_return_rms_nearest_cross_path_median,0.04679472835816379,0.04721049446718482,1261,630.5,-0.04564388105622622,0.00522802669721049,-0.020207927179507867,-0.048995019749580156,-0.021915184991808598,-0.03545510237069438,1.8.3
4,operational_return_rms_nearest_cross_path_median,0.04679472835816379,0.04721049446718482,1262,631.0,-0.04381030000611567,0.003909876515530013,-0.019950211745292826,-0.048995019749580156,-0.021915184991808598,-0.03545510237069438,1.8.3
4,operational_return_rms_nearest_cross_path_median,0.04679472835816379,0.04721049446718482,1263,631.5,-0.04401474504046167,0.005219365346030451,-0.01939768984721561,-0.048995019749580156,-0.021915184991808598,-0.03545510237069438,1.8.3
4,operational_return_rms_nearest_cross_path_median,0.04679472835816379,0.04721049446718482,1264,632.0,-0.044844061096017906,0.005318540720732839,-0.019762760187642534,-0.048995019749580156,-0.021915184991808598,-0.03545510237069438,1.8.3
4,operational_return_rms_nearest_cross_path_median,0.04679472835816379,0.04721049446718482,1265,632.5,-0.04309397753027198,0.006257928641456026,-0.018418024444407977,-0.048995019749580156,-0.021915184991808598,-0.03545510237069438,1.8.3
4,operational_return_rms_nearest_cross_path_median,0.04679472835816379,0.04721049446718482,1266,633.0,-0.041760029342587546,0.0047626025661436045,-0.018498713388221972,-0.048995019749580156,-0.021915184991808598,-0.03545510237069438,1.8.3
4,operational_return_rms_nearest_cross_path_median,0.04679472835816379,0.04721049446718482,1267,633.5,-0.040115173838150116,0.003864039132881183,-0.018125567352634465,-0.048995019749580156,-0.021915184991808598,-0.03545510237069438,1.8.3
4,operational_return_rms_nearest_cross_path_median,0.04679472835816379,0.04721049446718482,1268,634.0,-0.038916131308291094,0.004690208804906101,-0.017112961251692496,-0.048995019749580156,-0.021915184991808598,-0.03545510237069438,1.8.3
4,operational_return_rms_nearest_cross_path_median,0.04679472835816379,0.04721049446718482,1269,634.5,-0.03820685053815765,0.00393502478251606,-0.017135912877820795,-0.038916131308291094,-0.021915184991808598,-0.030415658150049846,1.8.3
4,operational_return_rms_nearest_cross_path_median,0.04679472835816379,0.04721049446718482,1270,635.0,-0.03808322343908466,0.0039493635089481085,-0.017066929965068273,-0.038916131308291094,-0.021915184991808598,-0.030415658150049846,1.8.3
4,operational_return_rms_nearest_cross_path_median,0.04679472835816379,0.04721049446718482,1271,635.5,-0.03860904366340376,0.003960773088425775,-0.017324135287488992,-0.038916131308291094,-0.021915184991808598,-0.030415658150049846,1.8.3
4,operational_return_rms_nearest_cross_path_median,0.04679472835816379,0.04721049446718482,1272,636.0,-0.037706614196463435,0.004664857782824288,-0.016520878206819575,-0.038916131308291094,-0.021915184991808598,-0.030415658150049846,1.8.3
4,operational_return_rms_nearest_cross_path_median,0.04679472835816379,0.04721049446718482,1273,636.5,-0.03698627383759544,0.005717726955433208,-0.015634273441081113,-0.038916131308291094,-0.021915184991808598,-0.030415658150049846,1.8.3
4,operational_return_rms_nearest_cross_path_median,0.04679472835816379,0.04721049446718482,1274,637.0,-0.03530997650743814,0.004470528098801618,-0.015419724204318261,-0.038916131308291094,-0.021915184991808598,-0.030415658150049846,1.8.3
4,operational_return_rms_nearest_cross_path_median,0.04679472835816379,0.04721049446718482,1275,637.5,-0.034745384375163085,0.0027401253068324036,-0.01600262953416534,-0.038916131308291094,-0.021915184991808598,-0.030415658150049846,1.8.3
4,operational_return_rms_nearest_cross_path_median,0.04679472835816379,0.04721049446718482,1276,638.0,-0.03615932944467132,0.002698826977813965,-0.016730251233428677,-0.038916131308291094,-0.021915184991808598,-0.030415658150049846,1.8.3
4,operational_return_rms_nearest_cross_path_median,0.04679472835816379,0.04721049446718482,1277,638.5,-0.035542111701838755,0.00274988900056658,-0.016396111350636088,-0.038916131308291094,-0.021915184991808598,-0.030415658150049846,1.8.3
4,operational_return_rms_nearest_cross_path_median,0.04679472835816379,0.04721049446718482,1278,639.0,-0.03366769651905127,0.0016736737056449707,-0.01599701140670315,-0.038916131308291094,0.00274988900056658,-0.018083121153862257,1.8.3
4,operational_return_rms_nearest_cross_path_median,0.04679472835816379,0.04721049446718482,1279,639.5,-0.03333757413688801,0.0028153720550104016,-0.015261101040938804,-0.038916131308291094,0.00274988900056658,-0.018083121153862257,1.8.3
4,operational_return_rms_nearest_cross_path_median,0.04679472835816379,0.04721049446718482,1280,640.0,-0.0338837493225433,0.003231590582189639,-0.015326079370176831,-0.038916131308291094,0.00274988900056658,-0.018083121153862257,1.8.3
4,operational_return_rms_nearest_cross_path_median,0.04679472835816379,0.04721049446718482,1281,640.5,-0.03347455490302828,0.004811248773002065,-0.014331653065013107,-0.038916131308291094,0.00274988900056658,-0.018083121153862257,1.8.3
4,operational_return_rms_nearest_cross_path_median,0.04679472835816379,0.04721049446718482,1282,641.0,-0.03309651972359949,0.00467134585359833,-0.01421258693500058,-0.038916131308291094,0.00274988900056658,-0.018083121153862257,1.8.3
4,operational_return_rms_nearest_cross_path_median,0.04679472835816379,0.04721049446718482,1283,641.5,-0.03006035339415715,0.005431298325542394,-0.012314527534307378,-0.038916131308291094,0.00274988900056658,-0.018083121153862257,1.8.3
4,operational_return_rms_nearest_cross_path_median,0.04679472835816379,0.04721049446718482,1284,642.0,-0.029623881793940043,0.005128860102120698,-0.012247510845909672,-0.038916131308291094,0.005431298325542394,-0.01674241649137435,1.8.3
4,operational_return_rms_nearest_cross_path_median,0.04679472835816379,0.04721049446718482,1285,642.5,-0.03095988219563925,0.0028121573155591773,-0.014073862440040035,-0.038916131308291094,0.005431298325542394,-0.01674241649137435,1.8.3
4,operational_return_rms_nearest_cross_path_median,0.04679472835816379,0.04721049446718482,1286,643.0,-0.03030624818626744,0.004935403926620206,-0.012685422129823617,-0.038916131308291094,0.005431298325542394,-0.01674241649137435,1.8.3
4,operational_return_rms_nearest_cross_path_median,0.04679472835816379,0.04721049446718482,1287,643.5,-0.029826757055730693,0.00464391634819639,-0.012591420353767152,-0.038916131308291094,0.005431298325542394,-0.01674241649137435,1.8.3
4,operational_return_rms_nearest_cross_path_median,0.04679472835816379,0.04721049446718482,1288,644.0,-0.02873367005257356,0.002827871759175298,-0.01295289914669913,-0.038916131308291094,0.005431298325542394,-0.01674241649137435,1.8.3
4,operational_return_rms_nearest_cross_path_median,0.04679472835816379,0.04721049446718482,1289,644.5,-0.029666099714867084,0.00426213103927908,-0.012701984337794002,-0.02873367005257356,0.005431298325542394,-0.011651185863515583,1.8.3
4,operational_return_rms_nearest_cross_path_median,0.04679472835816379,0.04721049446718482,1290,645.0,-0.029014158665223347,0.003289480448502108,-0.01286233910836062,-0.02873367005257356,0.005431298325542394,-0.011651185863515583,1.8.3
4,operational_return_rms_nearest_cross_path_median,0.04679472835816379,0.04721049446718482,1291,645.5,-0.029406777656322255,0.0021916704021224614,-0.013607553627099898,-0.02873367005257356,0.005431298325542394,-0.011651185863515583,1.8.3
4,operational_return_rms_nearest_cross_path_median,0.04679472835816379,0.04721049446718482,1292,646.0,-0.02789136372354789,0.003943593307221774,-0.011973885208163058,-0.029406777656322255,0.005431298325542394,-0.011987739665389931,1.8.3
4,operational_return_rms_nearest_cross_path_median,0.04679472835816379,0.04721049446718482,1293,646.5,-0.026949777477808468,0.003813131977851617,-0.011568322749978426,-0.029406777656322255,0.005431298325542394,-0.011987739665389931,1.8.3
4,operational_return_rms_nearest_cross_path_median,0.04679472835816379,0.04721049446718482,1294,647.0,-0.027708877220510297,0.004112735014746482,-0.011798071102881908,-0.029406777656322255,0.003813131977851617,-0.01279682283923532,1.8.3
4,operational_return_rms_nearest_cross_path_median,0.04679472835816379,0.04721049446718482,1295,647.5,-0.029362936101225548,0.002868562344778697,-0.013247186878223426,-0.029406777656322255,0.003813131977851617,-0.01279682283923532,1.8.3
4,operational_return_rms_nearest_cross_path_median,0.04679472835816379,0.04721049446718482,1296,648.0,-0.029232762757052555,0.003681695456734929,-0.012775533650158813,-0.029406777656322255,0.003813131977851617,-0.01279682283923532,1.8.3
4,operational_return_rms_nearest_cross_path_median,0.04679472835816379,0.04721049446718482,1297,648.5,-0.028794373269391313,0.0043056873603521915,-0.01224434295451956,-0.029406777656322255,0.003813131977851617,-0.01279682283923532,1.8.3
4,operational_return_rms_nearest_cross_path_median,0.04679472835816379,0.04721049446718482,1298,649.0,-0.02839336041696064,0.003953427529391865,-0.012219966443784386,-0.029406777656322255,0.003813131977851617,-0.01279682283923532,1.8.3
4,operational_return_rms_nearest_cross_path_median,0.04679472835816379,0.04721049446718482,1299,649.5,-0.028262625767491237,0.004047852391383353,-0.012107386688053941,-0.029406777656322255,0.003813131977851617,-0.01279682283923532,1.8.3
4,operational_return_rms_nearest_cross_path_median,0.04679472835816379,0.04721049446718482,1300,650.0,-0.028082495617515885,0.0037420964056012825,-0.012170199605957301,-0.028262625767491237,0.003813131977851617,-0.01222474689481981,1.8.3
4,operational_return_rms_nearest_cross_path_median,0.04679472835816379,0.04721049446718482,1301,650.5,-0.02784667536289208,0.0014984198636791128,-0.013174127749606484,-0.028262625767491237,0.003813131977851617,-0.01222474689481981,1.8.3
4,operational_return_rms_nearest_cross_path_median,0.04679472835816379,0.04721049446718482,1302,651.0,-0.027791389362843602,0.00216357392688431,-0.012813907717979646,-0.028262625767491237,0.003813131977851617,-0.01222474689481981,1.8.3
4,operational_return_rms_nearest_cross_path_median,0.04679472835816379,0.04721049446718482,1303,651.5,-0.026311849860688227,0.0030476959120787272,-0.01163207697430475,-0.028262625767491237,0.003813131977851617,-0.01222474689481981,1.8.3
4,operational_return_rms_nearest_cross_path_median,0.04679472835816379,0.04721049446718482,1304,652.0,-0.027361268264126326,0.0028452885051754896,-0.012257989879475418,-0.026311849860688227,0.003813131977851617,-0.011249358941418305,1.8.3
4,operational_return_rms_nearest_cross_path_median,0.04679472835816379,0.04721049446718482,1305,652.5,-0.027123820085888997,0.0050467663075708545,-0.011038526889159071,-0.026311849860688227,0.003813131977851617,-0.011249358941418305,1.8.3
4,operational_return_rms_nearest_cross_path_median,0.04679472835816379,0.04721049446718482,1306,653.0,-0.02825766395351803,0.005323159620275077,-0.011467252166621478,-0.026311849860688227,0.003813131977851617,-0.011249358941418305,1.8.3
4,operational_return_rms_nearest_cross_path_median,0.04679472835816379,0.04721049446718482,1307,653.5,-0.026247559617558022,0.006878497289993897,-0.009684531163782062,-0.026311849860688227,0.003813131977851617,-0.011249358941418305,1.8.3
4,operational_return_rms_nearest_cross_path_median,0.04679472835816379,0.04721049446718482,1308,654.0,-0.025836577504256164,0.004412360491109114,-0.010712108506573524,-0.026311849860688227,0.003813131977851617,-0.011249358941418305,1.8.3
4,operational_return_rms_nearest_cross_path_median,0.04679472835816379,0.04721049446718482,1309,654.5,-0.02490623314730872,0.005239949539477057,-0.009833141803915832,-0.026311849860688227,0.003813131977851617,-0.011249358941418305,1.8.3
4,operational_return_rms_nearest_cross_path_median,0.04679472835816379,0.04721049446718482,1310,655.0,-0.025681343740171628,0.0041522979608525105,-0.010764522889659558,-0.026311849860688227,0.003813131977851617,-0.011249358941418305,1.8.3
4,operational_return_rms_nearest_cross_path_median,0.04679472835816379,0.04721049446718482,1311,655.5,-0.026546292825104303,0.0044890574277885575,-0.011028617698657872,-0.026311849860688227,0.003813131977851617,-0.011249358941418305,1.8.3
4,operational_return_rms_nearest_cross_path_median,0.04679472835816379,0.04721049446718482,1312,656.0,-0.02757433914502405,0.004447590769778298,-0.011563374187622877,-0.026311849860688227,0.003813131977851617,-0.011249358941418305,1.8.3
4,operational_return_rms_nearest_cross_path_median,0.04679472835816379,0.04721049446718482,1313,656.5,-0.028741739834571373,0.002945916651501265,-0.012897911591535053,-0.026311849860688227,0.003813131977851617,-0.011249358941418305,1.8.3
4,operational_return_rms_nearest_cross_path_median,0.04679472835816379,0.04721049446718482,1314,657.0,-0.028663273476503118,0.0025573819103964367,-0.01305294578305334,-0.026311849860688227,0.003813131977851617,-0.011249358941418305,1.8.3
4,operational_return_rms_nearest_cross_path_median,0.04679472835816379,0.04721049446718482,1315,657.5,-0.027207544327879654,0.003931908401100473,-0.01163781796338959,-0.026311849860688227,0.003813131977851617,-0.011249358941418305,1.8.3
4,operational_return_rms_nearest_cross_path_median,0.04679472835816379,0.04721049446718482,1316,658.0,-0.026195860163516854,0.0035716182409225154,-0.011312120961297169,-0.026311849860688227,0.003813131977851617,-0.011249358941418305,1.8.3
4,operational_return_rms_nearest_cross_path_median,0.04679472835816379,0.04721049446718482,1317,658.5,-0.025516403546086544,0.0045938891543517695,-0.010461257195867386,-0.026311849860688227,0.003813131977851617,-0.011249358941418305,1.8.3
4,operational_return_rms_nearest_cross_path_median,0.04679472835816379,0.04721049446718482,1318,659.0,-0.024724485778985394,0.0041527379785147285,-0.010285873900235333,-0.026311849860688227,0.003813131977851617,-0.011249358941418305,1.8.3
4,operational_return_rms_nearest_cross_path_median,0.04679472835816379,0.04721049446718482,1319,659.5,-0.02421336129985663,0.004176824027102978,-0.010018268636376825,-0.026311849860688227,0.003813131977851617,-0.011249358941418305,1.8.3
4,operational_return_rms_nearest_cross_path_median,0.04679472835816379,0.04721049446718482,1320,660.0,-0.024785719360516364,0.006790504098993638,-0.008997607630761363,-0.026311849860688227,0.003813131977851617,-0.011249358941418305,1.8.3
4,operational_return_rms_nearest_cross_path_median,0.04679472835816379,0.04721049446718482,1321,660.5,-0.025109952640588462,0.006649173089196881,-0.009230389775695791,-0.024785719360516364,0.003813131977851617,-0.010486293691332374,1.8.3
4,operational_return_rms_nearest_cross_path_median,0.04679472835816379,0.04721049446718482,1322,661.0,-0.024969852135207443,0.007084527085814342,-0.00894266252469655,-0.024785719360516364,0.003813131977851617,-0.010486293691332374,1.8.3
4,operational_return_rms_nearest_cross_path_median,0.04679472835816379,0.04721049446718482,1323,661.5,-0.024538706961078363,0.006582931451384557,-0.008977887754846904,-0.024785719360516364,0.003813131977851617,-0.010486293691332374,1.8.3
4,operational_return_rms_nearest_cross_path_median,0.04679472835816379,0.04721049446718482,1324,662.0,-0.02360670506943599,0.005767200690953592,-0.008919752189241199,-0.024785719360516364,0.003813131977851617,-0.010486293691332374,1.8.3
4,operational_return_rms_nearest_cross_path_median,0.04679472835816379,0.04721049446718482,1325,662.5,-0.023714120275277945,0.007545615227817353,-0.008084252523730295,-0.024785719360516364,0.003813131977851617,-0.010486293691332374,1.8.3
4,operational_return_rms_nearest_cross_path_median,0.04679472835816379,0.04721049446718482,1326,663.0,-0.02262994970663844,0.007801684454343621,-0.007414132626147409,-0.024785719360516364,0.007545615227817353,-0.008620052066349505,1.8.3
4,operational_return_rms_nearest_cross_path_median,0.04679472835816379,0.04721049446718482,1327,663.5,-0.02246144806439787,0.007425745972859238,-0.007517851045769316,-0.024785719360516364,0.007545615227817353,-0.008620052066349505,1.8.3
4,operational_return_rms_nearest_cross_path_median,0.04679472835816379,0.04721049446718482,1328,664.0,-0.02194216388405948,0.006476164409168702,-0.0077329997374453886,-0.024785719360516364,0.007545615227817353,-0.008620052066349505,1.8.3
4,operational_return_rms_nearest_cross_path_median,0.04679472835816379,0.04721049446718482,1329,664.5,-0.022969894093714804,0.0052040343619214205,-0.008882929865896692,-0.024785719360516364,0.007545615227817353,-0.008620052066349505,1.8.3
4,operational_return_rms_nearest_cross_path_median,0.04679472835816379,0.04721049446718482,1330,665.0,-0.02193474857744543,0.005726480495784403,-0.008104134040830513,-0.024785719360516364,0.007545615227817353,-0.008620052066349505,1.8.3
4,operational_return_rms_nearest_cross_path_median,0.04679472835816379,0.04721049446718482,1331,665.5,-0.022152502992252562,0.004354221615964867,-0.008899140688143847,-0.024785719360516364,0.007545615227817353,-0.008620052066349505,1.8.3
4,operational_return_rms_nearest_cross_path_median,0.04679472835816379,0.04721049446718482,1332,666.0,-0.02100480505994079,0.0035639234054638336,-0.008720440827238479,-0.024785719360516364,0.007545615227817353,-0.008620052066349505,1.8.3
4,operational_return_rms_nearest_cross_path_median,0.04679472835816379,0.04721049446718482,1333,666.5,-0.01955378424578859,0.0031423335357275884,-0.0082057253550305,-0.024785719360516364,0.007545615227817353,-0.008620052066349505,1.8.3
4,operational_return_rms_nearest_cross_path_median,0.04679472835816379,0.04721049446718482,1334,667.0,-0.020366752553718614,0.00243406613386593,-0.008966343209926342,-0.024785719360516364,0.007545615227817353,-0.008620052066349505,1.8.3
4,operational_return_rms_nearest_cross_path_median,0.04679472835816379,0.04721049446718482,1335,667.5,-0.018569617149462536,0.003826915001354935,-0.0073713510740538,-0.024785719360516364,0.007545615227817353,-0.008620052066349505,1.8.3
4,operational_return_rms_nearest_cross_path_median,0.04679472835816379,0.04721049446718482,1336,668.0,-0.018581236446761767,0.0030180926289900146,-0.007781571908885876,-0.024785719360516364,0.007545615227817353,-0.008620052066349505,1.8.3
4,operational_return_rms_nearest_cross_path_median,0.04679472835816379,0.04721049446718482,1337,668.5,-0.017607484516068667,0.003859231543032948,-0.006874126486517859,-0.024785719360516364,0.007545615227817353,-0.008620052066349505,1.8.3
4,operational_return_rms_nearest_cross_path_median,0.04679472835816379,0.04721049446718482,1338,669.0,-0.01742817876953312,0.003235852052811069,-0.007096163358361026,-0.024785719360516364,0.007545615227817353,-0.008620052066349505,1.8.3
4,operational_return_rms_nearest_cross_path_median,0.04679472835816379,0.04721049446718482,1339,669.5,-0.018301376464525607,0.0035771651837649735,-0.007362105640380316,-0.024785719360516364,0.007545615227817353,-0.008620052066349505,1.8.3
4,operational_return_rms_nearest_cross_path_median,0.04679472835816379,0.04721049446718482,1340,670.0,-0.017774725300863672,0.0044863557227584365,-0.0066441847890526175,-0.024785719360516364,0.007545615227817353,-0.008620052066349505,1.8.3
4,operational_return_rms_nearest_cross_path_median,0.04679472835816379,0.04721049446718482,1341,670.5,-0.01833369167452921,0.0034140422779902592,-0.0074598246982694755,-0.024785719360516364,0.007545615227817353,-0.008620052066349505,1.8.3
4,operational_return_rms_nearest_cross_path_median,0.04679472835816379,0.04721049446718482,1342,671.0,-0.018651868041095504,0.0013090564407215888,-0.008671405800186958,-0.024785719360516364,0.007545615227817353,-0.008620052066349505,1.8.3
4,operational_return_rms_nearest_cross_path_median,0.04679472835816379,0.04721049446718482,1343,671.5,-0.0157224737445974,-0.0008290910410536645,-0.008275782392825531,-0.024785719360516364,0.007545615227817353,-0.008620052066349505,1.8.3
4,operational_return_rms_nearest_cross_path_median,0.04679472835816379,0.04721049446718482,1344,672.0,-0.015505994771699935,-4.4613270223592405e-05,-0.007775304020961764,-0.024785719360516364,0.007545615227817353,-0.008620052066349505,1.8.3
4,operational_return_rms_nearest_cross_path_median,0.04679472835816379,0.04721049446718482,1345,672.5,-0.014733897246606398,-0.0007293312266562352,-0.0077316142366313165,-0.024785719360516364,0.007545615227817353,-0.008620052066349505,1.8.3
4,operational_return_rms_nearest_cross_path_median,0.04679472835816379,0.04721049446718482,1346,673.0,-0.014661934395274898,-0.0011269973208867523,-0.007894465858080825,-0.024785719360516364,0.007545615227817353,-0.008620052066349505,1.8.3
4,operational_return_rms_nearest_cross_path_median,0.04679472835816379,0.04721049446718482,1347,673.5,-0.015056891056043131,0.000973702184031972,-0.00704159443600558,-0.024785719360516364,0.007545615227817353,-0.008620052066349505,1.8.3
4,operational_return_rms_nearest_cross_path_median,0.04679472835816379,0.04721049446718482,1348,674.0,-0.013232178735251093,0.001473412106118987,-0.005879383314566053,-0.024785719360516364,0.007545615227817353,-0.008620052066349505,1.8.3
4,operational_return_rms_nearest_cross_path_median,0.04679472835816379,0.04721049446718482,1349,674.5,-0.012007359971352563,0.003677122597595124,-0.0041651186868787195,-0.024785719360516364,0.007545615227817353,-0.008620052066349505,1.8.3
4,operational_return_rms_nearest_cross_path_median,0.04679472835816379,0.04721049446718482,1350,675.0,-0.009508454781507136,0.0031358305137931313,-0.0031863121338570025,-0.024785719360516364,0.007545615227817353,-0.008620052066349505,1.8.3
4,operational_return_rms_nearest_cross_path_median,0.04679472835816379,0.04721049446718482,1351,675.5,-0.00913081234754129,0.0016236685091616564,-0.0037535719191898165,-0.024785719360516364,0.007545615227817353,-0.008620052066349505,1.8.3
4,operational_return_rms_nearest_cross_path_median,0.04679472835816379,0.04721049446718482,1352,676.0,-0.009006886120099755,0.0015030051628154536,-0.0037519404786421507,-0.024785719360516364,0.007545615227817353,-0.008620052066349505,1.8.3
4,operational_return_rms_nearest_cross_path_median,0.04679472835816379,0.04721049446718482,1353,676.5,-0.009055210682293799,0.0027015598270948927,-0.003176825427599453,-0.009006886120099755,0.007545615227817353,-0.0007306354461412011,1.8.3
4,operational_return_rms_nearest_cross_path_median,0.04679472835816379,0.04721049446718482,1354,677.0,-0.008356707034556807,0.0019151008323038013,-0.0032208031011265025,-0.009006886120099755,0.007545615227817353,-0.0007306354461412011,1.8.3
4,operational_return_rms_nearest_cross_path_median,0.04679472835816379,0.04721049446718482,1355,677.5,-0.007342512433517981,0.003600252046063611,-0.001871130193727185,-0.009006886120099755,0.007545615227817353,-0.0007306354461412011,1.8.3
4,operational_return_rms_nearest_cross_path_median,0.04679472835816379,0.04721049446718482,1356,678.0,-0.0049004836511220284,0.004663485080866613,-0.00011849928512770768,-0.009006886120099755,0.007545615227817353,-0.0007306354461412011,1.8.3
4,operational_return_rms_nearest_cross_path_median,0.04679472835816379,0.04721049446718482,1357,678.5,-0.0026441978493271234,0.004258938988753204,0.0008073705697130402,-0.009006886120099755,0.007545615227817353,-0.0007306354461412011,1.8.3
4,operational_return_rms_nearest_cross_path_median,0.04679472835816379,0.04721049446718482,1358,679.0,-0.0008724031768953672,0.0063226592096691445,0.0027251280163868886,-0.009006886120099755,0.004258938988753204,-0.0023739735656732757,1.8.3
4,operational_return_rms_nearest_cross_path_median,0.04679472835816379,0.04721049446718482,1359,679.5,-0.00047536764799241404,0.007626426909915076,0.003575529630961331,-0.009006886120099755,0.004258938988753204,-0.0023739735656732757,1.8.3
4,operational_return_rms_nearest_cross_path_median,0.04679472835816379,0.04721049446718482,1360,680.0,-0.0013799595061323444,0.0076496314672079005,0.003134835980537778,-0.009006886120099755,0.004258938988753204,-0.0023739735656732757,1.8.3
4,operational_return_rms_nearest_cross_path_median,0.04679472835816379,0.04721049446718482,1361,680.5,-0.0010223563813830105,0.006870140926704046,0.002923892272660518,-0.009006886120099755,0.004258938988753204,-0.0023739735656732757,1.8.3
4,operational_return_rms_nearest_cross_path_median,0.04679472835816379,0.04721049446718482,1362,681.0,-0.002173311290543989,0.005310584031752129,0.00156863637060407,-0.009006886120099755,0.004258938988753204,-0.0023739735656732757,1.8.3
4,operational_return_rms_nearest_cross_path_median,0.04679472835816379,0.04721049446718482,1363,681.5,-0.0024364002608095597,0.004007847510110399,0.0007857236246504198,-0.009006886120099755,0.004258938988753204,-0.0023739735656732757,1.8.3
4,operational_return_rms_nearest_cross_path_median,0.04679472835816379,0.04721049446718482,1364,682.0,-0.002436405562825414,0.0033011784570946053,0.0004323864471345957,-0.009006886120099755,0.004258938988753204,-0.0023739735656732757,1.8.3
4,operational_return_rms_nearest_cross_path_median,0.04679472835816379,0.04721049446718482,1365,682.5,-0.0034610734708758473,0.003902801552133175,0.00022086404062866393,-0.002436405562825414,0.004258938988753204,0.0009112667129638949,1.8.3
4,operational_return_rms_nearest_cross_path_median,0.04679472835816379,0.04721049446718482,1366,683.0,-0.005248175458197127,0.0035753357013957976,-0.0008364198784006646,-0.002436405562825414,0.004258938988753204,0.0009112667129638949,1.8.3
4,operational_return_rms_nearest_cross_path_median,0.04679472835816379,0.04721049446718482,1367,683.5,-0.0057255308081287926,0.0034478907265055596,-0.0011388200408116165,-0.002436405562825414,0.004258938988753204,0.0009112667129638949,1.8.3
4,operational_return_rms_nearest_cross_path_median,0.04679472835816379,0.04721049446718482,1368,684.0,-0.0070165706747526285,0.003683868565335643,-0.0016663510547084927,-0.002436405562825414,0.004258938988753204,0.0009112667129638949,1.8.3
4,operational_return_rms_nearest_cross_path_median,0.04679472835816379,0.04721049446718482,1369,684.5,-0.006574000996334581,0.0016318326741113177,-0.0024710841611116315,-0.002436405562825414,0.004258938988753204,0.0009112667129638949,1.8.3
4,operational_return_rms_nearest_cross_path_median,0.04679472835816379,0.04721049446718482,1370,685.0,-0.006083077391869612,-0.0001488972839665259,-0.003115987337918069,-0.002436405562825414,0.004258938988753204,0.0009112667129638949,1.8.3
4,operational_return_rms_nearest_cross_path_median,0.04679472835816379,0.04721049446718482,1371,685.5,-0.00572256942732563,0.0007870041700595767,-0.0024677826286330267,-0.002436405562825414,0.004258938988753204,0.0009112667129638949,1.8.3
4,operational_return_rms_nearest_cross_path_median,0.04679472835816379,0.04721049446718482,1372,686.0,-0.006434413403480138,0.0033747954883032176,-0.0015298089575884603,-0.002436405562825414,0.004258938988753204,0.0009112667129638949,1.8.3
4,operational_return_rms_nearest_cross_path_median,0.04679472835816379,0.04721049446718482,1373,686.5,-0.0068524666758569,0.003965606780962463,-0.0014434299474472183,-0.002436405562825414,0.004258938988753204,0.0009112667129638949,1.8.3
4,operational_return_rms_nearest_cross_path_median,0.04679472835816379,0.04721049446718482,1374,687.0,-0.006311401997441027,0.002301941490447176,-0.0020047302534969254,-0.002436405562825414,0.004258938988753204,0.0009112667129638949,1.8.3
4,operational_return_rms_nearest_cross_path_median,0.04679472835816379,0.04721049446718482,1375,687.5,-0.00632172285585976,0.002235222819186149,-0.0020432500183368055,-0.002436405562825414,0.004258938988753204,0.0009112667129638949,1.8.3
4,operational_return_rms_nearest_cross_path_median,0.04679472835816379,0.04721049446718482,1376,688.0,-0.005567460149947759,-0.00019503506477171195,-0.0028812476073597354,-0.002436405562825414,0.004258938988753204,0.0009112667129638949,1.8.3
4,operational_return_rms_nearest_cross_path_median,0.04679472835816379,0.04721049446718482,1377,688.5,-0.005872260452168279,8.10536420541695e-06,-0.002932077543981431,-0.002436405562825414,0.004258938988753204,0.0009112667129638949,1.8.3
4,operational_return_rms_nearest_cross_path_median,0.04679472835816379,0.04721049446718482,1378,689.0,-0.0057441096625198,0.0014015747811224235,-0.002171267440698688,-0.002436405562825414,0.004258938988753204,0.0009112667129638949,1.8.3
4,operational_return_rms_nearest_cross_path_median,0.04679472835816379,0.04721049446718482,1379,689.5,-0.0060598838709067515,0.0020488786562126776,-0.002005502607347037,-0.002436405562825414,0.004258938988753204,0.0009112667129638949,1.8.3
4,operational_return_rms_nearest_cross_path_median,0.04679472835816379,0.04721049446718482,1380,690.0,-0.006219540151523206,0.003661114442687075,-0.0012792128544180657,-0.002436405562825414,0.0020488786562126776,-0.00019376345330636814,1.8.3
4,operational_return_rms_nearest_cross_path_median,0.04679472835816379,0.04721049446718482,1381,690.5,-0.007579112740218372,0.00281654895184874,-0.002381281894184816,-0.002436405562825414,0.0020488786562126776,-0.00019376345330636814,1.8.3
4,operational_return_rms_nearest_cross_path_median,0.04679472835816379,0.04721049446718482,1382,691.0,-0.007152577224745979,0.0019861140950896443,-0.0025832315648281674,-0.002436405562825414,0.0020488786562126776,-0.00019376345330636814,1.8.3
4,operational_return_rms_nearest_cross_path_median,0.04679472835816379,0.04721049446718482,1383,691.5,-0.006699620399760978,0.0008207832852655216,-0.002939418557247728,-0.002436405562825414,0.0020488786562126776,-0.00019376345330636814,1.8.3
4,operational_return_rms_nearest_cross_path_median,0.04679472835816379,0.04721049446718482,1384,692.0,-0.007729818567046576,-0.00012153998923442044,-0.003925679278140498,-0.002436405562825414,0.0020488786562126776,-0.00019376345330636814,1.8.3
4,operational_return_rms_nearest_cross_path_median,0.04679472835816379,0.04721049446718482,1385,692.5,-0.00620543340923288,-0.0018623859227769601,-0.00403390966600492,-0.002436405562825414,0.0020488786562126776,-0.00019376345330636814,1.8.3
4,operational_return_rms_nearest_cross_path_median,0.04679472835816379,0.04721049446718482,1386,693.0,-0.005538351372035982,0.00022881706989229004,-0.002654767151071846,-0.002436405562825414,0.0020488786562126776,-0.00019376345330636814,1.8.3
4,operational_return_rms_nearest_cross_path_median,0.04679472835816379,0.04721049446718482,1387,693.5,-0.006287864262234905,-0.0025761592095032287,-0.004432011735869067,-0.002436405562825414,0.0020488786562126776,-0.00019376345330636814,1.8.3
4,operational_return_rms_nearest_cross_path_median,0.04679472835816379,0.04721049446718482,1388,694.0,-0.005875548822734403,-0.0027033976430044376,-0.00428947323286942,-0.002436405562825414,0.0020488786562126776,-0.00019376345330636814,1.8.3
4,operational_return_rms_nearest_cross_path_median,0.04679472835816379,0.04721049446718482,1389,694.5,-0.00773633019595317,-0.0045938649468173914,-0.006165097571385281,-0.002436405562825414,0.0020488786562126776,-0.00019376345330636814,1.8.3
4,operational_return_rms_nearest_cross_path_median,0.04679472835816379,0.04721049446718482,1390,695.0,-0.008827992456920869,-0.0034845669253135286,-0.006156279691117199,-0.002436405562825414,0.0020488786562126776,-0.00019376345330636814,1.8.3
4,operational_return_rms_nearest_cross_path_median,0.04679472835816379,0.04721049446718482,1391,695.5,-0.00838857467989658,-0.003381841575717609,-0.005885208127807094,-0.002436405562825414,0.0020488786562126776,-0.00019376345330636814,1.8.3
4,operational_return_rms_nearest_cross_path_median,0.04679472835816379,0.04721049446718482,1392,696.0,-0.009616566111412511,-0.003541916118139407,-0.006579241114775959,-0.00838857467989658,0.0020488786562126776,-0.003169848011841951,1.8.3
4,operational_return_rms_nearest_cross_path_median,0.04679472835816379,0.04721049446718482,1393,696.5,-0.010891752095317647,-0.005488024407610148,-0.008189888251463898,-0.00838857467989658,0.0020488786562126776,-0.003169848011841951,1.8.3
4,operational_return_rms_nearest_cross_path_median,0.04679472835816379,0.04721049446718482,1394,697.0,-0.01088325702645479,-0.005423776591818738,-0.008153516809136764,-0.00838857467989658,-0.005488024407610148,-0.006938299543753364,1.8.3
4,operational_return_rms_nearest_cross_path_median,0.04679472835816379,0.04721049446718482,1395,697.5,-0.013116559234913769,-0.00461667974069864,-0.008866619487806204,-0.00838857467989658,-0.005488024407610148,-0.006938299543753364,1.8.3
4,operational_return_rms_nearest_cross_path_median,0.04679472835816379,0.04721049446718482,1396,698.0,-0.012143335604806751,-0.005249206779972981,-0.008696271192389866,-0.00838857467989658,-0.005488024407610148,-0.006938299543753364,1.8.3
4,operational_return_rms_nearest_cross_path_median,0.04679472835816379,0.04721049446718482,1397,698.5,-0.011473688948797411,-0.005510005287786224,-0.008491847118291818,-0.00838857467989658,-0.005488024407610148,-0.006938299543753364,1.8.3
4,operational_return_rms_nearest_cross_path_median,0.04679472835816379,0.04721049446718482,1398,699.0,-0.010460320872757334,-0.00582364140047216,-0.008141981136614747,-0.00838857467989658,-0.005488024407610148,-0.006938299543753364,1.8.3
4,operational_return_rms_nearest_cross_path_median,0.04679472835816379,0.04721049446718482,1399,699.5,-0.011303100945269887,-0.006176426516629363,-0.008739763730949625,-0.00838857467989658,-0.005488024407610148,-0.006938299543753364,1.8.3
4,operational_return_rms_nearest_cross_path_median,0.04679472835816379,0.04721049446718482,1400,700.0,-0.010168588855478583,-0.006325951221663337,-0.00824727003857096,-0.00838857467989658,-0.006176426516629363,-0.007282500598262971,1.8.3
