figure_id,aggregation_scale,aggregation_unit,curve_type,mechanism,normalized_correlation,absolute_correlation,uncertainty,uncertainty_type,parameter_profile,software_version,scenario,clock_rate,response_rate,alpha_clock,alpha_response
F1,0.001,clock characteristic time,analytic,clock,0.0004998333749916681,0.0004998333749916681,,not_applicable_deterministic,lambda=1;kappa=0.25;rho_inf=1,1.0.0,response_to_clock_rate_0.25,1.0,0.25,1.0,1.0
F1,0.001039122303835169,clock characteristic time,analytic,clock,0.0005193812361314887,0.0005193812361314887,,not_applicable_deterministic,lambda=1;kappa=0.25;rho_inf=1,1.0.0,response_to_clock_rate_0.25,1.0,0.25,1.0,1.0
F1,0.0010797751623277093,clock characteristic time,analytic,clock,0.0005396933145409566,0.0005396933145409566,,not_applicable_deterministic,lambda=1;kappa=0.25;rho_inf=1,1.0.0,response_to_clock_rate_0.25,1.0,0.25,1.0,1.0
F1,0.001122018454301963,clock characteristic time,analytic,clock,0.000560799465091466,0.000560799465091466,,not_applicable_deterministic,lambda=1;kappa=0.25;rho_inf=1,1.0.0,response_to_clock_rate_0.25,1.0,0.25,1.0,1.0
F1,0.0011659144011798323,clock characteristic time,analytic,clock,0.0005827307072132637,0.0005827307072132637,,not_applicable_deterministic,lambda=1;kappa=0.25;rho_inf=1,1.0.0,response_to_clock_rate_0.25,1.0,0.25,1.0,1.0
F1,0.001211527658628589,clock characteristic time,analytic,clock,0.0006055192701801548,0.0006055192701801548,,not_applicable_deterministic,lambda=1;kappa=0.25;rho_inf=1,1.0.0,response_to_clock_rate_0.25,1.0,0.25,1.0,1.0
F1,0.0012589254117941675,clock characteristic time,analytic,clock,0.0006291986401466554,0.0006291986401466554,,not_applicable_deterministic,lambda=1;kappa=0.25;rho_inf=1,1.0.0,response_to_clock_rate_0.25,1.0,0.25,1.0,1.0
F1,0.0013081774742601943,clock characteristic time,analytic,clock,0.0006538036090016908,0.0006538036090016908,,not_applicable_deterministic,lambda=1;kappa=0.25;rho_inf=1,1.0.0,response_to_clock_rate_0.25,1.0,0.25,1.0,1.0
F1,0.0013593563908785254,clock characteristic time,analytic,clock,0.0006793703251065653,0.0006793703251065653,,not_applicable_deterministic,lambda=1;kappa=0.25;rho_inf=1,1.0.0,response_to_clock_rate_0.25,1.0,0.25,1.0,1.0
F1,0.001412537544622754,clock characteristic time,analytic,clock,0.0007059363459915868,0.0007059363459915868,,not_applicable_deterministic,lambda=1;kappa=0.25;rho_inf=1,1.0.0,response_to_clock_rate_0.25,1.0,0.25,1.0,1.0
F1,0.001467799267622069,clock characteristic time,analytic,clock,0.0007335406930855104,0.0007335406930855104,,not_applicable_deterministic,lambda=1;kappa=0.25;rho_inf=1,1.0.0,response_to_clock_rate_0.25,1.0,0.25,1.0,1.0
F1,0.0015252229565390183,clock characteristic time,analytic,clock,0.0007622239085521842,0.0007622239085521842,,not_applicable_deterministic,lambda=1;kappa=0.25;rho_inf=1,1.0.0,response_to_clock_rate_0.25,1.0,0.25,1.0,1.0
F1,0.001584893192461114,clock characteristic time,analytic,clock,0.0007920281143174446,0.0007920281143174446,,not_applicable_deterministic,lambda=1;kappa=0.25;rho_inf=1,1.0.0,response_to_clock_rate_0.25,1.0,0.25,1.0,1.0
F1,0.0016468978654828688,clock characteristic time,analytic,clock,0.0008229970733685255,0.0008229970733685255,,not_applicable_deterministic,lambda=1;kappa=0.25;rho_inf=1,1.0.0,response_to_clock_rate_0.25,1.0,0.25,1.0,1.0
F1,0.001711328304161781,clock characteristic time,analytic,clock,0.0008551762534099172,0.0008551762534099172,,not_applicable_deterministic,lambda=1;kappa=0.25;rho_inf=1,1.0.0,response_to_clock_rate_0.25,1.0,0.25,1.0,1.0
F1,0.0017782794100389228,clock characteristic time,analytic,clock,0.0008886128929683768,0.0008886128929683768,,not_applicable_deterministic,lambda=1;kappa=0.25;rho_inf=1,1.0.0,response_to_clock_rate_0.25,1.0,0.25,1.0,1.0
F1,0.0018478497974222907,clock characteristic time,analytic,clock,0.0009233560700339094,0.0009233560700339094,,not_applicable_deterministic,lambda=1;kappa=0.25;rho_inf=1,1.0.0,response_to_clock_rate_0.25,1.0,0.25,1.0,1.0
F1,0.001920141938638801,clock characteristic time,analytic,clock,0.0009594567733395287,0.0009594567733395287,,not_applicable_deterministic,lambda=1;kappa=0.25;rho_inf=1,1.0.0,response_to_clock_rate_0.25,1.0,0.25,1.0,1.0
F1,0.001995262314968879,clock characteristic time,analytic,clock,0.00099696797637161,0.00099696797637161,,not_applicable_deterministic,lambda=1;kappa=0.25;rho_inf=1,1.0.0,response_to_clock_rate_0.25,1.0,0.25,1.0,1.0
F1,0.002073321573485954,clock characteristic time,analytic,clock,0.0010359447142190836,0.0010359447142190836,,not_applicable_deterministic,lambda=1;kappa=0.25;rho_inf=1,1.0.0,response_to_clock_rate_0.25,1.0,0.25,1.0,1.0
F1,0.0021544346900318843,clock characteristic time,analytic,clock,0.0010764441633641653,0.0010764441633641653,,not_applicable_deterministic,lambda=1;kappa=0.25;rho_inf=1,1.0.0,response_to_clock_rate_0.25,1.0,0.25,1.0,1.0
F1,0.00223872113856834,clock characteristic time,analytic,clock,0.0011185257245265312,0.0011185257245265312,,not_applicable_deterministic,lambda=1;kappa=0.25;rho_inf=1,1.0.0,response_to_clock_rate_0.25,1.0,0.25,1.0,1.0
F1,0.0023263050671536263,clock characteristic time,analytic,clock,0.0011622511086742948,0.0011622511086742948,,not_applicable_deterministic,lambda=1;kappa=0.25;rho_inf=1,1.0.0,response_to_clock_rate_0.25,1.0,0.25,1.0,1.0
F1,0.0024173154808041037,clock characteristic time,analytic,clock,0.0012076844263193554,0.0012076844263193554,,not_applicable_deterministic,lambda=1;kappa=0.25;rho_inf=1,1.0.0,response_to_clock_rate_0.25,1.0,0.25,1.0,1.0
F1,0.0025118864315095794,clock characteristic time,analytic,clock,0.0012548922802212426,0.0012548922802212426,,not_applicable_deterministic,lambda=1;kappa=0.25;rho_inf=1,1.0.0,response_to_clock_rate_0.25,1.0,0.25,1.0,1.0
F1,0.0026101572156825357,clock characteristic time,analytic,clock,0.0013039438616225807,0.0013039438616225807,,not_applicable_deterministic,lambda=1;kappa=0.25;rho_inf=1,1.0.0,response_to_clock_rate_0.25,1.0,0.25,1.0,1.0
F1,0.0027122725793320298,clock characteristic time,analytic,clock,0.001354911050150398,0.001354911050150398,,not_applicable_deterministic,lambda=1;kappa=0.25;rho_inf=1,1.0.0,response_to_clock_rate_0.25,1.0,0.25,1.0,1.0
F1,0.002818382931264455,clock characteristic time,analytic,clock,0.0014078685175159533,0.0014078685175159533,,not_applicable_deterministic,lambda=1;kappa=0.25;rho_inf=1,1.0.0,response_to_clock_rate_0.25,1.0,0.25,1.0,1.0
F1,0.0029286445646252374,clock characteristic time,analytic,clock,0.0014628938351549658,0.0014628938351549658,,not_applicable_deterministic,lambda=1;kappa=0.25;rho_inf=1,1.0.0,response_to_clock_rate_0.25,1.0,0.25,1.0,1.0
F1,0.003043219887107722,clock characteristic time,analytic,clock,0.001520067585952134,0.001520067585952134,,not_applicable_deterministic,lambda=1;kappa=0.25;rho_inf=1,1.0.0,response_to_clock_rate_0.25,1.0,0.25,1.0,1.0
F1,0.0031622776601683794,clock characteristic time,analytic,clock,0.0015794734802003774,0.0015794734802003774,,not_applicable_deterministic,lambda=1;kappa=0.25;rho_inf=1,1.0.0,response_to_clock_rate_0.25,1.0,0.25,1.0,1.0
F1,0.003285993247600654,clock characteristic time,analytic,clock,0.0016411984759479026,0.0016411984759479026,,not_applicable_deterministic,lambda=1;kappa=0.25;rho_inf=1,1.0.0,response_to_clock_rate_0.25,1.0,0.25,1.0,1.0
F1,0.003414548873833601,clock characteristic time,analytic,clock,0.001705332903895851,0.001705332903895851,,not_applicable_deterministic,lambda=1;kappa=0.25;rho_inf=1,1.0.0,response_to_clock_rate_0.25,1.0,0.25,1.0,1.0
F1,0.0035481338923357532,clock characteristic time,analytic,clock,0.001771970597009842,0.001771970597009842,,not_applicable_deterministic,lambda=1;kappa=0.25;rho_inf=1,1.0.0,response_to_clock_rate_0.25,1.0,0.25,1.0,1.0
F1,0.0036869450645195733,clock characteristic time,analytic,clock,0.0018412090250161661,0.0018412090250161661,,not_applicable_deterministic,lambda=1;kappa=0.25;rho_inf=1,1.0.0,response_to_clock_rate_0.25,1.0,0.25,1.0,1.0
F1,0.003831186849557289,clock characteristic time,analytic,clock,0.0019131494339605926,0.0019131494339605926,,not_applicable_deterministic,lambda=1;kappa=0.25;rho_inf=1,1.0.0,response_to_clock_rate_0.25,1.0,0.25,1.0,1.0
F1,0.003981071705534973,clock characteristic time,analytic,clock,0.0019878969910105404,0.0019878969910105404,,not_applicable_deterministic,lambda=1;kappa=0.25;rho_inf=1,1.0.0,response_to_clock_rate_0.25,1.0,0.25,1.0,1.0
F1,0.004136820402388507,clock characteristic time,analytic,clock,0.0020655609346891257,0.0020655609346891257,,not_applicable_deterministic,lambda=1;kappa=0.25;rho_inf=1,1.0.0,response_to_clock_rate_0.25,1.0,0.25,1.0,1.0
F1,0.004298662347082277,clock characteristic time,analytic,clock,0.0021462547307362634,0.0021462547307362634,,not_applicable_deterministic,lambda=1;kappa=0.25;rho_inf=1,1.0.0,response_to_clock_rate_0.25,1.0,0.25,1.0,1.0
F1,0.0044668359215096305,clock characteristic time,analytic,clock,0.002230096233793666,0.002230096233793666,,not_applicable_deterministic,lambda=1;kappa=0.25;rho_inf=1,1.0.0,response_to_clock_rate_0.25,1.0,0.25,1.0,1.0
F1,0.004641588833612777,clock characteristic time,analytic,clock,0.002317207855124681,0.002317207855124681,,not_applicable_deterministic,lambda=1;kappa=0.25;rho_inf=1,1.0.0,response_to_clock_rate_0.25,1.0,0.25,1.0,1.0
F1,0.004823178482239309,clock characteristic time,analytic,clock,0.002407716736578469,0.002407716736578469,,not_applicable_deterministic,lambda=1;kappa=0.25;rho_inf=1,1.0.0,response_to_clock_rate_0.25,1.0,0.25,1.0,1.0
F1,0.005011872336272725,clock characteristic time,analytic,clock,0.002501754931019562,0.002501754931019562,,not_applicable_deterministic,lambda=1;kappa=0.25;rho_inf=1,1.0.0,response_to_clock_rate_0.25,1.0,0.25,1.0,1.0
F1,0.005207948328595465,clock characteristic time,analytic,clock,0.002599459589446851,0.002599459589446851,,not_applicable_deterministic,lambda=1;kappa=0.25;rho_inf=1,1.0.0,response_to_clock_rate_0.25,1.0,0.25,1.0,1.0
F1,0.0054116952654646375,clock characteristic time,analytic,clock,0.0027009731550385885,0.0027009731550385885,,not_applicable_deterministic,lambda=1;kappa=0.25;rho_inf=1,1.0.0,response_to_clock_rate_0.25,1.0,0.25,1.0,1.0
F1,0.005623413251903491,clock characteristic time,analytic,clock,0.0028064435643567753,0.0028064435643567753,,not_applicable_deterministic,lambda=1;kappa=0.25;rho_inf=1,1.0.0,response_to_clock_rate_0.25,1.0,0.25,1.0,1.0
F1,0.005843414133735175,clock characteristic time,analytic,clock,0.0029160244559643944,0.0029160244559643944,,not_applicable_deterministic,lambda=1;kappa=0.25;rho_inf=1,1.0.0,response_to_clock_rate_0.25,1.0,0.25,1.0,1.0
F1,0.006072021956909884,clock characteristic time,analytic,clock,0.0030298753867022965,0.0030298753867022965,,not_applicable_deterministic,lambda=1;kappa=0.25;rho_inf=1,1.0.0,response_to_clock_rate_0.25,1.0,0.25,1.0,1.0
F1,0.006309573444801929,clock characteristic time,analytic,clock,0.0031481620558916346,0.0031481620558916346,,not_applicable_deterministic,lambda=1;kappa=0.25;rho_inf=1,1.0.0,response_to_clock_rate_0.25,1.0,0.25,1.0,1.0
F1,0.006556418494179785,clock characteristic time,analytic,clock,0.003271056537725081,0.003271056537725081,,not_applicable_deterministic,lambda=1;kappa=0.25;rho_inf=1,1.0.0,response_to_clock_rate_0.25,1.0,0.25,1.0,1.0
F1,0.006812920690579615,clock characteristic time,analytic,clock,0.0033987375221241622,0.0033987375221241622,,not_applicable_deterministic,lambda=1;kappa=0.25;rho_inf=1,1.0.0,response_to_clock_rate_0.25,1.0,0.25,1.0,1.0
F1,0.00707945784384138,clock characteristic time,analytic,clock,0.003531390564343817,0.003531390564343817,,not_applicable_deterministic,lambda=1;kappa=0.25;rho_inf=1,1.0.0,response_to_clock_rate_0.25,1.0,0.25,1.0,1.0
F1,0.007356422544596414,clock characteristic time,analytic,clock,0.0036692083436123957,0.0036692083436123957,,not_applicable_deterministic,lambda=1;kappa=0.25;rho_inf=1,1.0.0,response_to_clock_rate_0.25,1.0,0.25,1.0,1.0
F1,0.007644222742526002,clock characteristic time,analytic,clock,0.0038123909311047477,0.0038123909311047477,,not_applicable_deterministic,lambda=1;kappa=0.25;rho_inf=1,1.0.0,response_to_clock_rate_0.25,1.0,0.25,1.0,1.0
F1,0.007943282347242814,clock characteristic time,analytic,clock,0.0039611460675497145,0.0039611460675497145,,not_applicable_deterministic,lambda=1;kappa=0.25;rho_inf=1,1.0.0,response_to_clock_rate_0.25,1.0,0.25,1.0,1.0
F1,0.008254041852680182,clock characteristic time,analytic,clock,0.004115689450784332,0.004115689450784332,,not_applicable_deterministic,lambda=1;kappa=0.25;rho_inf=1,1.0.0,response_to_clock_rate_0.25,1.0,0.25,1.0,1.0
F1,0.008576958985908946,clock characteristic time,analytic,clock,0.004276245033569714,0.004276245033569714,,not_applicable_deterministic,lambda=1;kappa=0.25;rho_inf=1,1.0.0,response_to_clock_rate_0.25,1.0,0.25,1.0,1.0
F1,0.008912509381337459,clock characteristic time,analytic,clock,0.0044430453319959096,0.0044430453319959096,,not_applicable_deterministic,lambda=1;kappa=0.25;rho_inf=1,1.0.0,response_to_clock_rate_0.25,1.0,0.25,1.0,1.0
F1,0.009261187281287938,clock characteristic time,analytic,clock,0.004616331744801472,0.004616331744801472,,not_applicable_deterministic,lambda=1;kappa=0.25;rho_inf=1,1.0.0,response_to_clock_rate_0.25,1.0,0.25,1.0,1.0
F1,0.009623506263980888,clock characteristic time,analytic,clock,0.004796354883950471,0.004796354883950471,,not_applicable_deterministic,lambda=1;kappa=0.25;rho_inf=1,1.0.0,response_to_clock_rate_0.25,1.0,0.25,1.0,1.0
F1,0.01,clock characteristic time,analytic,clock,0.004983374916805339,0.004983374916805339,,not_applicable_deterministic,lambda=1;kappa=0.25;rho_inf=1,1.0.0,response_to_clock_rate_0.25,1.0,0.25,1.0,1.0
F1,0.01039122303835169,clock characteristic time,analytic,clock,0.0051776619202478225,0.0051776619202478225,,not_applicable_deterministic,lambda=1;kappa=0.25;rho_inf=1,1.0.0,response_to_clock_rate_0.25,1.0,0.25,1.0,1.0
F1,0.010797751623277093,clock characteristic time,analytic,clock,0.005379496247101545,0.005379496247101545,,not_applicable_deterministic,lambda=1;kappa=0.25;rho_inf=1,1.0.0,response_to_clock_rate_0.25,1.0,0.25,1.0,1.0
F1,0.011220184543019636,clock characteristic time,analytic,clock,0.005589168905216435,0.005589168905216435,,not_applicable_deterministic,lambda=1;kappa=0.25;rho_inf=1,1.0.0,response_to_clock_rate_0.25,1.0,0.25,1.0,1.0
F1,0.011659144011798317,clock characteristic time,analytic,clock,0.005806981949578738,0.005806981949578738,,not_applicable_deterministic,lambda=1;kappa=0.25;rho_inf=1,1.0.0,response_to_clock_rate_0.25,1.0,0.25,1.0,1.0
F1,0.012115276586285882,clock characteristic time,analytic,clock,0.006033248887817089,0.006033248887817089,,not_applicable_deterministic,lambda=1;kappa=0.25;rho_inf=1,1.0.0,response_to_clock_rate_0.25,1.0,0.25,1.0,1.0
F1,0.012589254117941675,clock characteristic time,analytic,clock,0.0062682950994741304,0.0062682950994741304,,not_applicable_deterministic,lambda=1;kappa=0.25;rho_inf=1,1.0.0,response_to_clock_rate_0.25,1.0,0.25,1.0,1.0
F1,0.013081774742601943,clock characteristic time,analytic,clock,0.006512458269423038,0.006512458269423038,,not_applicable_deterministic,lambda=1;kappa=0.25;rho_inf=1,1.0.0,response_to_clock_rate_0.25,1.0,0.25,1.0,1.0
F1,0.013593563908785255,clock characteristic time,analytic,clock,0.0067660888358013205,0.0067660888358013205,,not_applicable_deterministic,lambda=1;kappa=0.25;rho_inf=1,1.0.0,response_to_clock_rate_0.25,1.0,0.25,1.0,1.0
F1,0.01412537544622754,clock characteristic time,analytic,clock,0.007029550452843258,0.007029550452843258,,not_applicable_deterministic,lambda=1;kappa=0.25;rho_inf=1,1.0.0,response_to_clock_rate_0.25,1.0,0.25,1.0,1.0
F1,0.014677992676220698,clock characteristic time,analytic,clock,0.00730322046899079,0.00730322046899079,,not_applicable_deterministic,lambda=1;kappa=0.25;rho_inf=1,1.0.0,response_to_clock_rate_0.25,1.0,0.25,1.0,1.0
F1,0.01525222956539019,clock characteristic time,analytic,clock,0.007587490420657428,0.007587490420657428,,not_applicable_deterministic,lambda=1;kappa=0.25;rho_inf=1,1.0.0,response_to_clock_rate_0.25,1.0,0.25,1.0,1.0
F1,0.015848931924611134,clock characteristic time,analytic,clock,0.007882766542022801,0.007882766542022801,,not_applicable_deterministic,lambda=1;kappa=0.25;rho_inf=1,1.0.0,response_to_clock_rate_0.25,1.0,0.25,1.0,1.0
F1,0.01646897865482868,clock characteristic time,analytic,clock,0.008189470291232404,0.008189470291232404,,not_applicable_deterministic,lambda=1;kappa=0.25;rho_inf=1,1.0.0,response_to_clock_rate_0.25,1.0,0.25,1.0,1.0
F1,0.01711328304161781,clock characteristic time,analytic,clock,0.008508038893366265,0.008508038893366265,,not_applicable_deterministic,lambda=1;kappa=0.25;rho_inf=1,1.0.0,response_to_clock_rate_0.25,1.0,0.25,1.0,1.0
F1,0.01778279410038923,clock characteristic time,analytic,clock,0.008838925900540917,0.008838925900540917,,not_applicable_deterministic,lambda=1;kappa=0.25;rho_inf=1,1.0.0,response_to_clock_rate_0.25,1.0,0.25,1.0,1.0
F1,0.018478497974222907,clock characteristic time,analytic,clock,0.009182601769496812,0.009182601769496812,,not_applicable_deterministic,lambda=1;kappa=0.25;rho_inf=1,1.0.0,response_to_clock_rate_0.25,1.0,0.25,1.0,1.0
F1,0.01920141938638801,clock characteristic time,analytic,clock,0.00953955445701371,0.00953955445701371,,not_applicable_deterministic,lambda=1;kappa=0.25;rho_inf=1,1.0.0,response_to_clock_rate_0.25,1.0,0.25,1.0,1.0
F1,0.0199526231496888,clock characteristic time,analytic,clock,0.009910290033485203,0.009910290033485203,,not_applicable_deterministic,lambda=1;kappa=0.25;rho_inf=1,1.0.0,response_to_clock_rate_0.25,1.0,0.25,1.0,1.0
F1,0.02073321573485955,clock characteristic time,analytic,clock,0.01029533331496657,0.01029533331496657,,not_applicable_deterministic,lambda=1;kappa=0.25;rho_inf=1,1.0.0,response_to_clock_rate_0.25,1.0,0.25,1.0,1.0
F1,0.021544346900318832,clock characteristic time,analytic,clock,0.01069522851399718,0.01069522851399718,,not_applicable_deterministic,lambda=1;kappa=0.25;rho_inf=1,1.0.0,response_to_clock_rate_0.25,1.0,0.25,1.0,1.0
F1,0.0223872113856834,clock characteristic time,analytic,clock,0.011110539909473083,0.011110539909473083,,not_applicable_deterministic,lambda=1;kappa=0.25;rho_inf=1,1.0.0,response_to_clock_rate_0.25,1.0,0.25,1.0,1.0
F1,0.02326305067153626,clock characteristic time,analytic,clock,0.011541852535825847,0.011541852535825847,,not_applicable_deterministic,lambda=1;kappa=0.25;rho_inf=1,1.0.0,response_to_clock_rate_0.25,1.0,0.25,1.0,1.0
F1,0.024173154808041036,clock characteristic time,analytic,clock,0.011989772891735528,0.011989772891735528,,not_applicable_deterministic,lambda=1;kappa=0.25;rho_inf=1,1.0.0,response_to_clock_rate_0.25,1.0,0.25,1.0,1.0
F1,0.025118864315095794,clock characteristic time,analytic,clock,0.012454929668577419,0.012454929668577419,,not_applicable_deterministic,lambda=1;kappa=0.25;rho_inf=1,1.0.0,response_to_clock_rate_0.25,1.0,0.25,1.0,1.0
F1,0.026101572156825372,clock characteristic time,analytic,clock,0.012937974498764104,0.012937974498764104,,not_applicable_deterministic,lambda=1;kappa=0.25;rho_inf=1,1.0.0,response_to_clock_rate_0.25,1.0,0.25,1.0,1.0
F1,0.02712272579332028,clock characteristic time,analytic,clock,0.0134395827241095,0.0134395827241095,,not_applicable_deterministic,lambda=1;kappa=0.25;rho_inf=1,1.0.0,response_to_clock_rate_0.25,1.0,0.25,1.0,1.0
F1,0.028183829312644536,clock characteristic time,analytic,clock,0.013960454184297255,0.013960454184297255,,not_applicable_deterministic,lambda=1;kappa=0.25;rho_inf=1,1.0.0,response_to_clock_rate_0.25,1.0,0.25,1.0,1.0
F1,0.02928644564625236,clock characteristic time,analytic,clock,0.014501314025486711,0.014501314025486711,,not_applicable_deterministic,lambda=1;kappa=0.25;rho_inf=1,1.0.0,response_to_clock_rate_0.25,1.0,0.25,1.0,1.0
F1,0.03043219887107722,clock characteristic time,analytic,clock,0.015062913529034438,0.015062913529034438,,not_applicable_deterministic,lambda=1;kappa=0.25;rho_inf=1,1.0.0,response_to_clock_rate_0.25,1.0,0.25,1.0,1.0
F1,0.03162277660168379,clock characteristic time,analytic,clock,0.01564603096025652,0.01564603096025652,,not_applicable_deterministic,lambda=1;kappa=0.25;rho_inf=1,1.0.0,response_to_clock_rate_0.25,1.0,0.25,1.0,1.0
F1,0.03285993247600654,clock characteristic time,analytic,clock,0.01625147243707936,0.01625147243707936,,not_applicable_deterministic,lambda=1;kappa=0.25;rho_inf=1,1.0.0,response_to_clock_rate_0.25,1.0,0.25,1.0,1.0
F1,0.034145488738336005,clock characteristic time,analytic,clock,0.016880072818365566,0.016880072818365566,,not_applicable_deterministic,lambda=1;kappa=0.25;rho_inf=1,1.0.0,response_to_clock_rate_0.25,1.0,0.25,1.0,1.0
F1,0.03548133892335755,clock characteristic time,analytic,clock,0.017532696611612608,0.017532696611612608,,not_applicable_deterministic,lambda=1;kappa=0.25;rho_inf=1,1.0.0,response_to_clock_rate_0.25,1.0,0.25,1.0,1.0
F1,0.03686945064519575,clock characteristic time,analytic,clock,0.0182102388996378,0.0182102388996378,,not_applicable_deterministic,lambda=1;kappa=0.25;rho_inf=1,1.0.0,response_to_clock_rate_0.25,1.0,0.25,1.0,1.0
F1,0.03831186849557287,clock characteristic time,analytic,clock,0.01891362628576365,0.01891362628576365,,not_applicable_deterministic,lambda=1;kappa=0.25;rho_inf=1,1.0.0,response_to_clock_rate_0.25,1.0,0.25,1.0,1.0
F1,0.039810717055349734,clock characteristic time,analytic,clock,0.019643817856915935,0.019643817856915935,,not_applicable_deterministic,lambda=1;kappa=0.25;rho_inf=1,1.0.0,response_to_clock_rate_0.25,1.0,0.25,1.0,1.0
F1,0.04136820402388507,clock characteristic time,analytic,clock,0.020401806163924285,0.020401806163924285,,not_applicable_deterministic,lambda=1;kappa=0.25;rho_inf=1,1.0.0,response_to_clock_rate_0.25,1.0,0.25,1.0,1.0
F1,0.042986623470822764,clock characteristic time,analytic,clock,0.021188618218194177,0.021188618218194177,,not_applicable_deterministic,lambda=1;kappa=0.25;rho_inf=1,1.0.0,response_to_clock_rate_0.25,1.0,0.25,1.0,1.0
F1,0.0446683592150963,clock characteristic time,analytic,clock,0.02200531650378068,0.02200531650378068,,not_applicable_deterministic,lambda=1;kappa=0.25;rho_inf=1,1.0.0,response_to_clock_rate_0.25,1.0,0.25,1.0,1.0
F1,0.046415888336127795,clock characteristic time,analytic,clock,0.022853000003739243,0.022853000003739243,,not_applicable_deterministic,lambda=1;kappa=0.25;rho_inf=1,1.0.0,response_to_clock_rate_0.25,1.0,0.25,1.0,1.0
F1,0.04823178482239307,clock characteristic time,analytic,clock,0.02373280523947563,0.02373280523947563,,not_applicable_deterministic,lambda=1;kappa=0.25;rho_inf=1,1.0.0,response_to_clock_rate_0.25,1.0,0.25,1.0,1.0
F1,0.05011872336272722,clock characteristic time,analytic,clock,0.0246459073216293,0.0246459073216293,,not_applicable_deterministic,lambda=1;kappa=0.25;rho_inf=1,1.0.0,response_to_clock_rate_0.25,1.0,0.25,1.0,1.0
F1,0.052079483285954624,clock characteristic time,analytic,clock,0.025593521010846,0.025593521010846,,not_applicable_deterministic,lambda=1;kappa=0.25;rho_inf=1,1.0.0,response_to_clock_rate_0.25,1.0,0.25,1.0,1.0
F1,0.054116952654646375,clock characteristic time,analytic,clock,0.026576901786577456,0.026576901786577456,,not_applicable_deterministic,lambda=1;kappa=0.25;rho_inf=1,1.0.0,response_to_clock_rate_0.25,1.0,0.25,1.0,1.0
F1,0.056234132519034905,clock characteristic time,analytic,clock,0.027597346921830246,0.027597346921830246,,not_applicable_deterministic,lambda=1;kappa=0.25;rho_inf=1,1.0.0,response_to_clock_rate_0.25,1.0,0.25,1.0,1.0
F1,0.05843414133735175,clock characteristic time,analytic,clock,0.0286561965615465,0.0286561965615465,,not_applicable_deterministic,lambda=1;kappa=0.25;rho_inf=1,1.0.0,response_to_clock_rate_0.25,1.0,0.25,1.0,1.0
F1,0.060720219569098836,clock characteristic time,analytic,clock,0.029754834802033114,0.029754834802033114,,not_applicable_deterministic,lambda=1;kappa=0.25;rho_inf=1,1.0.0,response_to_clock_rate_0.25,1.0,0.25,1.0,1.0
F1,0.06309573444801933,clock characteristic time,analytic,clock,0.030894690768586974,0.030894690768586974,,not_applicable_deterministic,lambda=1;kappa=0.25;rho_inf=1,1.0.0,response_to_clock_rate_0.25,1.0,0.25,1.0,1.0
F1,0.06556418494179789,clock characteristic time,analytic,clock,0.032077239688160675,0.032077239688160675,,not_applicable_deterministic,lambda=1;kappa=0.25;rho_inf=1,1.0.0,response_to_clock_rate_0.25,1.0,0.25,1.0,1.0
F1,0.06812920690579612,clock characteristic time,analytic,clock,0.03330400395359234,0.03330400395359234,,not_applicable_deterministic,lambda=1;kappa=0.25;rho_inf=1,1.0.0,response_to_clock_rate_0.25,1.0,0.25,1.0,1.0
F1,0.07079457843841377,clock characteristic time,analytic,clock,0.03457655417558336,0.03457655417558336,,not_applicable_deterministic,lambda=1;kappa=0.25;rho_inf=1,1.0.0,response_to_clock_rate_0.25,1.0,0.25,1.0,1.0
F1,0.07356422544596414,clock characteristic time,analytic,clock,0.035896510218241584,0.035896510218241584,,not_applicable_deterministic,lambda=1;kappa=0.25;rho_inf=1,1.0.0,response_to_clock_rate_0.25,1.0,0.25,1.0,1.0
F1,0.07644222742526002,clock characteristic time,analytic,clock,0.037265542213612446,0.037265542213612446,,not_applicable_deterministic,lambda=1;kappa=0.25;rho_inf=1,1.0.0,response_to_clock_rate_0.25,1.0,0.25,1.0,1.0
F1,0.07943282347242814,clock characteristic time,analytic,clock,0.03868537155020979,0.03868537155020979,,not_applicable_deterministic,lambda=1;kappa=0.25;rho_inf=1,1.0.0,response_to_clock_rate_0.25,1.0,0.25,1.0,1.0
F1,0.08254041852680186,clock characteristic time,analytic,clock,0.0401577718301086,0.0401577718301086,,not_applicable_deterministic,lambda=1;kappa=0.25;rho_inf=1,1.0.0,response_to_clock_rate_0.25,1.0,0.25,1.0,1.0
F1,0.08576958985908942,clock characteristic time,analytic,clock,0.041684569788693615,0.041684569788693615,,not_applicable_deterministic,lambda=1;kappa=0.25;rho_inf=1,1.0.0,response_to_clock_rate_0.25,1.0,0.25,1.0,1.0
F1,0.08912509381337455,clock characteristic time,analytic,clock,0.04326764617066037,0.04326764617066037,,not_applicable_deterministic,lambda=1;kappa=0.25;rho_inf=1,1.0.0,response_to_clock_rate_0.25,1.0,0.25,1.0,1.0
F1,0.09261187281287933,clock characteristic time,analytic,clock,0.04490893655532402,0.04490893655532402,,not_applicable_deterministic,lambda=1;kappa=0.25;rho_inf=1,1.0.0,response_to_clock_rate_0.25,1.0,0.25,1.0,1.0
F1,0.09623506263980887,clock characteristic time,analytic,clock,0.046610432123747936,0.046610432123747936,,not_applicable_deterministic,lambda=1;kappa=0.25;rho_inf=1,1.0.0,response_to_clock_rate_0.25,1.0,0.25,1.0,1.0
F1,0.1,clock characteristic time,analytic,clock,0.04837418035959573,0.04837418035959573,,not_applicable_deterministic,lambda=1;kappa=0.25;rho_inf=1,1.0.0,response_to_clock_rate_0.25,1.0,0.25,1.0,1.0
F1,0.10391223038351691,clock characteristic time,analytic,clock,0.050202285675000846,0.050202285675000846,,not_applicable_deterministic,lambda=1;kappa=0.25;rho_inf=1,1.0.0,response_to_clock_rate_0.25,1.0,0.25,1.0,1.0
F1,0.10797751623277094,clock characteristic time,analytic,clock,0.05209690995208338,0.05209690995208338,,not_applicable_deterministic,lambda=1;kappa=0.25;rho_inf=1,1.0.0,response_to_clock_rate_0.25,1.0,0.25,1.0,1.0
F1,0.1122018454301963,clock characteristic time,analytic,clock,0.054060272990063774,0.054060272990063774,,not_applicable_deterministic,lambda=1;kappa=0.25;rho_inf=1,1.0.0,response_to_clock_rate_0.25,1.0,0.25,1.0,1.0
F1,0.11659144011798311,clock characteristic time,analytic,clock,0.05609465284719972,0.05609465284719972,,not_applicable_deterministic,lambda=1;kappa=0.25;rho_inf=1,1.0.0,response_to_clock_rate_0.25,1.0,0.25,1.0,1.0
F1,0.12115276586285889,clock characteristic time,analytic,clock,0.05820238606602568,0.05820238606602568,,not_applicable_deterministic,lambda=1;kappa=0.25;rho_inf=1,1.0.0,response_to_clock_rate_0.25,1.0,0.25,1.0,1.0
F1,0.12589254117941676,clock characteristic time,analytic,clock,0.06038586776959043,0.06038586776959043,,not_applicable_deterministic,lambda=1;kappa=0.25;rho_inf=1,1.0.0,response_to_clock_rate_0.25,1.0,0.25,1.0,1.0
F1,0.13081774742601943,clock characteristic time,analytic,clock,0.06264755161558022,0.06264755161558022,,not_applicable_deterministic,lambda=1;kappa=0.25;rho_inf=1,1.0.0,response_to_clock_rate_0.25,1.0,0.25,1.0,1.0
F1,0.13593563908785256,clock characteristic time,analytic,clock,0.06498994959437454,0.06498994959437454,,not_applicable_deterministic,lambda=1;kappa=0.25;rho_inf=1,1.0.0,response_to_clock_rate_0.25,1.0,0.25,1.0,1.0
F1,0.1412537544622754,clock characteristic time,analytic,clock,0.06741563165621522,0.06741563165621522,,not_applicable_deterministic,lambda=1;kappa=0.25;rho_inf=1,1.0.0,response_to_clock_rate_0.25,1.0,0.25,1.0,1.0
F1,0.1467799267622069,clock characteristic time,analytic,clock,0.06992722515178607,0.06992722515178607,,not_applicable_deterministic,lambda=1;kappa=0.25;rho_inf=1,1.0.0,response_to_clock_rate_0.25,1.0,0.25,1.0,1.0
F1,0.15252229565390182,clock characteristic time,analytic,clock,0.07252741406958418,0.07252741406958418,,not_applicable_deterministic,lambda=1;kappa=0.25;rho_inf=1,1.0.0,response_to_clock_rate_0.25,1.0,0.25,1.0,1.0
F1,0.1584893192461114,clock characteristic time,analytic,clock,0.07521893805254476,0.07521893805254476,,not_applicable_deterministic,lambda=1;kappa=0.25;rho_inf=1,1.0.0,response_to_clock_rate_0.25,1.0,0.25,1.0,1.0
F1,0.1646897865482869,clock characteristic time,analytic,clock,0.07800459117543979,0.07800459117543979,,not_applicable_deterministic,lambda=1;kappa=0.25;rho_inf=1,1.0.0,response_to_clock_rate_0.25,1.0,0.25,1.0,1.0
F1,0.1711328304161781,clock characteristic time,analytic,clock,0.08088722046363184,0.08088722046363184,,not_applicable_deterministic,lambda=1;kappa=0.25;rho_inf=1,1.0.0,response_to_clock_rate_0.25,1.0,0.25,1.0,1.0
F1,0.1778279410038923,clock characteristic time,analytic,clock,0.08386972413281457,0.08386972413281457,,not_applicable_deterministic,lambda=1;kappa=0.25;rho_inf=1,1.0.0,response_to_clock_rate_0.25,1.0,0.25,1.0,1.0
F1,0.18478497974222907,clock characteristic time,analytic,clock,0.08695504952844357,0.08695504952844357,,not_applicable_deterministic,lambda=1;kappa=0.25;rho_inf=1,1.0.0,response_to_clock_rate_0.25,1.0,0.25,1.0,1.0
F1,0.1920141938638801,clock characteristic time,analytic,clock,0.09014619074263674,0.09014619074263674,,not_applicable_deterministic,lambda=1;kappa=0.25;rho_inf=1,1.0.0,response_to_clock_rate_0.25,1.0,0.25,1.0,1.0
F1,0.19952623149688786,clock characteristic time,analytic,clock,0.09344618588543296,0.09344618588543296,,not_applicable_deterministic,lambda=1;kappa=0.25;rho_inf=1,1.0.0,response_to_clock_rate_0.25,1.0,0.25,1.0,1.0
F1,0.2073321573485954,clock characteristic time,analytic,clock,0.09685811398644695,0.09685811398644695,,not_applicable_deterministic,lambda=1;kappa=0.25;rho_inf=1,1.0.0,response_to_clock_rate_0.25,1.0,0.25,1.0,1.0
F1,0.21544346900318845,clock characteristic time,analytic,clock,0.10038509150214858,0.10038509150214858,,not_applicable_deterministic,lambda=1;kappa=0.25;rho_inf=1,1.0.0,response_to_clock_rate_0.25,1.0,0.25,1.0,1.0
F1,0.223872113856834,clock characteristic time,analytic,clock,0.1040302684032629,0.1040302684032629,,not_applicable_deterministic,lambda=1;kappa=0.25;rho_inf=1,1.0.0,response_to_clock_rate_0.25,1.0,0.25,1.0,1.0
F1,0.23263050671536262,clock characteristic time,analytic,clock,0.10779682381613076,0.10779682381613076,,not_applicable_deterministic,lambda=1;kappa=0.25;rho_inf=1,1.0.0,response_to_clock_rate_0.25,1.0,0.25,1.0,1.0
F1,0.24173154808041036,clock characteristic time,analytic,clock,0.11168796119130975,0.11168796119130975,,not_applicable_deterministic,lambda=1;kappa=0.25;rho_inf=1,1.0.0,response_to_clock_rate_0.25,1.0,0.25,1.0,1.0
F1,0.25118864315095796,clock characteristic time,analytic,clock,0.1157069029722656,0.1157069029722656,,not_applicable_deterministic,lambda=1;kappa=0.25;rho_inf=1,1.0.0,response_to_clock_rate_0.25,1.0,0.25,1.0,1.0
F1,0.2610157215682536,clock characteristic time,analytic,clock,0.11985688473670619,0.11985688473670619,,not_applicable_deterministic,lambda=1;kappa=0.25;rho_inf=1,1.0.0,response_to_clock_rate_0.25,1.0,0.25,1.0,1.0
F1,0.2712272579332027,clock characteristic time,analytic,clock,0.12414114878298577,0.12414114878298577,,not_applicable_deterministic,lambda=1;kappa=0.25;rho_inf=1,1.0.0,response_to_clock_rate_0.25,1.0,0.25,1.0,1.0
F1,0.2818382931264455,clock characteristic time,analytic,clock,0.12856293713407485,0.12856293713407485,,not_applicable_deterministic,lambda=1;kappa=0.25;rho_inf=1,1.0.0,response_to_clock_rate_0.25,1.0,0.25,1.0,1.0
F1,0.29286445646252374,clock characteristic time,analytic,clock,0.1331254839318743,0.1331254839318743,,not_applicable_deterministic,lambda=1;kappa=0.25;rho_inf=1,1.0.0,response_to_clock_rate_0.25,1.0,0.25,1.0,1.0
F1,0.3043219887107722,clock characteristic time,analytic,clock,0.13783200719520272,0.13783200719520272,,not_applicable_deterministic,lambda=1;kappa=0.25;rho_inf=1,1.0.0,response_to_clock_rate_0.25,1.0,0.25,1.0,1.0
F1,0.31622776601683794,clock characteristic time,analytic,clock,0.14268569991561086,0.14268569991561086,,not_applicable_deterministic,lambda=1;kappa=0.25;rho_inf=1,1.0.0,response_to_clock_rate_0.25,1.0,0.25,1.0,1.0
F1,0.3285993247600654,clock characteristic time,analytic,clock,0.1476897204663249,0.1476897204663249,,not_applicable_deterministic,lambda=1;kappa=0.25;rho_inf=1,1.0.0,response_to_clock_rate_0.25,1.0,0.25,1.0,1.0
F1,0.34145488738336005,clock characteristic time,analytic,clock,0.1528471823011468,0.1528471823011468,,not_applicable_deterministic,lambda=1;kappa=0.25;rho_inf=1,1.0.0,response_to_clock_rate_0.25,1.0,0.25,1.0,1.0
F1,0.3548133892335753,clock characteristic time,analytic,clock,0.15816114292204042,0.15816114292204042,,not_applicable_deterministic,lambda=1;kappa=0.25;rho_inf=1,1.0.0,response_to_clock_rate_0.25,1.0,0.25,1.0,1.0
F1,0.36869450645195734,clock characteristic time,analytic,clock,0.16363459209650233,0.16363459209650233,,not_applicable_deterministic,lambda=1;kappa=0.25;rho_inf=1,1.0.0,response_to_clock_rate_0.25,1.0,0.25,1.0,1.0
F1,0.38311868495572887,clock characteristic time,analytic,clock,0.1692704393086566,0.1692704393086566,,not_applicable_deterministic,lambda=1;kappa=0.25;rho_inf=1,1.0.0,response_to_clock_rate_0.25,1.0,0.25,1.0,1.0
F1,0.3981071705534973,clock characteristic time,analytic,clock,0.17507150043139486,0.17507150043139486,,not_applicable_deterministic,lambda=1;kappa=0.25;rho_inf=1,1.0.0,response_to_clock_rate_0.25,1.0,0.25,1.0,1.0
F1,0.4136820402388507,clock characteristic time,analytic,clock,0.1810404836108418,0.1810404836108418,,not_applicable_deterministic,lambda=1;kappa=0.25;rho_inf=1,1.0.0,response_to_clock_rate_0.25,1.0,0.25,1.0,1.0
F1,0.42986623470822766,clock characteristic time,analytic,clock,0.18717997435900813,0.18717997435900813,,not_applicable_deterministic,lambda=1;kappa=0.25;rho_inf=1,1.0.0,response_to_clock_rate_0.25,1.0,0.25,1.0,1.0
F1,0.44668359215096304,clock characteristic time,analytic,clock,0.19349241985574972,0.19349241985574972,,not_applicable_deterministic,lambda=1;kappa=0.25;rho_inf=1,1.0.0,response_to_clock_rate_0.25,1.0,0.25,1.0,1.0
F1,0.46415888336127775,clock characteristic time,analytic,clock,0.19998011246712266,0.19998011246712266,,not_applicable_deterministic,lambda=1;kappa=0.25;rho_inf=1,1.0.0,response_to_clock_rate_0.25,1.0,0.25,1.0,1.0
F1,0.4823178482239304,clock characteristic time,analytic,clock,0.20664517249395264,0.20664517249395264,,not_applicable_deterministic,lambda=1;kappa=0.25;rho_inf=1,1.0.0,response_to_clock_rate_0.25,1.0,0.25,1.0,1.0
F1,0.5011872336272725,clock characteristic time,analytic,clock,0.2134895301719668,0.2134895301719668,,not_applicable_deterministic,lambda=1;kappa=0.25;rho_inf=1,1.0.0,response_to_clock_rate_0.25,1.0,0.25,1.0,1.0
F1,0.5207948328595465,clock characteristic time,analytic,clock,0.2205149069531953,0.2205149069531953,,not_applicable_deterministic,lambda=1;kappa=0.25;rho_inf=1,1.0.0,response_to_clock_rate_0.25,1.0,0.25,1.0,1.0
F1,0.5411695265464638,clock characteristic time,analytic,clock,0.2277227961075753,0.2277227961075753,,not_applicable_deterministic,lambda=1;kappa=0.25;rho_inf=1,1.0.0,response_to_clock_rate_0.25,1.0,0.25,1.0,1.0
F1,0.5623413251903491,clock characteristic time,analytic,clock,0.23511444269379167,0.23511444269379167,,not_applicable_deterministic,lambda=1;kappa=0.25;rho_inf=1,1.0.0,response_to_clock_rate_0.25,1.0,0.25,1.0,1.0
F1,0.5843414133735175,clock characteristic time,analytic,clock,0.24269082295939237,0.24269082295939237,,not_applicable_deterministic,lambda=1;kappa=0.25;rho_inf=1,1.0.0,response_to_clock_rate_0.25,1.0,0.25,1.0,1.0
F1,0.6072021956909883,clock characteristic time,analytic,clock,0.2504526232421074,0.2504526232421074,,not_applicable_deterministic,lambda=1;kappa=0.25;rho_inf=1,1.0.0,response_to_clock_rate_0.25,1.0,0.25,1.0,1.0
F1,0.630957344480193,clock characteristic time,analytic,clock,0.2584002184570767,0.2584002184570767,,not_applicable_deterministic,lambda=1;kappa=0.25;rho_inf=1,1.0.0,response_to_clock_rate_0.25,1.0,0.25,1.0,1.0
F1,0.6556418494179785,clock characteristic time,analytic,clock,0.26653365026831377,0.26653365026831377,,not_applicable_deterministic,lambda=1;kappa=0.25;rho_inf=1,1.0.0,response_to_clock_rate_0.25,1.0,0.25,1.0,1.0
F1,0.6812920690579615,clock characteristic time,analytic,clock,0.2748526050571577,0.2748526050571577,,not_applicable_deterministic,lambda=1;kappa=0.25;rho_inf=1,1.0.0,response_to_clock_rate_0.25,1.0,0.25,1.0,1.0
F1,0.707945784384138,clock characteristic time,analytic,clock,0.2833563918156188,0.2833563918156188,,not_applicable_deterministic,lambda=1;kappa=0.25;rho_inf=1,1.0.0,response_to_clock_rate_0.25,1.0,0.25,1.0,1.0
F1,0.7356422544596414,clock characteristic time,analytic,clock,0.29204392010831304,0.29204392010831304,,not_applicable_deterministic,lambda=1;kappa=0.25;rho_inf=1,1.0.0,response_to_clock_rate_0.25,1.0,0.25,1.0,1.0
F1,0.7644222742526002,clock characteristic time,analytic,clock,0.3009136782629733,0.3009136782629733,,not_applicable_deterministic,lambda=1;kappa=0.25;rho_inf=1,1.0.0,response_to_clock_rate_0.25,1.0,0.25,1.0,1.0
F1,0.7943282347242814,clock characteristic time,analytic,clock,0.30996371196619477,0.30996371196619477,,not_applicable_deterministic,lambda=1;kappa=0.25;rho_inf=1,1.0.0,response_to_clock_rate_0.25,1.0,0.25,1.0,1.0
F1,0.8254041852680182,clock characteristic time,analytic,clock,0.31919160345788833,0.31919160345788833,,not_applicable_deterministic,lambda=1;kappa=0.25;rho_inf=1,1.0.0,response_to_clock_rate_0.25,1.0,0.25,1.0,1.0
F1,0.8576958985908937,clock characteristic time,analytic,clock,0.32859445153471123,0.32859445153471123,,not_applicable_deterministic,lambda=1;kappa=0.25;rho_inf=1,1.0.0,response_to_clock_rate_0.25,1.0,0.25,1.0,1.0
F1,0.8912509381337459,clock characteristic time,analytic,clock,0.33816885258920926,0.33816885258920926,,not_applicable_deterministic,lambda=1;kappa=0.25;rho_inf=1,1.0.0,response_to_clock_rate_0.25,1.0,0.25,1.0,1.0
F1,0.9261187281287937,clock characteristic time,analytic,clock,0.34791088292728034,0.34791088292728034,,not_applicable_deterministic,lambda=1;kappa=0.25;rho_inf=1,1.0.0,response_to_clock_rate_0.25,1.0,0.25,1.0,1.0
F1,0.9623506263980888,clock characteristic time,analytic,clock,0.3578160826215001,0.3578160826215001,,not_applicable_deterministic,lambda=1;kappa=0.25;rho_inf=1,1.0.0,response_to_clock_rate_0.25,1.0,0.25,1.0,1.0
F1,1.0,clock characteristic time,analytic,clock,0.36787944117144233,0.36787944117144233,,not_applicable_deterministic,lambda=1;kappa=0.25;rho_inf=1,1.0.0,response_to_clock_rate_0.25,1.0,0.25,1.0,1.0
F1,1.0391223038351691,clock characteristic time,analytic,clock,0.3780953852540082,0.3780953852540082,,not_applicable_deterministic,lambda=1;kappa=0.25;rho_inf=1,1.0.0,response_to_clock_rate_0.25,1.0,0.25,1.0,1.0
F1,1.0797751623277094,clock characteristic time,analytic,clock,0.3884577688564296,0.3884577688564296,,not_applicable_deterministic,lambda=1;kappa=0.25;rho_inf=1,1.0.0,response_to_clock_rate_0.25,1.0,0.25,1.0,1.0
F1,1.122018454301963,clock characteristic time,analytic,clock,0.39895986609159884,0.39895986609159884,,not_applicable_deterministic,lambda=1;kappa=0.25;rho_inf=1,1.0.0,response_to_clock_rate_0.25,1.0,0.25,1.0,1.0
F1,1.165914401179831,clock characteristic time,analytic,clock,0.4095943669991394,0.4095943669991394,,not_applicable_deterministic,lambda=1;kappa=0.25;rho_inf=1,1.0.0,response_to_clock_rate_0.25,1.0,0.25,1.0,1.0
F1,1.2115276586285888,clock characteristic time,analytic,clock,0.4203533766356461,0.4203533766356461,,not_applicable_deterministic,lambda=1;kappa=0.25;rho_inf=1,1.0.0,response_to_clock_rate_0.25,1.0,0.25,1.0,1.0
F1,1.2589254117941675,clock characteristic time,analytic,clock,0.43122841775322707,0.43122841775322707,,not_applicable_deterministic,lambda=1;kappa=0.25;rho_inf=1,1.0.0,response_to_clock_rate_0.25,1.0,0.25,1.0,1.0
F1,1.3081774742601942,clock characteristic time,analytic,clock,0.4422104373563124,0.4422104373563124,,not_applicable_deterministic,lambda=1;kappa=0.25;rho_inf=1,1.0.0,response_to_clock_rate_0.25,1.0,0.25,1.0,1.0
F1,1.3593563908785256,clock characteristic time,analytic,clock,0.4532898174121037,0.4532898174121037,,not_applicable_deterministic,lambda=1;kappa=0.25;rho_inf=1,1.0.0,response_to_clock_rate_0.25,1.0,0.25,1.0,1.0
F1,1.412537544622754,clock characteristic time,analytic,clock,0.46445638996952343,0.46445638996952343,,not_applicable_deterministic,lambda=1;kappa=0.25;rho_inf=1,1.0.0,response_to_clock_rate_0.25,1.0,0.25,1.0,1.0
F1,1.467799267622069,clock characteristic time,analytic,clock,0.4756994569145738,0.4756994569145738,,not_applicable_deterministic,lambda=1;kappa=0.25;rho_inf=1,1.0.0,response_to_clock_rate_0.25,1.0,0.25,1.0,1.0
F1,1.5252229565390183,clock characteristic time,analytic,clock,0.48700781455627185,0.48700781455627185,,not_applicable_deterministic,lambda=1;kappa=0.25;rho_inf=1,1.0.0,response_to_clock_rate_0.25,1.0,0.25,1.0,1.0
F1,1.584893192461114,clock characteristic time,analytic,clock,0.49836978319642977,0.49836978319642977,,not_applicable_deterministic,lambda=1;kappa=0.25;rho_inf=1,1.0.0,response_to_clock_rate_0.25,1.0,0.25,1.0,1.0
F1,1.6468978654828688,clock characteristic time,analytic,clock,0.5097732417883298,0.5097732417883298,,not_applicable_deterministic,lambda=1;kappa=0.25;rho_inf=1,1.0.0,response_to_clock_rate_0.25,1.0,0.25,1.0,1.0
F1,1.711328304161781,clock characteristic time,analytic,clock,0.5212056677337433,0.5212056677337433,,not_applicable_deterministic,lambda=1;kappa=0.25;rho_inf=1,1.0.0,response_to_clock_rate_0.25,1.0,0.25,1.0,1.0
F1,1.7782794100389228,clock characteristic time,analytic,clock,0.5326541818048476,0.5326541818048476,,not_applicable_deterministic,lambda=1;kappa=0.25;rho_inf=1,1.0.0,response_to_clock_rate_0.25,1.0,0.25,1.0,1.0
F1,1.8478497974222907,clock characteristic time,analytic,clock,0.5441055981077746,0.5441055981077746,,not_applicable_deterministic,lambda=1;kappa=0.25;rho_inf=1,1.0.0,response_to_clock_rate_0.25,1.0,0.25,1.0,1.0
F1,1.920141938638801,clock characteristic time,analytic,clock,0.5555464789282512,0.5555464789282512,,not_applicable_deterministic,lambda=1;kappa=0.25;rho_inf=1,1.0.0,response_to_clock_rate_0.25,1.0,0.25,1.0,1.0
F1,1.9952623149688788,clock characteristic time,analytic,clock,0.5669631942178966,0.5669631942178966,,not_applicable_deterministic,lambda=1;kappa=0.25;rho_inf=1,1.0.0,response_to_clock_rate_0.25,1.0,0.25,1.0,1.0
F1,2.073321573485954,clock characteristic time,analytic,clock,0.5783419853932551,0.5783419853932551,,not_applicable_deterministic,lambda=1;kappa=0.25;rho_inf=1,1.0.0,response_to_clock_rate_0.25,1.0,0.25,1.0,1.0
F1,2.1544346900318843,clock characteristic time,analytic,clock,0.5896690330298868,0.5896690330298868,,not_applicable_deterministic,lambda=1;kappa=0.25;rho_inf=1,1.0.0,response_to_clock_rate_0.25,1.0,0.25,1.0,1.0
F1,2.23872113856834,clock characteristic time,analytic,clock,0.6009305279424364,0.6009305279424364,,not_applicable_deterministic,lambda=1;kappa=0.25;rho_inf=1,1.0.0,response_to_clock_rate_0.25,1.0,0.25,1.0,1.0
F1,2.3263050671536263,clock characteristic time,analytic,clock,0.6121127450504413,0.6121127450504413,,not_applicable_deterministic,lambda=1;kappa=0.25;rho_inf=1,1.0.0,response_to_clock_rate_0.25,1.0,0.25,1.0,1.0
F1,2.4173154808041035,clock characteristic time,analytic,clock,0.6232021193408614,0.6232021193408614,,not_applicable_deterministic,lambda=1;kappa=0.25;rho_inf=1,1.0.0,response_to_clock_rate_0.25,1.0,0.25,1.0,1.0
F1,2.5118864315095797,clock characteristic time,analytic,clock,0.6341853231543388,0.6341853231543388,,not_applicable_deterministic,lambda=1;kappa=0.25;rho_inf=1,1.0.0,response_to_clock_rate_0.25,1.0,0.25,1.0,1.0
F1,2.610157215682536,clock characteristic time,analytic,clock,0.645049343945574,0.645049343945574,,not_applicable_deterministic,lambda=1;kappa=0.25;rho_inf=1,1.0.0,response_to_clock_rate_0.25,1.0,0.25,1.0,1.0
F1,2.712272579332027,clock characteristic time,analytic,clock,0.6557815616016739,0.6557815616016739,,not_applicable_deterministic,lambda=1;kappa=0.25;rho_inf=1,1.0.0,response_to_clock_rate_0.25,1.0,0.25,1.0,1.0
F1,2.818382931264452,clock characteristic time,analytic,clock,0.6663698243486582,0.6663698243486582,,not_applicable_deterministic,lambda=1;kappa=0.25;rho_inf=1,1.0.0,response_to_clock_rate_0.25,1.0,0.25,1.0,1.0
F1,2.9286445646252375,clock characteristic time,analytic,clock,0.6768025222382381,0.6768025222382381,,not_applicable_deterministic,lambda=1;kappa=0.25;rho_inf=1,1.0.0,response_to_clock_rate_0.25,1.0,0.25,1.0,1.0
F1,3.043219887107722,clock characteristic time,analytic,clock,0.6870686571871245,0.6870686571871245,,not_applicable_deterministic,lambda=1;kappa=0.25;rho_inf=1,1.0.0,response_to_clock_rate_0.25,1.0,0.25,1.0,1.0
F1,3.1622776601683795,clock characteristic time,analytic,clock,0.6971579085418442,0.6971579085418442,,not_applicable_deterministic,lambda=1;kappa=0.25;rho_inf=1,1.0.0,response_to_clock_rate_0.25,1.0,0.25,1.0,1.0
F1,3.285993247600654,clock characteristic time,analytic,clock,0.7070606931652865,0.7070606931652865,,not_applicable_deterministic,lambda=1;kappa=0.25;rho_inf=1,1.0.0,response_to_clock_rate_0.25,1.0,0.25,1.0,1.0
F1,3.4145488738336005,clock characteristic time,analytic,clock,0.7167682190885006,0.7167682190885006,,not_applicable_deterministic,lambda=1;kappa=0.25;rho_inf=1,1.0.0,response_to_clock_rate_0.25,1.0,0.25,1.0,1.0
F1,3.5481338923357533,clock characteristic time,analytic,clock,0.7262725318434003,0.7262725318434003,,not_applicable_deterministic,lambda=1;kappa=0.25;rho_inf=1,1.0.0,response_to_clock_rate_0.25,1.0,0.25,1.0,1.0
F1,3.6869450645195734,clock characteristic time,analytic,clock,0.7355665526891383,0.7355665526891383,,not_applicable_deterministic,lambda=1;kappa=0.25;rho_inf=1,1.0.0,response_to_clock_rate_0.25,1.0,0.25,1.0,1.0
F1,3.831186849557289,clock characteristic time,analytic,clock,0.7446441080662156,0.7446441080662156,,not_applicable_deterministic,lambda=1;kappa=0.25;rho_inf=1,1.0.0,response_to_clock_rate_0.25,1.0,0.25,1.0,1.0
F1,3.981071705534973,clock characteristic time,analytic,clock,0.7534999497562151,0.7534999497562151,,not_applicable_deterministic,lambda=1;kappa=0.25;rho_inf=1,1.0.0,response_to_clock_rate_0.25,1.0,0.25,1.0,1.0
F1,4.136820402388507,clock characteristic time,analytic,clock,0.7621297653887517,0.7621297653887517,,not_applicable_deterministic,lambda=1;kappa=0.25;rho_inf=1,1.0.0,response_to_clock_rate_0.25,1.0,0.25,1.0,1.0
F1,4.298662347082277,clock characteristic time,analytic,clock,0.7705301791171976,0.7705301791171976,,not_applicable_deterministic,lambda=1;kappa=0.25;rho_inf=1,1.0.0,response_to_clock_rate_0.25,1.0,0.25,1.0,1.0
F1,4.46683592150963,clock characteristic time,analytic,clock,0.7786987424764674,0.7786987424764674,,not_applicable_deterministic,lambda=1;kappa=0.25;rho_inf=1,1.0.0,response_to_clock_rate_0.25,1.0,0.25,1.0,1.0
F1,4.6415888336127775,clock characteristic time,analytic,clock,0.7866339156342774,0.7866339156342774,,not_applicable_deterministic,lambda=1;kappa=0.25;rho_inf=1,1.0.0,response_to_clock_rate_0.25,1.0,0.25,1.0,1.0
F1,4.823178482239304,clock characteristic time,analytic,clock,0.7943350394458598,0.7943350394458598,,not_applicable_deterministic,lambda=1;kappa=0.25;rho_inf=1,1.0.0,response_to_clock_rate_0.25,1.0,0.25,1.0,1.0
F1,5.011872336272719,clock characteristic time,analytic,clock,0.8018022989146794,0.8018022989146794,,not_applicable_deterministic,lambda=1;kappa=0.25;rho_inf=1,1.0.0,response_to_clock_rate_0.25,1.0,0.25,1.0,1.0
F1,5.207948328595465,clock characteristic time,analytic,clock,0.8090366788416429,0.8090366788416429,,not_applicable_deterministic,lambda=1;kappa=0.25;rho_inf=1,1.0.0,response_to_clock_rate_0.25,1.0,0.25,1.0,1.0
F1,5.411695265464638,clock characteristic time,analytic,clock,0.8160399126061197,0.8160399126061197,,not_applicable_deterministic,lambda=1;kappa=0.25;rho_inf=1,1.0.0,response_to_clock_rate_0.25,1.0,0.25,1.0,1.0
F1,5.62341325190349,clock characteristic time,analytic,clock,0.8228144251577327,0.8228144251577327,,not_applicable_deterministic,lambda=1;kappa=0.25;rho_inf=1,1.0.0,response_to_clock_rate_0.25,1.0,0.25,1.0,1.0
F1,5.843414133735175,clock characteristic time,analytic,clock,0.8293632714030041,0.8293632714030041,,not_applicable_deterministic,lambda=1;kappa=0.25;rho_inf=1,1.0.0,response_to_clock_rate_0.25,1.0,0.25,1.0,1.0
F1,6.072021956909884,clock characteristic time,analytic,clock,0.835690071241349,0.835690071241349,,not_applicable_deterministic,lambda=1;kappa=0.25;rho_inf=1,1.0.0,response_to_clock_rate_0.25,1.0,0.25,1.0,1.0
F1,6.30957344480193,clock characteristic time,analytic,clock,0.8417989425376793,0.8417989425376793,,not_applicable_deterministic,lambda=1;kappa=0.25;rho_inf=1,1.0.0,response_to_clock_rate_0.25,1.0,0.25,1.0,1.0
F1,6.556418494179785,clock characteristic time,analytic,clock,0.8476944333127259,0.8476944333127259,,not_applicable_deterministic,lambda=1;kappa=0.25;rho_inf=1,1.0.0,response_to_clock_rate_0.25,1.0,0.25,1.0,1.0
F1,6.812920690579615,clock characteristic time,analytic,clock,0.8533814543874902,0.8533814543874902,,not_applicable_deterministic,lambda=1;kappa=0.25;rho_inf=1,1.0.0,response_to_clock_rate_0.25,1.0,0.25,1.0,1.0
F1,7.07945784384138,clock characteristic time,analytic,clock,0.8588652136371452,0.8588652136371452,,not_applicable_deterministic,lambda=1;kappa=0.25;rho_inf=1,1.0.0,response_to_clock_rate_0.25,1.0,0.25,1.0,1.0
F1,7.3564225445964135,clock characteristic time,analytic,clock,0.864151152896055,0.864151152896055,,not_applicable_deterministic,lambda=1;kappa=0.25;rho_inf=1,1.0.0,response_to_clock_rate_0.25,1.0,0.25,1.0,1.0
F1,7.644222742526002,clock characteristic time,analytic,clock,0.8692448884147148,0.8692448884147148,,not_applicable_deterministic,lambda=1;kappa=0.25;rho_inf=1,1.0.0,response_to_clock_rate_0.25,1.0,0.25,1.0,1.0
F1,7.943282347242813,clock characteristic time,analytic,clock,0.8741521556079044,0.8741521556079044,,not_applicable_deterministic,lambda=1;kappa=0.25;rho_inf=1,1.0.0,response_to_clock_rate_0.25,1.0,0.25,1.0,1.0
F1,8.254041852680182,clock characteristic time,analytic,clock,0.8788787586586432,0.8788787586586432,,not_applicable_deterministic,lambda=1;kappa=0.25;rho_inf=1,1.0.0,response_to_clock_rate_0.25,1.0,0.25,1.0,1.0
F1,8.576958985908938,clock characteristic time,analytic,clock,0.8834305253624954,0.8834305253624954,,not_applicable_deterministic,lambda=1;kappa=0.25;rho_inf=1,1.0.0,response_to_clock_rate_0.25,1.0,0.25,1.0,1.0
F1,8.91250938133745,clock characteristic time,analytic,clock,0.887813267419244,0.887813267419244,,not_applicable_deterministic,lambda=1;kappa=0.25;rho_inf=1,1.0.0,response_to_clock_rate_0.25,1.0,0.25,1.0,1.0
F1,9.261187281287937,clock characteristic time,analytic,clock,0.8920327462112507,0.8920327462112507,,not_applicable_deterministic,lambda=1;kappa=0.25;rho_inf=1,1.0.0,response_to_clock_rate_0.25,1.0,0.25,1.0,1.0
F1,9.623506263980888,clock characteristic time,analytic,clock,0.8960946439563474,0.8960946439563474,,not_applicable_deterministic,lambda=1;kappa=0.25;rho_inf=1,1.0.0,response_to_clock_rate_0.25,1.0,0.25,1.0,1.0
F1,10.0,clock characteristic time,analytic,clock,0.9000045399929762,0.9000045399929762,,not_applicable_deterministic,lambda=1;kappa=0.25;rho_inf=1,1.0.0,response_to_clock_rate_0.25,1.0,0.25,1.0,1.0
F1,10.39122303835169,clock characteristic time,analytic,clock,0.9037678918500767,0.9037678918500767,,not_applicable_deterministic,lambda=1;kappa=0.25;rho_inf=1,1.0.0,response_to_clock_rate_0.25,1.0,0.25,1.0,1.0
F1,10.797751623277094,clock characteristic time,analytic,clock,0.9073900206758295,0.9073900206758295,,not_applicable_deterministic,lambda=1;kappa=0.25;rho_inf=1,1.0.0,response_to_clock_rate_0.25,1.0,0.25,1.0,1.0
F1,11.220184543019629,clock characteristic time,analytic,clock,0.910876100548047,0.910876100548047,,not_applicable_deterministic,lambda=1;kappa=0.25;rho_inf=1,1.0.0,response_to_clock_rate_0.25,1.0,0.25,1.0,1.0
F1,11.659144011798311,clock characteristic time,analytic,clock,0.9142311511634624,0.9142311511634624,,not_applicable_deterministic,lambda=1;kappa=0.25;rho_inf=1,1.0.0,response_to_clock_rate_0.25,1.0,0.25,1.0,1.0
F1,12.115276586285876,clock characteristic time,analytic,clock,0.9174600334008327,0.9174600334008327,,not_applicable_deterministic,lambda=1;kappa=0.25;rho_inf=1,1.0.0,response_to_clock_rate_0.25,1.0,0.25,1.0,1.0
F1,12.589254117941662,clock characteristic time,analytic,clock,0.9205674472700534,0.9205674472700534,,not_applicable_deterministic,lambda=1;kappa=0.25;rho_inf=1,1.0.0,response_to_clock_rate_0.25,1.0,0.25,1.0,1.0
F1,13.081774742601928,clock characteristic time,analytic,clock,0.9235579317922211,0.9235579317922211,,not_applicable_deterministic,lambda=1;kappa=0.25;rho_inf=1,1.0.0,response_to_clock_rate_0.25,1.0,0.25,1.0,1.0
F1,13.593563908785242,clock characteristic time,analytic,clock,0.926435866399322,0.926435866399322,,not_applicable_deterministic,lambda=1;kappa=0.25;rho_inf=1,1.0.0,response_to_clock_rate_0.25,1.0,0.25,1.0,1.0
F1,14.125375446227554,clock characteristic time,analytic,clock,0.9292054734926704,0.9292054734926704,,not_applicable_deterministic,lambda=1;kappa=0.25;rho_inf=1,1.0.0,response_to_clock_rate_0.25,1.0,0.25,1.0,1.0
F1,14.677992676220706,clock characteristic time,analytic,clock,0.931870821852431,0.931870821852431,,not_applicable_deterministic,lambda=1;kappa=0.25;rho_inf=1,1.0.0,response_to_clock_rate_0.25,1.0,0.25,1.0,1.0
F1,15.252229565390198,clock characteristic time,analytic,clock,0.9344358306432281,0.9344358306432281,,not_applicable_deterministic,lambda=1;kappa=0.25;rho_inf=1,1.0.0,response_to_clock_rate_0.25,1.0,0.25,1.0,1.0
F1,15.848931924611142,clock characteristic time,analytic,clock,0.9369042738103884,0.9369042738103884,,not_applicable_deterministic,lambda=1;kappa=0.25;rho_inf=1,1.0.0,response_to_clock_rate_0.25,1.0,0.25,1.0,1.0
F1,16.46897865482869,clock characteristic time,analytic,clock,0.9392797847060061,0.9392797847060061,,not_applicable_deterministic,lambda=1;kappa=0.25;rho_inf=1,1.0.0,response_to_clock_rate_0.25,1.0,0.25,1.0,1.0
F1,17.11328304161781,clock characteristic time,analytic,clock,0.9415658608226907,0.9415658608226907,,not_applicable_deterministic,lambda=1;kappa=0.25;rho_inf=1,1.0.0,response_to_clock_rate_0.25,1.0,0.25,1.0,1.0
F1,17.78279410038923,clock characteristic time,analytic,clock,0.9437658685451832,0.9437658685451832,,not_applicable_deterministic,lambda=1;kappa=0.25;rho_inf=1,1.0.0,response_to_clock_rate_0.25,1.0,0.25,1.0,1.0
F1,18.478497974222908,clock characteristic time,analytic,clock,0.9458830478561215,0.9458830478561215,,not_applicable_deterministic,lambda=1;kappa=0.25;rho_inf=1,1.0.0,response_to_clock_rate_0.25,1.0,0.25,1.0,1.0
F1,19.20141938638801,clock characteristic time,analytic,clock,0.9479205169526046,0.9479205169526046,,not_applicable_deterministic,lambda=1;kappa=0.25;rho_inf=1,1.0.0,response_to_clock_rate_0.25,1.0,0.25,1.0,1.0
F1,19.952623149688787,clock characteristic time,analytic,clock,0.9498812767455871,0.9498812767455871,,not_applicable_deterministic,lambda=1;kappa=0.25;rho_inf=1,1.0.0,response_to_clock_rate_0.25,1.0,0.25,1.0,1.0
F1,20.73321573485954,clock characteristic time,analytic,clock,0.9517682152253611,0.9517682152253611,,not_applicable_deterministic,lambda=1;kappa=0.25;rho_inf=1,1.0.0,response_to_clock_rate_0.25,1.0,0.25,1.0,1.0
F1,21.54434690031882,clock characteristic time,analytic,clock,0.9535841116842931,0.9535841116842931,,not_applicable_deterministic,lambda=1;kappa=0.25;rho_inf=1,1.0.0,response_to_clock_rate_0.25,1.0,0.25,1.0,1.0
F1,22.38721138568338,clock characteristic time,analytic,clock,0.9553316407933634,0.9553316407933634,,not_applicable_deterministic,lambda=1;kappa=0.25;rho_inf=1,1.0.0,response_to_clock_rate_0.25,1.0,0.25,1.0,1.0
F1,23.263050671536238,clock characteristic time,analytic,clock,0.9570133765325681,0.9570133765325681,,not_applicable_deterministic,lambda=1;kappa=0.25;rho_inf=1,1.0.0,response_to_clock_rate_0.25,1.0,0.25,1.0,1.0
F1,24.173154808041012,clock characteristic time,analytic,clock,0.9586317959774283,0.9586317959774283,,not_applicable_deterministic,lambda=1;kappa=0.25;rho_inf=1,1.0.0,response_to_clock_rate_0.25,1.0,0.25,1.0,1.0
F1,25.11886431509582,clock characteristic time,analytic,clock,0.9601892829451413,0.9601892829451413,,not_applicable_deterministic,lambda=1;kappa=0.25;rho_inf=1,1.0.0,response_to_clock_rate_0.25,1.0,0.25,1.0,1.0
F1,26.101572156825384,clock characteristic time,analytic,clock,0.961688131504604,0.961688131504604,,not_applicable_deterministic,lambda=1;kappa=0.25;rho_inf=1,1.0.0,response_to_clock_rate_0.25,1.0,0.25,1.0,1.0
F1,27.122725793320296,clock characteristic time,analytic,clock,0.9631305493548655,0.9631305493548655,,not_applicable_deterministic,lambda=1;kappa=0.25;rho_inf=1,1.0.0,response_to_clock_rate_0.25,1.0,0.25,1.0,1.0
F1,28.183829312644548,clock characteristic time,analytic,clock,0.9645186610766628,0.9645186610766628,,not_applicable_deterministic,lambda=1;kappa=0.25;rho_inf=1,1.0.0,response_to_clock_rate_0.25,1.0,0.25,1.0,1.0
F1,29.28644564625237,clock characteristic time,analytic,clock,0.9658545112616705,0.9658545112616705,,not_applicable_deterministic,lambda=1;kappa=0.25;rho_inf=1,1.0.0,response_to_clock_rate_0.25,1.0,0.25,1.0,1.0
F1,30.432198871077222,clock characteristic time,analytic,clock,0.9671400675239955,0.9671400675239955,,not_applicable_deterministic,lambda=1;kappa=0.25;rho_inf=1,1.0.0,response_to_clock_rate_0.25,1.0,0.25,1.0,1.0
F1,31.622776601683793,clock characteristic time,analytic,clock,0.9683772233983168,0.9683772233983168,,not_applicable_deterministic,lambda=1;kappa=0.25;rho_inf=1,1.0.0,response_to_clock_rate_0.25,1.0,0.25,1.0,1.0
F1,32.85993247600654,clock characteristic time,analytic,clock,0.9695678011289229,0.9695678011289229,,not_applicable_deterministic,lambda=1;kappa=0.25;rho_inf=1,1.0.0,response_to_clock_rate_0.25,1.0,0.25,1.0,1.0
F1,34.145488738336006,clock characteristic time,analytic,clock,0.9707135543537476,0.9707135543537476,,not_applicable_deterministic,lambda=1;kappa=0.25;rho_inf=1,1.0.0,response_to_clock_rate_0.25,1.0,0.25,1.0,1.0
F1,35.481338923357534,clock characteristic time,analytic,clock,0.9718161706873555,0.9718161706873555,,not_applicable_deterministic,lambda=1;kappa=0.25;rho_inf=1,1.0.0,response_to_clock_rate_0.25,1.0,0.25,1.0,1.0
F1,36.869450645195734,clock characteristic time,analytic,clock,0.9728772742066797,0.9728772742066797,,not_applicable_deterministic,lambda=1;kappa=0.25;rho_inf=1,1.0.0,response_to_clock_rate_0.25,1.0,0.25,1.0,1.0
F1,38.31186849557285,clock characteristic time,analytic,clock,0.9738984278431746,0.9738984278431746,,not_applicable_deterministic,lambda=1;kappa=0.25;rho_inf=1,1.0.0,response_to_clock_rate_0.25,1.0,0.25,1.0,1.0
F1,39.81071705534969,clock characteristic time,analytic,clock,0.9748811356849042,0.9748811356849042,,not_applicable_deterministic,lambda=1;kappa=0.25;rho_inf=1,1.0.0,response_to_clock_rate_0.25,1.0,0.25,1.0,1.0
F1,41.36820402388503,clock characteristic time,analytic,clock,0.975826845191959,0.975826845191959,,not_applicable_deterministic,lambda=1;kappa=0.25;rho_inf=1,1.0.0,response_to_clock_rate_0.25,1.0,0.25,1.0,1.0
F1,42.98662347082272,clock characteristic time,analytic,clock,0.9767369493284637,0.9767369493284637,,not_applicable_deterministic,lambda=1;kappa=0.25;rho_inf=1,1.0.0,response_to_clock_rate_0.25,1.0,0.25,1.0,1.0
F1,44.668359215096345,clock characteristic time,analytic,clock,0.9776127886143167,0.9776127886143167,,not_applicable_deterministic,lambda=1;kappa=0.25;rho_inf=1,1.0.0,response_to_clock_rate_0.25,1.0,0.25,1.0,1.0
F1,46.41588833612782,clock characteristic time,analytic,clock,0.9784556530996812,0.9784556530996812,,not_applicable_deterministic,lambda=1;kappa=0.25;rho_inf=1,1.0.0,response_to_clock_rate_0.25,1.0,0.25,1.0,1.0
F1,48.23178482239309,clock characteristic time,analytic,clock,0.9792667842651405,0.9792667842651405,,not_applicable_deterministic,lambda=1;kappa=0.25;rho_inf=1,1.0.0,response_to_clock_rate_0.25,1.0,0.25,1.0,1.0
F1,50.118723362727245,clock characteristic time,analytic,clock,0.9800473768503112,0.9800473768503112,,not_applicable_deterministic,lambda=1;kappa=0.25;rho_inf=1,1.0.0,response_to_clock_rate_0.25,1.0,0.25,1.0,1.0
F1,52.07948328595465,clock characteristic time,analytic,clock,0.980798580613612,0.980798580613612,,not_applicable_deterministic,lambda=1;kappa=0.25;rho_inf=1,1.0.0,response_to_clock_rate_0.25,1.0,0.25,1.0,1.0
F1,54.116952654646376,clock characteristic time,analytic,clock,0.981521502025777,0.981521502025777,,not_applicable_deterministic,lambda=1;kappa=0.25;rho_inf=1,1.0.0,response_to_clock_rate_0.25,1.0,0.25,1.0,1.0
F1,56.23413251903491,clock characteristic time,analytic,clock,0.9822172058996108,0.9822172058996108,,not_applicable_deterministic,lambda=1;kappa=0.25;rho_inf=1,1.0.0,response_to_clock_rate_0.25,1.0,0.25,1.0,1.0
F1,58.434141337351754,clock characteristic time,analytic,clock,0.9828867169583821,0.9828867169583821,,not_applicable_deterministic,lambda=1;kappa=0.25;rho_inf=1,1.0.0,response_to_clock_rate_0.25,1.0,0.25,1.0,1.0
F1,60.72021956909884,clock characteristic time,analytic,clock,0.9835310213451713,0.9835310213451713,,not_applicable_deterministic,lambda=1;kappa=0.25;rho_inf=1,1.0.0,response_to_clock_rate_0.25,1.0,0.25,1.0,1.0
F1,63.0957344480193,clock characteristic time,analytic,clock,0.9841510680753889,0.9841510680753889,,not_applicable_deterministic,lambda=1;kappa=0.25;rho_inf=1,1.0.0,response_to_clock_rate_0.25,1.0,0.25,1.0,1.0
F1,65.56418494179785,clock characteristic time,analytic,clock,0.9847477704346098,0.9847477704346098,,not_applicable_deterministic,lambda=1;kappa=0.25;rho_inf=1,1.0.0,response_to_clock_rate_0.25,1.0,0.25,1.0,1.0
F1,68.12920690579608,clock characteristic time,analytic,clock,0.9853220073237793,0.9853220073237793,,not_applicable_deterministic,lambda=1;kappa=0.25;rho_inf=1,1.0.0,response_to_clock_rate_0.25,1.0,0.25,1.0,1.0
F1,70.79457843841374,clock characteristic time,analytic,clock,0.9858746245537724,0.9858746245537724,,not_applicable_deterministic,lambda=1;kappa=0.25;rho_inf=1,1.0.0,response_to_clock_rate_0.25,1.0,0.25,1.0,1.0
F1,73.56422544596406,clock characteristic time,analytic,clock,0.9864064360912147,0.9864064360912147,,not_applicable_deterministic,lambda=1;kappa=0.25;rho_inf=1,1.0.0,response_to_clock_rate_0.25,1.0,0.25,1.0,1.0
F1,76.44222742525994,clock characteristic time,analytic,clock,0.986918225257398,0.986918225257398,,not_applicable_deterministic,lambda=1;kappa=0.25;rho_inf=1,1.0.0,response_to_clock_rate_0.25,1.0,0.25,1.0,1.0
F1,79.43282347242821,clock characteristic time,analytic,clock,0.9874107458820583,0.9874107458820583,,not_applicable_deterministic,lambda=1;kappa=0.25;rho_inf=1,1.0.0,response_to_clock_rate_0.25,1.0,0.25,1.0,1.0
F1,82.5404185268019,clock characteristic time,analytic,clock,0.9878847234137141,0.9878847234137141,,not_applicable_deterministic,lambda=1;kappa=0.25;rho_inf=1,1.0.0,response_to_clock_rate_0.25,1.0,0.25,1.0,1.0
F1,85.76958985908946,clock characteristic time,analytic,clock,0.9883408559882016,0.9883408559882016,,not_applicable_deterministic,lambda=1;kappa=0.25;rho_inf=1,1.0.0,response_to_clock_rate_0.25,1.0,0.25,1.0,1.0
F1,89.12509381337459,clock characteristic time,analytic,clock,0.9887798154569803,0.9887798154569803,,not_applicable_deterministic,lambda=1;kappa=0.25;rho_inf=1,1.0.0,response_to_clock_rate_0.25,1.0,0.25,1.0,1.0
F1,92.61187281287937,clock characteristic time,analytic,clock,0.9892022483767229,0.9892022483767229,,not_applicable_deterministic,lambda=1;kappa=0.25;rho_inf=1,1.0.0,response_to_clock_rate_0.25,1.0,0.25,1.0,1.0
F1,96.23506263980887,clock characteristic time,analytic,clock,0.9896087769616483,0.9896087769616483,,not_applicable_deterministic,lambda=1;kappa=0.25;rho_inf=1,1.0.0,response_to_clock_rate_0.25,1.0,0.25,1.0,1.0
F1,100.0,clock characteristic time,analytic,clock,0.99,0.99,,not_applicable_deterministic,lambda=1;kappa=0.25;rho_inf=1,1.0.0,response_to_clock_rate_0.25,1.0,0.25,1.0,1.0
F1,0.001,clock characteristic time,analytic,coupling,0.00012498958398434246,0.00012498958398434246,,not_applicable_deterministic,lambda=1;kappa=0.25;rho_inf=1,1.0.0,response_to_clock_rate_0.25,1.0,0.25,1.0,1.0
F1,0.001039122303835169,clock characteristic time,analytic,coupling,0.00012987904105189803,0.00012987904105189803,,not_applicable_deterministic,lambda=1;kappa=0.25;rho_inf=1,1.0.0,response_to_clock_rate_0.25,1.0,0.25,1.0,1.0
F1,0.0010797751623277093,clock characteristic time,analytic,coupling,0.00013495975116885336,0.00013495975116885336,,not_applicable_deterministic,lambda=1;kappa=0.25;rho_inf=1,1.0.0,response_to_clock_rate_0.25,1.0,0.25,1.0,1.0
F1,0.001122018454301963,clock characteristic time,analytic,coupling,0.00014023919390094173,0.00014023919390094173,,not_applicable_deterministic,lambda=1;kappa=0.25;rho_inf=1,1.0.0,response_to_clock_rate_0.25,1.0,0.25,1.0,1.0
F1,0.0011659144011798323,clock characteristic time,analytic,coupling,0.0001457251412168454,0.0001457251412168454,,not_applicable_deterministic,lambda=1;kappa=0.25;rho_inf=1,1.0.0,response_to_clock_rate_0.25,1.0,0.25,1.0,1.0
F1,0.001211527658628589,clock characteristic time,analytic,coupling,0.0001514256689105331,0.0001514256689105331,,not_applicable_deterministic,lambda=1;kappa=0.25;rho_inf=1,1.0.0,response_to_clock_rate_0.25,1.0,0.25,1.0,1.0
F1,0.0012589254117941675,clock characteristic time,analytic,coupling,0.00015734916846909996,0.00015734916846909996,,not_applicable_deterministic,lambda=1;kappa=0.25;rho_inf=1,1.0.0,response_to_clock_rate_0.25,1.0,0.25,1.0,1.0
F1,0.0013081774742601943,clock characteristic time,analytic,coupling,0.000163504359403428,0.000163504359403428,,not_applicable_deterministic,lambda=1;kappa=0.25;rho_inf=1,1.0.0,response_to_clock_rate_0.25,1.0,0.25,1.0,1.0
F1,0.0013593563908785254,clock characteristic time,analytic,coupling,0.00016990030205965743,0.00016990030205965743,,not_applicable_deterministic,lambda=1;kappa=0.25;rho_inf=1,1.0.0,response_to_clock_rate_0.25,1.0,0.25,1.0,1.0
F1,0.001412537544622754,clock characteristic time,analytic,coupling,0.0001765464109301518,0.0001765464109301518,,not_applicable_deterministic,lambda=1;kappa=0.25;rho_inf=1,1.0.0,response_to_clock_rate_0.25,1.0,0.25,1.0,1.0
F1,0.001467799267622069,clock characteristic time,analytic,coupling,0.00018345246848336087,0.00018345246848336087,,not_applicable_deterministic,lambda=1;kappa=0.25;rho_inf=1,1.0.0,response_to_clock_rate_0.25,1.0,0.25,1.0,1.0
F1,0.0015252229565390183,clock characteristic time,analytic,coupling,0.0001906286395327346,0.0001906286395327346,,not_applicable_deterministic,lambda=1;kappa=0.25;rho_inf=1,1.0.0,response_to_clock_rate_0.25,1.0,0.25,1.0,1.0
F1,0.001584893192461114,clock characteristic time,analytic,coupling,0.00019808548616561587,0.00019808548616561587,,not_applicable_deterministic,lambda=1;kappa=0.25;rho_inf=1,1.0.0,response_to_clock_rate_0.25,1.0,0.25,1.0,1.0
F1,0.0016468978654828688,clock characteristic time,analytic,coupling,0.0002058339832538474,0.0002058339832538474,,not_applicable_deterministic,lambda=1;kappa=0.25;rho_inf=1,1.0.0,response_to_clock_rate_0.25,1.0,0.25,1.0,1.0
F1,0.001711328304161781,clock characteristic time,analytic,coupling,0.00021388553456866633,0.00021388553456866633,,not_applicable_deterministic,lambda=1;kappa=0.25;rho_inf=1,1.0.0,response_to_clock_rate_0.25,1.0,0.25,1.0,1.0
F1,0.0017782794100389228,clock characteristic time,analytic,coupling,0.00022225198952332276,0.00022225198952332276,,not_applicable_deterministic,lambda=1;kappa=0.25;rho_inf=1,1.0.0,response_to_clock_rate_0.25,1.0,0.25,1.0,1.0
F1,0.0018478497974222907,clock characteristic time,analytic,coupling,0.00023094566056776626,0.00023094566056776626,,not_applicable_deterministic,lambda=1;kappa=0.25;rho_inf=1,1.0.0,response_to_clock_rate_0.25,1.0,0.25,1.0,1.0
F1,0.001920141938638801,clock characteristic time,analytic,coupling,0.0002399793412606743,0.0002399793412606743,,not_applicable_deterministic,lambda=1;kappa=0.25;rho_inf=1,1.0.0,response_to_clock_rate_0.25,1.0,0.25,1.0,1.0
F1,0.001995262314968879,clock characteristic time,analytic,coupling,0.0002493663250450691,0.0002493663250450691,,not_applicable_deterministic,lambda=1;kappa=0.25;rho_inf=1,1.0.0,response_to_clock_rate_0.25,1.0,0.25,1.0,1.0
F1,0.002073321573485954,clock characteristic time,analytic,coupling,0.0002591204247547756,0.0002591204247547756,,not_applicable_deterministic,lambda=1;kappa=0.25;rho_inf=1,1.0.0,response_to_clock_rate_0.25,1.0,0.25,1.0,1.0
F1,0.0021544346900318843,clock characteristic time,analytic,coupling,0.0002692559928800175,0.0002692559928800175,,not_applicable_deterministic,lambda=1;kappa=0.25;rho_inf=1,1.0.0,response_to_clock_rate_0.25,1.0,0.25,1.0,1.0
F1,0.00223872113856834,clock characteristic time,analytic,coupling,0.0002797879426215297,0.0002797879426215297,,not_applicable_deterministic,lambda=1;kappa=0.25;rho_inf=1,1.0.0,response_to_clock_rate_0.25,1.0,0.25,1.0,1.0
F1,0.0023263050671536263,clock characteristic time,analytic,coupling,0.0002907317697636971,0.0002907317697636971,,not_applicable_deterministic,lambda=1;kappa=0.25;rho_inf=1,1.0.0,response_to_clock_rate_0.25,1.0,0.25,1.0,1.0
F1,0.0024173154808041037,clock characteristic time,analytic,coupling,0.00030210357539838315,0.00030210357539838315,,not_applicable_deterministic,lambda=1;kappa=0.25;rho_inf=1,1.0.0,response_to_clock_rate_0.25,1.0,0.25,1.0,1.0
F1,0.0025118864315095794,clock characteristic time,analytic,coupling,0.00031392008953233335,0.00031392008953233335,,not_applicable_deterministic,lambda=1;kappa=0.25;rho_inf=1,1.0.0,response_to_clock_rate_0.25,1.0,0.25,1.0,1.0
F1,0.0026101572156825357,clock characteristic time,analytic,coupling,0.0003261986956122859,0.0003261986956122859,,not_applicable_deterministic,lambda=1;kappa=0.25;rho_inf=1,1.0.0,response_to_clock_rate_0.25,1.0,0.25,1.0,1.0
F1,0.0027122725793320298,clock characteristic time,analytic,coupling,0.0003389574560032251,0.0003389574560032251,,not_applicable_deterministic,lambda=1;kappa=0.25;rho_inf=1,1.0.0,response_to_clock_rate_0.25,1.0,0.25,1.0,1.0
F1,0.002818382931264455,clock characteristic time,analytic,coupling,0.00035221513845656014,0.00035221513845656014,,not_applicable_deterministic,lambda=1;kappa=0.25;rho_inf=1,1.0.0,response_to_clock_rate_0.25,1.0,0.25,1.0,1.0
F1,0.0029286445646252374,clock characteristic time,analytic,coupling,0.00036599124360641767,0.00036599124360641767,,not_applicable_deterministic,lambda=1;kappa=0.25;rho_inf=1,1.0.0,response_to_clock_rate_0.25,1.0,0.25,1.0,1.0
F1,0.003043219887107722,clock characteristic time,analytic,coupling,0.0003803060335336741,0.0003803060335336741,,not_applicable_deterministic,lambda=1;kappa=0.25;rho_inf=1,1.0.0,response_to_clock_rate_0.25,1.0,0.25,1.0,1.0
F1,0.0031622776601683794,clock characteristic time,analytic,coupling,0.00039518056143887116,0.00039518056143887116,,not_applicable_deterministic,lambda=1;kappa=0.25;rho_inf=1,1.0.0,response_to_clock_rate_0.25,1.0,0.25,1.0,1.0
F1,0.003285993247600654,clock characteristic time,analytic,coupling,0.0004106367024667079,0.0004106367024667079,,not_applicable_deterministic,lambda=1;kappa=0.25;rho_inf=1,1.0.0,response_to_clock_rate_0.25,1.0,0.25,1.0,1.0
F1,0.003414548873833601,clock characteristic time,analytic,coupling,0.00042669718572642173,0.00042669718572642173,,not_applicable_deterministic,lambda=1;kappa=0.25;rho_inf=1,1.0.0,response_to_clock_rate_0.25,1.0,0.25,1.0,1.0
F1,0.0035481338923357532,clock characteristic time,analytic,coupling,0.00044338562755404527,0.00044338562755404527,,not_applicable_deterministic,lambda=1;kappa=0.25;rho_inf=1,1.0.0,response_to_clock_rate_0.25,1.0,0.25,1.0,1.0
F1,0.0036869450645195733,clock characteristic time,analytic,coupling,0.00046072656606425976,0.00046072656606425976,,not_applicable_deterministic,lambda=1;kappa=0.25;rho_inf=1,1.0.0,response_to_clock_rate_0.25,1.0,0.25,1.0,1.0
F1,0.003831186849557289,clock characteristic time,analytic,coupling,0.0004787454970413685,0.0004787454970413685,,not_applicable_deterministic,lambda=1;kappa=0.25;rho_inf=1,1.0.0,response_to_clock_rate_0.25,1.0,0.25,1.0,1.0
F1,0.003981071705534973,clock characteristic time,analytic,coupling,0.0004974689112207671,0.0004974689112207671,,not_applicable_deterministic,lambda=1;kappa=0.25;rho_inf=1,1.0.0,response_to_clock_rate_0.25,1.0,0.25,1.0,1.0
F1,0.004136820402388507,clock characteristic time,analytic,coupling,0.0005169243330143125,0.0005169243330143125,,not_applicable_deterministic,lambda=1;kappa=0.25;rho_inf=1,1.0.0,response_to_clock_rate_0.25,1.0,0.25,1.0,1.0
F1,0.004298662347082277,clock characteristic time,analytic,coupling,0.0005371403607344893,0.0005371403607344893,,not_applicable_deterministic,lambda=1;kappa=0.25;rho_inf=1,1.0.0,response_to_clock_rate_0.25,1.0,0.25,1.0,1.0
F1,0.0044668359215096305,clock characteristic time,analytic,coupling,0.0005581467083752845,0.0005581467083752845,,not_applicable_deterministic,lambda=1;kappa=0.25;rho_inf=1,1.0.0,response_to_clock_rate_0.25,1.0,0.25,1.0,1.0
F1,0.004641588833612777,clock characteristic time,analytic,coupling,0.000579974249010462,0.000579974249010462,,not_applicable_deterministic,lambda=1;kappa=0.25;rho_inf=1,1.0.0,response_to_clock_rate_0.25,1.0,0.25,1.0,1.0
F1,0.004823178482239309,clock characteristic time,analytic,coupling,0.0006026550598658975,0.0006026550598658975,,not_applicable_deterministic,lambda=1;kappa=0.25;rho_inf=1,1.0.0,response_to_clock_rate_0.25,1.0,0.25,1.0,1.0
F1,0.005011872336272725,clock characteristic time,analytic,coupling,0.0006262224691381268,0.0006262224691381268,,not_applicable_deterministic,lambda=1;kappa=0.25;rho_inf=1,1.0.0,response_to_clock_rate_0.25,1.0,0.25,1.0,1.0
F1,0.005207948328595465,clock characteristic time,analytic,coupling,0.0006507111046188951,0.0006507111046188951,,not_applicable_deterministic,lambda=1;kappa=0.25;rho_inf=1,1.0.0,response_to_clock_rate_0.25,1.0,0.25,1.0,1.0
F1,0.0054116952654646375,clock characteristic time,analytic,coupling,0.0006761569441960935,0.0006761569441960935,,not_applicable_deterministic,lambda=1;kappa=0.25;rho_inf=1,1.0.0,response_to_clock_rate_0.25,1.0,0.25,1.0,1.0
F1,0.005623413251903491,clock characteristic time,analytic,coupling,0.0007025973683059128,0.0007025973683059128,,not_applicable_deterministic,lambda=1;kappa=0.25;rho_inf=1,1.0.0,response_to_clock_rate_0.25,1.0,0.25,1.0,1.0
F1,0.005843414133735175,clock characteristic time,analytic,coupling,0.0007300712144043819,0.0007300712144043819,,not_applicable_deterministic,lambda=1;kappa=0.25;rho_inf=1,1.0.0,response_to_clock_rate_0.25,1.0,0.25,1.0,1.0
F1,0.006072021956909884,clock characteristic time,analytic,coupling,0.0007586188335420019,0.0007586188335420019,,not_applicable_deterministic,lambda=1;kappa=0.25;rho_inf=1,1.0.0,response_to_clock_rate_0.25,1.0,0.25,1.0,1.0
F1,0.006309573444801929,clock characteristic time,analytic,coupling,0.0007882821491136394,0.0007882821491136394,,not_applicable_deterministic,lambda=1;kappa=0.25;rho_inf=1,1.0.0,response_to_clock_rate_0.25,1.0,0.25,1.0,1.0
F1,0.006556418494179785,clock characteristic time,analytic,coupling,0.0008191047178730537,0.0008191047178730537,,not_applicable_deterministic,lambda=1;kappa=0.25;rho_inf=1,1.0.0,response_to_clock_rate_0.25,1.0,0.25,1.0,1.0
F1,0.006812920690579615,clock characteristic time,analytic,coupling,0.0008511317932928808,0.0008511317932928808,,not_applicable_deterministic,lambda=1;kappa=0.25;rho_inf=1,1.0.0,response_to_clock_rate_0.25,1.0,0.25,1.0,1.0
F1,0.00707945784384138,clock characteristic time,analytic,coupling,0.0008844103913616674,0.0008844103913616674,,not_applicable_deterministic,lambda=1;kappa=0.25;rho_inf=1,1.0.0,response_to_clock_rate_0.25,1.0,0.25,1.0,1.0
F1,0.007356422544596414,clock characteristic time,analytic,coupling,0.0009189893589067744,0.0009189893589067744,,not_applicable_deterministic,lambda=1;kappa=0.25;rho_inf=1,1.0.0,response_to_clock_rate_0.25,1.0,0.25,1.0,1.0
F1,0.007644222742526002,clock characteristic time,analytic,coupling,0.0009549194445419573,0.0009549194445419573,,not_applicable_deterministic,lambda=1;kappa=0.25;rho_inf=1,1.0.0,response_to_clock_rate_0.25,1.0,0.25,1.0,1.0
F1,0.007943282347242814,clock characteristic time,analytic,coupling,0.0009922533723357718,0.0009922533723357718,,not_applicable_deterministic,lambda=1;kappa=0.25;rho_inf=1,1.0.0,response_to_clock_rate_0.25,1.0,0.25,1.0,1.0
F1,0.008254041852680182,clock characteristic time,analytic,coupling,0.001031045918302942,0.001031045918302942,,not_applicable_deterministic,lambda=1;kappa=0.25;rho_inf=1,1.0.0,response_to_clock_rate_0.25,1.0,0.25,1.0,1.0
F1,0.008576958985908946,clock characteristic time,analytic,coupling,0.0010713539898270508,0.0010713539898270508,,not_applicable_deterministic,lambda=1;kappa=0.25;rho_inf=1,1.0.0,response_to_clock_rate_0.25,1.0,0.25,1.0,1.0
F1,0.008912509381337459,clock characteristic time,analytic,coupling,0.0011132367081195804,0.0011132367081195804,,not_applicable_deterministic,lambda=1;kappa=0.25;rho_inf=1,1.0.0,response_to_clock_rate_0.25,1.0,0.25,1.0,1.0
F1,0.009261187281287938,clock characteristic time,analytic,coupling,0.0011567554938347602,0.0011567554938347602,,not_applicable_deterministic,lambda=1;kappa=0.25;rho_inf=1,1.0.0,response_to_clock_rate_0.25,1.0,0.25,1.0,1.0
F1,0.009623506263980888,clock characteristic time,analytic,coupling,0.0012019741559514685,0.0012019741559514685,,not_applicable_deterministic,lambda=1;kappa=0.25;rho_inf=1,1.0.0,response_to_clock_rate_0.25,1.0,0.25,1.0,1.0
F1,0.01,clock characteristic time,analytic,coupling,0.0012489589840496418,0.0012489589840496418,,not_applicable_deterministic,lambda=1;kappa=0.25;rho_inf=1,1.0.0,response_to_clock_rate_0.25,1.0,0.25,1.0,1.0
F1,0.01039122303835169,clock characteristic time,analytic,coupling,0.001297778844101316,0.001297778844101316,,not_applicable_deterministic,lambda=1;kappa=0.25;rho_inf=1,1.0.0,response_to_clock_rate_0.25,1.0,0.25,1.0,1.0
F1,0.010797751623277093,clock characteristic time,analytic,coupling,0.0013485052779124151,0.0013485052779124151,,not_applicable_deterministic,lambda=1;kappa=0.25;rho_inf=1,1.0.0,response_to_clock_rate_0.25,1.0,0.25,1.0,1.0
F1,0.011220184543019636,clock characteristic time,analytic,coupling,0.0014012126063452923,0.0014012126063452923,,not_applicable_deterministic,lambda=1;kappa=0.25;rho_inf=1,1.0.0,response_to_clock_rate_0.25,1.0,0.25,1.0,1.0
F1,0.011659144011798317,clock characteristic time,analytic,coupling,0.001455978036464578,0.001455978036464578,,not_applicable_deterministic,lambda=1;kappa=0.25;rho_inf=1,1.0.0,response_to_clock_rate_0.25,1.0,0.25,1.0,1.0
F1,0.012115276586285882,clock characteristic time,analytic,coupling,0.0015128817727483312,0.0015128817727483312,,not_applicable_deterministic,lambda=1;kappa=0.25;rho_inf=1,1.0.0,response_to_clock_rate_0.25,1.0,0.25,1.0,1.0
F1,0.012589254117941675,clock characteristic time,analytic,coupling,0.001572007132515485,0.001572007132515485,,not_applicable_deterministic,lambda=1;kappa=0.25;rho_inf=1,1.0.0,response_to_clock_rate_0.25,1.0,0.25,1.0,1.0
F1,0.013081774742601943,clock characteristic time,analytic,coupling,0.0016334406657230183,0.0016334406657230183,,not_applicable_deterministic,lambda=1;kappa=0.25;rho_inf=1,1.0.0,response_to_clock_rate_0.25,1.0,0.25,1.0,1.0
F1,0.013593563908785255,clock characteristic time,analytic,coupling,0.0016972722792909511,0.0016972722792909511,,not_applicable_deterministic,lambda=1;kappa=0.25;rho_inf=1,1.0.0,response_to_clock_rate_0.25,1.0,0.25,1.0,1.0
F1,0.01412537544622754,clock characteristic time,analytic,coupling,0.0017635953661232495,0.0017635953661232495,,not_applicable_deterministic,lambda=1;kappa=0.25;rho_inf=1,1.0.0,response_to_clock_rate_0.25,1.0,0.25,1.0,1.0
F1,0.014677992676220698,clock characteristic time,analytic,coupling,0.0018325069389899529,0.0018325069389899529,,not_applicable_deterministic,lambda=1;kappa=0.25;rho_inf=1,1.0.0,response_to_clock_rate_0.25,1.0,0.25,1.0,1.0
F1,0.01525222956539019,clock characteristic time,analytic,coupling,0.0019041077694512687,0.0019041077694512687,,not_applicable_deterministic,lambda=1;kappa=0.25;rho_inf=1,1.0.0,response_to_clock_rate_0.25,1.0,0.25,1.0,1.0
F1,0.015848931924611134,clock characteristic time,analytic,coupling,0.0019785025320011584,0.0019785025320011584,,not_applicable_deterministic,lambda=1;kappa=0.25;rho_inf=1,1.0.0,response_to_clock_rate_0.25,1.0,0.25,1.0,1.0
F1,0.01646897865482868,clock characteristic time,analytic,coupling,0.002055799953620041,0.002055799953620041,,not_applicable_deterministic,lambda=1;kappa=0.25;rho_inf=1,1.0.0,response_to_clock_rate_0.25,1.0,0.25,1.0,1.0
F1,0.01711328304161781,clock characteristic time,analytic,coupling,0.00213611296892835,0.00213611296892835,,not_applicable_deterministic,lambda=1;kappa=0.25;rho_inf=1,1.0.0,response_to_clock_rate_0.25,1.0,0.25,1.0,1.0
F1,0.01778279410038923,clock characteristic time,analytic,coupling,0.0022195588811428912,0.0022195588811428912,,not_applicable_deterministic,lambda=1;kappa=0.25;rho_inf=1,1.0.0,response_to_clock_rate_0.25,1.0,0.25,1.0,1.0
F1,0.018478497974222907,clock characteristic time,analytic,coupling,0.00230625952903718,0.00230625952903718,,not_applicable_deterministic,lambda=1;kappa=0.25;rho_inf=1,1.0.0,response_to_clock_rate_0.25,1.0,0.25,1.0,1.0
F1,0.01920141938638801,clock characteristic time,analytic,coupling,0.0023963414601234634,0.0023963414601234634,,not_applicable_deterministic,lambda=1;kappa=0.25;rho_inf=1,1.0.0,response_to_clock_rate_0.25,1.0,0.25,1.0,1.0
F1,0.0199526231496888,clock characteristic time,analytic,coupling,0.0024899361102708184,0.0024899361102708184,,not_applicable_deterministic,lambda=1;kappa=0.25;rho_inf=1,1.0.0,response_to_clock_rate_0.25,1.0,0.25,1.0,1.0
F1,0.02073321573485955,clock characteristic time,analytic,coupling,0.0025871799899842562,0.0025871799899842562,,not_applicable_deterministic,lambda=1;kappa=0.25;rho_inf=1,1.0.0,response_to_clock_rate_0.25,1.0,0.25,1.0,1.0
F1,0.021544346900318832,clock characteristic time,analytic,coupling,0.0026882148775814185,0.0026882148775814185,,not_applicable_deterministic,lambda=1;kappa=0.25;rho_inf=1,1.0.0,response_to_clock_rate_0.25,1.0,0.25,1.0,1.0
F1,0.0223872113856834,clock characteristic time,analytic,coupling,0.0027931880194986825,0.0027931880194986825,,not_applicable_deterministic,lambda=1;kappa=0.25;rho_inf=1,1.0.0,response_to_clock_rate_0.25,1.0,0.25,1.0,1.0
F1,0.02326305067153626,clock characteristic time,analytic,coupling,0.0029022523379785836,0.0029022523379785836,,not_applicable_deterministic,lambda=1;kappa=0.25;rho_inf=1,1.0.0,response_to_clock_rate_0.25,1.0,0.25,1.0,1.0
F1,0.024173154808041036,clock characteristic time,analytic,coupling,0.0030155666463865805,0.0030155666463865805,,not_applicable_deterministic,lambda=1;kappa=0.25;rho_inf=1,1.0.0,response_to_clock_rate_0.25,1.0,0.25,1.0,1.0
F1,0.025118864315095794,clock characteristic time,analytic,coupling,0.0031332958724180626,0.0031332958724180626,,not_applicable_deterministic,lambda=1;kappa=0.25;rho_inf=1,1.0.0,response_to_clock_rate_0.25,1.0,0.25,1.0,1.0
F1,0.026101572156825372,clock characteristic time,analytic,coupling,0.0032556112894641664,0.0032556112894641664,,not_applicable_deterministic,lambda=1;kappa=0.25;rho_inf=1,1.0.0,response_to_clock_rate_0.25,1.0,0.25,1.0,1.0
F1,0.02712272579332028,clock characteristic time,analytic,coupling,0.0033826907564071806,0.0033826907564071806,,not_applicable_deterministic,lambda=1;kappa=0.25;rho_inf=1,1.0.0,response_to_clock_rate_0.25,1.0,0.25,1.0,1.0
F1,0.028183829312644536,clock characteristic time,analytic,coupling,0.003514718966128094,0.003514718966128094,,not_applicable_deterministic,lambda=1;kappa=0.25;rho_inf=1,1.0.0,response_to_clock_rate_0.25,1.0,0.25,1.0,1.0
F1,0.02928644564625236,clock characteristic time,analytic,coupling,0.0036518877030143893,0.0036518877030143893,,not_applicable_deterministic,lambda=1;kappa=0.25;rho_inf=1,1.0.0,response_to_clock_rate_0.25,1.0,0.25,1.0,1.0
F1,0.03043219887107722,clock characteristic time,analytic,coupling,0.003794396109762732,0.003794396109762732,,not_applicable_deterministic,lambda=1;kappa=0.25;rho_inf=1,1.0.0,response_to_clock_rate_0.25,1.0,0.25,1.0,1.0
F1,0.03162277660168379,clock characteristic time,analytic,coupling,0.0039424509637798755,0.0039424509637798755,,not_applicable_deterministic,lambda=1;kappa=0.25;rho_inf=1,1.0.0,response_to_clock_rate_0.25,1.0,0.25,1.0,1.0
F1,0.03285993247600654,clock characteristic time,analytic,coupling,0.004096266963488859,0.004096266963488859,,not_applicable_deterministic,lambda=1;kappa=0.25;rho_inf=1,1.0.0,response_to_clock_rate_0.25,1.0,0.25,1.0,1.0
F1,0.034145488738336005,clock characteristic time,analytic,coupling,0.004256067024861698,0.004256067024861698,,not_applicable_deterministic,lambda=1;kappa=0.25;rho_inf=1,1.0.0,response_to_clock_rate_0.25,1.0,0.25,1.0,1.0
F1,0.03548133892335755,clock characteristic time,analytic,coupling,0.004422082588494414,0.004422082588494414,,not_applicable_deterministic,lambda=1;kappa=0.25;rho_inf=1,1.0.0,response_to_clock_rate_0.25,1.0,0.25,1.0,1.0
F1,0.03686945064519575,clock characteristic time,analytic,coupling,0.004594553937562584,0.004594553937562584,,not_applicable_deterministic,lambda=1;kappa=0.25;rho_inf=1,1.0.0,response_to_clock_rate_0.25,1.0,0.25,1.0,1.0
F1,0.03831186849557287,clock characteristic time,analytic,coupling,0.004773730526986042,0.004773730526986042,,not_applicable_deterministic,lambda=1;kappa=0.25;rho_inf=1,1.0.0,response_to_clock_rate_0.25,1.0,0.25,1.0,1.0
F1,0.039810717055349734,clock characteristic time,analytic,coupling,0.004959871324150877,0.004959871324150877,,not_applicable_deterministic,lambda=1;kappa=0.25;rho_inf=1,1.0.0,response_to_clock_rate_0.25,1.0,0.25,1.0,1.0
F1,0.04136820402388507,clock characteristic time,analytic,coupling,0.005153245161534925,0.005153245161534925,,not_applicable_deterministic,lambda=1;kappa=0.25;rho_inf=1,1.0.0,response_to_clock_rate_0.25,1.0,0.25,1.0,1.0
F1,0.042986623470822764,clock characteristic time,analytic,coupling,0.005354131101588888,0.005354131101588888,,not_applicable_deterministic,lambda=1;kappa=0.25;rho_inf=1,1.0.0,response_to_clock_rate_0.25,1.0,0.25,1.0,1.0
F1,0.0446683592150963,clock characteristic time,analytic,coupling,0.005562818814237702,0.005562818814237702,,not_applicable_deterministic,lambda=1;kappa=0.25;rho_inf=1,1.0.0,response_to_clock_rate_0.25,1.0,0.25,1.0,1.0
F1,0.046415888336127795,clock characteristic time,analytic,coupling,0.0057796089673597395,0.0057796089673597395,,not_applicable_deterministic,lambda=1;kappa=0.25;rho_inf=1,1.0.0,response_to_clock_rate_0.25,1.0,0.25,1.0,1.0
F1,0.04823178482239307,clock characteristic time,analytic,coupling,0.006004813630617445,0.006004813630617445,,not_applicable_deterministic,lambda=1;kappa=0.25;rho_inf=1,1.0.0,response_to_clock_rate_0.25,1.0,0.25,1.0,1.0
F1,0.05011872336272722,clock characteristic time,analytic,coupling,0.006238756693007552,0.006238756693007552,,not_applicable_deterministic,lambda=1;kappa=0.25;rho_inf=1,1.0.0,response_to_clock_rate_0.25,1.0,0.25,1.0,1.0
F1,0.052079483285954624,clock characteristic time,analytic,coupling,0.006481774294507803,0.006481774294507803,,not_applicable_deterministic,lambda=1;kappa=0.25;rho_inf=1,1.0.0,response_to_clock_rate_0.25,1.0,0.25,1.0,1.0
F1,0.054116952654646375,clock characteristic time,analytic,coupling,0.006734215272196975,0.006734215272196975,,not_applicable_deterministic,lambda=1;kappa=0.25;rho_inf=1,1.0.0,response_to_clock_rate_0.25,1.0,0.25,1.0,1.0
F1,0.056234132519034905,clock characteristic time,analytic,coupling,0.006996441621225369,0.006996441621225369,,not_applicable_deterministic,lambda=1;kappa=0.25;rho_inf=1,1.0.0,response_to_clock_rate_0.25,1.0,0.25,1.0,1.0
F1,0.05843414133735175,clock characteristic time,analytic,coupling,0.007268828971016217,0.007268828971016217,,not_applicable_deterministic,lambda=1;kappa=0.25;rho_inf=1,1.0.0,response_to_clock_rate_0.25,1.0,0.25,1.0,1.0
F1,0.060720219569098836,clock characteristic time,analytic,coupling,0.007551767077074278,0.007551767077074278,,not_applicable_deterministic,lambda=1;kappa=0.25;rho_inf=1,1.0.0,response_to_clock_rate_0.25,1.0,0.25,1.0,1.0
F1,0.06309573444801933,clock characteristic time,analytic,coupling,0.00784566032878009,0.00784566032878009,,not_applicable_deterministic,lambda=1;kappa=0.25;rho_inf=1,1.0.0,response_to_clock_rate_0.25,1.0,0.25,1.0,1.0
F1,0.06556418494179789,clock characteristic time,analytic,coupling,0.00815092827354058,0.00815092827354058,,not_applicable_deterministic,lambda=1;kappa=0.25;rho_inf=1,1.0.0,response_to_clock_rate_0.25,1.0,0.25,1.0,1.0
F1,0.06812920690579612,clock characteristic time,analytic,coupling,0.00846800615766552,0.00846800615766552,,not_applicable_deterministic,lambda=1;kappa=0.25;rho_inf=1,1.0.0,response_to_clock_rate_0.25,1.0,0.25,1.0,1.0
F1,0.07079457843841377,clock characteristic time,analytic,coupling,0.00879734548433364,0.00879734548433364,,not_applicable_deterministic,lambda=1;kappa=0.25;rho_inf=1,1.0.0,response_to_clock_rate_0.25,1.0,0.25,1.0,1.0
F1,0.07356422544596414,clock characteristic time,analytic,coupling,0.00913941458899914,0.00913941458899914,,not_applicable_deterministic,lambda=1;kappa=0.25;rho_inf=1,1.0.0,response_to_clock_rate_0.25,1.0,0.25,1.0,1.0
F1,0.07644222742526002,clock characteristic time,analytic,coupling,0.009494699232585169,0.009494699232585169,,not_applicable_deterministic,lambda=1;kappa=0.25;rho_inf=1,1.0.0,response_to_clock_rate_0.25,1.0,0.25,1.0,1.0
F1,0.07943282347242814,clock characteristic time,analytic,coupling,0.009863703212797281,0.009863703212797281,,not_applicable_deterministic,lambda=1;kappa=0.25;rho_inf=1,1.0.0,response_to_clock_rate_0.25,1.0,0.25,1.0,1.0
F1,0.08254041852680186,clock characteristic time,analytic,coupling,0.010246948993870797,0.010246948993870797,,not_applicable_deterministic,lambda=1;kappa=0.25;rho_inf=1,1.0.0,response_to_clock_rate_0.25,1.0,0.25,1.0,1.0
F1,0.08576958985908942,clock characteristic time,analytic,coupling,0.010644978355057955,0.010644978355057955,,not_applicable_deterministic,lambda=1;kappa=0.25;rho_inf=1,1.0.0,response_to_clock_rate_0.25,1.0,0.25,1.0,1.0
F1,0.08912509381337455,clock characteristic time,analytic,coupling,0.011058353058130077,0.011058353058130077,,not_applicable_deterministic,lambda=1;kappa=0.25;rho_inf=1,1.0.0,response_to_clock_rate_0.25,1.0,0.25,1.0,1.0
F1,0.09261187281287933,clock characteristic time,analytic,coupling,0.011487655534159091,0.011487655534159091,,not_applicable_deterministic,lambda=1;kappa=0.25;rho_inf=1,1.0.0,response_to_clock_rate_0.25,1.0,0.25,1.0,1.0
F1,0.09623506263980887,clock characteristic time,analytic,coupling,0.01193348958980367,0.01193348958980367,,not_applicable_deterministic,lambda=1;kappa=0.25;rho_inf=1,1.0.0,response_to_clock_rate_0.25,1.0,0.25,1.0,1.0
F1,0.1,clock characteristic time,analytic,coupling,0.012396481133306714,0.012396481133306714,,not_applicable_deterministic,lambda=1;kappa=0.25;rho_inf=1,1.0.0,response_to_clock_rate_0.25,1.0,0.25,1.0,1.0
F1,0.10391223038351691,clock characteristic time,analytic,coupling,0.01287727892037227,0.01287727892037227,,not_applicable_deterministic,lambda=1;kappa=0.25;rho_inf=1,1.0.0,response_to_clock_rate_0.25,1.0,0.25,1.0,1.0
F1,0.10797751623277094,clock characteristic time,analytic,coupling,0.013376555320048666,0.013376555320048666,,not_applicable_deterministic,lambda=1;kappa=0.25;rho_inf=1,1.0.0,response_to_clock_rate_0.25,1.0,0.25,1.0,1.0
F1,0.1122018454301963,clock characteristic time,analytic,coupling,0.0138950071007089,0.0138950071007089,,not_applicable_deterministic,lambda=1;kappa=0.25;rho_inf=1,1.0.0,response_to_clock_rate_0.25,1.0,0.25,1.0,1.0
F1,0.11659144011798311,clock characteristic time,analytic,coupling,0.014433356236167594,0.014433356236167594,,not_applicable_deterministic,lambda=1;kappa=0.25;rho_inf=1,1.0.0,response_to_clock_rate_0.25,1.0,0.25,1.0,1.0
F1,0.12115276586285889,clock characteristic time,analytic,coupling,0.014992350731920512,0.014992350731920512,,not_applicable_deterministic,lambda=1;kappa=0.25;rho_inf=1,1.0.0,response_to_clock_rate_0.25,1.0,0.25,1.0,1.0
F1,0.12589254117941676,clock characteristic time,analytic,coupling,0.015572765471434158,0.015572765471434158,,not_applicable_deterministic,lambda=1;kappa=0.25;rho_inf=1,1.0.0,response_to_clock_rate_0.25,1.0,0.25,1.0,1.0
F1,0.13081774742601943,clock characteristic time,analytic,coupling,0.016175403082350548,0.016175403082350548,,not_applicable_deterministic,lambda=1;kappa=0.25;rho_inf=1,1.0.0,response_to_clock_rate_0.25,1.0,0.25,1.0,1.0
F1,0.13593563908785256,clock characteristic time,analytic,coupling,0.016801094822395557,0.016801094822395557,,not_applicable_deterministic,lambda=1;kappa=0.25;rho_inf=1,1.0.0,response_to_clock_rate_0.25,1.0,0.25,1.0,1.0
F1,0.1412537544622754,clock characteristic time,analytic,coupling,0.017450701484700848,0.017450701484700848,,not_applicable_deterministic,lambda=1;kappa=0.25;rho_inf=1,1.0.0,response_to_clock_rate_0.25,1.0,0.25,1.0,1.0
F1,0.1467799267622069,clock characteristic time,analytic,coupling,0.0181251143221679,0.0181251143221679,,not_applicable_deterministic,lambda=1;kappa=0.25;rho_inf=1,1.0.0,response_to_clock_rate_0.25,1.0,0.25,1.0,1.0
F1,0.15252229565390182,clock characteristic time,analytic,coupling,0.01882525599039564,0.01882525599039564,,not_applicable_deterministic,lambda=1;kappa=0.25;rho_inf=1,1.0.0,response_to_clock_rate_0.25,1.0,0.25,1.0,1.0
F1,0.1584893192461114,clock characteristic time,analytic,coupling,0.019552081508600216,0.019552081508600216,,not_applicable_deterministic,lambda=1;kappa=0.25;rho_inf=1,1.0.0,response_to_clock_rate_0.25,1.0,0.25,1.0,1.0
F1,0.1646897865482869,clock characteristic time,analytic,coupling,0.020306579237832967,0.020306579237832967,,not_applicable_deterministic,lambda=1;kappa=0.25;rho_inf=1,1.0.0,response_to_clock_rate_0.25,1.0,0.25,1.0,1.0
F1,0.1711328304161781,clock characteristic time,analytic,coupling,0.021089771875677066,0.021089771875677066,,not_applicable_deterministic,lambda=1;kappa=0.25;rho_inf=1,1.0.0,response_to_clock_rate_0.25,1.0,0.25,1.0,1.0
F1,0.1778279410038923,clock characteristic time,analytic,coupling,0.021902717466475985,0.021902717466475985,,not_applicable_deterministic,lambda=1;kappa=0.25;rho_inf=1,1.0.0,response_to_clock_rate_0.25,1.0,0.25,1.0,1.0
F1,0.18478497974222907,clock characteristic time,analytic,coupling,0.02274651042598619,0.02274651042598619,,not_applicable_deterministic,lambda=1;kappa=0.25;rho_inf=1,1.0.0,response_to_clock_rate_0.25,1.0,0.25,1.0,1.0
F1,0.1920141938638801,clock characteristic time,analytic,coupling,0.023622282579194076,0.023622282579194076,,not_applicable_deterministic,lambda=1;kappa=0.25;rho_inf=1,1.0.0,response_to_clock_rate_0.25,1.0,0.25,1.0,1.0
F1,0.19952623149688786,clock characteristic time,analytic,coupling,0.024531204209861324,0.024531204209861324,,not_applicable_deterministic,lambda=1;kappa=0.25;rho_inf=1,1.0.0,response_to_clock_rate_0.25,1.0,0.25,1.0,1.0
F1,0.2073321573485954,clock characteristic time,analytic,coupling,0.025474485120169477,0.025474485120169477,,not_applicable_deterministic,lambda=1;kappa=0.25;rho_inf=1,1.0.0,response_to_clock_rate_0.25,1.0,0.25,1.0,1.0
F1,0.21544346900318845,clock characteristic time,analytic,coupling,0.02645337569863704,0.02645337569863704,,not_applicable_deterministic,lambda=1;kappa=0.25;rho_inf=1,1.0.0,response_to_clock_rate_0.25,1.0,0.25,1.0,1.0
F1,0.223872113856834,clock characteristic time,analytic,coupling,0.02746916799425303,0.02746916799425303,,not_applicable_deterministic,lambda=1;kappa=0.25;rho_inf=1,1.0.0,response_to_clock_rate_0.25,1.0,0.25,1.0,1.0
F1,0.23263050671536262,clock characteristic time,analytic,coupling,0.02852319679454185,0.02852319679454185,,not_applicable_deterministic,lambda=1;kappa=0.25;rho_inf=1,1.0.0,response_to_clock_rate_0.25,1.0,0.25,1.0,1.0
F1,0.24173154808041036,clock characteristic time,analytic,coupling,0.029616840705013914,0.029616840705013914,,not_applicable_deterministic,lambda=1;kappa=0.25;rho_inf=1,1.0.0,response_to_clock_rate_0.25,1.0,0.25,1.0,1.0
F1,0.25118864315095796,clock characteristic time,analytic,coupling,0.030751523227177335,0.030751523227177335,,not_applicable_deterministic,lambda=1;kappa=0.25;rho_inf=1,1.0.0,response_to_clock_rate_0.25,1.0,0.25,1.0,1.0
F1,0.2610157215682536,clock characteristic time,analytic,coupling,0.03192871383199758,0.03192871383199758,,not_applicable_deterministic,lambda=1;kappa=0.25;rho_inf=1,1.0.0,response_to_clock_rate_0.25,1.0,0.25,1.0,1.0
F1,0.2712272579332027,clock characteristic time,analytic,coupling,0.03314992902537062,0.03314992902537062,,not_applicable_deterministic,lambda=1;kappa=0.25;rho_inf=1,1.0.0,response_to_clock_rate_0.25,1.0,0.25,1.0,1.0
F1,0.2818382931264455,clock characteristic time,analytic,coupling,0.034416733401833266,0.034416733401833266,,not_applicable_deterministic,lambda=1;kappa=0.25;rho_inf=1,1.0.0,response_to_clock_rate_0.25,1.0,0.25,1.0,1.0
F1,0.29286445646252374,clock characteristic time,analytic,coupling,0.035730740682377915,0.035730740682377915,,not_applicable_deterministic,lambda=1;kappa=0.25;rho_inf=1,1.0.0,response_to_clock_rate_0.25,1.0,0.25,1.0,1.0
F1,0.3043219887107722,clock characteristic time,analytic,coupling,0.03709361473184147,0.03709361473184147,,not_applicable_deterministic,lambda=1;kappa=0.25;rho_inf=1,1.0.0,response_to_clock_rate_0.25,1.0,0.25,1.0,1.0
F1,0.31622776601683794,clock characteristic time,analytic,coupling,0.03850707055093561,0.03850707055093561,,not_applicable_deterministic,lambda=1;kappa=0.25;rho_inf=1,1.0.0,response_to_clock_rate_0.25,1.0,0.25,1.0,1.0
F1,0.3285993247600654,clock characteristic time,analytic,coupling,0.03997287523753479,0.03997287523753479,,not_applicable_deterministic,lambda=1;kappa=0.25;rho_inf=1,1.0.0,response_to_clock_rate_0.25,1.0,0.25,1.0,1.0
F1,0.34145488738336005,clock characteristic time,analytic,coupling,0.041492848911378166,0.041492848911378166,,not_applicable_deterministic,lambda=1;kappa=0.25;rho_inf=1,1.0.0,response_to_clock_rate_0.25,1.0,0.25,1.0,1.0
F1,0.3548133892335753,clock characteristic time,analytic,coupling,0.04306886559584111,0.04306886559584111,,not_applicable_deterministic,lambda=1;kappa=0.25;rho_inf=1,1.0.0,response_to_clock_rate_0.25,1.0,0.25,1.0,1.0
F1,0.36869450645195734,clock characteristic time,analytic,coupling,0.04470285404990515,0.04470285404990515,,not_applicable_deterministic,lambda=1;kappa=0.25;rho_inf=1,1.0.0,response_to_clock_rate_0.25,1.0,0.25,1.0,1.0
F1,0.38311868495572887,clock characteristic time,analytic,coupling,0.04639679854290224,0.04639679854290224,,not_applicable_deterministic,lambda=1;kappa=0.25;rho_inf=1,1.0.0,response_to_clock_rate_0.25,1.0,0.25,1.0,1.0
F1,0.3981071705534973,clock characteristic time,analytic,coupling,0.04815273956401911,0.04815273956401911,,not_applicable_deterministic,lambda=1;kappa=0.25;rho_inf=1,1.0.0,response_to_clock_rate_0.25,1.0,0.25,1.0,1.0
F1,0.4136820402388507,clock characteristic time,analytic,coupling,0.04997277445792636,0.04997277445792636,,not_applicable_deterministic,lambda=1;kappa=0.25;rho_inf=1,1.0.0,response_to_clock_rate_0.25,1.0,0.25,1.0,1.0
F1,0.42986623470822766,clock characteristic time,analytic,coupling,0.05185905797725299,0.05185905797725299,,not_applicable_deterministic,lambda=1;kappa=0.25;rho_inf=1,1.0.0,response_to_clock_rate_0.25,1.0,0.25,1.0,1.0
F1,0.44668359215096304,clock characteristic time,analytic,coupling,0.053813802741936034,0.053813802741936034,,not_applicable_deterministic,lambda=1;kappa=0.25;rho_inf=1,1.0.0,response_to_clock_rate_0.25,1.0,0.25,1.0,1.0
F1,0.46415888336127775,clock characteristic time,analytic,coupling,0.0558392795947662,0.0558392795947662,,not_applicable_deterministic,lambda=1;kappa=0.25;rho_inf=1,1.0.0,response_to_clock_rate_0.25,1.0,0.25,1.0,1.0
F1,0.4823178482239304,clock characteristic time,analytic,coupling,0.057937817841700934,0.057937817841700934,,not_applicable_deterministic,lambda=1;kappa=0.25;rho_inf=1,1.0.0,response_to_clock_rate_0.25,1.0,0.25,1.0,1.0
F1,0.5011872336272725,clock characteristic time,analytic,coupling,0.06011180536474081,0.06011180536474081,,not_applicable_deterministic,lambda=1;kappa=0.25;rho_inf=1,1.0.0,response_to_clock_rate_0.25,1.0,0.25,1.0,1.0
F1,0.5207948328595465,clock characteristic time,analytic,coupling,0.06236368859435559,0.06236368859435559,,not_applicable_deterministic,lambda=1;kappa=0.25;rho_inf=1,1.0.0,response_to_clock_rate_0.25,1.0,0.25,1.0,1.0
F1,0.5411695265464638,clock characteristic time,analytic,coupling,0.0646959723276147,0.0646959723276147,,not_applicable_deterministic,lambda=1;kappa=0.25;rho_inf=1,1.0.0,response_to_clock_rate_0.25,1.0,0.25,1.0,1.0
F1,0.5623413251903491,clock characteristic time,analytic,coupling,0.06711121937731113,0.06711121937731113,,not_applicable_deterministic,lambda=1;kappa=0.25;rho_inf=1,1.0.0,response_to_clock_rate_0.25,1.0,0.25,1.0,1.0
F1,0.5843414133735175,clock characteristic time,analytic,coupling,0.06961205003648319,0.06961205003648319,,not_applicable_deterministic,lambda=1;kappa=0.25;rho_inf=1,1.0.0,response_to_clock_rate_0.25,1.0,0.25,1.0,1.0
F1,0.6072021956909883,clock characteristic time,analytic,coupling,0.07220114134183475,0.07220114134183475,,not_applicable_deterministic,lambda=1;kappa=0.25;rho_inf=1,1.0.0,response_to_clock_rate_0.25,1.0,0.25,1.0,1.0
F1,0.630957344480193,clock characteristic time,analytic,coupling,0.07488122611862547,0.07488122611862547,,not_applicable_deterministic,lambda=1;kappa=0.25;rho_inf=1,1.0.0,response_to_clock_rate_0.25,1.0,0.25,1.0,1.0
F1,0.6556418494179785,clock characteristic time,analytic,coupling,0.07765509178867025,0.07765509178867025,,not_applicable_deterministic,lambda=1;kappa=0.25;rho_inf=1,1.0.0,response_to_clock_rate_0.25,1.0,0.25,1.0,1.0
F1,0.6812920690579615,clock characteristic time,analytic,coupling,0.08052557892214562,0.08052557892214562,,not_applicable_deterministic,lambda=1;kappa=0.25;rho_inf=1,1.0.0,response_to_clock_rate_0.25,1.0,0.25,1.0,1.0
F1,0.707945784384138,clock characteristic time,analytic,coupling,0.08349557951295028,0.08349557951295028,,not_applicable_deterministic,lambda=1;kappa=0.25;rho_inf=1,1.0.0,response_to_clock_rate_0.25,1.0,0.25,1.0,1.0
F1,0.7356422544596414,clock characteristic time,analytic,coupling,0.08656803495643983,0.08656803495643983,,not_applicable_deterministic,lambda=1;kappa=0.25;rho_inf=1,1.0.0,response_to_clock_rate_0.25,1.0,0.25,1.0,1.0
F1,0.7644222742526002,clock characteristic time,analytic,coupling,0.08974593370742467,0.08974593370742467,,not_applicable_deterministic,lambda=1;kappa=0.25;rho_inf=1,1.0.0,response_to_clock_rate_0.25,1.0,0.25,1.0,1.0
F1,0.7943282347242814,clock characteristic time,analytic,coupling,0.09303230859543277,0.09303230859543277,,not_applicable_deterministic,lambda=1;kappa=0.25;rho_inf=1,1.0.0,response_to_clock_rate_0.25,1.0,0.25,1.0,1.0
F1,0.8254041852680182,clock characteristic time,analytic,coupling,0.09643023377337057,0.09643023377337057,,not_applicable_deterministic,lambda=1;kappa=0.25;rho_inf=1,1.0.0,response_to_clock_rate_0.25,1.0,0.25,1.0,1.0
F1,0.8576958985908937,clock characteristic time,analytic,coupling,0.09994282127491572,0.09994282127491572,,not_applicable_deterministic,lambda=1;kappa=0.25;rho_inf=1,1.0.0,response_to_clock_rate_0.25,1.0,0.25,1.0,1.0
F1,0.8912509381337459,clock characteristic time,analytic,coupling,0.10357321715521883,0.10357321715521883,,not_applicable_deterministic,lambda=1;kappa=0.25;rho_inf=1,1.0.0,response_to_clock_rate_0.25,1.0,0.25,1.0,1.0
F1,0.9261187281287937,clock characteristic time,analytic,coupling,0.10732459718882947,0.10732459718882947,,not_applicable_deterministic,lambda=1;kappa=0.25;rho_inf=1,1.0.0,response_to_clock_rate_0.25,1.0,0.25,1.0,1.0
F1,0.9623506263980888,clock characteristic time,analytic,coupling,0.11120016209819461,0.11120016209819461,,not_applicable_deterministic,lambda=1;kappa=0.25;rho_inf=1,1.0.0,response_to_clock_rate_0.25,1.0,0.25,1.0,1.0
F1,1.0,clock characteristic time,analytic,coupling,0.11520313228561951,0.11520313228561951,,not_applicable_deterministic,lambda=1;kappa=0.25;rho_inf=1,1.0.0,response_to_clock_rate_0.25,1.0,0.25,1.0,1.0
F1,1.0391223038351691,clock characteristic time,analytic,coupling,0.11933674204127609,0.11933674204127609,,not_applicable_deterministic,lambda=1;kappa=0.25;rho_inf=1,1.0.0,response_to_clock_rate_0.25,1.0,0.25,1.0,1.0
F1,1.0797751623277094,clock characteristic time,analytic,coupling,0.12360423319968938,0.12360423319968938,,not_applicable_deterministic,lambda=1;kappa=0.25;rho_inf=1,1.0.0,response_to_clock_rate_0.25,1.0,0.25,1.0,1.0
F1,1.122018454301963,clock characteristic time,analytic,coupling,0.12800884821717717,0.12800884821717717,,not_applicable_deterministic,lambda=1;kappa=0.25;rho_inf=1,1.0.0,response_to_clock_rate_0.25,1.0,0.25,1.0,1.0
F1,1.165914401179831,clock characteristic time,analytic,coupling,0.132553822642977,0.132553822642977,,not_applicable_deterministic,lambda=1;kappa=0.25;rho_inf=1,1.0.0,response_to_clock_rate_0.25,1.0,0.25,1.0,1.0
F1,1.2115276586285888,clock characteristic time,analytic,coupling,0.13724237695730257,0.13724237695730257,,not_applicable_deterministic,lambda=1;kappa=0.25;rho_inf=1,1.0.0,response_to_clock_rate_0.25,1.0,0.25,1.0,1.0
F1,1.2589254117941675,clock characteristic time,analytic,coupling,0.14207770775036466,0.14207770775036466,,not_applicable_deterministic,lambda=1;kappa=0.25;rho_inf=1,1.0.0,response_to_clock_rate_0.25,1.0,0.25,1.0,1.0
F1,1.3081774742601942,clock characteristic time,analytic,coupling,0.14706297821750347,0.14706297821750347,,not_applicable_deterministic,lambda=1;kappa=0.25;rho_inf=1,1.0.0,response_to_clock_rate_0.25,1.0,0.25,1.0,1.0
F1,1.3593563908785256,clock characteristic time,analytic,coupling,0.15220130794704334,0.15220130794704334,,not_applicable_deterministic,lambda=1;kappa=0.25;rho_inf=1,1.0.0,response_to_clock_rate_0.25,1.0,0.25,1.0,1.0
F1,1.412537544622754,clock characteristic time,analytic,coupling,0.15749576197934567,0.15749576197934567,,not_applicable_deterministic,lambda=1;kappa=0.25;rho_inf=1,1.0.0,response_to_clock_rate_0.25,1.0,0.25,1.0,1.0
F1,1.467799267622069,clock characteristic time,analytic,coupling,0.1629493391178375,0.1629493391178375,,not_applicable_deterministic,lambda=1;kappa=0.25;rho_inf=1,1.0.0,response_to_clock_rate_0.25,1.0,0.25,1.0,1.0
F1,1.5252229565390183,clock characteristic time,analytic,coupling,0.16856495947557926,0.16856495947557926,,not_applicable_deterministic,lambda=1;kappa=0.25;rho_inf=1,1.0.0,response_to_clock_rate_0.25,1.0,0.25,1.0,1.0
F1,1.584893192461114,clock characteristic time,analytic,coupling,0.17434545124424106,0.17434545124424106,,not_applicable_deterministic,lambda=1;kappa=0.25;rho_inf=1,1.0.0,response_to_clock_rate_0.25,1.0,0.25,1.0,1.0
F1,1.6468978654828688,clock characteristic time,analytic,coupling,0.18029353667624737,0.18029353667624737,,not_applicable_deterministic,lambda=1;kappa=0.25;rho_inf=1,1.0.0,response_to_clock_rate_0.25,1.0,0.25,1.0,1.0
F1,1.711328304161781,clock characteristic time,analytic,coupling,0.1864118172753506,0.1864118172753506,,not_applicable_deterministic,lambda=1;kappa=0.25;rho_inf=1,1.0.0,response_to_clock_rate_0.25,1.0,0.25,1.0,1.0
F1,1.7782794100389228,clock characteristic time,analytic,coupling,0.1927027581960643,0.1927027581960643,,not_applicable_deterministic,lambda=1;kappa=0.25;rho_inf=1,1.0.0,response_to_clock_rate_0.25,1.0,0.25,1.0,1.0
F1,1.8478497974222907,clock characteristic time,analytic,coupling,0.1991686718582657,0.1991686718582657,,not_applicable_deterministic,lambda=1;kappa=0.25;rho_inf=1,1.0.0,response_to_clock_rate_0.25,1.0,0.25,1.0,1.0
F1,1.920141938638801,clock characteristic time,analytic,coupling,0.20581170078991495,0.20581170078991495,,not_applicable_deterministic,lambda=1;kappa=0.25;rho_inf=1,1.0.0,response_to_clock_rate_0.25,1.0,0.25,1.0,1.0
F1,1.9952623149688788,clock characteristic time,analytic,coupling,0.21263379971826257,0.21263379971826257,,not_applicable_deterministic,lambda=1;kappa=0.25;rho_inf=1,1.0.0,response_to_clock_rate_0.25,1.0,0.25,1.0,1.0
F1,2.073321573485954,clock characteristic time,analytic,coupling,0.21963671693817222,0.21963671693817222,,not_applicable_deterministic,lambda=1;kappa=0.25;rho_inf=1,1.0.0,response_to_clock_rate_0.25,1.0,0.25,1.0,1.0
F1,2.1544346900318843,clock characteristic time,analytic,coupling,0.22682197499530488,0.22682197499530488,,not_applicable_deterministic,lambda=1;kappa=0.25;rho_inf=1,1.0.0,response_to_clock_rate_0.25,1.0,0.25,1.0,1.0
F1,2.23872113856834,clock characteristic time,analytic,coupling,0.23419085073190116,0.23419085073190116,,not_applicable_deterministic,lambda=1;kappa=0.25;rho_inf=1,1.0.0,response_to_clock_rate_0.25,1.0,0.25,1.0,1.0
F1,2.3263050671536263,clock characteristic time,analytic,coupling,0.24174435475379275,0.24174435475379275,,not_applicable_deterministic,lambda=1;kappa=0.25;rho_inf=1,1.0.0,response_to_clock_rate_0.25,1.0,0.25,1.0,1.0
F1,2.4173154808041035,clock characteristic time,analytic,coupling,0.24948321038905164,0.24948321038905164,,not_applicable_deterministic,lambda=1;kappa=0.25;rho_inf=1,1.0.0,response_to_clock_rate_0.25,1.0,0.25,1.0,1.0
F1,2.5118864315095797,clock characteristic time,analytic,coupling,0.257407832221358,0.257407832221358,,not_applicable_deterministic,lambda=1;kappa=0.25;rho_inf=1,1.0.0,response_to_clock_rate_0.25,1.0,0.25,1.0,1.0
F1,2.610157215682536,clock characteristic time,analytic,coupling,0.2655183042946855,0.2655183042946855,,not_applicable_deterministic,lambda=1;kappa=0.25;rho_inf=1,1.0.0,response_to_clock_rate_0.25,1.0,0.25,1.0,1.0
F1,2.712272579332027,clock characteristic time,analytic,coupling,0.27381435810023125,0.27381435810023125,,not_applicable_deterministic,lambda=1;kappa=0.25;rho_inf=1,1.0.0,response_to_clock_rate_0.25,1.0,0.25,1.0,1.0
F1,2.818382931264452,clock characteristic time,analytic,coupling,0.2822953504715887,0.2822953504715887,,not_applicable_deterministic,lambda=1;kappa=0.25;rho_inf=1,1.0.0,response_to_clock_rate_0.25,1.0,0.25,1.0,1.0
F1,2.9286445646252375,clock characteristic time,analytic,coupling,0.29096024152987243,0.29096024152987243,,not_applicable_deterministic,lambda=1;kappa=0.25;rho_inf=1,1.0.0,response_to_clock_rate_0.25,1.0,0.25,1.0,1.0
F1,3.043219887107722,clock characteristic time,analytic,coupling,0.2998075728367505,0.2998075728367505,,not_applicable_deterministic,lambda=1;kappa=0.25;rho_inf=1,1.0.0,response_to_clock_rate_0.25,1.0,0.25,1.0,1.0
F1,3.1622776601683795,clock characteristic time,analytic,coupling,0.3088354459299667,0.3088354459299667,,not_applicable_deterministic,lambda=1;kappa=0.25;rho_inf=1,1.0.0,response_to_clock_rate_0.25,1.0,0.25,1.0,1.0
F1,3.285993247600654,clock characteristic time,analytic,coupling,0.31804150143274423,0.31804150143274423,,not_applicable_deterministic,lambda=1;kappa=0.25;rho_inf=1,1.0.0,response_to_clock_rate_0.25,1.0,0.25,1.0,1.0
F1,3.4145488738336005,clock characteristic time,analytic,coupling,0.32742289894527543,0.32742289894527543,,not_applicable_deterministic,lambda=1;kappa=0.25;rho_inf=1,1.0.0,response_to_clock_rate_0.25,1.0,0.25,1.0,1.0
F1,3.5481338923357533,clock characteristic time,analytic,coupling,0.33697629794302575,0.33697629794302575,,not_applicable_deterministic,lambda=1;kappa=0.25;rho_inf=1,1.0.0,response_to_clock_rate_0.25,1.0,0.25,1.0,1.0
F1,3.6869450645195734,clock characteristic time,analytic,coupling,0.34669783992254133,0.34669783992254133,,not_applicable_deterministic,lambda=1;kappa=0.25;rho_inf=1,1.0.0,response_to_clock_rate_0.25,1.0,0.25,1.0,1.0
F1,3.831186849557289,clock characteristic time,analytic,coupling,0.3565831320505177,0.3565831320505177,,not_applicable_deterministic,lambda=1;kappa=0.25;rho_inf=1,1.0.0,response_to_clock_rate_0.25,1.0,0.25,1.0,1.0
F1,3.981071705534973,clock characteristic time,analytic,coupling,0.3666272325856703,0.3666272325856703,,not_applicable_deterministic,lambda=1;kappa=0.25;rho_inf=1,1.0.0,response_to_clock_rate_0.25,1.0,0.25,1.0,1.0
F1,4.136820402388507,clock characteristic time,analytic,coupling,0.3768246383550613,0.3768246383550613,,not_applicable_deterministic,lambda=1;kappa=0.25;rho_inf=1,1.0.0,response_to_clock_rate_0.25,1.0,0.25,1.0,1.0
F1,4.298662347082277,clock characteristic time,analytic,coupling,0.38716927457648964,0.38716927457648964,,not_applicable_deterministic,lambda=1;kappa=0.25;rho_inf=1,1.0.0,response_to_clock_rate_0.25,1.0,0.25,1.0,1.0
F1,4.46683592150963,clock characteristic time,analytic,coupling,0.39765448732589515,0.39765448732589515,,not_applicable_deterministic,lambda=1;kappa=0.25;rho_inf=1,1.0.0,response_to_clock_rate_0.25,1.0,0.25,1.0,1.0
F1,4.6415888336127775,clock characteristic time,analytic,coupling,0.40827303895292166,0.40827303895292166,,not_applicable_deterministic,lambda=1;kappa=0.25;rho_inf=1,1.0.0,response_to_clock_rate_0.25,1.0,0.25,1.0,1.0
F1,4.823178482239304,clock characteristic time,analytic,coupling,0.4190171067482842,0.4190171067482842,,not_applicable_deterministic,lambda=1;kappa=0.25;rho_inf=1,1.0.0,response_to_clock_rate_0.25,1.0,0.25,1.0,1.0
F1,5.011872336272719,clock characteristic time,analytic,coupling,0.4298782851628593,0.4298782851628593,,not_applicable_deterministic,lambda=1;kappa=0.25;rho_inf=1,1.0.0,response_to_clock_rate_0.25,1.0,0.25,1.0,1.0
F1,5.207948328595465,clock characteristic time,analytic,coupling,0.4408475918698759,0.4408475918698759,,not_applicable_deterministic,lambda=1;kappa=0.25;rho_inf=1,1.0.0,response_to_clock_rate_0.25,1.0,0.25,1.0,1.0
F1,5.411695265464638,clock characteristic time,analytic,coupling,0.4519154779476986,0.4519154779476986,,not_applicable_deterministic,lambda=1;kappa=0.25;rho_inf=1,1.0.0,response_to_clock_rate_0.25,1.0,0.25,1.0,1.0
F1,5.62341325190349,clock characteristic time,analytic,coupling,0.46307184244093436,0.46307184244093436,,not_applicable_deterministic,lambda=1;kappa=0.25;rho_inf=1,1.0.0,response_to_clock_rate_0.25,1.0,0.25,1.0,1.0
F1,5.843414133735175,clock characteristic time,analytic,coupling,0.4743060515314672,0.4743060515314672,,not_applicable_deterministic,lambda=1;kappa=0.25;rho_inf=1,1.0.0,response_to_clock_rate_0.25,1.0,0.25,1.0,1.0
F1,6.072021956909884,clock characteristic time,analytic,coupling,0.4856069625181352,0.4856069625181352,,not_applicable_deterministic,lambda=1;kappa=0.25;rho_inf=1,1.0.0,response_to_clock_rate_0.25,1.0,0.25,1.0,1.0
F1,6.30957344480193,clock characteristic time,analytic,coupling,0.4969629527637722,0.4969629527637722,,not_applicable_deterministic,lambda=1;kappa=0.25;rho_inf=1,1.0.0,response_to_clock_rate_0.25,1.0,0.25,1.0,1.0
F1,6.556418494179785,clock characteristic time,analytic,coupling,0.508361953721023,0.508361953721023,,not_applicable_deterministic,lambda=1;kappa=0.25;rho_inf=1,1.0.0,response_to_clock_rate_0.25,1.0,0.25,1.0,1.0
F1,6.812920690579615,clock characteristic time,analytic,coupling,0.5197914900936484,0.5197914900936484,,not_applicable_deterministic,lambda=1;kappa=0.25;rho_inf=1,1.0.0,response_to_clock_rate_0.25,1.0,0.25,1.0,1.0
F1,7.07945784384138,clock characteristic time,analytic,coupling,0.5312387241280381,0.5312387241280381,,not_applicable_deterministic,lambda=1;kappa=0.25;rho_inf=1,1.0.0,response_to_clock_rate_0.25,1.0,0.25,1.0,1.0
F1,7.3564225445964135,clock characteristic time,analytic,coupling,0.5426905049606532,0.5426905049606532,,not_applicable_deterministic,lambda=1;kappa=0.25;rho_inf=1,1.0.0,response_to_clock_rate_0.25,1.0,0.25,1.0,1.0
F1,7.644222742526002,clock characteristic time,analytic,coupling,0.5541334228716082,0.5541334228716082,,not_applicable_deterministic,lambda=1;kappa=0.25;rho_inf=1,1.0.0,response_to_clock_rate_0.25,1.0,0.25,1.0,1.0
F1,7.943282347242813,clock characteristic time,analytic,coupling,0.5655538682133558,0.5655538682133558,,not_applicable_deterministic,lambda=1;kappa=0.25;rho_inf=1,1.0.0,response_to_clock_rate_0.25,1.0,0.25,1.0,1.0
F1,8.254041852680182,clock characteristic time,analytic,coupling,0.5769380946974454,0.5769380946974454,,not_applicable_deterministic,lambda=1;kappa=0.25;rho_inf=1,1.0.0,response_to_clock_rate_0.25,1.0,0.25,1.0,1.0
F1,8.576958985908938,clock characteristic time,analytic,coupling,0.5882722866328994,0.5882722866328994,,not_applicable_deterministic,lambda=1;kappa=0.25;rho_inf=1,1.0.0,response_to_clock_rate_0.25,1.0,0.25,1.0,1.0
F1,8.91250938133745,clock characteristic time,analytic,coupling,0.5995426296184521,0.5995426296184521,,not_applicable_deterministic,lambda=1;kappa=0.25;rho_inf=1,1.0.0,response_to_clock_rate_0.25,1.0,0.25,1.0,1.0
F1,9.261187281287937,clock characteristic time,analytic,coupling,0.6107353840995928,0.6107353840995928,,not_applicable_deterministic,lambda=1;kappa=0.25;rho_inf=1,1.0.0,response_to_clock_rate_0.25,1.0,0.25,1.0,1.0
F1,9.623506263980888,clock characteristic time,analytic,coupling,0.6218369611121646,0.6218369611121646,,not_applicable_deterministic,lambda=1;kappa=0.25;rho_inf=1,1.0.0,response_to_clock_rate_0.25,1.0,0.25,1.0,1.0
F1,10.0,clock characteristic time,analytic,coupling,0.6328339994495595,0.6328339994495595,,not_applicable_deterministic,lambda=1;kappa=0.25;rho_inf=1,1.0.0,response_to_clock_rate_0.25,1.0,0.25,1.0,1.0
F1,10.39122303835169,clock characteristic time,analytic,coupling,0.6437134434128737,0.6437134434128737,,not_applicable_deterministic,lambda=1;kappa=0.25;rho_inf=1,1.0.0,response_to_clock_rate_0.25,1.0,0.25,1.0,1.0
F1,10.797751623277094,clock characteristic time,analytic,coupling,0.6544626202354669,0.6544626202354669,,not_applicable_deterministic,lambda=1;kappa=0.25;rho_inf=1,1.0.0,response_to_clock_rate_0.25,1.0,0.25,1.0,1.0
F1,11.220184543019629,clock characteristic time,analytic,coupling,0.665069316217949,0.665069316217949,,not_applicable_deterministic,lambda=1;kappa=0.25;rho_inf=1,1.0.0,response_to_clock_rate_0.25,1.0,0.25,1.0,1.0
F1,11.659144011798311,clock characteristic time,analytic,coupling,0.6755218505694851,0.6755218505694851,,not_applicable_deterministic,lambda=1;kappa=0.25;rho_inf=1,1.0.0,response_to_clock_rate_0.25,1.0,0.25,1.0,1.0
F1,12.115276586285876,clock characteristic time,analytic,coupling,0.6858091459290568,0.6858091459290568,,not_applicable_deterministic,lambda=1;kappa=0.25;rho_inf=1,1.0.0,response_to_clock_rate_0.25,1.0,0.25,1.0,1.0
F1,12.589254117941662,clock characteristic time,analytic,coupling,0.6959207945383823,0.6959207945383823,,not_applicable_deterministic,lambda=1;kappa=0.25;rho_inf=1,1.0.0,response_to_clock_rate_0.25,1.0,0.25,1.0,1.0
F1,13.081774742601928,clock characteristic time,analytic,coupling,0.7058471190585744,0.7058471190585744,,not_applicable_deterministic,lambda=1;kappa=0.25;rho_inf=1,1.0.0,response_to_clock_rate_0.25,1.0,0.25,1.0,1.0
F1,13.593563908785242,clock characteristic time,analytic,coupling,0.7155792270668677,0.7155792270668677,,not_applicable_deterministic,lambda=1;kappa=0.25;rho_inf=1,1.0.0,response_to_clock_rate_0.25,1.0,0.25,1.0,1.0
F1,14.125375446227554,clock characteristic time,analytic,coupling,0.7251090583388031,0.7251090583388031,,not_applicable_deterministic,lambda=1;kappa=0.25;rho_inf=1,1.0.0,response_to_clock_rate_0.25,1.0,0.25,1.0,1.0
F1,14.677992676220706,clock characteristic time,analytic,coupling,0.7344294241152896,0.7344294241152896,,not_applicable_deterministic,lambda=1;kappa=0.25;rho_inf=1,1.0.0,response_to_clock_rate_0.25,1.0,0.25,1.0,1.0
F1,15.252229565390198,clock characteristic time,analytic,coupling,0.7435340376723616,0.7435340376723616,,not_applicable_deterministic,lambda=1;kappa=0.25;rho_inf=1,1.0.0,response_to_clock_rate_0.25,1.0,0.25,1.0,1.0
F1,15.848931924611142,clock characteristic time,analytic,coupling,0.7524175356525944,0.7524175356525944,,not_applicable_deterministic,lambda=1;kappa=0.25;rho_inf=1,1.0.0,response_to_clock_rate_0.25,1.0,0.25,1.0,1.0
F1,16.46897865482869,clock characteristic time,analytic,coupling,0.7610754897785805,0.7610754897785805,,not_applicable_deterministic,lambda=1;kappa=0.25;rho_inf=1,1.0.0,response_to_clock_rate_0.25,1.0,0.25,1.0,1.0
F1,17.11328304161781,clock characteristic time,analytic,coupling,0.7695044087470435,0.7695044087470435,,not_applicable_deterministic,lambda=1;kappa=0.25;rho_inf=1,1.0.0,response_to_clock_rate_0.25,1.0,0.25,1.0,1.0
F1,17.78279410038923,clock characteristic time,analytic,coupling,0.7777017302927127,0.7777017302927127,,not_applicable_deterministic,lambda=1;kappa=0.25;rho_inf=1,1.0.0,response_to_clock_rate_0.25,1.0,0.25,1.0,1.0
F1,18.478497974222908,clock characteristic time,analytic,coupling,0.7856658036087367,0.7856658036087367,,not_applicable_deterministic,lambda=1;kappa=0.25;rho_inf=1,1.0.0,response_to_clock_rate_0.25,1.0,0.25,1.0,1.0
F1,19.20141938638801,clock characteristic time,analytic,coupling,0.7933958625092643,0.7933958625092643,,not_applicable_deterministic,lambda=1;kappa=0.25;rho_inf=1,1.0.0,response_to_clock_rate_0.25,1.0,0.25,1.0,1.0
F1,19.952623149688787,clock characteristic time,analytic,coupling,0.8008919899134876,0.8008919899134876,,not_applicable_deterministic,lambda=1;kappa=0.25;rho_inf=1,1.0.0,response_to_clock_rate_0.25,1.0,0.25,1.0,1.0
F1,20.73321573485954,clock characteristic time,analytic,coupling,0.8081550744123047,0.8081550744123047,,not_applicable_deterministic,lambda=1;kappa=0.25;rho_inf=1,1.0.0,response_to_clock_rate_0.25,1.0,0.25,1.0,1.0
F1,21.54434690031882,clock characteristic time,analytic,coupling,0.8151867598422877,0.8151867598422877,,not_applicable_deterministic,lambda=1;kappa=0.25;rho_inf=1,1.0.0,response_to_clock_rate_0.25,1.0,0.25,1.0,1.0
F1,22.38721138568338,clock characteristic time,analytic,coupling,0.8219893889307043,0.8219893889307043,,not_applicable_deterministic,lambda=1;kappa=0.25;rho_inf=1,1.0.0,response_to_clock_rate_0.25,1.0,0.25,1.0,1.0
F1,23.263050671536238,clock characteristic time,analytic,coupling,0.8285659421844915,0.8285659421844915,,not_applicable_deterministic,lambda=1;kappa=0.25;rho_inf=1,1.0.0,response_to_clock_rate_0.25,1.0,0.25,1.0,1.0
F1,24.173154808041012,clock characteristic time,analytic,coupling,0.8349199732709648,0.8349199732709648,,not_applicable_deterministic,lambda=1;kappa=0.25;rho_inf=1,1.0.0,response_to_clock_rate_0.25,1.0,0.25,1.0,1.0
F1,25.11886431509582,clock characteristic time,analytic,coupling,0.8410555421755721,0.8410555421755721,,not_applicable_deterministic,lambda=1;kappa=0.25;rho_inf=1,1.0.0,response_to_clock_rate_0.25,1.0,0.25,1.0,1.0
F1,26.101572156825384,clock characteristic time,analytic,coupling,0.8469771474206749,0.8469771474206749,,not_applicable_deterministic,lambda=1;kappa=0.25;rho_inf=1,1.0.0,response_to_clock_rate_0.25,1.0,0.25,1.0,1.0
F1,27.122725793320296,clock characteristic time,analytic,coupling,0.8526896585893233,0.8526896585893233,,not_applicable_deterministic,lambda=1;kappa=0.25;rho_inf=1,1.0.0,response_to_clock_rate_0.25,1.0,0.25,1.0,1.0
F1,28.183829312644548,clock characteristic time,analytic,coupling,0.858198250321223,0.858198250321223,,not_applicable_deterministic,lambda=1;kappa=0.25;rho_inf=1,1.0.0,response_to_clock_rate_0.25,1.0,0.25,1.0,1.0
F1,29.28644564625237,clock characteristic time,analytic,coupling,0.8635083388382062,0.8635083388382062,,not_applicable_deterministic,lambda=1;kappa=0.25;rho_inf=1,1.0.0,response_to_clock_rate_0.25,1.0,0.25,1.0,1.0
F1,30.432198871077222,clock characteristic time,analytic,coupling,0.8686255219186823,0.8686255219186823,,not_applicable_deterministic,lambda=1;kappa=0.25;rho_inf=1,1.0.0,response_to_clock_rate_0.25,1.0,0.25,1.0,1.0
F1,31.622776601683793,clock characteristic time,analytic,coupling,0.8735555230811933,0.8735555230811933,,not_applicable_deterministic,lambda=1;kappa=0.25;rho_inf=1,1.0.0,response_to_clock_rate_0.25,1.0,0.25,1.0,1.0
F1,32.85993247600654,clock characteristic time,analytic,coupling,0.8783041405637088,0.8783041405637088,,not_applicable_deterministic,lambda=1;kappa=0.25;rho_inf=1,1.0.0,response_to_clock_rate_0.25,1.0,0.25,1.0,1.0
F1,34.145488738336006,clock characteristic time,analytic,coupling,0.8828772015054763,0.8828772015054763,,not_applicable_deterministic,lambda=1;kappa=0.25;rho_inf=1,1.0.0,response_to_clock_rate_0.25,1.0,0.25,1.0,1.0
F1,35.481338923357534,clock characteristic time,analytic,coupling,0.8872805215600047,0.8872805215600047,,not_applicable_deterministic,lambda=1;kappa=0.25;rho_inf=1,1.0.0,response_to_clock_rate_0.25,1.0,0.25,1.0,1.0
F1,36.869450645195734,clock characteristic time,analytic,coupling,0.8915198699984581,0.8915198699984581,,not_applicable_deterministic,lambda=1;kappa=0.25;rho_inf=1,1.0.0,response_to_clock_rate_0.25,1.0,0.25,1.0,1.0
F1,38.31186849557285,clock characteristic time,analytic,coupling,0.8956009402089677,0.8956009402089677,,not_applicable_deterministic,lambda=1;kappa=0.25;rho_inf=1,1.0.0,response_to_clock_rate_0.25,1.0,0.25,1.0,1.0
F1,39.81071705534969,clock characteristic time,analytic,coupling,0.8995293253643657,0.8995293253643657,,not_applicable_deterministic,lambda=1;kappa=0.25;rho_inf=1,1.0.0,response_to_clock_rate_0.25,1.0,0.25,1.0,1.0
F1,41.36820402388503,clock characteristic time,analytic,coupling,0.9033104989224159,0.9033104989224159,,not_applicable_deterministic,lambda=1;kappa=0.25;rho_inf=1,1.0.0,response_to_clock_rate_0.25,1.0,0.25,1.0,1.0
F1,42.98662347082272,clock characteristic time,analytic,coupling,0.9069497995408651,0.9069497995408651,,not_applicable_deterministic,lambda=1;kappa=0.25;rho_inf=1,1.0.0,response_to_clock_rate_0.25,1.0,0.25,1.0,1.0
F1,44.668359215096345,clock characteristic time,analytic,coupling,0.9104524199350077,0.9104524199350077,,not_applicable_deterministic,lambda=1;kappa=0.25;rho_inf=1,1.0.0,response_to_clock_rate_0.25,1.0,0.25,1.0,1.0
F1,46.41588833612782,clock characteristic time,analytic,coupling,0.9138233991768566,0.9138233991768566,,not_applicable_deterministic,lambda=1;kappa=0.25;rho_inf=1,1.0.0,response_to_clock_rate_0.25,1.0,0.25,1.0,1.0
F1,48.23178482239309,clock characteristic time,analytic,coupling,0.9170676179299796,0.9170676179299796,,not_applicable_deterministic,lambda=1;kappa=0.25;rho_inf=1,1.0.0,response_to_clock_rate_0.25,1.0,0.25,1.0,1.0
F1,50.118723362727245,clock characteristic time,analytic,coupling,0.9201897961291382,0.9201897961291382,,not_applicable_deterministic,lambda=1;kappa=0.25;rho_inf=1,1.0.0,response_to_clock_rate_0.25,1.0,0.25,1.0,1.0
F1,52.07948328595465,clock characteristic time,analytic,coupling,0.9231944926449314,0.9231944926449314,,not_applicable_deterministic,lambda=1;kappa=0.25;rho_inf=1,1.0.0,response_to_clock_rate_0.25,1.0,0.25,1.0,1.0
F1,54.116952654646376,clock characteristic time,analytic,coupling,0.9260861065162689,0.9260861065162689,,not_applicable_deterministic,lambda=1;kappa=0.25;rho_inf=1,1.0.0,response_to_clock_rate_0.25,1.0,0.25,1.0,1.0
F1,56.23413251903491,clock characteristic time,analytic,coupling,0.9288688793833393,0.9288688793833393,,not_applicable_deterministic,lambda=1;kappa=0.25;rho_inf=1,1.0.0,response_to_clock_rate_0.25,1.0,0.25,1.0,1.0
F1,58.434141337351754,clock characteristic time,analytic,coupling,0.9315468988067974,0.9315468988067974,,not_applicable_deterministic,lambda=1;kappa=0.25;rho_inf=1,1.0.0,response_to_clock_rate_0.25,1.0,0.25,1.0,1.0
F1,60.72021956909884,clock characteristic time,analytic,coupling,0.9341241022117884,0.9341241022117884,,not_applicable_deterministic,lambda=1;kappa=0.25;rho_inf=1,1.0.0,response_to_clock_rate_0.25,1.0,0.25,1.0,1.0
F1,63.0957344480193,clock characteristic time,analytic,coupling,0.9366042812454705,0.9366042812454705,,not_applicable_deterministic,lambda=1;kappa=0.25;rho_inf=1,1.0.0,response_to_clock_rate_0.25,1.0,0.25,1.0,1.0
F1,65.56418494179785,clock characteristic time,analytic,coupling,0.9389910863820135,0.9389910863820135,,not_applicable_deterministic,lambda=1;kappa=0.25;rho_inf=1,1.0.0,response_to_clock_rate_0.25,1.0,0.25,1.0,1.0
F1,68.12920690579608,clock characteristic time,analytic,coupling,0.9412880316484968,0.9412880316484968,,not_applicable_deterministic,lambda=1;kappa=0.25;rho_inf=1,1.0.0,response_to_clock_rate_0.25,1.0,0.25,1.0,1.0
F1,70.79457843841374,clock characteristic time,analytic,coupling,0.9434984993782414,0.9434984993782414,,not_applicable_deterministic,lambda=1;kappa=0.25;rho_inf=1,1.0.0,response_to_clock_rate_0.25,1.0,0.25,1.0,1.0
F1,73.56422544596406,clock characteristic time,analytic,coupling,0.9456257449249504,0.9456257449249504,,not_applicable_deterministic,lambda=1;kappa=0.25;rho_inf=1,1.0.0,response_to_clock_rate_0.25,1.0,0.25,1.0,1.0
F1,76.44222742525994,clock characteristic time,analytic,coupling,0.9476729012920849,0.9476729012920849,,not_applicable_deterministic,lambda=1;kappa=0.25;rho_inf=1,1.0.0,response_to_clock_rate_0.25,1.0,0.25,1.0,1.0
F1,79.43282347242821,clock characteristic time,analytic,coupling,0.9496429836478387,0.9496429836478387,,not_applicable_deterministic,lambda=1;kappa=0.25;rho_inf=1,1.0.0,response_to_clock_rate_0.25,1.0,0.25,1.0,1.0
F1,82.5404185268019,clock characteristic time,analytic,coupling,0.951538893707784,0.951538893707784,,not_applicable_deterministic,lambda=1;kappa=0.25;rho_inf=1,1.0.0,response_to_clock_rate_0.25,1.0,0.25,1.0,1.0
F1,85.76958985908946,clock characteristic time,analytic,coupling,0.953363423975527,0.953363423975527,,not_applicable_deterministic,lambda=1;kappa=0.25;rho_inf=1,1.0.0,response_to_clock_rate_0.25,1.0,0.25,1.0,1.0
F1,89.12509381337459,clock characteristic time,analytic,coupling,0.9551192618373714,0.9551192618373714,,not_applicable_deterministic,lambda=1;kappa=0.25;rho_inf=1,1.0.0,response_to_clock_rate_0.25,1.0,0.25,1.0,1.0
F1,92.61187281287937,clock characteristic time,analytic,coupling,0.9568089935106951,0.9568089935106951,,not_applicable_deterministic,lambda=1;kappa=0.25;rho_inf=1,1.0.0,response_to_clock_rate_0.25,1.0,0.25,1.0,1.0
F1,96.23506263980887,clock characteristic time,analytic,coupling,0.9584351078480728,0.9584351078480728,,not_applicable_deterministic,lambda=1;kappa=0.25;rho_inf=1,1.0.0,response_to_clock_rate_0.25,1.0,0.25,1.0,1.0
F1,100.0,clock characteristic time,analytic,coupling,0.9600000000005555,0.9600000000005555,,not_applicable_deterministic,lambda=1;kappa=0.25;rho_inf=1,1.0.0,response_to_clock_rate_0.25,1.0,0.25,1.0,1.0
F1,0.001,clock characteristic time,analytic,combined,6.247396560169844e-08,6.247396560169844e-08,,not_applicable_deterministic,lambda=1;kappa=0.25;rho_inf=1,1.0.0,response_to_clock_rate_0.25,1.0,0.25,1.0,1.0
F1,0.001039122303835169,clock characteristic time,analytic,combined,6.745673688910717e-08,6.745673688910717e-08,,not_applicable_deterministic,lambda=1;kappa=0.25;rho_inf=1,1.0.0,response_to_clock_rate_0.25,1.0,0.25,1.0,1.0
F1,0.0010797751623277093,clock characteristic time,analytic,combined,7.283687543794121e-08,7.283687543794121e-08,,not_applicable_deterministic,lambda=1;kappa=0.25;rho_inf=1,1.0.0,response_to_clock_rate_0.25,1.0,0.25,1.0,1.0
F1,0.001122018454301963,clock characteristic time,analytic,combined,7.864606492450651e-08,7.864606492450651e-08,,not_applicable_deterministic,lambda=1;kappa=0.25;rho_inf=1,1.0.0,response_to_clock_rate_0.25,1.0,0.25,1.0,1.0
F1,0.0011659144011798323,clock characteristic time,analytic,combined,8.491851460004504e-08,8.491851460004504e-08,,not_applicable_deterministic,lambda=1;kappa=0.25;rho_inf=1,1.0.0,response_to_clock_rate_0.25,1.0,0.25,1.0,1.0
F1,0.001211527658628589,clock characteristic time,analytic,combined,9.169116052524776e-08,9.169116052524776e-08,,not_applicable_deterministic,lambda=1;kappa=0.25;rho_inf=1,1.0.0,response_to_clock_rate_0.25,1.0,0.25,1.0,1.0
F1,0.0012589254117941675,clock characteristic time,analytic,combined,9.900388282896468e-08,9.900388282896468e-08,,not_applicable_deterministic,lambda=1;kappa=0.25;rho_inf=1,1.0.0,response_to_clock_rate_0.25,1.0,0.25,1.0,1.0
F1,0.0013081774742601943,clock characteristic time,analytic,combined,1.0689974026547076e-07,1.0689974026547076e-07,,not_applicable_deterministic,lambda=1;kappa=0.25;rho_inf=1,1.0.0,response_to_clock_rate_0.25,1.0,0.25,1.0,1.0
F1,0.0013593563908785254,clock characteristic time,analytic,combined,1.1542522344597311e-07,1.1542522344597311e-07,,not_applicable_deterministic,lambda=1;kappa=0.25;rho_inf=1,1.0.0,response_to_clock_rate_0.25,1.0,0.25,1.0,1.0
F1,0.001412537544622754,clock characteristic time,analytic,combined,1.246305282299605e-07,1.246305282299605e-07,,not_applicable_deterministic,lambda=1;kappa=0.25;rho_inf=1,1.0.0,response_to_clock_rate_0.25,1.0,0.25,1.0,1.0
F1,0.001467799267622069,clock characteristic time,analytic,combined,1.3456985087953228e-07,1.3456985087953228e-07,,not_applicable_deterministic,lambda=1;kappa=0.25;rho_inf=1,1.0.0,response_to_clock_rate_0.25,1.0,0.25,1.0,1.0
F1,0.0015252229565390183,clock characteristic time,analytic,combined,1.453017067066264e-07,1.453017067066264e-07,,not_applicable_deterministic,lambda=1;kappa=0.25;rho_inf=1,1.0.0,response_to_clock_rate_0.25,1.0,0.25,1.0,1.0
F1,0.001584893192461114,clock characteristic time,analytic,combined,1.56889274081407e-07,1.56889274081407e-07,,not_applicable_deterministic,lambda=1;kappa=0.25;rho_inf=1,1.0.0,response_to_clock_rate_0.25,1.0,0.25,1.0,1.0
F1,0.0016468978654828688,clock characteristic time,analytic,combined,1.694007658177025e-07,1.694007658177025e-07,,not_applicable_deterministic,lambda=1;kappa=0.25;rho_inf=1,1.0.0,response_to_clock_rate_0.25,1.0,0.25,1.0,1.0
F1,0.001711328304161781,clock characteristic time,analytic,combined,1.829098301110094e-07,1.829098301110094e-07,,not_applicable_deterministic,lambda=1;kappa=0.25;rho_inf=1,1.0.0,response_to_clock_rate_0.25,1.0,0.25,1.0,1.0
F1,0.0017782794100389228,clock characteristic time,analytic,combined,1.974959833782972e-07,1.974959833782972e-07,,not_applicable_deterministic,lambda=1;kappa=0.25;rho_inf=1,1.0.0,response_to_clock_rate_0.25,1.0,0.25,1.0,1.0
F1,0.0018478497974222907,clock characteristic time,analytic,combined,2.1324507753323786e-07,2.1324507753323786e-07,,not_applicable_deterministic,lambda=1;kappa=0.25;rho_inf=1,1.0.0,response_to_clock_rate_0.25,1.0,0.25,1.0,1.0
F1,0.001920141938638801,clock characteristic time,analytic,combined,2.3024980443411218e-07,2.3024980443411218e-07,,not_applicable_deterministic,lambda=1;kappa=0.25;rho_inf=1,1.0.0,response_to_clock_rate_0.25,1.0,0.25,1.0,1.0
F1,0.001995262314968879,clock characteristic time,analytic,combined,2.4861024045540766e-07,2.4861024045540766e-07,,not_applicable_deterministic,lambda=1;kappa=0.25;rho_inf=1,1.0.0,response_to_clock_rate_0.25,1.0,0.25,1.0,1.0
F1,0.002073321573485954,clock characteristic time,analytic,combined,2.684344343709136e-07,2.684344343709136e-07,,not_applicable_deterministic,lambda=1;kappa=0.25;rho_inf=1,1.0.0,response_to_clock_rate_0.25,1.0,0.25,1.0,1.0
F1,0.0021544346900318843,clock characteristic time,analytic,combined,2.8983904198651807e-07,2.8983904198651807e-07,,not_applicable_deterministic,lambda=1;kappa=0.25;rho_inf=1,1.0.0,response_to_clock_rate_0.25,1.0,0.25,1.0,1.0
F1,0.00223872113856834,clock characteristic time,analytic,combined,3.1295001123453405e-07,3.1295001123453405e-07,,not_applicable_deterministic,lambda=1;kappa=0.25;rho_inf=1,1.0.0,response_to_clock_rate_0.25,1.0,0.25,1.0,1.0
F1,0.0023263050671536263,clock characteristic time,analytic,combined,3.3790332173469674e-07,3.3790332173469674e-07,,not_applicable_deterministic,lambda=1;kappa=0.25;rho_inf=1,1.0.0,response_to_clock_rate_0.25,1.0,0.25,1.0,1.0
F1,0.0024173154808041037,clock characteristic time,analytic,combined,3.648457831440225e-07,3.648457831440225e-07,,not_applicable_deterministic,lambda=1;kappa=0.25;rho_inf=1,1.0.0,response_to_clock_rate_0.25,1.0,0.25,1.0,1.0
F1,0.0025118864315095794,clock characteristic time,analytic,combined,3.9393589696048643e-07,3.9393589696048643e-07,,not_applicable_deterministic,lambda=1;kappa=0.25;rho_inf=1,1.0.0,response_to_clock_rate_0.25,1.0,0.25,1.0,1.0
F1,0.0026101572156825357,clock characteristic time,analytic,combined,4.2534478681293285e-07,4.2534478681293285e-07,,not_applicable_deterministic,lambda=1;kappa=0.25;rho_inf=1,1.0.0,response_to_clock_rate_0.25,1.0,0.25,1.0,1.0
F1,0.0027122725793320298,clock characteristic time,analytic,combined,4.592572026696371e-07,4.592572026696371e-07,,not_applicable_deterministic,lambda=1;kappa=0.25;rho_inf=1,1.0.0,response_to_clock_rate_0.25,1.0,0.25,1.0,1.0
F1,0.002818382931264455,clock characteristic time,analytic,combined,4.958726048255136e-07,4.958726048255136e-07,,not_applicable_deterministic,lambda=1;kappa=0.25;rho_inf=1,1.0.0,response_to_clock_rate_0.25,1.0,0.25,1.0,1.0
F1,0.0029286445646252374,clock characteristic time,analytic,combined,5.354063339925277e-07,5.354063339925277e-07,,not_applicable_deterministic,lambda=1;kappa=0.25;rho_inf=1,1.0.0,response_to_clock_rate_0.25,1.0,0.25,1.0,1.0
F1,0.003043219887107722,clock characteristic time,analytic,combined,5.780908743165634e-07,5.780908743165634e-07,,not_applicable_deterministic,lambda=1;kappa=0.25;rho_inf=1,1.0.0,response_to_clock_rate_0.25,1.0,0.25,1.0,1.0
F1,0.0031622776601683794,clock characteristic time,analytic,combined,6.241772166833929e-07,6.241772166833929e-07,,not_applicable_deterministic,lambda=1;kappa=0.25;rho_inf=1,1.0.0,response_to_clock_rate_0.25,1.0,0.25,1.0,1.0
F1,0.003285993247600654,clock characteristic time,analytic,combined,6.739363302566333e-07,6.739363302566333e-07,,not_applicable_deterministic,lambda=1;kappa=0.25;rho_inf=1,1.0.0,response_to_clock_rate_0.25,1.0,0.25,1.0,1.0
F1,0.003414548873833601,clock characteristic time,analytic,combined,7.27660750819026e-07,7.27660750819026e-07,,not_applicable_deterministic,lambda=1;kappa=0.25;rho_inf=1,1.0.0,response_to_clock_rate_0.25,1.0,0.25,1.0,1.0
F1,0.0035481338923357532,clock characteristic time,analytic,combined,7.856662951625251e-07,7.856662951625251e-07,,not_applicable_deterministic,lambda=1;kappa=0.25;rho_inf=1,1.0.0,response_to_clock_rate_0.25,1.0,0.25,1.0,1.0
F1,0.0036869450645195733,clock characteristic time,analytic,combined,8.48293911502222e-07,8.48293911502222e-07,,not_applicable_deterministic,lambda=1;kappa=0.25;rho_inf=1,1.0.0,response_to_clock_rate_0.25,1.0,0.25,1.0,1.0
F1,0.003831186849557289,clock characteristic time,analytic,combined,9.159116766758767e-07,9.159116766758767e-07,,not_applicable_deterministic,lambda=1;kappa=0.25;rho_inf=1,1.0.0,response_to_clock_rate_0.25,1.0,0.25,1.0,1.0
F1,0.003981071705534973,clock characteristic time,analytic,combined,9.889169517370524e-07,9.889169517370524e-07,,not_applicable_deterministic,lambda=1;kappa=0.25;rho_inf=1,1.0.0,response_to_clock_rate_0.25,1.0,0.25,1.0,1.0
F1,0.004136820402388507,clock characteristic time,analytic,combined,1.0677387084645963e-06,1.0677387084645963e-06,,not_applicable_deterministic,lambda=1;kappa=0.25;rho_inf=1,1.0.0,response_to_clock_rate_0.25,1.0,0.25,1.0,1.0
F1,0.004298662347082277,clock characteristic time,analytic,combined,1.1528400402957807e-06,1.1528400402957807e-06,,not_applicable_deterministic,lambda=1;kappa=0.25;rho_inf=1,1.0.0,response_to_clock_rate_0.25,1.0,0.25,1.0,1.0
F1,0.0044668359215096305,clock characteristic time,analytic,combined,1.2447208722520533e-06,1.2447208722520533e-06,,not_applicable_deterministic,lambda=1;kappa=0.25;rho_inf=1,1.0.0,response_to_clock_rate_0.25,1.0,0.25,1.0,1.0
F1,0.004641588833612777,clock characteristic time,analytic,combined,1.3439208855770804e-06,1.3439208855770804e-06,,not_applicable_deterministic,lambda=1;kappa=0.25;rho_inf=1,1.0.0,response_to_clock_rate_0.25,1.0,0.25,1.0,1.0
F1,0.004823178482239309,clock characteristic time,analytic,combined,1.4510226740228206e-06,1.4510226740228206e-06,,not_applicable_deterministic,lambda=1;kappa=0.25;rho_inf=1,1.0.0,response_to_clock_rate_0.25,1.0,0.25,1.0,1.0
F1,0.005011872336272725,clock characteristic time,analytic,combined,1.5666551500815544e-06,1.5666551500815544e-06,,not_applicable_deterministic,lambda=1;kappa=0.25;rho_inf=1,1.0.0,response_to_clock_rate_0.25,1.0,0.25,1.0,1.0
F1,0.005207948328595465,clock characteristic time,analytic,combined,1.69149722086114e-06,1.69149722086114e-06,,not_applicable_deterministic,lambda=1;kappa=0.25;rho_inf=1,1.0.0,response_to_clock_rate_0.25,1.0,0.25,1.0,1.0
F1,0.0054116952654646375,clock characteristic time,analytic,combined,1.8262817548665734e-06,1.8262817548665734e-06,,not_applicable_deterministic,lambda=1;kappa=0.25;rho_inf=1,1.0.0,response_to_clock_rate_0.25,1.0,0.25,1.0,1.0
F1,0.005623413251903491,clock characteristic time,analytic,combined,1.971799862616136e-06,1.971799862616136e-06,,not_applicable_deterministic,lambda=1;kappa=0.25;rho_inf=1,1.0.0,response_to_clock_rate_0.25,1.0,0.25,1.0,1.0
F1,0.005843414133735175,clock characteristic time,analytic,combined,2.1289055157988027e-06,2.1289055157988027e-06,,not_applicable_deterministic,lambda=1;kappa=0.25;rho_inf=1,1.0.0,response_to_clock_rate_0.25,1.0,0.25,1.0,1.0
F1,0.006072021956909884,clock characteristic time,analytic,combined,2.298520531637718e-06,2.298520531637718e-06,,not_applicable_deterministic,lambda=1;kappa=0.25;rho_inf=1,1.0.0,response_to_clock_rate_0.25,1.0,0.25,1.0,1.0
F1,0.006309573444801929,clock characteristic time,analytic,combined,2.481639951176271e-06,2.481639951176271e-06,,not_applicable_deterministic,lambda=1;kappa=0.25;rho_inf=1,1.0.0,response_to_clock_rate_0.25,1.0,0.25,1.0,1.0
F1,0.006556418494179785,clock characteristic time,analytic,combined,2.6793378424801103e-06,2.6793378424801103e-06,,not_applicable_deterministic,lambda=1;kappa=0.25;rho_inf=1,1.0.0,response_to_clock_rate_0.25,1.0,0.25,1.0,1.0
F1,0.006812920690579615,clock characteristic time,analytic,combined,2.8927735621373406e-06,2.8927735621373406e-06,,not_applicable_deterministic,lambda=1;kappa=0.25;rho_inf=1,1.0.0,response_to_clock_rate_0.25,1.0,0.25,1.0,1.0
F1,0.00707945784384138,clock characteristic time,analytic,combined,3.123198511062215e-06,3.123198511062215e-06,,not_applicable_deterministic,lambda=1;kappa=0.25;rho_inf=1,1.0.0,response_to_clock_rate_0.25,1.0,0.25,1.0,1.0
F1,0.007356422544596414,clock characteristic time,analytic,combined,3.371963423391743e-06,3.371963423391743e-06,,not_applicable_deterministic,lambda=1;kappa=0.25;rho_inf=1,1.0.0,response_to_clock_rate_0.25,1.0,0.25,1.0,1.0
F1,0.007644222742526002,clock characteristic time,analytic,combined,3.640526230307341e-06,3.640526230307341e-06,,not_applicable_deterministic,lambda=1;kappa=0.25;rho_inf=1,1.0.0,response_to_clock_rate_0.25,1.0,0.25,1.0,1.0
F1,0.007943282347242814,clock characteristic time,analytic,combined,3.930460543840786e-06,3.930460543840786e-06,,not_applicable_deterministic,lambda=1;kappa=0.25;rho_inf=1,1.0.0,response_to_clock_rate_0.25,1.0,0.25,1.0,1.0
F1,0.008254041852680182,clock characteristic time,analytic,combined,4.243464809233662e-06,4.243464809233662e-06,,not_applicable_deterministic,lambda=1;kappa=0.25;rho_inf=1,1.0.0,response_to_clock_rate_0.25,1.0,0.25,1.0,1.0
F1,0.008576958985908946,clock characteristic time,analytic,combined,4.581372178193024e-06,4.581372178193024e-06,,not_applicable_deterministic,lambda=1;kappa=0.25;rho_inf=1,1.0.0,response_to_clock_rate_0.25,1.0,0.25,1.0,1.0
F1,0.008912509381337459,clock characteristic time,analytic,combined,4.946161159417195e-06,4.946161159417195e-06,,not_applicable_deterministic,lambda=1;kappa=0.25;rho_inf=1,1.0.0,response_to_clock_rate_0.25,1.0,0.25,1.0,1.0
F1,0.009261187281287938,clock characteristic time,analytic,combined,5.339967107162906e-06,5.339967107162906e-06,,not_applicable_deterministic,lambda=1;kappa=0.25;rho_inf=1,1.0.0,response_to_clock_rate_0.25,1.0,0.25,1.0,1.0
F1,0.009623506263980888,clock characteristic time,analytic,combined,5.765094613280071e-06,5.765094613280071e-06,,not_applicable_deterministic,lambda=1;kappa=0.25;rho_inf=1,1.0.0,response_to_clock_rate_0.25,1.0,0.25,1.0,1.0
F1,0.01,clock characteristic time,analytic,combined,6.224030873231664e-06,6.224030873231664e-06,,not_applicable_deterministic,lambda=1;kappa=0.25;rho_inf=1,1.0.0,response_to_clock_rate_0.25,1.0,0.25,1.0,1.0
F1,0.01039122303835169,clock characteristic time,analytic,combined,6.71946010200662e-06,6.71946010200662e-06,,not_applicable_deterministic,lambda=1;kappa=0.25;rho_inf=1,1.0.0,response_to_clock_rate_0.25,1.0,0.25,1.0,1.0
F1,0.010797751623277093,clock characteristic time,analytic,combined,7.254279081726464e-06,7.254279081726464e-06,,not_applicable_deterministic,lambda=1;kappa=0.25;rho_inf=1,1.0.0,response_to_clock_rate_0.25,1.0,0.25,1.0,1.0
F1,0.011220184543019636,clock characteristic time,analytic,combined,7.831613928982386e-06,7.831613928982386e-06,,not_applicable_deterministic,lambda=1;kappa=0.25;rho_inf=1,1.0.0,response_to_clock_rate_0.25,1.0,0.25,1.0,1.0
F1,0.011659144011798317,clock characteristic time,analytic,combined,8.454838176732897e-06,8.454838176732897e-06,,not_applicable_deterministic,lambda=1;kappa=0.25;rho_inf=1,1.0.0,response_to_clock_rate_0.25,1.0,0.25,1.0,1.0
F1,0.012115276586285882,clock characteristic time,analytic,combined,9.127592272832614e-06,9.127592272832614e-06,,not_applicable_deterministic,lambda=1;kappa=0.25;rho_inf=1,1.0.0,response_to_clock_rate_0.25,1.0,0.25,1.0,1.0
F1,0.012589254117941675,clock characteristic time,analytic,combined,9.853804605085194e-06,9.853804605085194e-06,,not_applicable_deterministic,lambda=1;kappa=0.25;rho_inf=1,1.0.0,response_to_clock_rate_0.25,1.0,0.25,1.0,1.0
F1,0.013081774742601943,clock characteristic time,analytic,combined,1.0637714171099744e-05,1.0637714171099744e-05,,not_applicable_deterministic,lambda=1;kappa=0.25;rho_inf=1,1.0.0,response_to_clock_rate_0.25,1.0,0.25,1.0,1.0
F1,0.013593563908785255,clock characteristic time,analytic,combined,1.1483895020225566e-05,1.1483895020225566e-05,,not_applicable_deterministic,lambda=1;kappa=0.25;rho_inf=1,1.0.0,response_to_clock_rate_0.25,1.0,0.25,1.0,1.0
F1,0.01412537544622754,clock characteristic time,analytic,combined,1.239728260456396e-05,1.239728260456396e-05,,not_applicable_deterministic,lambda=1;kappa=0.25;rho_inf=1,1.0.0,response_to_clock_rate_0.25,1.0,0.25,1.0,1.0
F1,0.014677992676220698,clock characteristic time,analytic,combined,1.338320218639908e-05,1.338320218639908e-05,,not_applicable_deterministic,lambda=1;kappa=0.25;rho_inf=1,1.0.0,response_to_clock_rate_0.25,1.0,0.25,1.0,1.0
F1,0.01525222956539019,clock characteristic time,analytic,combined,1.4447399460610883e-05,1.4447399460610883e-05,,not_applicable_deterministic,lambda=1;kappa=0.25;rho_inf=1,1.0.0,response_to_clock_rate_0.25,1.0,0.25,1.0,1.0
F1,0.015848931924611134,clock characteristic time,analytic,combined,1.5596073562566128e-05,1.5596073562566128e-05,,not_applicable_deterministic,lambda=1;kappa=0.25;rho_inf=1,1.0.0,response_to_clock_rate_0.25,1.0,0.25,1.0,1.0
F1,0.01646897865482868,clock characteristic time,analytic,combined,1.683591264488828e-05,1.683591264488828e-05,,not_applicable_deterministic,lambda=1;kappa=0.25;rho_inf=1,1.0.0,response_to_clock_rate_0.25,1.0,0.25,1.0,1.0
F1,0.01711328304161781,clock characteristic time,analytic,combined,1.8174132220266483e-05,1.8174132220266483e-05,,not_applicable_deterministic,lambda=1;kappa=0.25;rho_inf=1,1.0.0,response_to_clock_rate_0.25,1.0,0.25,1.0,1.0
F1,0.01778279410038923,clock characteristic time,analytic,combined,1.961851648230952e-05,1.961851648230952e-05,,not_applicable_deterministic,lambda=1;kappa=0.25;rho_inf=1,1.0.0,response_to_clock_rate_0.25,1.0,0.25,1.0,1.0
F1,0.018478497974222907,clock characteristic time,analytic,combined,2.1177462832255693e-05,2.1177462832255693e-05,,not_applicable_deterministic,lambda=1;kappa=0.25;rho_inf=1,1.0.0,response_to_clock_rate_0.25,1.0,0.25,1.0,1.0
F1,0.01920141938638801,clock characteristic time,analytic,combined,2.2860029856447526e-05,2.2860029856447526e-05,,not_applicable_deterministic,lambda=1;kappa=0.25;rho_inf=1,1.0.0,response_to_clock_rate_0.25,1.0,0.25,1.0,1.0
F1,0.0199526231496888,clock characteristic time,analytic,combined,2.4675989017631806e-05,2.4675989017631806e-05,,not_applicable_deterministic,lambda=1;kappa=0.25;rho_inf=1,1.0.0,response_to_clock_rate_0.25,1.0,0.25,1.0,1.0
F1,0.02073321573485955,clock characteristic time,analytic,combined,2.6635880342699792e-05,2.6635880342699792e-05,,not_applicable_deterministic,lambda=1;kappa=0.25;rho_inf=1,1.0.0,response_to_clock_rate_0.25,1.0,0.25,1.0,1.0
F1,0.021544346900318832,clock characteristic time,analytic,combined,2.8751072410460223e-05,2.8751072410460223e-05,,not_applicable_deterministic,lambda=1;kappa=0.25;rho_inf=1,1.0.0,response_to_clock_rate_0.25,1.0,0.25,1.0,1.0
F1,0.0223872113856834,clock characteristic time,analytic,combined,3.103382696530219e-05,3.103382696530219e-05,,not_applicable_deterministic,lambda=1;kappa=0.25;rho_inf=1,1.0.0,response_to_clock_rate_0.25,1.0,0.25,1.0,1.0
F1,0.02326305067153626,clock characteristic time,analytic,combined,3.349736850670461e-05,3.349736850670461e-05,,not_applicable_deterministic,lambda=1;kappa=0.25;rho_inf=1,1.0.0,response_to_clock_rate_0.25,1.0,0.25,1.0,1.0
F1,0.024173154808041036,clock characteristic time,analytic,combined,3.615595923006764e-05,3.615595923006764e-05,,not_applicable_deterministic,lambda=1;kappa=0.25;rho_inf=1,1.0.0,response_to_clock_rate_0.25,1.0,0.25,1.0,1.0
F1,0.025118864315095794,clock characteristic time,analytic,combined,3.90249797218109e-05,3.90249797218109e-05,,not_applicable_deterministic,lambda=1;kappa=0.25;rho_inf=1,1.0.0,response_to_clock_rate_0.25,1.0,0.25,1.0,1.0
F1,0.026101572156825372,clock characteristic time,analytic,combined,4.212101584097591e-05,4.212101584097591e-05,,not_applicable_deterministic,lambda=1;kappa=0.25;rho_inf=1,1.0.0,response_to_clock_rate_0.25,1.0,0.25,1.0,1.0
F1,0.02712272579332028,clock characteristic time,analytic,combined,4.546195225081484e-05,4.546195225081484e-05,,not_applicable_deterministic,lambda=1;kappa=0.25;rho_inf=1,1.0.0,response_to_clock_rate_0.25,1.0,0.25,1.0,1.0
F1,0.028183829312644536,clock characteristic time,analytic,combined,4.906707309731188e-05,4.906707309731188e-05,,not_applicable_deterministic,lambda=1;kappa=0.25;rho_inf=1,1.0.0,response_to_clock_rate_0.25,1.0,0.25,1.0,1.0
F1,0.02928644564625236,clock characteristic time,analytic,combined,5.2957170367225015e-05,5.2957170367225015e-05,,not_applicable_deterministic,lambda=1;kappa=0.25;rho_inf=1,1.0.0,response_to_clock_rate_0.25,1.0,0.25,1.0,1.0
F1,0.03043219887107722,clock characteristic time,analytic,combined,5.71546604962607e-05,5.71546604962607e-05,,not_applicable_deterministic,lambda=1;kappa=0.25;rho_inf=1,1.0.0,response_to_clock_rate_0.25,1.0,0.25,1.0,1.0
F1,0.03162277660168379,clock characteristic time,analytic,combined,6.168370983859308e-05,6.168370983859308e-05,,not_applicable_deterministic,lambda=1;kappa=0.25;rho_inf=1,1.0.0,response_to_clock_rate_0.25,1.0,0.25,1.0,1.0
F1,0.03285993247600654,clock characteristic time,analytic,combined,6.657036965205797e-05,6.657036965205797e-05,,not_applicable_deterministic,lambda=1;kappa=0.25;rho_inf=1,1.0.0,response_to_clock_rate_0.25,1.0,0.25,1.0,1.0
F1,0.034145488738336005,clock characteristic time,analytic,combined,7.184272129950996e-05,7.184272129950996e-05,,not_applicable_deterministic,lambda=1;kappa=0.25;rho_inf=1,1.0.0,response_to_clock_rate_0.25,1.0,0.25,1.0,1.0
F1,0.03548133892335755,clock characteristic time,analytic,combined,7.753103241556712e-05,7.753103241556712e-05,,not_applicable_deterministic,lambda=1;kappa=0.25;rho_inf=1,1.0.0,response_to_clock_rate_0.25,1.0,0.25,1.0,1.0
F1,0.03686945064519575,clock characteristic time,analytic,combined,8.366792484028619e-05,8.366792484028619e-05,,not_applicable_deterministic,lambda=1;kappa=0.25;rho_inf=1,1.0.0,response_to_clock_rate_0.25,1.0,0.25,1.0,1.0
F1,0.03831186849557287,clock characteristic time,analytic,combined,9.028855517635557e-05,9.028855517635557e-05,,not_applicable_deterministic,lambda=1;kappa=0.25;rho_inf=1,1.0.0,response_to_clock_rate_0.25,1.0,0.25,1.0,1.0
F1,0.039810717055349734,clock characteristic time,analytic,combined,9.743080888536028e-05,9.743080888536028e-05,,not_applicable_deterministic,lambda=1;kappa=0.25;rho_inf=1,1.0.0,response_to_clock_rate_0.25,1.0,0.25,1.0,1.0
F1,0.04136820402388507,clock characteristic time,analytic,combined,0.00010513550890081624,0.00010513550890081624,,not_applicable_deterministic,lambda=1;kappa=0.25;rho_inf=1,1.0.0,response_to_clock_rate_0.25,1.0,0.25,1.0,1.0
F1,0.042986623470822764,clock characteristic time,analytic,combined,0.00011344663980172638,0.00011344663980172638,,not_applicable_deterministic,lambda=1;kappa=0.25;rho_inf=1,1.0.0,response_to_clock_rate_0.25,1.0,0.25,1.0,1.0
F1,0.0446683592150963,clock characteristic time,analytic,combined,0.0001224115886604866,0.0001224115886604866,,not_applicable_deterministic,lambda=1;kappa=0.25;rho_inf=1,1.0.0,response_to_clock_rate_0.25,1.0,0.25,1.0,1.0
F1,0.046415888336127795,clock characteristic time,analytic,combined,0.00013208140375268348,0.00013208140375268348,,not_applicable_deterministic,lambda=1;kappa=0.25;rho_inf=1,1.0.0,response_to_clock_rate_0.25,1.0,0.25,1.0,1.0
F1,0.04823178482239307,clock characteristic time,analytic,combined,0.00014251107239479237,0.00014251107239479237,,not_applicable_deterministic,lambda=1;kappa=0.25;rho_inf=1,1.0.0,response_to_clock_rate_0.25,1.0,0.25,1.0,1.0
F1,0.05011872336272722,clock characteristic time,analytic,combined,0.00015375981925805864,0.00015375981925805864,,not_applicable_deterministic,lambda=1;kappa=0.25;rho_inf=1,1.0.0,response_to_clock_rate_0.25,1.0,0.25,1.0,1.0
F1,0.052079483285954624,clock characteristic time,analytic,combined,0.00016589142659404694,0.00016589142659404694,,not_applicable_deterministic,lambda=1;kappa=0.25;rho_inf=1,1.0.0,response_to_clock_rate_0.25,1.0,0.25,1.0,1.0
F1,0.054116952654646375,clock characteristic time,analytic,combined,0.00017897457789884898,0.00017897457789884898,,not_applicable_deterministic,lambda=1;kappa=0.25;rho_inf=1,1.0.0,response_to_clock_rate_0.25,1.0,0.25,1.0,1.0
F1,0.056234132519034905,clock characteristic time,analytic,combined,0.00019308322663928894,0.00019308322663928894,,not_applicable_deterministic,lambda=1;kappa=0.25;rho_inf=1,1.0.0,response_to_clock_rate_0.25,1.0,0.25,1.0,1.0
F1,0.05843414133735175,clock characteristic time,analytic,combined,0.00020829699176570449,0.00020829699176570449,,not_applicable_deterministic,lambda=1;kappa=0.25;rho_inf=1,1.0.0,response_to_clock_rate_0.25,1.0,0.25,1.0,1.0
F1,0.060720219569098836,clock characteristic time,analytic,combined,0.00022470158184177761,0.00022470158184177761,,not_applicable_deterministic,lambda=1;kappa=0.25;rho_inf=1,1.0.0,response_to_clock_rate_0.25,1.0,0.25,1.0,1.0
F1,0.06309573444801933,clock characteristic time,analytic,combined,0.00024238924973303132,0.00024238924973303132,,not_applicable_deterministic,lambda=1;kappa=0.25;rho_inf=1,1.0.0,response_to_clock_rate_0.25,1.0,0.25,1.0,1.0
F1,0.06556418494179789,clock characteristic time,analytic,combined,0.0002614592799113669,0.0002614592799113669,,not_applicable_deterministic,lambda=1;kappa=0.25;rho_inf=1,1.0.0,response_to_clock_rate_0.25,1.0,0.25,1.0,1.0
F1,0.06812920690579612,clock characteristic time,analytic,combined,0.0002820185105539368,0.0002820185105539368,,not_applicable_deterministic,lambda=1;kappa=0.25;rho_inf=1,1.0.0,response_to_clock_rate_0.25,1.0,0.25,1.0,1.0
F1,0.07079457843841377,clock characteristic time,analytic,combined,0.0003041818927403858,0.0003041818927403858,,not_applicable_deterministic,lambda=1;kappa=0.25;rho_inf=1,1.0.0,response_to_clock_rate_0.25,1.0,0.25,1.0,1.0
F1,0.07356422544596414,clock characteristic time,analytic,combined,0.0003280730891827538,0.0003280730891827538,,not_applicable_deterministic,lambda=1;kappa=0.25;rho_inf=1,1.0.0,response_to_clock_rate_0.25,1.0,0.25,1.0,1.0
F1,0.07644222742526002,clock characteristic time,analytic,combined,0.0003538251150574563,0.0003538251150574563,,not_applicable_deterministic,lambda=1;kappa=0.25;rho_inf=1,1.0.0,response_to_clock_rate_0.25,1.0,0.25,1.0,1.0
F1,0.07943282347242814,clock characteristic time,analytic,combined,0.00038158102364806086,0.00038158102364806086,,not_applicable_deterministic,lambda=1;kappa=0.25;rho_inf=1,1.0.0,response_to_clock_rate_0.25,1.0,0.25,1.0,1.0
F1,0.08254041852680186,clock characteristic time,analytic,combined,0.0004114946396506244,0.0004114946396506244,,not_applicable_deterministic,lambda=1;kappa=0.25;rho_inf=1,1.0.0,response_to_clock_rate_0.25,1.0,0.25,1.0,1.0
F1,0.08576958985908942,clock characteristic time,analytic,combined,0.00044373134314054625,0.00044373134314054625,,not_applicable_deterministic,lambda=1;kappa=0.25;rho_inf=1,1.0.0,response_to_clock_rate_0.25,1.0,0.25,1.0,1.0
F1,0.08912509381337455,clock characteristic time,analytic,combined,0.0004784689073494122,0.0004784689073494122,,not_applicable_deterministic,lambda=1;kappa=0.25;rho_inf=1,1.0.0,response_to_clock_rate_0.25,1.0,0.25,1.0,1.0
F1,0.09261187281287933,clock characteristic time,analytic,combined,0.0005158983935529675,0.0005158983935529675,,not_applicable_deterministic,lambda=1;kappa=0.25;rho_inf=1,1.0.0,response_to_clock_rate_0.25,1.0,0.25,1.0,1.0
F1,0.09623506263980887,clock characteristic time,analytic,combined,0.0005562251065249965,0.0005562251065249965,,not_applicable_deterministic,lambda=1;kappa=0.25;rho_inf=1,1.0.0,response_to_clock_rate_0.25,1.0,0.25,1.0,1.0
F1,0.1,clock characteristic time,analytic,combined,0.0005996696141669047,0.0005996696141669047,,not_applicable_deterministic,lambda=1;kappa=0.25;rho_inf=1,1.0.0,response_to_clock_rate_0.25,1.0,0.25,1.0,1.0
F1,0.10391223038351691,clock characteristic time,analytic,combined,0.0006464688350771952,0.0006464688350771952,,not_applicable_deterministic,lambda=1;kappa=0.25;rho_inf=1,1.0.0,response_to_clock_rate_0.25,1.0,0.25,1.0,1.0
F1,0.10797751623277094,clock characteristic time,analytic,combined,0.0006968771979776373,0.0006968771979776373,,not_applicable_deterministic,lambda=1;kappa=0.25;rho_inf=1,1.0.0,response_to_clock_rate_0.25,1.0,0.25,1.0,1.0
F1,0.1122018454301963,clock characteristic time,analytic,combined,0.0007511678770631977,0.0007511678770631977,,not_applicable_deterministic,lambda=1;kappa=0.25;rho_inf=1,1.0.0,response_to_clock_rate_0.25,1.0,0.25,1.0,1.0
F1,0.11659144011798311,clock characteristic time,analytic,combined,0.0008096341074877864,0.0008096341074877864,,not_applicable_deterministic,lambda=1;kappa=0.25;rho_inf=1,1.0.0,response_to_clock_rate_0.25,1.0,0.25,1.0,1.0
F1,0.12115276586285889,clock characteristic time,analytic,combined,0.0008725905853365003,0.0008725905853365003,,not_applicable_deterministic,lambda=1;kappa=0.25;rho_inf=1,1.0.0,response_to_clock_rate_0.25,1.0,0.25,1.0,1.0
F1,0.12589254117941676,clock characteristic time,analytic,combined,0.0009403749565648666,0.0009403749565648666,,not_applicable_deterministic,lambda=1;kappa=0.25;rho_inf=1,1.0.0,response_to_clock_rate_0.25,1.0,0.25,1.0,1.0
F1,0.13081774742601943,clock characteristic time,analytic,combined,0.0010133493995043714,0.0010133493995043714,,not_applicable_deterministic,lambda=1;kappa=0.25;rho_inf=1,1.0.0,response_to_clock_rate_0.25,1.0,0.25,1.0,1.0
F1,0.13593563908785256,clock characteristic time,analytic,combined,0.0010919023056377944,0.0010919023056377944,,not_applicable_deterministic,lambda=1;kappa=0.25;rho_inf=1,1.0.0,response_to_clock_rate_0.25,1.0,0.25,1.0,1.0
F1,0.1412537544622754,clock characteristic time,analytic,combined,0.0011764500634351604,0.0011764500634351604,,not_applicable_deterministic,lambda=1;kappa=0.25;rho_inf=1,1.0.0,response_to_clock_rate_0.25,1.0,0.25,1.0,1.0
F1,0.1467799267622069,clock characteristic time,analytic,combined,0.001267438950108097,0.001267438950108097,,not_applicable_deterministic,lambda=1;kappa=0.25;rho_inf=1,1.0.0,response_to_clock_rate_0.25,1.0,0.25,1.0,1.0
F1,0.15252229565390182,clock characteristic time,analytic,combined,0.0013653471361813447,0.0013653471361813447,,not_applicable_deterministic,lambda=1;kappa=0.25;rho_inf=1,1.0.0,response_to_clock_rate_0.25,1.0,0.25,1.0,1.0
F1,0.1584893192461114,clock characteristic time,analytic,combined,0.0014706868077937055,0.0014706868077937055,,not_applicable_deterministic,lambda=1;kappa=0.25;rho_inf=1,1.0.0,response_to_clock_rate_0.25,1.0,0.25,1.0,1.0
F1,0.1646897865482869,clock characteristic time,analytic,combined,0.0015840064116188343,0.0015840064116188343,,not_applicable_deterministic,lambda=1;kappa=0.25;rho_inf=1,1.0.0,response_to_clock_rate_0.25,1.0,0.25,1.0,1.0
F1,0.1711328304161781,clock characteristic time,analytic,combined,0.0017058930272355931,0.0017058930272355931,,not_applicable_deterministic,lambda=1;kappa=0.25;rho_inf=1,1.0.0,response_to_clock_rate_0.25,1.0,0.25,1.0,1.0
F1,0.1778279410038923,clock characteristic time,analytic,combined,0.0018369748716723202,0.0018369748716723202,,not_applicable_deterministic,lambda=1;kappa=0.25;rho_inf=1,1.0.0,response_to_clock_rate_0.25,1.0,0.25,1.0,1.0
F1,0.18478497974222907,clock characteristic time,analytic,combined,0.001977923940690887,0.001977923940690887,,not_applicable_deterministic,lambda=1;kappa=0.25;rho_inf=1,1.0.0,response_to_clock_rate_0.25,1.0,0.25,1.0,1.0
F1,0.1920141938638801,clock characteristic time,analytic,combined,0.002129458791160494,0.002129458791160494,,not_applicable_deterministic,lambda=1;kappa=0.25;rho_inf=1,1.0.0,response_to_clock_rate_0.25,1.0,0.25,1.0,1.0
F1,0.19952623149688786,clock characteristic time,analytic,combined,0.002292347468588217,0.002292347468588217,,not_applicable_deterministic,lambda=1;kappa=0.25;rho_inf=1,1.0.0,response_to_clock_rate_0.25,1.0,0.25,1.0,1.0
F1,0.2073321573485954,clock characteristic time,analytic,combined,0.002467410583515422,0.002467410583515422,,not_applicable_deterministic,lambda=1;kappa=0.25;rho_inf=1,1.0.0,response_to_clock_rate_0.25,1.0,0.25,1.0,1.0
F1,0.21544346900318845,clock characteristic time,analytic,combined,0.002655524540048393,0.002655524540048393,,not_applicable_deterministic,lambda=1;kappa=0.25;rho_inf=1,1.0.0,response_to_clock_rate_0.25,1.0,0.25,1.0,1.0
F1,0.223872113856834,clock characteristic time,analytic,combined,0.0028576249192564618,0.0028576249192564618,,not_applicable_deterministic,lambda=1;kappa=0.25;rho_inf=1,1.0.0,response_to_clock_rate_0.25,1.0,0.25,1.0,1.0
F1,0.23263050671536262,clock characteristic time,analytic,combined,0.0030747100195340532,0.0030747100195340532,,not_applicable_deterministic,lambda=1;kappa=0.25;rho_inf=1,1.0.0,response_to_clock_rate_0.25,1.0,0.25,1.0,1.0
F1,0.24173154808041036,clock characteristic time,analytic,combined,0.0033078445552707967,0.0033078445552707967,,not_applicable_deterministic,lambda=1;kappa=0.25;rho_inf=1,1.0.0,response_to_clock_rate_0.25,1.0,0.25,1.0,1.0
F1,0.25118864315095796,clock characteristic time,analytic,combined,0.00355816351429638,0.00355816351429638,,not_applicable_deterministic,lambda=1;kappa=0.25;rho_inf=1,1.0.0,response_to_clock_rate_0.25,1.0,0.25,1.0,1.0
F1,0.2610157215682536,clock characteristic time,analytic,combined,0.0038268761735530104,0.0038268761735530104,,not_applicable_deterministic,lambda=1;kappa=0.25;rho_inf=1,1.0.0,response_to_clock_rate_0.25,1.0,0.25,1.0,1.0
F1,0.2712272579332027,clock characteristic time,analytic,combined,0.004115270271283952,0.004115270271283952,,not_applicable_deterministic,lambda=1;kappa=0.25;rho_inf=1,1.0.0,response_to_clock_rate_0.25,1.0,0.25,1.0,1.0
F1,0.2818382931264455,clock characteristic time,analytic,combined,0.004424716332700104,0.004424716332700104,,not_applicable_deterministic,lambda=1;kappa=0.25;rho_inf=1,1.0.0,response_to_clock_rate_0.25,1.0,0.25,1.0,1.0
F1,0.29286445646252374,clock characteristic time,analytic,combined,0.0047566721445858684,0.0047566721445858684,,not_applicable_deterministic,lambda=1;kappa=0.25;rho_inf=1,1.0.0,response_to_clock_rate_0.25,1.0,0.25,1.0,1.0
F1,0.3043219887107722,clock characteristic time,analytic,combined,0.0051126873726152515,0.0051126873726152515,,not_applicable_deterministic,lambda=1;kappa=0.25;rho_inf=1,1.0.0,response_to_clock_rate_0.25,1.0,0.25,1.0,1.0
F1,0.31622776601683794,clock characteristic time,analytic,combined,0.005494408313260054,0.005494408313260054,,not_applicable_deterministic,lambda=1;kappa=0.25;rho_inf=1,1.0.0,response_to_clock_rate_0.25,1.0,0.25,1.0,1.0
F1,0.3285993247600654,clock characteristic time,analytic,combined,0.005903582770066793,0.005903582770066793,,not_applicable_deterministic,lambda=1;kappa=0.25;rho_inf=1,1.0.0,response_to_clock_rate_0.25,1.0,0.25,1.0,1.0
F1,0.34145488738336005,clock characteristic time,analytic,combined,0.006342065041751359,0.006342065041751359,,not_applicable_deterministic,lambda=1;kappa=0.25;rho_inf=1,1.0.0,response_to_clock_rate_0.25,1.0,0.25,1.0,1.0
F1,0.3548133892335753,clock characteristic time,analytic,combined,0.006811821006993976,0.006811821006993976,,not_applicable_deterministic,lambda=1;kappa=0.25;rho_inf=1,1.0.0,response_to_clock_rate_0.25,1.0,0.25,1.0,1.0
F1,0.36869450645195734,clock characteristic time,analytic,combined,0.007314933288005706,0.007314933288005706,,not_applicable_deterministic,lambda=1;kappa=0.25;rho_inf=1,1.0.0,response_to_clock_rate_0.25,1.0,0.25,1.0,1.0
F1,0.38311868495572887,clock characteristic time,analytic,combined,0.0078536064718723,0.0078536064718723,,not_applicable_deterministic,lambda=1;kappa=0.25;rho_inf=1,1.0.0,response_to_clock_rate_0.25,1.0,0.25,1.0,1.0
F1,0.3981071705534973,clock characteristic time,analytic,combined,0.008430172365355015,0.008430172365355015,,not_applicable_deterministic,lambda=1;kappa=0.25;rho_inf=1,1.0.0,response_to_clock_rate_0.25,1.0,0.25,1.0,1.0
F1,0.4136820402388507,clock characteristic time,analytic,combined,0.00904709525523851,0.00904709525523851,,not_applicable_deterministic,lambda=1;kappa=0.25;rho_inf=1,1.0.0,response_to_clock_rate_0.25,1.0,0.25,1.0,1.0
F1,0.42986623470822766,clock characteristic time,analytic,combined,0.00970697714246453,0.00970697714246453,,not_applicable_deterministic,lambda=1;kappa=0.25;rho_inf=1,1.0.0,response_to_clock_rate_0.25,1.0,0.25,1.0,1.0
F1,0.44668359215096304,clock characteristic time,analytic,combined,0.010412562914177182,0.010412562914177182,,not_applicable_deterministic,lambda=1;kappa=0.25;rho_inf=1,1.0.0,response_to_clock_rate_0.25,1.0,0.25,1.0,1.0
F1,0.46415888336127775,clock characteristic time,analytic,combined,0.011166745413444453,0.011166745413444453,,not_applicable_deterministic,lambda=1;kappa=0.25;rho_inf=1,1.0.0,response_to_clock_rate_0.25,1.0,0.25,1.0,1.0
F1,0.4823178482239304,clock characteristic time,analytic,combined,0.011972570361821496,0.011972570361821496,,not_applicable_deterministic,lambda=1;kappa=0.25;rho_inf=1,1.0.0,response_to_clock_rate_0.25,1.0,0.25,1.0,1.0
F1,0.5011872336272725,clock characteristic time,analytic,combined,0.01283324108510723,0.01283324108510723,,not_applicable_deterministic,lambda=1;kappa=0.25;rho_inf=1,1.0.0,response_to_clock_rate_0.25,1.0,0.25,1.0,1.0
F1,0.5207948328595465,clock characteristic time,analytic,combined,0.013752122987642371,0.013752122987642371,,not_applicable_deterministic,lambda=1;kappa=0.25;rho_inf=1,1.0.0,response_to_clock_rate_0.25,1.0,0.25,1.0,1.0
F1,0.5411695265464638,clock characteristic time,analytic,combined,0.014732747715342736,0.014732747715342736,,not_applicable_deterministic,lambda=1;kappa=0.25;rho_inf=1,1.0.0,response_to_clock_rate_0.25,1.0,0.25,1.0,1.0
F1,0.5623413251903491,clock characteristic time,analytic,combined,0.015778816942397297,0.015778816942397297,,not_applicable_deterministic,lambda=1;kappa=0.25;rho_inf=1,1.0.0,response_to_clock_rate_0.25,1.0,0.25,1.0,1.0
F1,0.5843414133735175,clock characteristic time,analytic,combined,0.016894205711244503,0.016894205711244503,,not_applicable_deterministic,lambda=1;kappa=0.25;rho_inf=1,1.0.0,response_to_clock_rate_0.25,1.0,0.25,1.0,1.0
F1,0.6072021956909883,clock characteristic time,analytic,combined,0.01808296525013668,0.01808296525013668,,not_applicable_deterministic,lambda=1;kappa=0.25;rho_inf=1,1.0.0,response_to_clock_rate_0.25,1.0,0.25,1.0,1.0
F1,0.630957344480193,clock characteristic time,analytic,combined,0.01934932518738658,0.01934932518738658,,not_applicable_deterministic,lambda=1;kappa=0.25;rho_inf=1,1.0.0,response_to_clock_rate_0.25,1.0,0.25,1.0,1.0
F1,0.6556418494179785,clock characteristic time,analytic,combined,0.02069769507635524,0.02069769507635524,,not_applicable_deterministic,lambda=1;kappa=0.25;rho_inf=1,1.0.0,response_to_clock_rate_0.25,1.0,0.25,1.0,1.0
F1,0.6812920690579615,clock characteristic time,analytic,combined,0.022132665140487475,0.022132665140487475,,not_applicable_deterministic,lambda=1;kappa=0.25;rho_inf=1,1.0.0,response_to_clock_rate_0.25,1.0,0.25,1.0,1.0
F1,0.707945784384138,clock characteristic time,analytic,combined,0.02365900614334369,0.02365900614334369,,not_applicable_deterministic,lambda=1;kappa=0.25;rho_inf=1,1.0.0,response_to_clock_rate_0.25,1.0,0.25,1.0,1.0
F1,0.7356422544596414,clock characteristic time,analytic,combined,0.025281668284752163,0.025281668284752163,,not_applicable_deterministic,lambda=1;kappa=0.25;rho_inf=1,1.0.0,response_to_clock_rate_0.25,1.0,0.25,1.0,1.0
F1,0.7644222742526002,clock characteristic time,analytic,combined,0.02700577902104612,0.02700577902104612,,not_applicable_deterministic,lambda=1;kappa=0.25;rho_inf=1,1.0.0,response_to_clock_rate_0.25,1.0,0.25,1.0,1.0
F1,0.7943282347242814,clock characteristic time,analytic,combined,0.02883663970502487,0.02883663970502487,,not_applicable_deterministic,lambda=1;kappa=0.25;rho_inf=1,1.0.0,response_to_clock_rate_0.25,1.0,0.25,1.0,1.0
F1,0.8254041852680182,clock characteristic time,analytic,combined,0.03077972093994117,0.03077972093994117,,not_applicable_deterministic,lambda=1;kappa=0.25;rho_inf=1,1.0.0,response_to_clock_rate_0.25,1.0,0.25,1.0,1.0
F1,0.8576958985908937,clock characteristic time,analytic,combined,0.0328406565416626,0.0328406565416626,,not_applicable_deterministic,lambda=1;kappa=0.25;rho_inf=1,1.0.0,response_to_clock_rate_0.25,1.0,0.25,1.0,1.0
F1,0.8912509381337459,clock characteristic time,analytic,combined,0.03502523600435336,0.03502523600435336,,not_applicable_deterministic,lambda=1;kappa=0.25;rho_inf=1,1.0.0,response_to_clock_rate_0.25,1.0,0.25,1.0,1.0
F1,0.9261187281287937,clock characteristic time,analytic,combined,0.03733939536778037,0.03733939536778037,,not_applicable_deterministic,lambda=1;kappa=0.25;rho_inf=1,1.0.0,response_to_clock_rate_0.25,1.0,0.25,1.0,1.0
F1,0.9623506263980888,clock characteristic time,analytic,combined,0.039789206388851805,0.039789206388851805,,not_applicable_deterministic,lambda=1;kappa=0.25;rho_inf=1,1.0.0,response_to_clock_rate_0.25,1.0,0.25,1.0,1.0
F1,1.0,clock characteristic time,analytic,combined,0.042380863926433456,0.042380863926433456,,not_applicable_deterministic,lambda=1;kappa=0.25;rho_inf=1,1.0.0,response_to_clock_rate_0.25,1.0,0.25,1.0,1.0
F1,1.0391223038351691,clock characteristic time,analytic,combined,0.04512067145705448,0.04512067145705448,,not_applicable_deterministic,lambda=1;kappa=0.25;rho_inf=1,1.0.0,response_to_clock_rate_0.25,1.0,0.25,1.0,1.0
F1,1.0797751623277094,clock characteristic time,analytic,combined,0.04801502464996116,0.04801502464996116,,not_applicable_deterministic,lambda=1;kappa=0.25;rho_inf=1,1.0.0,response_to_clock_rate_0.25,1.0,0.25,1.0,1.0
F1,1.122018454301963,clock characteristic time,analytic,combined,0.051070392943264806,0.051070392943264806,,not_applicable_deterministic,lambda=1;kappa=0.25;rho_inf=1,1.0.0,response_to_clock_rate_0.25,1.0,0.25,1.0,1.0
F1,1.165914401179831,clock characteristic time,analytic,combined,0.05429329907876636,0.05429329907876636,,not_applicable_deterministic,lambda=1;kappa=0.25;rho_inf=1,1.0.0,response_to_clock_rate_0.25,1.0,0.25,1.0,1.0
F1,1.2115276586285888,clock characteristic time,analytic,combined,0.057690296571504325,0.057690296571504325,,not_applicable_deterministic,lambda=1;kappa=0.25;rho_inf=1,1.0.0,response_to_clock_rate_0.25,1.0,0.25,1.0,1.0
F1,1.2589254117941675,clock characteristic time,analytic,combined,0.061267945111195155,0.061267945111195155,,not_applicable_deterministic,lambda=1;kappa=0.25;rho_inf=1,1.0.0,response_to_clock_rate_0.25,1.0,0.25,1.0,1.0
F1,1.3081774742601942,clock characteristic time,analytic,combined,0.06503278391648405,0.06503278391648405,,not_applicable_deterministic,lambda=1;kappa=0.25;rho_inf=1,1.0.0,response_to_clock_rate_0.25,1.0,0.25,1.0,1.0
F1,1.3593563908785256,clock characteristic time,analytic,combined,0.06899130308919865,0.06899130308919865,,not_applicable_deterministic,lambda=1;kappa=0.25;rho_inf=1,1.0.0,response_to_clock_rate_0.25,1.0,0.25,1.0,1.0
F1,1.412537544622754,clock characteristic time,analytic,combined,0.07314991304442621,0.07314991304442621,,not_applicable_deterministic,lambda=1;kappa=0.25;rho_inf=1,1.0.0,response_to_clock_rate_0.25,1.0,0.25,1.0,1.0
F1,1.467799267622069,clock characteristic time,analytic,combined,0.07751491212294401,0.07751491212294401,,not_applicable_deterministic,lambda=1;kappa=0.25;rho_inf=1,1.0.0,response_to_clock_rate_0.25,1.0,0.25,1.0,1.0
F1,1.5252229565390183,clock characteristic time,analytic,combined,0.08209245252496838,0.08209245252496838,,not_applicable_deterministic,lambda=1;kappa=0.25;rho_inf=1,1.0.0,response_to_clock_rate_0.25,1.0,0.25,1.0,1.0
F1,1.584893192461114,clock characteristic time,analytic,combined,0.08688850473787613,0.08688850473787613,,not_applicable_deterministic,lambda=1;kappa=0.25;rho_inf=1,1.0.0,response_to_clock_rate_0.25,1.0,0.25,1.0,1.0
F1,1.6468978654828688,clock characteristic time,analytic,combined,0.09190882066493376,0.09190882066493376,,not_applicable_deterministic,lambda=1;kappa=0.25;rho_inf=1,1.0.0,response_to_clock_rate_0.25,1.0,0.25,1.0,1.0
F1,1.711328304161781,clock characteristic time,analytic,combined,0.09715889569645966,0.09715889569645966,,not_applicable_deterministic,lambda=1;kappa=0.25;rho_inf=1,1.0.0,response_to_clock_rate_0.25,1.0,0.25,1.0,1.0
F1,1.7782794100389228,clock characteristic time,analytic,combined,0.10264392999846202,0.10264392999846202,,not_applicable_deterministic,lambda=1;kappa=0.25;rho_inf=1,1.0.0,response_to_clock_rate_0.25,1.0,0.25,1.0,1.0
F1,1.8478497974222907,clock characteristic time,analytic,combined,0.10836878932577275,0.10836878932577275,,not_applicable_deterministic,lambda=1;kappa=0.25;rho_inf=1,1.0.0,response_to_clock_rate_0.25,1.0,0.25,1.0,1.0
F1,1.920141938638801,clock characteristic time,analytic,combined,0.11433796569607202,0.11433796569607202,,not_applicable_deterministic,lambda=1;kappa=0.25;rho_inf=1,1.0.0,response_to_clock_rate_0.25,1.0,0.25,1.0,1.0
F1,1.9952623149688788,clock characteristic time,analytic,combined,0.12055553828695464,0.12055553828695464,,not_applicable_deterministic,lambda=1;kappa=0.25;rho_inf=1,1.0.0,response_to_clock_rate_0.25,1.0,0.25,1.0,1.0
F1,2.073321573485954,clock characteristic time,analytic,combined,0.1270251349392789,0.1270251349392789,,not_applicable_deterministic,lambda=1;kappa=0.25;rho_inf=1,1.0.0,response_to_clock_rate_0.25,1.0,0.25,1.0,1.0
F1,2.1544346900318843,clock characteristic time,analytic,combined,0.1337498946654106,0.1337498946654106,,not_applicable_deterministic,lambda=1;kappa=0.25;rho_inf=1,1.0.0,response_to_clock_rate_0.25,1.0,0.25,1.0,1.0
F1,2.23872113856834,clock characteristic time,analytic,combined,0.14073243156960968,0.14073243156960968,,not_applicable_deterministic,lambda=1;kappa=0.25;rho_inf=1,1.0.0,response_to_clock_rate_0.25,1.0,0.25,1.0,1.0
F1,2.3263050671536263,clock characteristic time,analytic,combined,0.14797480058879178,0.14797480058879178,,not_applicable_deterministic,lambda=1;kappa=0.25;rho_inf=1,1.0.0,response_to_clock_rate_0.25,1.0,0.25,1.0,1.0
F1,2.4173154808041035,clock characteristic time,analytic,combined,0.155478465454419,0.155478465454419,,not_applicable_deterministic,lambda=1;kappa=0.25;rho_inf=1,1.0.0,response_to_clock_rate_0.25,1.0,0.25,1.0,1.0
F1,2.5118864315095797,clock characteristic time,analytic,combined,0.16324426925975974,0.16324426925975974,,not_applicable_deterministic,lambda=1;kappa=0.25;rho_inf=1,1.0.0,response_to_clock_rate_0.25,1.0,0.25,1.0,1.0
F1,2.610157215682536,clock characteristic time,analytic,combined,0.17127240799082816,0.17127240799082816,,not_applicable_deterministic,lambda=1;kappa=0.25;rho_inf=1,1.0.0,response_to_clock_rate_0.25,1.0,0.25,1.0,1.0
F1,2.712272579332027,clock characteristic time,analytic,combined,0.1795624073439296,0.1795624073439296,,not_applicable_deterministic,lambda=1;kappa=0.25;rho_inf=1,1.0.0,response_to_clock_rate_0.25,1.0,0.25,1.0,1.0
F1,2.818382931264452,clock characteristic time,analytic,combined,0.18811310310819548,0.18811310310819548,,not_applicable_deterministic,lambda=1;kappa=0.25;rho_inf=1,1.0.0,response_to_clock_rate_0.25,1.0,0.25,1.0,1.0
F1,2.9286445646252375,clock characteristic time,analytic,combined,0.1969226253384646,0.1969226253384646,,not_applicable_deterministic,lambda=1;kappa=0.25;rho_inf=1,1.0.0,response_to_clock_rate_0.25,1.0,0.25,1.0,1.0
F1,3.043219887107722,clock characteristic time,analytic,combined,0.2059883864834772,0.2059883864834772,,not_applicable_deterministic,lambda=1;kappa=0.25;rho_inf=1,1.0.0,response_to_clock_rate_0.25,1.0,0.25,1.0,1.0
F1,3.1622776601683795,clock characteristic time,analytic,combined,0.2153070735681234,0.2153070735681234,,not_applicable_deterministic,lambda=1;kappa=0.25;rho_inf=1,1.0.0,response_to_clock_rate_0.25,1.0,0.25,1.0,1.0
F1,3.285993247600654,clock characteristic time,analytic,combined,0.2248746444583646,0.2248746444583646,,not_applicable_deterministic,lambda=1;kappa=0.25;rho_inf=1,1.0.0,response_to_clock_rate_0.25,1.0,0.25,1.0,1.0
F1,3.4145488738336005,clock characteristic time,analytic,combined,0.23468632816579918,0.23468632816579918,,not_applicable_deterministic,lambda=1;kappa=0.25;rho_inf=1,1.0.0,response_to_clock_rate_0.25,1.0,0.25,1.0,1.0
F1,3.5481338923357533,clock characteristic time,analytic,combined,0.24473662907829732,0.24473662907829732,,not_applicable_deterministic,lambda=1;kappa=0.25;rho_inf=1,1.0.0,response_to_clock_rate_0.25,1.0,0.25,1.0,1.0
F1,3.6869450645195734,clock characteristic time,analytic,combined,0.25501933493659446,0.25501933493659446,,not_applicable_deterministic,lambda=1;kappa=0.25;rho_inf=1,1.0.0,response_to_clock_rate_0.25,1.0,0.25,1.0,1.0
F1,3.831186849557289,clock characteristic time,analytic,combined,0.2655275283172154,0.2655275283172154,,not_applicable_deterministic,lambda=1;kappa=0.25;rho_inf=1,1.0.0,response_to_clock_rate_0.25,1.0,0.25,1.0,1.0
F1,3.981071705534973,clock characteristic time,analytic,combined,0.27625360133256277,0.27625360133256277,,not_applicable_deterministic,lambda=1;kappa=0.25;rho_inf=1,1.0.0,response_to_clock_rate_0.25,1.0,0.25,1.0,1.0
F1,4.136820402388507,clock characteristic time,analytic,combined,0.2871892732222441,0.2871892732222441,,not_applicable_deterministic,lambda=1;kappa=0.25;rho_inf=1,1.0.0,response_to_clock_rate_0.25,1.0,0.25,1.0,1.0
F1,4.298662347082277,clock characteristic time,analytic,combined,0.298325610488098,0.298325610488098,,not_applicable_deterministic,lambda=1;kappa=0.25;rho_inf=1,1.0.0,response_to_clock_rate_0.25,1.0,0.25,1.0,1.0
F1,4.46683592150963,clock characteristic time,analytic,combined,0.3096530492207989,0.3096530492207989,,not_applicable_deterministic,lambda=1;kappa=0.25;rho_inf=1,1.0.0,response_to_clock_rate_0.25,1.0,0.25,1.0,1.0
F1,4.6415888336127775,clock characteristic time,analytic,combined,0.32116141927944264,0.32116141927944264,,not_applicable_deterministic,lambda=1;kappa=0.25;rho_inf=1,1.0.0,response_to_clock_rate_0.25,1.0,0.25,1.0,1.0
F1,4.823178482239304,clock characteristic time,analytic,combined,0.33283997001738835,0.33283997001738835,,not_applicable_deterministic,lambda=1;kappa=0.25;rho_inf=1,1.0.0,response_to_clock_rate_0.25,1.0,0.25,1.0,1.0
F1,5.011872336272719,clock characteristic time,analytic,combined,0.3446773972970807,0.3446773972970807,,not_applicable_deterministic,lambda=1;kappa=0.25;rho_inf=1,1.0.0,response_to_clock_rate_0.25,1.0,0.25,1.0,1.0
F1,5.207948328595465,clock characteristic time,analytic,combined,0.3566618716017404,0.3566618716017404,,not_applicable_deterministic,lambda=1;kappa=0.25;rho_inf=1,1.0.0,response_to_clock_rate_0.25,1.0,0.25,1.0,1.0
F1,5.411695265464638,clock characteristic time,analytic,combined,0.3687810671297928,0.3687810671297928,,not_applicable_deterministic,lambda=1;kappa=0.25;rho_inf=1,1.0.0,response_to_clock_rate_0.25,1.0,0.25,1.0,1.0
F1,5.62341325190349,clock characteristic time,analytic,combined,0.3810221918447696,0.3810221918447696,,not_applicable_deterministic,lambda=1;kappa=0.25;rho_inf=1,1.0.0,response_to_clock_rate_0.25,1.0,0.25,1.0,1.0
F1,5.843414133735175,clock characteristic time,analytic,combined,0.39337201854437953,0.39337201854437953,,not_applicable_deterministic,lambda=1;kappa=0.25;rho_inf=1,1.0.0,response_to_clock_rate_0.25,1.0,0.25,1.0,1.0
F1,6.072021956909884,clock characteristic time,analytic,combined,0.40581691710207546,0.40581691710207546,,not_applicable_deterministic,lambda=1;kappa=0.25;rho_inf=1,1.0.0,response_to_clock_rate_0.25,1.0,0.25,1.0,1.0
F1,6.30957344480193,clock characteristic time,analytic,combined,0.41834288811694614,0.41834288811694614,,not_applicable_deterministic,lambda=1;kappa=0.25;rho_inf=1,1.0.0,response_to_clock_rate_0.25,1.0,0.25,1.0,1.0
F1,6.556418494179785,clock characteristic time,analytic,combined,0.4309355982772928,0.4309355982772928,,not_applicable_deterministic,lambda=1;kappa=0.25;rho_inf=1,1.0.0,response_to_clock_rate_0.25,1.0,0.25,1.0,1.0
F1,6.812920690579615,clock characteristic time,analytic,combined,0.4435804177943584,0.4435804177943584,,not_applicable_deterministic,lambda=1;kappa=0.25;rho_inf=1,1.0.0,response_to_clock_rate_0.25,1.0,0.25,1.0,1.0
F1,7.07945784384138,clock characteristic time,analytic,combined,0.45626246029055184,0.45626246029055184,,not_applicable_deterministic,lambda=1;kappa=0.25;rho_inf=1,1.0.0,response_to_clock_rate_0.25,1.0,0.25,1.0,1.0
F1,7.3564225445964135,clock characteristic time,analytic,combined,0.46896662552749074,0.46896662552749074,,not_applicable_deterministic,lambda=1;kappa=0.25;rho_inf=1,1.0.0,response_to_clock_rate_0.25,1.0,0.25,1.0,1.0
F1,7.644222742526002,clock characteristic time,analytic,combined,0.481677645330895,0.481677645330895,,not_applicable_deterministic,lambda=1;kappa=0.25;rho_inf=1,1.0.0,response_to_clock_rate_0.25,1.0,0.25,1.0,1.0
F1,7.943282347242813,clock characteristic time,analytic,combined,0.4943801330110937,0.4943801330110937,,not_applicable_deterministic,lambda=1;kappa=0.25;rho_inf=1,1.0.0,response_to_clock_rate_0.25,1.0,0.25,1.0,1.0
F1,8.254041852680182,clock characteristic time,analytic,combined,0.5070586364905735,0.5070586364905735,,not_applicable_deterministic,lambda=1;kappa=0.25;rho_inf=1,1.0.0,response_to_clock_rate_0.25,1.0,0.25,1.0,1.0
F1,8.576958985908938,clock characteristic time,analytic,combined,0.5196976952362988,0.5196976952362988,,not_applicable_deterministic,lambda=1;kappa=0.25;rho_inf=1,1.0.0,response_to_clock_rate_0.25,1.0,0.25,1.0,1.0
F1,8.91250938133745,clock characteristic time,analytic,combined,0.5322819009586836,0.5322819009586836,,not_applicable_deterministic,lambda=1;kappa=0.25;rho_inf=1,1.0.0,response_to_clock_rate_0.25,1.0,0.25,1.0,1.0
F1,9.261187281287937,clock characteristic time,analytic,combined,0.5447959618867428,0.5447959618867428,,not_applicable_deterministic,lambda=1;kappa=0.25;rho_inf=1,1.0.0,response_to_clock_rate_0.25,1.0,0.25,1.0,1.0
F1,9.623506263980888,clock characteristic time,analytic,combined,0.5572247702667021,0.5572247702667021,,not_applicable_deterministic,lambda=1;kappa=0.25;rho_inf=1,1.0.0,response_to_clock_rate_0.25,1.0,0.25,1.0,1.0
F1,10.0,clock characteristic time,analytic,combined,0.5695534725665162,0.5695534725665162,,not_applicable_deterministic,lambda=1;kappa=0.25;rho_inf=1,1.0.0,response_to_clock_rate_0.25,1.0,0.25,1.0,1.0
F1,10.39122303835169,clock characteristic time,analytic,combined,0.5817675417088065,0.5817675417088065,,not_applicable_deterministic,lambda=1;kappa=0.25;rho_inf=1,1.0.0,response_to_clock_rate_0.25,1.0,0.25,1.0,1.0
F1,10.797751623277094,clock characteristic time,analytic,combined,0.5938528505070179,0.5938528505070179,,not_applicable_deterministic,lambda=1;kappa=0.25;rho_inf=1,1.0.0,response_to_clock_rate_0.25,1.0,0.25,1.0,1.0
F1,11.220184543019629,clock characteristic time,analytic,combined,0.6057957453507613,0.6057957453507613,,not_applicable_deterministic,lambda=1;kappa=0.25;rho_inf=1,1.0.0,response_to_clock_rate_0.25,1.0,0.25,1.0,1.0
F1,11.659144011798311,clock characteristic time,analytic,combined,0.6175831190822129,0.6175831190822129,,not_applicable_deterministic,lambda=1;kappa=0.25;rho_inf=1,1.0.0,response_to_clock_rate_0.25,1.0,0.25,1.0,1.0
F1,12.115276586285876,clock characteristic time,analytic,combined,0.6292024819306691,0.6292024819306691,,not_applicable_deterministic,lambda=1;kappa=0.25;rho_inf=1,1.0.0,response_to_clock_rate_0.25,1.0,0.25,1.0,1.0
F1,12.589254117941662,clock characteristic time,analytic,combined,0.6406420293303459,0.6406420293303459,,not_applicable_deterministic,lambda=1;kappa=0.25;rho_inf=1,1.0.0,response_to_clock_rate_0.25,1.0,0.25,1.0,1.0
F1,13.081774742601928,clock characteristic time,analytic,combined,0.6518907054392347,0.6518907054392347,,not_applicable_deterministic,lambda=1;kappa=0.25;rho_inf=1,1.0.0,response_to_clock_rate_0.25,1.0,0.25,1.0,1.0
F1,13.593563908785242,clock characteristic time,analytic,combined,0.6629382612050507,0.6629382612050507,,not_applicable_deterministic,lambda=1;kappa=0.25;rho_inf=1,1.0.0,response_to_clock_rate_0.25,1.0,0.25,1.0,1.0
F1,14.125375446227554,clock characteristic time,analytic,combined,0.6737753058875319,0.6737753058875319,,not_applicable_deterministic,lambda=1;kappa=0.25;rho_inf=1,1.0.0,response_to_clock_rate_0.25,1.0,0.25,1.0,1.0
F1,14.677992676220706,clock characteristic time,analytic,combined,0.6843933510429224,0.6843933510429224,,not_applicable_deterministic,lambda=1;kappa=0.25;rho_inf=1,1.0.0,response_to_clock_rate_0.25,1.0,0.25,1.0,1.0
F1,15.252229565390198,clock characteristic time,analytic,combined,0.6947848461038865,0.6947848461038865,,not_applicable_deterministic,lambda=1;kappa=0.25;rho_inf=1,1.0.0,response_to_clock_rate_0.25,1.0,0.25,1.0,1.0
F1,15.848931924611142,clock characteristic time,analytic,combined,0.704943204842796,0.704943204842796,,not_applicable_deterministic,lambda=1;kappa=0.25;rho_inf=1,1.0.0,response_to_clock_rate_0.25,1.0,0.25,1.0,1.0
F1,16.46897865482869,clock characteristic time,analytic,combined,0.7148628221842434,0.7148628221842434,,not_applicable_deterministic,lambda=1;kappa=0.25;rho_inf=1,1.0.0,response_to_clock_rate_0.25,1.0,0.25,1.0,1.0
F1,17.11328304161781,clock characteristic time,analytic,combined,0.7245390810287656,0.7245390810287656,,not_applicable_deterministic,lambda=1;kappa=0.25;rho_inf=1,1.0.0,response_to_clock_rate_0.25,1.0,0.25,1.0,1.0
F1,17.78279410038923,clock characteristic time,analytic,combined,0.7339683489587938,0.7339683489587938,,not_applicable_deterministic,lambda=1;kappa=0.25;rho_inf=1,1.0.0,response_to_clock_rate_0.25,1.0,0.25,1.0,1.0
F1,18.478497974222908,clock characteristic time,analytic,combined,0.7431479649137609,0.7431479649137609,,not_applicable_deterministic,lambda=1;kappa=0.25;rho_inf=1,1.0.0,response_to_clock_rate_0.25,1.0,0.25,1.0,1.0
F1,19.20141938638801,clock characteristic time,analytic,combined,0.7520762161378394,0.7520762161378394,,not_applicable_deterministic,lambda=1;kappa=0.25;rho_inf=1,1.0.0,response_to_clock_rate_0.25,1.0,0.25,1.0,1.0
F1,19.952623149688787,clock characteristic time,analytic,combined,0.7607523059143375,0.7607523059143375,,not_applicable_deterministic,lambda=1;kappa=0.25;rho_inf=1,1.0.0,response_to_clock_rate_0.25,1.0,0.25,1.0,1.0
F1,20.73321573485954,clock characteristic time,analytic,combined,0.7691763127987182,0.7691763127987182,,not_applicable_deterministic,lambda=1;kappa=0.25;rho_inf=1,1.0.0,response_to_clock_rate_0.25,1.0,0.25,1.0,1.0
F1,21.54434690031882,clock characteristic time,analytic,combined,0.7773491422410052,0.7773491422410052,,not_applicable_deterministic,lambda=1;kappa=0.25;rho_inf=1,1.0.0,response_to_clock_rate_0.25,1.0,0.25,1.0,1.0
F1,22.38721138568338,clock characteristic time,analytic,combined,0.7852724716419038,0.7852724716419038,,not_applicable_deterministic,lambda=1;kappa=0.25;rho_inf=1,1.0.0,response_to_clock_rate_0.25,1.0,0.25,1.0,1.0
F1,23.263050671536238,clock characteristic time,analytic,combined,0.7929486900098689,0.7929486900098689,,not_applicable_deterministic,lambda=1;kappa=0.25;rho_inf=1,1.0.0,response_to_clock_rate_0.25,1.0,0.25,1.0,1.0
F1,24.173154808041012,clock characteristic time,analytic,combined,0.8003808334741714,0.8003808334741714,,not_applicable_deterministic,lambda=1;kappa=0.25;rho_inf=1,1.0.0,response_to_clock_rate_0.25,1.0,0.25,1.0,1.0
F1,25.11886431509582,clock characteristic time,analytic,combined,0.8075725179585996,0.8075725179585996,,not_applicable_deterministic,lambda=1;kappa=0.25;rho_inf=1,1.0.0,response_to_clock_rate_0.25,1.0,0.25,1.0,1.0
F1,26.101572156825384,clock characteristic time,analytic,combined,0.8145278703300883,0.8145278703300883,,not_applicable_deterministic,lambda=1;kappa=0.25;rho_inf=1,1.0.0,response_to_clock_rate_0.25,1.0,0.25,1.0,1.0
F1,27.122725793320296,clock characteristic time,analytic,combined,0.8212514593063477,0.8212514593063477,,not_applicable_deterministic,lambda=1;kappa=0.25;rho_inf=1,1.0.0,response_to_clock_rate_0.25,1.0,0.25,1.0,1.0
F1,28.183829312644548,clock characteristic time,analytic,combined,0.8277482273381608,0.8277482273381608,,not_applicable_deterministic,lambda=1;kappa=0.25;rho_inf=1,1.0.0,response_to_clock_rate_0.25,1.0,0.25,1.0,1.0
F1,29.28644564625237,clock characteristic time,analytic,combined,0.8340234245789526,0.8340234245789526,,not_applicable_deterministic,lambda=1;kappa=0.25;rho_inf=1,1.0.0,response_to_clock_rate_0.25,1.0,0.25,1.0,1.0
F1,30.432198871077222,clock characteristic time,analytic,combined,0.8400825459215002,0.8400825459215002,,not_applicable_deterministic,lambda=1;kappa=0.25;rho_inf=1,1.0.0,response_to_clock_rate_0.25,1.0,0.25,1.0,1.0
F1,31.622776601683793,clock characteristic time,analytic,combined,0.8459312719256302,0.8459312719256302,,not_applicable_deterministic,lambda=1;kappa=0.25;rho_inf=1,1.0.0,response_to_clock_rate_0.25,1.0,0.25,1.0,1.0
F1,32.85993247600654,clock characteristic time,analytic,combined,0.8515754142887836,0.8515754142887836,,not_applicable_deterministic,lambda=1;kappa=0.25;rho_inf=1,1.0.0,response_to_clock_rate_0.25,1.0,0.25,1.0,1.0
F1,34.145488738336006,clock characteristic time,analytic,combined,0.8570208663312708,0.8570208663312708,,not_applicable_deterministic,lambda=1;kappa=0.25;rho_inf=1,1.0.0,response_to_clock_rate_0.25,1.0,0.25,1.0,1.0
F1,35.481338923357534,clock characteristic time,analytic,combined,0.8622735587879233,0.8622735587879233,,not_applicable_deterministic,lambda=1;kappa=0.25;rho_inf=1,1.0.0,response_to_clock_rate_0.25,1.0,0.25,1.0,1.0
F1,36.869450645195734,clock characteristic time,analytic,combined,0.8673394210251933,0.8673394210251933,,not_applicable_deterministic,lambda=1;kappa=0.25;rho_inf=1,1.0.0,response_to_clock_rate_0.25,1.0,0.25,1.0,1.0
F1,38.31186849557285,clock characteristic time,analytic,combined,0.8722243476443827,0.8722243476443827,,not_applicable_deterministic,lambda=1;kappa=0.25;rho_inf=1,1.0.0,response_to_clock_rate_0.25,1.0,0.25,1.0,1.0
F1,39.81071705534969,clock characteristic time,analytic,combined,0.8769341702930885,0.8769341702930885,,not_applicable_deterministic,lambda=1;kappa=0.25;rho_inf=1,1.0.0,response_to_clock_rate_0.25,1.0,0.25,1.0,1.0
F1,41.36820402388503,clock characteristic time,analytic,combined,0.8814746343922355,0.8814746343922355,,not_applicable_deterministic,lambda=1;kappa=0.25;rho_inf=1,1.0.0,response_to_clock_rate_0.25,1.0,0.25,1.0,1.0
F1,42.98662347082272,clock characteristic time,analytic,combined,0.8858513803976062,0.8858513803976062,,not_applicable_deterministic,lambda=1;kappa=0.25;rho_inf=1,1.0.0,response_to_clock_rate_0.25,1.0,0.25,1.0,1.0
F1,44.668359215096345,clock characteristic time,analytic,combined,0.8900699291533157,0.8900699291533157,,not_applicable_deterministic,lambda=1;kappa=0.25;rho_inf=1,1.0.0,response_to_clock_rate_0.25,1.0,0.25,1.0,1.0
F1,46.41588833612782,clock characteristic time,analytic,combined,0.894135670859362,0.894135670859362,,not_applicable_deterministic,lambda=1;kappa=0.25;rho_inf=1,1.0.0,response_to_clock_rate_0.25,1.0,0.25,1.0,1.0
F1,48.23178482239309,clock characteristic time,analytic,combined,0.8980538571639836,0.8980538571639836,,not_applicable_deterministic,lambda=1;kappa=0.25;rho_inf=1,1.0.0,response_to_clock_rate_0.25,1.0,0.25,1.0,1.0
F1,50.118723362727245,clock characteristic time,analytic,combined,0.9018295959007845,0.9018295959007845,,not_applicable_deterministic,lambda=1;kappa=0.25;rho_inf=1,1.0.0,response_to_clock_rate_0.25,1.0,0.25,1.0,1.0
F1,52.07948328595465,clock characteristic time,analytic,combined,0.9054678480164524,0.9054678480164524,,not_applicable_deterministic,lambda=1;kappa=0.25;rho_inf=1,1.0.0,response_to_clock_rate_0.25,1.0,0.25,1.0,1.0
F1,54.116952654646376,clock characteristic time,analytic,combined,0.908973426273052,0.908973426273052,,not_applicable_deterministic,lambda=1;kappa=0.25;rho_inf=1,1.0.0,response_to_clock_rate_0.25,1.0,0.25,1.0,1.0
F1,56.23413251903491,clock characteristic time,analytic,combined,0.9123509953550061,0.9123509953550061,,not_applicable_deterministic,lambda=1;kappa=0.25;rho_inf=1,1.0.0,response_to_clock_rate_0.25,1.0,0.25,1.0,1.0
F1,58.434141337351754,clock characteristic time,analytic,combined,0.9156050730609754,0.9156050730609754,,not_applicable_deterministic,lambda=1;kappa=0.25;rho_inf=1,1.0.0,response_to_clock_rate_0.25,1.0,0.25,1.0,1.0
F1,60.72021956909884,clock characteristic time,analytic,combined,0.9187400323115015,0.9187400323115015,,not_applicable_deterministic,lambda=1;kappa=0.25;rho_inf=1,1.0.0,response_to_clock_rate_0.25,1.0,0.25,1.0,1.0
F1,63.0957344480193,clock characteristic time,analytic,combined,0.9217601037517117,0.9217601037517117,,not_applicable_deterministic,lambda=1;kappa=0.25;rho_inf=1,1.0.0,response_to_clock_rate_0.25,1.0,0.25,1.0,1.0
F1,65.56418494179785,clock characteristic time,analytic,combined,0.9246693787726599,0.9246693787726599,,not_applicable_deterministic,lambda=1;kappa=0.25;rho_inf=1,1.0.0,response_to_clock_rate_0.25,1.0,0.25,1.0,1.0
F1,68.12920690579608,clock characteristic time,analytic,combined,0.927471812813746,0.927471812813746,,not_applicable_deterministic,lambda=1;kappa=0.25;rho_inf=1,1.0.0,response_to_clock_rate_0.25,1.0,0.25,1.0,1.0
F1,70.79457843841374,clock characteristic time,analytic,combined,0.9301712288415713,0.9301712288415713,,not_applicable_deterministic,lambda=1;kappa=0.25;rho_inf=1,1.0.0,response_to_clock_rate_0.25,1.0,0.25,1.0,1.0
F1,73.56422544596406,clock characteristic time,analytic,combined,0.9327713209275205,0.9327713209275205,,not_applicable_deterministic,lambda=1;kappa=0.25;rho_inf=1,1.0.0,response_to_clock_rate_0.25,1.0,0.25,1.0,1.0
F1,76.44222742525994,clock characteristic time,analytic,combined,0.9352756578677138,0.9352756578677138,,not_applicable_deterministic,lambda=1;kappa=0.25;rho_inf=1,1.0.0,response_to_clock_rate_0.25,1.0,0.25,1.0,1.0
F1,79.43282347242821,clock characteristic time,analytic,combined,0.9376876868053757,0.9376876868053757,,not_applicable_deterministic,lambda=1;kappa=0.25;rho_inf=1,1.0.0,response_to_clock_rate_0.25,1.0,0.25,1.0,1.0
F1,82.5404185268019,clock characteristic time,analytic,combined,0.9400107368279057,0.9400107368279057,,not_applicable_deterministic,lambda=1;kappa=0.25;rho_inf=1,1.0.0,response_to_clock_rate_0.25,1.0,0.25,1.0,1.0
F1,85.76958985908946,clock characteristic time,analytic,combined,0.9422480225198151,0.9422480225198151,,not_applicable_deterministic,lambda=1;kappa=0.25;rho_inf=1,1.0.0,response_to_clock_rate_0.25,1.0,0.25,1.0,1.0
F1,89.12509381337459,clock characteristic time,analytic,combined,0.9444026474589634,0.9444026474589634,,not_applicable_deterministic,lambda=1;kappa=0.25;rho_inf=1,1.0.0,response_to_clock_rate_0.25,1.0,0.25,1.0,1.0
F1,92.61187281287937,clock characteristic time,analytic,combined,0.9464776076478489,0.9464776076478489,,not_applicable_deterministic,lambda=1;kappa=0.25;rho_inf=1,1.0.0,response_to_clock_rate_0.25,1.0,0.25,1.0,1.0
F1,96.23506263980887,clock characteristic time,analytic,combined,0.9484757948746368,0.9484757948746368,,not_applicable_deterministic,lambda=1;kappa=0.25;rho_inf=1,1.0.0,response_to_clock_rate_0.25,1.0,0.25,1.0,1.0
F1,100.0,clock characteristic time,analytic,combined,0.9504000000005499,0.9504000000005499,,not_applicable_deterministic,lambda=1;kappa=0.25;rho_inf=1,1.0.0,response_to_clock_rate_0.25,1.0,0.25,1.0,1.0
F1,0.001,clock characteristic time,analytic,clock,0.0004998333749916681,0.0004998333749916681,,not_applicable_deterministic,lambda=1;kappa=1;rho_inf=1,1.0.0,response_to_clock_rate_1,1.0,1.0,1.0,1.0
F1,0.001039122303835169,clock characteristic time,analytic,clock,0.0005193812361314887,0.0005193812361314887,,not_applicable_deterministic,lambda=1;kappa=1;rho_inf=1,1.0.0,response_to_clock_rate_1,1.0,1.0,1.0,1.0
F1,0.0010797751623277093,clock characteristic time,analytic,clock,0.0005396933145409566,0.0005396933145409566,,not_applicable_deterministic,lambda=1;kappa=1;rho_inf=1,1.0.0,response_to_clock_rate_1,1.0,1.0,1.0,1.0
F1,0.001122018454301963,clock characteristic time,analytic,clock,0.000560799465091466,0.000560799465091466,,not_applicable_deterministic,lambda=1;kappa=1;rho_inf=1,1.0.0,response_to_clock_rate_1,1.0,1.0,1.0,1.0
F1,0.0011659144011798323,clock characteristic time,analytic,clock,0.0005827307072132637,0.0005827307072132637,,not_applicable_deterministic,lambda=1;kappa=1;rho_inf=1,1.0.0,response_to_clock_rate_1,1.0,1.0,1.0,1.0
F1,0.001211527658628589,clock characteristic time,analytic,clock,0.0006055192701801548,0.0006055192701801548,,not_applicable_deterministic,lambda=1;kappa=1;rho_inf=1,1.0.0,response_to_clock_rate_1,1.0,1.0,1.0,1.0
F1,0.0012589254117941675,clock characteristic time,analytic,clock,0.0006291986401466554,0.0006291986401466554,,not_applicable_deterministic,lambda=1;kappa=1;rho_inf=1,1.0.0,response_to_clock_rate_1,1.0,1.0,1.0,1.0
F1,0.0013081774742601943,clock characteristic time,analytic,clock,0.0006538036090016908,0.0006538036090016908,,not_applicable_deterministic,lambda=1;kappa=1;rho_inf=1,1.0.0,response_to_clock_rate_1,1.0,1.0,1.0,1.0
F1,0.0013593563908785254,clock characteristic time,analytic,clock,0.0006793703251065653,0.0006793703251065653,,not_applicable_deterministic,lambda=1;kappa=1;rho_inf=1,1.0.0,response_to_clock_rate_1,1.0,1.0,1.0,1.0
F1,0.001412537544622754,clock characteristic time,analytic,clock,0.0007059363459915868,0.0007059363459915868,,not_applicable_deterministic,lambda=1;kappa=1;rho_inf=1,1.0.0,response_to_clock_rate_1,1.0,1.0,1.0,1.0
F1,0.001467799267622069,clock characteristic time,analytic,clock,0.0007335406930855104,0.0007335406930855104,,not_applicable_deterministic,lambda=1;kappa=1;rho_inf=1,1.0.0,response_to_clock_rate_1,1.0,1.0,1.0,1.0
F1,0.0015252229565390183,clock characteristic time,analytic,clock,0.0007622239085521842,0.0007622239085521842,,not_applicable_deterministic,lambda=1;kappa=1;rho_inf=1,1.0.0,response_to_clock_rate_1,1.0,1.0,1.0,1.0
F1,0.001584893192461114,clock characteristic time,analytic,clock,0.0007920281143174446,0.0007920281143174446,,not_applicable_deterministic,lambda=1;kappa=1;rho_inf=1,1.0.0,response_to_clock_rate_1,1.0,1.0,1.0,1.0
F1,0.0016468978654828688,clock characteristic time,analytic,clock,0.0008229970733685255,0.0008229970733685255,,not_applicable_deterministic,lambda=1;kappa=1;rho_inf=1,1.0.0,response_to_clock_rate_1,1.0,1.0,1.0,1.0
F1,0.001711328304161781,clock characteristic time,analytic,clock,0.0008551762534099172,0.0008551762534099172,,not_applicable_deterministic,lambda=1;kappa=1;rho_inf=1,1.0.0,response_to_clock_rate_1,1.0,1.0,1.0,1.0
F1,0.0017782794100389228,clock characteristic time,analytic,clock,0.0008886128929683768,0.0008886128929683768,,not_applicable_deterministic,lambda=1;kappa=1;rho_inf=1,1.0.0,response_to_clock_rate_1,1.0,1.0,1.0,1.0
F1,0.0018478497974222907,clock characteristic time,analytic,clock,0.0009233560700339094,0.0009233560700339094,,not_applicable_deterministic,lambda=1;kappa=1;rho_inf=1,1.0.0,response_to_clock_rate_1,1.0,1.0,1.0,1.0
F1,0.001920141938638801,clock characteristic time,analytic,clock,0.0009594567733395287,0.0009594567733395287,,not_applicable_deterministic,lambda=1;kappa=1;rho_inf=1,1.0.0,response_to_clock_rate_1,1.0,1.0,1.0,1.0
F1,0.001995262314968879,clock characteristic time,analytic,clock,0.00099696797637161,0.00099696797637161,,not_applicable_deterministic,lambda=1;kappa=1;rho_inf=1,1.0.0,response_to_clock_rate_1,1.0,1.0,1.0,1.0
F1,0.002073321573485954,clock characteristic time,analytic,clock,0.0010359447142190836,0.0010359447142190836,,not_applicable_deterministic,lambda=1;kappa=1;rho_inf=1,1.0.0,response_to_clock_rate_1,1.0,1.0,1.0,1.0
F1,0.0021544346900318843,clock characteristic time,analytic,clock,0.0010764441633641653,0.0010764441633641653,,not_applicable_deterministic,lambda=1;kappa=1;rho_inf=1,1.0.0,response_to_clock_rate_1,1.0,1.0,1.0,1.0
F1,0.00223872113856834,clock characteristic time,analytic,clock,0.0011185257245265312,0.0011185257245265312,,not_applicable_deterministic,lambda=1;kappa=1;rho_inf=1,1.0.0,response_to_clock_rate_1,1.0,1.0,1.0,1.0
F1,0.0023263050671536263,clock characteristic time,analytic,clock,0.0011622511086742948,0.0011622511086742948,,not_applicable_deterministic,lambda=1;kappa=1;rho_inf=1,1.0.0,response_to_clock_rate_1,1.0,1.0,1.0,1.0
F1,0.0024173154808041037,clock characteristic time,analytic,clock,0.0012076844263193554,0.0012076844263193554,,not_applicable_deterministic,lambda=1;kappa=1;rho_inf=1,1.0.0,response_to_clock_rate_1,1.0,1.0,1.0,1.0
F1,0.0025118864315095794,clock characteristic time,analytic,clock,0.0012548922802212426,0.0012548922802212426,,not_applicable_deterministic,lambda=1;kappa=1;rho_inf=1,1.0.0,response_to_clock_rate_1,1.0,1.0,1.0,1.0
F1,0.0026101572156825357,clock characteristic time,analytic,clock,0.0013039438616225807,0.0013039438616225807,,not_applicable_deterministic,lambda=1;kappa=1;rho_inf=1,1.0.0,response_to_clock_rate_1,1.0,1.0,1.0,1.0
F1,0.0027122725793320298,clock characteristic time,analytic,clock,0.001354911050150398,0.001354911050150398,,not_applicable_deterministic,lambda=1;kappa=1;rho_inf=1,1.0.0,response_to_clock_rate_1,1.0,1.0,1.0,1.0
F1,0.002818382931264455,clock characteristic time,analytic,clock,0.0014078685175159533,0.0014078685175159533,,not_applicable_deterministic,lambda=1;kappa=1;rho_inf=1,1.0.0,response_to_clock_rate_1,1.0,1.0,1.0,1.0
F1,0.0029286445646252374,clock characteristic time,analytic,clock,0.0014628938351549658,0.0014628938351549658,,not_applicable_deterministic,lambda=1;kappa=1;rho_inf=1,1.0.0,response_to_clock_rate_1,1.0,1.0,1.0,1.0
F1,0.003043219887107722,clock characteristic time,analytic,clock,0.001520067585952134,0.001520067585952134,,not_applicable_deterministic,lambda=1;kappa=1;rho_inf=1,1.0.0,response_to_clock_rate_1,1.0,1.0,1.0,1.0
F1,0.0031622776601683794,clock characteristic time,analytic,clock,0.0015794734802003774,0.0015794734802003774,,not_applicable_deterministic,lambda=1;kappa=1;rho_inf=1,1.0.0,response_to_clock_rate_1,1.0,1.0,1.0,1.0
F1,0.003285993247600654,clock characteristic time,analytic,clock,0.0016411984759479026,0.0016411984759479026,,not_applicable_deterministic,lambda=1;kappa=1;rho_inf=1,1.0.0,response_to_clock_rate_1,1.0,1.0,1.0,1.0
F1,0.003414548873833601,clock characteristic time,analytic,clock,0.001705332903895851,0.001705332903895851,,not_applicable_deterministic,lambda=1;kappa=1;rho_inf=1,1.0.0,response_to_clock_rate_1,1.0,1.0,1.0,1.0
F1,0.0035481338923357532,clock characteristic time,analytic,clock,0.001771970597009842,0.001771970597009842,,not_applicable_deterministic,lambda=1;kappa=1;rho_inf=1,1.0.0,response_to_clock_rate_1,1.0,1.0,1.0,1.0
F1,0.0036869450645195733,clock characteristic time,analytic,clock,0.0018412090250161661,0.0018412090250161661,,not_applicable_deterministic,lambda=1;kappa=1;rho_inf=1,1.0.0,response_to_clock_rate_1,1.0,1.0,1.0,1.0
F1,0.003831186849557289,clock characteristic time,analytic,clock,0.0019131494339605926,0.0019131494339605926,,not_applicable_deterministic,lambda=1;kappa=1;rho_inf=1,1.0.0,response_to_clock_rate_1,1.0,1.0,1.0,1.0
F1,0.003981071705534973,clock characteristic time,analytic,clock,0.0019878969910105404,0.0019878969910105404,,not_applicable_deterministic,lambda=1;kappa=1;rho_inf=1,1.0.0,response_to_clock_rate_1,1.0,1.0,1.0,1.0
F1,0.004136820402388507,clock characteristic time,analytic,clock,0.0020655609346891257,0.0020655609346891257,,not_applicable_deterministic,lambda=1;kappa=1;rho_inf=1,1.0.0,response_to_clock_rate_1,1.0,1.0,1.0,1.0
F1,0.004298662347082277,clock characteristic time,analytic,clock,0.0021462547307362634,0.0021462547307362634,,not_applicable_deterministic,lambda=1;kappa=1;rho_inf=1,1.0.0,response_to_clock_rate_1,1.0,1.0,1.0,1.0
F1,0.0044668359215096305,clock characteristic time,analytic,clock,0.002230096233793666,0.002230096233793666,,not_applicable_deterministic,lambda=1;kappa=1;rho_inf=1,1.0.0,response_to_clock_rate_1,1.0,1.0,1.0,1.0
F1,0.004641588833612777,clock characteristic time,analytic,clock,0.002317207855124681,0.002317207855124681,,not_applicable_deterministic,lambda=1;kappa=1;rho_inf=1,1.0.0,response_to_clock_rate_1,1.0,1.0,1.0,1.0
F1,0.004823178482239309,clock characteristic time,analytic,clock,0.002407716736578469,0.002407716736578469,,not_applicable_deterministic,lambda=1;kappa=1;rho_inf=1,1.0.0,response_to_clock_rate_1,1.0,1.0,1.0,1.0
F1,0.005011872336272725,clock characteristic time,analytic,clock,0.002501754931019562,0.002501754931019562,,not_applicable_deterministic,lambda=1;kappa=1;rho_inf=1,1.0.0,response_to_clock_rate_1,1.0,1.0,1.0,1.0
F1,0.005207948328595465,clock characteristic time,analytic,clock,0.002599459589446851,0.002599459589446851,,not_applicable_deterministic,lambda=1;kappa=1;rho_inf=1,1.0.0,response_to_clock_rate_1,1.0,1.0,1.0,1.0
F1,0.0054116952654646375,clock characteristic time,analytic,clock,0.0027009731550385885,0.0027009731550385885,,not_applicable_deterministic,lambda=1;kappa=1;rho_inf=1,1.0.0,response_to_clock_rate_1,1.0,1.0,1.0,1.0
F1,0.005623413251903491,clock characteristic time,analytic,clock,0.0028064435643567753,0.0028064435643567753,,not_applicable_deterministic,lambda=1;kappa=1;rho_inf=1,1.0.0,response_to_clock_rate_1,1.0,1.0,1.0,1.0
F1,0.005843414133735175,clock characteristic time,analytic,clock,0.0029160244559643944,0.0029160244559643944,,not_applicable_deterministic,lambda=1;kappa=1;rho_inf=1,1.0.0,response_to_clock_rate_1,1.0,1.0,1.0,1.0
F1,0.006072021956909884,clock characteristic time,analytic,clock,0.0030298753867022965,0.0030298753867022965,,not_applicable_deterministic,lambda=1;kappa=1;rho_inf=1,1.0.0,response_to_clock_rate_1,1.0,1.0,1.0,1.0
F1,0.006309573444801929,clock characteristic time,analytic,clock,0.0031481620558916346,0.0031481620558916346,,not_applicable_deterministic,lambda=1;kappa=1;rho_inf=1,1.0.0,response_to_clock_rate_1,1.0,1.0,1.0,1.0
F1,0.006556418494179785,clock characteristic time,analytic,clock,0.003271056537725081,0.003271056537725081,,not_applicable_deterministic,lambda=1;kappa=1;rho_inf=1,1.0.0,response_to_clock_rate_1,1.0,1.0,1.0,1.0
F1,0.006812920690579615,clock characteristic time,analytic,clock,0.0033987375221241622,0.0033987375221241622,,not_applicable_deterministic,lambda=1;kappa=1;rho_inf=1,1.0.0,response_to_clock_rate_1,1.0,1.0,1.0,1.0
F1,0.00707945784384138,clock characteristic time,analytic,clock,0.003531390564343817,0.003531390564343817,,not_applicable_deterministic,lambda=1;kappa=1;rho_inf=1,1.0.0,response_to_clock_rate_1,1.0,1.0,1.0,1.0
F1,0.007356422544596414,clock characteristic time,analytic,clock,0.0036692083436123957,0.0036692083436123957,,not_applicable_deterministic,lambda=1;kappa=1;rho_inf=1,1.0.0,response_to_clock_rate_1,1.0,1.0,1.0,1.0
F1,0.007644222742526002,clock characteristic time,analytic,clock,0.0038123909311047477,0.0038123909311047477,,not_applicable_deterministic,lambda=1;kappa=1;rho_inf=1,1.0.0,response_to_clock_rate_1,1.0,1.0,1.0,1.0
F1,0.007943282347242814,clock characteristic time,analytic,clock,0.0039611460675497145,0.0039611460675497145,,not_applicable_deterministic,lambda=1;kappa=1;rho_inf=1,1.0.0,response_to_clock_rate_1,1.0,1.0,1.0,1.0
F1,0.008254041852680182,clock characteristic time,analytic,clock,0.004115689450784332,0.004115689450784332,,not_applicable_deterministic,lambda=1;kappa=1;rho_inf=1,1.0.0,response_to_clock_rate_1,1.0,1.0,1.0,1.0
F1,0.008576958985908946,clock characteristic time,analytic,clock,0.004276245033569714,0.004276245033569714,,not_applicable_deterministic,lambda=1;kappa=1;rho_inf=1,1.0.0,response_to_clock_rate_1,1.0,1.0,1.0,1.0
F1,0.008912509381337459,clock characteristic time,analytic,clock,0.0044430453319959096,0.0044430453319959096,,not_applicable_deterministic,lambda=1;kappa=1;rho_inf=1,1.0.0,response_to_clock_rate_1,1.0,1.0,1.0,1.0
F1,0.009261187281287938,clock characteristic time,analytic,clock,0.004616331744801472,0.004616331744801472,,not_applicable_deterministic,lambda=1;kappa=1;rho_inf=1,1.0.0,response_to_clock_rate_1,1.0,1.0,1.0,1.0
F1,0.009623506263980888,clock characteristic time,analytic,clock,0.004796354883950471,0.004796354883950471,,not_applicable_deterministic,lambda=1;kappa=1;rho_inf=1,1.0.0,response_to_clock_rate_1,1.0,1.0,1.0,1.0
F1,0.01,clock characteristic time,analytic,clock,0.004983374916805339,0.004983374916805339,,not_applicable_deterministic,lambda=1;kappa=1;rho_inf=1,1.0.0,response_to_clock_rate_1,1.0,1.0,1.0,1.0
F1,0.01039122303835169,clock characteristic time,analytic,clock,0.0051776619202478225,0.0051776619202478225,,not_applicable_deterministic,lambda=1;kappa=1;rho_inf=1,1.0.0,response_to_clock_rate_1,1.0,1.0,1.0,1.0
F1,0.010797751623277093,clock characteristic time,analytic,clock,0.005379496247101545,0.005379496247101545,,not_applicable_deterministic,lambda=1;kappa=1;rho_inf=1,1.0.0,response_to_clock_rate_1,1.0,1.0,1.0,1.0
F1,0.011220184543019636,clock characteristic time,analytic,clock,0.005589168905216435,0.005589168905216435,,not_applicable_deterministic,lambda=1;kappa=1;rho_inf=1,1.0.0,response_to_clock_rate_1,1.0,1.0,1.0,1.0
F1,0.011659144011798317,clock characteristic time,analytic,clock,0.005806981949578738,0.005806981949578738,,not_applicable_deterministic,lambda=1;kappa=1;rho_inf=1,1.0.0,response_to_clock_rate_1,1.0,1.0,1.0,1.0
F1,0.012115276586285882,clock characteristic time,analytic,clock,0.006033248887817089,0.006033248887817089,,not_applicable_deterministic,lambda=1;kappa=1;rho_inf=1,1.0.0,response_to_clock_rate_1,1.0,1.0,1.0,1.0
F1,0.012589254117941675,clock characteristic time,analytic,clock,0.0062682950994741304,0.0062682950994741304,,not_applicable_deterministic,lambda=1;kappa=1;rho_inf=1,1.0.0,response_to_clock_rate_1,1.0,1.0,1.0,1.0
F1,0.013081774742601943,clock characteristic time,analytic,clock,0.006512458269423038,0.006512458269423038,,not_applicable_deterministic,lambda=1;kappa=1;rho_inf=1,1.0.0,response_to_clock_rate_1,1.0,1.0,1.0,1.0
F1,0.013593563908785255,clock characteristic time,analytic,clock,0.0067660888358013205,0.0067660888358013205,,not_applicable_deterministic,lambda=1;kappa=1;rho_inf=1,1.0.0,response_to_clock_rate_1,1.0,1.0,1.0,1.0
F1,0.01412537544622754,clock characteristic time,analytic,clock,0.007029550452843258,0.007029550452843258,,not_applicable_deterministic,lambda=1;kappa=1;rho_inf=1,1.0.0,response_to_clock_rate_1,1.0,1.0,1.0,1.0
F1,0.014677992676220698,clock characteristic time,analytic,clock,0.00730322046899079,0.00730322046899079,,not_applicable_deterministic,lambda=1;kappa=1;rho_inf=1,1.0.0,response_to_clock_rate_1,1.0,1.0,1.0,1.0
F1,0.01525222956539019,clock characteristic time,analytic,clock,0.007587490420657428,0.007587490420657428,,not_applicable_deterministic,lambda=1;kappa=1;rho_inf=1,1.0.0,response_to_clock_rate_1,1.0,1.0,1.0,1.0
F1,0.015848931924611134,clock characteristic time,analytic,clock,0.007882766542022801,0.007882766542022801,,not_applicable_deterministic,lambda=1;kappa=1;rho_inf=1,1.0.0,response_to_clock_rate_1,1.0,1.0,1.0,1.0
F1,0.01646897865482868,clock characteristic time,analytic,clock,0.008189470291232404,0.008189470291232404,,not_applicable_deterministic,lambda=1;kappa=1;rho_inf=1,1.0.0,response_to_clock_rate_1,1.0,1.0,1.0,1.0
F1,0.01711328304161781,clock characteristic time,analytic,clock,0.008508038893366265,0.008508038893366265,,not_applicable_deterministic,lambda=1;kappa=1;rho_inf=1,1.0.0,response_to_clock_rate_1,1.0,1.0,1.0,1.0
F1,0.01778279410038923,clock characteristic time,analytic,clock,0.008838925900540917,0.008838925900540917,,not_applicable_deterministic,lambda=1;kappa=1;rho_inf=1,1.0.0,response_to_clock_rate_1,1.0,1.0,1.0,1.0
F1,0.018478497974222907,clock characteristic time,analytic,clock,0.009182601769496812,0.009182601769496812,,not_applicable_deterministic,lambda=1;kappa=1;rho_inf=1,1.0.0,response_to_clock_rate_1,1.0,1.0,1.0,1.0
F1,0.01920141938638801,clock characteristic time,analytic,clock,0.00953955445701371,0.00953955445701371,,not_applicable_deterministic,lambda=1;kappa=1;rho_inf=1,1.0.0,response_to_clock_rate_1,1.0,1.0,1.0,1.0
F1,0.0199526231496888,clock characteristic time,analytic,clock,0.009910290033485203,0.009910290033485203,,not_applicable_deterministic,lambda=1;kappa=1;rho_inf=1,1.0.0,response_to_clock_rate_1,1.0,1.0,1.0,1.0
F1,0.02073321573485955,clock characteristic time,analytic,clock,0.01029533331496657,0.01029533331496657,,not_applicable_deterministic,lambda=1;kappa=1;rho_inf=1,1.0.0,response_to_clock_rate_1,1.0,1.0,1.0,1.0
F1,0.021544346900318832,clock characteristic time,analytic,clock,0.01069522851399718,0.01069522851399718,,not_applicable_deterministic,lambda=1;kappa=1;rho_inf=1,1.0.0,response_to_clock_rate_1,1.0,1.0,1.0,1.0
F1,0.0223872113856834,clock characteristic time,analytic,clock,0.011110539909473083,0.011110539909473083,,not_applicable_deterministic,lambda=1;kappa=1;rho_inf=1,1.0.0,response_to_clock_rate_1,1.0,1.0,1.0,1.0
F1,0.02326305067153626,clock characteristic time,analytic,clock,0.011541852535825847,0.011541852535825847,,not_applicable_deterministic,lambda=1;kappa=1;rho_inf=1,1.0.0,response_to_clock_rate_1,1.0,1.0,1.0,1.0
F1,0.024173154808041036,clock characteristic time,analytic,clock,0.011989772891735528,0.011989772891735528,,not_applicable_deterministic,lambda=1;kappa=1;rho_inf=1,1.0.0,response_to_clock_rate_1,1.0,1.0,1.0,1.0
F1,0.025118864315095794,clock characteristic time,analytic,clock,0.012454929668577419,0.012454929668577419,,not_applicable_deterministic,lambda=1;kappa=1;rho_inf=1,1.0.0,response_to_clock_rate_1,1.0,1.0,1.0,1.0
F1,0.026101572156825372,clock characteristic time,analytic,clock,0.012937974498764104,0.012937974498764104,,not_applicable_deterministic,lambda=1;kappa=1;rho_inf=1,1.0.0,response_to_clock_rate_1,1.0,1.0,1.0,1.0
F1,0.02712272579332028,clock characteristic time,analytic,clock,0.0134395827241095,0.0134395827241095,,not_applicable_deterministic,lambda=1;kappa=1;rho_inf=1,1.0.0,response_to_clock_rate_1,1.0,1.0,1.0,1.0
F1,0.028183829312644536,clock characteristic time,analytic,clock,0.013960454184297255,0.013960454184297255,,not_applicable_deterministic,lambda=1;kappa=1;rho_inf=1,1.0.0,response_to_clock_rate_1,1.0,1.0,1.0,1.0
F1,0.02928644564625236,clock characteristic time,analytic,clock,0.014501314025486711,0.014501314025486711,,not_applicable_deterministic,lambda=1;kappa=1;rho_inf=1,1.0.0,response_to_clock_rate_1,1.0,1.0,1.0,1.0
F1,0.03043219887107722,clock characteristic time,analytic,clock,0.015062913529034438,0.015062913529034438,,not_applicable_deterministic,lambda=1;kappa=1;rho_inf=1,1.0.0,response_to_clock_rate_1,1.0,1.0,1.0,1.0
F1,0.03162277660168379,clock characteristic time,analytic,clock,0.01564603096025652,0.01564603096025652,,not_applicable_deterministic,lambda=1;kappa=1;rho_inf=1,1.0.0,response_to_clock_rate_1,1.0,1.0,1.0,1.0
F1,0.03285993247600654,clock characteristic time,analytic,clock,0.01625147243707936,0.01625147243707936,,not_applicable_deterministic,lambda=1;kappa=1;rho_inf=1,1.0.0,response_to_clock_rate_1,1.0,1.0,1.0,1.0
F1,0.034145488738336005,clock characteristic time,analytic,clock,0.016880072818365566,0.016880072818365566,,not_applicable_deterministic,lambda=1;kappa=1;rho_inf=1,1.0.0,response_to_clock_rate_1,1.0,1.0,1.0,1.0
F1,0.03548133892335755,clock characteristic time,analytic,clock,0.017532696611612608,0.017532696611612608,,not_applicable_deterministic,lambda=1;kappa=1;rho_inf=1,1.0.0,response_to_clock_rate_1,1.0,1.0,1.0,1.0
F1,0.03686945064519575,clock characteristic time,analytic,clock,0.0182102388996378,0.0182102388996378,,not_applicable_deterministic,lambda=1;kappa=1;rho_inf=1,1.0.0,response_to_clock_rate_1,1.0,1.0,1.0,1.0
F1,0.03831186849557287,clock characteristic time,analytic,clock,0.01891362628576365,0.01891362628576365,,not_applicable_deterministic,lambda=1;kappa=1;rho_inf=1,1.0.0,response_to_clock_rate_1,1.0,1.0,1.0,1.0
F1,0.039810717055349734,clock characteristic time,analytic,clock,0.019643817856915935,0.019643817856915935,,not_applicable_deterministic,lambda=1;kappa=1;rho_inf=1,1.0.0,response_to_clock_rate_1,1.0,1.0,1.0,1.0
F1,0.04136820402388507,clock characteristic time,analytic,clock,0.020401806163924285,0.020401806163924285,,not_applicable_deterministic,lambda=1;kappa=1;rho_inf=1,1.0.0,response_to_clock_rate_1,1.0,1.0,1.0,1.0
F1,0.042986623470822764,clock characteristic time,analytic,clock,0.021188618218194177,0.021188618218194177,,not_applicable_deterministic,lambda=1;kappa=1;rho_inf=1,1.0.0,response_to_clock_rate_1,1.0,1.0,1.0,1.0
F1,0.0446683592150963,clock characteristic time,analytic,clock,0.02200531650378068,0.02200531650378068,,not_applicable_deterministic,lambda=1;kappa=1;rho_inf=1,1.0.0,response_to_clock_rate_1,1.0,1.0,1.0,1.0
F1,0.046415888336127795,clock characteristic time,analytic,clock,0.022853000003739243,0.022853000003739243,,not_applicable_deterministic,lambda=1;kappa=1;rho_inf=1,1.0.0,response_to_clock_rate_1,1.0,1.0,1.0,1.0
F1,0.04823178482239307,clock characteristic time,analytic,clock,0.02373280523947563,0.02373280523947563,,not_applicable_deterministic,lambda=1;kappa=1;rho_inf=1,1.0.0,response_to_clock_rate_1,1.0,1.0,1.0,1.0
F1,0.05011872336272722,clock characteristic time,analytic,clock,0.0246459073216293,0.0246459073216293,,not_applicable_deterministic,lambda=1;kappa=1;rho_inf=1,1.0.0,response_to_clock_rate_1,1.0,1.0,1.0,1.0
F1,0.052079483285954624,clock characteristic time,analytic,clock,0.025593521010846,0.025593521010846,,not_applicable_deterministic,lambda=1;kappa=1;rho_inf=1,1.0.0,response_to_clock_rate_1,1.0,1.0,1.0,1.0
F1,0.054116952654646375,clock characteristic time,analytic,clock,0.026576901786577456,0.026576901786577456,,not_applicable_deterministic,lambda=1;kappa=1;rho_inf=1,1.0.0,response_to_clock_rate_1,1.0,1.0,1.0,1.0
F1,0.056234132519034905,clock characteristic time,analytic,clock,0.027597346921830246,0.027597346921830246,,not_applicable_deterministic,lambda=1;kappa=1;rho_inf=1,1.0.0,response_to_clock_rate_1,1.0,1.0,1.0,1.0
F1,0.05843414133735175,clock characteristic time,analytic,clock,0.0286561965615465,0.0286561965615465,,not_applicable_deterministic,lambda=1;kappa=1;rho_inf=1,1.0.0,response_to_clock_rate_1,1.0,1.0,1.0,1.0
F1,0.060720219569098836,clock characteristic time,analytic,clock,0.029754834802033114,0.029754834802033114,,not_applicable_deterministic,lambda=1;kappa=1;rho_inf=1,1.0.0,response_to_clock_rate_1,1.0,1.0,1.0,1.0
F1,0.06309573444801933,clock characteristic time,analytic,clock,0.030894690768586974,0.030894690768586974,,not_applicable_deterministic,lambda=1;kappa=1;rho_inf=1,1.0.0,response_to_clock_rate_1,1.0,1.0,1.0,1.0
F1,0.06556418494179789,clock characteristic time,analytic,clock,0.032077239688160675,0.032077239688160675,,not_applicable_deterministic,lambda=1;kappa=1;rho_inf=1,1.0.0,response_to_clock_rate_1,1.0,1.0,1.0,1.0
F1,0.06812920690579612,clock characteristic time,analytic,clock,0.03330400395359234,0.03330400395359234,,not_applicable_deterministic,lambda=1;kappa=1;rho_inf=1,1.0.0,response_to_clock_rate_1,1.0,1.0,1.0,1.0
F1,0.07079457843841377,clock characteristic time,analytic,clock,0.03457655417558336,0.03457655417558336,,not_applicable_deterministic,lambda=1;kappa=1;rho_inf=1,1.0.0,response_to_clock_rate_1,1.0,1.0,1.0,1.0
F1,0.07356422544596414,clock characteristic time,analytic,clock,0.035896510218241584,0.035896510218241584,,not_applicable_deterministic,lambda=1;kappa=1;rho_inf=1,1.0.0,response_to_clock_rate_1,1.0,1.0,1.0,1.0
F1,0.07644222742526002,clock characteristic time,analytic,clock,0.037265542213612446,0.037265542213612446,,not_applicable_deterministic,lambda=1;kappa=1;rho_inf=1,1.0.0,response_to_clock_rate_1,1.0,1.0,1.0,1.0
F1,0.07943282347242814,clock characteristic time,analytic,clock,0.03868537155020979,0.03868537155020979,,not_applicable_deterministic,lambda=1;kappa=1;rho_inf=1,1.0.0,response_to_clock_rate_1,1.0,1.0,1.0,1.0
F1,0.08254041852680186,clock characteristic time,analytic,clock,0.0401577718301086,0.0401577718301086,,not_applicable_deterministic,lambda=1;kappa=1;rho_inf=1,1.0.0,response_to_clock_rate_1,1.0,1.0,1.0,1.0
F1,0.08576958985908942,clock characteristic time,analytic,clock,0.041684569788693615,0.041684569788693615,,not_applicable_deterministic,lambda=1;kappa=1;rho_inf=1,1.0.0,response_to_clock_rate_1,1.0,1.0,1.0,1.0
F1,0.08912509381337455,clock characteristic time,analytic,clock,0.04326764617066037,0.04326764617066037,,not_applicable_deterministic,lambda=1;kappa=1;rho_inf=1,1.0.0,response_to_clock_rate_1,1.0,1.0,1.0,1.0
F1,0.09261187281287933,clock characteristic time,analytic,clock,0.04490893655532402,0.04490893655532402,,not_applicable_deterministic,lambda=1;kappa=1;rho_inf=1,1.0.0,response_to_clock_rate_1,1.0,1.0,1.0,1.0
F1,0.09623506263980887,clock characteristic time,analytic,clock,0.046610432123747936,0.046610432123747936,,not_applicable_deterministic,lambda=1;kappa=1;rho_inf=1,1.0.0,response_to_clock_rate_1,1.0,1.0,1.0,1.0
F1,0.1,clock characteristic time,analytic,clock,0.04837418035959573,0.04837418035959573,,not_applicable_deterministic,lambda=1;kappa=1;rho_inf=1,1.0.0,response_to_clock_rate_1,1.0,1.0,1.0,1.0
F1,0.10391223038351691,clock characteristic time,analytic,clock,0.050202285675000846,0.050202285675000846,,not_applicable_deterministic,lambda=1;kappa=1;rho_inf=1,1.0.0,response_to_clock_rate_1,1.0,1.0,1.0,1.0
F1,0.10797751623277094,clock characteristic time,analytic,clock,0.05209690995208338,0.05209690995208338,,not_applicable_deterministic,lambda=1;kappa=1;rho_inf=1,1.0.0,response_to_clock_rate_1,1.0,1.0,1.0,1.0
F1,0.1122018454301963,clock characteristic time,analytic,clock,0.054060272990063774,0.054060272990063774,,not_applicable_deterministic,lambda=1;kappa=1;rho_inf=1,1.0.0,response_to_clock_rate_1,1.0,1.0,1.0,1.0
F1,0.11659144011798311,clock characteristic time,analytic,clock,0.05609465284719972,0.05609465284719972,,not_applicable_deterministic,lambda=1;kappa=1;rho_inf=1,1.0.0,response_to_clock_rate_1,1.0,1.0,1.0,1.0
F1,0.12115276586285889,clock characteristic time,analytic,clock,0.05820238606602568,0.05820238606602568,,not_applicable_deterministic,lambda=1;kappa=1;rho_inf=1,1.0.0,response_to_clock_rate_1,1.0,1.0,1.0,1.0
F1,0.12589254117941676,clock characteristic time,analytic,clock,0.06038586776959043,0.06038586776959043,,not_applicable_deterministic,lambda=1;kappa=1;rho_inf=1,1.0.0,response_to_clock_rate_1,1.0,1.0,1.0,1.0
F1,0.13081774742601943,clock characteristic time,analytic,clock,0.06264755161558022,0.06264755161558022,,not_applicable_deterministic,lambda=1;kappa=1;rho_inf=1,1.0.0,response_to_clock_rate_1,1.0,1.0,1.0,1.0
F1,0.13593563908785256,clock characteristic time,analytic,clock,0.06498994959437454,0.06498994959437454,,not_applicable_deterministic,lambda=1;kappa=1;rho_inf=1,1.0.0,response_to_clock_rate_1,1.0,1.0,1.0,1.0
F1,0.1412537544622754,clock characteristic time,analytic,clock,0.06741563165621522,0.06741563165621522,,not_applicable_deterministic,lambda=1;kappa=1;rho_inf=1,1.0.0,response_to_clock_rate_1,1.0,1.0,1.0,1.0
F1,0.1467799267622069,clock characteristic time,analytic,clock,0.06992722515178607,0.06992722515178607,,not_applicable_deterministic,lambda=1;kappa=1;rho_inf=1,1.0.0,response_to_clock_rate_1,1.0,1.0,1.0,1.0
F1,0.15252229565390182,clock characteristic time,analytic,clock,0.07252741406958418,0.07252741406958418,,not_applicable_deterministic,lambda=1;kappa=1;rho_inf=1,1.0.0,response_to_clock_rate_1,1.0,1.0,1.0,1.0
F1,0.1584893192461114,clock characteristic time,analytic,clock,0.07521893805254476,0.07521893805254476,,not_applicable_deterministic,lambda=1;kappa=1;rho_inf=1,1.0.0,response_to_clock_rate_1,1.0,1.0,1.0,1.0
F1,0.1646897865482869,clock characteristic time,analytic,clock,0.07800459117543979,0.07800459117543979,,not_applicable_deterministic,lambda=1;kappa=1;rho_inf=1,1.0.0,response_to_clock_rate_1,1.0,1.0,1.0,1.0
F1,0.1711328304161781,clock characteristic time,analytic,clock,0.08088722046363184,0.08088722046363184,,not_applicable_deterministic,lambda=1;kappa=1;rho_inf=1,1.0.0,response_to_clock_rate_1,1.0,1.0,1.0,1.0
F1,0.1778279410038923,clock characteristic time,analytic,clock,0.08386972413281457,0.08386972413281457,,not_applicable_deterministic,lambda=1;kappa=1;rho_inf=1,1.0.0,response_to_clock_rate_1,1.0,1.0,1.0,1.0
F1,0.18478497974222907,clock characteristic time,analytic,clock,0.08695504952844357,0.08695504952844357,,not_applicable_deterministic,lambda=1;kappa=1;rho_inf=1,1.0.0,response_to_clock_rate_1,1.0,1.0,1.0,1.0
F1,0.1920141938638801,clock characteristic time,analytic,clock,0.09014619074263674,0.09014619074263674,,not_applicable_deterministic,lambda=1;kappa=1;rho_inf=1,1.0.0,response_to_clock_rate_1,1.0,1.0,1.0,1.0
F1,0.19952623149688786,clock characteristic time,analytic,clock,0.09344618588543296,0.09344618588543296,,not_applicable_deterministic,lambda=1;kappa=1;rho_inf=1,1.0.0,response_to_clock_rate_1,1.0,1.0,1.0,1.0
F1,0.2073321573485954,clock characteristic time,analytic,clock,0.09685811398644695,0.09685811398644695,,not_applicable_deterministic,lambda=1;kappa=1;rho_inf=1,1.0.0,response_to_clock_rate_1,1.0,1.0,1.0,1.0
F1,0.21544346900318845,clock characteristic time,analytic,clock,0.10038509150214858,0.10038509150214858,,not_applicable_deterministic,lambda=1;kappa=1;rho_inf=1,1.0.0,response_to_clock_rate_1,1.0,1.0,1.0,1.0
F1,0.223872113856834,clock characteristic time,analytic,clock,0.1040302684032629,0.1040302684032629,,not_applicable_deterministic,lambda=1;kappa=1;rho_inf=1,1.0.0,response_to_clock_rate_1,1.0,1.0,1.0,1.0
F1,0.23263050671536262,clock characteristic time,analytic,clock,0.10779682381613076,0.10779682381613076,,not_applicable_deterministic,lambda=1;kappa=1;rho_inf=1,1.0.0,response_to_clock_rate_1,1.0,1.0,1.0,1.0
F1,0.24173154808041036,clock characteristic time,analytic,clock,0.11168796119130975,0.11168796119130975,,not_applicable_deterministic,lambda=1;kappa=1;rho_inf=1,1.0.0,response_to_clock_rate_1,1.0,1.0,1.0,1.0
F1,0.25118864315095796,clock characteristic time,analytic,clock,0.1157069029722656,0.1157069029722656,,not_applicable_deterministic,lambda=1;kappa=1;rho_inf=1,1.0.0,response_to_clock_rate_1,1.0,1.0,1.0,1.0
F1,0.2610157215682536,clock characteristic time,analytic,clock,0.11985688473670619,0.11985688473670619,,not_applicable_deterministic,lambda=1;kappa=1;rho_inf=1,1.0.0,response_to_clock_rate_1,1.0,1.0,1.0,1.0
F1,0.2712272579332027,clock characteristic time,analytic,clock,0.12414114878298577,0.12414114878298577,,not_applicable_deterministic,lambda=1;kappa=1;rho_inf=1,1.0.0,response_to_clock_rate_1,1.0,1.0,1.0,1.0
F1,0.2818382931264455,clock characteristic time,analytic,clock,0.12856293713407485,0.12856293713407485,,not_applicable_deterministic,lambda=1;kappa=1;rho_inf=1,1.0.0,response_to_clock_rate_1,1.0,1.0,1.0,1.0
F1,0.29286445646252374,clock characteristic time,analytic,clock,0.1331254839318743,0.1331254839318743,,not_applicable_deterministic,lambda=1;kappa=1;rho_inf=1,1.0.0,response_to_clock_rate_1,1.0,1.0,1.0,1.0
F1,0.3043219887107722,clock characteristic time,analytic,clock,0.13783200719520272,0.13783200719520272,,not_applicable_deterministic,lambda=1;kappa=1;rho_inf=1,1.0.0,response_to_clock_rate_1,1.0,1.0,1.0,1.0
F1,0.31622776601683794,clock characteristic time,analytic,clock,0.14268569991561086,0.14268569991561086,,not_applicable_deterministic,lambda=1;kappa=1;rho_inf=1,1.0.0,response_to_clock_rate_1,1.0,1.0,1.0,1.0
F1,0.3285993247600654,clock characteristic time,analytic,clock,0.1476897204663249,0.1476897204663249,,not_applicable_deterministic,lambda=1;kappa=1;rho_inf=1,1.0.0,response_to_clock_rate_1,1.0,1.0,1.0,1.0
F1,0.34145488738336005,clock characteristic time,analytic,clock,0.1528471823011468,0.1528471823011468,,not_applicable_deterministic,lambda=1;kappa=1;rho_inf=1,1.0.0,response_to_clock_rate_1,1.0,1.0,1.0,1.0
F1,0.3548133892335753,clock characteristic time,analytic,clock,0.15816114292204042,0.15816114292204042,,not_applicable_deterministic,lambda=1;kappa=1;rho_inf=1,1.0.0,response_to_clock_rate_1,1.0,1.0,1.0,1.0
F1,0.36869450645195734,clock characteristic time,analytic,clock,0.16363459209650233,0.16363459209650233,,not_applicable_deterministic,lambda=1;kappa=1;rho_inf=1,1.0.0,response_to_clock_rate_1,1.0,1.0,1.0,1.0
F1,0.38311868495572887,clock characteristic time,analytic,clock,0.1692704393086566,0.1692704393086566,,not_applicable_deterministic,lambda=1;kappa=1;rho_inf=1,1.0.0,response_to_clock_rate_1,1.0,1.0,1.0,1.0
F1,0.3981071705534973,clock characteristic time,analytic,clock,0.17507150043139486,0.17507150043139486,,not_applicable_deterministic,lambda=1;kappa=1;rho_inf=1,1.0.0,response_to_clock_rate_1,1.0,1.0,1.0,1.0
F1,0.4136820402388507,clock characteristic time,analytic,clock,0.1810404836108418,0.1810404836108418,,not_applicable_deterministic,lambda=1;kappa=1;rho_inf=1,1.0.0,response_to_clock_rate_1,1.0,1.0,1.0,1.0
F1,0.42986623470822766,clock characteristic time,analytic,clock,0.18717997435900813,0.18717997435900813,,not_applicable_deterministic,lambda=1;kappa=1;rho_inf=1,1.0.0,response_to_clock_rate_1,1.0,1.0,1.0,1.0
F1,0.44668359215096304,clock characteristic time,analytic,clock,0.19349241985574972,0.19349241985574972,,not_applicable_deterministic,lambda=1;kappa=1;rho_inf=1,1.0.0,response_to_clock_rate_1,1.0,1.0,1.0,1.0
F1,0.46415888336127775,clock characteristic time,analytic,clock,0.19998011246712266,0.19998011246712266,,not_applicable_deterministic,lambda=1;kappa=1;rho_inf=1,1.0.0,response_to_clock_rate_1,1.0,1.0,1.0,1.0
F1,0.4823178482239304,clock characteristic time,analytic,clock,0.20664517249395264,0.20664517249395264,,not_applicable_deterministic,lambda=1;kappa=1;rho_inf=1,1.0.0,response_to_clock_rate_1,1.0,1.0,1.0,1.0
F1,0.5011872336272725,clock characteristic time,analytic,clock,0.2134895301719668,0.2134895301719668,,not_applicable_deterministic,lambda=1;kappa=1;rho_inf=1,1.0.0,response_to_clock_rate_1,1.0,1.0,1.0,1.0
F1,0.5207948328595465,clock characteristic time,analytic,clock,0.2205149069531953,0.2205149069531953,,not_applicable_deterministic,lambda=1;kappa=1;rho_inf=1,1.0.0,response_to_clock_rate_1,1.0,1.0,1.0,1.0
F1,0.5411695265464638,clock characteristic time,analytic,clock,0.2277227961075753,0.2277227961075753,,not_applicable_deterministic,lambda=1;kappa=1;rho_inf=1,1.0.0,response_to_clock_rate_1,1.0,1.0,1.0,1.0
F1,0.5623413251903491,clock characteristic time,analytic,clock,0.23511444269379167,0.23511444269379167,,not_applicable_deterministic,lambda=1;kappa=1;rho_inf=1,1.0.0,response_to_clock_rate_1,1.0,1.0,1.0,1.0
F1,0.5843414133735175,clock characteristic time,analytic,clock,0.24269082295939237,0.24269082295939237,,not_applicable_deterministic,lambda=1;kappa=1;rho_inf=1,1.0.0,response_to_clock_rate_1,1.0,1.0,1.0,1.0
F1,0.6072021956909883,clock characteristic time,analytic,clock,0.2504526232421074,0.2504526232421074,,not_applicable_deterministic,lambda=1;kappa=1;rho_inf=1,1.0.0,response_to_clock_rate_1,1.0,1.0,1.0,1.0
F1,0.630957344480193,clock characteristic time,analytic,clock,0.2584002184570767,0.2584002184570767,,not_applicable_deterministic,lambda=1;kappa=1;rho_inf=1,1.0.0,response_to_clock_rate_1,1.0,1.0,1.0,1.0
F1,0.6556418494179785,clock characteristic time,analytic,clock,0.26653365026831377,0.26653365026831377,,not_applicable_deterministic,lambda=1;kappa=1;rho_inf=1,1.0.0,response_to_clock_rate_1,1.0,1.0,1.0,1.0
F1,0.6812920690579615,clock characteristic time,analytic,clock,0.2748526050571577,0.2748526050571577,,not_applicable_deterministic,lambda=1;kappa=1;rho_inf=1,1.0.0,response_to_clock_rate_1,1.0,1.0,1.0,1.0
F1,0.707945784384138,clock characteristic time,analytic,clock,0.2833563918156188,0.2833563918156188,,not_applicable_deterministic,lambda=1;kappa=1;rho_inf=1,1.0.0,response_to_clock_rate_1,1.0,1.0,1.0,1.0
F1,0.7356422544596414,clock characteristic time,analytic,clock,0.29204392010831304,0.29204392010831304,,not_applicable_deterministic,lambda=1;kappa=1;rho_inf=1,1.0.0,response_to_clock_rate_1,1.0,1.0,1.0,1.0
F1,0.7644222742526002,clock characteristic time,analytic,clock,0.3009136782629733,0.3009136782629733,,not_applicable_deterministic,lambda=1;kappa=1;rho_inf=1,1.0.0,response_to_clock_rate_1,1.0,1.0,1.0,1.0
F1,0.7943282347242814,clock characteristic time,analytic,clock,0.30996371196619477,0.30996371196619477,,not_applicable_deterministic,lambda=1;kappa=1;rho_inf=1,1.0.0,response_to_clock_rate_1,1.0,1.0,1.0,1.0
F1,0.8254041852680182,clock characteristic time,analytic,clock,0.31919160345788833,0.31919160345788833,,not_applicable_deterministic,lambda=1;kappa=1;rho_inf=1,1.0.0,response_to_clock_rate_1,1.0,1.0,1.0,1.0
F1,0.8576958985908937,clock characteristic time,analytic,clock,0.32859445153471123,0.32859445153471123,,not_applicable_deterministic,lambda=1;kappa=1;rho_inf=1,1.0.0,response_to_clock_rate_1,1.0,1.0,1.0,1.0
F1,0.8912509381337459,clock characteristic time,analytic,clock,0.33816885258920926,0.33816885258920926,,not_applicable_deterministic,lambda=1;kappa=1;rho_inf=1,1.0.0,response_to_clock_rate_1,1.0,1.0,1.0,1.0
F1,0.9261187281287937,clock characteristic time,analytic,clock,0.34791088292728034,0.34791088292728034,,not_applicable_deterministic,lambda=1;kappa=1;rho_inf=1,1.0.0,response_to_clock_rate_1,1.0,1.0,1.0,1.0
F1,0.9623506263980888,clock characteristic time,analytic,clock,0.3578160826215001,0.3578160826215001,,not_applicable_deterministic,lambda=1;kappa=1;rho_inf=1,1.0.0,response_to_clock_rate_1,1.0,1.0,1.0,1.0
F1,1.0,clock characteristic time,analytic,clock,0.36787944117144233,0.36787944117144233,,not_applicable_deterministic,lambda=1;kappa=1;rho_inf=1,1.0.0,response_to_clock_rate_1,1.0,1.0,1.0,1.0
F1,1.0391223038351691,clock characteristic time,analytic,clock,0.3780953852540082,0.3780953852540082,,not_applicable_deterministic,lambda=1;kappa=1;rho_inf=1,1.0.0,response_to_clock_rate_1,1.0,1.0,1.0,1.0
F1,1.0797751623277094,clock characteristic time,analytic,clock,0.3884577688564296,0.3884577688564296,,not_applicable_deterministic,lambda=1;kappa=1;rho_inf=1,1.0.0,response_to_clock_rate_1,1.0,1.0,1.0,1.0
F1,1.122018454301963,clock characteristic time,analytic,clock,0.39895986609159884,0.39895986609159884,,not_applicable_deterministic,lambda=1;kappa=1;rho_inf=1,1.0.0,response_to_clock_rate_1,1.0,1.0,1.0,1.0
F1,1.165914401179831,clock characteristic time,analytic,clock,0.4095943669991394,0.4095943669991394,,not_applicable_deterministic,lambda=1;kappa=1;rho_inf=1,1.0.0,response_to_clock_rate_1,1.0,1.0,1.0,1.0
F1,1.2115276586285888,clock characteristic time,analytic,clock,0.4203533766356461,0.4203533766356461,,not_applicable_deterministic,lambda=1;kappa=1;rho_inf=1,1.0.0,response_to_clock_rate_1,1.0,1.0,1.0,1.0
F1,1.2589254117941675,clock characteristic time,analytic,clock,0.43122841775322707,0.43122841775322707,,not_applicable_deterministic,lambda=1;kappa=1;rho_inf=1,1.0.0,response_to_clock_rate_1,1.0,1.0,1.0,1.0
F1,1.3081774742601942,clock characteristic time,analytic,clock,0.4422104373563124,0.4422104373563124,,not_applicable_deterministic,lambda=1;kappa=1;rho_inf=1,1.0.0,response_to_clock_rate_1,1.0,1.0,1.0,1.0
F1,1.3593563908785256,clock characteristic time,analytic,clock,0.4532898174121037,0.4532898174121037,,not_applicable_deterministic,lambda=1;kappa=1;rho_inf=1,1.0.0,response_to_clock_rate_1,1.0,1.0,1.0,1.0
F1,1.412537544622754,clock characteristic time,analytic,clock,0.46445638996952343,0.46445638996952343,,not_applicable_deterministic,lambda=1;kappa=1;rho_inf=1,1.0.0,response_to_clock_rate_1,1.0,1.0,1.0,1.0
F1,1.467799267622069,clock characteristic time,analytic,clock,0.4756994569145738,0.4756994569145738,,not_applicable_deterministic,lambda=1;kappa=1;rho_inf=1,1.0.0,response_to_clock_rate_1,1.0,1.0,1.0,1.0
F1,1.5252229565390183,clock characteristic time,analytic,clock,0.48700781455627185,0.48700781455627185,,not_applicable_deterministic,lambda=1;kappa=1;rho_inf=1,1.0.0,response_to_clock_rate_1,1.0,1.0,1.0,1.0
F1,1.584893192461114,clock characteristic time,analytic,clock,0.49836978319642977,0.49836978319642977,,not_applicable_deterministic,lambda=1;kappa=1;rho_inf=1,1.0.0,response_to_clock_rate_1,1.0,1.0,1.0,1.0
F1,1.6468978654828688,clock characteristic time,analytic,clock,0.5097732417883298,0.5097732417883298,,not_applicable_deterministic,lambda=1;kappa=1;rho_inf=1,1.0.0,response_to_clock_rate_1,1.0,1.0,1.0,1.0
F1,1.711328304161781,clock characteristic time,analytic,clock,0.5212056677337433,0.5212056677337433,,not_applicable_deterministic,lambda=1;kappa=1;rho_inf=1,1.0.0,response_to_clock_rate_1,1.0,1.0,1.0,1.0
F1,1.7782794100389228,clock characteristic time,analytic,clock,0.5326541818048476,0.5326541818048476,,not_applicable_deterministic,lambda=1;kappa=1;rho_inf=1,1.0.0,response_to_clock_rate_1,1.0,1.0,1.0,1.0
F1,1.8478497974222907,clock characteristic time,analytic,clock,0.5441055981077746,0.5441055981077746,,not_applicable_deterministic,lambda=1;kappa=1;rho_inf=1,1.0.0,response_to_clock_rate_1,1.0,1.0,1.0,1.0
F1,1.920141938638801,clock characteristic time,analytic,clock,0.5555464789282512,0.5555464789282512,,not_applicable_deterministic,lambda=1;kappa=1;rho_inf=1,1.0.0,response_to_clock_rate_1,1.0,1.0,1.0,1.0
F1,1.9952623149688788,clock characteristic time,analytic,clock,0.5669631942178966,0.5669631942178966,,not_applicable_deterministic,lambda=1;kappa=1;rho_inf=1,1.0.0,response_to_clock_rate_1,1.0,1.0,1.0,1.0
F1,2.073321573485954,clock characteristic time,analytic,clock,0.5783419853932551,0.5783419853932551,,not_applicable_deterministic,lambda=1;kappa=1;rho_inf=1,1.0.0,response_to_clock_rate_1,1.0,1.0,1.0,1.0
F1,2.1544346900318843,clock characteristic time,analytic,clock,0.5896690330298868,0.5896690330298868,,not_applicable_deterministic,lambda=1;kappa=1;rho_inf=1,1.0.0,response_to_clock_rate_1,1.0,1.0,1.0,1.0
F1,2.23872113856834,clock characteristic time,analytic,clock,0.6009305279424364,0.6009305279424364,,not_applicable_deterministic,lambda=1;kappa=1;rho_inf=1,1.0.0,response_to_clock_rate_1,1.0,1.0,1.0,1.0
F1,2.3263050671536263,clock characteristic time,analytic,clock,0.6121127450504413,0.6121127450504413,,not_applicable_deterministic,lambda=1;kappa=1;rho_inf=1,1.0.0,response_to_clock_rate_1,1.0,1.0,1.0,1.0
F1,2.4173154808041035,clock characteristic time,analytic,clock,0.6232021193408614,0.6232021193408614,,not_applicable_deterministic,lambda=1;kappa=1;rho_inf=1,1.0.0,response_to_clock_rate_1,1.0,1.0,1.0,1.0
F1,2.5118864315095797,clock characteristic time,analytic,clock,0.6341853231543388,0.6341853231543388,,not_applicable_deterministic,lambda=1;kappa=1;rho_inf=1,1.0.0,response_to_clock_rate_1,1.0,1.0,1.0,1.0
F1,2.610157215682536,clock characteristic time,analytic,clock,0.645049343945574,0.645049343945574,,not_applicable_deterministic,lambda=1;kappa=1;rho_inf=1,1.0.0,response_to_clock_rate_1,1.0,1.0,1.0,1.0
F1,2.712272579332027,clock characteristic time,analytic,clock,0.6557815616016739,0.6557815616016739,,not_applicable_deterministic,lambda=1;kappa=1;rho_inf=1,1.0.0,response_to_clock_rate_1,1.0,1.0,1.0,1.0
F1,2.818382931264452,clock characteristic time,analytic,clock,0.6663698243486582,0.6663698243486582,,not_applicable_deterministic,lambda=1;kappa=1;rho_inf=1,1.0.0,response_to_clock_rate_1,1.0,1.0,1.0,1.0
F1,2.9286445646252375,clock characteristic time,analytic,clock,0.6768025222382381,0.6768025222382381,,not_applicable_deterministic,lambda=1;kappa=1;rho_inf=1,1.0.0,response_to_clock_rate_1,1.0,1.0,1.0,1.0
F1,3.043219887107722,clock characteristic time,analytic,clock,0.6870686571871245,0.6870686571871245,,not_applicable_deterministic,lambda=1;kappa=1;rho_inf=1,1.0.0,response_to_clock_rate_1,1.0,1.0,1.0,1.0
F1,3.1622776601683795,clock characteristic time,analytic,clock,0.6971579085418442,0.6971579085418442,,not_applicable_deterministic,lambda=1;kappa=1;rho_inf=1,1.0.0,response_to_clock_rate_1,1.0,1.0,1.0,1.0
F1,3.285993247600654,clock characteristic time,analytic,clock,0.7070606931652865,0.7070606931652865,,not_applicable_deterministic,lambda=1;kappa=1;rho_inf=1,1.0.0,response_to_clock_rate_1,1.0,1.0,1.0,1.0
F1,3.4145488738336005,clock characteristic time,analytic,clock,0.7167682190885006,0.7167682190885006,,not_applicable_deterministic,lambda=1;kappa=1;rho_inf=1,1.0.0,response_to_clock_rate_1,1.0,1.0,1.0,1.0
F1,3.5481338923357533,clock characteristic time,analytic,clock,0.7262725318434003,0.7262725318434003,,not_applicable_deterministic,lambda=1;kappa=1;rho_inf=1,1.0.0,response_to_clock_rate_1,1.0,1.0,1.0,1.0
F1,3.6869450645195734,clock characteristic time,analytic,clock,0.7355665526891383,0.7355665526891383,,not_applicable_deterministic,lambda=1;kappa=1;rho_inf=1,1.0.0,response_to_clock_rate_1,1.0,1.0,1.0,1.0
F1,3.831186849557289,clock characteristic time,analytic,clock,0.7446441080662156,0.7446441080662156,,not_applicable_deterministic,lambda=1;kappa=1;rho_inf=1,1.0.0,response_to_clock_rate_1,1.0,1.0,1.0,1.0
F1,3.981071705534973,clock characteristic time,analytic,clock,0.7534999497562151,0.7534999497562151,,not_applicable_deterministic,lambda=1;kappa=1;rho_inf=1,1.0.0,response_to_clock_rate_1,1.0,1.0,1.0,1.0
F1,4.136820402388507,clock characteristic time,analytic,clock,0.7621297653887517,0.7621297653887517,,not_applicable_deterministic,lambda=1;kappa=1;rho_inf=1,1.0.0,response_to_clock_rate_1,1.0,1.0,1.0,1.0
F1,4.298662347082277,clock characteristic time,analytic,clock,0.7705301791171976,0.7705301791171976,,not_applicable_deterministic,lambda=1;kappa=1;rho_inf=1,1.0.0,response_to_clock_rate_1,1.0,1.0,1.0,1.0
F1,4.46683592150963,clock characteristic time,analytic,clock,0.7786987424764674,0.7786987424764674,,not_applicable_deterministic,lambda=1;kappa=1;rho_inf=1,1.0.0,response_to_clock_rate_1,1.0,1.0,1.0,1.0
F1,4.6415888336127775,clock characteristic time,analytic,clock,0.7866339156342774,0.7866339156342774,,not_applicable_deterministic,lambda=1;kappa=1;rho_inf=1,1.0.0,response_to_clock_rate_1,1.0,1.0,1.0,1.0
F1,4.823178482239304,clock characteristic time,analytic,clock,0.7943350394458598,0.7943350394458598,,not_applicable_deterministic,lambda=1;kappa=1;rho_inf=1,1.0.0,response_to_clock_rate_1,1.0,1.0,1.0,1.0
F1,5.011872336272719,clock characteristic time,analytic,clock,0.8018022989146794,0.8018022989146794,,not_applicable_deterministic,lambda=1;kappa=1;rho_inf=1,1.0.0,response_to_clock_rate_1,1.0,1.0,1.0,1.0
F1,5.207948328595465,clock characteristic time,analytic,clock,0.8090366788416429,0.8090366788416429,,not_applicable_deterministic,lambda=1;kappa=1;rho_inf=1,1.0.0,response_to_clock_rate_1,1.0,1.0,1.0,1.0
F1,5.411695265464638,clock characteristic time,analytic,clock,0.8160399126061197,0.8160399126061197,,not_applicable_deterministic,lambda=1;kappa=1;rho_inf=1,1.0.0,response_to_clock_rate_1,1.0,1.0,1.0,1.0
F1,5.62341325190349,clock characteristic time,analytic,clock,0.8228144251577327,0.8228144251577327,,not_applicable_deterministic,lambda=1;kappa=1;rho_inf=1,1.0.0,response_to_clock_rate_1,1.0,1.0,1.0,1.0
F1,5.843414133735175,clock characteristic time,analytic,clock,0.8293632714030041,0.8293632714030041,,not_applicable_deterministic,lambda=1;kappa=1;rho_inf=1,1.0.0,response_to_clock_rate_1,1.0,1.0,1.0,1.0
F1,6.072021956909884,clock characteristic time,analytic,clock,0.835690071241349,0.835690071241349,,not_applicable_deterministic,lambda=1;kappa=1;rho_inf=1,1.0.0,response_to_clock_rate_1,1.0,1.0,1.0,1.0
F1,6.30957344480193,clock characteristic time,analytic,clock,0.8417989425376793,0.8417989425376793,,not_applicable_deterministic,lambda=1;kappa=1;rho_inf=1,1.0.0,response_to_clock_rate_1,1.0,1.0,1.0,1.0
F1,6.556418494179785,clock characteristic time,analytic,clock,0.8476944333127259,0.8476944333127259,,not_applicable_deterministic,lambda=1;kappa=1;rho_inf=1,1.0.0,response_to_clock_rate_1,1.0,1.0,1.0,1.0
F1,6.812920690579615,clock characteristic time,analytic,clock,0.8533814543874902,0.8533814543874902,,not_applicable_deterministic,lambda=1;kappa=1;rho_inf=1,1.0.0,response_to_clock_rate_1,1.0,1.0,1.0,1.0
F1,7.07945784384138,clock characteristic time,analytic,clock,0.8588652136371452,0.8588652136371452,,not_applicable_deterministic,lambda=1;kappa=1;rho_inf=1,1.0.0,response_to_clock_rate_1,1.0,1.0,1.0,1.0
F1,7.3564225445964135,clock characteristic time,analytic,clock,0.864151152896055,0.864151152896055,,not_applicable_deterministic,lambda=1;kappa=1;rho_inf=1,1.0.0,response_to_clock_rate_1,1.0,1.0,1.0,1.0
F1,7.644222742526002,clock characteristic time,analytic,clock,0.8692448884147148,0.8692448884147148,,not_applicable_deterministic,lambda=1;kappa=1;rho_inf=1,1.0.0,response_to_clock_rate_1,1.0,1.0,1.0,1.0
F1,7.943282347242813,clock characteristic time,analytic,clock,0.8741521556079044,0.8741521556079044,,not_applicable_deterministic,lambda=1;kappa=1;rho_inf=1,1.0.0,response_to_clock_rate_1,1.0,1.0,1.0,1.0
F1,8.254041852680182,clock characteristic time,analytic,clock,0.8788787586586432,0.8788787586586432,,not_applicable_deterministic,lambda=1;kappa=1;rho_inf=1,1.0.0,response_to_clock_rate_1,1.0,1.0,1.0,1.0
F1,8.576958985908938,clock characteristic time,analytic,clock,0.8834305253624954,0.8834305253624954,,not_applicable_deterministic,lambda=1;kappa=1;rho_inf=1,1.0.0,response_to_clock_rate_1,1.0,1.0,1.0,1.0
F1,8.91250938133745,clock characteristic time,analytic,clock,0.887813267419244,0.887813267419244,,not_applicable_deterministic,lambda=1;kappa=1;rho_inf=1,1.0.0,response_to_clock_rate_1,1.0,1.0,1.0,1.0
F1,9.261187281287937,clock characteristic time,analytic,clock,0.8920327462112507,0.8920327462112507,,not_applicable_deterministic,lambda=1;kappa=1;rho_inf=1,1.0.0,response_to_clock_rate_1,1.0,1.0,1.0,1.0
F1,9.623506263980888,clock characteristic time,analytic,clock,0.8960946439563474,0.8960946439563474,,not_applicable_deterministic,lambda=1;kappa=1;rho_inf=1,1.0.0,response_to_clock_rate_1,1.0,1.0,1.0,1.0
F1,10.0,clock characteristic time,analytic,clock,0.9000045399929762,0.9000045399929762,,not_applicable_deterministic,lambda=1;kappa=1;rho_inf=1,1.0.0,response_to_clock_rate_1,1.0,1.0,1.0,1.0
F1,10.39122303835169,clock characteristic time,analytic,clock,0.9037678918500767,0.9037678918500767,,not_applicable_deterministic,lambda=1;kappa=1;rho_inf=1,1.0.0,response_to_clock_rate_1,1.0,1.0,1.0,1.0
F1,10.797751623277094,clock characteristic time,analytic,clock,0.9073900206758295,0.9073900206758295,,not_applicable_deterministic,lambda=1;kappa=1;rho_inf=1,1.0.0,response_to_clock_rate_1,1.0,1.0,1.0,1.0
F1,11.220184543019629,clock characteristic time,analytic,clock,0.910876100548047,0.910876100548047,,not_applicable_deterministic,lambda=1;kappa=1;rho_inf=1,1.0.0,response_to_clock_rate_1,1.0,1.0,1.0,1.0
F1,11.659144011798311,clock characteristic time,analytic,clock,0.9142311511634624,0.9142311511634624,,not_applicable_deterministic,lambda=1;kappa=1;rho_inf=1,1.0.0,response_to_clock_rate_1,1.0,1.0,1.0,1.0
F1,12.115276586285876,clock characteristic time,analytic,clock,0.9174600334008327,0.9174600334008327,,not_applicable_deterministic,lambda=1;kappa=1;rho_inf=1,1.0.0,response_to_clock_rate_1,1.0,1.0,1.0,1.0
F1,12.589254117941662,clock characteristic time,analytic,clock,0.9205674472700534,0.9205674472700534,,not_applicable_deterministic,lambda=1;kappa=1;rho_inf=1,1.0.0,response_to_clock_rate_1,1.0,1.0,1.0,1.0
F1,13.081774742601928,clock characteristic time,analytic,clock,0.9235579317922211,0.9235579317922211,,not_applicable_deterministic,lambda=1;kappa=1;rho_inf=1,1.0.0,response_to_clock_rate_1,1.0,1.0,1.0,1.0
F1,13.593563908785242,clock characteristic time,analytic,clock,0.926435866399322,0.926435866399322,,not_applicable_deterministic,lambda=1;kappa=1;rho_inf=1,1.0.0,response_to_clock_rate_1,1.0,1.0,1.0,1.0
F1,14.125375446227554,clock characteristic time,analytic,clock,0.9292054734926704,0.9292054734926704,,not_applicable_deterministic,lambda=1;kappa=1;rho_inf=1,1.0.0,response_to_clock_rate_1,1.0,1.0,1.0,1.0
F1,14.677992676220706,clock characteristic time,analytic,clock,0.931870821852431,0.931870821852431,,not_applicable_deterministic,lambda=1;kappa=1;rho_inf=1,1.0.0,response_to_clock_rate_1,1.0,1.0,1.0,1.0
F1,15.252229565390198,clock characteristic time,analytic,clock,0.9344358306432281,0.9344358306432281,,not_applicable_deterministic,lambda=1;kappa=1;rho_inf=1,1.0.0,response_to_clock_rate_1,1.0,1.0,1.0,1.0
F1,15.848931924611142,clock characteristic time,analytic,clock,0.9369042738103884,0.9369042738103884,,not_applicable_deterministic,lambda=1;kappa=1;rho_inf=1,1.0.0,response_to_clock_rate_1,1.0,1.0,1.0,1.0
F1,16.46897865482869,clock characteristic time,analytic,clock,0.9392797847060061,0.9392797847060061,,not_applicable_deterministic,lambda=1;kappa=1;rho_inf=1,1.0.0,response_to_clock_rate_1,1.0,1.0,1.0,1.0
F1,17.11328304161781,clock characteristic time,analytic,clock,0.9415658608226907,0.9415658608226907,,not_applicable_deterministic,lambda=1;kappa=1;rho_inf=1,1.0.0,response_to_clock_rate_1,1.0,1.0,1.0,1.0
F1,17.78279410038923,clock characteristic time,analytic,clock,0.9437658685451832,0.9437658685451832,,not_applicable_deterministic,lambda=1;kappa=1;rho_inf=1,1.0.0,response_to_clock_rate_1,1.0,1.0,1.0,1.0
F1,18.478497974222908,clock characteristic time,analytic,clock,0.9458830478561215,0.9458830478561215,,not_applicable_deterministic,lambda=1;kappa=1;rho_inf=1,1.0.0,response_to_clock_rate_1,1.0,1.0,1.0,1.0
F1,19.20141938638801,clock characteristic time,analytic,clock,0.9479205169526046,0.9479205169526046,,not_applicable_deterministic,lambda=1;kappa=1;rho_inf=1,1.0.0,response_to_clock_rate_1,1.0,1.0,1.0,1.0
F1,19.952623149688787,clock characteristic time,analytic,clock,0.9498812767455871,0.9498812767455871,,not_applicable_deterministic,lambda=1;kappa=1;rho_inf=1,1.0.0,response_to_clock_rate_1,1.0,1.0,1.0,1.0
F1,20.73321573485954,clock characteristic time,analytic,clock,0.9517682152253611,0.9517682152253611,,not_applicable_deterministic,lambda=1;kappa=1;rho_inf=1,1.0.0,response_to_clock_rate_1,1.0,1.0,1.0,1.0
F1,21.54434690031882,clock characteristic time,analytic,clock,0.9535841116842931,0.9535841116842931,,not_applicable_deterministic,lambda=1;kappa=1;rho_inf=1,1.0.0,response_to_clock_rate_1,1.0,1.0,1.0,1.0
F1,22.38721138568338,clock characteristic time,analytic,clock,0.9553316407933634,0.9553316407933634,,not_applicable_deterministic,lambda=1;kappa=1;rho_inf=1,1.0.0,response_to_clock_rate_1,1.0,1.0,1.0,1.0
F1,23.263050671536238,clock characteristic time,analytic,clock,0.9570133765325681,0.9570133765325681,,not_applicable_deterministic,lambda=1;kappa=1;rho_inf=1,1.0.0,response_to_clock_rate_1,1.0,1.0,1.0,1.0
F1,24.173154808041012,clock characteristic time,analytic,clock,0.9586317959774283,0.9586317959774283,,not_applicable_deterministic,lambda=1;kappa=1;rho_inf=1,1.0.0,response_to_clock_rate_1,1.0,1.0,1.0,1.0
F1,25.11886431509582,clock characteristic time,analytic,clock,0.9601892829451413,0.9601892829451413,,not_applicable_deterministic,lambda=1;kappa=1;rho_inf=1,1.0.0,response_to_clock_rate_1,1.0,1.0,1.0,1.0
F1,26.101572156825384,clock characteristic time,analytic,clock,0.961688131504604,0.961688131504604,,not_applicable_deterministic,lambda=1;kappa=1;rho_inf=1,1.0.0,response_to_clock_rate_1,1.0,1.0,1.0,1.0
F1,27.122725793320296,clock characteristic time,analytic,clock,0.9631305493548655,0.9631305493548655,,not_applicable_deterministic,lambda=1;kappa=1;rho_inf=1,1.0.0,response_to_clock_rate_1,1.0,1.0,1.0,1.0
F1,28.183829312644548,clock characteristic time,analytic,clock,0.9645186610766628,0.9645186610766628,,not_applicable_deterministic,lambda=1;kappa=1;rho_inf=1,1.0.0,response_to_clock_rate_1,1.0,1.0,1.0,1.0
F1,29.28644564625237,clock characteristic time,analytic,clock,0.9658545112616705,0.9658545112616705,,not_applicable_deterministic,lambda=1;kappa=1;rho_inf=1,1.0.0,response_to_clock_rate_1,1.0,1.0,1.0,1.0
F1,30.432198871077222,clock characteristic time,analytic,clock,0.9671400675239955,0.9671400675239955,,not_applicable_deterministic,lambda=1;kappa=1;rho_inf=1,1.0.0,response_to_clock_rate_1,1.0,1.0,1.0,1.0
F1,31.622776601683793,clock characteristic time,analytic,clock,0.9683772233983168,0.9683772233983168,,not_applicable_deterministic,lambda=1;kappa=1;rho_inf=1,1.0.0,response_to_clock_rate_1,1.0,1.0,1.0,1.0
F1,32.85993247600654,clock characteristic time,analytic,clock,0.9695678011289229,0.9695678011289229,,not_applicable_deterministic,lambda=1;kappa=1;rho_inf=1,1.0.0,response_to_clock_rate_1,1.0,1.0,1.0,1.0
F1,34.145488738336006,clock characteristic time,analytic,clock,0.9707135543537476,0.9707135543537476,,not_applicable_deterministic,lambda=1;kappa=1;rho_inf=1,1.0.0,response_to_clock_rate_1,1.0,1.0,1.0,1.0
F1,35.481338923357534,clock characteristic time,analytic,clock,0.9718161706873555,0.9718161706873555,,not_applicable_deterministic,lambda=1;kappa=1;rho_inf=1,1.0.0,response_to_clock_rate_1,1.0,1.0,1.0,1.0
F1,36.869450645195734,clock characteristic time,analytic,clock,0.9728772742066797,0.9728772742066797,,not_applicable_deterministic,lambda=1;kappa=1;rho_inf=1,1.0.0,response_to_clock_rate_1,1.0,1.0,1.0,1.0
F1,38.31186849557285,clock characteristic time,analytic,clock,0.9738984278431746,0.9738984278431746,,not_applicable_deterministic,lambda=1;kappa=1;rho_inf=1,1.0.0,response_to_clock_rate_1,1.0,1.0,1.0,1.0
F1,39.81071705534969,clock characteristic time,analytic,clock,0.9748811356849042,0.9748811356849042,,not_applicable_deterministic,lambda=1;kappa=1;rho_inf=1,1.0.0,response_to_clock_rate_1,1.0,1.0,1.0,1.0
F1,41.36820402388503,clock characteristic time,analytic,clock,0.975826845191959,0.975826845191959,,not_applicable_deterministic,lambda=1;kappa=1;rho_inf=1,1.0.0,response_to_clock_rate_1,1.0,1.0,1.0,1.0
F1,42.98662347082272,clock characteristic time,analytic,clock,0.9767369493284637,0.9767369493284637,,not_applicable_deterministic,lambda=1;kappa=1;rho_inf=1,1.0.0,response_to_clock_rate_1,1.0,1.0,1.0,1.0
F1,44.668359215096345,clock characteristic time,analytic,clock,0.9776127886143167,0.9776127886143167,,not_applicable_deterministic,lambda=1;kappa=1;rho_inf=1,1.0.0,response_to_clock_rate_1,1.0,1.0,1.0,1.0
F1,46.41588833612782,clock characteristic time,analytic,clock,0.9784556530996812,0.9784556530996812,,not_applicable_deterministic,lambda=1;kappa=1;rho_inf=1,1.0.0,response_to_clock_rate_1,1.0,1.0,1.0,1.0
F1,48.23178482239309,clock characteristic time,analytic,clock,0.9792667842651405,0.9792667842651405,,not_applicable_deterministic,lambda=1;kappa=1;rho_inf=1,1.0.0,response_to_clock_rate_1,1.0,1.0,1.0,1.0
F1,50.118723362727245,clock characteristic time,analytic,clock,0.9800473768503112,0.9800473768503112,,not_applicable_deterministic,lambda=1;kappa=1;rho_inf=1,1.0.0,response_to_clock_rate_1,1.0,1.0,1.0,1.0
F1,52.07948328595465,clock characteristic time,analytic,clock,0.980798580613612,0.980798580613612,,not_applicable_deterministic,lambda=1;kappa=1;rho_inf=1,1.0.0,response_to_clock_rate_1,1.0,1.0,1.0,1.0
F1,54.116952654646376,clock characteristic time,analytic,clock,0.981521502025777,0.981521502025777,,not_applicable_deterministic,lambda=1;kappa=1;rho_inf=1,1.0.0,response_to_clock_rate_1,1.0,1.0,1.0,1.0
F1,56.23413251903491,clock characteristic time,analytic,clock,0.9822172058996108,0.9822172058996108,,not_applicable_deterministic,lambda=1;kappa=1;rho_inf=1,1.0.0,response_to_clock_rate_1,1.0,1.0,1.0,1.0
F1,58.434141337351754,clock characteristic time,analytic,clock,0.9828867169583821,0.9828867169583821,,not_applicable_deterministic,lambda=1;kappa=1;rho_inf=1,1.0.0,response_to_clock_rate_1,1.0,1.0,1.0,1.0
F1,60.72021956909884,clock characteristic time,analytic,clock,0.9835310213451713,0.9835310213451713,,not_applicable_deterministic,lambda=1;kappa=1;rho_inf=1,1.0.0,response_to_clock_rate_1,1.0,1.0,1.0,1.0
F1,63.0957344480193,clock characteristic time,analytic,clock,0.9841510680753889,0.9841510680753889,,not_applicable_deterministic,lambda=1;kappa=1;rho_inf=1,1.0.0,response_to_clock_rate_1,1.0,1.0,1.0,1.0
F1,65.56418494179785,clock characteristic time,analytic,clock,0.9847477704346098,0.9847477704346098,,not_applicable_deterministic,lambda=1;kappa=1;rho_inf=1,1.0.0,response_to_clock_rate_1,1.0,1.0,1.0,1.0
F1,68.12920690579608,clock characteristic time,analytic,clock,0.9853220073237793,0.9853220073237793,,not_applicable_deterministic,lambda=1;kappa=1;rho_inf=1,1.0.0,response_to_clock_rate_1,1.0,1.0,1.0,1.0
F1,70.79457843841374,clock characteristic time,analytic,clock,0.9858746245537724,0.9858746245537724,,not_applicable_deterministic,lambda=1;kappa=1;rho_inf=1,1.0.0,response_to_clock_rate_1,1.0,1.0,1.0,1.0
F1,73.56422544596406,clock characteristic time,analytic,clock,0.9864064360912147,0.9864064360912147,,not_applicable_deterministic,lambda=1;kappa=1;rho_inf=1,1.0.0,response_to_clock_rate_1,1.0,1.0,1.0,1.0
F1,76.44222742525994,clock characteristic time,analytic,clock,0.986918225257398,0.986918225257398,,not_applicable_deterministic,lambda=1;kappa=1;rho_inf=1,1.0.0,response_to_clock_rate_1,1.0,1.0,1.0,1.0
F1,79.43282347242821,clock characteristic time,analytic,clock,0.9874107458820583,0.9874107458820583,,not_applicable_deterministic,lambda=1;kappa=1;rho_inf=1,1.0.0,response_to_clock_rate_1,1.0,1.0,1.0,1.0
F1,82.5404185268019,clock characteristic time,analytic,clock,0.9878847234137141,0.9878847234137141,,not_applicable_deterministic,lambda=1;kappa=1;rho_inf=1,1.0.0,response_to_clock_rate_1,1.0,1.0,1.0,1.0
F1,85.76958985908946,clock characteristic time,analytic,clock,0.9883408559882016,0.9883408559882016,,not_applicable_deterministic,lambda=1;kappa=1;rho_inf=1,1.0.0,response_to_clock_rate_1,1.0,1.0,1.0,1.0
F1,89.12509381337459,clock characteristic time,analytic,clock,0.9887798154569803,0.9887798154569803,,not_applicable_deterministic,lambda=1;kappa=1;rho_inf=1,1.0.0,response_to_clock_rate_1,1.0,1.0,1.0,1.0
F1,92.61187281287937,clock characteristic time,analytic,clock,0.9892022483767229,0.9892022483767229,,not_applicable_deterministic,lambda=1;kappa=1;rho_inf=1,1.0.0,response_to_clock_rate_1,1.0,1.0,1.0,1.0
F1,96.23506263980887,clock characteristic time,analytic,clock,0.9896087769616483,0.9896087769616483,,not_applicable_deterministic,lambda=1;kappa=1;rho_inf=1,1.0.0,response_to_clock_rate_1,1.0,1.0,1.0,1.0
F1,100.0,clock characteristic time,analytic,clock,0.99,0.99,,not_applicable_deterministic,lambda=1;kappa=1;rho_inf=1,1.0.0,response_to_clock_rate_1,1.0,1.0,1.0,1.0
F1,0.001,clock characteristic time,analytic,coupling,0.0004998333749916681,0.0004998333749916681,,not_applicable_deterministic,lambda=1;kappa=1;rho_inf=1,1.0.0,response_to_clock_rate_1,1.0,1.0,1.0,1.0
F1,0.001039122303835169,clock characteristic time,analytic,coupling,0.0005193812361314887,0.0005193812361314887,,not_applicable_deterministic,lambda=1;kappa=1;rho_inf=1,1.0.0,response_to_clock_rate_1,1.0,1.0,1.0,1.0
F1,0.0010797751623277093,clock characteristic time,analytic,coupling,0.0005396933145409566,0.0005396933145409566,,not_applicable_deterministic,lambda=1;kappa=1;rho_inf=1,1.0.0,response_to_clock_rate_1,1.0,1.0,1.0,1.0
F1,0.001122018454301963,clock characteristic time,analytic,coupling,0.000560799465091466,0.000560799465091466,,not_applicable_deterministic,lambda=1;kappa=1;rho_inf=1,1.0.0,response_to_clock_rate_1,1.0,1.0,1.0,1.0
F1,0.0011659144011798323,clock characteristic time,analytic,coupling,0.0005827307072132637,0.0005827307072132637,,not_applicable_deterministic,lambda=1;kappa=1;rho_inf=1,1.0.0,response_to_clock_rate_1,1.0,1.0,1.0,1.0
F1,0.001211527658628589,clock characteristic time,analytic,coupling,0.0006055192701801548,0.0006055192701801548,,not_applicable_deterministic,lambda=1;kappa=1;rho_inf=1,1.0.0,response_to_clock_rate_1,1.0,1.0,1.0,1.0
F1,0.0012589254117941675,clock characteristic time,analytic,coupling,0.0006291986401466554,0.0006291986401466554,,not_applicable_deterministic,lambda=1;kappa=1;rho_inf=1,1.0.0,response_to_clock_rate_1,1.0,1.0,1.0,1.0
F1,0.0013081774742601943,clock characteristic time,analytic,coupling,0.0006538036090016908,0.0006538036090016908,,not_applicable_deterministic,lambda=1;kappa=1;rho_inf=1,1.0.0,response_to_clock_rate_1,1.0,1.0,1.0,1.0
F1,0.0013593563908785254,clock characteristic time,analytic,coupling,0.0006793703251065653,0.0006793703251065653,,not_applicable_deterministic,lambda=1;kappa=1;rho_inf=1,1.0.0,response_to_clock_rate_1,1.0,1.0,1.0,1.0
F1,0.001412537544622754,clock characteristic time,analytic,coupling,0.0007059363459915868,0.0007059363459915868,,not_applicable_deterministic,lambda=1;kappa=1;rho_inf=1,1.0.0,response_to_clock_rate_1,1.0,1.0,1.0,1.0
F1,0.001467799267622069,clock characteristic time,analytic,coupling,0.0007335406930855104,0.0007335406930855104,,not_applicable_deterministic,lambda=1;kappa=1;rho_inf=1,1.0.0,response_to_clock_rate_1,1.0,1.0,1.0,1.0
F1,0.0015252229565390183,clock characteristic time,analytic,coupling,0.0007622239085521842,0.0007622239085521842,,not_applicable_deterministic,lambda=1;kappa=1;rho_inf=1,1.0.0,response_to_clock_rate_1,1.0,1.0,1.0,1.0
F1,0.001584893192461114,clock characteristic time,analytic,coupling,0.0007920281143174446,0.0007920281143174446,,not_applicable_deterministic,lambda=1;kappa=1;rho_inf=1,1.0.0,response_to_clock_rate_1,1.0,1.0,1.0,1.0
F1,0.0016468978654828688,clock characteristic time,analytic,coupling,0.0008229970733685255,0.0008229970733685255,,not_applicable_deterministic,lambda=1;kappa=1;rho_inf=1,1.0.0,response_to_clock_rate_1,1.0,1.0,1.0,1.0
F1,0.001711328304161781,clock characteristic time,analytic,coupling,0.0008551762534099172,0.0008551762534099172,,not_applicable_deterministic,lambda=1;kappa=1;rho_inf=1,1.0.0,response_to_clock_rate_1,1.0,1.0,1.0,1.0
F1,0.0017782794100389228,clock characteristic time,analytic,coupling,0.0008886128929683768,0.0008886128929683768,,not_applicable_deterministic,lambda=1;kappa=1;rho_inf=1,1.0.0,response_to_clock_rate_1,1.0,1.0,1.0,1.0
F1,0.0018478497974222907,clock characteristic time,analytic,coupling,0.0009233560700339094,0.0009233560700339094,,not_applicable_deterministic,lambda=1;kappa=1;rho_inf=1,1.0.0,response_to_clock_rate_1,1.0,1.0,1.0,1.0
F1,0.001920141938638801,clock characteristic time,analytic,coupling,0.0009594567733395287,0.0009594567733395287,,not_applicable_deterministic,lambda=1;kappa=1;rho_inf=1,1.0.0,response_to_clock_rate_1,1.0,1.0,1.0,1.0
F1,0.001995262314968879,clock characteristic time,analytic,coupling,0.00099696797637161,0.00099696797637161,,not_applicable_deterministic,lambda=1;kappa=1;rho_inf=1,1.0.0,response_to_clock_rate_1,1.0,1.0,1.0,1.0
F1,0.002073321573485954,clock characteristic time,analytic,coupling,0.0010359447142190836,0.0010359447142190836,,not_applicable_deterministic,lambda=1;kappa=1;rho_inf=1,1.0.0,response_to_clock_rate_1,1.0,1.0,1.0,1.0
F1,0.0021544346900318843,clock characteristic time,analytic,coupling,0.0010764441633641653,0.0010764441633641653,,not_applicable_deterministic,lambda=1;kappa=1;rho_inf=1,1.0.0,response_to_clock_rate_1,1.0,1.0,1.0,1.0
F1,0.00223872113856834,clock characteristic time,analytic,coupling,0.0011185257245265312,0.0011185257245265312,,not_applicable_deterministic,lambda=1;kappa=1;rho_inf=1,1.0.0,response_to_clock_rate_1,1.0,1.0,1.0,1.0
F1,0.0023263050671536263,clock characteristic time,analytic,coupling,0.0011622511086742948,0.0011622511086742948,,not_applicable_deterministic,lambda=1;kappa=1;rho_inf=1,1.0.0,response_to_clock_rate_1,1.0,1.0,1.0,1.0
F1,0.0024173154808041037,clock characteristic time,analytic,coupling,0.0012076844263193554,0.0012076844263193554,,not_applicable_deterministic,lambda=1;kappa=1;rho_inf=1,1.0.0,response_to_clock_rate_1,1.0,1.0,1.0,1.0
F1,0.0025118864315095794,clock characteristic time,analytic,coupling,0.0012548922802212426,0.0012548922802212426,,not_applicable_deterministic,lambda=1;kappa=1;rho_inf=1,1.0.0,response_to_clock_rate_1,1.0,1.0,1.0,1.0
F1,0.0026101572156825357,clock characteristic time,analytic,coupling,0.0013039438616225807,0.0013039438616225807,,not_applicable_deterministic,lambda=1;kappa=1;rho_inf=1,1.0.0,response_to_clock_rate_1,1.0,1.0,1.0,1.0
F1,0.0027122725793320298,clock characteristic time,analytic,coupling,0.001354911050150398,0.001354911050150398,,not_applicable_deterministic,lambda=1;kappa=1;rho_inf=1,1.0.0,response_to_clock_rate_1,1.0,1.0,1.0,1.0
F1,0.002818382931264455,clock characteristic time,analytic,coupling,0.0014078685175159533,0.0014078685175159533,,not_applicable_deterministic,lambda=1;kappa=1;rho_inf=1,1.0.0,response_to_clock_rate_1,1.0,1.0,1.0,1.0
F1,0.0029286445646252374,clock characteristic time,analytic,coupling,0.0014628938351549658,0.0014628938351549658,,not_applicable_deterministic,lambda=1;kappa=1;rho_inf=1,1.0.0,response_to_clock_rate_1,1.0,1.0,1.0,1.0
F1,0.003043219887107722,clock characteristic time,analytic,coupling,0.001520067585952134,0.001520067585952134,,not_applicable_deterministic,lambda=1;kappa=1;rho_inf=1,1.0.0,response_to_clock_rate_1,1.0,1.0,1.0,1.0
F1,0.0031622776601683794,clock characteristic time,analytic,coupling,0.0015794734802003774,0.0015794734802003774,,not_applicable_deterministic,lambda=1;kappa=1;rho_inf=1,1.0.0,response_to_clock_rate_1,1.0,1.0,1.0,1.0
F1,0.003285993247600654,clock characteristic time,analytic,coupling,0.0016411984759479026,0.0016411984759479026,,not_applicable_deterministic,lambda=1;kappa=1;rho_inf=1,1.0.0,response_to_clock_rate_1,1.0,1.0,1.0,1.0
F1,0.003414548873833601,clock characteristic time,analytic,coupling,0.001705332903895851,0.001705332903895851,,not_applicable_deterministic,lambda=1;kappa=1;rho_inf=1,1.0.0,response_to_clock_rate_1,1.0,1.0,1.0,1.0
F1,0.0035481338923357532,clock characteristic time,analytic,coupling,0.001771970597009842,0.001771970597009842,,not_applicable_deterministic,lambda=1;kappa=1;rho_inf=1,1.0.0,response_to_clock_rate_1,1.0,1.0,1.0,1.0
F1,0.0036869450645195733,clock characteristic time,analytic,coupling,0.0018412090250161661,0.0018412090250161661,,not_applicable_deterministic,lambda=1;kappa=1;rho_inf=1,1.0.0,response_to_clock_rate_1,1.0,1.0,1.0,1.0
F1,0.003831186849557289,clock characteristic time,analytic,coupling,0.0019131494339605926,0.0019131494339605926,,not_applicable_deterministic,lambda=1;kappa=1;rho_inf=1,1.0.0,response_to_clock_rate_1,1.0,1.0,1.0,1.0
F1,0.003981071705534973,clock characteristic time,analytic,coupling,0.0019878969910105404,0.0019878969910105404,,not_applicable_deterministic,lambda=1;kappa=1;rho_inf=1,1.0.0,response_to_clock_rate_1,1.0,1.0,1.0,1.0
F1,0.004136820402388507,clock characteristic time,analytic,coupling,0.0020655609346891257,0.0020655609346891257,,not_applicable_deterministic,lambda=1;kappa=1;rho_inf=1,1.0.0,response_to_clock_rate_1,1.0,1.0,1.0,1.0
F1,0.004298662347082277,clock characteristic time,analytic,coupling,0.0021462547307362634,0.0021462547307362634,,not_applicable_deterministic,lambda=1;kappa=1;rho_inf=1,1.0.0,response_to_clock_rate_1,1.0,1.0,1.0,1.0
F1,0.0044668359215096305,clock characteristic time,analytic,coupling,0.002230096233793666,0.002230096233793666,,not_applicable_deterministic,lambda=1;kappa=1;rho_inf=1,1.0.0,response_to_clock_rate_1,1.0,1.0,1.0,1.0
F1,0.004641588833612777,clock characteristic time,analytic,coupling,0.002317207855124681,0.002317207855124681,,not_applicable_deterministic,lambda=1;kappa=1;rho_inf=1,1.0.0,response_to_clock_rate_1,1.0,1.0,1.0,1.0
F1,0.004823178482239309,clock characteristic time,analytic,coupling,0.002407716736578469,0.002407716736578469,,not_applicable_deterministic,lambda=1;kappa=1;rho_inf=1,1.0.0,response_to_clock_rate_1,1.0,1.0,1.0,1.0
F1,0.005011872336272725,clock characteristic time,analytic,coupling,0.002501754931019562,0.002501754931019562,,not_applicable_deterministic,lambda=1;kappa=1;rho_inf=1,1.0.0,response_to_clock_rate_1,1.0,1.0,1.0,1.0
F1,0.005207948328595465,clock characteristic time,analytic,coupling,0.002599459589446851,0.002599459589446851,,not_applicable_deterministic,lambda=1;kappa=1;rho_inf=1,1.0.0,response_to_clock_rate_1,1.0,1.0,1.0,1.0
F1,0.0054116952654646375,clock characteristic time,analytic,coupling,0.0027009731550385885,0.0027009731550385885,,not_applicable_deterministic,lambda=1;kappa=1;rho_inf=1,1.0.0,response_to_clock_rate_1,1.0,1.0,1.0,1.0
F1,0.005623413251903491,clock characteristic time,analytic,coupling,0.0028064435643567753,0.0028064435643567753,,not_applicable_deterministic,lambda=1;kappa=1;rho_inf=1,1.0.0,response_to_clock_rate_1,1.0,1.0,1.0,1.0
F1,0.005843414133735175,clock characteristic time,analytic,coupling,0.0029160244559643944,0.0029160244559643944,,not_applicable_deterministic,lambda=1;kappa=1;rho_inf=1,1.0.0,response_to_clock_rate_1,1.0,1.0,1.0,1.0
F1,0.006072021956909884,clock characteristic time,analytic,coupling,0.0030298753867022965,0.0030298753867022965,,not_applicable_deterministic,lambda=1;kappa=1;rho_inf=1,1.0.0,response_to_clock_rate_1,1.0,1.0,1.0,1.0
F1,0.006309573444801929,clock characteristic time,analytic,coupling,0.0031481620558916346,0.0031481620558916346,,not_applicable_deterministic,lambda=1;kappa=1;rho_inf=1,1.0.0,response_to_clock_rate_1,1.0,1.0,1.0,1.0
F1,0.006556418494179785,clock characteristic time,analytic,coupling,0.003271056537725081,0.003271056537725081,,not_applicable_deterministic,lambda=1;kappa=1;rho_inf=1,1.0.0,response_to_clock_rate_1,1.0,1.0,1.0,1.0
F1,0.006812920690579615,clock characteristic time,analytic,coupling,0.0033987375221241622,0.0033987375221241622,,not_applicable_deterministic,lambda=1;kappa=1;rho_inf=1,1.0.0,response_to_clock_rate_1,1.0,1.0,1.0,1.0
F1,0.00707945784384138,clock characteristic time,analytic,coupling,0.003531390564343817,0.003531390564343817,,not_applicable_deterministic,lambda=1;kappa=1;rho_inf=1,1.0.0,response_to_clock_rate_1,1.0,1.0,1.0,1.0
F1,0.007356422544596414,clock characteristic time,analytic,coupling,0.0036692083436123957,0.0036692083436123957,,not_applicable_deterministic,lambda=1;kappa=1;rho_inf=1,1.0.0,response_to_clock_rate_1,1.0,1.0,1.0,1.0
F1,0.007644222742526002,clock characteristic time,analytic,coupling,0.0038123909311047477,0.0038123909311047477,,not_applicable_deterministic,lambda=1;kappa=1;rho_inf=1,1.0.0,response_to_clock_rate_1,1.0,1.0,1.0,1.0
F1,0.007943282347242814,clock characteristic time,analytic,coupling,0.0039611460675497145,0.0039611460675497145,,not_applicable_deterministic,lambda=1;kappa=1;rho_inf=1,1.0.0,response_to_clock_rate_1,1.0,1.0,1.0,1.0
F1,0.008254041852680182,clock characteristic time,analytic,coupling,0.004115689450784332,0.004115689450784332,,not_applicable_deterministic,lambda=1;kappa=1;rho_inf=1,1.0.0,response_to_clock_rate_1,1.0,1.0,1.0,1.0
F1,0.008576958985908946,clock characteristic time,analytic,coupling,0.004276245033569714,0.004276245033569714,,not_applicable_deterministic,lambda=1;kappa=1;rho_inf=1,1.0.0,response_to_clock_rate_1,1.0,1.0,1.0,1.0
F1,0.008912509381337459,clock characteristic time,analytic,coupling,0.0044430453319959096,0.0044430453319959096,,not_applicable_deterministic,lambda=1;kappa=1;rho_inf=1,1.0.0,response_to_clock_rate_1,1.0,1.0,1.0,1.0
F1,0.009261187281287938,clock characteristic time,analytic,coupling,0.004616331744801472,0.004616331744801472,,not_applicable_deterministic,lambda=1;kappa=1;rho_inf=1,1.0.0,response_to_clock_rate_1,1.0,1.0,1.0,1.0
F1,0.009623506263980888,clock characteristic time,analytic,coupling,0.004796354883950471,0.004796354883950471,,not_applicable_deterministic,lambda=1;kappa=1;rho_inf=1,1.0.0,response_to_clock_rate_1,1.0,1.0,1.0,1.0
F1,0.01,clock characteristic time,analytic,coupling,0.004983374916805339,0.004983374916805339,,not_applicable_deterministic,lambda=1;kappa=1;rho_inf=1,1.0.0,response_to_clock_rate_1,1.0,1.0,1.0,1.0
F1,0.01039122303835169,clock characteristic time,analytic,coupling,0.0051776619202478225,0.0051776619202478225,,not_applicable_deterministic,lambda=1;kappa=1;rho_inf=1,1.0.0,response_to_clock_rate_1,1.0,1.0,1.0,1.0
F1,0.010797751623277093,clock characteristic time,analytic,coupling,0.005379496247101545,0.005379496247101545,,not_applicable_deterministic,lambda=1;kappa=1;rho_inf=1,1.0.0,response_to_clock_rate_1,1.0,1.0,1.0,1.0
F1,0.011220184543019636,clock characteristic time,analytic,coupling,0.005589168905216435,0.005589168905216435,,not_applicable_deterministic,lambda=1;kappa=1;rho_inf=1,1.0.0,response_to_clock_rate_1,1.0,1.0,1.0,1.0
F1,0.011659144011798317,clock characteristic time,analytic,coupling,0.005806981949578738,0.005806981949578738,,not_applicable_deterministic,lambda=1;kappa=1;rho_inf=1,1.0.0,response_to_clock_rate_1,1.0,1.0,1.0,1.0
F1,0.012115276586285882,clock characteristic time,analytic,coupling,0.006033248887817089,0.006033248887817089,,not_applicable_deterministic,lambda=1;kappa=1;rho_inf=1,1.0.0,response_to_clock_rate_1,1.0,1.0,1.0,1.0
F1,0.012589254117941675,clock characteristic time,analytic,coupling,0.0062682950994741304,0.0062682950994741304,,not_applicable_deterministic,lambda=1;kappa=1;rho_inf=1,1.0.0,response_to_clock_rate_1,1.0,1.0,1.0,1.0
F1,0.013081774742601943,clock characteristic time,analytic,coupling,0.006512458269423038,0.006512458269423038,,not_applicable_deterministic,lambda=1;kappa=1;rho_inf=1,1.0.0,response_to_clock_rate_1,1.0,1.0,1.0,1.0
F1,0.013593563908785255,clock characteristic time,analytic,coupling,0.0067660888358013205,0.0067660888358013205,,not_applicable_deterministic,lambda=1;kappa=1;rho_inf=1,1.0.0,response_to_clock_rate_1,1.0,1.0,1.0,1.0
F1,0.01412537544622754,clock characteristic time,analytic,coupling,0.007029550452843258,0.007029550452843258,,not_applicable_deterministic,lambda=1;kappa=1;rho_inf=1,1.0.0,response_to_clock_rate_1,1.0,1.0,1.0,1.0
F1,0.014677992676220698,clock characteristic time,analytic,coupling,0.00730322046899079,0.00730322046899079,,not_applicable_deterministic,lambda=1;kappa=1;rho_inf=1,1.0.0,response_to_clock_rate_1,1.0,1.0,1.0,1.0
F1,0.01525222956539019,clock characteristic time,analytic,coupling,0.007587490420657428,0.007587490420657428,,not_applicable_deterministic,lambda=1;kappa=1;rho_inf=1,1.0.0,response_to_clock_rate_1,1.0,1.0,1.0,1.0
F1,0.015848931924611134,clock characteristic time,analytic,coupling,0.007882766542022801,0.007882766542022801,,not_applicable_deterministic,lambda=1;kappa=1;rho_inf=1,1.0.0,response_to_clock_rate_1,1.0,1.0,1.0,1.0
F1,0.01646897865482868,clock characteristic time,analytic,coupling,0.008189470291232404,0.008189470291232404,,not_applicable_deterministic,lambda=1;kappa=1;rho_inf=1,1.0.0,response_to_clock_rate_1,1.0,1.0,1.0,1.0
F1,0.01711328304161781,clock characteristic time,analytic,coupling,0.008508038893366265,0.008508038893366265,,not_applicable_deterministic,lambda=1;kappa=1;rho_inf=1,1.0.0,response_to_clock_rate_1,1.0,1.0,1.0,1.0
F1,0.01778279410038923,clock characteristic time,analytic,coupling,0.008838925900540917,0.008838925900540917,,not_applicable_deterministic,lambda=1;kappa=1;rho_inf=1,1.0.0,response_to_clock_rate_1,1.0,1.0,1.0,1.0
F1,0.018478497974222907,clock characteristic time,analytic,coupling,0.009182601769496812,0.009182601769496812,,not_applicable_deterministic,lambda=1;kappa=1;rho_inf=1,1.0.0,response_to_clock_rate_1,1.0,1.0,1.0,1.0
F1,0.01920141938638801,clock characteristic time,analytic,coupling,0.00953955445701371,0.00953955445701371,,not_applicable_deterministic,lambda=1;kappa=1;rho_inf=1,1.0.0,response_to_clock_rate_1,1.0,1.0,1.0,1.0
F1,0.0199526231496888,clock characteristic time,analytic,coupling,0.009910290033485203,0.009910290033485203,,not_applicable_deterministic,lambda=1;kappa=1;rho_inf=1,1.0.0,response_to_clock_rate_1,1.0,1.0,1.0,1.0
F1,0.02073321573485955,clock characteristic time,analytic,coupling,0.01029533331496657,0.01029533331496657,,not_applicable_deterministic,lambda=1;kappa=1;rho_inf=1,1.0.0,response_to_clock_rate_1,1.0,1.0,1.0,1.0
F1,0.021544346900318832,clock characteristic time,analytic,coupling,0.01069522851399718,0.01069522851399718,,not_applicable_deterministic,lambda=1;kappa=1;rho_inf=1,1.0.0,response_to_clock_rate_1,1.0,1.0,1.0,1.0
F1,0.0223872113856834,clock characteristic time,analytic,coupling,0.011110539909473083,0.011110539909473083,,not_applicable_deterministic,lambda=1;kappa=1;rho_inf=1,1.0.0,response_to_clock_rate_1,1.0,1.0,1.0,1.0
F1,0.02326305067153626,clock characteristic time,analytic,coupling,0.011541852535825847,0.011541852535825847,,not_applicable_deterministic,lambda=1;kappa=1;rho_inf=1,1.0.0,response_to_clock_rate_1,1.0,1.0,1.0,1.0
F1,0.024173154808041036,clock characteristic time,analytic,coupling,0.011989772891735528,0.011989772891735528,,not_applicable_deterministic,lambda=1;kappa=1;rho_inf=1,1.0.0,response_to_clock_rate_1,1.0,1.0,1.0,1.0
F1,0.025118864315095794,clock characteristic time,analytic,coupling,0.012454929668577419,0.012454929668577419,,not_applicable_deterministic,lambda=1;kappa=1;rho_inf=1,1.0.0,response_to_clock_rate_1,1.0,1.0,1.0,1.0
F1,0.026101572156825372,clock characteristic time,analytic,coupling,0.012937974498764104,0.012937974498764104,,not_applicable_deterministic,lambda=1;kappa=1;rho_inf=1,1.0.0,response_to_clock_rate_1,1.0,1.0,1.0,1.0
F1,0.02712272579332028,clock characteristic time,analytic,coupling,0.0134395827241095,0.0134395827241095,,not_applicable_deterministic,lambda=1;kappa=1;rho_inf=1,1.0.0,response_to_clock_rate_1,1.0,1.0,1.0,1.0
F1,0.028183829312644536,clock characteristic time,analytic,coupling,0.013960454184297255,0.013960454184297255,,not_applicable_deterministic,lambda=1;kappa=1;rho_inf=1,1.0.0,response_to_clock_rate_1,1.0,1.0,1.0,1.0
F1,0.02928644564625236,clock characteristic time,analytic,coupling,0.014501314025486711,0.014501314025486711,,not_applicable_deterministic,lambda=1;kappa=1;rho_inf=1,1.0.0,response_to_clock_rate_1,1.0,1.0,1.0,1.0
F1,0.03043219887107722,clock characteristic time,analytic,coupling,0.015062913529034438,0.015062913529034438,,not_applicable_deterministic,lambda=1;kappa=1;rho_inf=1,1.0.0,response_to_clock_rate_1,1.0,1.0,1.0,1.0
F1,0.03162277660168379,clock characteristic time,analytic,coupling,0.01564603096025652,0.01564603096025652,,not_applicable_deterministic,lambda=1;kappa=1;rho_inf=1,1.0.0,response_to_clock_rate_1,1.0,1.0,1.0,1.0
F1,0.03285993247600654,clock characteristic time,analytic,coupling,0.01625147243707936,0.01625147243707936,,not_applicable_deterministic,lambda=1;kappa=1;rho_inf=1,1.0.0,response_to_clock_rate_1,1.0,1.0,1.0,1.0
F1,0.034145488738336005,clock characteristic time,analytic,coupling,0.016880072818365566,0.016880072818365566,,not_applicable_deterministic,lambda=1;kappa=1;rho_inf=1,1.0.0,response_to_clock_rate_1,1.0,1.0,1.0,1.0
F1,0.03548133892335755,clock characteristic time,analytic,coupling,0.017532696611612608,0.017532696611612608,,not_applicable_deterministic,lambda=1;kappa=1;rho_inf=1,1.0.0,response_to_clock_rate_1,1.0,1.0,1.0,1.0
F1,0.03686945064519575,clock characteristic time,analytic,coupling,0.0182102388996378,0.0182102388996378,,not_applicable_deterministic,lambda=1;kappa=1;rho_inf=1,1.0.0,response_to_clock_rate_1,1.0,1.0,1.0,1.0
F1,0.03831186849557287,clock characteristic time,analytic,coupling,0.01891362628576365,0.01891362628576365,,not_applicable_deterministic,lambda=1;kappa=1;rho_inf=1,1.0.0,response_to_clock_rate_1,1.0,1.0,1.0,1.0
F1,0.039810717055349734,clock characteristic time,analytic,coupling,0.019643817856915935,0.019643817856915935,,not_applicable_deterministic,lambda=1;kappa=1;rho_inf=1,1.0.0,response_to_clock_rate_1,1.0,1.0,1.0,1.0
F1,0.04136820402388507,clock characteristic time,analytic,coupling,0.020401806163924285,0.020401806163924285,,not_applicable_deterministic,lambda=1;kappa=1;rho_inf=1,1.0.0,response_to_clock_rate_1,1.0,1.0,1.0,1.0
F1,0.042986623470822764,clock characteristic time,analytic,coupling,0.021188618218194177,0.021188618218194177,,not_applicable_deterministic,lambda=1;kappa=1;rho_inf=1,1.0.0,response_to_clock_rate_1,1.0,1.0,1.0,1.0
F1,0.0446683592150963,clock characteristic time,analytic,coupling,0.02200531650378068,0.02200531650378068,,not_applicable_deterministic,lambda=1;kappa=1;rho_inf=1,1.0.0,response_to_clock_rate_1,1.0,1.0,1.0,1.0
F1,0.046415888336127795,clock characteristic time,analytic,coupling,0.022853000003739243,0.022853000003739243,,not_applicable_deterministic,lambda=1;kappa=1;rho_inf=1,1.0.0,response_to_clock_rate_1,1.0,1.0,1.0,1.0
F1,0.04823178482239307,clock characteristic time,analytic,coupling,0.02373280523947563,0.02373280523947563,,not_applicable_deterministic,lambda=1;kappa=1;rho_inf=1,1.0.0,response_to_clock_rate_1,1.0,1.0,1.0,1.0
F1,0.05011872336272722,clock characteristic time,analytic,coupling,0.0246459073216293,0.0246459073216293,,not_applicable_deterministic,lambda=1;kappa=1;rho_inf=1,1.0.0,response_to_clock_rate_1,1.0,1.0,1.0,1.0
F1,0.052079483285954624,clock characteristic time,analytic,coupling,0.025593521010846,0.025593521010846,,not_applicable_deterministic,lambda=1;kappa=1;rho_inf=1,1.0.0,response_to_clock_rate_1,1.0,1.0,1.0,1.0
F1,0.054116952654646375,clock characteristic time,analytic,coupling,0.026576901786577456,0.026576901786577456,,not_applicable_deterministic,lambda=1;kappa=1;rho_inf=1,1.0.0,response_to_clock_rate_1,1.0,1.0,1.0,1.0
F1,0.056234132519034905,clock characteristic time,analytic,coupling,0.027597346921830246,0.027597346921830246,,not_applicable_deterministic,lambda=1;kappa=1;rho_inf=1,1.0.0,response_to_clock_rate_1,1.0,1.0,1.0,1.0
F1,0.05843414133735175,clock characteristic time,analytic,coupling,0.0286561965615465,0.0286561965615465,,not_applicable_deterministic,lambda=1;kappa=1;rho_inf=1,1.0.0,response_to_clock_rate_1,1.0,1.0,1.0,1.0
F1,0.060720219569098836,clock characteristic time,analytic,coupling,0.029754834802033114,0.029754834802033114,,not_applicable_deterministic,lambda=1;kappa=1;rho_inf=1,1.0.0,response_to_clock_rate_1,1.0,1.0,1.0,1.0
F1,0.06309573444801933,clock characteristic time,analytic,coupling,0.030894690768586974,0.030894690768586974,,not_applicable_deterministic,lambda=1;kappa=1;rho_inf=1,1.0.0,response_to_clock_rate_1,1.0,1.0,1.0,1.0
F1,0.06556418494179789,clock characteristic time,analytic,coupling,0.032077239688160675,0.032077239688160675,,not_applicable_deterministic,lambda=1;kappa=1;rho_inf=1,1.0.0,response_to_clock_rate_1,1.0,1.0,1.0,1.0
F1,0.06812920690579612,clock characteristic time,analytic,coupling,0.03330400395359234,0.03330400395359234,,not_applicable_deterministic,lambda=1;kappa=1;rho_inf=1,1.0.0,response_to_clock_rate_1,1.0,1.0,1.0,1.0
F1,0.07079457843841377,clock characteristic time,analytic,coupling,0.03457655417558336,0.03457655417558336,,not_applicable_deterministic,lambda=1;kappa=1;rho_inf=1,1.0.0,response_to_clock_rate_1,1.0,1.0,1.0,1.0
F1,0.07356422544596414,clock characteristic time,analytic,coupling,0.035896510218241584,0.035896510218241584,,not_applicable_deterministic,lambda=1;kappa=1;rho_inf=1,1.0.0,response_to_clock_rate_1,1.0,1.0,1.0,1.0
F1,0.07644222742526002,clock characteristic time,analytic,coupling,0.037265542213612446,0.037265542213612446,,not_applicable_deterministic,lambda=1;kappa=1;rho_inf=1,1.0.0,response_to_clock_rate_1,1.0,1.0,1.0,1.0
F1,0.07943282347242814,clock characteristic time,analytic,coupling,0.03868537155020979,0.03868537155020979,,not_applicable_deterministic,lambda=1;kappa=1;rho_inf=1,1.0.0,response_to_clock_rate_1,1.0,1.0,1.0,1.0
F1,0.08254041852680186,clock characteristic time,analytic,coupling,0.0401577718301086,0.0401577718301086,,not_applicable_deterministic,lambda=1;kappa=1;rho_inf=1,1.0.0,response_to_clock_rate_1,1.0,1.0,1.0,1.0
F1,0.08576958985908942,clock characteristic time,analytic,coupling,0.041684569788693615,0.041684569788693615,,not_applicable_deterministic,lambda=1;kappa=1;rho_inf=1,1.0.0,response_to_clock_rate_1,1.0,1.0,1.0,1.0
F1,0.08912509381337455,clock characteristic time,analytic,coupling,0.04326764617066037,0.04326764617066037,,not_applicable_deterministic,lambda=1;kappa=1;rho_inf=1,1.0.0,response_to_clock_rate_1,1.0,1.0,1.0,1.0
F1,0.09261187281287933,clock characteristic time,analytic,coupling,0.04490893655532402,0.04490893655532402,,not_applicable_deterministic,lambda=1;kappa=1;rho_inf=1,1.0.0,response_to_clock_rate_1,1.0,1.0,1.0,1.0
F1,0.09623506263980887,clock characteristic time,analytic,coupling,0.046610432123747936,0.046610432123747936,,not_applicable_deterministic,lambda=1;kappa=1;rho_inf=1,1.0.0,response_to_clock_rate_1,1.0,1.0,1.0,1.0
F1,0.1,clock characteristic time,analytic,coupling,0.04837418035959573,0.04837418035959573,,not_applicable_deterministic,lambda=1;kappa=1;rho_inf=1,1.0.0,response_to_clock_rate_1,1.0,1.0,1.0,1.0
F1,0.10391223038351691,clock characteristic time,analytic,coupling,0.050202285675000846,0.050202285675000846,,not_applicable_deterministic,lambda=1;kappa=1;rho_inf=1,1.0.0,response_to_clock_rate_1,1.0,1.0,1.0,1.0
F1,0.10797751623277094,clock characteristic time,analytic,coupling,0.05209690995208338,0.05209690995208338,,not_applicable_deterministic,lambda=1;kappa=1;rho_inf=1,1.0.0,response_to_clock_rate_1,1.0,1.0,1.0,1.0
F1,0.1122018454301963,clock characteristic time,analytic,coupling,0.054060272990063774,0.054060272990063774,,not_applicable_deterministic,lambda=1;kappa=1;rho_inf=1,1.0.0,response_to_clock_rate_1,1.0,1.0,1.0,1.0
F1,0.11659144011798311,clock characteristic time,analytic,coupling,0.05609465284719972,0.05609465284719972,,not_applicable_deterministic,lambda=1;kappa=1;rho_inf=1,1.0.0,response_to_clock_rate_1,1.0,1.0,1.0,1.0
F1,0.12115276586285889,clock characteristic time,analytic,coupling,0.05820238606602568,0.05820238606602568,,not_applicable_deterministic,lambda=1;kappa=1;rho_inf=1,1.0.0,response_to_clock_rate_1,1.0,1.0,1.0,1.0
F1,0.12589254117941676,clock characteristic time,analytic,coupling,0.06038586776959043,0.06038586776959043,,not_applicable_deterministic,lambda=1;kappa=1;rho_inf=1,1.0.0,response_to_clock_rate_1,1.0,1.0,1.0,1.0
F1,0.13081774742601943,clock characteristic time,analytic,coupling,0.06264755161558022,0.06264755161558022,,not_applicable_deterministic,lambda=1;kappa=1;rho_inf=1,1.0.0,response_to_clock_rate_1,1.0,1.0,1.0,1.0
F1,0.13593563908785256,clock characteristic time,analytic,coupling,0.06498994959437454,0.06498994959437454,,not_applicable_deterministic,lambda=1;kappa=1;rho_inf=1,1.0.0,response_to_clock_rate_1,1.0,1.0,1.0,1.0
F1,0.1412537544622754,clock characteristic time,analytic,coupling,0.06741563165621522,0.06741563165621522,,not_applicable_deterministic,lambda=1;kappa=1;rho_inf=1,1.0.0,response_to_clock_rate_1,1.0,1.0,1.0,1.0
F1,0.1467799267622069,clock characteristic time,analytic,coupling,0.06992722515178607,0.06992722515178607,,not_applicable_deterministic,lambda=1;kappa=1;rho_inf=1,1.0.0,response_to_clock_rate_1,1.0,1.0,1.0,1.0
F1,0.15252229565390182,clock characteristic time,analytic,coupling,0.07252741406958418,0.07252741406958418,,not_applicable_deterministic,lambda=1;kappa=1;rho_inf=1,1.0.0,response_to_clock_rate_1,1.0,1.0,1.0,1.0
F1,0.1584893192461114,clock characteristic time,analytic,coupling,0.07521893805254476,0.07521893805254476,,not_applicable_deterministic,lambda=1;kappa=1;rho_inf=1,1.0.0,response_to_clock_rate_1,1.0,1.0,1.0,1.0
F1,0.1646897865482869,clock characteristic time,analytic,coupling,0.07800459117543979,0.07800459117543979,,not_applicable_deterministic,lambda=1;kappa=1;rho_inf=1,1.0.0,response_to_clock_rate_1,1.0,1.0,1.0,1.0
F1,0.1711328304161781,clock characteristic time,analytic,coupling,0.08088722046363184,0.08088722046363184,,not_applicable_deterministic,lambda=1;kappa=1;rho_inf=1,1.0.0,response_to_clock_rate_1,1.0,1.0,1.0,1.0
F1,0.1778279410038923,clock characteristic time,analytic,coupling,0.08386972413281457,0.08386972413281457,,not_applicable_deterministic,lambda=1;kappa=1;rho_inf=1,1.0.0,response_to_clock_rate_1,1.0,1.0,1.0,1.0
F1,0.18478497974222907,clock characteristic time,analytic,coupling,0.08695504952844357,0.08695504952844357,,not_applicable_deterministic,lambda=1;kappa=1;rho_inf=1,1.0.0,response_to_clock_rate_1,1.0,1.0,1.0,1.0
F1,0.1920141938638801,clock characteristic time,analytic,coupling,0.09014619074263674,0.09014619074263674,,not_applicable_deterministic,lambda=1;kappa=1;rho_inf=1,1.0.0,response_to_clock_rate_1,1.0,1.0,1.0,1.0
F1,0.19952623149688786,clock characteristic time,analytic,coupling,0.09344618588543296,0.09344618588543296,,not_applicable_deterministic,lambda=1;kappa=1;rho_inf=1,1.0.0,response_to_clock_rate_1,1.0,1.0,1.0,1.0
F1,0.2073321573485954,clock characteristic time,analytic,coupling,0.09685811398644695,0.09685811398644695,,not_applicable_deterministic,lambda=1;kappa=1;rho_inf=1,1.0.0,response_to_clock_rate_1,1.0,1.0,1.0,1.0
F1,0.21544346900318845,clock characteristic time,analytic,coupling,0.10038509150214858,0.10038509150214858,,not_applicable_deterministic,lambda=1;kappa=1;rho_inf=1,1.0.0,response_to_clock_rate_1,1.0,1.0,1.0,1.0
F1,0.223872113856834,clock characteristic time,analytic,coupling,0.1040302684032629,0.1040302684032629,,not_applicable_deterministic,lambda=1;kappa=1;rho_inf=1,1.0.0,response_to_clock_rate_1,1.0,1.0,1.0,1.0
F1,0.23263050671536262,clock characteristic time,analytic,coupling,0.10779682381613076,0.10779682381613076,,not_applicable_deterministic,lambda=1;kappa=1;rho_inf=1,1.0.0,response_to_clock_rate_1,1.0,1.0,1.0,1.0
F1,0.24173154808041036,clock characteristic time,analytic,coupling,0.11168796119130975,0.11168796119130975,,not_applicable_deterministic,lambda=1;kappa=1;rho_inf=1,1.0.0,response_to_clock_rate_1,1.0,1.0,1.0,1.0
F1,0.25118864315095796,clock characteristic time,analytic,coupling,0.1157069029722656,0.1157069029722656,,not_applicable_deterministic,lambda=1;kappa=1;rho_inf=1,1.0.0,response_to_clock_rate_1,1.0,1.0,1.0,1.0
F1,0.2610157215682536,clock characteristic time,analytic,coupling,0.11985688473670619,0.11985688473670619,,not_applicable_deterministic,lambda=1;kappa=1;rho_inf=1,1.0.0,response_to_clock_rate_1,1.0,1.0,1.0,1.0
F1,0.2712272579332027,clock characteristic time,analytic,coupling,0.12414114878298577,0.12414114878298577,,not_applicable_deterministic,lambda=1;kappa=1;rho_inf=1,1.0.0,response_to_clock_rate_1,1.0,1.0,1.0,1.0
F1,0.2818382931264455,clock characteristic time,analytic,coupling,0.12856293713407485,0.12856293713407485,,not_applicable_deterministic,lambda=1;kappa=1;rho_inf=1,1.0.0,response_to_clock_rate_1,1.0,1.0,1.0,1.0
F1,0.29286445646252374,clock characteristic time,analytic,coupling,0.1331254839318743,0.1331254839318743,,not_applicable_deterministic,lambda=1;kappa=1;rho_inf=1,1.0.0,response_to_clock_rate_1,1.0,1.0,1.0,1.0
F1,0.3043219887107722,clock characteristic time,analytic,coupling,0.13783200719520272,0.13783200719520272,,not_applicable_deterministic,lambda=1;kappa=1;rho_inf=1,1.0.0,response_to_clock_rate_1,1.0,1.0,1.0,1.0
F1,0.31622776601683794,clock characteristic time,analytic,coupling,0.14268569991561086,0.14268569991561086,,not_applicable_deterministic,lambda=1;kappa=1;rho_inf=1,1.0.0,response_to_clock_rate_1,1.0,1.0,1.0,1.0
F1,0.3285993247600654,clock characteristic time,analytic,coupling,0.1476897204663249,0.1476897204663249,,not_applicable_deterministic,lambda=1;kappa=1;rho_inf=1,1.0.0,response_to_clock_rate_1,1.0,1.0,1.0,1.0
F1,0.34145488738336005,clock characteristic time,analytic,coupling,0.1528471823011468,0.1528471823011468,,not_applicable_deterministic,lambda=1;kappa=1;rho_inf=1,1.0.0,response_to_clock_rate_1,1.0,1.0,1.0,1.0
F1,0.3548133892335753,clock characteristic time,analytic,coupling,0.15816114292204042,0.15816114292204042,,not_applicable_deterministic,lambda=1;kappa=1;rho_inf=1,1.0.0,response_to_clock_rate_1,1.0,1.0,1.0,1.0
F1,0.36869450645195734,clock characteristic time,analytic,coupling,0.16363459209650233,0.16363459209650233,,not_applicable_deterministic,lambda=1;kappa=1;rho_inf=1,1.0.0,response_to_clock_rate_1,1.0,1.0,1.0,1.0
F1,0.38311868495572887,clock characteristic time,analytic,coupling,0.1692704393086566,0.1692704393086566,,not_applicable_deterministic,lambda=1;kappa=1;rho_inf=1,1.0.0,response_to_clock_rate_1,1.0,1.0,1.0,1.0
F1,0.3981071705534973,clock characteristic time,analytic,coupling,0.17507150043139486,0.17507150043139486,,not_applicable_deterministic,lambda=1;kappa=1;rho_inf=1,1.0.0,response_to_clock_rate_1,1.0,1.0,1.0,1.0
F1,0.4136820402388507,clock characteristic time,analytic,coupling,0.1810404836108418,0.1810404836108418,,not_applicable_deterministic,lambda=1;kappa=1;rho_inf=1,1.0.0,response_to_clock_rate_1,1.0,1.0,1.0,1.0
F1,0.42986623470822766,clock characteristic time,analytic,coupling,0.18717997435900813,0.18717997435900813,,not_applicable_deterministic,lambda=1;kappa=1;rho_inf=1,1.0.0,response_to_clock_rate_1,1.0,1.0,1.0,1.0
F1,0.44668359215096304,clock characteristic time,analytic,coupling,0.19349241985574972,0.19349241985574972,,not_applicable_deterministic,lambda=1;kappa=1;rho_inf=1,1.0.0,response_to_clock_rate_1,1.0,1.0,1.0,1.0
F1,0.46415888336127775,clock characteristic time,analytic,coupling,0.19998011246712266,0.19998011246712266,,not_applicable_deterministic,lambda=1;kappa=1;rho_inf=1,1.0.0,response_to_clock_rate_1,1.0,1.0,1.0,1.0
F1,0.4823178482239304,clock characteristic time,analytic,coupling,0.20664517249395264,0.20664517249395264,,not_applicable_deterministic,lambda=1;kappa=1;rho_inf=1,1.0.0,response_to_clock_rate_1,1.0,1.0,1.0,1.0
F1,0.5011872336272725,clock characteristic time,analytic,coupling,0.2134895301719668,0.2134895301719668,,not_applicable_deterministic,lambda=1;kappa=1;rho_inf=1,1.0.0,response_to_clock_rate_1,1.0,1.0,1.0,1.0
F1,0.5207948328595465,clock characteristic time,analytic,coupling,0.2205149069531953,0.2205149069531953,,not_applicable_deterministic,lambda=1;kappa=1;rho_inf=1,1.0.0,response_to_clock_rate_1,1.0,1.0,1.0,1.0
F1,0.5411695265464638,clock characteristic time,analytic,coupling,0.2277227961075753,0.2277227961075753,,not_applicable_deterministic,lambda=1;kappa=1;rho_inf=1,1.0.0,response_to_clock_rate_1,1.0,1.0,1.0,1.0
F1,0.5623413251903491,clock characteristic time,analytic,coupling,0.23511444269379167,0.23511444269379167,,not_applicable_deterministic,lambda=1;kappa=1;rho_inf=1,1.0.0,response_to_clock_rate_1,1.0,1.0,1.0,1.0
F1,0.5843414133735175,clock characteristic time,analytic,coupling,0.24269082295939237,0.24269082295939237,,not_applicable_deterministic,lambda=1;kappa=1;rho_inf=1,1.0.0,response_to_clock_rate_1,1.0,1.0,1.0,1.0
F1,0.6072021956909883,clock characteristic time,analytic,coupling,0.2504526232421074,0.2504526232421074,,not_applicable_deterministic,lambda=1;kappa=1;rho_inf=1,1.0.0,response_to_clock_rate_1,1.0,1.0,1.0,1.0
F1,0.630957344480193,clock characteristic time,analytic,coupling,0.2584002184570767,0.2584002184570767,,not_applicable_deterministic,lambda=1;kappa=1;rho_inf=1,1.0.0,response_to_clock_rate_1,1.0,1.0,1.0,1.0
F1,0.6556418494179785,clock characteristic time,analytic,coupling,0.26653365026831377,0.26653365026831377,,not_applicable_deterministic,lambda=1;kappa=1;rho_inf=1,1.0.0,response_to_clock_rate_1,1.0,1.0,1.0,1.0
F1,0.6812920690579615,clock characteristic time,analytic,coupling,0.2748526050571577,0.2748526050571577,,not_applicable_deterministic,lambda=1;kappa=1;rho_inf=1,1.0.0,response_to_clock_rate_1,1.0,1.0,1.0,1.0
F1,0.707945784384138,clock characteristic time,analytic,coupling,0.2833563918156188,0.2833563918156188,,not_applicable_deterministic,lambda=1;kappa=1;rho_inf=1,1.0.0,response_to_clock_rate_1,1.0,1.0,1.0,1.0
F1,0.7356422544596414,clock characteristic time,analytic,coupling,0.29204392010831304,0.29204392010831304,,not_applicable_deterministic,lambda=1;kappa=1;rho_inf=1,1.0.0,response_to_clock_rate_1,1.0,1.0,1.0,1.0
F1,0.7644222742526002,clock characteristic time,analytic,coupling,0.3009136782629733,0.3009136782629733,,not_applicable_deterministic,lambda=1;kappa=1;rho_inf=1,1.0.0,response_to_clock_rate_1,1.0,1.0,1.0,1.0
F1,0.7943282347242814,clock characteristic time,analytic,coupling,0.30996371196619477,0.30996371196619477,,not_applicable_deterministic,lambda=1;kappa=1;rho_inf=1,1.0.0,response_to_clock_rate_1,1.0,1.0,1.0,1.0
F1,0.8254041852680182,clock characteristic time,analytic,coupling,0.31919160345788833,0.31919160345788833,,not_applicable_deterministic,lambda=1;kappa=1;rho_inf=1,1.0.0,response_to_clock_rate_1,1.0,1.0,1.0,1.0
F1,0.8576958985908937,clock characteristic time,analytic,coupling,0.32859445153471123,0.32859445153471123,,not_applicable_deterministic,lambda=1;kappa=1;rho_inf=1,1.0.0,response_to_clock_rate_1,1.0,1.0,1.0,1.0
F1,0.8912509381337459,clock characteristic time,analytic,coupling,0.33816885258920926,0.33816885258920926,,not_applicable_deterministic,lambda=1;kappa=1;rho_inf=1,1.0.0,response_to_clock_rate_1,1.0,1.0,1.0,1.0
F1,0.9261187281287937,clock characteristic time,analytic,coupling,0.34791088292728034,0.34791088292728034,,not_applicable_deterministic,lambda=1;kappa=1;rho_inf=1,1.0.0,response_to_clock_rate_1,1.0,1.0,1.0,1.0
F1,0.9623506263980888,clock characteristic time,analytic,coupling,0.3578160826215001,0.3578160826215001,,not_applicable_deterministic,lambda=1;kappa=1;rho_inf=1,1.0.0,response_to_clock_rate_1,1.0,1.0,1.0,1.0
F1,1.0,clock characteristic time,analytic,coupling,0.36787944117144233,0.36787944117144233,,not_applicable_deterministic,lambda=1;kappa=1;rho_inf=1,1.0.0,response_to_clock_rate_1,1.0,1.0,1.0,1.0
F1,1.0391223038351691,clock characteristic time,analytic,coupling,0.3780953852540082,0.3780953852540082,,not_applicable_deterministic,lambda=1;kappa=1;rho_inf=1,1.0.0,response_to_clock_rate_1,1.0,1.0,1.0,1.0
F1,1.0797751623277094,clock characteristic time,analytic,coupling,0.3884577688564296,0.3884577688564296,,not_applicable_deterministic,lambda=1;kappa=1;rho_inf=1,1.0.0,response_to_clock_rate_1,1.0,1.0,1.0,1.0
F1,1.122018454301963,clock characteristic time,analytic,coupling,0.39895986609159884,0.39895986609159884,,not_applicable_deterministic,lambda=1;kappa=1;rho_inf=1,1.0.0,response_to_clock_rate_1,1.0,1.0,1.0,1.0
F1,1.165914401179831,clock characteristic time,analytic,coupling,0.4095943669991394,0.4095943669991394,,not_applicable_deterministic,lambda=1;kappa=1;rho_inf=1,1.0.0,response_to_clock_rate_1,1.0,1.0,1.0,1.0
F1,1.2115276586285888,clock characteristic time,analytic,coupling,0.4203533766356461,0.4203533766356461,,not_applicable_deterministic,lambda=1;kappa=1;rho_inf=1,1.0.0,response_to_clock_rate_1,1.0,1.0,1.0,1.0
F1,1.2589254117941675,clock characteristic time,analytic,coupling,0.43122841775322707,0.43122841775322707,,not_applicable_deterministic,lambda=1;kappa=1;rho_inf=1,1.0.0,response_to_clock_rate_1,1.0,1.0,1.0,1.0
F1,1.3081774742601942,clock characteristic time,analytic,coupling,0.4422104373563124,0.4422104373563124,,not_applicable_deterministic,lambda=1;kappa=1;rho_inf=1,1.0.0,response_to_clock_rate_1,1.0,1.0,1.0,1.0
F1,1.3593563908785256,clock characteristic time,analytic,coupling,0.4532898174121037,0.4532898174121037,,not_applicable_deterministic,lambda=1;kappa=1;rho_inf=1,1.0.0,response_to_clock_rate_1,1.0,1.0,1.0,1.0
F1,1.412537544622754,clock characteristic time,analytic,coupling,0.46445638996952343,0.46445638996952343,,not_applicable_deterministic,lambda=1;kappa=1;rho_inf=1,1.0.0,response_to_clock_rate_1,1.0,1.0,1.0,1.0
F1,1.467799267622069,clock characteristic time,analytic,coupling,0.4756994569145738,0.4756994569145738,,not_applicable_deterministic,lambda=1;kappa=1;rho_inf=1,1.0.0,response_to_clock_rate_1,1.0,1.0,1.0,1.0
F1,1.5252229565390183,clock characteristic time,analytic,coupling,0.48700781455627185,0.48700781455627185,,not_applicable_deterministic,lambda=1;kappa=1;rho_inf=1,1.0.0,response_to_clock_rate_1,1.0,1.0,1.0,1.0
F1,1.584893192461114,clock characteristic time,analytic,coupling,0.49836978319642977,0.49836978319642977,,not_applicable_deterministic,lambda=1;kappa=1;rho_inf=1,1.0.0,response_to_clock_rate_1,1.0,1.0,1.0,1.0
F1,1.6468978654828688,clock characteristic time,analytic,coupling,0.5097732417883298,0.5097732417883298,,not_applicable_deterministic,lambda=1;kappa=1;rho_inf=1,1.0.0,response_to_clock_rate_1,1.0,1.0,1.0,1.0
F1,1.711328304161781,clock characteristic time,analytic,coupling,0.5212056677337433,0.5212056677337433,,not_applicable_deterministic,lambda=1;kappa=1;rho_inf=1,1.0.0,response_to_clock_rate_1,1.0,1.0,1.0,1.0
F1,1.7782794100389228,clock characteristic time,analytic,coupling,0.5326541818048476,0.5326541818048476,,not_applicable_deterministic,lambda=1;kappa=1;rho_inf=1,1.0.0,response_to_clock_rate_1,1.0,1.0,1.0,1.0
F1,1.8478497974222907,clock characteristic time,analytic,coupling,0.5441055981077746,0.5441055981077746,,not_applicable_deterministic,lambda=1;kappa=1;rho_inf=1,1.0.0,response_to_clock_rate_1,1.0,1.0,1.0,1.0
F1,1.920141938638801,clock characteristic time,analytic,coupling,0.5555464789282512,0.5555464789282512,,not_applicable_deterministic,lambda=1;kappa=1;rho_inf=1,1.0.0,response_to_clock_rate_1,1.0,1.0,1.0,1.0
F1,1.9952623149688788,clock characteristic time,analytic,coupling,0.5669631942178966,0.5669631942178966,,not_applicable_deterministic,lambda=1;kappa=1;rho_inf=1,1.0.0,response_to_clock_rate_1,1.0,1.0,1.0,1.0
F1,2.073321573485954,clock characteristic time,analytic,coupling,0.5783419853932551,0.5783419853932551,,not_applicable_deterministic,lambda=1;kappa=1;rho_inf=1,1.0.0,response_to_clock_rate_1,1.0,1.0,1.0,1.0
F1,2.1544346900318843,clock characteristic time,analytic,coupling,0.5896690330298868,0.5896690330298868,,not_applicable_deterministic,lambda=1;kappa=1;rho_inf=1,1.0.0,response_to_clock_rate_1,1.0,1.0,1.0,1.0
F1,2.23872113856834,clock characteristic time,analytic,coupling,0.6009305279424364,0.6009305279424364,,not_applicable_deterministic,lambda=1;kappa=1;rho_inf=1,1.0.0,response_to_clock_rate_1,1.0,1.0,1.0,1.0
F1,2.3263050671536263,clock characteristic time,analytic,coupling,0.6121127450504413,0.6121127450504413,,not_applicable_deterministic,lambda=1;kappa=1;rho_inf=1,1.0.0,response_to_clock_rate_1,1.0,1.0,1.0,1.0
F1,2.4173154808041035,clock characteristic time,analytic,coupling,0.6232021193408614,0.6232021193408614,,not_applicable_deterministic,lambda=1;kappa=1;rho_inf=1,1.0.0,response_to_clock_rate_1,1.0,1.0,1.0,1.0
F1,2.5118864315095797,clock characteristic time,analytic,coupling,0.6341853231543388,0.6341853231543388,,not_applicable_deterministic,lambda=1;kappa=1;rho_inf=1,1.0.0,response_to_clock_rate_1,1.0,1.0,1.0,1.0
F1,2.610157215682536,clock characteristic time,analytic,coupling,0.645049343945574,0.645049343945574,,not_applicable_deterministic,lambda=1;kappa=1;rho_inf=1,1.0.0,response_to_clock_rate_1,1.0,1.0,1.0,1.0
F1,2.712272579332027,clock characteristic time,analytic,coupling,0.6557815616016739,0.6557815616016739,,not_applicable_deterministic,lambda=1;kappa=1;rho_inf=1,1.0.0,response_to_clock_rate_1,1.0,1.0,1.0,1.0
F1,2.818382931264452,clock characteristic time,analytic,coupling,0.6663698243486582,0.6663698243486582,,not_applicable_deterministic,lambda=1;kappa=1;rho_inf=1,1.0.0,response_to_clock_rate_1,1.0,1.0,1.0,1.0
F1,2.9286445646252375,clock characteristic time,analytic,coupling,0.6768025222382381,0.6768025222382381,,not_applicable_deterministic,lambda=1;kappa=1;rho_inf=1,1.0.0,response_to_clock_rate_1,1.0,1.0,1.0,1.0
F1,3.043219887107722,clock characteristic time,analytic,coupling,0.6870686571871245,0.6870686571871245,,not_applicable_deterministic,lambda=1;kappa=1;rho_inf=1,1.0.0,response_to_clock_rate_1,1.0,1.0,1.0,1.0
F1,3.1622776601683795,clock characteristic time,analytic,coupling,0.6971579085418442,0.6971579085418442,,not_applicable_deterministic,lambda=1;kappa=1;rho_inf=1,1.0.0,response_to_clock_rate_1,1.0,1.0,1.0,1.0
F1,3.285993247600654,clock characteristic time,analytic,coupling,0.7070606931652865,0.7070606931652865,,not_applicable_deterministic,lambda=1;kappa=1;rho_inf=1,1.0.0,response_to_clock_rate_1,1.0,1.0,1.0,1.0
F1,3.4145488738336005,clock characteristic time,analytic,coupling,0.7167682190885006,0.7167682190885006,,not_applicable_deterministic,lambda=1;kappa=1;rho_inf=1,1.0.0,response_to_clock_rate_1,1.0,1.0,1.0,1.0
F1,3.5481338923357533,clock characteristic time,analytic,coupling,0.7262725318434003,0.7262725318434003,,not_applicable_deterministic,lambda=1;kappa=1;rho_inf=1,1.0.0,response_to_clock_rate_1,1.0,1.0,1.0,1.0
F1,3.6869450645195734,clock characteristic time,analytic,coupling,0.7355665526891383,0.7355665526891383,,not_applicable_deterministic,lambda=1;kappa=1;rho_inf=1,1.0.0,response_to_clock_rate_1,1.0,1.0,1.0,1.0
F1,3.831186849557289,clock characteristic time,analytic,coupling,0.7446441080662156,0.7446441080662156,,not_applicable_deterministic,lambda=1;kappa=1;rho_inf=1,1.0.0,response_to_clock_rate_1,1.0,1.0,1.0,1.0
F1,3.981071705534973,clock characteristic time,analytic,coupling,0.7534999497562151,0.7534999497562151,,not_applicable_deterministic,lambda=1;kappa=1;rho_inf=1,1.0.0,response_to_clock_rate_1,1.0,1.0,1.0,1.0
F1,4.136820402388507,clock characteristic time,analytic,coupling,0.7621297653887517,0.7621297653887517,,not_applicable_deterministic,lambda=1;kappa=1;rho_inf=1,1.0.0,response_to_clock_rate_1,1.0,1.0,1.0,1.0
F1,4.298662347082277,clock characteristic time,analytic,coupling,0.7705301791171976,0.7705301791171976,,not_applicable_deterministic,lambda=1;kappa=1;rho_inf=1,1.0.0,response_to_clock_rate_1,1.0,1.0,1.0,1.0
F1,4.46683592150963,clock characteristic time,analytic,coupling,0.7786987424764674,0.7786987424764674,,not_applicable_deterministic,lambda=1;kappa=1;rho_inf=1,1.0.0,response_to_clock_rate_1,1.0,1.0,1.0,1.0
F1,4.6415888336127775,clock characteristic time,analytic,coupling,0.7866339156342774,0.7866339156342774,,not_applicable_deterministic,lambda=1;kappa=1;rho_inf=1,1.0.0,response_to_clock_rate_1,1.0,1.0,1.0,1.0
F1,4.823178482239304,clock characteristic time,analytic,coupling,0.7943350394458598,0.7943350394458598,,not_applicable_deterministic,lambda=1;kappa=1;rho_inf=1,1.0.0,response_to_clock_rate_1,1.0,1.0,1.0,1.0
F1,5.011872336272719,clock characteristic time,analytic,coupling,0.8018022989146794,0.8018022989146794,,not_applicable_deterministic,lambda=1;kappa=1;rho_inf=1,1.0.0,response_to_clock_rate_1,1.0,1.0,1.0,1.0
F1,5.207948328595465,clock characteristic time,analytic,coupling,0.8090366788416429,0.8090366788416429,,not_applicable_deterministic,lambda=1;kappa=1;rho_inf=1,1.0.0,response_to_clock_rate_1,1.0,1.0,1.0,1.0
F1,5.411695265464638,clock characteristic time,analytic,coupling,0.8160399126061197,0.8160399126061197,,not_applicable_deterministic,lambda=1;kappa=1;rho_inf=1,1.0.0,response_to_clock_rate_1,1.0,1.0,1.0,1.0
F1,5.62341325190349,clock characteristic time,analytic,coupling,0.8228144251577327,0.8228144251577327,,not_applicable_deterministic,lambda=1;kappa=1;rho_inf=1,1.0.0,response_to_clock_rate_1,1.0,1.0,1.0,1.0
F1,5.843414133735175,clock characteristic time,analytic,coupling,0.8293632714030041,0.8293632714030041,,not_applicable_deterministic,lambda=1;kappa=1;rho_inf=1,1.0.0,response_to_clock_rate_1,1.0,1.0,1.0,1.0
F1,6.072021956909884,clock characteristic time,analytic,coupling,0.835690071241349,0.835690071241349,,not_applicable_deterministic,lambda=1;kappa=1;rho_inf=1,1.0.0,response_to_clock_rate_1,1.0,1.0,1.0,1.0
F1,6.30957344480193,clock characteristic time,analytic,coupling,0.8417989425376793,0.8417989425376793,,not_applicable_deterministic,lambda=1;kappa=1;rho_inf=1,1.0.0,response_to_clock_rate_1,1.0,1.0,1.0,1.0
F1,6.556418494179785,clock characteristic time,analytic,coupling,0.8476944333127259,0.8476944333127259,,not_applicable_deterministic,lambda=1;kappa=1;rho_inf=1,1.0.0,response_to_clock_rate_1,1.0,1.0,1.0,1.0
F1,6.812920690579615,clock characteristic time,analytic,coupling,0.8533814543874902,0.8533814543874902,,not_applicable_deterministic,lambda=1;kappa=1;rho_inf=1,1.0.0,response_to_clock_rate_1,1.0,1.0,1.0,1.0
F1,7.07945784384138,clock characteristic time,analytic,coupling,0.8588652136371452,0.8588652136371452,,not_applicable_deterministic,lambda=1;kappa=1;rho_inf=1,1.0.0,response_to_clock_rate_1,1.0,1.0,1.0,1.0
F1,7.3564225445964135,clock characteristic time,analytic,coupling,0.864151152896055,0.864151152896055,,not_applicable_deterministic,lambda=1;kappa=1;rho_inf=1,1.0.0,response_to_clock_rate_1,1.0,1.0,1.0,1.0
F1,7.644222742526002,clock characteristic time,analytic,coupling,0.8692448884147148,0.8692448884147148,,not_applicable_deterministic,lambda=1;kappa=1;rho_inf=1,1.0.0,response_to_clock_rate_1,1.0,1.0,1.0,1.0
F1,7.943282347242813,clock characteristic time,analytic,coupling,0.8741521556079044,0.8741521556079044,,not_applicable_deterministic,lambda=1;kappa=1;rho_inf=1,1.0.0,response_to_clock_rate_1,1.0,1.0,1.0,1.0
F1,8.254041852680182,clock characteristic time,analytic,coupling,0.8788787586586432,0.8788787586586432,,not_applicable_deterministic,lambda=1;kappa=1;rho_inf=1,1.0.0,response_to_clock_rate_1,1.0,1.0,1.0,1.0
F1,8.576958985908938,clock characteristic time,analytic,coupling,0.8834305253624954,0.8834305253624954,,not_applicable_deterministic,lambda=1;kappa=1;rho_inf=1,1.0.0,response_to_clock_rate_1,1.0,1.0,1.0,1.0
F1,8.91250938133745,clock characteristic time,analytic,coupling,0.887813267419244,0.887813267419244,,not_applicable_deterministic,lambda=1;kappa=1;rho_inf=1,1.0.0,response_to_clock_rate_1,1.0,1.0,1.0,1.0
F1,9.261187281287937,clock characteristic time,analytic,coupling,0.8920327462112507,0.8920327462112507,,not_applicable_deterministic,lambda=1;kappa=1;rho_inf=1,1.0.0,response_to_clock_rate_1,1.0,1.0,1.0,1.0
F1,9.623506263980888,clock characteristic time,analytic,coupling,0.8960946439563474,0.8960946439563474,,not_applicable_deterministic,lambda=1;kappa=1;rho_inf=1,1.0.0,response_to_clock_rate_1,1.0,1.0,1.0,1.0
F1,10.0,clock characteristic time,analytic,coupling,0.9000045399929762,0.9000045399929762,,not_applicable_deterministic,lambda=1;kappa=1;rho_inf=1,1.0.0,response_to_clock_rate_1,1.0,1.0,1.0,1.0
F1,10.39122303835169,clock characteristic time,analytic,coupling,0.9037678918500767,0.9037678918500767,,not_applicable_deterministic,lambda=1;kappa=1;rho_inf=1,1.0.0,response_to_clock_rate_1,1.0,1.0,1.0,1.0
F1,10.797751623277094,clock characteristic time,analytic,coupling,0.9073900206758295,0.9073900206758295,,not_applicable_deterministic,lambda=1;kappa=1;rho_inf=1,1.0.0,response_to_clock_rate_1,1.0,1.0,1.0,1.0
F1,11.220184543019629,clock characteristic time,analytic,coupling,0.910876100548047,0.910876100548047,,not_applicable_deterministic,lambda=1;kappa=1;rho_inf=1,1.0.0,response_to_clock_rate_1,1.0,1.0,1.0,1.0
F1,11.659144011798311,clock characteristic time,analytic,coupling,0.9142311511634624,0.9142311511634624,,not_applicable_deterministic,lambda=1;kappa=1;rho_inf=1,1.0.0,response_to_clock_rate_1,1.0,1.0,1.0,1.0
F1,12.115276586285876,clock characteristic time,analytic,coupling,0.9174600334008327,0.9174600334008327,,not_applicable_deterministic,lambda=1;kappa=1;rho_inf=1,1.0.0,response_to_clock_rate_1,1.0,1.0,1.0,1.0
F1,12.589254117941662,clock characteristic time,analytic,coupling,0.9205674472700534,0.9205674472700534,,not_applicable_deterministic,lambda=1;kappa=1;rho_inf=1,1.0.0,response_to_clock_rate_1,1.0,1.0,1.0,1.0
F1,13.081774742601928,clock characteristic time,analytic,coupling,0.9235579317922211,0.9235579317922211,,not_applicable_deterministic,lambda=1;kappa=1;rho_inf=1,1.0.0,response_to_clock_rate_1,1.0,1.0,1.0,1.0
F1,13.593563908785242,clock characteristic time,analytic,coupling,0.926435866399322,0.926435866399322,,not_applicable_deterministic,lambda=1;kappa=1;rho_inf=1,1.0.0,response_to_clock_rate_1,1.0,1.0,1.0,1.0
F1,14.125375446227554,clock characteristic time,analytic,coupling,0.9292054734926704,0.9292054734926704,,not_applicable_deterministic,lambda=1;kappa=1;rho_inf=1,1.0.0,response_to_clock_rate_1,1.0,1.0,1.0,1.0
F1,14.677992676220706,clock characteristic time,analytic,coupling,0.931870821852431,0.931870821852431,,not_applicable_deterministic,lambda=1;kappa=1;rho_inf=1,1.0.0,response_to_clock_rate_1,1.0,1.0,1.0,1.0
F1,15.252229565390198,clock characteristic time,analytic,coupling,0.9344358306432281,0.9344358306432281,,not_applicable_deterministic,lambda=1;kappa=1;rho_inf=1,1.0.0,response_to_clock_rate_1,1.0,1.0,1.0,1.0
F1,15.848931924611142,clock characteristic time,analytic,coupling,0.9369042738103884,0.9369042738103884,,not_applicable_deterministic,lambda=1;kappa=1;rho_inf=1,1.0.0,response_to_clock_rate_1,1.0,1.0,1.0,1.0
F1,16.46897865482869,clock characteristic time,analytic,coupling,0.9392797847060061,0.9392797847060061,,not_applicable_deterministic,lambda=1;kappa=1;rho_inf=1,1.0.0,response_to_clock_rate_1,1.0,1.0,1.0,1.0
F1,17.11328304161781,clock characteristic time,analytic,coupling,0.9415658608226907,0.9415658608226907,,not_applicable_deterministic,lambda=1;kappa=1;rho_inf=1,1.0.0,response_to_clock_rate_1,1.0,1.0,1.0,1.0
F1,17.78279410038923,clock characteristic time,analytic,coupling,0.9437658685451832,0.9437658685451832,,not_applicable_deterministic,lambda=1;kappa=1;rho_inf=1,1.0.0,response_to_clock_rate_1,1.0,1.0,1.0,1.0
F1,18.478497974222908,clock characteristic time,analytic,coupling,0.9458830478561215,0.9458830478561215,,not_applicable_deterministic,lambda=1;kappa=1;rho_inf=1,1.0.0,response_to_clock_rate_1,1.0,1.0,1.0,1.0
F1,19.20141938638801,clock characteristic time,analytic,coupling,0.9479205169526046,0.9479205169526046,,not_applicable_deterministic,lambda=1;kappa=1;rho_inf=1,1.0.0,response_to_clock_rate_1,1.0,1.0,1.0,1.0
F1,19.952623149688787,clock characteristic time,analytic,coupling,0.9498812767455871,0.9498812767455871,,not_applicable_deterministic,lambda=1;kappa=1;rho_inf=1,1.0.0,response_to_clock_rate_1,1.0,1.0,1.0,1.0
F1,20.73321573485954,clock characteristic time,analytic,coupling,0.9517682152253611,0.9517682152253611,,not_applicable_deterministic,lambda=1;kappa=1;rho_inf=1,1.0.0,response_to_clock_rate_1,1.0,1.0,1.0,1.0
F1,21.54434690031882,clock characteristic time,analytic,coupling,0.9535841116842931,0.9535841116842931,,not_applicable_deterministic,lambda=1;kappa=1;rho_inf=1,1.0.0,response_to_clock_rate_1,1.0,1.0,1.0,1.0
F1,22.38721138568338,clock characteristic time,analytic,coupling,0.9553316407933634,0.9553316407933634,,not_applicable_deterministic,lambda=1;kappa=1;rho_inf=1,1.0.0,response_to_clock_rate_1,1.0,1.0,1.0,1.0
F1,23.263050671536238,clock characteristic time,analytic,coupling,0.9570133765325681,0.9570133765325681,,not_applicable_deterministic,lambda=1;kappa=1;rho_inf=1,1.0.0,response_to_clock_rate_1,1.0,1.0,1.0,1.0
F1,24.173154808041012,clock characteristic time,analytic,coupling,0.9586317959774283,0.9586317959774283,,not_applicable_deterministic,lambda=1;kappa=1;rho_inf=1,1.0.0,response_to_clock_rate_1,1.0,1.0,1.0,1.0
F1,25.11886431509582,clock characteristic time,analytic,coupling,0.9601892829451413,0.9601892829451413,,not_applicable_deterministic,lambda=1;kappa=1;rho_inf=1,1.0.0,response_to_clock_rate_1,1.0,1.0,1.0,1.0
F1,26.101572156825384,clock characteristic time,analytic,coupling,0.961688131504604,0.961688131504604,,not_applicable_deterministic,lambda=1;kappa=1;rho_inf=1,1.0.0,response_to_clock_rate_1,1.0,1.0,1.0,1.0
F1,27.122725793320296,clock characteristic time,analytic,coupling,0.9631305493548655,0.9631305493548655,,not_applicable_deterministic,lambda=1;kappa=1;rho_inf=1,1.0.0,response_to_clock_rate_1,1.0,1.0,1.0,1.0
F1,28.183829312644548,clock characteristic time,analytic,coupling,0.9645186610766628,0.9645186610766628,,not_applicable_deterministic,lambda=1;kappa=1;rho_inf=1,1.0.0,response_to_clock_rate_1,1.0,1.0,1.0,1.0
F1,29.28644564625237,clock characteristic time,analytic,coupling,0.9658545112616705,0.9658545112616705,,not_applicable_deterministic,lambda=1;kappa=1;rho_inf=1,1.0.0,response_to_clock_rate_1,1.0,1.0,1.0,1.0
F1,30.432198871077222,clock characteristic time,analytic,coupling,0.9671400675239955,0.9671400675239955,,not_applicable_deterministic,lambda=1;kappa=1;rho_inf=1,1.0.0,response_to_clock_rate_1,1.0,1.0,1.0,1.0
F1,31.622776601683793,clock characteristic time,analytic,coupling,0.9683772233983168,0.9683772233983168,,not_applicable_deterministic,lambda=1;kappa=1;rho_inf=1,1.0.0,response_to_clock_rate_1,1.0,1.0,1.0,1.0
F1,32.85993247600654,clock characteristic time,analytic,coupling,0.9695678011289229,0.9695678011289229,,not_applicable_deterministic,lambda=1;kappa=1;rho_inf=1,1.0.0,response_to_clock_rate_1,1.0,1.0,1.0,1.0
F1,34.145488738336006,clock characteristic time,analytic,coupling,0.9707135543537476,0.9707135543537476,,not_applicable_deterministic,lambda=1;kappa=1;rho_inf=1,1.0.0,response_to_clock_rate_1,1.0,1.0,1.0,1.0
F1,35.481338923357534,clock characteristic time,analytic,coupling,0.9718161706873555,0.9718161706873555,,not_applicable_deterministic,lambda=1;kappa=1;rho_inf=1,1.0.0,response_to_clock_rate_1,1.0,1.0,1.0,1.0
F1,36.869450645195734,clock characteristic time,analytic,coupling,0.9728772742066797,0.9728772742066797,,not_applicable_deterministic,lambda=1;kappa=1;rho_inf=1,1.0.0,response_to_clock_rate_1,1.0,1.0,1.0,1.0
F1,38.31186849557285,clock characteristic time,analytic,coupling,0.9738984278431746,0.9738984278431746,,not_applicable_deterministic,lambda=1;kappa=1;rho_inf=1,1.0.0,response_to_clock_rate_1,1.0,1.0,1.0,1.0
F1,39.81071705534969,clock characteristic time,analytic,coupling,0.9748811356849042,0.9748811356849042,,not_applicable_deterministic,lambda=1;kappa=1;rho_inf=1,1.0.0,response_to_clock_rate_1,1.0,1.0,1.0,1.0
F1,41.36820402388503,clock characteristic time,analytic,coupling,0.975826845191959,0.975826845191959,,not_applicable_deterministic,lambda=1;kappa=1;rho_inf=1,1.0.0,response_to_clock_rate_1,1.0,1.0,1.0,1.0
F1,42.98662347082272,clock characteristic time,analytic,coupling,0.9767369493284637,0.9767369493284637,,not_applicable_deterministic,lambda=1;kappa=1;rho_inf=1,1.0.0,response_to_clock_rate_1,1.0,1.0,1.0,1.0
F1,44.668359215096345,clock characteristic time,analytic,coupling,0.9776127886143167,0.9776127886143167,,not_applicable_deterministic,lambda=1;kappa=1;rho_inf=1,1.0.0,response_to_clock_rate_1,1.0,1.0,1.0,1.0
F1,46.41588833612782,clock characteristic time,analytic,coupling,0.9784556530996812,0.9784556530996812,,not_applicable_deterministic,lambda=1;kappa=1;rho_inf=1,1.0.0,response_to_clock_rate_1,1.0,1.0,1.0,1.0
F1,48.23178482239309,clock characteristic time,analytic,coupling,0.9792667842651405,0.9792667842651405,,not_applicable_deterministic,lambda=1;kappa=1;rho_inf=1,1.0.0,response_to_clock_rate_1,1.0,1.0,1.0,1.0
F1,50.118723362727245,clock characteristic time,analytic,coupling,0.9800473768503112,0.9800473768503112,,not_applicable_deterministic,lambda=1;kappa=1;rho_inf=1,1.0.0,response_to_clock_rate_1,1.0,1.0,1.0,1.0
F1,52.07948328595465,clock characteristic time,analytic,coupling,0.980798580613612,0.980798580613612,,not_applicable_deterministic,lambda=1;kappa=1;rho_inf=1,1.0.0,response_to_clock_rate_1,1.0,1.0,1.0,1.0
F1,54.116952654646376,clock characteristic time,analytic,coupling,0.981521502025777,0.981521502025777,,not_applicable_deterministic,lambda=1;kappa=1;rho_inf=1,1.0.0,response_to_clock_rate_1,1.0,1.0,1.0,1.0
F1,56.23413251903491,clock characteristic time,analytic,coupling,0.9822172058996108,0.9822172058996108,,not_applicable_deterministic,lambda=1;kappa=1;rho_inf=1,1.0.0,response_to_clock_rate_1,1.0,1.0,1.0,1.0
F1,58.434141337351754,clock characteristic time,analytic,coupling,0.9828867169583821,0.9828867169583821,,not_applicable_deterministic,lambda=1;kappa=1;rho_inf=1,1.0.0,response_to_clock_rate_1,1.0,1.0,1.0,1.0
F1,60.72021956909884,clock characteristic time,analytic,coupling,0.9835310213451713,0.9835310213451713,,not_applicable_deterministic,lambda=1;kappa=1;rho_inf=1,1.0.0,response_to_clock_rate_1,1.0,1.0,1.0,1.0
F1,63.0957344480193,clock characteristic time,analytic,coupling,0.9841510680753889,0.9841510680753889,,not_applicable_deterministic,lambda=1;kappa=1;rho_inf=1,1.0.0,response_to_clock_rate_1,1.0,1.0,1.0,1.0
F1,65.56418494179785,clock characteristic time,analytic,coupling,0.9847477704346098,0.9847477704346098,,not_applicable_deterministic,lambda=1;kappa=1;rho_inf=1,1.0.0,response_to_clock_rate_1,1.0,1.0,1.0,1.0
F1,68.12920690579608,clock characteristic time,analytic,coupling,0.9853220073237793,0.9853220073237793,,not_applicable_deterministic,lambda=1;kappa=1;rho_inf=1,1.0.0,response_to_clock_rate_1,1.0,1.0,1.0,1.0
F1,70.79457843841374,clock characteristic time,analytic,coupling,0.9858746245537724,0.9858746245537724,,not_applicable_deterministic,lambda=1;kappa=1;rho_inf=1,1.0.0,response_to_clock_rate_1,1.0,1.0,1.0,1.0
F1,73.56422544596406,clock characteristic time,analytic,coupling,0.9864064360912147,0.9864064360912147,,not_applicable_deterministic,lambda=1;kappa=1;rho_inf=1,1.0.0,response_to_clock_rate_1,1.0,1.0,1.0,1.0
F1,76.44222742525994,clock characteristic time,analytic,coupling,0.986918225257398,0.986918225257398,,not_applicable_deterministic,lambda=1;kappa=1;rho_inf=1,1.0.0,response_to_clock_rate_1,1.0,1.0,1.0,1.0
F1,79.43282347242821,clock characteristic time,analytic,coupling,0.9874107458820583,0.9874107458820583,,not_applicable_deterministic,lambda=1;kappa=1;rho_inf=1,1.0.0,response_to_clock_rate_1,1.0,1.0,1.0,1.0
F1,82.5404185268019,clock characteristic time,analytic,coupling,0.9878847234137141,0.9878847234137141,,not_applicable_deterministic,lambda=1;kappa=1;rho_inf=1,1.0.0,response_to_clock_rate_1,1.0,1.0,1.0,1.0
F1,85.76958985908946,clock characteristic time,analytic,coupling,0.9883408559882016,0.9883408559882016,,not_applicable_deterministic,lambda=1;kappa=1;rho_inf=1,1.0.0,response_to_clock_rate_1,1.0,1.0,1.0,1.0
F1,89.12509381337459,clock characteristic time,analytic,coupling,0.9887798154569803,0.9887798154569803,,not_applicable_deterministic,lambda=1;kappa=1;rho_inf=1,1.0.0,response_to_clock_rate_1,1.0,1.0,1.0,1.0
F1,92.61187281287937,clock characteristic time,analytic,coupling,0.9892022483767229,0.9892022483767229,,not_applicable_deterministic,lambda=1;kappa=1;rho_inf=1,1.0.0,response_to_clock_rate_1,1.0,1.0,1.0,1.0
F1,96.23506263980887,clock characteristic time,analytic,coupling,0.9896087769616483,0.9896087769616483,,not_applicable_deterministic,lambda=1;kappa=1;rho_inf=1,1.0.0,response_to_clock_rate_1,1.0,1.0,1.0,1.0
F1,100.0,clock characteristic time,analytic,coupling,0.99,0.99,,not_applicable_deterministic,lambda=1;kappa=1;rho_inf=1,1.0.0,response_to_clock_rate_1,1.0,1.0,1.0,1.0
F1,0.001,clock characteristic time,analytic,combined,2.498334027555615e-07,2.498334027555615e-07,,not_applicable_deterministic,lambda=1;kappa=1;rho_inf=1,1.0.0,response_to_clock_rate_1,1.0,1.0,1.0,1.0
F1,0.001039122303835169,clock characteristic time,analytic,combined,2.697568684454732e-07,2.697568684454732e-07,,not_applicable_deterministic,lambda=1;kappa=1;rho_inf=1,1.0.0,response_to_clock_rate_1,1.0,1.0,1.0,1.0
F1,0.0010797751623277093,clock characteristic time,analytic,combined,2.912688737602039e-07,2.912688737602039e-07,,not_applicable_deterministic,lambda=1;kappa=1;rho_inf=1,1.0.0,response_to_clock_rate_1,1.0,1.0,1.0,1.0
F1,0.001122018454301963,clock characteristic time,analytic,combined,3.1449604004687443e-07,3.1449604004687443e-07,,not_applicable_deterministic,lambda=1;kappa=1;rho_inf=1,1.0.0,response_to_clock_rate_1,1.0,1.0,1.0,1.0
F1,0.0011659144011798323,clock characteristic time,analytic,combined,3.3957507712927047e-07,3.3957507712927047e-07,,not_applicable_deterministic,lambda=1;kappa=1;rho_inf=1,1.0.0,response_to_clock_rate_1,1.0,1.0,1.0,1.0
F1,0.001211527658628589,clock characteristic time,analytic,combined,3.6665358655950735e-07,3.6665358655950735e-07,,not_applicable_deterministic,lambda=1;kappa=1;rho_inf=1,1.0.0,response_to_clock_rate_1,1.0,1.0,1.0,1.0
F1,0.0012589254117941675,clock characteristic time,analytic,combined,3.9589092876240034e-07,3.9589092876240034e-07,,not_applicable_deterministic,lambda=1;kappa=1;rho_inf=1,1.0.0,response_to_clock_rate_1,1.0,1.0,1.0,1.0
F1,0.0013081774742601943,clock characteristic time,analytic,combined,4.2745915914363573e-07,4.2745915914363573e-07,,not_applicable_deterministic,lambda=1;kappa=1;rho_inf=1,1.0.0,response_to_clock_rate_1,1.0,1.0,1.0,1.0
F1,0.0013593563908785254,clock characteristic time,analytic,combined,4.6154403863540015e-07,4.6154403863540015e-07,,not_applicable_deterministic,lambda=1;kappa=1;rho_inf=1,1.0.0,response_to_clock_rate_1,1.0,1.0,1.0,1.0
F1,0.001412537544622754,clock characteristic time,analytic,combined,4.983461245919534e-07,4.983461245919534e-07,,not_applicable_deterministic,lambda=1;kappa=1;rho_inf=1,1.0.0,response_to_clock_rate_1,1.0,1.0,1.0,1.0
F1,0.001467799267622069,clock characteristic time,analytic,combined,5.380819484123709e-07,5.380819484123709e-07,,not_applicable_deterministic,lambda=1;kappa=1;rho_inf=1,1.0.0,response_to_clock_rate_1,1.0,1.0,1.0,1.0
F1,0.0015252229565390183,clock characteristic time,analytic,combined,5.809852867685685e-07,5.809852867685685e-07,,not_applicable_deterministic,lambda=1;kappa=1;rho_inf=1,1.0.0,response_to_clock_rate_1,1.0,1.0,1.0,1.0
F1,0.001584893192461114,clock characteristic time,analytic,combined,6.273085338692471e-07,6.273085338692471e-07,,not_applicable_deterministic,lambda=1;kappa=1;rho_inf=1,1.0.0,response_to_clock_rate_1,1.0,1.0,1.0,1.0
F1,0.0016468978654828688,clock characteristic time,analytic,combined,6.77324182773158e-07,6.77324182773158e-07,,not_applicable_deterministic,lambda=1;kappa=1;rho_inf=1,1.0.0,response_to_clock_rate_1,1.0,1.0,1.0,1.0
F1,0.001711328304161781,clock characteristic time,analytic,combined,7.31326424396223e-07,7.31326424396223e-07,,not_applicable_deterministic,lambda=1;kappa=1;rho_inf=1,1.0.0,response_to_clock_rate_1,1.0,1.0,1.0,1.0
F1,0.0017782794100389228,clock characteristic time,analytic,combined,7.896328735496278e-07,7.896328735496278e-07,,not_applicable_deterministic,lambda=1;kappa=1;rho_inf=1,1.0.0,response_to_clock_rate_1,1.0,1.0,1.0,1.0
F1,0.0018478497974222907,clock characteristic time,analytic,combined,8.525864320684658e-07,8.525864320684658e-07,,not_applicable_deterministic,lambda=1;kappa=1;rho_inf=1,1.0.0,response_to_clock_rate_1,1.0,1.0,1.0,1.0
F1,0.001920141938638801,clock characteristic time,analytic,combined,9.205572999070998e-07,9.205572999070998e-07,,not_applicable_deterministic,lambda=1;kappa=1;rho_inf=1,1.0.0,response_to_clock_rate_1,1.0,1.0,1.0,1.0
F1,0.001995262314968879,clock characteristic time,analytic,combined,9.93945145910503e-07,9.93945145910503e-07,,not_applicable_deterministic,lambda=1;kappa=1;rho_inf=1,1.0.0,response_to_clock_rate_1,1.0,1.0,1.0,1.0
F1,0.002073321573485954,clock characteristic time,analytic,combined,1.0731814509184588e-06,1.0731814509184588e-06,,not_applicable_deterministic,lambda=1;kappa=1;rho_inf=1,1.0.0,response_to_clock_rate_1,1.0,1.0,1.0,1.0
F1,0.0021544346900318843,clock characteristic time,analytic,combined,1.1587320368407778e-06,1.1587320368407778e-06,,not_applicable_deterministic,lambda=1;kappa=1;rho_inf=1,1.0.0,response_to_clock_rate_1,1.0,1.0,1.0,1.0
F1,0.00223872113856834,clock characteristic time,analytic,combined,1.2510997964276016e-06,1.2510997964276016e-06,,not_applicable_deterministic,lambda=1;kappa=1;rho_inf=1,1.0.0,response_to_clock_rate_1,1.0,1.0,1.0,1.0
F1,0.0023263050671536263,clock characteristic time,analytic,combined,1.3508276396146275e-06,1.3508276396146275e-06,,not_applicable_deterministic,lambda=1;kappa=1;rho_inf=1,1.0.0,response_to_clock_rate_1,1.0,1.0,1.0,1.0
F1,0.0024173154808041037,clock characteristic time,analytic,combined,1.4585016735743105e-06,1.4585016735743105e-06,,not_applicable_deterministic,lambda=1;kappa=1;rho_inf=1,1.0.0,response_to_clock_rate_1,1.0,1.0,1.0,1.0
F1,0.0025118864315095794,clock characteristic time,analytic,combined,1.5747546349588696e-06,1.5747546349588696e-06,,not_applicable_deterministic,lambda=1;kappa=1;rho_inf=1,1.0.0,response_to_clock_rate_1,1.0,1.0,1.0,1.0
F1,0.0026101572156825357,clock characteristic time,analytic,combined,1.700269594263208e-06,1.700269594263208e-06,,not_applicable_deterministic,lambda=1;kappa=1;rho_inf=1,1.0.0,response_to_clock_rate_1,1.0,1.0,1.0,1.0
F1,0.0027122725793320298,clock characteristic time,analytic,combined,1.8357839538196545e-06,1.8357839538196545e-06,,not_applicable_deterministic,lambda=1;kappa=1;rho_inf=1,1.0.0,response_to_clock_rate_1,1.0,1.0,1.0,1.0
F1,0.002818382931264455,clock characteristic time,analytic,combined,1.9820937626125684e-06,1.9820937626125684e-06,,not_applicable_deterministic,lambda=1;kappa=1;rho_inf=1,1.0.0,response_to_clock_rate_1,1.0,1.0,1.0,1.0
F1,0.0029286445646252374,clock characteristic time,analytic,combined,2.1400583729344042e-06,2.1400583729344042e-06,,not_applicable_deterministic,lambda=1;kappa=1;rho_inf=1,1.0.0,response_to_clock_rate_1,1.0,1.0,1.0,1.0
F1,0.003043219887107722,clock characteristic time,analytic,combined,2.3106054658623483e-06,2.3106054658623483e-06,,not_applicable_deterministic,lambda=1;kappa=1;rho_inf=1,1.0.0,response_to_clock_rate_1,1.0,1.0,1.0,1.0
F1,0.0031622776601683794,clock characteristic time,analytic,combined,2.4947364746562917e-06,2.4947364746562917e-06,,not_applicable_deterministic,lambda=1;kappa=1;rho_inf=1,1.0.0,response_to_clock_rate_1,1.0,1.0,1.0,1.0
F1,0.003285993247600654,clock characteristic time,analytic,combined,2.6935324374537182e-06,2.6935324374537182e-06,,not_applicable_deterministic,lambda=1;kappa=1;rho_inf=1,1.0.0,response_to_clock_rate_1,1.0,1.0,1.0,1.0
F1,0.003414548873833601,clock characteristic time,analytic,combined,2.9081603131098554e-06,2.9081603131098554e-06,,not_applicable_deterministic,lambda=1;kappa=1;rho_inf=1,1.0.0,response_to_clock_rate_1,1.0,1.0,1.0,1.0
F1,0.0035481338923357532,clock characteristic time,analytic,combined,3.139879796667416e-06,3.139879796667416e-06,,not_applicable_deterministic,lambda=1;kappa=1;rho_inf=1,1.0.0,response_to_clock_rate_1,1.0,1.0,1.0,1.0
F1,0.0036869450645195733,clock characteristic time,analytic,combined,3.390050673800981e-06,3.390050673800981e-06,,not_applicable_deterministic,lambda=1;kappa=1;rho_inf=1,1.0.0,response_to_clock_rate_1,1.0,1.0,1.0,1.0
F1,0.003831186849557289,clock characteristic time,analytic,combined,3.660140756663736e-06,3.660140756663736e-06,,not_applicable_deterministic,lambda=1;kappa=1;rho_inf=1,1.0.0,response_to_clock_rate_1,1.0,1.0,1.0,1.0
F1,0.003981071705534973,clock characteristic time,analytic,combined,3.951734446868761e-06,3.951734446868761e-06,,not_applicable_deterministic,lambda=1;kappa=1;rho_inf=1,1.0.0,response_to_clock_rate_1,1.0,1.0,1.0,1.0
F1,0.004136820402388507,clock characteristic time,analytic,combined,4.2665419749138144e-06,4.2665419749138144e-06,,not_applicable_deterministic,lambda=1;kappa=1;rho_inf=1,1.0.0,response_to_clock_rate_1,1.0,1.0,1.0,1.0
F1,0.004298662347082277,clock characteristic time,analytic,combined,4.606409369207791e-06,4.606409369207791e-06,,not_applicable_deterministic,lambda=1;kappa=1;rho_inf=1,1.0.0,response_to_clock_rate_1,1.0,1.0,1.0,1.0
F1,0.0044668359215096305,clock characteristic time,analytic,combined,4.973329211980693e-06,4.973329211980693e-06,,not_applicable_deterministic,lambda=1;kappa=1;rho_inf=1,1.0.0,response_to_clock_rate_1,1.0,1.0,1.0,1.0
F1,0.004641588833612777,clock characteristic time,analytic,combined,5.369452243851525e-06,5.369452243851525e-06,,not_applicable_deterministic,lambda=1;kappa=1;rho_inf=1,1.0.0,response_to_clock_rate_1,1.0,1.0,1.0,1.0
F1,0.004823178482239309,clock characteristic time,analytic,combined,5.797099883600073e-06,5.797099883600073e-06,,not_applicable_deterministic,lambda=1;kappa=1;rho_inf=1,1.0.0,response_to_clock_rate_1,1.0,1.0,1.0,1.0
F1,0.005011872336272725,clock characteristic time,analytic,combined,6.258777734880693e-06,6.258777734880693e-06,,not_applicable_deterministic,lambda=1;kappa=1;rho_inf=1,1.0.0,response_to_clock_rate_1,1.0,1.0,1.0,1.0
F1,0.005207948328595465,clock characteristic time,analytic,combined,6.75719015716719e-06,6.75719015716719e-06,,not_applicable_deterministic,lambda=1;kappa=1;rho_inf=1,1.0.0,response_to_clock_rate_1,1.0,1.0,1.0,1.0
F1,0.0054116952654646375,clock characteristic time,analytic,combined,7.295255984239107e-06,7.295255984239107e-06,,not_applicable_deterministic,lambda=1;kappa=1;rho_inf=1,1.0.0,response_to_clock_rate_1,1.0,1.0,1.0,1.0
F1,0.005623413251903491,clock characteristic time,analytic,combined,7.876125479919561e-06,7.876125479919561e-06,,not_applicable_deterministic,lambda=1;kappa=1;rho_inf=1,1.0.0,response_to_clock_rate_1,1.0,1.0,1.0,1.0
F1,0.005843414133735175,clock characteristic time,analytic,combined,8.503198627782443e-06,8.503198627782443e-06,,not_applicable_deterministic,lambda=1;kappa=1;rho_inf=1,1.0.0,response_to_clock_rate_1,1.0,1.0,1.0,1.0
F1,0.006072021956909884,clock characteristic time,analytic,combined,9.180144858944391e-06,9.180144858944391e-06,,not_applicable_deterministic,lambda=1;kappa=1;rho_inf=1,1.0.0,response_to_clock_rate_1,1.0,1.0,1.0,1.0
F1,0.006309573444801929,clock characteristic time,analytic,combined,9.910924330155842e-06,9.910924330155842e-06,,not_applicable_deterministic,lambda=1;kappa=1;rho_inf=1,1.0.0,response_to_clock_rate_1,1.0,1.0,1.0,1.0
F1,0.006556418494179785,clock characteristic time,analytic,combined,1.0699810872993995e-05,1.0699810872993995e-05,,not_applicable_deterministic,lambda=1;kappa=1;rho_inf=1,1.0.0,response_to_clock_rate_1,1.0,1.0,1.0,1.0
F1,0.006812920690579615,clock characteristic time,analytic,combined,1.1551416744294691e-05,1.1551416744294691e-05,,not_applicable_deterministic,lambda=1;kappa=1;rho_inf=1,1.0.0,response_to_clock_rate_1,1.0,1.0,1.0,1.0
F1,0.00707945784384138,clock characteristic time,analytic,combined,1.2470719317936542e-05,1.2470719317936542e-05,,not_applicable_deterministic,lambda=1;kappa=1;rho_inf=1,1.0.0,response_to_clock_rate_1,1.0,1.0,1.0,1.0
F1,0.007356422544596414,clock characteristic time,analytic,combined,1.346308986883482e-05,1.346308986883482e-05,,not_applicable_deterministic,lambda=1;kappa=1;rho_inf=1,1.0.0,response_to_clock_rate_1,1.0,1.0,1.0,1.0
F1,0.007644222742526002,clock characteristic time,analytic,combined,1.4534324611569726e-05,1.4534324611569726e-05,,not_applicable_deterministic,lambda=1;kappa=1;rho_inf=1,1.0.0,response_to_clock_rate_1,1.0,1.0,1.0,1.0
F1,0.007943282347242814,clock characteristic time,analytic,combined,1.569067816846457e-05,1.569067816846457e-05,,not_applicable_deterministic,lambda=1;kappa=1;rho_inf=1,1.0.0,response_to_clock_rate_1,1.0,1.0,1.0,1.0
F1,0.008254041852680182,clock characteristic time,analytic,combined,1.693889965529744e-05,1.693889965529744e-05,,not_applicable_deterministic,lambda=1;kappa=1;rho_inf=1,1.0.0,response_to_clock_rate_1,1.0,1.0,1.0,1.0
F1,0.008576958985908946,clock characteristic time,analytic,combined,1.8286271587129648e-05,1.8286271587129648e-05,,not_applicable_deterministic,lambda=1;kappa=1;rho_inf=1,1.0.0,response_to_clock_rate_1,1.0,1.0,1.0,1.0
F1,0.008912509381337459,clock characteristic time,analytic,combined,1.974065182217064e-05,1.974065182217064e-05,,not_applicable_deterministic,lambda=1;kappa=1;rho_inf=1,1.0.0,response_to_clock_rate_1,1.0,1.0,1.0,1.0
F1,0.009261187281287938,clock characteristic time,analytic,combined,2.13105187780618e-05,2.13105187780618e-05,,not_applicable_deterministic,lambda=1;kappa=1;rho_inf=1,1.0.0,response_to_clock_rate_1,1.0,1.0,1.0,1.0
F1,0.009623506263980888,clock characteristic time,analytic,combined,2.3005020172795537e-05,2.3005020172795537e-05,,not_applicable_deterministic,lambda=1;kappa=1;rho_inf=1,1.0.0,response_to_clock_rate_1,1.0,1.0,1.0,1.0
F1,0.01,clock characteristic time,analytic,combined,2.4834025561444617e-05,2.4834025561444617e-05,,not_applicable_deterministic,lambda=1;kappa=1;rho_inf=1,1.0.0,response_to_clock_rate_1,1.0,1.0,1.0,1.0
F1,0.01039122303835169,clock characteristic time,analytic,combined,2.680818296038437e-05,2.680818296038437e-05,,not_applicable_deterministic,lambda=1;kappa=1;rho_inf=1,1.0.0,response_to_clock_rate_1,1.0,1.0,1.0,1.0
F1,0.010797751623277093,clock characteristic time,analytic,combined,2.8938979872579608e-05,2.8938979872579608e-05,,not_applicable_deterministic,lambda=1;kappa=1;rho_inf=1,1.0.0,response_to_clock_rate_1,1.0,1.0,1.0,1.0
F1,0.011220184543019636,clock characteristic time,analytic,combined,3.123880905103828e-05,3.123880905103828e-05,,not_applicable_deterministic,lambda=1;kappa=1;rho_inf=1,1.0.0,response_to_clock_rate_1,1.0,1.0,1.0,1.0
F1,0.011659144011798317,clock characteristic time,analytic,combined,3.372103936273328e-05,3.372103936273328e-05,,not_applicable_deterministic,lambda=1;kappa=1;rho_inf=1,1.0.0,response_to_clock_rate_1,1.0,1.0,1.0,1.0
F1,0.012115276586285882,clock characteristic time,analytic,combined,3.640009214234614e-05,3.640009214234614e-05,,not_applicable_deterministic,lambda=1;kappa=1;rho_inf=1,1.0.0,response_to_clock_rate_1,1.0,1.0,1.0,1.0
F1,0.012589254117941675,clock characteristic time,analytic,combined,3.92915234540914e-05,3.92915234540914e-05,,not_applicable_deterministic,lambda=1;kappa=1;rho_inf=1,1.0.0,response_to_clock_rate_1,1.0,1.0,1.0,1.0
F1,0.013081774742601943,clock characteristic time,analytic,combined,4.241211271097651e-05,4.241211271097651e-05,,not_applicable_deterministic,lambda=1;kappa=1;rho_inf=1,1.0.0,response_to_clock_rate_1,1.0,1.0,1.0,1.0
F1,0.013593563908785255,clock characteristic time,analytic,combined,4.577995813395527e-05,4.577995813395527e-05,,not_applicable_deterministic,lambda=1;kappa=1;rho_inf=1,1.0.0,response_to_clock_rate_1,1.0,1.0,1.0,1.0
F1,0.01412537544622754,clock characteristic time,analytic,combined,4.941457956906886e-05,4.941457956906886e-05,,not_applicable_deterministic,lambda=1;kappa=1;rho_inf=1,1.0.0,response_to_clock_rate_1,1.0,1.0,1.0,1.0
F1,0.014677992676220698,clock characteristic time,analytic,combined,5.333702921868605e-05,5.333702921868605e-05,,not_applicable_deterministic,lambda=1;kappa=1;rho_inf=1,1.0.0,response_to_clock_rate_1,1.0,1.0,1.0,1.0
F1,0.01525222956539019,clock characteristic time,analytic,combined,5.757001088356823e-05,5.757001088356823e-05,,not_applicable_deterministic,lambda=1;kappa=1;rho_inf=1,1.0.0,response_to_clock_rate_1,1.0,1.0,1.0,1.0
F1,0.015848931924611134,clock characteristic time,analytic,combined,6.21380083560341e-05,6.21380083560341e-05,,not_applicable_deterministic,lambda=1;kappa=1;rho_inf=1,1.0.0,response_to_clock_rate_1,1.0,1.0,1.0,1.0
F1,0.01646897865482868,clock characteristic time,analytic,combined,6.706742365097815e-05,6.706742365097815e-05,,not_applicable_deterministic,lambda=1;kappa=1;rho_inf=1,1.0.0,response_to_clock_rate_1,1.0,1.0,1.0,1.0
F1,0.01711328304161781,clock characteristic time,analytic,combined,7.238672581103307e-05,7.238672581103307e-05,,not_applicable_deterministic,lambda=1;kappa=1;rho_inf=1,1.0.0,response_to_clock_rate_1,1.0,1.0,1.0,1.0
F1,0.01778279410038923,clock characteristic time,analytic,combined,7.812661107525307e-05,7.812661107525307e-05,,not_applicable_deterministic,lambda=1;kappa=1;rho_inf=1,1.0.0,response_to_clock_rate_1,1.0,1.0,1.0,1.0
F1,0.018478497974222907,clock characteristic time,analytic,combined,8.432017525716599e-05,8.432017525716599e-05,,not_applicable_deterministic,lambda=1;kappa=1;rho_inf=1,1.0.0,response_to_clock_rate_1,1.0,1.0,1.0,1.0
F1,0.01920141938638801,clock characteristic time,analytic,combined,9.100309923833014e-05,9.100309923833014e-05,,not_applicable_deterministic,lambda=1;kappa=1;rho_inf=1,1.0.0,response_to_clock_rate_1,1.0,1.0,1.0,1.0
F1,0.0199526231496888,clock characteristic time,analytic,combined,9.821384854779615e-05,9.821384854779615e-05,,not_applicable_deterministic,lambda=1;kappa=1;rho_inf=1,1.0.0,response_to_clock_rate_1,1.0,1.0,1.0,1.0
F1,0.02073321573485955,clock characteristic time,analytic,combined,0.00010599388806626056,0.00010599388806626056,,not_applicable_deterministic,lambda=1;kappa=1;rho_inf=1,1.0.0,response_to_clock_rate_1,1.0,1.0,1.0,1.0
F1,0.021544346900318832,clock characteristic time,analytic,combined,0.00011438791296661831,0.00011438791296661831,,not_applicable_deterministic,lambda=1;kappa=1;rho_inf=1,1.0.0,response_to_clock_rate_1,1.0,1.0,1.0,1.0
F1,0.0223872113856834,clock characteristic time,analytic,combined,0.00012344409707999414,0.00012344409707999414,,not_applicable_deterministic,lambda=1;kappa=1;rho_inf=1,1.0.0,response_to_clock_rate_1,1.0,1.0,1.0,1.0
F1,0.02326305067153626,clock characteristic time,analytic,combined,0.00013321435995874954,0.00013321435995874954,,not_applicable_deterministic,lambda=1;kappa=1;rho_inf=1,1.0.0,response_to_clock_rate_1,1.0,1.0,1.0,1.0
F1,0.024173154808041036,clock characteristic time,analytic,combined,0.00014375465399539615,0.00014375465399539615,,not_applicable_deterministic,lambda=1;kappa=1;rho_inf=1,1.0.0,response_to_clock_rate_1,1.0,1.0,1.0,1.0
F1,0.025118864315095794,clock characteristic time,analytic,combined,0.00015512527304921002,0.00015512527304921002,,not_applicable_deterministic,lambda=1;kappa=1;rho_inf=1,1.0.0,response_to_clock_rate_1,1.0,1.0,1.0,1.0
F1,0.026101572156825372,clock characteristic time,analytic,combined,0.0001673911841306703,0.0001673911841306703,,not_applicable_deterministic,lambda=1;kappa=1;rho_inf=1,1.0.0,response_to_clock_rate_1,1.0,1.0,1.0,1.0
F1,0.02712272579332028,clock characteristic time,analytic,combined,0.00018062238379818252,0.00018062238379818252,,not_applicable_deterministic,lambda=1;kappa=1;rho_inf=1,1.0.0,response_to_clock_rate_1,1.0,1.0,1.0,1.0
F1,0.028183829312644536,clock characteristic time,analytic,combined,0.00019489428103186275,0.00019489428103186275,,not_applicable_deterministic,lambda=1;kappa=1;rho_inf=1,1.0.0,response_to_clock_rate_1,1.0,1.0,1.0,1.0
F1,0.02928644564625236,clock characteristic time,analytic,combined,0.0002102881084657776,0.0002102881084657776,,not_applicable_deterministic,lambda=1;kappa=1;rho_inf=1,1.0.0,response_to_clock_rate_1,1.0,1.0,1.0,1.0
F1,0.03043219887107722,clock characteristic time,analytic,combined,0.00022689136398316873,0.00022689136398316873,,not_applicable_deterministic,lambda=1;kappa=1;rho_inf=1,1.0.0,response_to_clock_rate_1,1.0,1.0,1.0,1.0
F1,0.03162277660168379,clock characteristic time,analytic,combined,0.0002447982848093055,0.0002447982848093055,,not_applicable_deterministic,lambda=1;kappa=1;rho_inf=1,1.0.0,response_to_clock_rate_1,1.0,1.0,1.0,1.0
F1,0.03285993247600654,clock characteristic time,analytic,combined,0.0002641103563731502,0.0002641103563731502,,not_applicable_deterministic,lambda=1;kappa=1;rho_inf=1,1.0.0,response_to_clock_rate_1,1.0,1.0,1.0,1.0
F1,0.034145488738336005,clock characteristic time,analytic,combined,0.00028493685835332403,0.00028493685835332403,,not_applicable_deterministic,lambda=1;kappa=1;rho_inf=1,1.0.0,response_to_clock_rate_1,1.0,1.0,1.0,1.0
F1,0.03548133892335755,clock characteristic time,analytic,combined,0.0003073954504748522,0.0003073954504748522,,not_applicable_deterministic,lambda=1;kappa=1;rho_inf=1,1.0.0,response_to_clock_rate_1,1.0,1.0,1.0,1.0
F1,0.03686945064519575,clock characteristic time,analytic,combined,0.0003316128007818817,0.0003316128007818817,,not_applicable_deterministic,lambda=1;kappa=1;rho_inf=1,1.0.0,response_to_clock_rate_1,1.0,1.0,1.0,1.0
F1,0.03831186849557287,clock characteristic time,analytic,combined,0.00035772525927752977,0.00035772525927752977,,not_applicable_deterministic,lambda=1;kappa=1;rho_inf=1,1.0.0,response_to_clock_rate_1,1.0,1.0,1.0,1.0
F1,0.039810717055349734,clock characteristic time,analytic,combined,0.00038587957999568933,0.00038587957999568933,,not_applicable_deterministic,lambda=1;kappa=1;rho_inf=1,1.0.0,response_to_clock_rate_1,1.0,1.0,1.0,1.0
F1,0.04136820402388507,clock characteristic time,analytic,combined,0.000416233694750339,0.000416233694750339,,not_applicable_deterministic,lambda=1;kappa=1;rho_inf=1,1.0.0,response_to_clock_rate_1,1.0,1.0,1.0,1.0
F1,0.042986623470822764,clock characteristic time,analytic,combined,0.0004489575419963902,0.0004489575419963902,,not_applicable_deterministic,lambda=1;kappa=1;rho_inf=1,1.0.0,response_to_clock_rate_1,1.0,1.0,1.0,1.0
F1,0.0446683592150963,clock characteristic time,analytic,combined,0.0004842339544315624,0.0004842339544315624,,not_applicable_deterministic,lambda=1;kappa=1;rho_inf=1,1.0.0,response_to_clock_rate_1,1.0,1.0,1.0,1.0
F1,0.046415888336127795,clock characteristic time,analytic,combined,0.0005222596091709058,0.0005222596091709058,,not_applicable_deterministic,lambda=1;kappa=1;rho_inf=1,1.0.0,response_to_clock_rate_1,1.0,1.0,1.0,1.0
F1,0.04823178482239307,clock characteristic time,analytic,combined,0.0005632460445348819,0.0005632460445348819,,not_applicable_deterministic,lambda=1;kappa=1;rho_inf=1,1.0.0,response_to_clock_rate_1,1.0,1.0,1.0,1.0
F1,0.05011872336272722,clock characteristic time,analytic,combined,0.0006074207477063408,0.0006074207477063408,,not_applicable_deterministic,lambda=1;kappa=1;rho_inf=1,1.0.0,response_to_clock_rate_1,1.0,1.0,1.0,1.0
F1,0.052079483285954624,clock characteristic time,analytic,combined,0.0006550283177326156,0.0006550283177326156,,not_applicable_deterministic,lambda=1;kappa=1;rho_inf=1,1.0.0,response_to_clock_rate_1,1.0,1.0,1.0,1.0
F1,0.054116952654646375,clock characteristic time,analytic,combined,0.0007063317085733839,0.0007063317085733839,,not_applicable_deterministic,lambda=1;kappa=1;rho_inf=1,1.0.0,response_to_clock_rate_1,1.0,1.0,1.0,1.0
F1,0.056234132519034905,clock characteristic time,analytic,combined,0.0007616135571238533,0.0007616135571238533,,not_applicable_deterministic,lambda=1;kappa=1;rho_inf=1,1.0.0,response_to_clock_rate_1,1.0,1.0,1.0,1.0
F1,0.05843414133735175,clock characteristic time,analytic,combined,0.0008211776013739893,0.0008211776013739893,,not_applicable_deterministic,lambda=1;kappa=1;rho_inf=1,1.0.0,response_to_clock_rate_1,1.0,1.0,1.0,1.0
F1,0.060720219569098836,clock characteristic time,analytic,combined,0.000885350194096281,0.000885350194096281,,not_applicable_deterministic,lambda=1;kappa=1;rho_inf=1,1.0.0,response_to_clock_rate_1,1.0,1.0,1.0,1.0
F1,0.06309573444801933,clock characteristic time,analytic,combined,0.0009544819176866132,0.0009544819176866132,,not_applicable_deterministic,lambda=1;kappa=1;rho_inf=1,1.0.0,response_to_clock_rate_1,1.0,1.0,1.0,1.0
F1,0.06556418494179789,clock characteristic time,analytic,combined,0.0010289493060117103,0.0010289493060117103,,not_applicable_deterministic,lambda=1;kappa=1;rho_inf=1,1.0.0,response_to_clock_rate_1,1.0,1.0,1.0,1.0
F1,0.06812920690579612,clock characteristic time,analytic,combined,0.0011091566793408943,0.0011091566793408943,,not_applicable_deterministic,lambda=1;kappa=1;rho_inf=1,1.0.0,response_to_clock_rate_1,1.0,1.0,1.0,1.0
F1,0.07079457843841377,clock characteristic time,analytic,combined,0.0011955380986570512,0.0011955380986570512,,not_applicable_deterministic,lambda=1;kappa=1;rho_inf=1,1.0.0,response_to_clock_rate_1,1.0,1.0,1.0,1.0
F1,0.07356422544596414,clock characteristic time,analytic,combined,0.0012885594458483226,0.0012885594458483226,,not_applicable_deterministic,lambda=1;kappa=1;rho_inf=1,1.0.0,response_to_clock_rate_1,1.0,1.0,1.0,1.0
F1,0.07644222742526002,clock characteristic time,analytic,combined,0.0013887206364745313,0.0013887206364745313,,not_applicable_deterministic,lambda=1;kappa=1;rho_inf=1,1.0.0,response_to_clock_rate_1,1.0,1.0,1.0,1.0
F1,0.07943282347242814,clock characteristic time,analytic,combined,0.001496557971977781,0.001496557971977781,,not_applicable_deterministic,lambda=1;kappa=1;rho_inf=1,1.0.0,response_to_clock_rate_1,1.0,1.0,1.0,1.0
F1,0.08254041852680186,clock characteristic time,analytic,combined,0.0016126466383590639,0.0016126466383590639,,not_applicable_deterministic,lambda=1;kappa=1;rho_inf=1,1.0.0,response_to_clock_rate_1,1.0,1.0,1.0,1.0
F1,0.08576958985908942,clock characteristic time,analytic,combined,0.0017376033584684686,0.0017376033584684686,,not_applicable_deterministic,lambda=1;kappa=1;rho_inf=1,1.0.0,response_to_clock_rate_1,1.0,1.0,1.0,1.0
F1,0.08912509381337455,clock characteristic time,analytic,combined,0.0018720892051494607,0.0018720892051494607,,not_applicable_deterministic,lambda=1;kappa=1;rho_inf=1,1.0.0,response_to_clock_rate_1,1.0,1.0,1.0,1.0
F1,0.09261187281287933,clock characteristic time,analytic,combined,0.002016812582530118,0.002016812582530118,,not_applicable_deterministic,lambda=1;kappa=1;rho_inf=1,1.0.0,response_to_clock_rate_1,1.0,1.0,1.0,1.0
F1,0.09623506263980887,clock characteristic time,analytic,combined,0.0021725323827625135,0.0021725323827625135,,not_applicable_deterministic,lambda=1;kappa=1;rho_inf=1,1.0.0,response_to_clock_rate_1,1.0,1.0,1.0,1.0
F1,0.1,clock characteristic time,analytic,combined,0.002340061325462697,0.002340061325462697,,not_applicable_deterministic,lambda=1;kappa=1;rho_inf=1,1.0.0,response_to_clock_rate_1,1.0,1.0,1.0,1.0
F1,0.10391223038351691,clock characteristic time,analytic,combined,0.0025202694869943952,0.0025202694869943952,,not_applicable_deterministic,lambda=1;kappa=1;rho_inf=1,1.0.0,response_to_clock_rate_1,1.0,1.0,1.0,1.0
F1,0.10797751623277094,clock characteristic time,analytic,combined,0.0027140880265554843,0.0027140880265554843,,not_applicable_deterministic,lambda=1;kappa=1;rho_inf=1,1.0.0,response_to_clock_rate_1,1.0,1.0,1.0,1.0
F1,0.1122018454301963,clock characteristic time,analytic,combined,0.002922513115760219,0.002922513115760219,,not_applicable_deterministic,lambda=1;kappa=1;rho_inf=1,1.0.0,response_to_clock_rate_1,1.0,1.0,1.0,1.0
F1,0.11659144011798311,clock characteristic time,analytic,combined,0.003146610078047852,0.003146610078047852,,not_applicable_deterministic,lambda=1;kappa=1;rho_inf=1,1.0.0,response_to_clock_rate_1,1.0,1.0,1.0,1.0
F1,0.12115276586285889,clock characteristic time,analytic,combined,0.0033875177437787,0.0033875177437787,,not_applicable_deterministic,lambda=1;kappa=1;rho_inf=1,1.0.0,response_to_clock_rate_1,1.0,1.0,1.0,1.0
F1,0.12589254117941676,clock characteristic time,analytic,combined,0.00364645302628646,0.00364645302628646,,not_applicable_deterministic,lambda=1;kappa=1;rho_inf=1,1.0.0,response_to_clock_rate_1,1.0,1.0,1.0,1.0
F1,0.13081774742601943,clock characteristic time,analytic,combined,0.003924715723426788,0.003924715723426788,,not_applicable_deterministic,lambda=1;kappa=1;rho_inf=1,1.0.0,response_to_clock_rate_1,1.0,1.0,1.0,1.0
F1,0.13593563908785256,clock characteristic time,analytic,combined,0.0042236935482793435,0.0042236935482793435,,not_applicable_deterministic,lambda=1;kappa=1;rho_inf=1,1.0.0,response_to_clock_rate_1,1.0,1.0,1.0,1.0
F1,0.1412537544622754,clock characteristic time,analytic,combined,0.004544867391606489,0.004544867391606489,,not_applicable_deterministic,lambda=1;kappa=1;rho_inf=1,1.0.0,response_to_clock_rate_1,1.0,1.0,1.0,1.0
F1,0.1467799267622069,clock characteristic time,analytic,combined,0.004889816817428581,0.004889816817428581,,not_applicable_deterministic,lambda=1;kappa=1;rho_inf=1,1.0.0,response_to_clock_rate_1,1.0,1.0,1.0,1.0
F1,0.15252229565390182,clock characteristic time,analytic,combined,0.005260225791620918,0.005260225791620918,,not_applicable_deterministic,lambda=1;kappa=1;rho_inf=1,1.0.0,response_to_clock_rate_1,1.0,1.0,1.0,1.0
F1,0.1584893192461114,clock characteristic time,analytic,combined,0.005657888641752566,0.005657888641752566,,not_applicable_deterministic,lambda=1;kappa=1;rho_inf=1,1.0.0,response_to_clock_rate_1,1.0,1.0,1.0,1.0
F1,0.1646897865482869,clock characteristic time,analytic,combined,0.006084716244447498,0.006084716244447498,,not_applicable_deterministic,lambda=1;kappa=1;rho_inf=1,1.0.0,response_to_clock_rate_1,1.0,1.0,1.0,1.0
F1,0.1711328304161781,clock characteristic time,analytic,combined,0.006542742434332181,0.006542742434332181,,not_applicable_deterministic,lambda=1;kappa=1;rho_inf=1,1.0.0,response_to_clock_rate_1,1.0,1.0,1.0,1.0
F1,0.1778279410038923,clock characteristic time,analytic,combined,0.0070341306261144185,0.0070341306261144185,,not_applicable_deterministic,lambda=1;kappa=1;rho_inf=1,1.0.0,response_to_clock_rate_1,1.0,1.0,1.0,1.0
F1,0.18478497974222907,clock characteristic time,analytic,combined,0.007561180638494075,0.007561180638494075,,not_applicable_deterministic,lambda=1;kappa=1;rho_inf=1,1.0.0,response_to_clock_rate_1,1.0,1.0,1.0,1.0
F1,0.1920141938638801,clock characteristic time,analytic,combined,0.008126335705407847,0.008126335705407847,,not_applicable_deterministic,lambda=1;kappa=1;rho_inf=1,1.0.0,response_to_clock_rate_1,1.0,1.0,1.0,1.0
F1,0.19952623149688786,clock characteristic time,analytic,combined,0.00873218965653489,0.00873218965653489,,not_applicable_deterministic,lambda=1;kappa=1;rho_inf=1,1.0.0,response_to_clock_rate_1,1.0,1.0,1.0,1.0
F1,0.2073321573485954,clock characteristic time,analytic,combined,0.00938149424501155,0.00938149424501155,,not_applicable_deterministic,lambda=1;kappa=1;rho_inf=1,1.0.0,response_to_clock_rate_1,1.0,1.0,1.0,1.0
F1,0.21544346900318845,clock characteristic time,analytic,combined,0.010077166595894744,0.010077166595894744,,not_applicable_deterministic,lambda=1;kappa=1;rho_inf=1,1.0.0,response_to_clock_rate_1,1.0,1.0,1.0,1.0
F1,0.223872113856834,clock characteristic time,analytic,combined,0.01082229674405492,0.01082229674405492,,not_applicable_deterministic,lambda=1;kappa=1;rho_inf=1,1.0.0,response_to_clock_rate_1,1.0,1.0,1.0,1.0
F1,0.23263050671536262,clock characteristic time,analytic,combined,0.011620155224845935,0.011620155224845935,,not_applicable_deterministic,lambda=1;kappa=1;rho_inf=1,1.0.0,response_to_clock_rate_1,1.0,1.0,1.0,1.0
F1,0.24173154808041036,clock characteristic time,analytic,combined,0.012474200675071512,0.012474200675071512,,not_applicable_deterministic,lambda=1;kappa=1;rho_inf=1,1.0.0,response_to_clock_rate_1,1.0,1.0,1.0,1.0
F1,0.25118864315095796,clock characteristic time,analytic,combined,0.013388087395433287,0.013388087395433287,,not_applicable_deterministic,lambda=1;kappa=1;rho_inf=1,1.0.0,response_to_clock_rate_1,1.0,1.0,1.0,1.0
F1,0.2610157215682536,clock characteristic time,analytic,combined,0.014365672818788073,0.014365672818788073,,not_applicable_deterministic,lambda=1;kappa=1;rho_inf=1,1.0.0,response_to_clock_rate_1,1.0,1.0,1.0,1.0
F1,0.2712272579332027,clock characteristic time,analytic,combined,0.015411024821159408,0.015411024821159408,,not_applicable_deterministic,lambda=1;kappa=1;rho_inf=1,1.0.0,response_to_clock_rate_1,1.0,1.0,1.0,1.0
F1,0.2818382931264455,clock characteristic time,analytic,combined,0.01652842880454008,0.01652842880454008,,not_applicable_deterministic,lambda=1;kappa=1;rho_inf=1,1.0.0,response_to_clock_rate_1,1.0,1.0,1.0,1.0
F1,0.29286445646252374,clock characteristic time,analytic,combined,0.01772239447209572,0.01772239447209572,,not_applicable_deterministic,lambda=1;kappa=1;rho_inf=1,1.0.0,response_to_clock_rate_1,1.0,1.0,1.0,1.0
F1,0.3043219887107722,clock characteristic time,analytic,combined,0.018997662207458414,0.018997662207458414,,not_applicable_deterministic,lambda=1;kappa=1;rho_inf=1,1.0.0,response_to_clock_rate_1,1.0,1.0,1.0,1.0
F1,0.31622776601683794,clock characteristic time,analytic,combined,0.020359208960407753,0.020359208960407753,,not_applicable_deterministic,lambda=1;kappa=1;rho_inf=1,1.0.0,response_to_clock_rate_1,1.0,1.0,1.0,1.0
F1,0.3285993247600654,clock characteristic time,analytic,combined,0.021812253531421185,0.021812253531421185,,not_applicable_deterministic,lambda=1;kappa=1;rho_inf=1,1.0.0,response_to_clock_rate_1,1.0,1.0,1.0,1.0
F1,0.34145488738336005,clock characteristic time,analytic,combined,0.023362261137400003,0.023362261137400003,,not_applicable_deterministic,lambda=1;kappa=1;rho_inf=1,1.0.0,response_to_clock_rate_1,1.0,1.0,1.0,1.0
F1,0.3548133892335753,clock characteristic time,analytic,combined,0.0250149471304061,0.0250149471304061,,not_applicable_deterministic,lambda=1;kappa=1;rho_inf=1,1.0.0,response_to_clock_rate_1,1.0,1.0,1.0,1.0
F1,0.36869450645195734,clock characteristic time,analytic,combined,0.026776279730588704,0.026776279730588704,,not_applicable_deterministic,lambda=1;kappa=1;rho_inf=1,1.0.0,response_to_clock_rate_1,1.0,1.0,1.0,1.0
F1,0.38311868495572887,clock characteristic time,analytic,combined,0.028652481623745597,0.028652481623745597,,not_applicable_deterministic,lambda=1;kappa=1;rho_inf=1,1.0.0,response_to_clock_rate_1,1.0,1.0,1.0,1.0
F1,0.3981071705534973,clock characteristic time,analytic,combined,0.03065003026329989,0.03065003026329989,,not_applicable_deterministic,lambda=1;kappa=1;rho_inf=1,1.0.0,response_to_clock_rate_1,1.0,1.0,1.0,1.0
F1,0.4136820402388507,clock characteristic time,analytic,combined,0.03277565670604748,0.03277565670604748,,not_applicable_deterministic,lambda=1;kappa=1;rho_inf=1,1.0.0,response_to_clock_rate_1,1.0,1.0,1.0,1.0
F1,0.42986623470822766,clock characteristic time,analytic,combined,0.03503634280103894,0.03503634280103894,,not_applicable_deterministic,lambda=1;kappa=1;rho_inf=1,1.0.0,response_to_clock_rate_1,1.0,1.0,1.0,1.0
F1,0.44668359215096304,clock characteristic time,analytic,combined,0.03743931654163373,0.03743931654163373,,not_applicable_deterministic,lambda=1;kappa=1;rho_inf=1,1.0.0,response_to_clock_rate_1,1.0,1.0,1.0,1.0
F1,0.46415888336127775,clock characteristic time,analytic,combined,0.03999204538236303,0.03999204538236303,,not_applicable_deterministic,lambda=1;kappa=1;rho_inf=1,1.0.0,response_to_clock_rate_1,1.0,1.0,1.0,1.0
F1,0.4823178482239304,clock characteristic time,analytic,combined,0.04270222731505544,0.04270222731505544,,not_applicable_deterministic,lambda=1;kappa=1;rho_inf=1,1.0.0,response_to_clock_rate_1,1.0,1.0,1.0,1.0
F1,0.5011872336272725,clock characteristic time,analytic,combined,0.04557777949304713,0.04557777949304713,,not_applicable_deterministic,lambda=1;kappa=1;rho_inf=1,1.0.0,response_to_clock_rate_1,1.0,1.0,1.0,1.0
F1,0.5207948328595465,clock characteristic time,analytic,combined,0.04862682418857638,0.04862682418857638,,not_applicable_deterministic,lambda=1;kappa=1;rho_inf=1,1.0.0,response_to_clock_rate_1,1.0,1.0,1.0,1.0
F1,0.5411695265464638,clock characteristic time,analytic,combined,0.051857671867052306,0.051857671867052306,,not_applicable_deterministic,lambda=1;kappa=1;rho_inf=1,1.0.0,response_to_clock_rate_1,1.0,1.0,1.0,1.0
F1,0.5623413251903491,clock characteristic time,analytic,combined,0.055278801163212245,0.055278801163212245,,not_applicable_deterministic,lambda=1;kappa=1;rho_inf=1,1.0.0,response_to_clock_rate_1,1.0,1.0,1.0,1.0
F1,0.5843414133735175,clock characteristic time,analytic,combined,0.05889883554870713,0.05889883554870713,,not_applicable_deterministic,lambda=1;kappa=1;rho_inf=1,1.0.0,response_to_clock_rate_1,1.0,1.0,1.0,1.0
F1,0.6072021956909883,clock characteristic time,analytic,combined,0.06272651648885298,0.06272651648885298,,not_applicable_deterministic,lambda=1;kappa=1;rho_inf=1,1.0.0,response_to_clock_rate_1,1.0,1.0,1.0,1.0
F1,0.630957344480193,clock characteristic time,analytic,combined,0.06677067289866498,0.06677067289866498,,not_applicable_deterministic,lambda=1;kappa=1;rho_inf=1,1.0.0,response_to_clock_rate_1,1.0,1.0,1.0,1.0
F1,0.6556418494179785,clock characteristic time,analytic,combined,0.0710401867253518,0.0710401867253518,,not_applicable_deterministic,lambda=1;kappa=1;rho_inf=1,1.0.0,response_to_clock_rate_1,1.0,1.0,1.0,1.0
F1,0.6812920690579615,clock characteristic time,analytic,combined,0.07554395450670591,0.07554395450670591,,not_applicable_deterministic,lambda=1;kappa=1;rho_inf=1,1.0.0,response_to_clock_rate_1,1.0,1.0,1.0,1.0
F1,0.707945784384138,clock characteristic time,analytic,combined,0.08029084478276646,0.08029084478276646,,not_applicable_deterministic,lambda=1;kappa=1;rho_inf=1,1.0.0,response_to_clock_rate_1,1.0,1.0,1.0,1.0
F1,0.7356422544596414,clock characteristic time,analytic,combined,0.08528965127223073,0.08528965127223073,,not_applicable_deterministic,lambda=1;kappa=1;rho_inf=1,1.0.0,response_to_clock_rate_1,1.0,1.0,1.0,1.0
F1,0.7644222742526002,clock characteristic time,analytic,combined,0.09054904176575222,0.09054904176575222,,not_applicable_deterministic,lambda=1;kappa=1;rho_inf=1,1.0.0,response_to_clock_rate_1,1.0,1.0,1.0,1.0
F1,0.7943282347242814,clock characteristic time,analytic,combined,0.09607750273586216,0.09607750273586216,,not_applicable_deterministic,lambda=1;kappa=1;rho_inf=1,1.0.0,response_to_clock_rate_1,1.0,1.0,1.0,1.0
F1,0.8254041852680182,clock characteristic time,analytic,combined,0.10188327971801783,0.10188327971801783,,not_applicable_deterministic,lambda=1;kappa=1;rho_inf=1,1.0.0,response_to_clock_rate_1,1.0,1.0,1.0,1.0
F1,0.8576958985908937,clock characteristic time,analytic,combined,0.10797431357939768,0.10797431357939768,,not_applicable_deterministic,lambda=1;kappa=1;rho_inf=1,1.0.0,response_to_clock_rate_1,1.0,1.0,1.0,1.0
F1,0.8912509381337459,clock characteristic time,analytic,combined,0.11435817286150234,0.11435817286150234,,not_applicable_deterministic,lambda=1;kappa=1;rho_inf=1,1.0.0,response_to_clock_rate_1,1.0,1.0,1.0,1.0
F1,0.9261187281287937,clock characteristic time,analytic,combined,0.12104198245923976,0.12104198245923976,,not_applicable_deterministic,lambda=1;kappa=1;rho_inf=1,1.0.0,response_to_clock_rate_1,1.0,1.0,1.0,1.0
F1,0.9623506263980888,clock characteristic time,analytic,combined,0.1280323489825962,0.1280323489825962,,not_applicable_deterministic,lambda=1;kappa=1;rho_inf=1,1.0.0,response_to_clock_rate_1,1.0,1.0,1.0,1.0
F1,1.0,clock characteristic time,analytic,combined,0.1353352832366127,0.1353352832366127,,not_applicable_deterministic,lambda=1;kappa=1;rho_inf=1,1.0.0,response_to_clock_rate_1,1.0,1.0,1.0,1.0
F1,1.0391223038351691,clock characteristic time,analytic,combined,0.1429561203503769,0.1429561203503769,,not_applicable_deterministic,lambda=1;kappa=1;rho_inf=1,1.0.0,response_to_clock_rate_1,1.0,1.0,1.0,1.0
F1,1.0797751623277094,clock characteristic time,analytic,combined,0.15089943818491527,0.15089943818491527,,not_applicable_deterministic,lambda=1;kappa=1;rho_inf=1,1.0.0,response_to_clock_rate_1,1.0,1.0,1.0,1.0
F1,1.122018454301963,clock characteristic time,analytic,combined,0.15916897475182648,0.15916897475182648,,not_applicable_deterministic,lambda=1;kappa=1;rho_inf=1,1.0.0,response_to_clock_rate_1,1.0,1.0,1.0,1.0
F1,1.165914401179831,clock characteristic time,analytic,combined,0.16776754547742573,0.16776754547742573,,not_applicable_deterministic,lambda=1;kappa=1;rho_inf=1,1.0.0,response_to_clock_rate_1,1.0,1.0,1.0,1.0
F1,1.2115276586285888,clock characteristic time,analytic,combined,0.17669696124898934,0.17669696124898934,,not_applicable_deterministic,lambda=1;kappa=1;rho_inf=1,1.0.0,response_to_clock_rate_1,1.0,1.0,1.0,1.0
F1,1.2589254117941675,clock characteristic time,analytic,combined,0.18595794827795173,0.18595794827795173,,not_applicable_deterministic,lambda=1;kappa=1;rho_inf=1,1.0.0,response_to_clock_rate_1,1.0,1.0,1.0,1.0
F1,1.3081774742601942,clock characteristic time,analytic,combined,0.19555007090686108,0.19555007090686108,,not_applicable_deterministic,lambda=1;kappa=1;rho_inf=1,1.0.0,response_to_clock_rate_1,1.0,1.0,1.0,1.0
F1,1.3593563908785256,clock characteristic time,analytic,combined,0.20547165856949834,0.20547165856949834,,not_applicable_deterministic,lambda=1;kappa=1;rho_inf=1,1.0.0,response_to_clock_rate_1,1.0,1.0,1.0,1.0
F1,1.412537544622754,clock characteristic time,analytic,combined,0.21571973818352203,0.21571973818352203,,not_applicable_deterministic,lambda=1;kappa=1;rho_inf=1,1.0.0,response_to_clock_rate_1,1.0,1.0,1.0,1.0
F1,1.467799267622069,clock characteristic time,analytic,combined,0.22628997330882047,0.22628997330882047,,not_applicable_deterministic,lambda=1;kappa=1;rho_inf=1,1.0.0,response_to_clock_rate_1,1.0,1.0,1.0,1.0
F1,1.5252229565390183,clock characteristic time,analytic,combined,0.23717661143887606,0.23717661143887606,,not_applicable_deterministic,lambda=1;kappa=1;rho_inf=1,1.0.0,response_to_clock_rate_1,1.0,1.0,1.0,1.0
F1,1.584893192461114,clock characteristic time,analytic,combined,0.2483724408032564,0.2483724408032564,,not_applicable_deterministic,lambda=1;kappa=1;rho_inf=1,1.0.0,response_to_clock_rate_1,1.0,1.0,1.0,1.0
F1,1.6468978654828688,clock characteristic time,analytic,combined,0.259868758043383,0.259868758043383,,not_applicable_deterministic,lambda=1;kappa=1;rho_inf=1,1.0.0,response_to_clock_rate_1,1.0,1.0,1.0,1.0
F1,1.711328304161781,clock characteristic time,analytic,combined,0.27165534807777725,0.27165534807777725,,not_applicable_deterministic,lambda=1;kappa=1;rho_inf=1,1.0.0,response_to_clock_rate_1,1.0,1.0,1.0,1.0
F1,1.7782794100389228,clock characteristic time,analytic,combined,0.2837204773941916,0.2837204773941916,,not_applicable_deterministic,lambda=1;kappa=1;rho_inf=1,1.0.0,response_to_clock_rate_1,1.0,1.0,1.0,1.0
F1,1.8478497974222907,clock characteristic time,analytic,combined,0.2960509018922191,0.2960509018922191,,not_applicable_deterministic,lambda=1;kappa=1;rho_inf=1,1.0.0,response_to_clock_rate_1,1.0,1.0,1.0,1.0
F1,1.920141938638801,clock characteristic time,analytic,combined,0.3086318902495778,0.3086318902495778,,not_applicable_deterministic,lambda=1;kappa=1;rho_inf=1,1.0.0,response_to_clock_rate_1,1.0,1.0,1.0,1.0
F1,1.9952623149688788,clock characteristic time,analytic,combined,0.3214472635977604,0.3214472635977604,,not_applicable_deterministic,lambda=1;kappa=1;rho_inf=1,1.0.0,response_to_clock_rate_1,1.0,1.0,1.0,1.0
F1,2.073321573485954,clock characteristic time,analytic,combined,0.33447945206861207,0.33447945206861207,,not_applicable_deterministic,lambda=1;kappa=1;rho_inf=1,1.0.0,response_to_clock_rate_1,1.0,1.0,1.0,1.0
F1,2.1544346900318843,clock characteristic time,analytic,combined,0.34770956851440177,0.34770956851440177,,not_applicable_deterministic,lambda=1;kappa=1;rho_inf=1,1.0.0,response_to_clock_rate_1,1.0,1.0,1.0,1.0
F1,2.23872113856834,clock characteristic time,analytic,combined,0.36111749941317534,0.36111749941317534,,not_applicable_deterministic,lambda=1;kappa=1;rho_inf=1,1.0.0,response_to_clock_rate_1,1.0,1.0,1.0,1.0
F1,2.3263050671536263,clock characteristic time,analytic,combined,0.37468201265318657,0.37468201265318657,,not_applicable_deterministic,lambda=1;kappa=1;rho_inf=1,1.0.0,response_to_clock_rate_1,1.0,1.0,1.0,1.0
F1,2.4173154808041035,clock characteristic time,analytic,combined,0.3883808815509413,0.3883808815509413,,not_applicable_deterministic,lambda=1;kappa=1;rho_inf=1,1.0.0,response_to_clock_rate_1,1.0,1.0,1.0,1.0
F1,2.5118864315095797,clock characteristic time,analytic,combined,0.4021910241043732,0.4021910241043732,,not_applicable_deterministic,lambda=1;kappa=1;rho_inf=1,1.0.0,response_to_clock_rate_1,1.0,1.0,1.0,1.0
F1,2.610157215682536,clock characteristic time,analytic,combined,0.41608865612461543,0.41608865612461543,,not_applicable_deterministic,lambda=1;kappa=1;rho_inf=1,1.0.0,response_to_clock_rate_1,1.0,1.0,1.0,1.0
F1,2.712272579332027,clock characteristic time,analytic,combined,0.43004945653673,0.43004945653673,,not_applicable_deterministic,lambda=1;kappa=1;rho_inf=1,1.0.0,response_to_clock_rate_1,1.0,1.0,1.0,1.0
F1,2.818382931264452,clock characteristic time,analytic,combined,0.4440487428024616,0.4440487428024616,,not_applicable_deterministic,lambda=1;kappa=1;rho_inf=1,1.0.0,response_to_clock_rate_1,1.0,1.0,1.0,1.0
F1,2.9286445646252375,clock characteristic time,analytic,combined,0.4580616541080408,0.4580616541080408,,not_applicable_deterministic,lambda=1;kappa=1;rho_inf=1,1.0.0,response_to_clock_rate_1,1.0,1.0,1.0,1.0
F1,3.043219887107722,clock characteristic time,analytic,combined,0.4720633396889184,0.4720633396889184,,not_applicable_deterministic,lambda=1;kappa=1;rho_inf=1,1.0.0,response_to_clock_rate_1,1.0,1.0,1.0,1.0
F1,3.1622776601683795,clock characteristic time,analytic,combined,0.48602914944243847,0.48602914944243847,,not_applicable_deterministic,lambda=1;kappa=1;rho_inf=1,1.0.0,response_to_clock_rate_1,1.0,1.0,1.0,1.0
F1,3.285993247600654,clock characteristic time,analytic,combined,0.4999348238193755,0.4999348238193755,,not_applicable_deterministic,lambda=1;kappa=1;rho_inf=1,1.0.0,response_to_clock_rate_1,1.0,1.0,1.0,1.0
F1,3.4145488738336005,clock characteristic time,analytic,combined,0.5137566798953008,0.5137566798953008,,not_applicable_deterministic,lambda=1;kappa=1;rho_inf=1,1.0.0,response_to_clock_rate_1,1.0,1.0,1.0,1.0
F1,3.5481338923357533,clock characteristic time,analytic,combined,0.527471790510223,0.527471790510223,,not_applicable_deterministic,lambda=1;kappa=1;rho_inf=1,1.0.0,response_to_clock_rate_1,1.0,1.0,1.0,1.0
F1,3.6869450645195734,clock characteristic time,analytic,combined,0.5410581534349829,0.5410581534349829,,not_applicable_deterministic,lambda=1;kappa=1;rho_inf=1,1.0.0,response_to_clock_rate_1,1.0,1.0,1.0,1.0
F1,3.831186849557289,clock characteristic time,analytic,combined,0.5544948476777298,0.5544948476777298,,not_applicable_deterministic,lambda=1;kappa=1;rho_inf=1,1.0.0,response_to_clock_rate_1,1.0,1.0,1.0,1.0
F1,3.981071705534973,clock characteristic time,analytic,combined,0.5677621742826188,0.5677621742826188,,not_applicable_deterministic,lambda=1;kappa=1;rho_inf=1,1.0.0,response_to_clock_rate_1,1.0,1.0,1.0,1.0
F1,4.136820402388507,clock characteristic time,analytic,combined,0.5808417792915136,0.5808417792915136,,not_applicable_deterministic,lambda=1;kappa=1;rho_inf=1,1.0.0,response_to_clock_rate_1,1.0,1.0,1.0,1.0
F1,4.298662347082277,clock characteristic time,analytic,combined,0.5937167569303806,0.5937167569303806,,not_applicable_deterministic,lambda=1;kappa=1;rho_inf=1,1.0.0,response_to_clock_rate_1,1.0,1.0,1.0,1.0
F1,4.46683592150963,clock characteristic time,analytic,combined,0.6063717315344317,0.6063717315344317,,not_applicable_deterministic,lambda=1;kappa=1;rho_inf=1,1.0.0,response_to_clock_rate_1,1.0,1.0,1.0,1.0
F1,4.6415888336127775,clock characteristic time,analytic,combined,0.6187929172261155,0.6187929172261155,,not_applicable_deterministic,lambda=1;kappa=1;rho_inf=1,1.0.0,response_to_clock_rate_1,1.0,1.0,1.0,1.0
F1,4.823178482239304,clock characteristic time,analytic,combined,0.6309681548914556,0.6309681548914556,,not_applicable_deterministic,lambda=1;kappa=1;rho_inf=1,1.0.0,response_to_clock_rate_1,1.0,1.0,1.0,1.0
F1,5.011872336272719,clock characteristic time,analytic,combined,0.6428869265448648,0.6428869265448648,,not_applicable_deterministic,lambda=1;kappa=1;rho_inf=1,1.0.0,response_to_clock_rate_1,1.0,1.0,1.0,1.0
F1,5.207948328595465,clock characteristic time,analytic,combined,0.6545403477111156,0.6545403477111156,,not_applicable_deterministic,lambda=1;kappa=1;rho_inf=1,1.0.0,response_to_clock_rate_1,1.0,1.0,1.0,1.0
F1,5.411695265464638,clock characteristic time,analytic,combined,0.6659211389662035,0.6659211389662035,,not_applicable_deterministic,lambda=1;kappa=1;rho_inf=1,1.0.0,response_to_clock_rate_1,1.0,1.0,1.0,1.0
F1,5.62341325190349,clock characteristic time,analytic,combined,0.6770235782476501,0.6770235782476501,,not_applicable_deterministic,lambda=1;kappa=1;rho_inf=1,1.0.0,response_to_clock_rate_1,1.0,1.0,1.0,1.0
F1,5.843414133735175,clock characteristic time,analytic,combined,0.6878434359522931,0.6878434359522931,,not_applicable_deterministic,lambda=1;kappa=1;rho_inf=1,1.0.0,response_to_clock_rate_1,1.0,1.0,1.0,1.0
F1,6.072021956909884,clock characteristic time,analytic,combined,0.6983778951713709,0.6983778951713709,,not_applicable_deterministic,lambda=1;kappa=1;rho_inf=1,1.0.0,response_to_clock_rate_1,1.0,1.0,1.0,1.0
F1,6.30957344480193,clock characteristic time,analytic,combined,0.7086254596575551,0.7086254596575551,,not_applicable_deterministic,lambda=1;kappa=1;rho_inf=1,1.0.0,response_to_clock_rate_1,1.0,1.0,1.0,1.0
F1,6.556418494179785,clock characteristic time,analytic,combined,0.7185858522693834,0.7185858522693834,,not_applicable_deterministic,lambda=1;kappa=1;rho_inf=1,1.0.0,response_to_clock_rate_1,1.0,1.0,1.0,1.0
F1,6.812920690579615,clock characteristic time,analytic,combined,0.7282599066925081,0.7282599066925081,,not_applicable_deterministic,lambda=1;kappa=1;rho_inf=1,1.0.0,response_to_clock_rate_1,1.0,1.0,1.0,1.0
F1,7.07945784384138,clock characteristic time,analytic,combined,0.737649455195979,0.737649455195979,,not_applicable_deterministic,lambda=1;kappa=1;rho_inf=1,1.0.0,response_to_clock_rate_1,1.0,1.0,1.0,1.0
F1,7.3564225445964135,clock characteristic time,analytic,combined,0.7467572150515811,0.7467572150515811,,not_applicable_deterministic,lambda=1;kappa=1;rho_inf=1,1.0.0,response_to_clock_rate_1,1.0,1.0,1.0,1.0
F1,7.644222742526002,clock characteristic time,analytic,combined,0.75558667603511,0.75558667603511,,not_applicable_deterministic,lambda=1;kappa=1;rho_inf=1,1.0.0,response_to_clock_rate_1,1.0,1.0,1.0,1.0
F1,7.943282347242813,clock characteristic time,analytic,combined,0.7641419911539459,0.7641419911539459,,not_applicable_deterministic,lambda=1;kappa=1;rho_inf=1,1.0.0,response_to_clock_rate_1,1.0,1.0,1.0,1.0
F1,8.254041852680182,clock characteristic time,analytic,combined,0.7724278724213576,0.7724278724213576,,not_applicable_deterministic,lambda=1;kappa=1;rho_inf=1,1.0.0,response_to_clock_rate_1,1.0,1.0,1.0,1.0
F1,8.576958985908938,clock characteristic time,analytic,combined,0.7804494931422548,0.7804494931422548,,not_applicable_deterministic,lambda=1;kappa=1;rho_inf=1,1.0.0,response_to_clock_rate_1,1.0,1.0,1.0,1.0
F1,8.91250938133745,clock characteristic time,analytic,combined,0.7882123978056341,0.7882123978056341,,not_applicable_deterministic,lambda=1;kappa=1;rho_inf=1,1.0.0,response_to_clock_rate_1,1.0,1.0,1.0,1.0
F1,9.261187281287937,clock characteristic time,analytic,combined,0.7957224203131856,0.7957224203131856,,not_applicable_deterministic,lambda=1;kappa=1;rho_inf=1,1.0.0,response_to_clock_rate_1,1.0,1.0,1.0,1.0
F1,9.623506263980888,clock characteristic time,analytic,combined,0.8029856109272531,0.8029856109272531,,not_applicable_deterministic,lambda=1;kappa=1;rho_inf=1,1.0.0,response_to_clock_rate_1,1.0,1.0,1.0,1.0
F1,10.0,clock characteristic time,analytic,combined,0.8100081720079688,0.8100081720079688,,not_applicable_deterministic,lambda=1;kappa=1;rho_inf=1,1.0.0,response_to_clock_rate_1,1.0,1.0,1.0,1.0
F1,10.39122303835169,clock characteristic time,analytic,combined,0.8167964023391319,0.8167964023391319,,not_applicable_deterministic,lambda=1;kappa=1;rho_inf=1,1.0.0,response_to_clock_rate_1,1.0,1.0,1.0,1.0
F1,10.797751623277094,clock characteristic time,analytic,combined,0.8233566496220823,0.8233566496220823,,not_applicable_deterministic,lambda=1;kappa=1;rho_inf=1,1.0.0,response_to_clock_rate_1,1.0,1.0,1.0,1.0
F1,11.220184543019629,clock characteristic time,analytic,combined,0.8296952705496159,0.8296952705496159,,not_applicable_deterministic,lambda=1;kappa=1;rho_inf=1,1.0.0,response_to_clock_rate_1,1.0,1.0,1.0,1.0
F1,11.659144011798311,clock characteristic time,analytic,combined,0.8358185977576696,0.8358185977576696,,not_applicable_deterministic,lambda=1;kappa=1;rho_inf=1,1.0.0,response_to_clock_rate_1,1.0,1.0,1.0,1.0
F1,12.115276586285876,clock characteristic time,analytic,combined,0.8417329128878571,0.8417329128878571,,not_applicable_deterministic,lambda=1;kappa=1;rho_inf=1,1.0.0,response_to_clock_rate_1,1.0,1.0,1.0,1.0
F1,12.589254117941662,clock characteristic time,analytic,combined,0.8474444249733024,0.8474444249733024,,not_applicable_deterministic,lambda=1;kappa=1;rho_inf=1,1.0.0,response_to_clock_rate_1,1.0,1.0,1.0,1.0
F1,13.081774742601928,clock characteristic time,analytic,combined,0.8529592533763249,0.8529592533763249,,not_applicable_deterministic,lambda=1;kappa=1;rho_inf=1,1.0.0,response_to_clock_rate_1,1.0,1.0,1.0,1.0
F1,13.593563908785242,clock characteristic time,analytic,combined,0.8582834145510624,0.8582834145510624,,not_applicable_deterministic,lambda=1;kappa=1;rho_inf=1,1.0.0,response_to_clock_rate_1,1.0,1.0,1.0,1.0
F1,14.125375446227554,clock characteristic time,analytic,combined,0.8634228119687377,0.8634228119687377,,not_applicable_deterministic,lambda=1;kappa=1;rho_inf=1,1.0.0,response_to_clock_rate_1,1.0,1.0,1.0,1.0
F1,14.677992676220706,clock characteristic time,analytic,combined,0.8683832286199251,0.8683832286199251,,not_applicable_deterministic,lambda=1;kappa=1;rho_inf=1,1.0.0,response_to_clock_rate_1,1.0,1.0,1.0,1.0
F1,15.252229565390198,clock characteristic time,analytic,combined,0.8731703215898997,0.8731703215898997,,not_applicable_deterministic,lambda=1;kappa=1;rho_inf=1,1.0.0,response_to_clock_rate_1,1.0,1.0,1.0,1.0
F1,15.848931924611142,clock characteristic time,analytic,combined,0.8777896182841713,0.8777896182841713,,not_applicable_deterministic,lambda=1;kappa=1;rho_inf=1,1.0.0,response_to_clock_rate_1,1.0,1.0,1.0,1.0
F1,16.46897865482869,clock characteristic time,analytic,combined,0.8822465139573613,0.8822465139573613,,not_applicable_deterministic,lambda=1;kappa=1;rho_inf=1,1.0.0,response_to_clock_rate_1,1.0,1.0,1.0,1.0
F1,17.11328304161781,clock characteristic time,analytic,combined,0.8865462702667745,0.8865462702667745,,not_applicable_deterministic,lambda=1;kappa=1;rho_inf=1,1.0.0,response_to_clock_rate_1,1.0,1.0,1.0,1.0
F1,17.78279410038923,clock characteristic time,analytic,combined,0.890694014630844,0.890694014630844,,not_applicable_deterministic,lambda=1;kappa=1;rho_inf=1,1.0.0,response_to_clock_rate_1,1.0,1.0,1.0,1.0
F1,18.478497974222908,clock characteristic time,analytic,combined,0.8946947402215859,0.8946947402215859,,not_applicable_deterministic,lambda=1;kappa=1;rho_inf=1,1.0.0,response_to_clock_rate_1,1.0,1.0,1.0,1.0
F1,19.20141938638801,clock characteristic time,analytic,combined,0.8985533064596931,0.8985533064596931,,not_applicable_deterministic,lambda=1;kappa=1;rho_inf=1,1.0.0,response_to_clock_rate_1,1.0,1.0,1.0,1.0
F1,19.952623149688787,clock characteristic time,analytic,combined,0.9022744399118267,0.9022744399118267,,not_applicable_deterministic,lambda=1;kappa=1;rho_inf=1,1.0.0,response_to_clock_rate_1,1.0,1.0,1.0,1.0
F1,20.73321573485954,clock characteristic time,analytic,combined,0.9058627355132693,0.9058627355132693,,not_applicable_deterministic,lambda=1;kappa=1;rho_inf=1,1.0.0,response_to_clock_rate_1,1.0,1.0,1.0,1.0
F1,21.54434690031882,clock characteristic time,analytic,combined,0.9093226580567224,0.9093226580567224,,not_applicable_deterministic,lambda=1;kappa=1;rho_inf=1,1.0.0,response_to_clock_rate_1,1.0,1.0,1.0,1.0
F1,22.38721138568338,clock characteristic time,analytic,combined,0.9126585439009399,0.9126585439009399,,not_applicable_deterministic,lambda=1;kappa=1;rho_inf=1,1.0.0,response_to_clock_rate_1,1.0,1.0,1.0,1.0
F1,23.263050671536238,clock characteristic time,analytic,combined,0.9158746028622671,0.9158746028622671,,not_applicable_deterministic,lambda=1;kappa=1;rho_inf=1,1.0.0,response_to_clock_rate_1,1.0,1.0,1.0,1.0
F1,24.173154808041012,clock characteristic time,analytic,combined,0.9189749202589097,0.9189749202589097,,not_applicable_deterministic,lambda=1;kappa=1;rho_inf=1,1.0.0,response_to_clock_rate_1,1.0,1.0,1.0,1.0
F1,25.11886431509582,clock characteristic time,analytic,combined,0.9219634590827046,0.9219634590827046,,not_applicable_deterministic,lambda=1;kappa=1;rho_inf=1,1.0.0,response_to_clock_rate_1,1.0,1.0,1.0,1.0
F1,26.101572156825384,clock characteristic time,analytic,combined,0.9248440622768165,0.9248440622768165,,not_applicable_deterministic,lambda=1;kappa=1;rho_inf=1,1.0.0,response_to_clock_rate_1,1.0,1.0,1.0,1.0
F1,27.122725793320296,clock characteristic time,analytic,combined,0.9276204551006051,0.9276204551006051,,not_applicable_deterministic,lambda=1;kappa=1;rho_inf=1,1.0.0,response_to_clock_rate_1,1.0,1.0,1.0,1.0
F1,28.183829312644548,clock characteristic time,analytic,combined,0.9302962475651184,0.9302962475651184,,not_applicable_deterministic,lambda=1;kappa=1;rho_inf=1,1.0.0,response_to_clock_rate_1,1.0,1.0,1.0,1.0
F1,29.28644564625237,clock characteristic time,analytic,combined,0.9328749369245205,0.9328749369245205,,not_applicable_deterministic,lambda=1;kappa=1;rho_inf=1,1.0.0,response_to_clock_rate_1,1.0,1.0,1.0,1.0
F1,30.432198871077222,clock characteristic time,analytic,combined,0.9353599102103186,0.9353599102103186,,not_applicable_deterministic,lambda=1;kappa=1;rho_inf=1,1.0.0,response_to_clock_rate_1,1.0,1.0,1.0,1.0
F1,31.622776601683793,clock characteristic time,analytic,combined,0.9377544467966336,0.9377544467966336,,not_applicable_deterministic,lambda=1;kappa=1;rho_inf=1,1.0.0,response_to_clock_rate_1,1.0,1.0,1.0,1.0
F1,32.85993247600654,clock characteristic time,analytic,combined,0.9400617209859746,0.9400617209859746,,not_applicable_deterministic,lambda=1;kappa=1;rho_inf=1,1.0.0,response_to_clock_rate_1,1.0,1.0,1.0,1.0
F1,34.145488738336006,clock characteristic time,analytic,combined,0.9422848046060861,0.9422848046060861,,not_applicable_deterministic,lambda=1;kappa=1;rho_inf=1,1.0.0,response_to_clock_rate_1,1.0,1.0,1.0,1.0
F1,35.481338923357534,clock characteristic time,analytic,combined,0.9444266696094352,0.9444266696094352,,not_applicable_deterministic,lambda=1;kappa=1;rho_inf=1,1.0.0,response_to_clock_rate_1,1.0,1.0,1.0,1.0
F1,36.869450645195734,clock characteristic time,analytic,combined,0.946490190667819,0.946490190667819,,not_applicable_deterministic,lambda=1;kappa=1;rho_inf=1,1.0.0,response_to_clock_rate_1,1.0,1.0,1.0,1.0
F1,38.31186849557285,clock characteristic time,analytic,combined,0.9484781477554072,0.9484781477554072,,not_applicable_deterministic,lambda=1;kappa=1;rho_inf=1,1.0.0,response_to_clock_rate_1,1.0,1.0,1.0,1.0
F1,39.81071705534969,clock characteristic time,analytic,combined,0.9503932287142886,0.9503932287142886,,not_applicable_deterministic,lambda=1;kappa=1;rho_inf=1,1.0.0,response_to_clock_rate_1,1.0,1.0,1.0,1.0
F1,41.36820402388503,clock characteristic time,analytic,combined,0.9522380317972914,0.9522380317972914,,not_applicable_deterministic,lambda=1;kappa=1;rho_inf=1,1.0.0,response_to_clock_rate_1,1.0,1.0,1.0,1.0
F1,42.98662347082272,clock characteristic time,analytic,combined,0.9540150681834738,0.9540150681834738,,not_applicable_deterministic,lambda=1;kappa=1;rho_inf=1,1.0.0,response_to_clock_rate_1,1.0,1.0,1.0,1.0
F1,44.668359215096345,clock characteristic time,analytic,combined,0.9557267644622606,0.9557267644622606,,not_applicable_deterministic,lambda=1;kappa=1;rho_inf=1,1.0.0,response_to_clock_rate_1,1.0,1.0,1.0,1.0
F1,46.41588833612782,clock characteristic time,analytic,combined,0.9573754650827236,0.9573754650827236,,not_applicable_deterministic,lambda=1;kappa=1;rho_inf=1,1.0.0,response_to_clock_rate_1,1.0,1.0,1.0,1.0
F1,48.23178482239309,clock characteristic time,analytic,combined,0.9589634347649891,0.9589634347649891,,not_applicable_deterministic,lambda=1;kappa=1;rho_inf=1,1.0.0,response_to_clock_rate_1,1.0,1.0,1.0,1.0
F1,50.118723362727245,clock characteristic time,analytic,combined,0.9604928608711759,0.9604928608711759,,not_applicable_deterministic,lambda=1;kappa=1;rho_inf=1,1.0.0,response_to_clock_rate_1,1.0,1.0,1.0,1.0
F1,52.07948328595465,clock characteristic time,analytic,combined,0.961965855733676,0.961965855733676,,not_applicable_deterministic,lambda=1;kappa=1;rho_inf=1,1.0.0,response_to_clock_rate_1,1.0,1.0,1.0,1.0
F1,54.116952654646376,clock characteristic time,analytic,combined,0.9633844589389374,0.9633844589389374,,not_applicable_deterministic,lambda=1;kappa=1;rho_inf=1,1.0.0,response_to_clock_rate_1,1.0,1.0,1.0,1.0
F1,56.23413251903491,clock characteristic time,analytic,combined,0.9647506395652384,0.9647506395652384,,not_applicable_deterministic,lambda=1;kappa=1;rho_inf=1,1.0.0,response_to_clock_rate_1,1.0,1.0,1.0,1.0
F1,58.434141337351754,clock characteristic time,analytic,combined,0.9660662983732268,0.9660662983732268,,not_applicable_deterministic,lambda=1;kappa=1;rho_inf=1,1.0.0,response_to_clock_rate_1,1.0,1.0,1.0,1.0
F1,60.72021956909884,clock characteristic time,analytic,combined,0.9673332699482758,0.9673332699482758,,not_applicable_deterministic,lambda=1;kappa=1;rho_inf=1,1.0.0,response_to_clock_rate_1,1.0,1.0,1.0,1.0
F1,63.0957344480193,clock characteristic time,analytic,combined,0.9685533247939287,0.9685533247939287,,not_applicable_deterministic,lambda=1;kappa=1;rho_inf=1,1.0.0,response_to_clock_rate_1,1.0,1.0,1.0,1.0
F1,65.56418494179785,clock characteristic time,analytic,combined,0.969728171375935,0.969728171375935,,not_applicable_deterministic,lambda=1;kappa=1;rho_inf=1,1.0.0,response_to_clock_rate_1,1.0,1.0,1.0,1.0
F1,68.12920690579608,clock characteristic time,analytic,combined,0.9708594581165617,0.9708594581165617,,not_applicable_deterministic,lambda=1;kappa=1;rho_inf=1,1.0.0,response_to_clock_rate_1,1.0,1.0,1.0,1.0
F1,70.79457843841374,clock characteristic time,analytic,combined,0.9719487753390417,0.9719487753390417,,not_applicable_deterministic,lambda=1;kappa=1;rho_inf=1,1.0.0,response_to_clock_rate_1,1.0,1.0,1.0,1.0
F1,73.56422544596406,clock characteristic time,analytic,combined,0.9729976571621717,0.9729976571621717,,not_applicable_deterministic,lambda=1;kappa=1;rho_inf=1,1.0.0,response_to_clock_rate_1,1.0,1.0,1.0,1.0
F1,76.44222742525994,clock characteristic time,analytic,combined,0.9740075833452122,0.9740075833452122,,not_applicable_deterministic,lambda=1;kappa=1;rho_inf=1,1.0.0,response_to_clock_rate_1,1.0,1.0,1.0,1.0
F1,79.43282347242821,clock characteristic time,analytic,combined,0.9749799810833628,0.9749799810833628,,not_applicable_deterministic,lambda=1;kappa=1;rho_inf=1,1.0.0,response_to_clock_rate_1,1.0,1.0,1.0,1.0
F1,82.5404185268019,clock characteristic time,analytic,combined,0.9759162267541904,0.9759162267541904,,not_applicable_deterministic,lambda=1;kappa=1;rho_inf=1,1.0.0,response_to_clock_rate_1,1.0,1.0,1.0,1.0
F1,85.76958985908946,clock characteristic time,analytic,combined,0.9768176476154912,0.9768176476154912,,not_applicable_deterministic,lambda=1;kappa=1;rho_inf=1,1.0.0,response_to_clock_rate_1,1.0,1.0,1.0,1.0
F1,89.12509381337459,clock characteristic time,analytic,combined,0.9776855234551401,0.9776855234551401,,not_applicable_deterministic,lambda=1;kappa=1;rho_inf=1,1.0.0,response_to_clock_rate_1,1.0,1.0,1.0,1.0
F1,92.61187281287937,clock characteristic time,analytic,combined,0.9785210881935638,0.9785210881935638,,not_applicable_deterministic,lambda=1;kappa=1;rho_inf=1,1.0.0,response_to_clock_rate_1,1.0,1.0,1.0,1.0
F1,96.23506263980887,clock characteristic time,analytic,combined,0.9793255314395294,0.9793255314395294,,not_applicable_deterministic,lambda=1;kappa=1;rho_inf=1,1.0.0,response_to_clock_rate_1,1.0,1.0,1.0,1.0
F1,100.0,clock characteristic time,analytic,combined,0.9801,0.9801,,not_applicable_deterministic,lambda=1;kappa=1;rho_inf=1,1.0.0,response_to_clock_rate_1,1.0,1.0,1.0,1.0
F1,0.001,clock characteristic time,analytic,clock,0.0004998333749916681,0.0004998333749916681,,not_applicable_deterministic,lambda=1;kappa=4;rho_inf=1,1.0.0,response_to_clock_rate_4,1.0,4.0,1.0,1.0
F1,0.001039122303835169,clock characteristic time,analytic,clock,0.0005193812361314887,0.0005193812361314887,,not_applicable_deterministic,lambda=1;kappa=4;rho_inf=1,1.0.0,response_to_clock_rate_4,1.0,4.0,1.0,1.0
F1,0.0010797751623277093,clock characteristic time,analytic,clock,0.0005396933145409566,0.0005396933145409566,,not_applicable_deterministic,lambda=1;kappa=4;rho_inf=1,1.0.0,response_to_clock_rate_4,1.0,4.0,1.0,1.0
F1,0.001122018454301963,clock characteristic time,analytic,clock,0.000560799465091466,0.000560799465091466,,not_applicable_deterministic,lambda=1;kappa=4;rho_inf=1,1.0.0,response_to_clock_rate_4,1.0,4.0,1.0,1.0
F1,0.0011659144011798323,clock characteristic time,analytic,clock,0.0005827307072132637,0.0005827307072132637,,not_applicable_deterministic,lambda=1;kappa=4;rho_inf=1,1.0.0,response_to_clock_rate_4,1.0,4.0,1.0,1.0
F1,0.001211527658628589,clock characteristic time,analytic,clock,0.0006055192701801548,0.0006055192701801548,,not_applicable_deterministic,lambda=1;kappa=4;rho_inf=1,1.0.0,response_to_clock_rate_4,1.0,4.0,1.0,1.0
F1,0.0012589254117941675,clock characteristic time,analytic,clock,0.0006291986401466554,0.0006291986401466554,,not_applicable_deterministic,lambda=1;kappa=4;rho_inf=1,1.0.0,response_to_clock_rate_4,1.0,4.0,1.0,1.0
F1,0.0013081774742601943,clock characteristic time,analytic,clock,0.0006538036090016908,0.0006538036090016908,,not_applicable_deterministic,lambda=1;kappa=4;rho_inf=1,1.0.0,response_to_clock_rate_4,1.0,4.0,1.0,1.0
F1,0.0013593563908785254,clock characteristic time,analytic,clock,0.0006793703251065653,0.0006793703251065653,,not_applicable_deterministic,lambda=1;kappa=4;rho_inf=1,1.0.0,response_to_clock_rate_4,1.0,4.0,1.0,1.0
F1,0.001412537544622754,clock characteristic time,analytic,clock,0.0007059363459915868,0.0007059363459915868,,not_applicable_deterministic,lambda=1;kappa=4;rho_inf=1,1.0.0,response_to_clock_rate_4,1.0,4.0,1.0,1.0
F1,0.001467799267622069,clock characteristic time,analytic,clock,0.0007335406930855104,0.0007335406930855104,,not_applicable_deterministic,lambda=1;kappa=4;rho_inf=1,1.0.0,response_to_clock_rate_4,1.0,4.0,1.0,1.0
F1,0.0015252229565390183,clock characteristic time,analytic,clock,0.0007622239085521842,0.0007622239085521842,,not_applicable_deterministic,lambda=1;kappa=4;rho_inf=1,1.0.0,response_to_clock_rate_4,1.0,4.0,1.0,1.0
F1,0.001584893192461114,clock characteristic time,analytic,clock,0.0007920281143174446,0.0007920281143174446,,not_applicable_deterministic,lambda=1;kappa=4;rho_inf=1,1.0.0,response_to_clock_rate_4,1.0,4.0,1.0,1.0
F1,0.0016468978654828688,clock characteristic time,analytic,clock,0.0008229970733685255,0.0008229970733685255,,not_applicable_deterministic,lambda=1;kappa=4;rho_inf=1,1.0.0,response_to_clock_rate_4,1.0,4.0,1.0,1.0
F1,0.001711328304161781,clock characteristic time,analytic,clock,0.0008551762534099172,0.0008551762534099172,,not_applicable_deterministic,lambda=1;kappa=4;rho_inf=1,1.0.0,response_to_clock_rate_4,1.0,4.0,1.0,1.0
F1,0.0017782794100389228,clock characteristic time,analytic,clock,0.0008886128929683768,0.0008886128929683768,,not_applicable_deterministic,lambda=1;kappa=4;rho_inf=1,1.0.0,response_to_clock_rate_4,1.0,4.0,1.0,1.0
F1,0.0018478497974222907,clock characteristic time,analytic,clock,0.0009233560700339094,0.0009233560700339094,,not_applicable_deterministic,lambda=1;kappa=4;rho_inf=1,1.0.0,response_to_clock_rate_4,1.0,4.0,1.0,1.0
F1,0.001920141938638801,clock characteristic time,analytic,clock,0.0009594567733395287,0.0009594567733395287,,not_applicable_deterministic,lambda=1;kappa=4;rho_inf=1,1.0.0,response_to_clock_rate_4,1.0,4.0,1.0,1.0
F1,0.001995262314968879,clock characteristic time,analytic,clock,0.00099696797637161,0.00099696797637161,,not_applicable_deterministic,lambda=1;kappa=4;rho_inf=1,1.0.0,response_to_clock_rate_4,1.0,4.0,1.0,1.0
F1,0.002073321573485954,clock characteristic time,analytic,clock,0.0010359447142190836,0.0010359447142190836,,not_applicable_deterministic,lambda=1;kappa=4;rho_inf=1,1.0.0,response_to_clock_rate_4,1.0,4.0,1.0,1.0
F1,0.0021544346900318843,clock characteristic time,analytic,clock,0.0010764441633641653,0.0010764441633641653,,not_applicable_deterministic,lambda=1;kappa=4;rho_inf=1,1.0.0,response_to_clock_rate_4,1.0,4.0,1.0,1.0
F1,0.00223872113856834,clock characteristic time,analytic,clock,0.0011185257245265312,0.0011185257245265312,,not_applicable_deterministic,lambda=1;kappa=4;rho_inf=1,1.0.0,response_to_clock_rate_4,1.0,4.0,1.0,1.0
F1,0.0023263050671536263,clock characteristic time,analytic,clock,0.0011622511086742948,0.0011622511086742948,,not_applicable_deterministic,lambda=1;kappa=4;rho_inf=1,1.0.0,response_to_clock_rate_4,1.0,4.0,1.0,1.0
F1,0.0024173154808041037,clock characteristic time,analytic,clock,0.0012076844263193554,0.0012076844263193554,,not_applicable_deterministic,lambda=1;kappa=4;rho_inf=1,1.0.0,response_to_clock_rate_4,1.0,4.0,1.0,1.0
F1,0.0025118864315095794,clock characteristic time,analytic,clock,0.0012548922802212426,0.0012548922802212426,,not_applicable_deterministic,lambda=1;kappa=4;rho_inf=1,1.0.0,response_to_clock_rate_4,1.0,4.0,1.0,1.0
F1,0.0026101572156825357,clock characteristic time,analytic,clock,0.0013039438616225807,0.0013039438616225807,,not_applicable_deterministic,lambda=1;kappa=4;rho_inf=1,1.0.0,response_to_clock_rate_4,1.0,4.0,1.0,1.0
F1,0.0027122725793320298,clock characteristic time,analytic,clock,0.001354911050150398,0.001354911050150398,,not_applicable_deterministic,lambda=1;kappa=4;rho_inf=1,1.0.0,response_to_clock_rate_4,1.0,4.0,1.0,1.0
F1,0.002818382931264455,clock characteristic time,analytic,clock,0.0014078685175159533,0.0014078685175159533,,not_applicable_deterministic,lambda=1;kappa=4;rho_inf=1,1.0.0,response_to_clock_rate_4,1.0,4.0,1.0,1.0
F1,0.0029286445646252374,clock characteristic time,analytic,clock,0.0014628938351549658,0.0014628938351549658,,not_applicable_deterministic,lambda=1;kappa=4;rho_inf=1,1.0.0,response_to_clock_rate_4,1.0,4.0,1.0,1.0
F1,0.003043219887107722,clock characteristic time,analytic,clock,0.001520067585952134,0.001520067585952134,,not_applicable_deterministic,lambda=1;kappa=4;rho_inf=1,1.0.0,response_to_clock_rate_4,1.0,4.0,1.0,1.0
F1,0.0031622776601683794,clock characteristic time,analytic,clock,0.0015794734802003774,0.0015794734802003774,,not_applicable_deterministic,lambda=1;kappa=4;rho_inf=1,1.0.0,response_to_clock_rate_4,1.0,4.0,1.0,1.0
F1,0.003285993247600654,clock characteristic time,analytic,clock,0.0016411984759479026,0.0016411984759479026,,not_applicable_deterministic,lambda=1;kappa=4;rho_inf=1,1.0.0,response_to_clock_rate_4,1.0,4.0,1.0,1.0
F1,0.003414548873833601,clock characteristic time,analytic,clock,0.001705332903895851,0.001705332903895851,,not_applicable_deterministic,lambda=1;kappa=4;rho_inf=1,1.0.0,response_to_clock_rate_4,1.0,4.0,1.0,1.0
F1,0.0035481338923357532,clock characteristic time,analytic,clock,0.001771970597009842,0.001771970597009842,,not_applicable_deterministic,lambda=1;kappa=4;rho_inf=1,1.0.0,response_to_clock_rate_4,1.0,4.0,1.0,1.0
F1,0.0036869450645195733,clock characteristic time,analytic,clock,0.0018412090250161661,0.0018412090250161661,,not_applicable_deterministic,lambda=1;kappa=4;rho_inf=1,1.0.0,response_to_clock_rate_4,1.0,4.0,1.0,1.0
F1,0.003831186849557289,clock characteristic time,analytic,clock,0.0019131494339605926,0.0019131494339605926,,not_applicable_deterministic,lambda=1;kappa=4;rho_inf=1,1.0.0,response_to_clock_rate_4,1.0,4.0,1.0,1.0
F1,0.003981071705534973,clock characteristic time,analytic,clock,0.0019878969910105404,0.0019878969910105404,,not_applicable_deterministic,lambda=1;kappa=4;rho_inf=1,1.0.0,response_to_clock_rate_4,1.0,4.0,1.0,1.0
F1,0.004136820402388507,clock characteristic time,analytic,clock,0.0020655609346891257,0.0020655609346891257,,not_applicable_deterministic,lambda=1;kappa=4;rho_inf=1,1.0.0,response_to_clock_rate_4,1.0,4.0,1.0,1.0
F1,0.004298662347082277,clock characteristic time,analytic,clock,0.0021462547307362634,0.0021462547307362634,,not_applicable_deterministic,lambda=1;kappa=4;rho_inf=1,1.0.0,response_to_clock_rate_4,1.0,4.0,1.0,1.0
F1,0.0044668359215096305,clock characteristic time,analytic,clock,0.002230096233793666,0.002230096233793666,,not_applicable_deterministic,lambda=1;kappa=4;rho_inf=1,1.0.0,response_to_clock_rate_4,1.0,4.0,1.0,1.0
F1,0.004641588833612777,clock characteristic time,analytic,clock,0.002317207855124681,0.002317207855124681,,not_applicable_deterministic,lambda=1;kappa=4;rho_inf=1,1.0.0,response_to_clock_rate_4,1.0,4.0,1.0,1.0
F1,0.004823178482239309,clock characteristic time,analytic,clock,0.002407716736578469,0.002407716736578469,,not_applicable_deterministic,lambda=1;kappa=4;rho_inf=1,1.0.0,response_to_clock_rate_4,1.0,4.0,1.0,1.0
F1,0.005011872336272725,clock characteristic time,analytic,clock,0.002501754931019562,0.002501754931019562,,not_applicable_deterministic,lambda=1;kappa=4;rho_inf=1,1.0.0,response_to_clock_rate_4,1.0,4.0,1.0,1.0
F1,0.005207948328595465,clock characteristic time,analytic,clock,0.002599459589446851,0.002599459589446851,,not_applicable_deterministic,lambda=1;kappa=4;rho_inf=1,1.0.0,response_to_clock_rate_4,1.0,4.0,1.0,1.0
F1,0.0054116952654646375,clock characteristic time,analytic,clock,0.0027009731550385885,0.0027009731550385885,,not_applicable_deterministic,lambda=1;kappa=4;rho_inf=1,1.0.0,response_to_clock_rate_4,1.0,4.0,1.0,1.0
F1,0.005623413251903491,clock characteristic time,analytic,clock,0.0028064435643567753,0.0028064435643567753,,not_applicable_deterministic,lambda=1;kappa=4;rho_inf=1,1.0.0,response_to_clock_rate_4,1.0,4.0,1.0,1.0
F1,0.005843414133735175,clock characteristic time,analytic,clock,0.0029160244559643944,0.0029160244559643944,,not_applicable_deterministic,lambda=1;kappa=4;rho_inf=1,1.0.0,response_to_clock_rate_4,1.0,4.0,1.0,1.0
F1,0.006072021956909884,clock characteristic time,analytic,clock,0.0030298753867022965,0.0030298753867022965,,not_applicable_deterministic,lambda=1;kappa=4;rho_inf=1,1.0.0,response_to_clock_rate_4,1.0,4.0,1.0,1.0
F1,0.006309573444801929,clock characteristic time,analytic,clock,0.0031481620558916346,0.0031481620558916346,,not_applicable_deterministic,lambda=1;kappa=4;rho_inf=1,1.0.0,response_to_clock_rate_4,1.0,4.0,1.0,1.0
F1,0.006556418494179785,clock characteristic time,analytic,clock,0.003271056537725081,0.003271056537725081,,not_applicable_deterministic,lambda=1;kappa=4;rho_inf=1,1.0.0,response_to_clock_rate_4,1.0,4.0,1.0,1.0
F1,0.006812920690579615,clock characteristic time,analytic,clock,0.0033987375221241622,0.0033987375221241622,,not_applicable_deterministic,lambda=1;kappa=4;rho_inf=1,1.0.0,response_to_clock_rate_4,1.0,4.0,1.0,1.0
F1,0.00707945784384138,clock characteristic time,analytic,clock,0.003531390564343817,0.003531390564343817,,not_applicable_deterministic,lambda=1;kappa=4;rho_inf=1,1.0.0,response_to_clock_rate_4,1.0,4.0,1.0,1.0
F1,0.007356422544596414,clock characteristic time,analytic,clock,0.0036692083436123957,0.0036692083436123957,,not_applicable_deterministic,lambda=1;kappa=4;rho_inf=1,1.0.0,response_to_clock_rate_4,1.0,4.0,1.0,1.0
F1,0.007644222742526002,clock characteristic time,analytic,clock,0.0038123909311047477,0.0038123909311047477,,not_applicable_deterministic,lambda=1;kappa=4;rho_inf=1,1.0.0,response_to_clock_rate_4,1.0,4.0,1.0,1.0
F1,0.007943282347242814,clock characteristic time,analytic,clock,0.0039611460675497145,0.0039611460675497145,,not_applicable_deterministic,lambda=1;kappa=4;rho_inf=1,1.0.0,response_to_clock_rate_4,1.0,4.0,1.0,1.0
F1,0.008254041852680182,clock characteristic time,analytic,clock,0.004115689450784332,0.004115689450784332,,not_applicable_deterministic,lambda=1;kappa=4;rho_inf=1,1.0.0,response_to_clock_rate_4,1.0,4.0,1.0,1.0
F1,0.008576958985908946,clock characteristic time,analytic,clock,0.004276245033569714,0.004276245033569714,,not_applicable_deterministic,lambda=1;kappa=4;rho_inf=1,1.0.0,response_to_clock_rate_4,1.0,4.0,1.0,1.0
F1,0.008912509381337459,clock characteristic time,analytic,clock,0.0044430453319959096,0.0044430453319959096,,not_applicable_deterministic,lambda=1;kappa=4;rho_inf=1,1.0.0,response_to_clock_rate_4,1.0,4.0,1.0,1.0
F1,0.009261187281287938,clock characteristic time,analytic,clock,0.004616331744801472,0.004616331744801472,,not_applicable_deterministic,lambda=1;kappa=4;rho_inf=1,1.0.0,response_to_clock_rate_4,1.0,4.0,1.0,1.0
F1,0.009623506263980888,clock characteristic time,analytic,clock,0.004796354883950471,0.004796354883950471,,not_applicable_deterministic,lambda=1;kappa=4;rho_inf=1,1.0.0,response_to_clock_rate_4,1.0,4.0,1.0,1.0
F1,0.01,clock characteristic time,analytic,clock,0.004983374916805339,0.004983374916805339,,not_applicable_deterministic,lambda=1;kappa=4;rho_inf=1,1.0.0,response_to_clock_rate_4,1.0,4.0,1.0,1.0
F1,0.01039122303835169,clock characteristic time,analytic,clock,0.0051776619202478225,0.0051776619202478225,,not_applicable_deterministic,lambda=1;kappa=4;rho_inf=1,1.0.0,response_to_clock_rate_4,1.0,4.0,1.0,1.0
F1,0.010797751623277093,clock characteristic time,analytic,clock,0.005379496247101545,0.005379496247101545,,not_applicable_deterministic,lambda=1;kappa=4;rho_inf=1,1.0.0,response_to_clock_rate_4,1.0,4.0,1.0,1.0
F1,0.011220184543019636,clock characteristic time,analytic,clock,0.005589168905216435,0.005589168905216435,,not_applicable_deterministic,lambda=1;kappa=4;rho_inf=1,1.0.0,response_to_clock_rate_4,1.0,4.0,1.0,1.0
F1,0.011659144011798317,clock characteristic time,analytic,clock,0.005806981949578738,0.005806981949578738,,not_applicable_deterministic,lambda=1;kappa=4;rho_inf=1,1.0.0,response_to_clock_rate_4,1.0,4.0,1.0,1.0
F1,0.012115276586285882,clock characteristic time,analytic,clock,0.006033248887817089,0.006033248887817089,,not_applicable_deterministic,lambda=1;kappa=4;rho_inf=1,1.0.0,response_to_clock_rate_4,1.0,4.0,1.0,1.0
F1,0.012589254117941675,clock characteristic time,analytic,clock,0.0062682950994741304,0.0062682950994741304,,not_applicable_deterministic,lambda=1;kappa=4;rho_inf=1,1.0.0,response_to_clock_rate_4,1.0,4.0,1.0,1.0
F1,0.013081774742601943,clock characteristic time,analytic,clock,0.006512458269423038,0.006512458269423038,,not_applicable_deterministic,lambda=1;kappa=4;rho_inf=1,1.0.0,response_to_clock_rate_4,1.0,4.0,1.0,1.0
F1,0.013593563908785255,clock characteristic time,analytic,clock,0.0067660888358013205,0.0067660888358013205,,not_applicable_deterministic,lambda=1;kappa=4;rho_inf=1,1.0.0,response_to_clock_rate_4,1.0,4.0,1.0,1.0
F1,0.01412537544622754,clock characteristic time,analytic,clock,0.007029550452843258,0.007029550452843258,,not_applicable_deterministic,lambda=1;kappa=4;rho_inf=1,1.0.0,response_to_clock_rate_4,1.0,4.0,1.0,1.0
F1,0.014677992676220698,clock characteristic time,analytic,clock,0.00730322046899079,0.00730322046899079,,not_applicable_deterministic,lambda=1;kappa=4;rho_inf=1,1.0.0,response_to_clock_rate_4,1.0,4.0,1.0,1.0
F1,0.01525222956539019,clock characteristic time,analytic,clock,0.007587490420657428,0.007587490420657428,,not_applicable_deterministic,lambda=1;kappa=4;rho_inf=1,1.0.0,response_to_clock_rate_4,1.0,4.0,1.0,1.0
F1,0.015848931924611134,clock characteristic time,analytic,clock,0.007882766542022801,0.007882766542022801,,not_applicable_deterministic,lambda=1;kappa=4;rho_inf=1,1.0.0,response_to_clock_rate_4,1.0,4.0,1.0,1.0
F1,0.01646897865482868,clock characteristic time,analytic,clock,0.008189470291232404,0.008189470291232404,,not_applicable_deterministic,lambda=1;kappa=4;rho_inf=1,1.0.0,response_to_clock_rate_4,1.0,4.0,1.0,1.0
F1,0.01711328304161781,clock characteristic time,analytic,clock,0.008508038893366265,0.008508038893366265,,not_applicable_deterministic,lambda=1;kappa=4;rho_inf=1,1.0.0,response_to_clock_rate_4,1.0,4.0,1.0,1.0
F1,0.01778279410038923,clock characteristic time,analytic,clock,0.008838925900540917,0.008838925900540917,,not_applicable_deterministic,lambda=1;kappa=4;rho_inf=1,1.0.0,response_to_clock_rate_4,1.0,4.0,1.0,1.0
F1,0.018478497974222907,clock characteristic time,analytic,clock,0.009182601769496812,0.009182601769496812,,not_applicable_deterministic,lambda=1;kappa=4;rho_inf=1,1.0.0,response_to_clock_rate_4,1.0,4.0,1.0,1.0
F1,0.01920141938638801,clock characteristic time,analytic,clock,0.00953955445701371,0.00953955445701371,,not_applicable_deterministic,lambda=1;kappa=4;rho_inf=1,1.0.0,response_to_clock_rate_4,1.0,4.0,1.0,1.0
F1,0.0199526231496888,clock characteristic time,analytic,clock,0.009910290033485203,0.009910290033485203,,not_applicable_deterministic,lambda=1;kappa=4;rho_inf=1,1.0.0,response_to_clock_rate_4,1.0,4.0,1.0,1.0
F1,0.02073321573485955,clock characteristic time,analytic,clock,0.01029533331496657,0.01029533331496657,,not_applicable_deterministic,lambda=1;kappa=4;rho_inf=1,1.0.0,response_to_clock_rate_4,1.0,4.0,1.0,1.0
F1,0.021544346900318832,clock characteristic time,analytic,clock,0.01069522851399718,0.01069522851399718,,not_applicable_deterministic,lambda=1;kappa=4;rho_inf=1,1.0.0,response_to_clock_rate_4,1.0,4.0,1.0,1.0
F1,0.0223872113856834,clock characteristic time,analytic,clock,0.011110539909473083,0.011110539909473083,,not_applicable_deterministic,lambda=1;kappa=4;rho_inf=1,1.0.0,response_to_clock_rate_4,1.0,4.0,1.0,1.0
F1,0.02326305067153626,clock characteristic time,analytic,clock,0.011541852535825847,0.011541852535825847,,not_applicable_deterministic,lambda=1;kappa=4;rho_inf=1,1.0.0,response_to_clock_rate_4,1.0,4.0,1.0,1.0
F1,0.024173154808041036,clock characteristic time,analytic,clock,0.011989772891735528,0.011989772891735528,,not_applicable_deterministic,lambda=1;kappa=4;rho_inf=1,1.0.0,response_to_clock_rate_4,1.0,4.0,1.0,1.0
F1,0.025118864315095794,clock characteristic time,analytic,clock,0.012454929668577419,0.012454929668577419,,not_applicable_deterministic,lambda=1;kappa=4;rho_inf=1,1.0.0,response_to_clock_rate_4,1.0,4.0,1.0,1.0
F1,0.026101572156825372,clock characteristic time,analytic,clock,0.012937974498764104,0.012937974498764104,,not_applicable_deterministic,lambda=1;kappa=4;rho_inf=1,1.0.0,response_to_clock_rate_4,1.0,4.0,1.0,1.0
F1,0.02712272579332028,clock characteristic time,analytic,clock,0.0134395827241095,0.0134395827241095,,not_applicable_deterministic,lambda=1;kappa=4;rho_inf=1,1.0.0,response_to_clock_rate_4,1.0,4.0,1.0,1.0
F1,0.028183829312644536,clock characteristic time,analytic,clock,0.013960454184297255,0.013960454184297255,,not_applicable_deterministic,lambda=1;kappa=4;rho_inf=1,1.0.0,response_to_clock_rate_4,1.0,4.0,1.0,1.0
F1,0.02928644564625236,clock characteristic time,analytic,clock,0.014501314025486711,0.014501314025486711,,not_applicable_deterministic,lambda=1;kappa=4;rho_inf=1,1.0.0,response_to_clock_rate_4,1.0,4.0,1.0,1.0
F1,0.03043219887107722,clock characteristic time,analytic,clock,0.015062913529034438,0.015062913529034438,,not_applicable_deterministic,lambda=1;kappa=4;rho_inf=1,1.0.0,response_to_clock_rate_4,1.0,4.0,1.0,1.0
F1,0.03162277660168379,clock characteristic time,analytic,clock,0.01564603096025652,0.01564603096025652,,not_applicable_deterministic,lambda=1;kappa=4;rho_inf=1,1.0.0,response_to_clock_rate_4,1.0,4.0,1.0,1.0
F1,0.03285993247600654,clock characteristic time,analytic,clock,0.01625147243707936,0.01625147243707936,,not_applicable_deterministic,lambda=1;kappa=4;rho_inf=1,1.0.0,response_to_clock_rate_4,1.0,4.0,1.0,1.0
F1,0.034145488738336005,clock characteristic time,analytic,clock,0.016880072818365566,0.016880072818365566,,not_applicable_deterministic,lambda=1;kappa=4;rho_inf=1,1.0.0,response_to_clock_rate_4,1.0,4.0,1.0,1.0
F1,0.03548133892335755,clock characteristic time,analytic,clock,0.017532696611612608,0.017532696611612608,,not_applicable_deterministic,lambda=1;kappa=4;rho_inf=1,1.0.0,response_to_clock_rate_4,1.0,4.0,1.0,1.0
F1,0.03686945064519575,clock characteristic time,analytic,clock,0.0182102388996378,0.0182102388996378,,not_applicable_deterministic,lambda=1;kappa=4;rho_inf=1,1.0.0,response_to_clock_rate_4,1.0,4.0,1.0,1.0
F1,0.03831186849557287,clock characteristic time,analytic,clock,0.01891362628576365,0.01891362628576365,,not_applicable_deterministic,lambda=1;kappa=4;rho_inf=1,1.0.0,response_to_clock_rate_4,1.0,4.0,1.0,1.0
F1,0.039810717055349734,clock characteristic time,analytic,clock,0.019643817856915935,0.019643817856915935,,not_applicable_deterministic,lambda=1;kappa=4;rho_inf=1,1.0.0,response_to_clock_rate_4,1.0,4.0,1.0,1.0
F1,0.04136820402388507,clock characteristic time,analytic,clock,0.020401806163924285,0.020401806163924285,,not_applicable_deterministic,lambda=1;kappa=4;rho_inf=1,1.0.0,response_to_clock_rate_4,1.0,4.0,1.0,1.0
F1,0.042986623470822764,clock characteristic time,analytic,clock,0.021188618218194177,0.021188618218194177,,not_applicable_deterministic,lambda=1;kappa=4;rho_inf=1,1.0.0,response_to_clock_rate_4,1.0,4.0,1.0,1.0
F1,0.0446683592150963,clock characteristic time,analytic,clock,0.02200531650378068,0.02200531650378068,,not_applicable_deterministic,lambda=1;kappa=4;rho_inf=1,1.0.0,response_to_clock_rate_4,1.0,4.0,1.0,1.0
F1,0.046415888336127795,clock characteristic time,analytic,clock,0.022853000003739243,0.022853000003739243,,not_applicable_deterministic,lambda=1;kappa=4;rho_inf=1,1.0.0,response_to_clock_rate_4,1.0,4.0,1.0,1.0
F1,0.04823178482239307,clock characteristic time,analytic,clock,0.02373280523947563,0.02373280523947563,,not_applicable_deterministic,lambda=1;kappa=4;rho_inf=1,1.0.0,response_to_clock_rate_4,1.0,4.0,1.0,1.0
F1,0.05011872336272722,clock characteristic time,analytic,clock,0.0246459073216293,0.0246459073216293,,not_applicable_deterministic,lambda=1;kappa=4;rho_inf=1,1.0.0,response_to_clock_rate_4,1.0,4.0,1.0,1.0
F1,0.052079483285954624,clock characteristic time,analytic,clock,0.025593521010846,0.025593521010846,,not_applicable_deterministic,lambda=1;kappa=4;rho_inf=1,1.0.0,response_to_clock_rate_4,1.0,4.0,1.0,1.0
F1,0.054116952654646375,clock characteristic time,analytic,clock,0.026576901786577456,0.026576901786577456,,not_applicable_deterministic,lambda=1;kappa=4;rho_inf=1,1.0.0,response_to_clock_rate_4,1.0,4.0,1.0,1.0
F1,0.056234132519034905,clock characteristic time,analytic,clock,0.027597346921830246,0.027597346921830246,,not_applicable_deterministic,lambda=1;kappa=4;rho_inf=1,1.0.0,response_to_clock_rate_4,1.0,4.0,1.0,1.0
F1,0.05843414133735175,clock characteristic time,analytic,clock,0.0286561965615465,0.0286561965615465,,not_applicable_deterministic,lambda=1;kappa=4;rho_inf=1,1.0.0,response_to_clock_rate_4,1.0,4.0,1.0,1.0
F1,0.060720219569098836,clock characteristic time,analytic,clock,0.029754834802033114,0.029754834802033114,,not_applicable_deterministic,lambda=1;kappa=4;rho_inf=1,1.0.0,response_to_clock_rate_4,1.0,4.0,1.0,1.0
F1,0.06309573444801933,clock characteristic time,analytic,clock,0.030894690768586974,0.030894690768586974,,not_applicable_deterministic,lambda=1;kappa=4;rho_inf=1,1.0.0,response_to_clock_rate_4,1.0,4.0,1.0,1.0
F1,0.06556418494179789,clock characteristic time,analytic,clock,0.032077239688160675,0.032077239688160675,,not_applicable_deterministic,lambda=1;kappa=4;rho_inf=1,1.0.0,response_to_clock_rate_4,1.0,4.0,1.0,1.0
F1,0.06812920690579612,clock characteristic time,analytic,clock,0.03330400395359234,0.03330400395359234,,not_applicable_deterministic,lambda=1;kappa=4;rho_inf=1,1.0.0,response_to_clock_rate_4,1.0,4.0,1.0,1.0
F1,0.07079457843841377,clock characteristic time,analytic,clock,0.03457655417558336,0.03457655417558336,,not_applicable_deterministic,lambda=1;kappa=4;rho_inf=1,1.0.0,response_to_clock_rate_4,1.0,4.0,1.0,1.0
F1,0.07356422544596414,clock characteristic time,analytic,clock,0.035896510218241584,0.035896510218241584,,not_applicable_deterministic,lambda=1;kappa=4;rho_inf=1,1.0.0,response_to_clock_rate_4,1.0,4.0,1.0,1.0
F1,0.07644222742526002,clock characteristic time,analytic,clock,0.037265542213612446,0.037265542213612446,,not_applicable_deterministic,lambda=1;kappa=4;rho_inf=1,1.0.0,response_to_clock_rate_4,1.0,4.0,1.0,1.0
F1,0.07943282347242814,clock characteristic time,analytic,clock,0.03868537155020979,0.03868537155020979,,not_applicable_deterministic,lambda=1;kappa=4;rho_inf=1,1.0.0,response_to_clock_rate_4,1.0,4.0,1.0,1.0
F1,0.08254041852680186,clock characteristic time,analytic,clock,0.0401577718301086,0.0401577718301086,,not_applicable_deterministic,lambda=1;kappa=4;rho_inf=1,1.0.0,response_to_clock_rate_4,1.0,4.0,1.0,1.0
F1,0.08576958985908942,clock characteristic time,analytic,clock,0.041684569788693615,0.041684569788693615,,not_applicable_deterministic,lambda=1;kappa=4;rho_inf=1,1.0.0,response_to_clock_rate_4,1.0,4.0,1.0,1.0
F1,0.08912509381337455,clock characteristic time,analytic,clock,0.04326764617066037,0.04326764617066037,,not_applicable_deterministic,lambda=1;kappa=4;rho_inf=1,1.0.0,response_to_clock_rate_4,1.0,4.0,1.0,1.0
F1,0.09261187281287933,clock characteristic time,analytic,clock,0.04490893655532402,0.04490893655532402,,not_applicable_deterministic,lambda=1;kappa=4;rho_inf=1,1.0.0,response_to_clock_rate_4,1.0,4.0,1.0,1.0
F1,0.09623506263980887,clock characteristic time,analytic,clock,0.046610432123747936,0.046610432123747936,,not_applicable_deterministic,lambda=1;kappa=4;rho_inf=1,1.0.0,response_to_clock_rate_4,1.0,4.0,1.0,1.0
F1,0.1,clock characteristic time,analytic,clock,0.04837418035959573,0.04837418035959573,,not_applicable_deterministic,lambda=1;kappa=4;rho_inf=1,1.0.0,response_to_clock_rate_4,1.0,4.0,1.0,1.0
F1,0.10391223038351691,clock characteristic time,analytic,clock,0.050202285675000846,0.050202285675000846,,not_applicable_deterministic,lambda=1;kappa=4;rho_inf=1,1.0.0,response_to_clock_rate_4,1.0,4.0,1.0,1.0
F1,0.10797751623277094,clock characteristic time,analytic,clock,0.05209690995208338,0.05209690995208338,,not_applicable_deterministic,lambda=1;kappa=4;rho_inf=1,1.0.0,response_to_clock_rate_4,1.0,4.0,1.0,1.0
F1,0.1122018454301963,clock characteristic time,analytic,clock,0.054060272990063774,0.054060272990063774,,not_applicable_deterministic,lambda=1;kappa=4;rho_inf=1,1.0.0,response_to_clock_rate_4,1.0,4.0,1.0,1.0
F1,0.11659144011798311,clock characteristic time,analytic,clock,0.05609465284719972,0.05609465284719972,,not_applicable_deterministic,lambda=1;kappa=4;rho_inf=1,1.0.0,response_to_clock_rate_4,1.0,4.0,1.0,1.0
F1,0.12115276586285889,clock characteristic time,analytic,clock,0.05820238606602568,0.05820238606602568,,not_applicable_deterministic,lambda=1;kappa=4;rho_inf=1,1.0.0,response_to_clock_rate_4,1.0,4.0,1.0,1.0
F1,0.12589254117941676,clock characteristic time,analytic,clock,0.06038586776959043,0.06038586776959043,,not_applicable_deterministic,lambda=1;kappa=4;rho_inf=1,1.0.0,response_to_clock_rate_4,1.0,4.0,1.0,1.0
F1,0.13081774742601943,clock characteristic time,analytic,clock,0.06264755161558022,0.06264755161558022,,not_applicable_deterministic,lambda=1;kappa=4;rho_inf=1,1.0.0,response_to_clock_rate_4,1.0,4.0,1.0,1.0
F1,0.13593563908785256,clock characteristic time,analytic,clock,0.06498994959437454,0.06498994959437454,,not_applicable_deterministic,lambda=1;kappa=4;rho_inf=1,1.0.0,response_to_clock_rate_4,1.0,4.0,1.0,1.0
F1,0.1412537544622754,clock characteristic time,analytic,clock,0.06741563165621522,0.06741563165621522,,not_applicable_deterministic,lambda=1;kappa=4;rho_inf=1,1.0.0,response_to_clock_rate_4,1.0,4.0,1.0,1.0
F1,0.1467799267622069,clock characteristic time,analytic,clock,0.06992722515178607,0.06992722515178607,,not_applicable_deterministic,lambda=1;kappa=4;rho_inf=1,1.0.0,response_to_clock_rate_4,1.0,4.0,1.0,1.0
F1,0.15252229565390182,clock characteristic time,analytic,clock,0.07252741406958418,0.07252741406958418,,not_applicable_deterministic,lambda=1;kappa=4;rho_inf=1,1.0.0,response_to_clock_rate_4,1.0,4.0,1.0,1.0
F1,0.1584893192461114,clock characteristic time,analytic,clock,0.07521893805254476,0.07521893805254476,,not_applicable_deterministic,lambda=1;kappa=4;rho_inf=1,1.0.0,response_to_clock_rate_4,1.0,4.0,1.0,1.0
F1,0.1646897865482869,clock characteristic time,analytic,clock,0.07800459117543979,0.07800459117543979,,not_applicable_deterministic,lambda=1;kappa=4;rho_inf=1,1.0.0,response_to_clock_rate_4,1.0,4.0,1.0,1.0
F1,0.1711328304161781,clock characteristic time,analytic,clock,0.08088722046363184,0.08088722046363184,,not_applicable_deterministic,lambda=1;kappa=4;rho_inf=1,1.0.0,response_to_clock_rate_4,1.0,4.0,1.0,1.0
F1,0.1778279410038923,clock characteristic time,analytic,clock,0.08386972413281457,0.08386972413281457,,not_applicable_deterministic,lambda=1;kappa=4;rho_inf=1,1.0.0,response_to_clock_rate_4,1.0,4.0,1.0,1.0
F1,0.18478497974222907,clock characteristic time,analytic,clock,0.08695504952844357,0.08695504952844357,,not_applicable_deterministic,lambda=1;kappa=4;rho_inf=1,1.0.0,response_to_clock_rate_4,1.0,4.0,1.0,1.0
F1,0.1920141938638801,clock characteristic time,analytic,clock,0.09014619074263674,0.09014619074263674,,not_applicable_deterministic,lambda=1;kappa=4;rho_inf=1,1.0.0,response_to_clock_rate_4,1.0,4.0,1.0,1.0
F1,0.19952623149688786,clock characteristic time,analytic,clock,0.09344618588543296,0.09344618588543296,,not_applicable_deterministic,lambda=1;kappa=4;rho_inf=1,1.0.0,response_to_clock_rate_4,1.0,4.0,1.0,1.0
F1,0.2073321573485954,clock characteristic time,analytic,clock,0.09685811398644695,0.09685811398644695,,not_applicable_deterministic,lambda=1;kappa=4;rho_inf=1,1.0.0,response_to_clock_rate_4,1.0,4.0,1.0,1.0
F1,0.21544346900318845,clock characteristic time,analytic,clock,0.10038509150214858,0.10038509150214858,,not_applicable_deterministic,lambda=1;kappa=4;rho_inf=1,1.0.0,response_to_clock_rate_4,1.0,4.0,1.0,1.0
F1,0.223872113856834,clock characteristic time,analytic,clock,0.1040302684032629,0.1040302684032629,,not_applicable_deterministic,lambda=1;kappa=4;rho_inf=1,1.0.0,response_to_clock_rate_4,1.0,4.0,1.0,1.0
F1,0.23263050671536262,clock characteristic time,analytic,clock,0.10779682381613076,0.10779682381613076,,not_applicable_deterministic,lambda=1;kappa=4;rho_inf=1,1.0.0,response_to_clock_rate_4,1.0,4.0,1.0,1.0
F1,0.24173154808041036,clock characteristic time,analytic,clock,0.11168796119130975,0.11168796119130975,,not_applicable_deterministic,lambda=1;kappa=4;rho_inf=1,1.0.0,response_to_clock_rate_4,1.0,4.0,1.0,1.0
F1,0.25118864315095796,clock characteristic time,analytic,clock,0.1157069029722656,0.1157069029722656,,not_applicable_deterministic,lambda=1;kappa=4;rho_inf=1,1.0.0,response_to_clock_rate_4,1.0,4.0,1.0,1.0
F1,0.2610157215682536,clock characteristic time,analytic,clock,0.11985688473670619,0.11985688473670619,,not_applicable_deterministic,lambda=1;kappa=4;rho_inf=1,1.0.0,response_to_clock_rate_4,1.0,4.0,1.0,1.0
F1,0.2712272579332027,clock characteristic time,analytic,clock,0.12414114878298577,0.12414114878298577,,not_applicable_deterministic,lambda=1;kappa=4;rho_inf=1,1.0.0,response_to_clock_rate_4,1.0,4.0,1.0,1.0
F1,0.2818382931264455,clock characteristic time,analytic,clock,0.12856293713407485,0.12856293713407485,,not_applicable_deterministic,lambda=1;kappa=4;rho_inf=1,1.0.0,response_to_clock_rate_4,1.0,4.0,1.0,1.0
F1,0.29286445646252374,clock characteristic time,analytic,clock,0.1331254839318743,0.1331254839318743,,not_applicable_deterministic,lambda=1;kappa=4;rho_inf=1,1.0.0,response_to_clock_rate_4,1.0,4.0,1.0,1.0
F1,0.3043219887107722,clock characteristic time,analytic,clock,0.13783200719520272,0.13783200719520272,,not_applicable_deterministic,lambda=1;kappa=4;rho_inf=1,1.0.0,response_to_clock_rate_4,1.0,4.0,1.0,1.0
F1,0.31622776601683794,clock characteristic time,analytic,clock,0.14268569991561086,0.14268569991561086,,not_applicable_deterministic,lambda=1;kappa=4;rho_inf=1,1.0.0,response_to_clock_rate_4,1.0,4.0,1.0,1.0
F1,0.3285993247600654,clock characteristic time,analytic,clock,0.1476897204663249,0.1476897204663249,,not_applicable_deterministic,lambda=1;kappa=4;rho_inf=1,1.0.0,response_to_clock_rate_4,1.0,4.0,1.0,1.0
F1,0.34145488738336005,clock characteristic time,analytic,clock,0.1528471823011468,0.1528471823011468,,not_applicable_deterministic,lambda=1;kappa=4;rho_inf=1,1.0.0,response_to_clock_rate_4,1.0,4.0,1.0,1.0
F1,0.3548133892335753,clock characteristic time,analytic,clock,0.15816114292204042,0.15816114292204042,,not_applicable_deterministic,lambda=1;kappa=4;rho_inf=1,1.0.0,response_to_clock_rate_4,1.0,4.0,1.0,1.0
F1,0.36869450645195734,clock characteristic time,analytic,clock,0.16363459209650233,0.16363459209650233,,not_applicable_deterministic,lambda=1;kappa=4;rho_inf=1,1.0.0,response_to_clock_rate_4,1.0,4.0,1.0,1.0
F1,0.38311868495572887,clock characteristic time,analytic,clock,0.1692704393086566,0.1692704393086566,,not_applicable_deterministic,lambda=1;kappa=4;rho_inf=1,1.0.0,response_to_clock_rate_4,1.0,4.0,1.0,1.0
F1,0.3981071705534973,clock characteristic time,analytic,clock,0.17507150043139486,0.17507150043139486,,not_applicable_deterministic,lambda=1;kappa=4;rho_inf=1,1.0.0,response_to_clock_rate_4,1.0,4.0,1.0,1.0
F1,0.4136820402388507,clock characteristic time,analytic,clock,0.1810404836108418,0.1810404836108418,,not_applicable_deterministic,lambda=1;kappa=4;rho_inf=1,1.0.0,response_to_clock_rate_4,1.0,4.0,1.0,1.0
F1,0.42986623470822766,clock characteristic time,analytic,clock,0.18717997435900813,0.18717997435900813,,not_applicable_deterministic,lambda=1;kappa=4;rho_inf=1,1.0.0,response_to_clock_rate_4,1.0,4.0,1.0,1.0
F1,0.44668359215096304,clock characteristic time,analytic,clock,0.19349241985574972,0.19349241985574972,,not_applicable_deterministic,lambda=1;kappa=4;rho_inf=1,1.0.0,response_to_clock_rate_4,1.0,4.0,1.0,1.0
F1,0.46415888336127775,clock characteristic time,analytic,clock,0.19998011246712266,0.19998011246712266,,not_applicable_deterministic,lambda=1;kappa=4;rho_inf=1,1.0.0,response_to_clock_rate_4,1.0,4.0,1.0,1.0
F1,0.4823178482239304,clock characteristic time,analytic,clock,0.20664517249395264,0.20664517249395264,,not_applicable_deterministic,lambda=1;kappa=4;rho_inf=1,1.0.0,response_to_clock_rate_4,1.0,4.0,1.0,1.0
F1,0.5011872336272725,clock characteristic time,analytic,clock,0.2134895301719668,0.2134895301719668,,not_applicable_deterministic,lambda=1;kappa=4;rho_inf=1,1.0.0,response_to_clock_rate_4,1.0,4.0,1.0,1.0
F1,0.5207948328595465,clock characteristic time,analytic,clock,0.2205149069531953,0.2205149069531953,,not_applicable_deterministic,lambda=1;kappa=4;rho_inf=1,1.0.0,response_to_clock_rate_4,1.0,4.0,1.0,1.0
F1,0.5411695265464638,clock characteristic time,analytic,clock,0.2277227961075753,0.2277227961075753,,not_applicable_deterministic,lambda=1;kappa=4;rho_inf=1,1.0.0,response_to_clock_rate_4,1.0,4.0,1.0,1.0
F1,0.5623413251903491,clock characteristic time,analytic,clock,0.23511444269379167,0.23511444269379167,,not_applicable_deterministic,lambda=1;kappa=4;rho_inf=1,1.0.0,response_to_clock_rate_4,1.0,4.0,1.0,1.0
F1,0.5843414133735175,clock characteristic time,analytic,clock,0.24269082295939237,0.24269082295939237,,not_applicable_deterministic,lambda=1;kappa=4;rho_inf=1,1.0.0,response_to_clock_rate_4,1.0,4.0,1.0,1.0
F1,0.6072021956909883,clock characteristic time,analytic,clock,0.2504526232421074,0.2504526232421074,,not_applicable_deterministic,lambda=1;kappa=4;rho_inf=1,1.0.0,response_to_clock_rate_4,1.0,4.0,1.0,1.0
F1,0.630957344480193,clock characteristic time,analytic,clock,0.2584002184570767,0.2584002184570767,,not_applicable_deterministic,lambda=1;kappa=4;rho_inf=1,1.0.0,response_to_clock_rate_4,1.0,4.0,1.0,1.0
F1,0.6556418494179785,clock characteristic time,analytic,clock,0.26653365026831377,0.26653365026831377,,not_applicable_deterministic,lambda=1;kappa=4;rho_inf=1,1.0.0,response_to_clock_rate_4,1.0,4.0,1.0,1.0
F1,0.6812920690579615,clock characteristic time,analytic,clock,0.2748526050571577,0.2748526050571577,,not_applicable_deterministic,lambda=1;kappa=4;rho_inf=1,1.0.0,response_to_clock_rate_4,1.0,4.0,1.0,1.0
F1,0.707945784384138,clock characteristic time,analytic,clock,0.2833563918156188,0.2833563918156188,,not_applicable_deterministic,lambda=1;kappa=4;rho_inf=1,1.0.0,response_to_clock_rate_4,1.0,4.0,1.0,1.0
F1,0.7356422544596414,clock characteristic time,analytic,clock,0.29204392010831304,0.29204392010831304,,not_applicable_deterministic,lambda=1;kappa=4;rho_inf=1,1.0.0,response_to_clock_rate_4,1.0,4.0,1.0,1.0
F1,0.7644222742526002,clock characteristic time,analytic,clock,0.3009136782629733,0.3009136782629733,,not_applicable_deterministic,lambda=1;kappa=4;rho_inf=1,1.0.0,response_to_clock_rate_4,1.0,4.0,1.0,1.0
F1,0.7943282347242814,clock characteristic time,analytic,clock,0.30996371196619477,0.30996371196619477,,not_applicable_deterministic,lambda=1;kappa=4;rho_inf=1,1.0.0,response_to_clock_rate_4,1.0,4.0,1.0,1.0
F1,0.8254041852680182,clock characteristic time,analytic,clock,0.31919160345788833,0.31919160345788833,,not_applicable_deterministic,lambda=1;kappa=4;rho_inf=1,1.0.0,response_to_clock_rate_4,1.0,4.0,1.0,1.0
F1,0.8576958985908937,clock characteristic time,analytic,clock,0.32859445153471123,0.32859445153471123,,not_applicable_deterministic,lambda=1;kappa=4;rho_inf=1,1.0.0,response_to_clock_rate_4,1.0,4.0,1.0,1.0
F1,0.8912509381337459,clock characteristic time,analytic,clock,0.33816885258920926,0.33816885258920926,,not_applicable_deterministic,lambda=1;kappa=4;rho_inf=1,1.0.0,response_to_clock_rate_4,1.0,4.0,1.0,1.0
F1,0.9261187281287937,clock characteristic time,analytic,clock,0.34791088292728034,0.34791088292728034,,not_applicable_deterministic,lambda=1;kappa=4;rho_inf=1,1.0.0,response_to_clock_rate_4,1.0,4.0,1.0,1.0
F1,0.9623506263980888,clock characteristic time,analytic,clock,0.3578160826215001,0.3578160826215001,,not_applicable_deterministic,lambda=1;kappa=4;rho_inf=1,1.0.0,response_to_clock_rate_4,1.0,4.0,1.0,1.0
F1,1.0,clock characteristic time,analytic,clock,0.36787944117144233,0.36787944117144233,,not_applicable_deterministic,lambda=1;kappa=4;rho_inf=1,1.0.0,response_to_clock_rate_4,1.0,4.0,1.0,1.0
F1,1.0391223038351691,clock characteristic time,analytic,clock,0.3780953852540082,0.3780953852540082,,not_applicable_deterministic,lambda=1;kappa=4;rho_inf=1,1.0.0,response_to_clock_rate_4,1.0,4.0,1.0,1.0
F1,1.0797751623277094,clock characteristic time,analytic,clock,0.3884577688564296,0.3884577688564296,,not_applicable_deterministic,lambda=1;kappa=4;rho_inf=1,1.0.0,response_to_clock_rate_4,1.0,4.0,1.0,1.0
F1,1.122018454301963,clock characteristic time,analytic,clock,0.39895986609159884,0.39895986609159884,,not_applicable_deterministic,lambda=1;kappa=4;rho_inf=1,1.0.0,response_to_clock_rate_4,1.0,4.0,1.0,1.0
F1,1.165914401179831,clock characteristic time,analytic,clock,0.4095943669991394,0.4095943669991394,,not_applicable_deterministic,lambda=1;kappa=4;rho_inf=1,1.0.0,response_to_clock_rate_4,1.0,4.0,1.0,1.0
F1,1.2115276586285888,clock characteristic time,analytic,clock,0.4203533766356461,0.4203533766356461,,not_applicable_deterministic,lambda=1;kappa=4;rho_inf=1,1.0.0,response_to_clock_rate_4,1.0,4.0,1.0,1.0
F1,1.2589254117941675,clock characteristic time,analytic,clock,0.43122841775322707,0.43122841775322707,,not_applicable_deterministic,lambda=1;kappa=4;rho_inf=1,1.0.0,response_to_clock_rate_4,1.0,4.0,1.0,1.0
F1,1.3081774742601942,clock characteristic time,analytic,clock,0.4422104373563124,0.4422104373563124,,not_applicable_deterministic,lambda=1;kappa=4;rho_inf=1,1.0.0,response_to_clock_rate_4,1.0,4.0,1.0,1.0
F1,1.3593563908785256,clock characteristic time,analytic,clock,0.4532898174121037,0.4532898174121037,,not_applicable_deterministic,lambda=1;kappa=4;rho_inf=1,1.0.0,response_to_clock_rate_4,1.0,4.0,1.0,1.0
F1,1.412537544622754,clock characteristic time,analytic,clock,0.46445638996952343,0.46445638996952343,,not_applicable_deterministic,lambda=1;kappa=4;rho_inf=1,1.0.0,response_to_clock_rate_4,1.0,4.0,1.0,1.0
F1,1.467799267622069,clock characteristic time,analytic,clock,0.4756994569145738,0.4756994569145738,,not_applicable_deterministic,lambda=1;kappa=4;rho_inf=1,1.0.0,response_to_clock_rate_4,1.0,4.0,1.0,1.0
F1,1.5252229565390183,clock characteristic time,analytic,clock,0.48700781455627185,0.48700781455627185,,not_applicable_deterministic,lambda=1;kappa=4;rho_inf=1,1.0.0,response_to_clock_rate_4,1.0,4.0,1.0,1.0
F1,1.584893192461114,clock characteristic time,analytic,clock,0.49836978319642977,0.49836978319642977,,not_applicable_deterministic,lambda=1;kappa=4;rho_inf=1,1.0.0,response_to_clock_rate_4,1.0,4.0,1.0,1.0
F1,1.6468978654828688,clock characteristic time,analytic,clock,0.5097732417883298,0.5097732417883298,,not_applicable_deterministic,lambda=1;kappa=4;rho_inf=1,1.0.0,response_to_clock_rate_4,1.0,4.0,1.0,1.0
F1,1.711328304161781,clock characteristic time,analytic,clock,0.5212056677337433,0.5212056677337433,,not_applicable_deterministic,lambda=1;kappa=4;rho_inf=1,1.0.0,response_to_clock_rate_4,1.0,4.0,1.0,1.0
F1,1.7782794100389228,clock characteristic time,analytic,clock,0.5326541818048476,0.5326541818048476,,not_applicable_deterministic,lambda=1;kappa=4;rho_inf=1,1.0.0,response_to_clock_rate_4,1.0,4.0,1.0,1.0
F1,1.8478497974222907,clock characteristic time,analytic,clock,0.5441055981077746,0.5441055981077746,,not_applicable_deterministic,lambda=1;kappa=4;rho_inf=1,1.0.0,response_to_clock_rate_4,1.0,4.0,1.0,1.0
F1,1.920141938638801,clock characteristic time,analytic,clock,0.5555464789282512,0.5555464789282512,,not_applicable_deterministic,lambda=1;kappa=4;rho_inf=1,1.0.0,response_to_clock_rate_4,1.0,4.0,1.0,1.0
F1,1.9952623149688788,clock characteristic time,analytic,clock,0.5669631942178966,0.5669631942178966,,not_applicable_deterministic,lambda=1;kappa=4;rho_inf=1,1.0.0,response_to_clock_rate_4,1.0,4.0,1.0,1.0
F1,2.073321573485954,clock characteristic time,analytic,clock,0.5783419853932551,0.5783419853932551,,not_applicable_deterministic,lambda=1;kappa=4;rho_inf=1,1.0.0,response_to_clock_rate_4,1.0,4.0,1.0,1.0
F1,2.1544346900318843,clock characteristic time,analytic,clock,0.5896690330298868,0.5896690330298868,,not_applicable_deterministic,lambda=1;kappa=4;rho_inf=1,1.0.0,response_to_clock_rate_4,1.0,4.0,1.0,1.0
F1,2.23872113856834,clock characteristic time,analytic,clock,0.6009305279424364,0.6009305279424364,,not_applicable_deterministic,lambda=1;kappa=4;rho_inf=1,1.0.0,response_to_clock_rate_4,1.0,4.0,1.0,1.0
F1,2.3263050671536263,clock characteristic time,analytic,clock,0.6121127450504413,0.6121127450504413,,not_applicable_deterministic,lambda=1;kappa=4;rho_inf=1,1.0.0,response_to_clock_rate_4,1.0,4.0,1.0,1.0
F1,2.4173154808041035,clock characteristic time,analytic,clock,0.6232021193408614,0.6232021193408614,,not_applicable_deterministic,lambda=1;kappa=4;rho_inf=1,1.0.0,response_to_clock_rate_4,1.0,4.0,1.0,1.0
F1,2.5118864315095797,clock characteristic time,analytic,clock,0.6341853231543388,0.6341853231543388,,not_applicable_deterministic,lambda=1;kappa=4;rho_inf=1,1.0.0,response_to_clock_rate_4,1.0,4.0,1.0,1.0
F1,2.610157215682536,clock characteristic time,analytic,clock,0.645049343945574,0.645049343945574,,not_applicable_deterministic,lambda=1;kappa=4;rho_inf=1,1.0.0,response_to_clock_rate_4,1.0,4.0,1.0,1.0
F1,2.712272579332027,clock characteristic time,analytic,clock,0.6557815616016739,0.6557815616016739,,not_applicable_deterministic,lambda=1;kappa=4;rho_inf=1,1.0.0,response_to_clock_rate_4,1.0,4.0,1.0,1.0
F1,2.818382931264452,clock characteristic time,analytic,clock,0.6663698243486582,0.6663698243486582,,not_applicable_deterministic,lambda=1;kappa=4;rho_inf=1,1.0.0,response_to_clock_rate_4,1.0,4.0,1.0,1.0
F1,2.9286445646252375,clock characteristic time,analytic,clock,0.6768025222382381,0.6768025222382381,,not_applicable_deterministic,lambda=1;kappa=4;rho_inf=1,1.0.0,response_to_clock_rate_4,1.0,4.0,1.0,1.0
F1,3.043219887107722,clock characteristic time,analytic,clock,0.6870686571871245,0.6870686571871245,,not_applicable_deterministic,lambda=1;kappa=4;rho_inf=1,1.0.0,response_to_clock_rate_4,1.0,4.0,1.0,1.0
F1,3.1622776601683795,clock characteristic time,analytic,clock,0.6971579085418442,0.6971579085418442,,not_applicable_deterministic,lambda=1;kappa=4;rho_inf=1,1.0.0,response_to_clock_rate_4,1.0,4.0,1.0,1.0
F1,3.285993247600654,clock characteristic time,analytic,clock,0.7070606931652865,0.7070606931652865,,not_applicable_deterministic,lambda=1;kappa=4;rho_inf=1,1.0.0,response_to_clock_rate_4,1.0,4.0,1.0,1.0
F1,3.4145488738336005,clock characteristic time,analytic,clock,0.7167682190885006,0.7167682190885006,,not_applicable_deterministic,lambda=1;kappa=4;rho_inf=1,1.0.0,response_to_clock_rate_4,1.0,4.0,1.0,1.0
F1,3.5481338923357533,clock characteristic time,analytic,clock,0.7262725318434003,0.7262725318434003,,not_applicable_deterministic,lambda=1;kappa=4;rho_inf=1,1.0.0,response_to_clock_rate_4,1.0,4.0,1.0,1.0
F1,3.6869450645195734,clock characteristic time,analytic,clock,0.7355665526891383,0.7355665526891383,,not_applicable_deterministic,lambda=1;kappa=4;rho_inf=1,1.0.0,response_to_clock_rate_4,1.0,4.0,1.0,1.0
F1,3.831186849557289,clock characteristic time,analytic,clock,0.7446441080662156,0.7446441080662156,,not_applicable_deterministic,lambda=1;kappa=4;rho_inf=1,1.0.0,response_to_clock_rate_4,1.0,4.0,1.0,1.0
F1,3.981071705534973,clock characteristic time,analytic,clock,0.7534999497562151,0.7534999497562151,,not_applicable_deterministic,lambda=1;kappa=4;rho_inf=1,1.0.0,response_to_clock_rate_4,1.0,4.0,1.0,1.0
F1,4.136820402388507,clock characteristic time,analytic,clock,0.7621297653887517,0.7621297653887517,,not_applicable_deterministic,lambda=1;kappa=4;rho_inf=1,1.0.0,response_to_clock_rate_4,1.0,4.0,1.0,1.0
F1,4.298662347082277,clock characteristic time,analytic,clock,0.7705301791171976,0.7705301791171976,,not_applicable_deterministic,lambda=1;kappa=4;rho_inf=1,1.0.0,response_to_clock_rate_4,1.0,4.0,1.0,1.0
F1,4.46683592150963,clock characteristic time,analytic,clock,0.7786987424764674,0.7786987424764674,,not_applicable_deterministic,lambda=1;kappa=4;rho_inf=1,1.0.0,response_to_clock_rate_4,1.0,4.0,1.0,1.0
F1,4.6415888336127775,clock characteristic time,analytic,clock,0.7866339156342774,0.7866339156342774,,not_applicable_deterministic,lambda=1;kappa=4;rho_inf=1,1.0.0,response_to_clock_rate_4,1.0,4.0,1.0,1.0
F1,4.823178482239304,clock characteristic time,analytic,clock,0.7943350394458598,0.7943350394458598,,not_applicable_deterministic,lambda=1;kappa=4;rho_inf=1,1.0.0,response_to_clock_rate_4,1.0,4.0,1.0,1.0
F1,5.011872336272719,clock characteristic time,analytic,clock,0.8018022989146794,0.8018022989146794,,not_applicable_deterministic,lambda=1;kappa=4;rho_inf=1,1.0.0,response_to_clock_rate_4,1.0,4.0,1.0,1.0
F1,5.207948328595465,clock characteristic time,analytic,clock,0.8090366788416429,0.8090366788416429,,not_applicable_deterministic,lambda=1;kappa=4;rho_inf=1,1.0.0,response_to_clock_rate_4,1.0,4.0,1.0,1.0
F1,5.411695265464638,clock characteristic time,analytic,clock,0.8160399126061197,0.8160399126061197,,not_applicable_deterministic,lambda=1;kappa=4;rho_inf=1,1.0.0,response_to_clock_rate_4,1.0,4.0,1.0,1.0
F1,5.62341325190349,clock characteristic time,analytic,clock,0.8228144251577327,0.8228144251577327,,not_applicable_deterministic,lambda=1;kappa=4;rho_inf=1,1.0.0,response_to_clock_rate_4,1.0,4.0,1.0,1.0
F1,5.843414133735175,clock characteristic time,analytic,clock,0.8293632714030041,0.8293632714030041,,not_applicable_deterministic,lambda=1;kappa=4;rho_inf=1,1.0.0,response_to_clock_rate_4,1.0,4.0,1.0,1.0
F1,6.072021956909884,clock characteristic time,analytic,clock,0.835690071241349,0.835690071241349,,not_applicable_deterministic,lambda=1;kappa=4;rho_inf=1,1.0.0,response_to_clock_rate_4,1.0,4.0,1.0,1.0
F1,6.30957344480193,clock characteristic time,analytic,clock,0.8417989425376793,0.8417989425376793,,not_applicable_deterministic,lambda=1;kappa=4;rho_inf=1,1.0.0,response_to_clock_rate_4,1.0,4.0,1.0,1.0
F1,6.556418494179785,clock characteristic time,analytic,clock,0.8476944333127259,0.8476944333127259,,not_applicable_deterministic,lambda=1;kappa=4;rho_inf=1,1.0.0,response_to_clock_rate_4,1.0,4.0,1.0,1.0
F1,6.812920690579615,clock characteristic time,analytic,clock,0.8533814543874902,0.8533814543874902,,not_applicable_deterministic,lambda=1;kappa=4;rho_inf=1,1.0.0,response_to_clock_rate_4,1.0,4.0,1.0,1.0
F1,7.07945784384138,clock characteristic time,analytic,clock,0.8588652136371452,0.8588652136371452,,not_applicable_deterministic,lambda=1;kappa=4;rho_inf=1,1.0.0,response_to_clock_rate_4,1.0,4.0,1.0,1.0
F1,7.3564225445964135,clock characteristic time,analytic,clock,0.864151152896055,0.864151152896055,,not_applicable_deterministic,lambda=1;kappa=4;rho_inf=1,1.0.0,response_to_clock_rate_4,1.0,4.0,1.0,1.0
F1,7.644222742526002,clock characteristic time,analytic,clock,0.8692448884147148,0.8692448884147148,,not_applicable_deterministic,lambda=1;kappa=4;rho_inf=1,1.0.0,response_to_clock_rate_4,1.0,4.0,1.0,1.0
F1,7.943282347242813,clock characteristic time,analytic,clock,0.8741521556079044,0.8741521556079044,,not_applicable_deterministic,lambda=1;kappa=4;rho_inf=1,1.0.0,response_to_clock_rate_4,1.0,4.0,1.0,1.0
F1,8.254041852680182,clock characteristic time,analytic,clock,0.8788787586586432,0.8788787586586432,,not_applicable_deterministic,lambda=1;kappa=4;rho_inf=1,1.0.0,response_to_clock_rate_4,1.0,4.0,1.0,1.0
F1,8.576958985908938,clock characteristic time,analytic,clock,0.8834305253624954,0.8834305253624954,,not_applicable_deterministic,lambda=1;kappa=4;rho_inf=1,1.0.0,response_to_clock_rate_4,1.0,4.0,1.0,1.0
F1,8.91250938133745,clock characteristic time,analytic,clock,0.887813267419244,0.887813267419244,,not_applicable_deterministic,lambda=1;kappa=4;rho_inf=1,1.0.0,response_to_clock_rate_4,1.0,4.0,1.0,1.0
F1,9.261187281287937,clock characteristic time,analytic,clock,0.8920327462112507,0.8920327462112507,,not_applicable_deterministic,lambda=1;kappa=4;rho_inf=1,1.0.0,response_to_clock_rate_4,1.0,4.0,1.0,1.0
F1,9.623506263980888,clock characteristic time,analytic,clock,0.8960946439563474,0.8960946439563474,,not_applicable_deterministic,lambda=1;kappa=4;rho_inf=1,1.0.0,response_to_clock_rate_4,1.0,4.0,1.0,1.0
F1,10.0,clock characteristic time,analytic,clock,0.9000045399929762,0.9000045399929762,,not_applicable_deterministic,lambda=1;kappa=4;rho_inf=1,1.0.0,response_to_clock_rate_4,1.0,4.0,1.0,1.0
F1,10.39122303835169,clock characteristic time,analytic,clock,0.9037678918500767,0.9037678918500767,,not_applicable_deterministic,lambda=1;kappa=4;rho_inf=1,1.0.0,response_to_clock_rate_4,1.0,4.0,1.0,1.0
F1,10.797751623277094,clock characteristic time,analytic,clock,0.9073900206758295,0.9073900206758295,,not_applicable_deterministic,lambda=1;kappa=4;rho_inf=1,1.0.0,response_to_clock_rate_4,1.0,4.0,1.0,1.0
F1,11.220184543019629,clock characteristic time,analytic,clock,0.910876100548047,0.910876100548047,,not_applicable_deterministic,lambda=1;kappa=4;rho_inf=1,1.0.0,response_to_clock_rate_4,1.0,4.0,1.0,1.0
F1,11.659144011798311,clock characteristic time,analytic,clock,0.9142311511634624,0.9142311511634624,,not_applicable_deterministic,lambda=1;kappa=4;rho_inf=1,1.0.0,response_to_clock_rate_4,1.0,4.0,1.0,1.0
F1,12.115276586285876,clock characteristic time,analytic,clock,0.9174600334008327,0.9174600334008327,,not_applicable_deterministic,lambda=1;kappa=4;rho_inf=1,1.0.0,response_to_clock_rate_4,1.0,4.0,1.0,1.0
F1,12.589254117941662,clock characteristic time,analytic,clock,0.9205674472700534,0.9205674472700534,,not_applicable_deterministic,lambda=1;kappa=4;rho_inf=1,1.0.0,response_to_clock_rate_4,1.0,4.0,1.0,1.0
F1,13.081774742601928,clock characteristic time,analytic,clock,0.9235579317922211,0.9235579317922211,,not_applicable_deterministic,lambda=1;kappa=4;rho_inf=1,1.0.0,response_to_clock_rate_4,1.0,4.0,1.0,1.0
F1,13.593563908785242,clock characteristic time,analytic,clock,0.926435866399322,0.926435866399322,,not_applicable_deterministic,lambda=1;kappa=4;rho_inf=1,1.0.0,response_to_clock_rate_4,1.0,4.0,1.0,1.0
F1,14.125375446227554,clock characteristic time,analytic,clock,0.9292054734926704,0.9292054734926704,,not_applicable_deterministic,lambda=1;kappa=4;rho_inf=1,1.0.0,response_to_clock_rate_4,1.0,4.0,1.0,1.0
F1,14.677992676220706,clock characteristic time,analytic,clock,0.931870821852431,0.931870821852431,,not_applicable_deterministic,lambda=1;kappa=4;rho_inf=1,1.0.0,response_to_clock_rate_4,1.0,4.0,1.0,1.0
F1,15.252229565390198,clock characteristic time,analytic,clock,0.9344358306432281,0.9344358306432281,,not_applicable_deterministic,lambda=1;kappa=4;rho_inf=1,1.0.0,response_to_clock_rate_4,1.0,4.0,1.0,1.0
F1,15.848931924611142,clock characteristic time,analytic,clock,0.9369042738103884,0.9369042738103884,,not_applicable_deterministic,lambda=1;kappa=4;rho_inf=1,1.0.0,response_to_clock_rate_4,1.0,4.0,1.0,1.0
F1,16.46897865482869,clock characteristic time,analytic,clock,0.9392797847060061,0.9392797847060061,,not_applicable_deterministic,lambda=1;kappa=4;rho_inf=1,1.0.0,response_to_clock_rate_4,1.0,4.0,1.0,1.0
F1,17.11328304161781,clock characteristic time,analytic,clock,0.9415658608226907,0.9415658608226907,,not_applicable_deterministic,lambda=1;kappa=4;rho_inf=1,1.0.0,response_to_clock_rate_4,1.0,4.0,1.0,1.0
F1,17.78279410038923,clock characteristic time,analytic,clock,0.9437658685451832,0.9437658685451832,,not_applicable_deterministic,lambda=1;kappa=4;rho_inf=1,1.0.0,response_to_clock_rate_4,1.0,4.0,1.0,1.0
F1,18.478497974222908,clock characteristic time,analytic,clock,0.9458830478561215,0.9458830478561215,,not_applicable_deterministic,lambda=1;kappa=4;rho_inf=1,1.0.0,response_to_clock_rate_4,1.0,4.0,1.0,1.0
F1,19.20141938638801,clock characteristic time,analytic,clock,0.9479205169526046,0.9479205169526046,,not_applicable_deterministic,lambda=1;kappa=4;rho_inf=1,1.0.0,response_to_clock_rate_4,1.0,4.0,1.0,1.0
F1,19.952623149688787,clock characteristic time,analytic,clock,0.9498812767455871,0.9498812767455871,,not_applicable_deterministic,lambda=1;kappa=4;rho_inf=1,1.0.0,response_to_clock_rate_4,1.0,4.0,1.0,1.0
F1,20.73321573485954,clock characteristic time,analytic,clock,0.9517682152253611,0.9517682152253611,,not_applicable_deterministic,lambda=1;kappa=4;rho_inf=1,1.0.0,response_to_clock_rate_4,1.0,4.0,1.0,1.0
F1,21.54434690031882,clock characteristic time,analytic,clock,0.9535841116842931,0.9535841116842931,,not_applicable_deterministic,lambda=1;kappa=4;rho_inf=1,1.0.0,response_to_clock_rate_4,1.0,4.0,1.0,1.0
F1,22.38721138568338,clock characteristic time,analytic,clock,0.9553316407933634,0.9553316407933634,,not_applicable_deterministic,lambda=1;kappa=4;rho_inf=1,1.0.0,response_to_clock_rate_4,1.0,4.0,1.0,1.0
F1,23.263050671536238,clock characteristic time,analytic,clock,0.9570133765325681,0.9570133765325681,,not_applicable_deterministic,lambda=1;kappa=4;rho_inf=1,1.0.0,response_to_clock_rate_4,1.0,4.0,1.0,1.0
F1,24.173154808041012,clock characteristic time,analytic,clock,0.9586317959774283,0.9586317959774283,,not_applicable_deterministic,lambda=1;kappa=4;rho_inf=1,1.0.0,response_to_clock_rate_4,1.0,4.0,1.0,1.0
F1,25.11886431509582,clock characteristic time,analytic,clock,0.9601892829451413,0.9601892829451413,,not_applicable_deterministic,lambda=1;kappa=4;rho_inf=1,1.0.0,response_to_clock_rate_4,1.0,4.0,1.0,1.0
F1,26.101572156825384,clock characteristic time,analytic,clock,0.961688131504604,0.961688131504604,,not_applicable_deterministic,lambda=1;kappa=4;rho_inf=1,1.0.0,response_to_clock_rate_4,1.0,4.0,1.0,1.0
F1,27.122725793320296,clock characteristic time,analytic,clock,0.9631305493548655,0.9631305493548655,,not_applicable_deterministic,lambda=1;kappa=4;rho_inf=1,1.0.0,response_to_clock_rate_4,1.0,4.0,1.0,1.0
F1,28.183829312644548,clock characteristic time,analytic,clock,0.9645186610766628,0.9645186610766628,,not_applicable_deterministic,lambda=1;kappa=4;rho_inf=1,1.0.0,response_to_clock_rate_4,1.0,4.0,1.0,1.0
F1,29.28644564625237,clock characteristic time,analytic,clock,0.9658545112616705,0.9658545112616705,,not_applicable_deterministic,lambda=1;kappa=4;rho_inf=1,1.0.0,response_to_clock_rate_4,1.0,4.0,1.0,1.0
F1,30.432198871077222,clock characteristic time,analytic,clock,0.9671400675239955,0.9671400675239955,,not_applicable_deterministic,lambda=1;kappa=4;rho_inf=1,1.0.0,response_to_clock_rate_4,1.0,4.0,1.0,1.0
F1,31.622776601683793,clock characteristic time,analytic,clock,0.9683772233983168,0.9683772233983168,,not_applicable_deterministic,lambda=1;kappa=4;rho_inf=1,1.0.0,response_to_clock_rate_4,1.0,4.0,1.0,1.0
F1,32.85993247600654,clock characteristic time,analytic,clock,0.9695678011289229,0.9695678011289229,,not_applicable_deterministic,lambda=1;kappa=4;rho_inf=1,1.0.0,response_to_clock_rate_4,1.0,4.0,1.0,1.0
F1,34.145488738336006,clock characteristic time,analytic,clock,0.9707135543537476,0.9707135543537476,,not_applicable_deterministic,lambda=1;kappa=4;rho_inf=1,1.0.0,response_to_clock_rate_4,1.0,4.0,1.0,1.0
F1,35.481338923357534,clock characteristic time,analytic,clock,0.9718161706873555,0.9718161706873555,,not_applicable_deterministic,lambda=1;kappa=4;rho_inf=1,1.0.0,response_to_clock_rate_4,1.0,4.0,1.0,1.0
F1,36.869450645195734,clock characteristic time,analytic,clock,0.9728772742066797,0.9728772742066797,,not_applicable_deterministic,lambda=1;kappa=4;rho_inf=1,1.0.0,response_to_clock_rate_4,1.0,4.0,1.0,1.0
F1,38.31186849557285,clock characteristic time,analytic,clock,0.9738984278431746,0.9738984278431746,,not_applicable_deterministic,lambda=1;kappa=4;rho_inf=1,1.0.0,response_to_clock_rate_4,1.0,4.0,1.0,1.0
F1,39.81071705534969,clock characteristic time,analytic,clock,0.9748811356849042,0.9748811356849042,,not_applicable_deterministic,lambda=1;kappa=4;rho_inf=1,1.0.0,response_to_clock_rate_4,1.0,4.0,1.0,1.0
F1,41.36820402388503,clock characteristic time,analytic,clock,0.975826845191959,0.975826845191959,,not_applicable_deterministic,lambda=1;kappa=4;rho_inf=1,1.0.0,response_to_clock_rate_4,1.0,4.0,1.0,1.0
F1,42.98662347082272,clock characteristic time,analytic,clock,0.9767369493284637,0.9767369493284637,,not_applicable_deterministic,lambda=1;kappa=4;rho_inf=1,1.0.0,response_to_clock_rate_4,1.0,4.0,1.0,1.0
F1,44.668359215096345,clock characteristic time,analytic,clock,0.9776127886143167,0.9776127886143167,,not_applicable_deterministic,lambda=1;kappa=4;rho_inf=1,1.0.0,response_to_clock_rate_4,1.0,4.0,1.0,1.0
F1,46.41588833612782,clock characteristic time,analytic,clock,0.9784556530996812,0.9784556530996812,,not_applicable_deterministic,lambda=1;kappa=4;rho_inf=1,1.0.0,response_to_clock_rate_4,1.0,4.0,1.0,1.0
F1,48.23178482239309,clock characteristic time,analytic,clock,0.9792667842651405,0.9792667842651405,,not_applicable_deterministic,lambda=1;kappa=4;rho_inf=1,1.0.0,response_to_clock_rate_4,1.0,4.0,1.0,1.0
F1,50.118723362727245,clock characteristic time,analytic,clock,0.9800473768503112,0.9800473768503112,,not_applicable_deterministic,lambda=1;kappa=4;rho_inf=1,1.0.0,response_to_clock_rate_4,1.0,4.0,1.0,1.0
F1,52.07948328595465,clock characteristic time,analytic,clock,0.980798580613612,0.980798580613612,,not_applicable_deterministic,lambda=1;kappa=4;rho_inf=1,1.0.0,response_to_clock_rate_4,1.0,4.0,1.0,1.0
F1,54.116952654646376,clock characteristic time,analytic,clock,0.981521502025777,0.981521502025777,,not_applicable_deterministic,lambda=1;kappa=4;rho_inf=1,1.0.0,response_to_clock_rate_4,1.0,4.0,1.0,1.0
F1,56.23413251903491,clock characteristic time,analytic,clock,0.9822172058996108,0.9822172058996108,,not_applicable_deterministic,lambda=1;kappa=4;rho_inf=1,1.0.0,response_to_clock_rate_4,1.0,4.0,1.0,1.0
F1,58.434141337351754,clock characteristic time,analytic,clock,0.9828867169583821,0.9828867169583821,,not_applicable_deterministic,lambda=1;kappa=4;rho_inf=1,1.0.0,response_to_clock_rate_4,1.0,4.0,1.0,1.0
F1,60.72021956909884,clock characteristic time,analytic,clock,0.9835310213451713,0.9835310213451713,,not_applicable_deterministic,lambda=1;kappa=4;rho_inf=1,1.0.0,response_to_clock_rate_4,1.0,4.0,1.0,1.0
F1,63.0957344480193,clock characteristic time,analytic,clock,0.9841510680753889,0.9841510680753889,,not_applicable_deterministic,lambda=1;kappa=4;rho_inf=1,1.0.0,response_to_clock_rate_4,1.0,4.0,1.0,1.0
F1,65.56418494179785,clock characteristic time,analytic,clock,0.9847477704346098,0.9847477704346098,,not_applicable_deterministic,lambda=1;kappa=4;rho_inf=1,1.0.0,response_to_clock_rate_4,1.0,4.0,1.0,1.0
F1,68.12920690579608,clock characteristic time,analytic,clock,0.9853220073237793,0.9853220073237793,,not_applicable_deterministic,lambda=1;kappa=4;rho_inf=1,1.0.0,response_to_clock_rate_4,1.0,4.0,1.0,1.0
F1,70.79457843841374,clock characteristic time,analytic,clock,0.9858746245537724,0.9858746245537724,,not_applicable_deterministic,lambda=1;kappa=4;rho_inf=1,1.0.0,response_to_clock_rate_4,1.0,4.0,1.0,1.0
F1,73.56422544596406,clock characteristic time,analytic,clock,0.9864064360912147,0.9864064360912147,,not_applicable_deterministic,lambda=1;kappa=4;rho_inf=1,1.0.0,response_to_clock_rate_4,1.0,4.0,1.0,1.0
F1,76.44222742525994,clock characteristic time,analytic,clock,0.986918225257398,0.986918225257398,,not_applicable_deterministic,lambda=1;kappa=4;rho_inf=1,1.0.0,response_to_clock_rate_4,1.0,4.0,1.0,1.0
F1,79.43282347242821,clock characteristic time,analytic,clock,0.9874107458820583,0.9874107458820583,,not_applicable_deterministic,lambda=1;kappa=4;rho_inf=1,1.0.0,response_to_clock_rate_4,1.0,4.0,1.0,1.0
F1,82.5404185268019,clock characteristic time,analytic,clock,0.9878847234137141,0.9878847234137141,,not_applicable_deterministic,lambda=1;kappa=4;rho_inf=1,1.0.0,response_to_clock_rate_4,1.0,4.0,1.0,1.0
F1,85.76958985908946,clock characteristic time,analytic,clock,0.9883408559882016,0.9883408559882016,,not_applicable_deterministic,lambda=1;kappa=4;rho_inf=1,1.0.0,response_to_clock_rate_4,1.0,4.0,1.0,1.0
F1,89.12509381337459,clock characteristic time,analytic,clock,0.9887798154569803,0.9887798154569803,,not_applicable_deterministic,lambda=1;kappa=4;rho_inf=1,1.0.0,response_to_clock_rate_4,1.0,4.0,1.0,1.0
F1,92.61187281287937,clock characteristic time,analytic,clock,0.9892022483767229,0.9892022483767229,,not_applicable_deterministic,lambda=1;kappa=4;rho_inf=1,1.0.0,response_to_clock_rate_4,1.0,4.0,1.0,1.0
F1,96.23506263980887,clock characteristic time,analytic,clock,0.9896087769616483,0.9896087769616483,,not_applicable_deterministic,lambda=1;kappa=4;rho_inf=1,1.0.0,response_to_clock_rate_4,1.0,4.0,1.0,1.0
F1,100.0,clock characteristic time,analytic,clock,0.99,0.99,,not_applicable_deterministic,lambda=1;kappa=4;rho_inf=1,1.0.0,response_to_clock_rate_4,1.0,4.0,1.0,1.0
F1,0.001,clock characteristic time,analytic,coupling,0.0019973359978681104,0.0019973359978681104,,not_applicable_deterministic,lambda=1;kappa=4;rho_inf=1,1.0.0,response_to_clock_rate_4,1.0,4.0,1.0,1.0
F1,0.001039122303835169,clock characteristic time,analytic,coupling,0.0020753681968010973,0.0020753681968010973,,not_applicable_deterministic,lambda=1;kappa=4;rho_inf=1,1.0.0,response_to_clock_rate_4,1.0,4.0,1.0,1.0
F1,0.0010797751623277093,clock characteristic time,analytic,coupling,0.002156444573822247,0.002156444573822247,,not_applicable_deterministic,lambda=1;kappa=4;rho_inf=1,1.0.0,response_to_clock_rate_4,1.0,4.0,1.0,1.0
F1,0.001122018454301963,clock characteristic time,analytic,coupling,0.0022406835375606837,0.0022406835375606837,,not_applicable_deterministic,lambda=1;kappa=4;rho_inf=1,1.0.0,response_to_clock_rate_4,1.0,4.0,1.0,1.0
F1,0.0011659144011798323,clock characteristic time,analytic,coupling,0.0023282080744269074,0.0023282080744269074,,not_applicable_deterministic,lambda=1;kappa=4;rho_inf=1,1.0.0,response_to_clock_rate_4,1.0,4.0,1.0,1.0
F1,0.001211527658628589,clock characteristic time,analytic,coupling,0.0024191459233628976,0.0024191459233628976,,not_applicable_deterministic,lambda=1;kappa=4;rho_inf=1,1.0.0,response_to_clock_rate_4,1.0,4.0,1.0,1.0
F1,0.0012589254117941675,clock characteristic time,analytic,coupling,0.0025136297570870214,0.0025136297570870214,,not_applicable_deterministic,lambda=1;kappa=4;rho_inf=1,1.0.0,response_to_clock_rate_4,1.0,4.0,1.0,1.0
F1,0.0013081774742601943,clock characteristic time,analytic,coupling,0.0026117973700566788,0.0026117973700566788,,not_applicable_deterministic,lambda=1;kappa=4;rho_inf=1,1.0.0,response_to_clock_rate_4,1.0,4.0,1.0,1.0
F1,0.0013593563908785254,clock characteristic time,analytic,coupling,0.0027137918733832755,0.0027137918733832755,,not_applicable_deterministic,lambda=1;kappa=4;rho_inf=1,1.0.0,response_to_clock_rate_4,1.0,4.0,1.0,1.0
F1,0.001412537544622754,clock characteristic time,analytic,coupling,0.002819761896941775,0.002819761896941775,,not_applicable_deterministic,lambda=1;kappa=4;rho_inf=1,1.0.0,response_to_clock_rate_4,1.0,4.0,1.0,1.0
F1,0.001467799267622069,clock characteristic time,analytic,coupling,0.0029298617989187425,0.0029298617989187425,,not_applicable_deterministic,lambda=1;kappa=4;rho_inf=1,1.0.0,response_to_clock_rate_4,1.0,4.0,1.0,1.0
F1,0.0015252229565390183,clock characteristic time,analytic,coupling,0.003044251883056126,0.003044251883056126,,not_applicable_deterministic,lambda=1;kappa=4;rho_inf=1,1.0.0,response_to_clock_rate_4,1.0,4.0,1.0,1.0
F1,0.001584893192461114,clock characteristic time,analytic,coupling,0.0031630986238497805,0.0031630986238497805,,not_applicable_deterministic,lambda=1;kappa=4;rho_inf=1,1.0.0,response_to_clock_rate_4,1.0,4.0,1.0,1.0
F1,0.0016468978654828688,clock characteristic time,analytic,coupling,0.0032865748999735267,0.0032865748999735267,,not_applicable_deterministic,lambda=1;kappa=4;rho_inf=1,1.0.0,response_to_clock_rate_4,1.0,4.0,1.0,1.0
F1,0.001711328304161781,clock characteristic time,analytic,coupling,0.003414860236200856,0.003414860236200856,,not_applicable_deterministic,lambda=1;kappa=4;rho_inf=1,1.0.0,response_to_clock_rate_4,1.0,4.0,1.0,1.0
F1,0.0017782794100389228,clock characteristic time,analytic,coupling,0.0035481410541113867,0.0035481410541113867,,not_applicable_deterministic,lambda=1;kappa=4;rho_inf=1,1.0.0,response_to_clock_rate_4,1.0,4.0,1.0,1.0
F1,0.0018478497974222907,clock characteristic time,analytic,coupling,0.0036866109318679507,0.0036866109318679507,,not_applicable_deterministic,lambda=1;kappa=4;rho_inf=1,1.0.0,response_to_clock_rate_4,1.0,4.0,1.0,1.0
F1,0.001920141938638801,clock characteristic time,analytic,coupling,0.003830470873363856,0.003830470873363856,,not_applicable_deterministic,lambda=1;kappa=4;rho_inf=1,1.0.0,response_to_clock_rate_4,1.0,4.0,1.0,1.0
F1,0.001995262314968879,clock characteristic time,analytic,coupling,0.003979929587043074,0.003979929587043074,,not_applicable_deterministic,lambda=1;kappa=4;rho_inf=1,1.0.0,response_to_clock_rate_4,1.0,4.0,1.0,1.0
F1,0.002073321573485954,clock characteristic time,analytic,coupling,0.00413520377470511,0.00413520377470511,,not_applicable_deterministic,lambda=1;kappa=4;rho_inf=1,1.0.0,response_to_clock_rate_4,1.0,4.0,1.0,1.0
F1,0.0021544346900318843,clock characteristic time,analytic,coupling,0.004296518430612073,0.004296518430612073,,not_applicable_deterministic,lambda=1;kappa=4;rho_inf=1,1.0.0,response_to_clock_rate_4,1.0,4.0,1.0,1.0
F1,0.00223872113856834,clock characteristic time,analytic,coupling,0.0044641071512250274,0.0044641071512250274,,not_applicable_deterministic,lambda=1;kappa=4;rho_inf=1,1.0.0,response_to_clock_rate_4,1.0,4.0,1.0,1.0
F1,0.0023263050671536263,clock characteristic time,analytic,coupling,0.004638212455896018,0.004638212455896018,,not_applicable_deterministic,lambda=1;kappa=4;rho_inf=1,1.0.0,response_to_clock_rate_4,1.0,4.0,1.0,1.0
F1,0.0024173154808041037,clock characteristic time,analytic,coupling,0.004819086118859728,0.004819086118859728,,not_applicable_deterministic,lambda=1;kappa=4;rho_inf=1,1.0.0,response_to_clock_rate_4,1.0,4.0,1.0,1.0
F1,0.0025118864315095794,clock characteristic time,analytic,coupling,0.005006989512863935,0.005006989512863935,,not_applicable_deterministic,lambda=1;kappa=4;rho_inf=1,1.0.0,response_to_clock_rate_4,1.0,4.0,1.0,1.0
F1,0.0026101572156825357,clock characteristic time,analytic,coupling,0.005202193964792601,0.005202193964792601,,not_applicable_deterministic,lambda=1;kappa=4;rho_inf=1,1.0.0,response_to_clock_rate_4,1.0,4.0,1.0,1.0
F1,0.0027122725793320298,clock characteristic time,analytic,coupling,0.005404981123632413,0.005404981123632413,,not_applicable_deterministic,lambda=1;kappa=4;rho_inf=1,1.0.0,response_to_clock_rate_4,1.0,4.0,1.0,1.0
F1,0.002818382931264455,clock characteristic time,analytic,coupling,0.00561564334114828,0.00561564334114828,,not_applicable_deterministic,lambda=1;kappa=4;rho_inf=1,1.0.0,response_to_clock_rate_4,1.0,4.0,1.0,1.0
F1,0.0029286445646252374,clock characteristic time,analytic,coupling,0.005834484065628476,0.005834484065628476,,not_applicable_deterministic,lambda=1;kappa=4;rho_inf=1,1.0.0,response_to_clock_rate_4,1.0,4.0,1.0,1.0
F1,0.003043219887107722,clock characteristic time,analytic,coupling,0.006061818249072259,0.006061818249072259,,not_applicable_deterministic,lambda=1;kappa=4;rho_inf=1,1.0.0,response_to_clock_rate_4,1.0,4.0,1.0,1.0
F1,0.0031622776601683794,clock characteristic time,analytic,coupling,0.006297972768189997,0.006297972768189997,,not_applicable_deterministic,lambda=1;kappa=4;rho_inf=1,1.0.0,response_to_clock_rate_4,1.0,4.0,1.0,1.0
F1,0.003285993247600654,clock characteristic time,analytic,coupling,0.006543286859591824,0.006543286859591824,,not_applicable_deterministic,lambda=1;kappa=4;rho_inf=1,1.0.0,response_to_clock_rate_4,1.0,4.0,1.0,1.0
F1,0.003414548873833601,clock characteristic time,analytic,coupling,0.00679811256954399,0.00679811256954399,,not_applicable_deterministic,lambda=1;kappa=4;rho_inf=1,1.0.0,response_to_clock_rate_4,1.0,4.0,1.0,1.0
F1,0.0035481338923357532,clock characteristic time,analytic,coupling,0.007062815218669138,0.007062815218669138,,not_applicable_deterministic,lambda=1;kappa=4;rho_inf=1,1.0.0,response_to_clock_rate_4,1.0,4.0,1.0,1.0
F1,0.0036869450645195733,clock characteristic time,analytic,coupling,0.007337773881970211,0.007337773881970211,,not_applicable_deterministic,lambda=1;kappa=4;rho_inf=1,1.0.0,response_to_clock_rate_4,1.0,4.0,1.0,1.0
F1,0.003831186849557289,clock characteristic time,analytic,coupling,0.00762338188455669,0.00762338188455669,,not_applicable_deterministic,lambda=1;kappa=4;rho_inf=1,1.0.0,response_to_clock_rate_4,1.0,4.0,1.0,1.0
F1,0.003981071705534973,clock characteristic time,analytic,coupling,0.007920047313446199,0.007920047313446199,,not_applicable_deterministic,lambda=1;kappa=4;rho_inf=1,1.0.0,response_to_clock_rate_4,1.0,4.0,1.0,1.0
F1,0.004136820402388507,clock characteristic time,analytic,coupling,0.00822819354581672,0.00822819354581672,,not_applicable_deterministic,lambda=1;kappa=4;rho_inf=1,1.0.0,response_to_clock_rate_4,1.0,4.0,1.0,1.0
F1,0.004298662347082277,clock characteristic time,analytic,coupling,0.008548259794074586,0.008548259794074586,,not_applicable_deterministic,lambda=1;kappa=4;rho_inf=1,1.0.0,response_to_clock_rate_4,1.0,4.0,1.0,1.0
F1,0.0044668359215096305,clock characteristic time,analytic,coupling,0.008880701668097624,0.008880701668097624,,not_applicable_deterministic,lambda=1;kappa=4;rho_inf=1,1.0.0,response_to_clock_rate_4,1.0,4.0,1.0,1.0
F1,0.004641588833612777,clock characteristic time,analytic,coupling,0.009225991755008378,0.009225991755008378,,not_applicable_deterministic,lambda=1;kappa=4;rho_inf=1,1.0.0,response_to_clock_rate_4,1.0,4.0,1.0,1.0
F1,0.004823178482239309,clock characteristic time,analytic,coupling,0.009584620216816164,0.009584620216816164,,not_applicable_deterministic,lambda=1;kappa=4;rho_inf=1,1.0.0,response_to_clock_rate_4,1.0,4.0,1.0,1.0
F1,0.005011872336272725,clock characteristic time,analytic,coupling,0.009957095406257221,0.009957095406257221,,not_applicable_deterministic,lambda=1;kappa=4;rho_inf=1,1.0.0,response_to_clock_rate_4,1.0,4.0,1.0,1.0
F1,0.005207948328595465,clock characteristic time,analytic,coupling,0.010343944501149838,0.010343944501149838,,not_applicable_deterministic,lambda=1;kappa=4;rho_inf=1,1.0.0,response_to_clock_rate_4,1.0,4.0,1.0,1.0
F1,0.0054116952654646375,clock characteristic time,analytic,coupling,0.010745714157553654,0.010745714157553654,,not_applicable_deterministic,lambda=1;kappa=4;rho_inf=1,1.0.0,response_to_clock_rate_4,1.0,4.0,1.0,1.0
F1,0.005623413251903491,clock characteristic time,analytic,coupling,0.011162971182017367,0.011162971182017367,,not_applicable_deterministic,lambda=1;kappa=4;rho_inf=1,1.0.0,response_to_clock_rate_4,1.0,4.0,1.0,1.0
F1,0.005843414133735175,clock characteristic time,analytic,coupling,0.011596303223158522,0.011596303223158522,,not_applicable_deterministic,lambda=1;kappa=4;rho_inf=1,1.0.0,response_to_clock_rate_4,1.0,4.0,1.0,1.0
F1,0.006072021956909884,clock characteristic time,analytic,coupling,0.012046319482807655,0.012046319482807655,,not_applicable_deterministic,lambda=1;kappa=4;rho_inf=1,1.0.0,response_to_clock_rate_4,1.0,4.0,1.0,1.0
F1,0.006309573444801929,clock characteristic time,analytic,coupling,0.01251365144690364,0.01251365144690364,,not_applicable_deterministic,lambda=1;kappa=4;rho_inf=1,1.0.0,response_to_clock_rate_4,1.0,4.0,1.0,1.0
F1,0.006556418494179785,clock characteristic time,analytic,coupling,0.012998953636305766,0.012998953636305766,,not_applicable_deterministic,lambda=1;kappa=4;rho_inf=1,1.0.0,response_to_clock_rate_4,1.0,4.0,1.0,1.0
F1,0.006812920690579615,clock characteristic time,analytic,coupling,0.013502904377639235,0.013502904377639235,,not_applicable_deterministic,lambda=1;kappa=4;rho_inf=1,1.0.0,response_to_clock_rate_4,1.0,4.0,1.0,1.0
F1,0.00707945784384138,clock characteristic time,analytic,coupling,0.014026206594251467,0.014026206594251467,,not_applicable_deterministic,lambda=1;kappa=4;rho_inf=1,1.0.0,response_to_clock_rate_4,1.0,4.0,1.0,1.0
F1,0.007356422544596414,clock characteristic time,analytic,coupling,0.01456958861730595,0.01456958861730595,,not_applicable_deterministic,lambda=1;kappa=4;rho_inf=1,1.0.0,response_to_clock_rate_4,1.0,4.0,1.0,1.0
F1,0.007644222742526002,clock characteristic time,analytic,coupling,0.015133805016987911,0.015133805016987911,,not_applicable_deterministic,lambda=1;kappa=4;rho_inf=1,1.0.0,response_to_clock_rate_4,1.0,4.0,1.0,1.0
F1,0.007943282347242814,clock characteristic time,analytic,coupling,0.01571963745373217,0.01571963745373217,,not_applicable_deterministic,lambda=1;kappa=4;rho_inf=1,1.0.0,response_to_clock_rate_4,1.0,4.0,1.0,1.0
F1,0.008254041852680182,clock characteristic time,analytic,coupling,0.016327895549321347,0.016327895549321347,,not_applicable_deterministic,lambda=1;kappa=4;rho_inf=1,1.0.0,response_to_clock_rate_4,1.0,4.0,1.0,1.0
F1,0.008576958985908946,clock characteristic time,analytic,coupling,0.01695941777762222,0.01695941777762222,,not_applicable_deterministic,lambda=1;kappa=4;rho_inf=1,1.0.0,response_to_clock_rate_4,1.0,4.0,1.0,1.0
F1,0.008912509381337459,clock characteristic time,analytic,coupling,0.017615072374655427,0.017615072374655427,,not_applicable_deterministic,lambda=1;kappa=4;rho_inf=1,1.0.0,response_to_clock_rate_4,1.0,4.0,1.0,1.0
F1,0.009261187281287938,clock characteristic time,analytic,coupling,0.018295758267593998,0.018295758267593998,,not_applicable_deterministic,lambda=1;kappa=4;rho_inf=1,1.0.0,response_to_clock_rate_4,1.0,4.0,1.0,1.0
F1,0.009623506263980888,clock characteristic time,analytic,coupling,0.01900240602219827,0.01900240602219827,,not_applicable_deterministic,lambda=1;kappa=4;rho_inf=1,1.0.0,response_to_clock_rate_4,1.0,4.0,1.0,1.0
F1,0.01,clock characteristic time,analytic,coupling,0.019735978808080312,0.019735978808080312,,not_applicable_deterministic,lambda=1;kappa=4;rho_inf=1,1.0.0,response_to_clock_rate_4,1.0,4.0,1.0,1.0
F1,0.01039122303835169,clock characteristic time,analytic,coupling,0.020497473381075215,0.020497473381075215,,not_applicable_deterministic,lambda=1;kappa=4;rho_inf=1,1.0.0,response_to_clock_rate_4,1.0,4.0,1.0,1.0
F1,0.010797751623277093,clock characteristic time,analytic,coupling,0.02128792108187394,0.02128792108187394,,not_applicable_deterministic,lambda=1;kappa=4;rho_inf=1,1.0.0,response_to_clock_rate_4,1.0,4.0,1.0,1.0
F1,0.011220184543019636,clock characteristic time,analytic,coupling,0.022108388849923388,0.022108388849923388,,not_applicable_deterministic,lambda=1;kappa=4;rho_inf=1,1.0.0,response_to_clock_rate_4,1.0,4.0,1.0,1.0
F1,0.011659144011798317,clock characteristic time,analytic,coupling,0.022959980251458845,0.022959980251458845,,not_applicable_deterministic,lambda=1;kappa=4;rho_inf=1,1.0.0,response_to_clock_rate_4,1.0,4.0,1.0,1.0
F1,0.012115276586285882,clock characteristic time,analytic,coupling,0.023843836520360484,0.023843836520360484,,not_applicable_deterministic,lambda=1;kappa=4;rho_inf=1,1.0.0,response_to_clock_rate_4,1.0,4.0,1.0,1.0
F1,0.012589254117941675,clock characteristic time,analytic,coupling,0.024761137610354145,0.024761137610354145,,not_applicable_deterministic,lambda=1;kappa=4;rho_inf=1,1.0.0,response_to_clock_rate_4,1.0,4.0,1.0,1.0
F1,0.013081774742601943,clock characteristic time,analytic,coupling,0.025713103256879477,0.025713103256879477,,not_applicable_deterministic,lambda=1;kappa=4;rho_inf=1,1.0.0,response_to_clock_rate_4,1.0,4.0,1.0,1.0
F1,0.013593563908785255,clock characteristic time,analytic,coupling,0.02670099404674331,0.02670099404674331,,not_applicable_deterministic,lambda=1;kappa=4;rho_inf=1,1.0.0,response_to_clock_rate_4,1.0,4.0,1.0,1.0
F1,0.01412537544622754,clock characteristic time,analytic,coupling,0.02772611249344792,0.02772611249344792,,not_applicable_deterministic,lambda=1;kappa=4;rho_inf=1,1.0.0,response_to_clock_rate_4,1.0,4.0,1.0,1.0
F1,0.014677992676220698,clock characteristic time,analytic,coupling,0.028789804115845863,0.028789804115845863,,not_applicable_deterministic,lambda=1;kappa=4;rho_inf=1,1.0.0,response_to_clock_rate_4,1.0,4.0,1.0,1.0
F1,0.01525222956539019,clock characteristic time,analytic,coupling,0.029893458517507687,0.029893458517507687,,not_applicable_deterministic,lambda=1;kappa=4;rho_inf=1,1.0.0,response_to_clock_rate_4,1.0,4.0,1.0,1.0
F1,0.015848931924611134,clock characteristic time,analytic,coupling,0.031038510463910818,0.031038510463910818,,not_applicable_deterministic,lambda=1;kappa=4;rho_inf=1,1.0.0,response_to_clock_rate_4,1.0,4.0,1.0,1.0
F1,0.01646897865482868,clock characteristic time,analytic,coupling,0.032226440954257085,0.032226440954257085,,not_applicable_deterministic,lambda=1;kappa=4;rho_inf=1,1.0.0,response_to_clock_rate_4,1.0,4.0,1.0,1.0
F1,0.01711328304161781,clock characteristic time,analytic,coupling,0.033458778284403246,0.033458778284403246,,not_applicable_deterministic,lambda=1;kappa=4;rho_inf=1,1.0.0,response_to_clock_rate_4,1.0,4.0,1.0,1.0
F1,0.01778279410038923,clock characteristic time,analytic,coupling,0.03473709909704081,0.03473709909704081,,not_applicable_deterministic,lambda=1;kappa=4;rho_inf=1,1.0.0,response_to_clock_rate_4,1.0,4.0,1.0,1.0
F1,0.018478497974222907,clock characteristic time,analytic,coupling,0.03606302941489803,0.03606302941489803,,not_applicable_deterministic,lambda=1;kappa=4;rho_inf=1,1.0.0,response_to_clock_rate_4,1.0,4.0,1.0,1.0
F1,0.01920141938638801,clock characteristic time,analytic,coupling,0.037438245652337665,0.037438245652337665,,not_applicable_deterministic,lambda=1;kappa=4;rho_inf=1,1.0.0,response_to_clock_rate_4,1.0,4.0,1.0,1.0
F1,0.0199526231496888,clock characteristic time,analytic,coupling,0.03886447560030393,0.03886447560030393,,not_applicable_deterministic,lambda=1;kappa=4;rho_inf=1,1.0.0,response_to_clock_rate_4,1.0,4.0,1.0,1.0
F1,0.02073321573485955,clock characteristic time,analytic,coupling,0.040343499379131176,0.040343499379131176,,not_applicable_deterministic,lambda=1;kappa=4;rho_inf=1,1.0.0,response_to_clock_rate_4,1.0,4.0,1.0,1.0
F1,0.021544346900318832,clock characteristic time,analytic,coupling,0.0418771503532418,0.0418771503532418,,not_applicable_deterministic,lambda=1;kappa=4;rho_inf=1,1.0.0,response_to_clock_rate_4,1.0,4.0,1.0,1.0
F1,0.0223872113856834,clock characteristic time,analytic,coupling,0.043467316001267964,0.043467316001267964,,not_applicable_deterministic,lambda=1;kappa=4;rho_inf=1,1.0.0,response_to_clock_rate_4,1.0,4.0,1.0,1.0
F1,0.02326305067153626,clock characteristic time,analytic,coupling,0.045115938734588745,0.045115938734588745,,not_applicable_deterministic,lambda=1;kappa=4;rho_inf=1,1.0.0,response_to_clock_rate_4,1.0,4.0,1.0,1.0
F1,0.024173154808041036,clock characteristic time,analytic,coupling,0.04682501665671579,0.04682501665671579,,not_applicable_deterministic,lambda=1;kappa=4;rho_inf=1,1.0.0,response_to_clock_rate_4,1.0,4.0,1.0,1.0
F1,0.025118864315095794,clock characteristic time,analytic,coupling,0.048596604255363274,0.048596604255363274,,not_applicable_deterministic,lambda=1;kappa=4;rho_inf=1,1.0.0,response_to_clock_rate_4,1.0,4.0,1.0,1.0
F1,0.026101572156825372,clock characteristic time,analytic,coupling,0.050432813018412626,0.050432813018412626,,not_applicable_deterministic,lambda=1;kappa=4;rho_inf=1,1.0.0,response_to_clock_rate_4,1.0,4.0,1.0,1.0
F1,0.02712272579332028,clock characteristic time,analytic,coupling,0.05233581196431902,0.05233581196431902,,not_applicable_deterministic,lambda=1;kappa=4;rho_inf=1,1.0.0,response_to_clock_rate_4,1.0,4.0,1.0,1.0
F1,0.028183829312644536,clock characteristic time,analytic,coupling,0.054307828076824105,0.054307828076824105,,not_applicable_deterministic,lambda=1;kappa=4;rho_inf=1,1.0.0,response_to_clock_rate_4,1.0,4.0,1.0,1.0
F1,0.02928644564625236,clock characteristic time,analytic,coupling,0.05635114663310947,0.05635114663310947,,not_applicable_deterministic,lambda=1;kappa=4;rho_inf=1,1.0.0,response_to_clock_rate_4,1.0,4.0,1.0,1.0
F1,0.03043219887107722,clock characteristic time,analytic,coupling,0.05846811141377262,0.05846811141377262,,not_applicable_deterministic,lambda=1;kappa=4;rho_inf=1,1.0.0,response_to_clock_rate_4,1.0,4.0,1.0,1.0
F1,0.03162277660168379,clock characteristic time,analytic,coupling,0.060661124782227516,0.060661124782227516,,not_applicable_deterministic,lambda=1;kappa=4;rho_inf=1,1.0.0,response_to_clock_rate_4,1.0,4.0,1.0,1.0
F1,0.03285993247600654,clock characteristic time,analytic,coupling,0.0629326476203107,0.0629326476203107,,not_applicable_deterministic,lambda=1;kappa=4;rho_inf=1,1.0.0,response_to_clock_rate_4,1.0,4.0,1.0,1.0
F1,0.034145488738336005,clock characteristic time,analytic,coupling,0.06528519910603503,0.06528519910603503,,not_applicable_deterministic,lambda=1;kappa=4;rho_inf=1,1.0.0,response_to_clock_rate_4,1.0,4.0,1.0,1.0
F1,0.03548133892335755,clock characteristic time,analytic,coupling,0.0677213563185668,0.0677213563185668,,not_applicable_deterministic,lambda=1;kappa=4;rho_inf=1,1.0.0,response_to_clock_rate_4,1.0,4.0,1.0,1.0
F1,0.03686945064519575,clock characteristic time,analytic,coupling,0.070243753654606,0.070243753654606,,not_applicable_deterministic,lambda=1;kappa=4;rho_inf=1,1.0.0,response_to_clock_rate_4,1.0,4.0,1.0,1.0
F1,0.03831186849557287,clock characteristic time,analytic,coupling,0.07285508203944302,0.07285508203944302,,not_applicable_deterministic,lambda=1;kappa=4;rho_inf=1,1.0.0,response_to_clock_rate_4,1.0,4.0,1.0,1.0
F1,0.039810717055349734,clock characteristic time,analytic,coupling,0.07555808791503593,0.07555808791503593,,not_applicable_deterministic,lambda=1;kappa=4;rho_inf=1,1.0.0,response_to_clock_rate_4,1.0,4.0,1.0,1.0
F1,0.04136820402388507,clock characteristic time,analytic,coupling,0.07835557198651055,0.07835557198651055,,not_applicable_deterministic,lambda=1;kappa=4;rho_inf=1,1.0.0,response_to_clock_rate_4,1.0,4.0,1.0,1.0
F1,0.042986623470822764,clock characteristic time,analytic,coupling,0.08125038770755133,0.08125038770755133,,not_applicable_deterministic,lambda=1;kappa=4;rho_inf=1,1.0.0,response_to_clock_rate_4,1.0,4.0,1.0,1.0
F1,0.0446683592150963,clock characteristic time,analytic,coupling,0.08424543948419538,0.08424543948419538,,not_applicable_deterministic,lambda=1;kappa=4;rho_inf=1,1.0.0,response_to_clock_rate_4,1.0,4.0,1.0,1.0
F1,0.046415888336127795,clock characteristic time,analytic,coupling,0.08734368057562147,0.08734368057562147,,not_applicable_deterministic,lambda=1;kappa=4;rho_inf=1,1.0.0,response_to_clock_rate_4,1.0,4.0,1.0,1.0
F1,0.04823178482239307,clock characteristic time,analytic,coupling,0.09054811066959734,0.09054811066959734,,not_applicable_deterministic,lambda=1;kappa=4;rho_inf=1,1.0.0,response_to_clock_rate_4,1.0,4.0,1.0,1.0
F1,0.05011872336272722,clock characteristic time,analytic,coupling,0.09386177310937249,0.09386177310937249,,not_applicable_deterministic,lambda=1;kappa=4;rho_inf=1,1.0.0,response_to_clock_rate_4,1.0,4.0,1.0,1.0
F1,0.052079483285954624,clock characteristic time,analytic,coupling,0.09728775174794324,0.09728775174794324,,not_applicable_deterministic,lambda=1;kappa=4;rho_inf=1,1.0.0,response_to_clock_rate_4,1.0,4.0,1.0,1.0
F1,0.054116952654646375,clock characteristic time,analytic,coupling,0.10082916740483228,0.10082916740483228,,not_applicable_deterministic,lambda=1;kappa=4;rho_inf=1,1.0.0,response_to_clock_rate_4,1.0,4.0,1.0,1.0
F1,0.056234132519034905,clock characteristic time,analytic,coupling,0.10448917389978729,0.10448917389978729,,not_applicable_deterministic,lambda=1;kappa=4;rho_inf=1,1.0.0,response_to_clock_rate_4,1.0,4.0,1.0,1.0
F1,0.05843414133735175,clock characteristic time,analytic,coupling,0.1082709536371651,0.1082709536371651,,not_applicable_deterministic,lambda=1;kappa=4;rho_inf=1,1.0.0,response_to_clock_rate_4,1.0,4.0,1.0,1.0
F1,0.060720219569098836,clock characteristic time,analytic,coupling,0.1121777127142235,0.1121777127142235,,not_applicable_deterministic,lambda=1;kappa=4;rho_inf=1,1.0.0,response_to_clock_rate_4,1.0,4.0,1.0,1.0
F1,0.06309573444801933,clock characteristic time,analytic,coupling,0.11621267552612102,0.11621267552612102,,not_applicable_deterministic,lambda=1;kappa=4;rho_inf=1,1.0.0,response_to_clock_rate_4,1.0,4.0,1.0,1.0
F1,0.06556418494179789,clock characteristic time,analytic,coupling,0.12037907884015653,0.12037907884015653,,not_applicable_deterministic,lambda=1;kappa=4;rho_inf=1,1.0.0,response_to_clock_rate_4,1.0,4.0,1.0,1.0
F1,0.06812920690579612,clock characteristic time,analytic,coupling,0.12468016531167103,0.12468016531167103,,not_applicable_deterministic,lambda=1;kappa=4;rho_inf=1,1.0.0,response_to_clock_rate_4,1.0,4.0,1.0,1.0
F1,0.07079457843841377,clock characteristic time,analytic,coupling,0.12911917641412962,0.12911917641412962,,not_applicable_deterministic,lambda=1;kappa=4;rho_inf=1,1.0.0,response_to_clock_rate_4,1.0,4.0,1.0,1.0
F1,0.07356422544596414,clock characteristic time,analytic,coupling,0.1336993447562176,0.1336993447562176,,not_applicable_deterministic,lambda=1;kappa=4;rho_inf=1,1.0.0,response_to_clock_rate_4,1.0,4.0,1.0,1.0
F1,0.07644222742526002,clock characteristic time,analytic,coupling,0.13842388575936249,0.13842388575936249,,not_applicable_deterministic,lambda=1;kappa=4;rho_inf=1,1.0.0,response_to_clock_rate_4,1.0,4.0,1.0,1.0
F1,0.07943282347242814,clock characteristic time,analytic,coupling,0.14329598866996196,0.14329598866996196,,not_applicable_deterministic,lambda=1;kappa=4;rho_inf=1,1.0.0,response_to_clock_rate_4,1.0,4.0,1.0,1.0
F1,0.08254041852680186,clock characteristic time,analytic,coupling,0.14831880688178734,0.14831880688178734,,not_applicable_deterministic,lambda=1;kappa=4;rho_inf=1,1.0.0,response_to_clock_rate_4,1.0,4.0,1.0,1.0
F1,0.08576958985908942,clock characteristic time,analytic,coupling,0.1534954475456014,0.1534954475456014,,not_applicable_deterministic,lambda=1;kappa=4;rho_inf=1,1.0.0,response_to_clock_rate_4,1.0,4.0,1.0,1.0
F1,0.08912509381337455,clock characteristic time,analytic,coupling,0.15882896044498962,0.15882896044498962,,not_applicable_deterministic,lambda=1;kappa=4;rho_inf=1,1.0.0,response_to_clock_rate_4,1.0,4.0,1.0,1.0
F1,0.09261187281287933,clock characteristic time,analytic,coupling,0.16432232611982656,0.16432232611982656,,not_applicable_deterministic,lambda=1;kappa=4;rho_inf=1,1.0.0,response_to_clock_rate_4,1.0,4.0,1.0,1.0
F1,0.09623506263980887,clock characteristic time,analytic,coupling,0.1699784432217034,0.1699784432217034,,not_applicable_deterministic,lambda=1;kappa=4;rho_inf=1,1.0.0,response_to_clock_rate_4,1.0,4.0,1.0,1.0
F1,0.1,clock characteristic time,analytic,coupling,0.1758001150890982,0.1758001150890982,,not_applicable_deterministic,lambda=1;kappa=4;rho_inf=1,1.0.0,response_to_clock_rate_4,1.0,4.0,1.0,1.0
F1,0.10391223038351691,clock characteristic time,analytic,coupling,0.18179003553409745,0.18179003553409745,,not_applicable_deterministic,lambda=1;kappa=4;rho_inf=1,1.0.0,response_to_clock_rate_4,1.0,4.0,1.0,1.0
F1,0.10797751623277094,clock characteristic time,analytic,coupling,0.18795077383714465,0.18795077383714465,,not_applicable_deterministic,lambda=1;kappa=4;rho_inf=1,1.0.0,response_to_clock_rate_4,1.0,4.0,1.0,1.0
F1,0.1122018454301963,clock characteristic time,analytic,coupling,0.19428475895163433,0.19428475895163433,,not_applicable_deterministic,lambda=1;kappa=4;rho_inf=1,1.0.0,response_to_clock_rate_4,1.0,4.0,1.0,1.0
F1,0.11659144011798311,clock characteristic time,analytic,coupling,0.20079426292622693,0.20079426292622693,,not_applicable_deterministic,lambda=1;kappa=4;rho_inf=1,1.0.0,response_to_clock_rate_4,1.0,4.0,1.0,1.0
F1,0.12115276586285889,clock characteristic time,analytic,coupling,0.2074813835595959,0.2074813835595959,,not_applicable_deterministic,lambda=1;kappa=4;rho_inf=1,1.0.0,response_to_clock_rate_4,1.0,4.0,1.0,1.0
F1,0.12589254117941676,clock characteristic time,analytic,coupling,0.214348026309935,0.214348026309935,,not_applicable_deterministic,lambda=1;kappa=4;rho_inf=1,1.0.0,response_to_clock_rate_4,1.0,4.0,1.0,1.0
F1,0.13081774742601943,clock characteristic time,analytic,coupling,0.2213958854900343,0.2213958854900343,,not_applicable_deterministic,lambda=1;kappa=4;rho_inf=1,1.0.0,response_to_clock_rate_4,1.0,4.0,1.0,1.0
F1,0.13593563908785256,clock characteristic time,analytic,coupling,0.22862642478804973,0.22862642478804973,,not_applicable_deterministic,lambda=1;kappa=4;rho_inf=1,1.0.0,response_to_clock_rate_4,1.0,4.0,1.0,1.0
F1,0.1412537544622754,clock characteristic time,analytic,coupling,0.23604085716431933,0.23604085716431933,,not_applicable_deterministic,lambda=1;kappa=4;rho_inf=1,1.0.0,response_to_clock_rate_4,1.0,4.0,1.0,1.0
F1,0.1467799267622069,clock characteristic time,analytic,coupling,0.24364012418568026,0.24364012418568026,,not_applicable_deterministic,lambda=1;kappa=4;rho_inf=1,1.0.0,response_to_clock_rate_4,1.0,4.0,1.0,1.0
F1,0.15252229565390182,clock characteristic time,analytic,coupling,0.2514248748707504,0.2514248748707504,,not_applicable_deterministic,lambda=1;kappa=4;rho_inf=1,1.0.0,response_to_clock_rate_4,1.0,4.0,1.0,1.0
F1,0.1584893192461114,clock characteristic time,analytic,coupling,0.25939544413251725,0.25939544413251725,,not_applicable_deterministic,lambda=1;kappa=4;rho_inf=1,1.0.0,response_to_clock_rate_4,1.0,4.0,1.0,1.0
F1,0.1646897865482869,clock characteristic time,analytic,coupling,0.2675518309183017,0.2675518309183017,,not_applicable_deterministic,lambda=1;kappa=4;rho_inf=1,1.0.0,response_to_clock_rate_4,1.0,4.0,1.0,1.0
F1,0.1711328304161781,clock characteristic time,analytic,coupling,0.2758936761616848,0.2758936761616848,,not_applicable_deterministic,lambda=1;kappa=4;rho_inf=1,1.0.0,response_to_clock_rate_4,1.0,4.0,1.0,1.0
F1,0.1778279410038923,clock characteristic time,analytic,coupling,0.2844202406762225,0.2844202406762225,,not_applicable_deterministic,lambda=1;kappa=4;rho_inf=1,1.0.0,response_to_clock_rate_4,1.0,4.0,1.0,1.0
F1,0.18478497974222907,clock characteristic time,analytic,coupling,0.2931303831366301,0.2931303831366301,,not_applicable_deterministic,lambda=1;kappa=4;rho_inf=1,1.0.0,response_to_clock_rate_4,1.0,4.0,1.0,1.0
F1,0.1920141938638801,clock characteristic time,analytic,coupling,0.30202253830947356,0.30202253830947356,,not_applicable_deterministic,lambda=1;kappa=4;rho_inf=1,1.0.0,response_to_clock_rate_4,1.0,4.0,1.0,1.0
F1,0.19952623149688786,clock characteristic time,analytic,coupling,0.3110946957120926,0.3110946957120926,,not_applicable_deterministic,lambda=1;kappa=4;rho_inf=1,1.0.0,response_to_clock_rate_4,1.0,4.0,1.0,1.0
F1,0.2073321573485954,clock characteristic time,analytic,coupling,0.3203443788953184,0.3203443788953184,,not_applicable_deterministic,lambda=1;kappa=4;rho_inf=1,1.0.0,response_to_clock_rate_4,1.0,4.0,1.0,1.0
F1,0.21544346900318845,clock characteristic time,analytic,coupling,0.32976862556230624,0.32976862556230624,,not_applicable_deterministic,lambda=1;kappa=4;rho_inf=1,1.0.0,response_to_clock_rate_4,1.0,4.0,1.0,1.0
F1,0.223872113856834,clock characteristic time,analytic,coupling,0.3393639687522252,0.3393639687522252,,not_applicable_deterministic,lambda=1;kappa=4;rho_inf=1,1.0.0,response_to_clock_rate_4,1.0,4.0,1.0,1.0
F1,0.23263050671536262,clock characteristic time,analytic,coupling,0.34912641933331623,0.34912641933331623,,not_applicable_deterministic,lambda=1;kappa=4;rho_inf=1,1.0.0,response_to_clock_rate_4,1.0,4.0,1.0,1.0
F1,0.24173154808041036,clock characteristic time,analytic,coupling,0.3590514500646146,0.3590514500646146,,not_applicable_deterministic,lambda=1;kappa=4;rho_inf=1,1.0.0,response_to_clock_rate_4,1.0,4.0,1.0,1.0
F1,0.25118864315095796,clock characteristic time,analytic,coupling,0.36913398149904897,0.36913398149904897,,not_applicable_deterministic,lambda=1;kappa=4;rho_inf=1,1.0.0,response_to_clock_rate_4,1.0,4.0,1.0,1.0
F1,0.2610157215682536,clock characteristic time,analytic,coupling,0.37936837001224655,0.37936837001224655,,not_applicable_deterministic,lambda=1;kappa=4;rho_inf=1,1.0.0,response_to_clock_rate_4,1.0,4.0,1.0,1.0
F1,0.2712272579332027,clock characteristic time,analytic,coupling,0.3897483982507324,0.3897483982507324,,not_applicable_deterministic,lambda=1;kappa=4;rho_inf=1,1.0.0,response_to_clock_rate_4,1.0,4.0,1.0,1.0
F1,0.2818382931264455,clock characteristic time,analytic,coupling,0.40026726829982395,0.40026726829982395,,not_applicable_deterministic,lambda=1;kappa=4;rho_inf=1,1.0.0,response_to_clock_rate_4,1.0,4.0,1.0,1.0
F1,0.29286445646252374,clock characteristic time,analytic,coupling,0.4109175978748498,0.4109175978748498,,not_applicable_deterministic,lambda=1;kappa=4;rho_inf=1,1.0.0,response_to_clock_rate_4,1.0,4.0,1.0,1.0
F1,0.3043219887107722,clock characteristic time,analytic,coupling,0.42169141983884006,0.42169141983884006,,not_applicable_deterministic,lambda=1;kappa=4;rho_inf=1,1.0.0,response_to_clock_rate_4,1.0,4.0,1.0,1.0
F1,0.31622776601683794,clock characteristic time,analytic,coupling,0.4325801853449559,0.4325801853449559,,not_applicable_deterministic,lambda=1;kappa=4;rho_inf=1,1.0.0,response_to_clock_rate_4,1.0,4.0,1.0,1.0
F1,0.3285993247600654,clock characteristic time,analytic,coupling,0.4435747708921295,0.4435747708921295,,not_applicable_deterministic,lambda=1;kappa=4;rho_inf=1,1.0.0,response_to_clock_rate_4,1.0,4.0,1.0,1.0
F1,0.34145488738336005,clock characteristic time,analytic,coupling,0.4546654895670824,0.4546654895670824,,not_applicable_deterministic,lambda=1;kappa=4;rho_inf=1,1.0.0,response_to_clock_rate_4,1.0,4.0,1.0,1.0
F1,0.3548133892335753,clock characteristic time,analytic,coupling,0.4658421067246066,0.4658421067246066,,not_applicable_deterministic,lambda=1;kappa=4;rho_inf=1,1.0.0,response_to_clock_rate_4,1.0,4.0,1.0,1.0
F1,0.36869450645195734,clock characteristic time,analytic,coupling,0.47709386033022483,0.47709386033022483,,not_applicable_deterministic,lambda=1;kappa=4;rho_inf=1,1.0.0,response_to_clock_rate_4,1.0,4.0,1.0,1.0
F1,0.38311868495572887,clock characteristic time,analytic,coupling,0.4884094861547331,0.4884094861547331,,not_applicable_deterministic,lambda=1;kappa=4;rho_inf=1,1.0.0,response_to_clock_rate_4,1.0,4.0,1.0,1.0
F1,0.3981071705534973,clock characteristic time,analytic,coupling,0.499777247968332,0.499777247968332,,not_applicable_deterministic,lambda=1;kappa=4;rho_inf=1,1.0.0,response_to_clock_rate_4,1.0,4.0,1.0,1.0
F1,0.4136820402388507,clock characteristic time,analytic,coupling,0.5111849728329314,0.5111849728329314,,not_applicable_deterministic,lambda=1;kappa=4;rho_inf=1,1.0.0,response_to_clock_rate_4,1.0,4.0,1.0,1.0
F1,0.42986623470822766,clock characteristic time,analytic,coupling,0.5226200915346796,0.5226200915346796,,not_applicable_deterministic,lambda=1;kappa=4;rho_inf=1,1.0.0,response_to_clock_rate_4,1.0,4.0,1.0,1.0
F1,0.44668359215096304,clock characteristic time,analytic,coupling,0.5340696841350255,0.5340696841350255,,not_applicable_deterministic,lambda=1;kappa=4;rho_inf=1,1.0.0,response_to_clock_rate_4,1.0,4.0,1.0,1.0
F1,0.46415888336127775,clock characteristic time,analytic,coupling,0.5455205305479418,0.5455205305479418,,not_applicable_deterministic,lambda=1;kappa=4;rho_inf=1,1.0.0,response_to_clock_rate_4,1.0,4.0,1.0,1.0
F1,0.4823178482239304,clock characteristic time,analytic,coupling,0.5569591659739397,0.5569591659739397,,not_applicable_deterministic,lambda=1;kappa=4;rho_inf=1,1.0.0,response_to_clock_rate_4,1.0,4.0,1.0,1.0
F1,0.5011872336272725,clock characteristic time,analytic,coupling,0.5683719409389765,0.5683719409389765,,not_applicable_deterministic,lambda=1;kappa=4;rho_inf=1,1.0.0,response_to_clock_rate_4,1.0,4.0,1.0,1.0
F1,0.5207948328595465,clock characteristic time,analytic,coupling,0.5797450855993795,0.5797450855993795,,not_applicable_deterministic,lambda=1;kappa=4;rho_inf=1,1.0.0,response_to_clock_rate_4,1.0,4.0,1.0,1.0
F1,0.5411695265464638,clock characteristic time,analytic,coupling,0.5910647778838777,0.5910647778838777,,not_applicable_deterministic,lambda=1;kappa=4;rho_inf=1,1.0.0,response_to_clock_rate_4,1.0,4.0,1.0,1.0
F1,0.5623413251903491,clock characteristic time,analytic,coupling,0.6023172149523273,0.6023172149523273,,not_applicable_deterministic,lambda=1;kappa=4;rho_inf=1,1.0.0,response_to_clock_rate_4,1.0,4.0,1.0,1.0
F1,0.5843414133735175,clock characteristic time,analytic,coupling,0.6134886873597503,0.6134886873597503,,not_applicable_deterministic,lambda=1;kappa=4;rho_inf=1,1.0.0,response_to_clock_rate_4,1.0,4.0,1.0,1.0
F1,0.6072021956909883,clock characteristic time,analytic,coupling,0.6245656552259791,0.6245656552259791,,not_applicable_deterministic,lambda=1;kappa=4;rho_inf=1,1.0.0,response_to_clock_rate_4,1.0,4.0,1.0,1.0
F1,0.630957344480193,clock characteristic time,analytic,coupling,0.6355348256279891,0.6355348256279891,,not_applicable_deterministic,lambda=1;kappa=4;rho_inf=1,1.0.0,response_to_clock_rate_4,1.0,4.0,1.0,1.0
F1,0.6556418494179785,clock characteristic time,analytic,coupling,0.646383230356482,0.646383230356482,,not_applicable_deterministic,lambda=1;kappa=4;rho_inf=1,1.0.0,response_to_clock_rate_4,1.0,4.0,1.0,1.0
F1,0.6812920690579615,clock characteristic time,analytic,coupling,0.6570983031131908,0.6570983031131908,,not_applicable_deterministic,lambda=1;kappa=4;rho_inf=1,1.0.0,response_to_clock_rate_4,1.0,4.0,1.0,1.0
F1,0.707945784384138,clock characteristic time,analytic,coupling,0.6676679551734808,0.6676679551734808,,not_applicable_deterministic,lambda=1;kappa=4;rho_inf=1,1.0.0,response_to_clock_rate_4,1.0,4.0,1.0,1.0
F1,0.7356422544596414,clock characteristic time,analytic,coupling,0.6780806485028787,0.6780806485028787,,not_applicable_deterministic,lambda=1;kappa=4;rho_inf=1,1.0.0,response_to_clock_rate_4,1.0,4.0,1.0,1.0
F1,0.7644222742526002,clock characteristic time,analytic,coupling,0.6883254652987114,0.6883254652987114,,not_applicable_deterministic,lambda=1;kappa=4;rho_inf=1,1.0.0,response_to_clock_rate_4,1.0,4.0,1.0,1.0
F1,0.7943282347242814,clock characteristic time,analytic,coupling,0.6983921729314486,0.6983921729314486,,not_applicable_deterministic,lambda=1;kappa=4;rho_inf=1,1.0.0,response_to_clock_rate_4,1.0,4.0,1.0,1.0
F1,0.8254041852680182,clock characteristic time,analytic,coupling,0.7082712832864988,0.7082712832864988,,not_applicable_deterministic,lambda=1;kappa=4;rho_inf=1,1.0.0,response_to_clock_rate_4,1.0,4.0,1.0,1.0
F1,0.8576958985908937,clock characteristic time,analytic,coupling,0.7179541055575331,0.7179541055575331,,not_applicable_deterministic,lambda=1;kappa=4;rho_inf=1,1.0.0,response_to_clock_rate_4,1.0,4.0,1.0,1.0
F1,0.8912509381337459,clock characteristic time,analytic,coupling,0.7274327916176557,0.7274327916176557,,not_applicable_deterministic,lambda=1;kappa=4;rho_inf=1,1.0.0,response_to_clock_rate_4,1.0,4.0,1.0,1.0
F1,0.9261187281287937,clock characteristic time,analytic,coupling,0.7367003731948849,0.7367003731948849,,not_applicable_deterministic,lambda=1;kappa=4;rho_inf=1,1.0.0,response_to_clock_rate_4,1.0,4.0,1.0,1.0
F1,0.9623506263980888,clock characteristic time,analytic,coupling,0.7457507902026177,0.7457507902026177,,not_applicable_deterministic,lambda=1;kappa=4;rho_inf=1,1.0.0,response_to_clock_rate_4,1.0,4.0,1.0,1.0
F1,1.0,clock characteristic time,analytic,coupling,0.7545789097221836,0.7545789097221836,,not_applicable_deterministic,lambda=1;kappa=4;rho_inf=1,1.0.0,response_to_clock_rate_4,1.0,4.0,1.0,1.0
F1,1.0391223038351691,clock characteristic time,analytic,coupling,0.7631805353005268,0.7631805353005268,,not_applicable_deterministic,lambda=1;kappa=4;rho_inf=1,1.0.0,response_to_clock_rate_4,1.0,4.0,1.0,1.0
F1,1.0797751623277094,clock characteristic time,analytic,coupling,0.7715524064077396,0.7715524064077396,,not_applicable_deterministic,lambda=1;kappa=4;rho_inf=1,1.0.0,response_to_clock_rate_4,1.0,4.0,1.0,1.0
F1,1.122018454301963,clock characteristic time,analytic,coupling,0.7796921880919855,0.7796921880919855,,not_applicable_deterministic,lambda=1;kappa=4;rho_inf=1,1.0.0,response_to_clock_rate_4,1.0,4.0,1.0,1.0
F1,1.165914401179831,clock characteristic time,analytic,coupling,0.7875984510678752,0.7875984510678752,,not_applicable_deterministic,lambda=1;kappa=4;rho_inf=1,1.0.0,response_to_clock_rate_4,1.0,4.0,1.0,1.0
F1,1.2115276586285888,clock characteristic time,analytic,coupling,0.7952706426725361,0.7952706426725361,,not_applicable_deterministic,lambda=1;kappa=4;rho_inf=1,1.0.0,response_to_clock_rate_4,1.0,4.0,1.0,1.0
F1,1.2589254117941675,clock characteristic time,analytic,coupling,0.802709049314979,0.802709049314979,,not_applicable_deterministic,lambda=1;kappa=4;rho_inf=1,1.0.0,response_to_clock_rate_4,1.0,4.0,1.0,1.0
F1,1.3081774742601942,clock characteristic time,analytic,coupling,0.8099147512222977,0.8099147512222977,,not_applicable_deterministic,lambda=1;kappa=4;rho_inf=1,1.0.0,response_to_clock_rate_4,1.0,4.0,1.0,1.0
F1,1.3593563908785256,clock characteristic time,analytic,coupling,0.8168895704442647,0.8168895704442647,,not_applicable_deterministic,lambda=1;kappa=4;rho_inf=1,1.0.0,response_to_clock_rate_4,1.0,4.0,1.0,1.0
F1,1.412537544622754,clock characteristic time,analytic,coupling,0.8236360132100213,0.8236360132100213,,not_applicable_deterministic,lambda=1;kappa=4;rho_inf=1,1.0.0,response_to_clock_rate_4,1.0,4.0,1.0,1.0
F1,1.467799267622069,clock characteristic time,analytic,coupling,0.8301572078316111,0.8301572078316111,,not_applicable_deterministic,lambda=1;kappa=4;rho_inf=1,1.0.0,response_to_clock_rate_4,1.0,4.0,1.0,1.0
F1,1.5252229565390183,clock characteristic time,analytic,coupling,0.8364568394149701,0.8364568394149701,,not_applicable_deterministic,lambda=1;kappa=4;rho_inf=1,1.0.0,response_to_clock_rate_4,1.0,4.0,1.0,1.0
F1,1.584893192461114,clock characteristic time,analytic,coupling,0.8425390826670012,0.8425390826670012,,not_applicable_deterministic,lambda=1;kappa=4;rho_inf=1,1.0.0,response_to_clock_rate_4,1.0,4.0,1.0,1.0
F1,1.6468978654828688,clock characteristic time,analytic,coupling,0.8484085340763707,0.8484085340763707,,not_applicable_deterministic,lambda=1;kappa=4;rho_inf=1,1.0.0,response_to_clock_rate_4,1.0,4.0,1.0,1.0
F1,1.711328304161781,clock characteristic time,analytic,coupling,0.8540701446963294,0.8540701446963294,,not_applicable_deterministic,lambda=1;kappa=4;rho_inf=1,1.0.0,response_to_clock_rate_4,1.0,4.0,1.0,1.0
F1,1.7782794100389228,clock characteristic time,analytic,coupling,0.8595291546724935,0.8595291546724935,,not_applicable_deterministic,lambda=1;kappa=4;rho_inf=1,1.0.0,response_to_clock_rate_4,1.0,4.0,1.0,1.0
F1,1.8478497974222907,clock characteristic time,analytic,coupling,0.8647910305412005,0.8647910305412005,,not_applicable_deterministic,lambda=1;kappa=4;rho_inf=1,1.0.0,response_to_clock_rate_4,1.0,4.0,1.0,1.0
F1,1.920141938638801,clock characteristic time,analytic,coupling,0.8698614061802501,0.8698614061802501,,not_applicable_deterministic,lambda=1;kappa=4;rho_inf=1,1.0.0,response_to_clock_rate_4,1.0,4.0,1.0,1.0
F1,1.9952623149688788,clock characteristic time,analytic,coupling,0.8747460281302858,0.8747460281302858,,not_applicable_deterministic,lambda=1;kappa=4;rho_inf=1,1.0.0,response_to_clock_rate_4,1.0,4.0,1.0,1.0
F1,2.073321573485954,clock characteristic time,analytic,coupling,0.8794507058292834,0.8794507058292834,,not_applicable_deterministic,lambda=1;kappa=4;rho_inf=1,1.0.0,response_to_clock_rate_4,1.0,4.0,1.0,1.0
F1,2.1544346900318843,clock characteristic time,analytic,coupling,0.8839812671224596,0.8839812671224596,,not_applicable_deterministic,lambda=1;kappa=4;rho_inf=1,1.0.0,response_to_clock_rate_4,1.0,4.0,1.0,1.0
F1,2.23872113856834,clock characteristic time,analytic,coupling,0.8883435192332176,0.8883435192332176,,not_applicable_deterministic,lambda=1;kappa=4;rho_inf=1,1.0.0,response_to_clock_rate_4,1.0,4.0,1.0,1.0
F1,2.3263050671536263,clock characteristic time,analytic,coupling,0.892543215214732,0.892543215214732,,not_applicable_deterministic,lambda=1;kappa=4;rho_inf=1,1.0.0,response_to_clock_rate_4,1.0,4.0,1.0,1.0
F1,2.4173154808041035,clock characteristic time,analytic,coupling,0.8965860257526878,0.8965860257526878,,not_applicable_deterministic,lambda=1;kappa=4;rho_inf=1,1.0.0,response_to_clock_rate_4,1.0,4.0,1.0,1.0
F1,2.5118864315095797,clock characteristic time,analytic,coupling,0.9004775160624836,0.9004775160624836,,not_applicable_deterministic,lambda=1;kappa=4;rho_inf=1,1.0.0,response_to_clock_rate_4,1.0,4.0,1.0,1.0
F1,2.610157215682536,clock characteristic time,analytic,coupling,0.9042231275222341,0.9042231275222341,,not_applicable_deterministic,lambda=1;kappa=4;rho_inf=1,1.0.0,response_to_clock_rate_4,1.0,4.0,1.0,1.0
F1,2.712272579332027,clock characteristic time,analytic,coupling,0.9078281636078852,0.9078281636078852,,not_applicable_deterministic,lambda=1;kappa=4;rho_inf=1,1.0.0,response_to_clock_rate_4,1.0,4.0,1.0,1.0
F1,2.818382931264452,clock characteristic time,analytic,coupling,0.9112977796487187,0.9112977796487187,,not_applicable_deterministic,lambda=1;kappa=4;rho_inf=1,1.0.0,response_to_clock_rate_4,1.0,4.0,1.0,1.0
F1,2.9286445646252375,clock characteristic time,analytic,coupling,0.9146369758990209,0.9146369758990209,,not_applicable_deterministic,lambda=1;kappa=4;rho_inf=1,1.0.0,response_to_clock_rate_4,1.0,4.0,1.0,1.0
F1,3.043219887107722,clock characteristic time,analytic,coupling,0.9178505934219787,0.9178505934219787,,not_applicable_deterministic,lambda=1;kappa=4;rho_inf=1,1.0.0,response_to_clock_rate_4,1.0,4.0,1.0,1.0
F1,3.1622776601683795,clock characteristic time,analytic,coupling,0.9209433123013065,0.9209433123013065,,not_applicable_deterministic,lambda=1;kappa=4;rho_inf=1,1.0.0,response_to_clock_rate_4,1.0,4.0,1.0,1.0
F1,3.285993247600654,clock characteristic time,analytic,coupling,0.9239196517304342,0.9239196517304342,,not_applicable_deterministic,lambda=1;kappa=4;rho_inf=1,1.0.0,response_to_clock_rate_4,1.0,4.0,1.0,1.0
F1,3.4145488738336005,clock characteristic time,analytic,coupling,0.9267839715738948,0.9267839715738948,,not_applicable_deterministic,lambda=1;kappa=4;rho_inf=1,1.0.0,response_to_clock_rate_4,1.0,4.0,1.0,1.0
F1,3.5481338923357533,clock characteristic time,analytic,coupling,0.9295404750465337,0.9295404750465337,,not_applicable_deterministic,lambda=1;kappa=4;rho_inf=1,1.0.0,response_to_clock_rate_4,1.0,4.0,1.0,1.0
F1,3.6869450645195734,clock characteristic time,analytic,coupling,0.932193212209476,0.932193212209476,,not_applicable_deterministic,lambda=1;kappa=4;rho_inf=1,1.0.0,response_to_clock_rate_4,1.0,4.0,1.0,1.0
F1,3.831186849557289,clock characteristic time,analytic,coupling,0.9347460840341862,0.9347460840341862,,not_applicable_deterministic,lambda=1;kappa=4;rho_inf=1,1.0.0,response_to_clock_rate_4,1.0,4.0,1.0,1.0
F1,3.981071705534973,clock characteristic time,analytic,coupling,0.9372028468349831,0.9372028468349831,,not_applicable_deterministic,lambda=1;kappa=4;rho_inf=1,1.0.0,response_to_clock_rate_4,1.0,4.0,1.0,1.0
F1,4.136820402388507,clock characteristic time,analytic,coupling,0.9395671169143132,0.9395671169143132,,not_applicable_deterministic,lambda=1;kappa=4;rho_inf=1,1.0.0,response_to_clock_rate_4,1.0,4.0,1.0,1.0
F1,4.298662347082277,clock characteristic time,analytic,coupling,0.9418423753029844,0.9418423753029844,,not_applicable_deterministic,lambda=1;kappa=4;rho_inf=1,1.0.0,response_to_clock_rate_4,1.0,4.0,1.0,1.0
F1,4.46683592150963,clock characteristic time,analytic,coupling,0.9440319725091016,0.9440319725091016,,not_applicable_deterministic,lambda=1;kappa=4;rho_inf=1,1.0.0,response_to_clock_rate_4,1.0,4.0,1.0,1.0
F1,4.6415888336127775,clock characteristic time,analytic,coupling,0.9461391332147973,0.9461391332147973,,not_applicable_deterministic,lambda=1;kappa=4;rho_inf=1,1.0.0,response_to_clock_rate_4,1.0,4.0,1.0,1.0
F1,4.823178482239304,clock characteristic time,analytic,coupling,0.9481669608795653,0.9481669608795653,,not_applicable_deterministic,lambda=1;kappa=4;rho_inf=1,1.0.0,response_to_clock_rate_4,1.0,4.0,1.0,1.0
F1,5.011872336272719,clock characteristic time,analytic,coupling,0.9501184422238231,0.9501184422238231,,not_applicable_deterministic,lambda=1;kappa=4;rho_inf=1,1.0.0,response_to_clock_rate_4,1.0,4.0,1.0,1.0
F1,5.207948328595465,clock characteristic time,analytic,coupling,0.9519964515770966,0.9519964515770966,,not_applicable_deterministic,lambda=1;kappa=4;rho_inf=1,1.0.0,response_to_clock_rate_4,1.0,4.0,1.0,1.0
F1,5.411695265464638,clock characteristic time,analytic,coupling,0.9538037550827883,0.9538037550827883,,not_applicable_deterministic,lambda=1;kappa=4;rho_inf=1,1.0.0,response_to_clock_rate_4,1.0,4.0,1.0,1.0
F1,5.62341325190349,clock characteristic time,analytic,coupling,0.9555430147565965,0.9555430147565965,,not_applicable_deterministic,lambda=1;kappa=4;rho_inf=1,1.0.0,response_to_clock_rate_4,1.0,4.0,1.0,1.0
F1,5.843414133735175,clock characteristic time,analytic,coupling,0.957216792398977,0.957216792398977,,not_applicable_deterministic,lambda=1;kappa=4;rho_inf=1,1.0.0,response_to_clock_rate_4,1.0,4.0,1.0,1.0
F1,6.072021956909884,clock characteristic time,analytic,coupling,0.9588275533640935,0.9588275533640935,,not_applicable_deterministic,lambda=1;kappa=4;rho_inf=1,1.0.0,response_to_clock_rate_4,1.0,4.0,1.0,1.0
F1,6.30957344480193,clock characteristic time,analytic,coupling,0.9603776701889057,0.9603776701889057,,not_applicable_deterministic,lambda=1;kappa=4;rho_inf=1,1.0.0,response_to_clock_rate_4,1.0,4.0,1.0,1.0
F1,6.556418494179785,clock characteristic time,analytic,coupling,0.9618694260866799,0.9618694260866799,,not_applicable_deterministic,lambda=1;kappa=4;rho_inf=1,1.0.0,response_to_clock_rate_4,1.0,4.0,1.0,1.0
F1,6.812920690579615,clock characteristic time,analytic,coupling,0.9633050183095019,0.9633050183095019,,not_applicable_deterministic,lambda=1;kappa=4;rho_inf=1,1.0.0,response_to_clock_rate_4,1.0,4.0,1.0,1.0
F1,7.07945784384138,clock characteristic time,analytic,coupling,0.9646865613844489,0.9646865613844489,,not_applicable_deterministic,lambda=1;kappa=4;rho_inf=1,1.0.0,response_to_clock_rate_4,1.0,4.0,1.0,1.0
F1,7.3564225445964135,clock characteristic time,analytic,coupling,0.9660160902280425,0.9660160902280425,,not_applicable_deterministic,lambda=1;kappa=4;rho_inf=1,1.0.0,response_to_clock_rate_4,1.0,4.0,1.0,1.0
F1,7.644222742526002,clock characteristic time,analytic,coupling,0.9672955631434969,0.9672955631434969,,not_applicable_deterministic,lambda=1;kappa=4;rho_inf=1,1.0.0,response_to_clock_rate_4,1.0,4.0,1.0,1.0
F1,7.943282347242813,clock characteristic time,analytic,coupling,0.9685268647051463,0.9685268647051463,,not_applicable_deterministic,lambda=1;kappa=4;rho_inf=1,1.0.0,response_to_clock_rate_4,1.0,4.0,1.0,1.0
F1,8.254041852680182,clock characteristic time,analytic,coupling,0.9697118085342854,0.9697118085342854,,not_applicable_deterministic,lambda=1;kappa=4;rho_inf=1,1.0.0,response_to_clock_rate_4,1.0,4.0,1.0,1.0
F1,8.576958985908938,clock characteristic time,analytic,coupling,0.9708521399705042,0.9708521399705042,,not_applicable_deterministic,lambda=1;kappa=4;rho_inf=1,1.0.0,response_to_clock_rate_4,1.0,4.0,1.0,1.0
F1,8.91250938133745,clock characteristic time,analytic,coupling,0.9719495386424509,0.9719495386424509,,not_applicable_deterministic,lambda=1;kappa=4;rho_inf=1,1.0.0,response_to_clock_rate_4,1.0,4.0,1.0,1.0
F1,9.261187281287937,clock characteristic time,analytic,coupling,0.9730056209418073,0.9730056209418073,,not_applicable_deterministic,lambda=1;kappa=4;rho_inf=1,1.0.0,response_to_clock_rate_4,1.0,4.0,1.0,1.0
F1,9.623506263980888,clock characteristic time,analytic,coupling,0.9740219424041208,0.9740219424041208,,not_applicable_deterministic,lambda=1;kappa=4;rho_inf=1,1.0.0,response_to_clock_rate_4,1.0,4.0,1.0,1.0
F1,10.0,clock characteristic time,analytic,coupling,0.975,0.975,,not_applicable_deterministic,lambda=1;kappa=4;rho_inf=1,1.0.0,response_to_clock_rate_4,1.0,4.0,1.0,1.0
F1,10.39122303835169,clock characteristic time,analytic,coupling,0.9759412343400478,0.9759412343400478,,not_applicable_deterministic,lambda=1;kappa=4;rho_inf=1,1.0.0,response_to_clock_rate_4,1.0,4.0,1.0,1.0
F1,10.797751623277094,clock characteristic time,analytic,coupling,0.9768470317967801,0.9768470317967801,,not_applicable_deterministic,lambda=1;kappa=4;rho_inf=1,1.0.0,response_to_clock_rate_4,1.0,4.0,1.0,1.0
F1,11.220184543019629,clock characteristic time,analytic,coupling,0.9777187265466564,0.9777187265466564,,not_applicable_deterministic,lambda=1;kappa=4;rho_inf=1,1.0.0,response_to_clock_rate_4,1.0,4.0,1.0,1.0
F1,11.659144011798311,clock characteristic time,analytic,coupling,0.9785576025352276,0.9785576025352276,,not_applicable_deterministic,lambda=1;kappa=4;rho_inf=1,1.0.0,response_to_clock_rate_4,1.0,4.0,1.0,1.0
F1,12.115276586285876,clock characteristic time,analytic,coupling,0.9793648953682995,0.9793648953682995,,not_applicable_deterministic,lambda=1;kappa=4;rho_inf=1,1.0.0,response_to_clock_rate_4,1.0,4.0,1.0,1.0
F1,12.589254117941662,clock characteristic time,analytic,coupling,0.980141794131893,0.980141794131893,,not_applicable_deterministic,lambda=1;kappa=4;rho_inf=1,1.0.0,response_to_clock_rate_4,1.0,4.0,1.0,1.0
F1,13.081774742601928,clock characteristic time,analytic,coupling,0.980889443143685,0.980889443143685,,not_applicable_deterministic,lambda=1;kappa=4;rho_inf=1,1.0.0,response_to_clock_rate_4,1.0,4.0,1.0,1.0
F1,13.593563908785242,clock characteristic time,analytic,coupling,0.9816089436385089,0.9816089436385089,,not_applicable_deterministic,lambda=1;kappa=4;rho_inf=1,1.0.0,response_to_clock_rate_4,1.0,4.0,1.0,1.0
F1,14.125375446227554,clock characteristic time,analytic,coupling,0.9823013553903965,0.9823013553903965,,not_applicable_deterministic,lambda=1;kappa=4;rho_inf=1,1.0.0,response_to_clock_rate_4,1.0,4.0,1.0,1.0
F1,14.677992676220706,clock characteristic time,analytic,coupling,0.982967698273551,0.982967698273551,,not_applicable_deterministic,lambda=1;kappa=4;rho_inf=1,1.0.0,response_to_clock_rate_4,1.0,4.0,1.0,1.0
F1,15.252229565390198,clock characteristic time,analytic,coupling,0.9836089537645505,0.9836089537645505,,not_applicable_deterministic,lambda=1;kappa=4;rho_inf=1,1.0.0,response_to_clock_rate_4,1.0,4.0,1.0,1.0
F1,15.848931924611142,clock characteristic time,analytic,coupling,0.9842260663879951,0.9842260663879951,,not_applicable_deterministic,lambda=1;kappa=4;rho_inf=1,1.0.0,response_to_clock_rate_4,1.0,4.0,1.0,1.0
F1,16.46897865482869,clock characteristic time,analytic,coupling,0.9848199451077253,0.9848199451077253,,not_applicable_deterministic,lambda=1;kappa=4;rho_inf=1,1.0.0,response_to_clock_rate_4,1.0,4.0,1.0,1.0
F1,17.11328304161781,clock characteristic time,analytic,coupling,0.9853914646656621,0.9853914646656621,,not_applicable_deterministic,lambda=1;kappa=4;rho_inf=1,1.0.0,response_to_clock_rate_4,1.0,4.0,1.0,1.0
F1,17.78279410038923,clock characteristic time,analytic,coupling,0.9859414668702413,0.9859414668702413,,not_applicable_deterministic,lambda=1;kappa=4;rho_inf=1,1.0.0,response_to_clock_rate_4,1.0,4.0,1.0,1.0
F1,18.478497974222908,clock characteristic time,analytic,coupling,0.9864707618363384,0.9864707618363384,,not_applicable_deterministic,lambda=1;kappa=4;rho_inf=1,1.0.0,response_to_clock_rate_4,1.0,4.0,1.0,1.0
F1,19.20141938638801,clock characteristic time,analytic,coupling,0.9869801291785113,0.9869801291785113,,not_applicable_deterministic,lambda=1;kappa=4;rho_inf=1,1.0.0,response_to_clock_rate_4,1.0,4.0,1.0,1.0
F1,19.952623149688787,clock characteristic time,analytic,coupling,0.9874703191593182,0.9874703191593182,,not_applicable_deterministic,lambda=1;kappa=4;rho_inf=1,1.0.0,response_to_clock_rate_4,1.0,4.0,1.0,1.0
F1,20.73321573485954,clock characteristic time,analytic,coupling,0.9879420537944017,0.9879420537944017,,not_applicable_deterministic,lambda=1;kappa=4;rho_inf=1,1.0.0,response_to_clock_rate_4,1.0,4.0,1.0,1.0
F1,21.54434690031882,clock characteristic time,analytic,coupling,0.988396027915968,0.988396027915968,,not_applicable_deterministic,lambda=1;kappa=4;rho_inf=1,1.0.0,response_to_clock_rate_4,1.0,4.0,1.0,1.0
F1,22.38721138568338,clock characteristic time,analytic,coupling,0.9888329101962259,0.9888329101962259,,not_applicable_deterministic,lambda=1;kappa=4;rho_inf=1,1.0.0,response_to_clock_rate_4,1.0,4.0,1.0,1.0
F1,23.263050671536238,clock characteristic time,analytic,coupling,0.9892533441322943,0.9892533441322943,,not_applicable_deterministic,lambda=1;kappa=4;rho_inf=1,1.0.0,response_to_clock_rate_4,1.0,4.0,1.0,1.0
F1,24.173154808041012,clock characteristic time,analytic,coupling,0.9896579489940287,0.9896579489940287,,not_applicable_deterministic,lambda=1;kappa=4;rho_inf=1,1.0.0,response_to_clock_rate_4,1.0,4.0,1.0,1.0
F1,25.11886431509582,clock characteristic time,analytic,coupling,0.9900473207361625,0.9900473207361625,,not_applicable_deterministic,lambda=1;kappa=4;rho_inf=1,1.0.0,response_to_clock_rate_4,1.0,4.0,1.0,1.0
F1,26.101572156825384,clock characteristic time,analytic,coupling,0.9904220328761068,0.9904220328761068,,not_applicable_deterministic,lambda=1;kappa=4;rho_inf=1,1.0.0,response_to_clock_rate_4,1.0,4.0,1.0,1.0
F1,27.122725793320296,clock characteristic time,analytic,coupling,0.9907826373387011,0.9907826373387011,,not_applicable_deterministic,lambda=1;kappa=4;rho_inf=1,1.0.0,response_to_clock_rate_4,1.0,4.0,1.0,1.0
F1,28.183829312644548,clock characteristic time,analytic,coupling,0.9911296652691606,0.9911296652691606,,not_applicable_deterministic,lambda=1;kappa=4;rho_inf=1,1.0.0,response_to_clock_rate_4,1.0,4.0,1.0,1.0
F1,29.28644564625237,clock characteristic time,analytic,coupling,0.991463627815416,0.991463627815416,,not_applicable_deterministic,lambda=1;kappa=4;rho_inf=1,1.0.0,response_to_clock_rate_4,1.0,4.0,1.0,1.0
F1,30.432198871077222,clock characteristic time,analytic,coupling,0.9917850168809984,0.9917850168809984,,not_applicable_deterministic,lambda=1;kappa=4;rho_inf=1,1.0.0,response_to_clock_rate_4,1.0,4.0,1.0,1.0
F1,31.622776601683793,clock characteristic time,analytic,coupling,0.992094305849579,0.992094305849579,,not_applicable_deterministic,lambda=1;kappa=4;rho_inf=1,1.0.0,response_to_clock_rate_4,1.0,4.0,1.0,1.0
F1,32.85993247600654,clock characteristic time,analytic,coupling,0.9923919502822307,0.9923919502822307,,not_applicable_deterministic,lambda=1;kappa=4;rho_inf=1,1.0.0,response_to_clock_rate_4,1.0,4.0,1.0,1.0
F1,34.145488738336006,clock characteristic time,analytic,coupling,0.9926783885884369,0.9926783885884369,,not_applicable_deterministic,lambda=1;kappa=4;rho_inf=1,1.0.0,response_to_clock_rate_4,1.0,4.0,1.0,1.0
F1,35.481338923357534,clock characteristic time,analytic,coupling,0.9929540426718388,0.9929540426718388,,not_applicable_deterministic,lambda=1;kappa=4;rho_inf=1,1.0.0,response_to_clock_rate_4,1.0,4.0,1.0,1.0
F1,36.869450645195734,clock characteristic time,analytic,coupling,0.9932193185516699,0.9932193185516699,,not_applicable_deterministic,lambda=1;kappa=4;rho_inf=1,1.0.0,response_to_clock_rate_4,1.0,4.0,1.0,1.0
F1,38.31186849557285,clock characteristic time,analytic,coupling,0.9934746069607937,0.9934746069607937,,not_applicable_deterministic,lambda=1;kappa=4;rho_inf=1,1.0.0,response_to_clock_rate_4,1.0,4.0,1.0,1.0
F1,39.81071705534969,clock characteristic time,analytic,coupling,0.993720283921226,0.993720283921226,,not_applicable_deterministic,lambda=1;kappa=4;rho_inf=1,1.0.0,response_to_clock_rate_4,1.0,4.0,1.0,1.0
F1,41.36820402388503,clock characteristic time,analytic,coupling,0.9939567112979897,0.9939567112979897,,not_applicable_deterministic,lambda=1;kappa=4;rho_inf=1,1.0.0,response_to_clock_rate_4,1.0,4.0,1.0,1.0
F1,42.98662347082272,clock characteristic time,analytic,coupling,0.9941842373321159,0.9941842373321159,,not_applicable_deterministic,lambda=1;kappa=4;rho_inf=1,1.0.0,response_to_clock_rate_4,1.0,4.0,1.0,1.0
F1,44.668359215096345,clock characteristic time,analytic,coupling,0.9944031971535792,0.9944031971535792,,not_applicable_deterministic,lambda=1;kappa=4;rho_inf=1,1.0.0,response_to_clock_rate_4,1.0,4.0,1.0,1.0
F1,46.41588833612782,clock characteristic time,analytic,coupling,0.9946139132749203,0.9946139132749203,,not_applicable_deterministic,lambda=1;kappa=4;rho_inf=1,1.0.0,response_to_clock_rate_4,1.0,4.0,1.0,1.0
F1,48.23178482239309,clock characteristic time,analytic,coupling,0.9948166960662851,0.9948166960662851,,not_applicable_deterministic,lambda=1;kappa=4;rho_inf=1,1.0.0,response_to_clock_rate_4,1.0,4.0,1.0,1.0
F1,50.118723362727245,clock characteristic time,analytic,coupling,0.9950118442125778,0.9950118442125778,,not_applicable_deterministic,lambda=1;kappa=4;rho_inf=1,1.0.0,response_to_clock_rate_4,1.0,4.0,1.0,1.0
F1,52.07948328595465,clock characteristic time,analytic,coupling,0.995199645153403,0.995199645153403,,not_applicable_deterministic,lambda=1;kappa=4;rho_inf=1,1.0.0,response_to_clock_rate_4,1.0,4.0,1.0,1.0
F1,54.116952654646376,clock characteristic time,analytic,coupling,0.9953803755064443,0.9953803755064443,,not_applicable_deterministic,lambda=1;kappa=4;rho_inf=1,1.0.0,response_to_clock_rate_4,1.0,4.0,1.0,1.0
F1,56.23413251903491,clock characteristic time,analytic,coupling,0.9955543014749026,0.9955543014749026,,not_applicable_deterministic,lambda=1;kappa=4;rho_inf=1,1.0.0,response_to_clock_rate_4,1.0,4.0,1.0,1.0
F1,58.434141337351754,clock characteristic time,analytic,coupling,0.9957216792395955,0.9957216792395955,,not_applicable_deterministic,lambda=1;kappa=4;rho_inf=1,1.0.0,response_to_clock_rate_4,1.0,4.0,1.0,1.0
F1,60.72021956909884,clock characteristic time,analytic,coupling,0.9958827553362928,0.9958827553362928,,not_applicable_deterministic,lambda=1;kappa=4;rho_inf=1,1.0.0,response_to_clock_rate_4,1.0,4.0,1.0,1.0
F1,63.0957344480193,clock characteristic time,analytic,coupling,0.9960377670188472,0.9960377670188472,,not_applicable_deterministic,lambda=1;kappa=4;rho_inf=1,1.0.0,response_to_clock_rate_4,1.0,4.0,1.0,1.0
F1,65.56418494179785,clock characteristic time,analytic,coupling,0.9961869426086525,0.9961869426086525,,not_applicable_deterministic,lambda=1;kappa=4;rho_inf=1,1.0.0,response_to_clock_rate_4,1.0,4.0,1.0,1.0
F1,68.12920690579608,clock characteristic time,analytic,coupling,0.9963305018309448,0.9963305018309448,,not_applicable_deterministic,lambda=1;kappa=4;rho_inf=1,1.0.0,response_to_clock_rate_4,1.0,4.0,1.0,1.0
F1,70.79457843841374,clock characteristic time,analytic,coupling,0.9964686561384432,0.9964686561384432,,not_applicable_deterministic,lambda=1;kappa=4;rho_inf=1,1.0.0,response_to_clock_rate_4,1.0,4.0,1.0,1.0
F1,73.56422544596406,clock characteristic time,analytic,coupling,0.9966016090228037,0.9966016090228037,,not_applicable_deterministic,lambda=1;kappa=4;rho_inf=1,1.0.0,response_to_clock_rate_4,1.0,4.0,1.0,1.0
F1,76.44222742525994,clock characteristic time,analytic,coupling,0.9967295563143496,0.9967295563143496,,not_applicable_deterministic,lambda=1;kappa=4;rho_inf=1,1.0.0,response_to_clock_rate_4,1.0,4.0,1.0,1.0
F1,79.43282347242821,clock characteristic time,analytic,coupling,0.9968526864705146,0.9968526864705146,,not_applicable_deterministic,lambda=1;kappa=4;rho_inf=1,1.0.0,response_to_clock_rate_4,1.0,4.0,1.0,1.0
F1,82.5404185268019,clock characteristic time,analytic,coupling,0.9969711808534285,0.9969711808534285,,not_applicable_deterministic,lambda=1;kappa=4;rho_inf=1,1.0.0,response_to_clock_rate_4,1.0,4.0,1.0,1.0
F1,85.76958985908946,clock characteristic time,analytic,coupling,0.9970852139970504,0.9970852139970504,,not_applicable_deterministic,lambda=1;kappa=4;rho_inf=1,1.0.0,response_to_clock_rate_4,1.0,4.0,1.0,1.0
F1,89.12509381337459,clock characteristic time,analytic,coupling,0.9971949538642451,0.9971949538642451,,not_applicable_deterministic,lambda=1;kappa=4;rho_inf=1,1.0.0,response_to_clock_rate_4,1.0,4.0,1.0,1.0
F1,92.61187281287937,clock characteristic time,analytic,coupling,0.9973005620941807,0.9973005620941807,,not_applicable_deterministic,lambda=1;kappa=4;rho_inf=1,1.0.0,response_to_clock_rate_4,1.0,4.0,1.0,1.0
F1,96.23506263980887,clock characteristic time,analytic,coupling,0.9974021942404121,0.9974021942404121,,not_applicable_deterministic,lambda=1;kappa=4;rho_inf=1,1.0.0,response_to_clock_rate_4,1.0,4.0,1.0,1.0
F1,100.0,clock characteristic time,analytic,coupling,0.9975,0.9975,,not_applicable_deterministic,lambda=1;kappa=4;rho_inf=1,1.0.0,response_to_clock_rate_4,1.0,4.0,1.0,1.0
F1,0.001,clock characteristic time,analytic,combined,9.983351928067688e-07,9.983351928067688e-07,,not_applicable_deterministic,lambda=1;kappa=4;rho_inf=1,1.0.0,response_to_clock_rate_4,1.0,4.0,1.0,1.0
F1,0.001039122303835169,clock characteristic time,analytic,combined,1.0779072994825326e-06,1.0779072994825326e-06,,not_applicable_deterministic,lambda=1;kappa=4;rho_inf=1,1.0.0,response_to_clock_rate_4,1.0,4.0,1.0,1.0
F1,0.0010797751623277093,clock characteristic time,analytic,combined,1.163818719669989e-06,1.163818719669989e-06,,not_applicable_deterministic,lambda=1;kappa=4;rho_inf=1,1.0.0,response_to_clock_rate_4,1.0,4.0,1.0,1.0
F1,0.001122018454301963,clock characteristic time,analytic,combined,1.2565741293032853e-06,1.2565741293032853e-06,,not_applicable_deterministic,lambda=1;kappa=4;rho_inf=1,1.0.0,response_to_clock_rate_4,1.0,4.0,1.0,1.0
F1,0.0011659144011798323,clock characteristic time,analytic,combined,1.3567183377504227e-06,1.3567183377504227e-06,,not_applicable_deterministic,lambda=1;kappa=4;rho_inf=1,1.0.0,response_to_clock_rate_4,1.0,4.0,1.0,1.0
F1,0.001211527658628589,clock characteristic time,analytic,combined,1.4648394739739986e-06,1.4648394739739986e-06,,not_applicable_deterministic,lambda=1;kappa=4;rho_inf=1,1.0.0,response_to_clock_rate_4,1.0,4.0,1.0,1.0
F1,0.0012589254117941675,clock characteristic time,analytic,combined,1.5815724249913216e-06,1.5815724249913216e-06,,not_applicable_deterministic,lambda=1;kappa=4;rho_inf=1,1.0.0,response_to_clock_rate_4,1.0,4.0,1.0,1.0
F1,0.0013081774742601943,clock characteristic time,analytic,combined,1.7076025465241811e-06,1.7076025465241811e-06,,not_applicable_deterministic,lambda=1;kappa=4;rho_inf=1,1.0.0,response_to_clock_rate_4,1.0,4.0,1.0,1.0
F1,0.0013593563908785254,clock characteristic time,analytic,combined,1.8436696672919507e-06,1.8436696672919507e-06,,not_applicable_deterministic,lambda=1;kappa=4;rho_inf=1,1.0.0,response_to_clock_rate_4,1.0,4.0,1.0,1.0
F1,0.001412537544622754,clock characteristic time,analytic,combined,1.990572410093382e-06,1.990572410093382e-06,,not_applicable_deterministic,lambda=1;kappa=4;rho_inf=1,1.0.0,response_to_clock_rate_4,1.0,4.0,1.0,1.0
F1,0.001467799267622069,clock characteristic time,analytic,combined,2.1491728546236146e-06,2.1491728546236146e-06,,not_applicable_deterministic,lambda=1;kappa=4;rho_inf=1,1.0.0,response_to_clock_rate_4,1.0,4.0,1.0,1.0
F1,0.0015252229565390183,clock characteristic time,analytic,combined,2.3204015689203873e-06,2.3204015689203873e-06,,not_applicable_deterministic,lambda=1;kappa=4;rho_inf=1,1.0.0,response_to_clock_rate_4,1.0,4.0,1.0,1.0
F1,0.001584893192461114,clock characteristic time,analytic,combined,2.5052630384478457e-06,2.5052630384478457e-06,,not_applicable_deterministic,lambda=1;kappa=4;rho_inf=1,1.0.0,response_to_clock_rate_4,1.0,4.0,1.0,1.0
F1,0.0016468978654828688,clock characteristic time,analytic,combined,2.7048415240846666e-06,2.7048415240846666e-06,,not_applicable_deterministic,lambda=1;kappa=4;rho_inf=1,1.0.0,response_to_clock_rate_4,1.0,4.0,1.0,1.0
F1,0.001711328304161781,clock characteristic time,analytic,combined,2.9203073827127534e-06,2.9203073827127534e-06,,not_applicable_deterministic,lambda=1;kappa=4;rho_inf=1,1.0.0,response_to_clock_rate_4,1.0,4.0,1.0,1.0
F1,0.0017782794100389228,clock characteristic time,analytic,combined,3.152923886753785e-06,3.152923886753785e-06,,not_applicable_deterministic,lambda=1;kappa=4;rho_inf=1,1.0.0,response_to_clock_rate_4,1.0,4.0,1.0,1.0
F1,0.0018478497974222907,clock characteristic time,analytic,combined,3.4040545817936394e-06,3.4040545817936394e-06,,not_applicable_deterministic,lambda=1;kappa=4;rho_inf=1,1.0.0,response_to_clock_rate_4,1.0,4.0,1.0,1.0
F1,0.001920141938638801,clock characteristic time,analytic,combined,3.6751712245287317e-06,3.6751712245287317e-06,,not_applicable_deterministic,lambda=1;kappa=4;rho_inf=1,1.0.0,response_to_clock_rate_4,1.0,4.0,1.0,1.0
F1,0.001995262314968879,clock characteristic time,analytic,combined,3.96786234649583e-06,3.96786234649583e-06,,not_applicable_deterministic,lambda=1;kappa=4;rho_inf=1,1.0.0,response_to_clock_rate_4,1.0,4.0,1.0,1.0
F1,0.002073321573485954,clock characteristic time,analytic,combined,4.2838424926245605e-06,4.2838424926245605e-06,,not_applicable_deterministic,lambda=1;kappa=4;rho_inf=1,1.0.0,response_to_clock_rate_4,1.0,4.0,1.0,1.0
F1,0.0021544346900318843,clock characteristic time,analytic,combined,4.624962187418929e-06,4.624962187418929e-06,,not_applicable_deterministic,lambda=1;kappa=4;rho_inf=1,1.0.0,response_to_clock_rate_4,1.0,4.0,1.0,1.0
F1,0.00223872113856834,clock characteristic time,analytic,combined,4.993218685688043e-06,4.993218685688043e-06,,not_applicable_deterministic,lambda=1;kappa=4;rho_inf=1,1.0.0,response_to_clock_rate_4,1.0,4.0,1.0,1.0
F1,0.0023263050671536263,clock characteristic time,analytic,combined,5.390767569132071e-06,5.390767569132071e-06,,not_applicable_deterministic,lambda=1;kappa=4;rho_inf=1,1.0.0,response_to_clock_rate_4,1.0,4.0,1.0,1.0
F1,0.0024173154808041037,clock characteristic time,analytic,combined,5.819935254838679e-06,5.819935254838679e-06,,not_applicable_deterministic,lambda=1;kappa=4;rho_inf=1,1.0.0,response_to_clock_rate_4,1.0,4.0,1.0,1.0
F1,0.0025118864315095794,clock characteristic time,analytic,combined,6.283232486841672e-06,6.283232486841672e-06,,not_applicable_deterministic,lambda=1;kappa=4;rho_inf=1,1.0.0,response_to_clock_rate_4,1.0,4.0,1.0,1.0
F1,0.0026101572156825357,clock characteristic time,analytic,combined,6.783368887361347e-06,6.783368887361347e-06,,not_applicable_deterministic,lambda=1;kappa=4;rho_inf=1,1.0.0,response_to_clock_rate_4,1.0,4.0,1.0,1.0
F1,0.0027122725793320298,clock characteristic time,analytic,combined,7.323268650263871e-06,7.323268650263871e-06,,not_applicable_deterministic,lambda=1;kappa=4;rho_inf=1,1.0.0,response_to_clock_rate_4,1.0,4.0,1.0,1.0
F1,0.002818382931264455,clock characteristic time,analytic,combined,7.906087465600763e-06,7.906087465600763e-06,,not_applicable_deterministic,lambda=1;kappa=4;rho_inf=1,1.0.0,response_to_clock_rate_4,1.0,4.0,1.0,1.0
F1,0.0029286445646252374,clock characteristic time,analytic,combined,8.535230770917778e-06,8.535230770917778e-06,,not_applicable_deterministic,lambda=1;kappa=4;rho_inf=1,1.0.0,response_to_clock_rate_4,1.0,4.0,1.0,1.0
F1,0.003043219887107722,clock characteristic time,analytic,combined,9.214373432347862e-06,9.214373432347862e-06,,not_applicable_deterministic,lambda=1;kappa=4;rho_inf=1,1.0.0,response_to_clock_rate_4,1.0,4.0,1.0,1.0
F1,0.0031622776601683794,clock characteristic time,analytic,combined,9.947480966380258e-06,9.947480966380258e-06,,not_applicable_deterministic,lambda=1;kappa=4;rho_inf=1,1.0.0,response_to_clock_rate_4,1.0,4.0,1.0,1.0
F1,0.003285993247600654,clock characteristic time,analytic,combined,1.073883242165204e-05,1.073883242165204e-05,,not_applicable_deterministic,lambda=1;kappa=4;rho_inf=1,1.0.0,response_to_clock_rate_4,1.0,4.0,1.0,1.0
F1,0.003414548873833601,clock characteristic time,analytic,combined,1.1593045049231337e-05,1.1593045049231337e-05,,not_applicable_deterministic,lambda=1;kappa=4;rho_inf=1,1.0.0,response_to_clock_rate_4,1.0,4.0,1.0,1.0
F1,0.0035481338923357532,clock characteristic time,analytic,combined,1.2515100899595351e-05,1.2515100899595351e-05,,not_applicable_deterministic,lambda=1;kappa=4;rho_inf=1,1.0.0,response_to_clock_rate_4,1.0,4.0,1.0,1.0
F1,0.0036869450645195733,clock characteristic time,analytic,combined,1.351037549501146e-05,1.351037549501146e-05,,not_applicable_deterministic,lambda=1;kappa=4;rho_inf=1,1.0.0,response_to_clock_rate_4,1.0,4.0,1.0,1.0
F1,0.003831186849557289,clock characteristic time,analytic,combined,1.4584668737305067e-05,1.4584668737305067e-05,,not_applicable_deterministic,lambda=1;kappa=4;rho_inf=1,1.0.0,response_to_clock_rate_4,1.0,4.0,1.0,1.0
F1,0.003981071705534973,clock characteristic time,analytic,combined,1.5744238223060812e-05,1.5744238223060812e-05,,not_applicable_deterministic,lambda=1;kappa=4;rho_inf=1,1.0.0,response_to_clock_rate_4,1.0,4.0,1.0,1.0
F1,0.004136820402388507,clock characteristic time,analytic,combined,1.6995835151300217e-05,1.6995835151300217e-05,,not_applicable_deterministic,lambda=1;kappa=4;rho_inf=1,1.0.0,response_to_clock_rate_4,1.0,4.0,1.0,1.0
F1,0.004298662347082277,clock characteristic time,analytic,combined,1.834674302259518e-05,1.834674302259518e-05,,not_applicable_deterministic,lambda=1;kappa=4;rho_inf=1,1.0.0,response_to_clock_rate_4,1.0,4.0,1.0,1.0
F1,0.0044668359215096305,clock characteristic time,analytic,combined,1.9804819343469637e-05,1.9804819343469637e-05,,not_applicable_deterministic,lambda=1;kappa=4;rho_inf=1,1.0.0,response_to_clock_rate_4,1.0,4.0,1.0,1.0
F1,0.004641588833612777,clock characteristic time,analytic,combined,2.1378540566020956e-05,2.1378540566020956e-05,,not_applicable_deterministic,lambda=1;kappa=4;rho_inf=1,1.0.0,response_to_clock_rate_4,1.0,4.0,1.0,1.0
F1,0.004823178482239309,clock characteristic time,analytic,combined,2.3077050509776635e-05,2.3077050509776635e-05,,not_applicable_deterministic,lambda=1;kappa=4;rho_inf=1,1.0.0,response_to_clock_rate_4,1.0,4.0,1.0,1.0
F1,0.005011872336272725,clock characteristic time,analytic,combined,2.4910212531236232e-05,2.4910212531236232e-05,,not_applicable_deterministic,lambda=1;kappa=4;rho_inf=1,1.0.0,response_to_clock_rate_4,1.0,4.0,1.0,1.0
F1,0.005207948328595465,clock characteristic time,analytic,combined,2.6888665726219967e-05,2.6888665726219967e-05,,not_applicable_deterministic,lambda=1;kappa=4;rho_inf=1,1.0.0,response_to_clock_rate_4,1.0,4.0,1.0,1.0
F1,0.0054116952654646375,clock characteristic time,analytic,combined,2.902388547127052e-05,2.902388547127052e-05,,not_applicable_deterministic,lambda=1;kappa=4;rho_inf=1,1.0.0,response_to_clock_rate_4,1.0,4.0,1.0,1.0
F1,0.005623413251903491,clock characteristic time,analytic,combined,3.132824863287278e-05,3.132824863287278e-05,,not_applicable_deterministic,lambda=1;kappa=4;rho_inf=1,1.0.0,response_to_clock_rate_4,1.0,4.0,1.0,1.0
F1,0.005843414133735175,clock characteristic time,analytic,combined,3.381510379750898e-05,3.381510379750898e-05,,not_applicable_deterministic,lambda=1;kappa=4;rho_inf=1,1.0.0,response_to_clock_rate_4,1.0,4.0,1.0,1.0
F1,0.006072021956909884,clock characteristic time,analytic,combined,3.649884690131125e-05,3.649884690131125e-05,,not_applicable_deterministic,lambda=1;kappa=4;rho_inf=1,1.0.0,response_to_clock_rate_4,1.0,4.0,1.0,1.0
F1,0.006309573444801929,clock characteristic time,analytic,combined,3.939500266579549e-05,3.939500266579549e-05,,not_applicable_deterministic,lambda=1;kappa=4;rho_inf=1,1.0.0,response_to_clock_rate_4,1.0,4.0,1.0,1.0
F1,0.006556418494179785,clock characteristic time,analytic,combined,4.252031227562319e-05,4.252031227562319e-05,,not_applicable_deterministic,lambda=1;kappa=4;rho_inf=1,1.0.0,response_to_clock_rate_4,1.0,4.0,1.0,1.0
F1,0.006812920690579615,clock characteristic time,analytic,combined,4.589282776593708e-05,4.589282776593708e-05,,not_applicable_deterministic,lambda=1;kappa=4;rho_inf=1,1.0.0,response_to_clock_rate_4,1.0,4.0,1.0,1.0
F1,0.00707945784384138,clock characteristic time,analytic,combined,4.9532013620476654e-05,4.9532013620476654e-05,,not_applicable_deterministic,lambda=1;kappa=4;rho_inf=1,1.0.0,response_to_clock_rate_4,1.0,4.0,1.0,1.0
F1,0.007356422544596414,clock characteristic time,analytic,combined,5.345885611761918e-05,5.345885611761918e-05,,not_applicable_deterministic,lambda=1;kappa=4;rho_inf=1,1.0.0,response_to_clock_rate_4,1.0,4.0,1.0,1.0
F1,0.007644222742526002,clock characteristic time,analytic,combined,5.7695980999872246e-05,5.7695980999872246e-05,,not_applicable_deterministic,lambda=1;kappa=4;rho_inf=1,1.0.0,response_to_clock_rate_4,1.0,4.0,1.0,1.0
F1,0.007943282347242814,clock characteristic time,analytic,combined,6.22677800831584e-05,6.22677800831584e-05,,not_applicable_deterministic,lambda=1;kappa=4;rho_inf=1,1.0.0,response_to_clock_rate_4,1.0,4.0,1.0,1.0
F1,0.008254041852680182,clock characteristic time,analytic,combined,6.720054746585032e-05,6.720054746585032e-05,,not_applicable_deterministic,lambda=1;kappa=4;rho_inf=1,1.0.0,response_to_clock_rate_4,1.0,4.0,1.0,1.0
F1,0.008576958985908946,clock characteristic time,analytic,combined,7.252262604379094e-05,7.252262604379094e-05,,not_applicable_deterministic,lambda=1;kappa=4;rho_inf=1,1.0.0,response_to_clock_rate_4,1.0,4.0,1.0,1.0
F1,0.008912509381337459,clock characteristic time,analytic,combined,7.82645650869829e-05,7.82645650869829e-05,,not_applicable_deterministic,lambda=1;kappa=4;rho_inf=1,1.0.0,response_to_clock_rate_4,1.0,4.0,1.0,1.0
F1,0.009261187281287938,clock characteristic time,analytic,combined,8.445928968590815e-05,8.445928968590815e-05,,not_applicable_deterministic,lambda=1;kappa=4;rho_inf=1,1.0.0,response_to_clock_rate_4,1.0,4.0,1.0,1.0
F1,0.009623506263980888,clock characteristic time,analytic,combined,9.114228293138052e-05,9.114228293138052e-05,,not_applicable_deterministic,lambda=1;kappa=4;rho_inf=1,1.0.0,response_to_clock_rate_4,1.0,4.0,1.0,1.0
F1,0.01,clock characteristic time,analytic,combined,9.835178175078915e-05,9.835178175078915e-05,,not_applicable_deterministic,lambda=1;kappa=4;rho_inf=1,1.0.0,response_to_clock_rate_4,1.0,4.0,1.0,1.0
F1,0.01039122303835169,clock characteristic time,analytic,combined,0.00010612898738648652,0.00010612898738648652,,not_applicable_deterministic,lambda=1;kappa=4;rho_inf=1,1.0.0,response_to_clock_rate_4,1.0,4.0,1.0,1.0
F1,0.010797751623277093,clock characteristic time,analytic,combined,0.00011451829156853471,0.00011451829156853471,,not_applicable_deterministic,lambda=1;kappa=4;rho_inf=1,1.0.0,response_to_clock_rate_4,1.0,4.0,1.0,1.0
F1,0.011220184543019636,clock characteristic time,analytic,combined,0.00012356751950442555,0.00012356751950442555,,not_applicable_deterministic,lambda=1;kappa=4;rho_inf=1,1.0.0,response_to_clock_rate_4,1.0,4.0,1.0,1.0
F1,0.011659144011798317,clock characteristic time,analytic,combined,0.0001333281908829058,0.0001333281908829058,,not_applicable_deterministic,lambda=1;kappa=4;rho_inf=1,1.0.0,response_to_clock_rate_4,1.0,4.0,1.0,1.0
F1,0.012115276586285882,clock characteristic time,analytic,combined,0.00014385580016775738,0.00014385580016775738,,not_applicable_deterministic,lambda=1;kappa=4;rho_inf=1,1.0.0,response_to_clock_rate_4,1.0,4.0,1.0,1.0
F1,0.012589254117941675,clock characteristic time,analytic,combined,0.00015521011754038747,0.00015521011754038747,,not_applicable_deterministic,lambda=1;kappa=4;rho_inf=1,1.0.0,response_to_clock_rate_4,1.0,4.0,1.0,1.0
F1,0.013081774742601943,clock characteristic time,analytic,combined,0.0001674555119377932,0.0001674555119377932,,not_applicable_deterministic,lambda=1;kappa=4;rho_inf=1,1.0.0,response_to_clock_rate_4,1.0,4.0,1.0,1.0
F1,0.013593563908785255,clock characteristic time,analytic,combined,0.00018066129772446743,0.00018066129772446743,,not_applicable_deterministic,lambda=1;kappa=4;rho_inf=1,1.0.0,response_to_clock_rate_4,1.0,4.0,1.0,1.0
F1,0.01412537544622754,clock characteristic time,analytic,combined,0.00019490210663389995,0.00019490210663389995,,not_applicable_deterministic,lambda=1;kappa=4;rho_inf=1,1.0.0,response_to_clock_rate_4,1.0,4.0,1.0,1.0
F1,0.014677992676220698,clock characteristic time,analytic,combined,0.0002102582867170808,0.0002102582867170808,,not_applicable_deterministic,lambda=1;kappa=4;rho_inf=1,1.0.0,response_to_clock_rate_4,1.0,4.0,1.0,1.0
F1,0.01525222956539019,clock characteristic time,analytic,combined,0.00022681633014190976,0.00022681633014190976,,not_applicable_deterministic,lambda=1;kappa=4;rho_inf=1,1.0.0,response_to_clock_rate_4,1.0,4.0,1.0,1.0
F1,0.015848931924611134,clock characteristic time,analytic,combined,0.00024466933179914083,0.00024466933179914083,,not_applicable_deterministic,lambda=1;kappa=4;rho_inf=1,1.0.0,response_to_clock_rate_4,1.0,4.0,1.0,1.0
F1,0.01646897865482868,clock characteristic time,analytic,combined,0.0002639174807870436,0.0002639174807870436,,not_applicable_deterministic,lambda=1;kappa=4;rho_inf=1,1.0.0,response_to_clock_rate_4,1.0,4.0,1.0,1.0
F1,0.01711328304161781,clock characteristic time,analytic,combined,0.00028466858696822144,0.00028466858696822144,,not_applicable_deterministic,lambda=1;kappa=4;rho_inf=1,1.0.0,response_to_clock_rate_4,1.0,4.0,1.0,1.0
F1,0.01778279410038923,clock characteristic time,analytic,combined,0.00030703864491849056,0.00030703864491849056,,not_applicable_deterministic,lambda=1;kappa=4;rho_inf=1,1.0.0,response_to_clock_rate_4,1.0,4.0,1.0,1.0
F1,0.018478497974222907,clock characteristic time,analytic,combined,0.0003311524377186582,0.0003311524377186582,,not_applicable_deterministic,lambda=1;kappa=4;rho_inf=1,1.0.0,response_to_clock_rate_4,1.0,4.0,1.0,1.0
F1,0.01920141938638801,clock characteristic time,analytic,combined,0.0003571441831755319,0.0003571441831755319,,not_applicable_deterministic,lambda=1;kappa=4;rho_inf=1,1.0.0,response_to_clock_rate_4,1.0,4.0,1.0,1.0
F1,0.0199526231496888,clock characteristic time,analytic,combined,0.00038515822519832085,0.00038515822519832085,,not_applicable_deterministic,lambda=1;kappa=4;rho_inf=1,1.0.0,response_to_clock_rate_4,1.0,4.0,1.0,1.0
F1,0.02073321573485955,clock characteristic time,analytic,combined,0.00041534977320030237,0.00041534977320030237,,not_applicable_deterministic,lambda=1;kappa=4;rho_inf=1,1.0.0,response_to_clock_rate_4,1.0,4.0,1.0,1.0
F1,0.021544346900318832,clock characteristic time,analytic,combined,0.0004478856925429387,0.0004478856925429387,,not_applicable_deterministic,lambda=1;kappa=4;rho_inf=1,1.0.0,response_to_clock_rate_4,1.0,4.0,1.0,1.0
F1,0.0223872113856834,clock characteristic time,analytic,combined,0.0004829453491897656,0.0004829453491897656,,not_applicable_deterministic,lambda=1;kappa=4;rho_inf=1,1.0.0,response_to_clock_rate_4,1.0,4.0,1.0,1.0
F1,0.02326305067153626,clock characteristic time,analytic,combined,0.0005207215118899767,0.0005207215118899767,,not_applicable_deterministic,lambda=1;kappa=4;rho_inf=1,1.0.0,response_to_clock_rate_4,1.0,4.0,1.0,1.0
F1,0.024173154808041036,clock characteristic time,analytic,combined,0.0005614213153657555,0.0005614213153657555,,not_applicable_deterministic,lambda=1;kappa=4;rho_inf=1,1.0.0,response_to_clock_rate_4,1.0,4.0,1.0,1.0
F1,0.025118864315095794,clock characteristic time,analytic,combined,0.0006052672881322397,0.0006052672881322397,,not_applicable_deterministic,lambda=1;kappa=4;rho_inf=1,1.0.0,response_to_clock_rate_4,1.0,4.0,1.0,1.0
F1,0.026101572156825372,clock characteristic time,analytic,combined,0.0006524984487331609,0.0006524984487331609,,not_applicable_deterministic,lambda=1;kappa=4;rho_inf=1,1.0.0,response_to_clock_rate_4,1.0,4.0,1.0,1.0
F1,0.02712272579332028,clock characteristic time,analytic,combined,0.0007033714743279052,0.0007033714743279052,,not_applicable_deterministic,lambda=1;kappa=4;rho_inf=1,1.0.0,response_to_clock_rate_4,1.0,4.0,1.0,1.0
F1,0.028183829312644536,clock characteristic time,analytic,combined,0.000758161945715195,0.000758161945715195,,not_applicable_deterministic,lambda=1;kappa=4;rho_inf=1,1.0.0,response_to_clock_rate_4,1.0,4.0,1.0,1.0
F1,0.02928644564625236,clock characteristic time,analytic,combined,0.0008171656730229686,0.0008171656730229686,,not_applicable_deterministic,lambda=1;kappa=4;rho_inf=1,1.0.0,response_to_clock_rate_4,1.0,4.0,1.0,1.0
F1,0.03043219887107722,clock characteristic time,analytic,combined,0.0008807001064316084,0.0008807001064316084,,not_applicable_deterministic,lambda=1;kappa=4;rho_inf=1,1.0.0,response_to_clock_rate_4,1.0,4.0,1.0,1.0
F1,0.03162277660168379,clock characteristic time,analytic,combined,0.0009491058364267157,0.0009491058364267157,,not_applicable_deterministic,lambda=1;kappa=4;rho_inf=1,1.0.0,response_to_clock_rate_4,1.0,4.0,1.0,1.0
F1,0.03285993247600654,clock characteristic time,analytic,combined,0.0010227481881939075,0.0010227481881939075,,not_applicable_deterministic,lambda=1;kappa=4;rho_inf=1,1.0.0,response_to_clock_rate_4,1.0,4.0,1.0,1.0
F1,0.034145488738336005,clock characteristic time,analytic,combined,0.001102018914871366,0.001102018914871366,,not_applicable_deterministic,lambda=1;kappa=4;rho_inf=1,1.0.0,response_to_clock_rate_4,1.0,4.0,1.0,1.0
F1,0.03548133892335755,clock characteristic time,analytic,combined,0.0011873379944603462,0.0011873379944603462,,not_applicable_deterministic,lambda=1;kappa=4;rho_inf=1,1.0.0,response_to_clock_rate_4,1.0,4.0,1.0,1.0
F1,0.03686945064519575,clock characteristic time,analytic,combined,0.001279155535257681,0.001279155535257681,,not_applicable_deterministic,lambda=1;kappa=4;rho_inf=1,1.0.0,response_to_clock_rate_4,1.0,4.0,1.0,1.0
F1,0.03831186849557287,clock characteristic time,analytic,combined,0.0013779537947126769,0.0013779537947126769,,not_applicable_deterministic,lambda=1;kappa=4;rho_inf=1,1.0.0,response_to_clock_rate_4,1.0,4.0,1.0,1.0
F1,0.039810717055349734,clock characteristic time,analytic,combined,0.001484249316619807,0.001484249316619807,,not_applicable_deterministic,lambda=1;kappa=4;rho_inf=1,1.0.0,response_to_clock_rate_4,1.0,4.0,1.0,1.0
F1,0.04136820402388507,clock characteristic time,analytic,combined,0.0015985951915322041,0.0015985951915322041,,not_applicable_deterministic,lambda=1;kappa=4;rho_inf=1,1.0.0,response_to_clock_rate_4,1.0,4.0,1.0,1.0
F1,0.042986623470822764,clock characteristic time,analytic,combined,0.0017215834452155624,0.0017215834452155624,,not_applicable_deterministic,lambda=1;kappa=4;rho_inf=1,1.0.0,response_to_clock_rate_4,1.0,4.0,1.0,1.0
F1,0.0446683592150963,clock characteristic time,analytic,combined,0.0018538475598498213,0.0018538475598498213,,not_applicable_deterministic,lambda=1;kappa=4;rho_inf=1,1.0.0,response_to_clock_rate_4,1.0,4.0,1.0,1.0
F1,0.046415888336127795,clock characteristic time,analytic,combined,0.001996065132521277,0.001996065132521277,,not_applicable_deterministic,lambda=1;kappa=4;rho_inf=1,1.0.0,response_to_clock_rate_4,1.0,4.0,1.0,1.0
F1,0.04823178482239307,clock characteristic time,analytic,combined,0.002148960675324039,0.002148960675324039,,not_applicable_deterministic,lambda=1;kappa=4;rho_inf=1,1.0.0,response_to_clock_rate_4,1.0,4.0,1.0,1.0
F1,0.05011872336272722,clock characteristic time,analytic,combined,0.0023133085610973917,0.0023133085610973917,,not_applicable_deterministic,lambda=1;kappa=4;rho_inf=1,1.0.0,response_to_clock_rate_4,1.0,4.0,1.0,1.0
F1,0.052079483285954624,clock characteristic time,analytic,combined,0.0024899361184589548,0.0024899361184589548,,not_applicable_deterministic,lambda=1;kappa=4;rho_inf=1,1.0.0,response_to_clock_rate_4,1.0,4.0,1.0,1.0
F1,0.054116952654646375,clock characteristic time,analytic,combined,0.002679726879340604,0.002679726879340604,,not_applicable_deterministic,lambda=1;kappa=4;rho_inf=1,1.0.0,response_to_clock_rate_4,1.0,4.0,1.0,1.0
F1,0.056234132519034905,clock characteristic time,analytic,combined,0.00288362398168788,0.00288362398168788,,not_applicable_deterministic,lambda=1;kappa=4;rho_inf=1,1.0.0,response_to_clock_rate_4,1.0,4.0,1.0,1.0
F1,0.05843414133735175,clock characteristic time,analytic,combined,0.003102633729332691,0.003102633729332691,,not_applicable_deterministic,lambda=1;kappa=4;rho_inf=1,1.0.0,response_to_clock_rate_4,1.0,4.0,1.0,1.0
F1,0.060720219569098836,clock characteristic time,analytic,combined,0.00333782931028165,0.00333782931028165,,not_applicable_deterministic,lambda=1;kappa=4;rho_inf=1,1.0.0,response_to_clock_rate_4,1.0,4.0,1.0,1.0
F1,0.06309573444801933,clock characteristic time,analytic,combined,0.0035903546737696447,0.0035903546737696447,,not_applicable_deterministic,lambda=1;kappa=4;rho_inf=1,1.0.0,response_to_clock_rate_4,1.0,4.0,1.0,1.0
F1,0.06556418494179789,clock characteristic time,analytic,combined,0.0038614285653956917,0.0038614285653956917,,not_applicable_deterministic,lambda=1;kappa=4;rho_inf=1,1.0.0,response_to_clock_rate_4,1.0,4.0,1.0,1.0
F1,0.06812920690579612,clock characteristic time,analytic,combined,0.004152348718474439,0.004152348718474439,,not_applicable_deterministic,lambda=1;kappa=4;rho_inf=1,1.0.0,response_to_clock_rate_4,1.0,4.0,1.0,1.0
F1,0.07079457843841377,clock characteristic time,analytic,combined,0.0044644961983898585,0.0044644961983898585,,not_applicable_deterministic,lambda=1;kappa=4;rho_inf=1,1.0.0,response_to_clock_rate_4,1.0,4.0,1.0,1.0
F1,0.07356422544596414,clock characteristic time,analytic,combined,0.004799339895213769,0.004799339895213769,,not_applicable_deterministic,lambda=1;kappa=4;rho_inf=1,1.0.0,response_to_clock_rate_4,1.0,4.0,1.0,1.0
F1,0.07644222742526002,clock characteristic time,analytic,combined,0.005158441158137789,0.005158441158137789,,not_applicable_deterministic,lambda=1;kappa=4;rho_inf=1,1.0.0,response_to_clock_rate_4,1.0,4.0,1.0,1.0
F1,0.07943282347242814,clock characteristic time,analytic,combined,0.005543458563352131,0.005543458563352131,,not_applicable_deterministic,lambda=1;kappa=4;rho_inf=1,1.0.0,response_to_clock_rate_4,1.0,4.0,1.0,1.0
F1,0.08254041852680186,clock characteristic time,analytic,combined,0.005956152804872757,0.005956152804872757,,not_applicable_deterministic,lambda=1;kappa=4;rho_inf=1,1.0.0,response_to_clock_rate_4,1.0,4.0,1.0,1.0
F1,0.08576958985908942,clock characteristic time,analytic,combined,0.006398391695461382,0.006398391695461382,,not_applicable_deterministic,lambda=1;kappa=4;rho_inf=1,1.0.0,response_to_clock_rate_4,1.0,4.0,1.0,1.0
F1,0.08912509381337455,clock characteristic time,analytic,combined,0.006872155262187622,0.006872155262187622,,not_applicable_deterministic,lambda=1;kappa=4;rho_inf=1,1.0.0,response_to_clock_rate_4,1.0,4.0,1.0,1.0
F1,0.09261187281287933,clock characteristic time,analytic,combined,0.007379540918338554,0.007379540918338554,,not_applicable_deterministic,lambda=1;kappa=4;rho_inf=1,1.0.0,response_to_clock_rate_4,1.0,4.0,1.0,1.0
F1,0.09623506263980887,clock characteristic time,analytic,combined,0.00792276869028555,0.00792276869028555,,not_applicable_deterministic,lambda=1;kappa=4;rho_inf=1,1.0.0,response_to_clock_rate_4,1.0,4.0,1.0,1.0
F1,0.1,clock characteristic time,analytic,combined,0.008504186474557723,0.008504186474557723,,not_applicable_deterministic,lambda=1;kappa=4;rho_inf=1,1.0.0,response_to_clock_rate_4,1.0,4.0,1.0,1.0
F1,0.10391223038351691,clock characteristic time,analytic,combined,0.009126275296751316,0.009126275296751316,,not_applicable_deterministic,lambda=1;kappa=4;rho_inf=1,1.0.0,response_to_clock_rate_4,1.0,4.0,1.0,1.0
F1,0.10797751623277094,clock characteristic time,analytic,combined,0.009791654540018114,0.009791654540018114,,not_applicable_deterministic,lambda=1;kappa=4;rho_inf=1,1.0.0,response_to_clock_rate_4,1.0,4.0,1.0,1.0
F1,0.1122018454301963,clock characteristic time,analytic,combined,0.010503087106734088,0.010503087106734088,,not_applicable_deterministic,lambda=1;kappa=4;rho_inf=1,1.0.0,response_to_clock_rate_4,1.0,4.0,1.0,1.0
F1,0.11659144011798311,clock characteristic time,analytic,combined,0.011263484472556045,0.011263484472556045,,not_applicable_deterministic,lambda=1;kappa=4;rho_inf=1,1.0.0,response_to_clock_rate_4,1.0,4.0,1.0,1.0
F1,0.12115276586285889,clock characteristic time,analytic,combined,0.012075911587448753,0.012075911587448753,,not_applicable_deterministic,lambda=1;kappa=4;rho_inf=1,1.0.0,response_to_clock_rate_4,1.0,4.0,1.0,1.0
F1,0.12589254117941676,clock characteristic time,analytic,combined,0.012943591573424425,0.012943591573424425,,not_applicable_deterministic,lambda=1;kappa=4;rho_inf=1,1.0.0,response_to_clock_rate_4,1.0,4.0,1.0,1.0
F1,0.13081774742601943,clock characteristic time,analytic,combined,0.013869910163714012,0.013869910163714012,,not_applicable_deterministic,lambda=1;kappa=4;rho_inf=1,1.0.0,response_to_clock_rate_4,1.0,4.0,1.0,1.0
F1,0.13593563908785256,clock characteristic time,analytic,combined,0.014858419822917414,0.014858419822917414,,not_applicable_deterministic,lambda=1;kappa=4;rho_inf=1,1.0.0,response_to_clock_rate_4,1.0,4.0,1.0,1.0
F1,0.1412537544622754,clock characteristic time,analytic,combined,0.01591284348240706,0.01591284348240706,,not_applicable_deterministic,lambda=1;kappa=4;rho_inf=1,1.0.0,response_to_clock_rate_4,1.0,4.0,1.0,1.0
F1,0.1467799267622069,clock characteristic time,analytic,combined,0.017037077819941182,0.017037077819941182,,not_applicable_deterministic,lambda=1;kappa=4;rho_inf=1,1.0.0,response_to_clock_rate_4,1.0,4.0,1.0,1.0
F1,0.15252229565390182,clock characteristic time,analytic,combined,0.018235196007144305,0.018235196007144305,,not_applicable_deterministic,lambda=1;kappa=4;rho_inf=1,1.0.0,response_to_clock_rate_4,1.0,4.0,1.0,1.0
F1,0.1584893192461114,clock characteristic time,analytic,combined,0.01951144984331615,0.01951144984331615,,not_applicable_deterministic,lambda=1;kappa=4;rho_inf=1,1.0.0,response_to_clock_rate_4,1.0,4.0,1.0,1.0
F1,0.1646897865482869,clock characteristic time,analytic,combined,0.020870271189022516,0.020870271189022516,,not_applicable_deterministic,lambda=1;kappa=4;rho_inf=1,1.0.0,response_to_clock_rate_4,1.0,4.0,1.0,1.0
F1,0.1711328304161781,clock characteristic time,analytic,combined,0.02231627260821205,0.02231627260821205,,not_applicable_deterministic,lambda=1;kappa=4;rho_inf=1,1.0.0,response_to_clock_rate_4,1.0,4.0,1.0,1.0
F1,0.1778279410038923,clock characteristic time,analytic,combined,0.02385424712330351,0.02385424712330351,,not_applicable_deterministic,lambda=1;kappa=4;rho_inf=1,1.0.0,response_to_clock_rate_4,1.0,4.0,1.0,1.0
F1,0.18478497974222907,clock characteristic time,analytic,combined,0.02548916698393731,0.02548916698393731,,not_applicable_deterministic,lambda=1;kappa=4;rho_inf=1,1.0.0,response_to_clock_rate_4,1.0,4.0,1.0,1.0
F1,0.1920141938638801,clock characteristic time,analytic,combined,0.02722618134702112,0.02722618134702112,,not_applicable_deterministic,lambda=1;kappa=4;rho_inf=1,1.0.0,response_to_clock_rate_4,1.0,4.0,1.0,1.0
F1,0.19952623149688786,clock characteristic time,analytic,combined,0.02907061276348441,0.02907061276348441,,not_applicable_deterministic,lambda=1;kappa=4;rho_inf=1,1.0.0,response_to_clock_rate_4,1.0,4.0,1.0,1.0
F1,0.2073321573485954,clock characteristic time,analytic,combined,0.0310279523659603,0.0310279523659603,,not_applicable_deterministic,lambda=1;kappa=4;rho_inf=1,1.0.0,response_to_clock_rate_4,1.0,4.0,1.0,1.0
F1,0.21544346900318845,clock characteristic time,analytic,combined,0.03310385365160989,0.03310385365160989,,not_applicable_deterministic,lambda=1;kappa=4;rho_inf=1,1.0.0,response_to_clock_rate_4,1.0,4.0,1.0,1.0
F1,0.223872113856834,clock characteristic time,analytic,combined,0.03530412475569051,0.03530412475569051,,not_applicable_deterministic,lambda=1;kappa=4;rho_inf=1,1.0.0,response_to_clock_rate_4,1.0,4.0,1.0,1.0
F1,0.23263050671536262,clock characteristic time,analytic,combined,0.03763471911443008,0.03763471911443008,,not_applicable_deterministic,lambda=1;kappa=4;rho_inf=1,1.0.0,response_to_clock_rate_4,1.0,4.0,1.0,1.0
F1,0.24173154808041036,clock characteristic time,analytic,combined,0.04010172442050016,0.04010172442050016,,not_applicable_deterministic,lambda=1;kappa=4;rho_inf=1,1.0.0,response_to_clock_rate_4,1.0,4.0,1.0,1.0
F1,0.25118864315095796,clock characteristic time,analytic,combined,0.042711349781076546,0.042711349781076546,,not_applicable_deterministic,lambda=1;kappa=4;rho_inf=1,1.0.0,response_to_clock_rate_4,1.0,4.0,1.0,1.0
F1,0.2610157215682536,clock characteristic time,analytic,combined,0.04546991099730994,0.04546991099730994,,not_applicable_deterministic,lambda=1;kappa=4;rho_inf=1,1.0.0,response_to_clock_rate_4,1.0,4.0,1.0,1.0
F1,0.2712272579332027,clock characteristic time,analytic,combined,0.04838381389517456,0.04838381389517456,,not_applicable_deterministic,lambda=1;kappa=4;rho_inf=1,1.0.0,response_to_clock_rate_4,1.0,4.0,1.0,1.0
F1,0.2818382931264455,clock characteristic time,analytic,combined,0.05145953565125814,0.05145953565125814,,not_applicable_deterministic,lambda=1;kappa=4;rho_inf=1,1.0.0,response_to_clock_rate_4,1.0,4.0,1.0,1.0
F1,0.29286445646252374,clock characteristic time,analytic,combined,0.0547036040732127,0.0547036040732127,,not_applicable_deterministic,lambda=1;kappa=4;rho_inf=1,1.0.0,response_to_clock_rate_4,1.0,4.0,1.0,1.0
F1,0.3043219887107722,clock characteristic time,analytic,combined,0.058122574813382254,0.058122574813382254,,not_applicable_deterministic,lambda=1;kappa=4;rho_inf=1,1.0.0,response_to_clock_rate_4,1.0,4.0,1.0,1.0
F1,0.31622776601683794,clock characteristic time,analytic,combined,0.06172300651556971,0.06172300651556971,,not_applicable_deterministic,lambda=1;kappa=4;rho_inf=1,1.0.0,response_to_clock_rate_4,1.0,4.0,1.0,1.0
F1,0.3285993247600654,clock characteristic time,analytic,combined,0.06551143391897271,0.06551143391897271,,not_applicable_deterministic,lambda=1;kappa=4;rho_inf=1,1.0.0,response_to_clock_rate_4,1.0,4.0,1.0,1.0
F1,0.34145488738336005,clock characteristic time,analytic,combined,0.06949433896990001,0.06949433896990001,,not_applicable_deterministic,lambda=1;kappa=4;rho_inf=1,1.0.0,response_to_clock_rate_4,1.0,4.0,1.0,1.0
F1,0.3548133892335753,clock characteristic time,analytic,combined,0.07367812002077491,0.07367812002077491,,not_applicable_deterministic,lambda=1;kappa=4;rho_inf=1,1.0.0,response_to_clock_rate_4,1.0,4.0,1.0,1.0
F1,0.36869450645195734,clock characteristic time,analytic,combined,0.078069059226882,0.078069059226882,,not_applicable_deterministic,lambda=1;kappa=4;rho_inf=1,1.0.0,response_to_clock_rate_4,1.0,4.0,1.0,1.0
F1,0.38311868495572887,clock characteristic time,analytic,combined,0.08267328828392691,0.08267328828392691,,not_applicable_deterministic,lambda=1;kappa=4;rho_inf=1,1.0.0,response_to_clock_rate_4,1.0,4.0,1.0,1.0
F1,0.3981071705534973,clock characteristic time,analytic,combined,0.08749675268328917,0.08749675268328917,,not_applicable_deterministic,lambda=1;kappa=4;rho_inf=1,1.0.0,response_to_clock_rate_4,1.0,4.0,1.0,1.0
F1,0.4136820402388507,clock characteristic time,analytic,combined,0.09254517469626893,0.09254517469626893,,not_applicable_deterministic,lambda=1;kappa=4;rho_inf=1,1.0.0,response_to_clock_rate_4,1.0,4.0,1.0,1.0
F1,0.42986623470822766,clock characteristic time,analytic,combined,0.09782401533296381,0.09782401533296381,,not_applicable_deterministic,lambda=1;kappa=4;rho_inf=1,1.0.0,response_to_clock_rate_4,1.0,4.0,1.0,1.0
F1,0.44668359215096304,clock characteristic time,analytic,combined,0.103338435554882,0.103338435554882,,not_applicable_deterministic,lambda=1;kappa=4;rho_inf=1,1.0.0,response_to_clock_rate_4,1.0,4.0,1.0,1.0
F1,0.46415888336127775,clock characteristic time,analytic,combined,0.10909325705210182,0.10909325705210182,,not_applicable_deterministic,lambda=1;kappa=4;rho_inf=1,1.0.0,response_to_clock_rate_4,1.0,4.0,1.0,1.0
F1,0.4823178482239304,clock characteristic time,analytic,combined,0.11509292292477277,0.11509292292477277,,not_applicable_deterministic,lambda=1;kappa=4;rho_inf=1,1.0.0,response_to_clock_rate_4,1.0,4.0,1.0,1.0
F1,0.5011872336272725,clock characteristic time,analytic,combined,0.12134145863399096,0.12134145863399096,,not_applicable_deterministic,lambda=1;kappa=4;rho_inf=1,1.0.0,response_to_clock_rate_4,1.0,4.0,1.0,1.0
F1,0.5207948328595465,clock characteristic time,analytic,combined,0.12784243360751943,0.12784243360751943,,not_applicable_deterministic,lambda=1;kappa=4;rho_inf=1,1.0.0,response_to_clock_rate_4,1.0,4.0,1.0,1.0
F1,0.5411695265464638,clock characteristic time,analytic,combined,0.13459892390041955,0.13459892390041955,,not_applicable_deterministic,lambda=1;kappa=4;rho_inf=1,1.0.0,response_to_clock_rate_4,1.0,4.0,1.0,1.0
F1,0.5623413251903491,clock characteristic time,analytic,combined,0.14161347631839313,0.14161347631839313,,not_applicable_deterministic,lambda=1;kappa=4;rho_inf=1,1.0.0,response_to_clock_rate_4,1.0,4.0,1.0,1.0
F1,0.5843414133735175,clock characteristic time,analytic,combined,0.14888807441161517,0.14888807441161517,,not_applicable_deterministic,lambda=1;kappa=4;rho_inf=1,1.0.0,response_to_clock_rate_4,1.0,4.0,1.0,1.0
F1,0.6072021956909883,clock characteristic time,analytic,combined,0.15642410673827206,0.15642410673827206,,not_applicable_deterministic,lambda=1;kappa=4;rho_inf=1,1.0.0,response_to_clock_rate_4,1.0,4.0,1.0,1.0
F1,0.630957344480193,clock characteristic time,analytic,combined,0.16422233777935255,0.16422233777935255,,not_applicable_deterministic,lambda=1;kappa=4;rho_inf=1,1.0.0,response_to_clock_rate_4,1.0,4.0,1.0,1.0
F1,0.6556418494179785,clock characteristic time,analytic,combined,0.17228288185913748,0.17228288185913748,,not_applicable_deterministic,lambda=1;kappa=4;rho_inf=1,1.0.0,response_to_clock_rate_4,1.0,4.0,1.0,1.0
F1,0.6812920690579615,clock characteristic time,analytic,combined,0.18060518038929835,0.18060518038929835,,not_applicable_deterministic,lambda=1;kappa=4;rho_inf=1,1.0.0,response_to_clock_rate_4,1.0,4.0,1.0,1.0
F1,0.707945784384138,clock characteristic time,analytic,combined,0.1891879827088698,0.1891879827088698,,not_applicable_deterministic,lambda=1;kappa=4;rho_inf=1,1.0.0,response_to_clock_rate_4,1.0,4.0,1.0,1.0
F1,0.7356422544596414,clock characteristic time,analytic,combined,0.19802933073836781,0.19802933073836781,,not_applicable_deterministic,lambda=1;kappa=4;rho_inf=1,1.0.0,response_to_clock_rate_4,1.0,4.0,1.0,1.0
F1,0.7644222742526002,clock characteristic time,analytic,combined,0.20712654760510785,0.20712654760510785,,not_applicable_deterministic,lambda=1;kappa=4;rho_inf=1,1.0.0,response_to_clock_rate_4,1.0,4.0,1.0,1.0
F1,0.7943282347242814,clock characteristic time,analytic,combined,0.21647623032996843,0.21647623032996843,,not_applicable_deterministic,lambda=1;kappa=4;rho_inf=1,1.0.0,response_to_clock_rate_4,1.0,4.0,1.0,1.0
F1,0.8254041852680182,clock characteristic time,analytic,combined,0.22607424659539382,0.22607424659539382,,not_applicable_deterministic,lambda=1;kappa=4;rho_inf=1,1.0.0,response_to_clock_rate_4,1.0,4.0,1.0,1.0
F1,0.8576958985908937,clock characteristic time,analytic,combined,0.2359157355427718,0.2359157355427718,,not_applicable_deterministic,lambda=1;kappa=4;rho_inf=1,1.0.0,response_to_clock_rate_4,1.0,4.0,1.0,1.0
F1,0.8912509381337459,clock characteristic time,analytic,combined,0.245995112477108,0.245995112477108,,not_applicable_deterministic,lambda=1;kappa=4;rho_inf=1,1.0.0,response_to_clock_rate_4,1.0,4.0,1.0,1.0
F1,0.9261187281287937,clock characteristic time,analytic,combined,0.25630607729108934,0.25630607729108934,,not_applicable_deterministic,lambda=1;kappa=4;rho_inf=1,1.0.0,response_to_clock_rate_4,1.0,4.0,1.0,1.0
F1,0.9623506263980888,clock characteristic time,analytic,combined,0.26684162636218883,0.26684162636218883,,not_applicable_deterministic,lambda=1;kappa=4;rho_inf=1,1.0.0,response_to_clock_rate_4,1.0,4.0,1.0,1.0
F1,1.0,clock characteristic time,analytic,combined,0.27759406762835315,0.27759406762835315,,not_applicable_deterministic,lambda=1;kappa=4;rho_inf=1,1.0.0,response_to_clock_rate_4,1.0,4.0,1.0,1.0
F1,1.0391223038351691,clock characteristic time,analytic,combined,0.2885550385128129,0.2885550385128129,,not_applicable_deterministic,lambda=1;kappa=4;rho_inf=1,1.0.0,response_to_clock_rate_4,1.0,4.0,1.0,1.0
F1,1.0797751623277094,clock characteristic time,analytic,combined,0.2997155263489597,0.2997155263489597,,not_applicable_deterministic,lambda=1;kappa=4;rho_inf=1,1.0.0,response_to_clock_rate_4,1.0,4.0,1.0,1.0
F1,1.122018454301963,clock characteristic time,analytic,combined,0.31106589095384424,0.31106589095384424,,not_applicable_deterministic,lambda=1;kappa=4;rho_inf=1,1.0.0,response_to_clock_rate_4,1.0,4.0,1.0,1.0
F1,1.165914401179831,clock characteristic time,analytic,combined,0.32259588901464903,0.32259588901464903,,not_applicable_deterministic,lambda=1;kappa=4;rho_inf=1,1.0.0,response_to_clock_rate_4,1.0,4.0,1.0,1.0
F1,1.2115276586285888,clock characteristic time,analytic,combined,0.3342946999866009,0.3342946999866009,,not_applicable_deterministic,lambda=1;kappa=4;rho_inf=1,1.0.0,response_to_clock_rate_4,1.0,4.0,1.0,1.0
F1,1.2589254117941675,clock characteristic time,analytic,combined,0.3461509532522955,0.3461509532522955,,not_applicable_deterministic,lambda=1;kappa=4;rho_inf=1,1.0.0,response_to_clock_rate_4,1.0,4.0,1.0,1.0
F1,1.3081774742601942,clock characteristic time,analytic,combined,0.35815275635934124,0.35815275635934124,,not_applicable_deterministic,lambda=1;kappa=4;rho_inf=1,1.0.0,response_to_clock_rate_4,1.0,4.0,1.0,1.0
F1,1.3593563908785256,clock characteristic time,analytic,combined,0.3702877242325326,0.3702877242325326,,not_applicable_deterministic,lambda=1;kappa=4;rho_inf=1,1.0.0,response_to_clock_rate_4,1.0,4.0,1.0,1.0
F1,1.412537544622754,clock characteristic time,analytic,combined,0.3825430093444172,0.3825430093444172,,not_applicable_deterministic,lambda=1;kappa=4;rho_inf=1,1.0.0,response_to_clock_rate_4,1.0,4.0,1.0,1.0
F1,1.467799267622069,clock characteristic time,analytic,combined,0.39490533291921637,0.39490533291921637,,not_applicable_deterministic,lambda=1;kappa=4;rho_inf=1,1.0.0,response_to_clock_rate_4,1.0,4.0,1.0,1.0
F1,1.5252229565390183,clock characteristic time,analytic,combined,0.407361017334131,0.407361017334131,,not_applicable_deterministic,lambda=1;kappa=4;rho_inf=1,1.0.0,response_to_clock_rate_4,1.0,4.0,1.0,1.0
F1,1.584893192461114,clock characteristic time,analytic,combined,0.4198960199632722,0.4198960199632722,,not_applicable_deterministic,lambda=1;kappa=4;rho_inf=1,1.0.0,response_to_clock_rate_4,1.0,4.0,1.0,1.0
F1,1.6468978654828688,clock characteristic time,analytic,combined,0.4324959687769962,0.4324959687769962,,not_applicable_deterministic,lambda=1;kappa=4;rho_inf=1,1.0.0,response_to_clock_rate_4,1.0,4.0,1.0,1.0
F1,1.711328304161781,clock characteristic time,analytic,combined,0.4451462000579051,0.4451462000579051,,not_applicable_deterministic,lambda=1;kappa=4;rho_inf=1,1.0.0,response_to_clock_rate_4,1.0,4.0,1.0,1.0
F1,1.7782794100389228,clock characteristic time,analytic,combined,0.4578317986194893,0.4578317986194893,,not_applicable_deterministic,lambda=1;kappa=4;rho_inf=1,1.0.0,response_to_clock_rate_4,1.0,4.0,1.0,1.0
F1,1.8478497974222907,clock characteristic time,analytic,combined,0.4705376409108587,0.4705376409108587,,not_applicable_deterministic,lambda=1;kappa=4;rho_inf=1,1.0.0,response_to_clock_rate_4,1.0,4.0,1.0,1.0
F1,1.920141938638801,clock characteristic time,analytic,combined,0.48324844135901524,0.48324844135901524,,not_applicable_deterministic,lambda=1;kappa=4;rho_inf=1,1.0.0,response_to_clock_rate_4,1.0,4.0,1.0,1.0
F1,1.9952623149688788,clock characteristic time,analytic,combined,0.4959488022381649,0.4959488022381649,,not_applicable_deterministic,lambda=1;kappa=4;rho_inf=1,1.0.0,response_to_clock_rate_4,1.0,4.0,1.0,1.0
F1,2.073321573485954,clock characteristic time,analytic,combined,0.5086232672648073,0.5086232672648073,,not_applicable_deterministic,lambda=1;kappa=4;rho_inf=1,1.0.0,response_to_clock_rate_4,1.0,4.0,1.0,1.0
F1,2.1544346900318843,clock characteristic time,analytic,combined,0.5212563790006348,0.5212563790006348,,not_applicable_deterministic,lambda=1;kappa=4;rho_inf=1,1.0.0,response_to_clock_rate_4,1.0,4.0,1.0,1.0
F1,2.23872113856834,clock characteristic time,analytic,combined,0.5338327400070594,0.5338327400070594,,not_applicable_deterministic,lambda=1;kappa=4;rho_inf=1,1.0.0,response_to_clock_rate_4,1.0,4.0,1.0,1.0
F1,2.3263050671536263,clock characteristic time,analytic,combined,0.5463370775412364,0.5463370775412364,,not_applicable_deterministic,lambda=1;kappa=4;rho_inf=1,1.0.0,response_to_clock_rate_4,1.0,4.0,1.0,1.0
F1,2.4173154808041035,clock characteristic time,analytic,combined,0.5587543114204752,0.5587543114204752,,not_applicable_deterministic,lambda=1;kappa=4;rho_inf=1,1.0.0,response_to_clock_rate_4,1.0,4.0,1.0,1.0
F1,2.5118864315095797,clock characteristic time,analytic,combined,0.5710696245173025,0.5710696245173025,,not_applicable_deterministic,lambda=1;kappa=4;rho_inf=1,1.0.0,response_to_clock_rate_4,1.0,4.0,1.0,1.0
F1,2.610157215682536,clock characteristic time,analytic,combined,0.5832685351886322,0.5832685351886322,,not_applicable_deterministic,lambda=1;kappa=4;rho_inf=1,1.0.0,response_to_clock_rate_4,1.0,4.0,1.0,1.0
F1,2.712272579332027,clock characteristic time,analytic,combined,0.5953369707967588,0.5953369707967588,,not_applicable_deterministic,lambda=1;kappa=4;rho_inf=1,1.0.0,response_to_clock_rate_4,1.0,4.0,1.0,1.0
F1,2.818382931264452,clock characteristic time,analytic,combined,0.6072613413538389,0.6072613413538389,,not_applicable_deterministic,lambda=1;kappa=4;rho_inf=1,1.0.0,response_to_clock_rate_4,1.0,4.0,1.0,1.0
F1,2.9286445646252375,clock characteristic time,analytic,combined,0.619028612220812,0.619028612220812,,not_applicable_deterministic,lambda=1;kappa=4;rho_inf=1,1.0.0,response_to_clock_rate_4,1.0,4.0,1.0,1.0
F1,3.043219887107722,clock characteristic time,analytic,combined,0.6306263747208443,0.6306263747208443,,not_applicable_deterministic,lambda=1;kappa=4;rho_inf=1,1.0.0,response_to_clock_rate_4,1.0,4.0,1.0,1.0
F1,3.1622776601683795,clock characteristic time,analytic,combined,0.6420429134895773,0.6420429134895773,,not_applicable_deterministic,lambda=1;kappa=4;rho_inf=1,1.0.0,response_to_clock_rate_4,1.0,4.0,1.0,1.0
F1,3.285993247600654,clock characteristic time,analytic,combined,0.6532672693815509,0.6532672693815509,,not_applicable_deterministic,lambda=1;kappa=4;rho_inf=1,1.0.0,response_to_clock_rate_4,1.0,4.0,1.0,1.0
F1,3.4145488738336005,clock characteristic time,analytic,combined,0.6642892967847882,0.6642892967847882,,not_applicable_deterministic,lambda=1;kappa=4;rho_inf=1,1.0.0,response_to_clock_rate_4,1.0,4.0,1.0,1.0
F1,3.5481338923357533,clock characteristic time,analytic,combined,0.6750997142629631,0.6750997142629631,,not_applicable_deterministic,lambda=1;kappa=4;rho_inf=1,1.0.0,response_to_clock_rate_4,1.0,4.0,1.0,1.0
F1,3.6869450645195734,clock characteristic time,analytic,combined,0.6856901475451386,0.6856901475451386,,not_applicable_deterministic,lambda=1;kappa=4;rho_inf=1,1.0.0,response_to_clock_rate_4,1.0,4.0,1.0,1.0
F1,3.831186849557289,clock characteristic time,analytic,combined,0.6960531640140244,0.6960531640140244,,not_applicable_deterministic,lambda=1;kappa=4;rho_inf=1,1.0.0,response_to_clock_rate_4,1.0,4.0,1.0,1.0
F1,3.981071705534973,clock characteristic time,analytic,combined,0.7061822980015415,0.7061822980015415,,not_applicable_deterministic,lambda=1;kappa=4;rho_inf=1,1.0.0,response_to_clock_rate_4,1.0,4.0,1.0,1.0
F1,4.136820402388507,clock characteristic time,analytic,combined,0.7160720663808913,0.7160720663808913,,not_applicable_deterministic,lambda=1;kappa=4;rho_inf=1,1.0.0,response_to_clock_rate_4,1.0,4.0,1.0,1.0
F1,4.298662347082277,clock characteristic time,analytic,combined,0.7257179741423754,0.7257179741423754,,not_applicable_deterministic,lambda=1;kappa=4;rho_inf=1,1.0.0,response_to_clock_rate_4,1.0,4.0,1.0,1.0
F1,4.46683592150963,clock characteristic time,analytic,combined,0.7351165098504165,0.7351165098504165,,not_applicable_deterministic,lambda=1;kappa=4;rho_inf=1,1.0.0,response_to_clock_rate_4,1.0,4.0,1.0,1.0
F1,4.6415888336127775,clock characteristic time,analytic,combined,0.7442651310955772,0.7442651310955772,,not_applicable_deterministic,lambda=1;kappa=4;rho_inf=1,1.0.0,response_to_clock_rate_4,1.0,4.0,1.0,1.0
F1,4.823178482239304,clock characteristic time,analytic,combined,0.7531622402715306,0.7531622402715306,,not_applicable_deterministic,lambda=1;kappa=4;rho_inf=1,1.0.0,response_to_clock_rate_4,1.0,4.0,1.0,1.0
F1,5.011872336272719,clock characteristic time,analytic,combined,0.7618071512162954,0.7618071512162954,,not_applicable_deterministic,lambda=1;kappa=4;rho_inf=1,1.0.0,response_to_clock_rate_4,1.0,4.0,1.0,1.0
F1,5.207948328595465,clock characteristic time,analytic,combined,0.7702000474529631,0.7702000474529631,,not_applicable_deterministic,lambda=1;kappa=4;rho_inf=1,1.0.0,response_to_clock_rate_4,1.0,4.0,1.0,1.0
F1,5.411695265464638,clock characteristic time,analytic,combined,0.7783419329411474,0.7783419329411474,,not_applicable_deterministic,lambda=1;kappa=4;rho_inf=1,1.0.0,response_to_clock_rate_4,1.0,4.0,1.0,1.0
F1,5.62341325190349,clock characteristic time,analytic,combined,0.7862345764004359,0.7862345764004359,,not_applicable_deterministic,lambda=1;kappa=4;rho_inf=1,1.0.0,response_to_clock_rate_4,1.0,4.0,1.0,1.0
F1,5.843414133735175,clock characteristic time,analytic,combined,0.7938804503859058,0.7938804503859058,,not_applicable_deterministic,lambda=1;kappa=4;rho_inf=1,1.0.0,response_to_clock_rate_4,1.0,4.0,1.0,1.0
F1,6.072021956909884,clock characteristic time,analytic,combined,0.8012826663790077,0.8012826663790077,,not_applicable_deterministic,lambda=1;kappa=4;rho_inf=1,1.0.0,response_to_clock_rate_4,1.0,4.0,1.0,1.0
F1,6.30957344480193,clock characteristic time,analytic,combined,0.8084449072018209,0.8084449072018209,,not_applicable_deterministic,lambda=1;kappa=4;rho_inf=1,1.0.0,response_to_clock_rate_4,1.0,4.0,1.0,1.0
F1,6.556418494179785,clock characteristic time,analytic,combined,0.815371358067385,0.815371358067385,,not_applicable_deterministic,lambda=1;kappa=4;rho_inf=1,1.0.0,response_to_clock_rate_4,1.0,4.0,1.0,1.0
F1,6.812920690579615,clock characteristic time,analytic,combined,0.8220666375437307,0.8220666375437307,,not_applicable_deterministic,lambda=1;kappa=4;rho_inf=1,1.0.0,response_to_clock_rate_4,1.0,4.0,1.0,1.0
F1,7.07945784384138,clock characteristic time,analytic,combined,0.8285357296363376,0.8285357296363376,,not_applicable_deterministic,lambda=1;kappa=4;rho_inf=1,1.0.0,response_to_clock_rate_4,1.0,4.0,1.0,1.0
F1,7.3564225445964135,clock characteristic time,analytic,combined,0.8347839180867024,0.8347839180867024,,not_applicable_deterministic,lambda=1;kappa=4;rho_inf=1,1.0.0,response_to_clock_rate_4,1.0,4.0,1.0,1.0
F1,7.644222742526002,clock characteristic time,analytic,combined,0.8408167238487176,0.8408167238487176,,not_applicable_deterministic,lambda=1;kappa=4;rho_inf=1,1.0.0,response_to_clock_rate_4,1.0,4.0,1.0,1.0
F1,7.943282347242813,clock characteristic time,analytic,combined,0.8466398465461688,0.8466398465461688,,not_applicable_deterministic,lambda=1;kappa=4;rho_inf=1,1.0.0,response_to_clock_rate_4,1.0,4.0,1.0,1.0
F1,8.254041852680182,clock characteristic time,analytic,combined,0.8522591105412406,0.8522591105412406,,not_applicable_deterministic,lambda=1;kappa=4;rho_inf=1,1.0.0,response_to_clock_rate_4,1.0,4.0,1.0,1.0
F1,8.576958985908938,clock characteristic time,analytic,combined,0.8576804160634455,0.8576804160634455,,not_applicable_deterministic,lambda=1;kappa=4;rho_inf=1,1.0.0,response_to_clock_rate_4,1.0,4.0,1.0,1.0
F1,8.91250938133745,clock characteristic time,analytic,combined,0.8629096956687812,0.8629096956687812,,not_applicable_deterministic,lambda=1;kappa=4;rho_inf=1,1.0.0,response_to_clock_rate_4,1.0,4.0,1.0,1.0
F1,9.261187281287937,clock characteristic time,analytic,combined,0.8679528761277037,0.8679528761277037,,not_applicable_deterministic,lambda=1;kappa=4;rho_inf=1,1.0.0,response_to_clock_rate_4,1.0,4.0,1.0,1.0
F1,9.623506263980888,clock characteristic time,analytic,combined,0.8728158456842905,0.8728158456842905,,not_applicable_deterministic,lambda=1;kappa=4;rho_inf=1,1.0.0,response_to_clock_rate_4,1.0,4.0,1.0,1.0
F1,10.0,clock characteristic time,analytic,combined,0.8775044264931519,0.8775044264931519,,not_applicable_deterministic,lambda=1;kappa=4;rho_inf=1,1.0.0,response_to_clock_rate_4,1.0,4.0,1.0,1.0
F1,10.39122303835169,clock characteristic time,analytic,combined,0.8820243519290666,0.8820243519290666,,not_applicable_deterministic,lambda=1;kappa=4;rho_inf=1,1.0.0,response_to_clock_rate_4,1.0,4.0,1.0,1.0
F1,10.797751623277094,clock characteristic time,analytic,combined,0.886381248379203,0.886381248379203,,not_applicable_deterministic,lambda=1;kappa=4;rho_inf=1,1.0.0,response_to_clock_rate_4,1.0,4.0,1.0,1.0
F1,11.220184543019629,clock characteristic time,analytic,combined,0.8905806210696207,0.8905806210696207,,not_applicable_deterministic,lambda=1;kappa=4;rho_inf=1,1.0.0,response_to_clock_rate_4,1.0,4.0,1.0,1.0
F1,11.659144011798311,clock characteristic time,analytic,combined,0.894627843445539,0.894627843445539,,not_applicable_deterministic,lambda=1;kappa=4;rho_inf=1,1.0.0,response_to_clock_rate_4,1.0,4.0,1.0,1.0
F1,12.115276586285876,clock characteristic time,analytic,combined,0.8985281496162031,0.8985281496162031,,not_applicable_deterministic,lambda=1;kappa=4;rho_inf=1,1.0.0,response_to_clock_rate_4,1.0,4.0,1.0,1.0
F1,12.589254117941662,clock characteristic time,analytic,combined,0.9022866293866868,0.9022866293866868,,not_applicable_deterministic,lambda=1;kappa=4;rho_inf=1,1.0.0,response_to_clock_rate_4,1.0,4.0,1.0,1.0
F1,13.081774742601928,clock characteristic time,analytic,combined,0.9059082254266052,0.9059082254266052,,not_applicable_deterministic,lambda=1;kappa=4;rho_inf=1,1.0.0,response_to_clock_rate_4,1.0,4.0,1.0,1.0
F1,13.593563908785242,clock characteristic time,analytic,combined,0.9093977321650653,0.9093977321650653,,not_applicable_deterministic,lambda=1;kappa=4;rho_inf=1,1.0.0,response_to_clock_rate_4,1.0,4.0,1.0,1.0
F1,14.125375446227554,clock characteristic time,analytic,combined,0.9127597960480253,0.9127597960480253,,not_applicable_deterministic,lambda=1;kappa=4;rho_inf=1,1.0.0,response_to_clock_rate_4,1.0,4.0,1.0,1.0
F1,14.677992676220706,clock characteristic time,analytic,combined,0.9159989168445664,0.9159989168445664,,not_applicable_deterministic,lambda=1;kappa=4;rho_inf=1,1.0.0,response_to_clock_rate_4,1.0,4.0,1.0,1.0
F1,15.252229565390198,clock characteristic time,analytic,combined,0.9191194497390943,0.9191194497390943,,not_applicable_deterministic,lambda=1;kappa=4;rho_inf=1,1.0.0,response_to_clock_rate_4,1.0,4.0,1.0,1.0
F1,15.848931924611142,clock characteristic time,analytic,combined,0.9221256079944997,0.9221256079944997,,not_applicable_deterministic,lambda=1;kappa=4;rho_inf=1,1.0.0,response_to_clock_rate_4,1.0,4.0,1.0,1.0
F1,16.46897865482869,clock characteristic time,analytic,combined,0.925021466014965,0.925021466014965,,not_applicable_deterministic,lambda=1;kappa=4;rho_inf=1,1.0.0,response_to_clock_rate_4,1.0,4.0,1.0,1.0
F1,17.11328304161781,clock characteristic time,analytic,combined,0.9278109626752561,0.9278109626752561,,not_applicable_deterministic,lambda=1;kappa=4;rho_inf=1,1.0.0,response_to_clock_rate_4,1.0,4.0,1.0,1.0
F1,17.78279410038923,clock characteristic time,analytic,combined,0.9304979048155052,0.9304979048155052,,not_applicable_deterministic,lambda=1;kappa=4;rho_inf=1,1.0.0,response_to_clock_rate_4,1.0,4.0,1.0,1.0
F1,18.478497974222908,clock characteristic time,analytic,combined,0.933085970826706,0.933085970826706,,not_applicable_deterministic,lambda=1;kappa=4;rho_inf=1,1.0.0,response_to_clock_rate_4,1.0,4.0,1.0,1.0
F1,19.20141938638801,clock characteristic time,analytic,combined,0.9355787142728429,0.9355787142728429,,not_applicable_deterministic,lambda=1;kappa=4;rho_inf=1,1.0.0,response_to_clock_rate_4,1.0,4.0,1.0,1.0
F1,19.952623149688787,clock characteristic time,analytic,combined,0.9379795675114255,0.9379795675114255,,not_applicable_deterministic,lambda=1;kappa=4;rho_inf=1,1.0.0,response_to_clock_rate_4,1.0,4.0,1.0,1.0
F1,20.73321573485954,clock characteristic time,analytic,combined,0.9402918452859754,0.9402918452859754,,not_applicable_deterministic,lambda=1;kappa=4;rho_inf=1,1.0.0,response_to_clock_rate_4,1.0,4.0,1.0,1.0
F1,21.54434690031882,clock characteristic time,analytic,combined,0.9425187482725321,0.9425187482725321,,not_applicable_deterministic,lambda=1;kappa=4;rho_inf=1,1.0.0,response_to_clock_rate_4,1.0,4.0,1.0,1.0
F1,22.38721138568338,clock characteristic time,analytic,combined,0.944663366568237,0.944663366568237,,not_applicable_deterministic,lambda=1;kappa=4;rho_inf=1,1.0.0,response_to_clock_rate_4,1.0,4.0,1.0,1.0
F1,23.263050671536238,clock characteristic time,analytic,combined,0.9467286831141816,0.9467286831141816,,not_applicable_deterministic,lambda=1;kappa=4;rho_inf=1,1.0.0,response_to_clock_rate_4,1.0,4.0,1.0,1.0
F1,24.173154808041012,clock characteristic time,analytic,combined,0.9487175770474838,0.9487175770474838,,not_applicable_deterministic,lambda=1;kappa=4;rho_inf=1,1.0.0,response_to_clock_rate_4,1.0,4.0,1.0,1.0
F1,25.11886431509582,clock characteristic time,analytic,combined,0.9506328269794142,0.9506328269794142,,not_applicable_deterministic,lambda=1;kappa=4;rho_inf=1,1.0.0,response_to_clock_rate_4,1.0,4.0,1.0,1.0
F1,26.101572156825384,clock characteristic time,analytic,combined,0.9524771141976145,0.9524771141976145,,not_applicable_deterministic,lambda=1;kappa=4;rho_inf=1,1.0.0,response_to_clock_rate_4,1.0,4.0,1.0,1.0
F1,27.122725793320296,clock characteristic time,analytic,combined,0.9542530257912857,0.9542530257912857,,not_applicable_deterministic,lambda=1;kappa=4;rho_inf=1,1.0.0,response_to_clock_rate_4,1.0,4.0,1.0,1.0
F1,28.183829312644548,clock characteristic time,analytic,combined,0.9559630576987718,0.9559630576987718,,not_applicable_deterministic,lambda=1;kappa=4;rho_inf=1,1.0.0,response_to_clock_rate_4,1.0,4.0,1.0,1.0
F1,29.28644564625237,clock characteristic time,analytic,combined,0.9576096176773814,0.9576096176773814,,not_applicable_deterministic,lambda=1;kappa=4;rho_inf=1,1.0.0,response_to_clock_rate_4,1.0,4.0,1.0,1.0
F1,30.432198871077222,clock characteristic time,analytic,combined,0.9591950281955758,0.9591950281955758,,not_applicable_deterministic,lambda=1;kappa=4;rho_inf=1,1.0.0,response_to_clock_rate_4,1.0,4.0,1.0,1.0
F1,31.622776601683793,clock characteristic time,analytic,combined,0.9607215292478958,0.9607215292478958,,not_applicable_deterministic,lambda=1;kappa=4;rho_inf=1,1.0.0,response_to_clock_rate_4,1.0,4.0,1.0,1.0
F1,32.85993247600654,clock characteristic time,analytic,combined,0.9621912810931859,0.9621912810931859,,not_applicable_deterministic,lambda=1;kappa=4;rho_inf=1,1.0.0,response_to_clock_rate_4,1.0,4.0,1.0,1.0
F1,34.145488738336006,clock characteristic time,analytic,combined,0.9636063669168323,0.9636063669168323,,not_applicable_deterministic,lambda=1;kappa=4;rho_inf=1,1.0.0,response_to_clock_rate_4,1.0,4.0,1.0,1.0
F1,35.481338923357534,clock characteristic time,analytic,combined,0.9649687954178754,0.9649687954178754,,not_applicable_deterministic,lambda=1;kappa=4;rho_inf=1,1.0.0,response_to_clock_rate_4,1.0,4.0,1.0,1.0
F1,36.869450645195734,clock characteristic time,analytic,combined,0.9662805033219645,0.9662805033219645,,not_applicable_deterministic,lambda=1;kappa=4;rho_inf=1,1.0.0,response_to_clock_rate_4,1.0,4.0,1.0,1.0
F1,38.31186849557285,clock characteristic time,analytic,combined,0.9675433578212328,0.9675433578212328,,not_applicable_deterministic,lambda=1;kappa=4;rho_inf=1,1.0.0,response_to_clock_rate_4,1.0,4.0,1.0,1.0
F1,39.81071705534969,clock characteristic time,analytic,combined,0.9687591589422503,0.9687591589422503,,not_applicable_deterministic,lambda=1;kappa=4;rho_inf=1,1.0.0,response_to_clock_rate_4,1.0,4.0,1.0,1.0
F1,41.36820402388503,clock characteristic time,analytic,combined,0.969929641843292,0.969929641843292,,not_applicable_deterministic,lambda=1;kappa=4;rho_inf=1,1.0.0,response_to_clock_rate_4,1.0,4.0,1.0,1.0
F1,42.98662347082272,clock characteristic time,analytic,combined,0.9710564790422161,0.9710564790422161,,not_applicable_deterministic,lambda=1;kappa=4;rho_inf=1,1.0.0,response_to_clock_rate_4,1.0,4.0,1.0,1.0
F1,44.668359215096345,clock characteristic time,analytic,combined,0.9721412825763026,0.9721412825763026,,not_applicable_deterministic,lambda=1;kappa=4;rho_inf=1,1.0.0,response_to_clock_rate_4,1.0,4.0,1.0,1.0
F1,46.41588833612782,clock characteristic time,analytic,combined,0.9731856060954418,0.9731856060954418,,not_applicable_deterministic,lambda=1;kappa=4;rho_inf=1,1.0.0,response_to_clock_rate_4,1.0,4.0,1.0,1.0
F1,48.23178482239309,clock characteristic time,analytic,combined,0.9741909468901027,0.9741909468901027,,not_applicable_deterministic,lambda=1;kappa=4;rho_inf=1,1.0.0,response_to_clock_rate_4,1.0,4.0,1.0,1.0
F1,50.118723362727245,clock characteristic time,analytic,combined,0.9751587478555274,0.9751587478555274,,not_applicable_deterministic,lambda=1;kappa=4;rho_inf=1,1.0.0,response_to_clock_rate_4,1.0,4.0,1.0,1.0
F1,52.07948328595465,clock characteristic time,analytic,combined,0.976090399393628,0.976090399393628,,not_applicable_deterministic,lambda=1;kappa=4;rho_inf=1,1.0.0,response_to_clock_rate_4,1.0,4.0,1.0,1.0
F1,54.116952654646376,clock characteristic time,analytic,combined,0.9769872412540672,0.9769872412540672,,not_applicable_deterministic,lambda=1;kappa=4;rho_inf=1,1.0.0,response_to_clock_rate_4,1.0,4.0,1.0,1.0
F1,56.23413251903491,clock characteristic time,analytic,combined,0.9778505643160177,0.9778505643160177,,not_applicable_deterministic,lambda=1;kappa=4;rho_inf=1,1.0.0,response_to_clock_rate_4,1.0,4.0,1.0,1.0
F1,58.434141337351754,clock characteristic time,analytic,combined,0.9786816123120933,0.9786816123120933,,not_applicable_deterministic,lambda=1;kappa=4;rho_inf=1,1.0.0,response_to_clock_rate_4,1.0,4.0,1.0,1.0
F1,60.72021956909884,clock characteristic time,analytic,combined,0.9794815834959474,0.9794815834959474,,not_applicable_deterministic,lambda=1;kappa=4;rho_inf=1,1.0.0,response_to_clock_rate_4,1.0,4.0,1.0,1.0
F1,63.0957344480193,clock characteristic time,analytic,combined,0.9802516322550238,0.9802516322550238,,not_applicable_deterministic,lambda=1;kappa=4;rho_inf=1,1.0.0,response_to_clock_rate_4,1.0,4.0,1.0,1.0
F1,65.56418494179785,clock characteristic time,analytic,combined,0.9809928706699411,0.9809928706699411,,not_applicable_deterministic,lambda=1;kappa=4;rho_inf=1,1.0.0,response_to_clock_rate_4,1.0,4.0,1.0,1.0
F1,68.12920690579608,clock characteristic time,analytic,combined,0.9817063700219749,0.9817063700219749,,not_applicable_deterministic,lambda=1;kappa=4;rho_inf=1,1.0.0,response_to_clock_rate_4,1.0,4.0,1.0,1.0
F1,70.79457843841374,clock characteristic time,analytic,combined,0.9823931622500898,0.9823931622500898,,not_applicable_deterministic,lambda=1;kappa=4;rho_inf=1,1.0.0,response_to_clock_rate_4,1.0,4.0,1.0,1.0
F1,73.56422544596406,clock characteristic time,analytic,combined,0.9830542413589539,0.9830542413589539,,not_applicable_deterministic,lambda=1;kappa=4;rho_inf=1,1.0.0,response_to_clock_rate_4,1.0,4.0,1.0,1.0
F1,76.44222742525994,clock characteristic time,analytic,combined,0.9836905647793517,0.9836905647793517,,not_applicable_deterministic,lambda=1;kappa=4;rho_inf=1,1.0.0,response_to_clock_rate_4,1.0,4.0,1.0,1.0
F1,79.43282347242821,clock characteristic time,analytic,combined,0.9843030546823844,0.9843030546823844,,not_applicable_deterministic,lambda=1;kappa=4;rho_inf=1,1.0.0,response_to_clock_rate_4,1.0,4.0,1.0,1.0
F1,82.5404185268019,clock characteristic time,analytic,combined,0.9848925992488332,0.9848925992488332,,not_applicable_deterministic,lambda=1;kappa=4;rho_inf=1,1.0.0,response_to_clock_rate_4,1.0,4.0,1.0,1.0
F1,85.76958985908946,clock characteristic time,analytic,combined,0.985460053895024,0.985460053895024,,not_applicable_deterministic,lambda=1;kappa=4;rho_inf=1,1.0.0,response_to_clock_rate_4,1.0,4.0,1.0,1.0
F1,89.12509381337459,clock characteristic time,analytic,combined,0.9860062424565202,0.9860062424565202,,not_applicable_deterministic,lambda=1;kappa=4;rho_inf=1,1.0.0,response_to_clock_rate_4,1.0,4.0,1.0,1.0
F1,92.61187281287937,clock characteristic time,analytic,combined,0.9865319583309331,0.9865319583309331,,not_applicable_deterministic,lambda=1;kappa=4;rho_inf=1,1.0.0,response_to_clock_rate_4,1.0,4.0,1.0,1.0
F1,96.23506263980887,clock characteristic time,analytic,combined,0.9870379655811186,0.9870379655811186,,not_applicable_deterministic,lambda=1;kappa=4;rho_inf=1,1.0.0,response_to_clock_rate_4,1.0,4.0,1.0,1.0
F1,100.0,clock characteristic time,analytic,combined,0.9875250000000001,0.9875250000000001,,not_applicable_deterministic,lambda=1;kappa=4;rho_inf=1,1.0.0,response_to_clock_rate_4,1.0,4.0,1.0,1.0
