figure_id,aggregation_scale,aggregation_unit,curve_type,mechanism,alpha_clock,alpha_response,alpha_sum,clock_characteristic_time,response_characteristic_time,normalized_correlation,software_version
F3,0.001,clock characteristic time,analytic_fractional,clock,1.0,1.0,2.0,1.0,1.0,0.0004998333749916681,1.0.0
F3,0.001039122303835169,clock characteristic time,analytic_fractional,clock,1.0,1.0,2.0,1.0,1.0,0.0005193812361314887,1.0.0
F3,0.0010797751623277093,clock characteristic time,analytic_fractional,clock,1.0,1.0,2.0,1.0,1.0,0.0005396933145409566,1.0.0
F3,0.001122018454301963,clock characteristic time,analytic_fractional,clock,1.0,1.0,2.0,1.0,1.0,0.000560799465091466,1.0.0
F3,0.0011659144011798323,clock characteristic time,analytic_fractional,clock,1.0,1.0,2.0,1.0,1.0,0.0005827307072132637,1.0.0
F3,0.001211527658628589,clock characteristic time,analytic_fractional,clock,1.0,1.0,2.0,1.0,1.0,0.0006055192701801548,1.0.0
F3,0.0012589254117941675,clock characteristic time,analytic_fractional,clock,1.0,1.0,2.0,1.0,1.0,0.0006291986401466554,1.0.0
F3,0.0013081774742601943,clock characteristic time,analytic_fractional,clock,1.0,1.0,2.0,1.0,1.0,0.0006538036090016908,1.0.0
F3,0.0013593563908785254,clock characteristic time,analytic_fractional,clock,1.0,1.0,2.0,1.0,1.0,0.0006793703251065653,1.0.0
F3,0.001412537544622754,clock characteristic time,analytic_fractional,clock,1.0,1.0,2.0,1.0,1.0,0.0007059363459915868,1.0.0
F3,0.001467799267622069,clock characteristic time,analytic_fractional,clock,1.0,1.0,2.0,1.0,1.0,0.0007335406930855104,1.0.0
F3,0.0015252229565390183,clock characteristic time,analytic_fractional,clock,1.0,1.0,2.0,1.0,1.0,0.0007622239085521842,1.0.0
F3,0.001584893192461114,clock characteristic time,analytic_fractional,clock,1.0,1.0,2.0,1.0,1.0,0.0007920281143174446,1.0.0
F3,0.0016468978654828688,clock characteristic time,analytic_fractional,clock,1.0,1.0,2.0,1.0,1.0,0.0008229970733685255,1.0.0
F3,0.001711328304161781,clock characteristic time,analytic_fractional,clock,1.0,1.0,2.0,1.0,1.0,0.0008551762534099172,1.0.0
F3,0.0017782794100389228,clock characteristic time,analytic_fractional,clock,1.0,1.0,2.0,1.0,1.0,0.0008886128929683768,1.0.0
F3,0.0018478497974222907,clock characteristic time,analytic_fractional,clock,1.0,1.0,2.0,1.0,1.0,0.0009233560700339094,1.0.0
F3,0.001920141938638801,clock characteristic time,analytic_fractional,clock,1.0,1.0,2.0,1.0,1.0,0.0009594567733395287,1.0.0
F3,0.001995262314968879,clock characteristic time,analytic_fractional,clock,1.0,1.0,2.0,1.0,1.0,0.00099696797637161,1.0.0
F3,0.002073321573485954,clock characteristic time,analytic_fractional,clock,1.0,1.0,2.0,1.0,1.0,0.0010359447142190836,1.0.0
F3,0.0021544346900318843,clock characteristic time,analytic_fractional,clock,1.0,1.0,2.0,1.0,1.0,0.0010764441633641653,1.0.0
F3,0.00223872113856834,clock characteristic time,analytic_fractional,clock,1.0,1.0,2.0,1.0,1.0,0.0011185257245265312,1.0.0
F3,0.0023263050671536263,clock characteristic time,analytic_fractional,clock,1.0,1.0,2.0,1.0,1.0,0.0011622511086742948,1.0.0
F3,0.0024173154808041037,clock characteristic time,analytic_fractional,clock,1.0,1.0,2.0,1.0,1.0,0.0012076844263193554,1.0.0
F3,0.0025118864315095794,clock characteristic time,analytic_fractional,clock,1.0,1.0,2.0,1.0,1.0,0.0012548922802212426,1.0.0
F3,0.0026101572156825357,clock characteristic time,analytic_fractional,clock,1.0,1.0,2.0,1.0,1.0,0.0013039438616225807,1.0.0
F3,0.0027122725793320298,clock characteristic time,analytic_fractional,clock,1.0,1.0,2.0,1.0,1.0,0.001354911050150398,1.0.0
F3,0.002818382931264455,clock characteristic time,analytic_fractional,clock,1.0,1.0,2.0,1.0,1.0,0.0014078685175159533,1.0.0
F3,0.0029286445646252374,clock characteristic time,analytic_fractional,clock,1.0,1.0,2.0,1.0,1.0,0.0014628938351549658,1.0.0
F3,0.003043219887107722,clock characteristic time,analytic_fractional,clock,1.0,1.0,2.0,1.0,1.0,0.001520067585952134,1.0.0
F3,0.0031622776601683794,clock characteristic time,analytic_fractional,clock,1.0,1.0,2.0,1.0,1.0,0.0015794734802003774,1.0.0
F3,0.003285993247600654,clock characteristic time,analytic_fractional,clock,1.0,1.0,2.0,1.0,1.0,0.0016411984759479026,1.0.0
F3,0.003414548873833601,clock characteristic time,analytic_fractional,clock,1.0,1.0,2.0,1.0,1.0,0.001705332903895851,1.0.0
F3,0.0035481338923357532,clock characteristic time,analytic_fractional,clock,1.0,1.0,2.0,1.0,1.0,0.001771970597009842,1.0.0
F3,0.0036869450645195733,clock characteristic time,analytic_fractional,clock,1.0,1.0,2.0,1.0,1.0,0.0018412090250161661,1.0.0
F3,0.003831186849557289,clock characteristic time,analytic_fractional,clock,1.0,1.0,2.0,1.0,1.0,0.0019131494339605926,1.0.0
F3,0.003981071705534973,clock characteristic time,analytic_fractional,clock,1.0,1.0,2.0,1.0,1.0,0.0019878969910105404,1.0.0
F3,0.004136820402388507,clock characteristic time,analytic_fractional,clock,1.0,1.0,2.0,1.0,1.0,0.0020655609346891257,1.0.0
F3,0.004298662347082277,clock characteristic time,analytic_fractional,clock,1.0,1.0,2.0,1.0,1.0,0.0021462547307362634,1.0.0
F3,0.0044668359215096305,clock characteristic time,analytic_fractional,clock,1.0,1.0,2.0,1.0,1.0,0.002230096233793666,1.0.0
F3,0.004641588833612777,clock characteristic time,analytic_fractional,clock,1.0,1.0,2.0,1.0,1.0,0.002317207855124681,1.0.0
F3,0.004823178482239309,clock characteristic time,analytic_fractional,clock,1.0,1.0,2.0,1.0,1.0,0.002407716736578469,1.0.0
F3,0.005011872336272725,clock characteristic time,analytic_fractional,clock,1.0,1.0,2.0,1.0,1.0,0.002501754931019562,1.0.0
F3,0.005207948328595465,clock characteristic time,analytic_fractional,clock,1.0,1.0,2.0,1.0,1.0,0.002599459589446851,1.0.0
F3,0.0054116952654646375,clock characteristic time,analytic_fractional,clock,1.0,1.0,2.0,1.0,1.0,0.0027009731550385885,1.0.0
F3,0.005623413251903491,clock characteristic time,analytic_fractional,clock,1.0,1.0,2.0,1.0,1.0,0.0028064435643567753,1.0.0
F3,0.005843414133735175,clock characteristic time,analytic_fractional,clock,1.0,1.0,2.0,1.0,1.0,0.0029160244559643944,1.0.0
F3,0.006072021956909884,clock characteristic time,analytic_fractional,clock,1.0,1.0,2.0,1.0,1.0,0.0030298753867022965,1.0.0
F3,0.006309573444801929,clock characteristic time,analytic_fractional,clock,1.0,1.0,2.0,1.0,1.0,0.0031481620558916346,1.0.0
F3,0.006556418494179785,clock characteristic time,analytic_fractional,clock,1.0,1.0,2.0,1.0,1.0,0.003271056537725081,1.0.0
F3,0.006812920690579615,clock characteristic time,analytic_fractional,clock,1.0,1.0,2.0,1.0,1.0,0.0033987375221241622,1.0.0
F3,0.00707945784384138,clock characteristic time,analytic_fractional,clock,1.0,1.0,2.0,1.0,1.0,0.003531390564343817,1.0.0
F3,0.007356422544596414,clock characteristic time,analytic_fractional,clock,1.0,1.0,2.0,1.0,1.0,0.0036692083436123957,1.0.0
F3,0.007644222742526002,clock characteristic time,analytic_fractional,clock,1.0,1.0,2.0,1.0,1.0,0.0038123909311047477,1.0.0
F3,0.007943282347242814,clock characteristic time,analytic_fractional,clock,1.0,1.0,2.0,1.0,1.0,0.0039611460675497145,1.0.0
F3,0.008254041852680182,clock characteristic time,analytic_fractional,clock,1.0,1.0,2.0,1.0,1.0,0.004115689450784332,1.0.0
F3,0.008576958985908946,clock characteristic time,analytic_fractional,clock,1.0,1.0,2.0,1.0,1.0,0.004276245033569714,1.0.0
F3,0.008912509381337459,clock characteristic time,analytic_fractional,clock,1.0,1.0,2.0,1.0,1.0,0.0044430453319959096,1.0.0
F3,0.009261187281287938,clock characteristic time,analytic_fractional,clock,1.0,1.0,2.0,1.0,1.0,0.004616331744801472,1.0.0
F3,0.009623506263980888,clock characteristic time,analytic_fractional,clock,1.0,1.0,2.0,1.0,1.0,0.004796354883950471,1.0.0
F3,0.01,clock characteristic time,analytic_fractional,clock,1.0,1.0,2.0,1.0,1.0,0.004983374916805339,1.0.0
F3,0.01039122303835169,clock characteristic time,analytic_fractional,clock,1.0,1.0,2.0,1.0,1.0,0.0051776619202478225,1.0.0
F3,0.010797751623277093,clock characteristic time,analytic_fractional,clock,1.0,1.0,2.0,1.0,1.0,0.005379496247101545,1.0.0
F3,0.011220184543019636,clock characteristic time,analytic_fractional,clock,1.0,1.0,2.0,1.0,1.0,0.005589168905216435,1.0.0
F3,0.011659144011798317,clock characteristic time,analytic_fractional,clock,1.0,1.0,2.0,1.0,1.0,0.005806981949578738,1.0.0
F3,0.012115276586285882,clock characteristic time,analytic_fractional,clock,1.0,1.0,2.0,1.0,1.0,0.006033248887817089,1.0.0
F3,0.012589254117941675,clock characteristic time,analytic_fractional,clock,1.0,1.0,2.0,1.0,1.0,0.0062682950994741304,1.0.0
F3,0.013081774742601943,clock characteristic time,analytic_fractional,clock,1.0,1.0,2.0,1.0,1.0,0.006512458269423038,1.0.0
F3,0.013593563908785255,clock characteristic time,analytic_fractional,clock,1.0,1.0,2.0,1.0,1.0,0.0067660888358013205,1.0.0
F3,0.01412537544622754,clock characteristic time,analytic_fractional,clock,1.0,1.0,2.0,1.0,1.0,0.007029550452843258,1.0.0
F3,0.014677992676220698,clock characteristic time,analytic_fractional,clock,1.0,1.0,2.0,1.0,1.0,0.00730322046899079,1.0.0
F3,0.01525222956539019,clock characteristic time,analytic_fractional,clock,1.0,1.0,2.0,1.0,1.0,0.007587490420657428,1.0.0
F3,0.015848931924611134,clock characteristic time,analytic_fractional,clock,1.0,1.0,2.0,1.0,1.0,0.007882766542022801,1.0.0
F3,0.01646897865482868,clock characteristic time,analytic_fractional,clock,1.0,1.0,2.0,1.0,1.0,0.008189470291232404,1.0.0
F3,0.01711328304161781,clock characteristic time,analytic_fractional,clock,1.0,1.0,2.0,1.0,1.0,0.008508038893366265,1.0.0
F3,0.01778279410038923,clock characteristic time,analytic_fractional,clock,1.0,1.0,2.0,1.0,1.0,0.008838925900540917,1.0.0
F3,0.018478497974222907,clock characteristic time,analytic_fractional,clock,1.0,1.0,2.0,1.0,1.0,0.009182601769496812,1.0.0
F3,0.01920141938638801,clock characteristic time,analytic_fractional,clock,1.0,1.0,2.0,1.0,1.0,0.00953955445701371,1.0.0
F3,0.0199526231496888,clock characteristic time,analytic_fractional,clock,1.0,1.0,2.0,1.0,1.0,0.009910290033485203,1.0.0
F3,0.02073321573485955,clock characteristic time,analytic_fractional,clock,1.0,1.0,2.0,1.0,1.0,0.01029533331496657,1.0.0
F3,0.021544346900318832,clock characteristic time,analytic_fractional,clock,1.0,1.0,2.0,1.0,1.0,0.01069522851399718,1.0.0
F3,0.0223872113856834,clock characteristic time,analytic_fractional,clock,1.0,1.0,2.0,1.0,1.0,0.011110539909473083,1.0.0
F3,0.02326305067153626,clock characteristic time,analytic_fractional,clock,1.0,1.0,2.0,1.0,1.0,0.011541852535825847,1.0.0
F3,0.024173154808041036,clock characteristic time,analytic_fractional,clock,1.0,1.0,2.0,1.0,1.0,0.011989772891735528,1.0.0
F3,0.025118864315095794,clock characteristic time,analytic_fractional,clock,1.0,1.0,2.0,1.0,1.0,0.012454929668577419,1.0.0
F3,0.026101572156825372,clock characteristic time,analytic_fractional,clock,1.0,1.0,2.0,1.0,1.0,0.012937974498764104,1.0.0
F3,0.02712272579332028,clock characteristic time,analytic_fractional,clock,1.0,1.0,2.0,1.0,1.0,0.0134395827241095,1.0.0
F3,0.028183829312644536,clock characteristic time,analytic_fractional,clock,1.0,1.0,2.0,1.0,1.0,0.013960454184297255,1.0.0
F3,0.02928644564625236,clock characteristic time,analytic_fractional,clock,1.0,1.0,2.0,1.0,1.0,0.014501314025486711,1.0.0
F3,0.03043219887107722,clock characteristic time,analytic_fractional,clock,1.0,1.0,2.0,1.0,1.0,0.015062913529034438,1.0.0
F3,0.03162277660168379,clock characteristic time,analytic_fractional,clock,1.0,1.0,2.0,1.0,1.0,0.01564603096025652,1.0.0
F3,0.03285993247600654,clock characteristic time,analytic_fractional,clock,1.0,1.0,2.0,1.0,1.0,0.01625147243707936,1.0.0
F3,0.034145488738336005,clock characteristic time,analytic_fractional,clock,1.0,1.0,2.0,1.0,1.0,0.016880072818365566,1.0.0
F3,0.03548133892335755,clock characteristic time,analytic_fractional,clock,1.0,1.0,2.0,1.0,1.0,0.017532696611612608,1.0.0
F3,0.03686945064519575,clock characteristic time,analytic_fractional,clock,1.0,1.0,2.0,1.0,1.0,0.0182102388996378,1.0.0
F3,0.03831186849557287,clock characteristic time,analytic_fractional,clock,1.0,1.0,2.0,1.0,1.0,0.01891362628576365,1.0.0
F3,0.039810717055349734,clock characteristic time,analytic_fractional,clock,1.0,1.0,2.0,1.0,1.0,0.019643817856915935,1.0.0
F3,0.04136820402388507,clock characteristic time,analytic_fractional,clock,1.0,1.0,2.0,1.0,1.0,0.020401806163924285,1.0.0
F3,0.042986623470822764,clock characteristic time,analytic_fractional,clock,1.0,1.0,2.0,1.0,1.0,0.021188618218194177,1.0.0
F3,0.0446683592150963,clock characteristic time,analytic_fractional,clock,1.0,1.0,2.0,1.0,1.0,0.02200531650378068,1.0.0
F3,0.046415888336127795,clock characteristic time,analytic_fractional,clock,1.0,1.0,2.0,1.0,1.0,0.022853000003739243,1.0.0
F3,0.04823178482239307,clock characteristic time,analytic_fractional,clock,1.0,1.0,2.0,1.0,1.0,0.02373280523947563,1.0.0
F3,0.05011872336272722,clock characteristic time,analytic_fractional,clock,1.0,1.0,2.0,1.0,1.0,0.0246459073216293,1.0.0
F3,0.052079483285954624,clock characteristic time,analytic_fractional,clock,1.0,1.0,2.0,1.0,1.0,0.025593521010846,1.0.0
F3,0.054116952654646375,clock characteristic time,analytic_fractional,clock,1.0,1.0,2.0,1.0,1.0,0.026576901786577456,1.0.0
F3,0.056234132519034905,clock characteristic time,analytic_fractional,clock,1.0,1.0,2.0,1.0,1.0,0.027597346921830246,1.0.0
F3,0.05843414133735175,clock characteristic time,analytic_fractional,clock,1.0,1.0,2.0,1.0,1.0,0.0286561965615465,1.0.0
F3,0.060720219569098836,clock characteristic time,analytic_fractional,clock,1.0,1.0,2.0,1.0,1.0,0.029754834802033114,1.0.0
F3,0.06309573444801933,clock characteristic time,analytic_fractional,clock,1.0,1.0,2.0,1.0,1.0,0.030894690768586974,1.0.0
F3,0.06556418494179789,clock characteristic time,analytic_fractional,clock,1.0,1.0,2.0,1.0,1.0,0.032077239688160675,1.0.0
F3,0.06812920690579612,clock characteristic time,analytic_fractional,clock,1.0,1.0,2.0,1.0,1.0,0.03330400395359234,1.0.0
F3,0.07079457843841377,clock characteristic time,analytic_fractional,clock,1.0,1.0,2.0,1.0,1.0,0.03457655417558336,1.0.0
F3,0.07356422544596414,clock characteristic time,analytic_fractional,clock,1.0,1.0,2.0,1.0,1.0,0.035896510218241584,1.0.0
F3,0.07644222742526002,clock characteristic time,analytic_fractional,clock,1.0,1.0,2.0,1.0,1.0,0.037265542213612446,1.0.0
F3,0.07943282347242814,clock characteristic time,analytic_fractional,clock,1.0,1.0,2.0,1.0,1.0,0.03868537155020979,1.0.0
F3,0.08254041852680186,clock characteristic time,analytic_fractional,clock,1.0,1.0,2.0,1.0,1.0,0.0401577718301086,1.0.0
F3,0.08576958985908942,clock characteristic time,analytic_fractional,clock,1.0,1.0,2.0,1.0,1.0,0.041684569788693615,1.0.0
F3,0.08912509381337455,clock characteristic time,analytic_fractional,clock,1.0,1.0,2.0,1.0,1.0,0.04326764617066037,1.0.0
F3,0.09261187281287933,clock characteristic time,analytic_fractional,clock,1.0,1.0,2.0,1.0,1.0,0.04490893655532402,1.0.0
F3,0.09623506263980887,clock characteristic time,analytic_fractional,clock,1.0,1.0,2.0,1.0,1.0,0.046610432123747936,1.0.0
F3,0.1,clock characteristic time,analytic_fractional,clock,1.0,1.0,2.0,1.0,1.0,0.04837418035959573,1.0.0
F3,0.10391223038351691,clock characteristic time,analytic_fractional,clock,1.0,1.0,2.0,1.0,1.0,0.050202285675000846,1.0.0
F3,0.10797751623277094,clock characteristic time,analytic_fractional,clock,1.0,1.0,2.0,1.0,1.0,0.05209690995208338,1.0.0
F3,0.1122018454301963,clock characteristic time,analytic_fractional,clock,1.0,1.0,2.0,1.0,1.0,0.054060272990063774,1.0.0
F3,0.11659144011798311,clock characteristic time,analytic_fractional,clock,1.0,1.0,2.0,1.0,1.0,0.05609465284719972,1.0.0
F3,0.12115276586285889,clock characteristic time,analytic_fractional,clock,1.0,1.0,2.0,1.0,1.0,0.05820238606602568,1.0.0
F3,0.12589254117941676,clock characteristic time,analytic_fractional,clock,1.0,1.0,2.0,1.0,1.0,0.06038586776959043,1.0.0
F3,0.13081774742601943,clock characteristic time,analytic_fractional,clock,1.0,1.0,2.0,1.0,1.0,0.06264755161558022,1.0.0
F3,0.13593563908785256,clock characteristic time,analytic_fractional,clock,1.0,1.0,2.0,1.0,1.0,0.06498994959437454,1.0.0
F3,0.1412537544622754,clock characteristic time,analytic_fractional,clock,1.0,1.0,2.0,1.0,1.0,0.06741563165621522,1.0.0
F3,0.1467799267622069,clock characteristic time,analytic_fractional,clock,1.0,1.0,2.0,1.0,1.0,0.06992722515178607,1.0.0
F3,0.15252229565390182,clock characteristic time,analytic_fractional,clock,1.0,1.0,2.0,1.0,1.0,0.07252741406958418,1.0.0
F3,0.1584893192461114,clock characteristic time,analytic_fractional,clock,1.0,1.0,2.0,1.0,1.0,0.07521893805254476,1.0.0
F3,0.1646897865482869,clock characteristic time,analytic_fractional,clock,1.0,1.0,2.0,1.0,1.0,0.07800459117543979,1.0.0
F3,0.1711328304161781,clock characteristic time,analytic_fractional,clock,1.0,1.0,2.0,1.0,1.0,0.08088722046363184,1.0.0
F3,0.1778279410038923,clock characteristic time,analytic_fractional,clock,1.0,1.0,2.0,1.0,1.0,0.08386972413281457,1.0.0
F3,0.18478497974222907,clock characteristic time,analytic_fractional,clock,1.0,1.0,2.0,1.0,1.0,0.08695504952844357,1.0.0
F3,0.1920141938638801,clock characteristic time,analytic_fractional,clock,1.0,1.0,2.0,1.0,1.0,0.09014619074263674,1.0.0
F3,0.19952623149688786,clock characteristic time,analytic_fractional,clock,1.0,1.0,2.0,1.0,1.0,0.09344618588543296,1.0.0
F3,0.2073321573485954,clock characteristic time,analytic_fractional,clock,1.0,1.0,2.0,1.0,1.0,0.09685811398644695,1.0.0
F3,0.21544346900318845,clock characteristic time,analytic_fractional,clock,1.0,1.0,2.0,1.0,1.0,0.10038509150214858,1.0.0
F3,0.223872113856834,clock characteristic time,analytic_fractional,clock,1.0,1.0,2.0,1.0,1.0,0.1040302684032629,1.0.0
F3,0.23263050671536262,clock characteristic time,analytic_fractional,clock,1.0,1.0,2.0,1.0,1.0,0.10779682381613076,1.0.0
F3,0.24173154808041036,clock characteristic time,analytic_fractional,clock,1.0,1.0,2.0,1.0,1.0,0.11168796119130975,1.0.0
F3,0.25118864315095796,clock characteristic time,analytic_fractional,clock,1.0,1.0,2.0,1.0,1.0,0.1157069029722656,1.0.0
F3,0.2610157215682536,clock characteristic time,analytic_fractional,clock,1.0,1.0,2.0,1.0,1.0,0.11985688473670619,1.0.0
F3,0.2712272579332027,clock characteristic time,analytic_fractional,clock,1.0,1.0,2.0,1.0,1.0,0.12414114878298577,1.0.0
F3,0.2818382931264455,clock characteristic time,analytic_fractional,clock,1.0,1.0,2.0,1.0,1.0,0.12856293713407485,1.0.0
F3,0.29286445646252374,clock characteristic time,analytic_fractional,clock,1.0,1.0,2.0,1.0,1.0,0.1331254839318743,1.0.0
F3,0.3043219887107722,clock characteristic time,analytic_fractional,clock,1.0,1.0,2.0,1.0,1.0,0.13783200719520272,1.0.0
F3,0.31622776601683794,clock characteristic time,analytic_fractional,clock,1.0,1.0,2.0,1.0,1.0,0.14268569991561086,1.0.0
F3,0.3285993247600654,clock characteristic time,analytic_fractional,clock,1.0,1.0,2.0,1.0,1.0,0.1476897204663249,1.0.0
F3,0.34145488738336005,clock characteristic time,analytic_fractional,clock,1.0,1.0,2.0,1.0,1.0,0.1528471823011468,1.0.0
F3,0.3548133892335753,clock characteristic time,analytic_fractional,clock,1.0,1.0,2.0,1.0,1.0,0.15816114292204042,1.0.0
F3,0.36869450645195734,clock characteristic time,analytic_fractional,clock,1.0,1.0,2.0,1.0,1.0,0.16363459209650233,1.0.0
F3,0.38311868495572887,clock characteristic time,analytic_fractional,clock,1.0,1.0,2.0,1.0,1.0,0.1692704393086566,1.0.0
F3,0.3981071705534973,clock characteristic time,analytic_fractional,clock,1.0,1.0,2.0,1.0,1.0,0.17507150043139486,1.0.0
F3,0.4136820402388507,clock characteristic time,analytic_fractional,clock,1.0,1.0,2.0,1.0,1.0,0.1810404836108418,1.0.0
F3,0.42986623470822766,clock characteristic time,analytic_fractional,clock,1.0,1.0,2.0,1.0,1.0,0.18717997435900813,1.0.0
F3,0.44668359215096304,clock characteristic time,analytic_fractional,clock,1.0,1.0,2.0,1.0,1.0,0.19349241985574972,1.0.0
F3,0.46415888336127775,clock characteristic time,analytic_fractional,clock,1.0,1.0,2.0,1.0,1.0,0.19998011246712266,1.0.0
F3,0.4823178482239304,clock characteristic time,analytic_fractional,clock,1.0,1.0,2.0,1.0,1.0,0.20664517249395264,1.0.0
F3,0.5011872336272725,clock characteristic time,analytic_fractional,clock,1.0,1.0,2.0,1.0,1.0,0.2134895301719668,1.0.0
F3,0.5207948328595465,clock characteristic time,analytic_fractional,clock,1.0,1.0,2.0,1.0,1.0,0.2205149069531953,1.0.0
F3,0.5411695265464638,clock characteristic time,analytic_fractional,clock,1.0,1.0,2.0,1.0,1.0,0.2277227961075753,1.0.0
F3,0.5623413251903491,clock characteristic time,analytic_fractional,clock,1.0,1.0,2.0,1.0,1.0,0.23511444269379167,1.0.0
F3,0.5843414133735175,clock characteristic time,analytic_fractional,clock,1.0,1.0,2.0,1.0,1.0,0.24269082295939237,1.0.0
F3,0.6072021956909883,clock characteristic time,analytic_fractional,clock,1.0,1.0,2.0,1.0,1.0,0.2504526232421074,1.0.0
F3,0.630957344480193,clock characteristic time,analytic_fractional,clock,1.0,1.0,2.0,1.0,1.0,0.2584002184570767,1.0.0
F3,0.6556418494179785,clock characteristic time,analytic_fractional,clock,1.0,1.0,2.0,1.0,1.0,0.26653365026831377,1.0.0
F3,0.6812920690579615,clock characteristic time,analytic_fractional,clock,1.0,1.0,2.0,1.0,1.0,0.2748526050571577,1.0.0
F3,0.707945784384138,clock characteristic time,analytic_fractional,clock,1.0,1.0,2.0,1.0,1.0,0.2833563918156188,1.0.0
F3,0.7356422544596414,clock characteristic time,analytic_fractional,clock,1.0,1.0,2.0,1.0,1.0,0.29204392010831304,1.0.0
F3,0.7644222742526002,clock characteristic time,analytic_fractional,clock,1.0,1.0,2.0,1.0,1.0,0.3009136782629733,1.0.0
F3,0.7943282347242814,clock characteristic time,analytic_fractional,clock,1.0,1.0,2.0,1.0,1.0,0.30996371196619477,1.0.0
F3,0.8254041852680182,clock characteristic time,analytic_fractional,clock,1.0,1.0,2.0,1.0,1.0,0.31919160345788833,1.0.0
F3,0.8576958985908937,clock characteristic time,analytic_fractional,clock,1.0,1.0,2.0,1.0,1.0,0.32859445153471123,1.0.0
F3,0.8912509381337459,clock characteristic time,analytic_fractional,clock,1.0,1.0,2.0,1.0,1.0,0.33816885258920926,1.0.0
F3,0.9261187281287937,clock characteristic time,analytic_fractional,clock,1.0,1.0,2.0,1.0,1.0,0.34791088292728034,1.0.0
F3,0.9623506263980888,clock characteristic time,analytic_fractional,clock,1.0,1.0,2.0,1.0,1.0,0.3578160826215001,1.0.0
F3,1.0,clock characteristic time,analytic_fractional,clock,1.0,1.0,2.0,1.0,1.0,0.36787944117144233,1.0.0
F3,1.0391223038351691,clock characteristic time,analytic_fractional,clock,1.0,1.0,2.0,1.0,1.0,0.3780953852540082,1.0.0
F3,1.0797751623277094,clock characteristic time,analytic_fractional,clock,1.0,1.0,2.0,1.0,1.0,0.3884577688564296,1.0.0
F3,1.122018454301963,clock characteristic time,analytic_fractional,clock,1.0,1.0,2.0,1.0,1.0,0.39895986609159884,1.0.0
F3,1.165914401179831,clock characteristic time,analytic_fractional,clock,1.0,1.0,2.0,1.0,1.0,0.4095943669991394,1.0.0
F3,1.2115276586285888,clock characteristic time,analytic_fractional,clock,1.0,1.0,2.0,1.0,1.0,0.4203533766356461,1.0.0
F3,1.2589254117941675,clock characteristic time,analytic_fractional,clock,1.0,1.0,2.0,1.0,1.0,0.43122841775322707,1.0.0
F3,1.3081774742601942,clock characteristic time,analytic_fractional,clock,1.0,1.0,2.0,1.0,1.0,0.4422104373563124,1.0.0
F3,1.3593563908785256,clock characteristic time,analytic_fractional,clock,1.0,1.0,2.0,1.0,1.0,0.4532898174121037,1.0.0
F3,1.412537544622754,clock characteristic time,analytic_fractional,clock,1.0,1.0,2.0,1.0,1.0,0.46445638996952343,1.0.0
F3,1.467799267622069,clock characteristic time,analytic_fractional,clock,1.0,1.0,2.0,1.0,1.0,0.4756994569145738,1.0.0
F3,1.5252229565390183,clock characteristic time,analytic_fractional,clock,1.0,1.0,2.0,1.0,1.0,0.48700781455627185,1.0.0
F3,1.584893192461114,clock characteristic time,analytic_fractional,clock,1.0,1.0,2.0,1.0,1.0,0.49836978319642977,1.0.0
F3,1.6468978654828688,clock characteristic time,analytic_fractional,clock,1.0,1.0,2.0,1.0,1.0,0.5097732417883298,1.0.0
F3,1.711328304161781,clock characteristic time,analytic_fractional,clock,1.0,1.0,2.0,1.0,1.0,0.5212056677337433,1.0.0
F3,1.7782794100389228,clock characteristic time,analytic_fractional,clock,1.0,1.0,2.0,1.0,1.0,0.5326541818048476,1.0.0
F3,1.8478497974222907,clock characteristic time,analytic_fractional,clock,1.0,1.0,2.0,1.0,1.0,0.5441055981077746,1.0.0
F3,1.920141938638801,clock characteristic time,analytic_fractional,clock,1.0,1.0,2.0,1.0,1.0,0.5555464789282512,1.0.0
F3,1.9952623149688788,clock characteristic time,analytic_fractional,clock,1.0,1.0,2.0,1.0,1.0,0.5669631942178966,1.0.0
F3,2.073321573485954,clock characteristic time,analytic_fractional,clock,1.0,1.0,2.0,1.0,1.0,0.5783419853932551,1.0.0
F3,2.1544346900318843,clock characteristic time,analytic_fractional,clock,1.0,1.0,2.0,1.0,1.0,0.5896690330298868,1.0.0
F3,2.23872113856834,clock characteristic time,analytic_fractional,clock,1.0,1.0,2.0,1.0,1.0,0.6009305279424364,1.0.0
F3,2.3263050671536263,clock characteristic time,analytic_fractional,clock,1.0,1.0,2.0,1.0,1.0,0.6121127450504413,1.0.0
F3,2.4173154808041035,clock characteristic time,analytic_fractional,clock,1.0,1.0,2.0,1.0,1.0,0.6232021193408614,1.0.0
F3,2.5118864315095797,clock characteristic time,analytic_fractional,clock,1.0,1.0,2.0,1.0,1.0,0.6341853231543388,1.0.0
F3,2.610157215682536,clock characteristic time,analytic_fractional,clock,1.0,1.0,2.0,1.0,1.0,0.645049343945574,1.0.0
F3,2.712272579332027,clock characteristic time,analytic_fractional,clock,1.0,1.0,2.0,1.0,1.0,0.6557815616016739,1.0.0
F3,2.818382931264452,clock characteristic time,analytic_fractional,clock,1.0,1.0,2.0,1.0,1.0,0.6663698243486582,1.0.0
F3,2.9286445646252375,clock characteristic time,analytic_fractional,clock,1.0,1.0,2.0,1.0,1.0,0.6768025222382381,1.0.0
F3,3.043219887107722,clock characteristic time,analytic_fractional,clock,1.0,1.0,2.0,1.0,1.0,0.6870686571871245,1.0.0
F3,3.1622776601683795,clock characteristic time,analytic_fractional,clock,1.0,1.0,2.0,1.0,1.0,0.6971579085418442,1.0.0
F3,3.285993247600654,clock characteristic time,analytic_fractional,clock,1.0,1.0,2.0,1.0,1.0,0.7070606931652865,1.0.0
F3,3.4145488738336005,clock characteristic time,analytic_fractional,clock,1.0,1.0,2.0,1.0,1.0,0.7167682190885006,1.0.0
F3,3.5481338923357533,clock characteristic time,analytic_fractional,clock,1.0,1.0,2.0,1.0,1.0,0.7262725318434003,1.0.0
F3,3.6869450645195734,clock characteristic time,analytic_fractional,clock,1.0,1.0,2.0,1.0,1.0,0.7355665526891383,1.0.0
F3,3.831186849557289,clock characteristic time,analytic_fractional,clock,1.0,1.0,2.0,1.0,1.0,0.7446441080662156,1.0.0
F3,3.981071705534973,clock characteristic time,analytic_fractional,clock,1.0,1.0,2.0,1.0,1.0,0.7534999497562151,1.0.0
F3,4.136820402388507,clock characteristic time,analytic_fractional,clock,1.0,1.0,2.0,1.0,1.0,0.7621297653887517,1.0.0
F3,4.298662347082277,clock characteristic time,analytic_fractional,clock,1.0,1.0,2.0,1.0,1.0,0.7705301791171976,1.0.0
F3,4.46683592150963,clock characteristic time,analytic_fractional,clock,1.0,1.0,2.0,1.0,1.0,0.7786987424764674,1.0.0
F3,4.6415888336127775,clock characteristic time,analytic_fractional,clock,1.0,1.0,2.0,1.0,1.0,0.7866339156342774,1.0.0
F3,4.823178482239304,clock characteristic time,analytic_fractional,clock,1.0,1.0,2.0,1.0,1.0,0.7943350394458598,1.0.0
F3,5.011872336272719,clock characteristic time,analytic_fractional,clock,1.0,1.0,2.0,1.0,1.0,0.8018022989146794,1.0.0
F3,5.207948328595465,clock characteristic time,analytic_fractional,clock,1.0,1.0,2.0,1.0,1.0,0.8090366788416429,1.0.0
F3,5.411695265464638,clock characteristic time,analytic_fractional,clock,1.0,1.0,2.0,1.0,1.0,0.8160399126061197,1.0.0
F3,5.62341325190349,clock characteristic time,analytic_fractional,clock,1.0,1.0,2.0,1.0,1.0,0.8228144251577327,1.0.0
F3,5.843414133735175,clock characteristic time,analytic_fractional,clock,1.0,1.0,2.0,1.0,1.0,0.8293632714030041,1.0.0
F3,6.072021956909884,clock characteristic time,analytic_fractional,clock,1.0,1.0,2.0,1.0,1.0,0.835690071241349,1.0.0
F3,6.30957344480193,clock characteristic time,analytic_fractional,clock,1.0,1.0,2.0,1.0,1.0,0.8417989425376793,1.0.0
F3,6.556418494179785,clock characteristic time,analytic_fractional,clock,1.0,1.0,2.0,1.0,1.0,0.8476944333127259,1.0.0
F3,6.812920690579615,clock characteristic time,analytic_fractional,clock,1.0,1.0,2.0,1.0,1.0,0.8533814543874902,1.0.0
F3,7.07945784384138,clock characteristic time,analytic_fractional,clock,1.0,1.0,2.0,1.0,1.0,0.8588652136371452,1.0.0
F3,7.3564225445964135,clock characteristic time,analytic_fractional,clock,1.0,1.0,2.0,1.0,1.0,0.864151152896055,1.0.0
F3,7.644222742526002,clock characteristic time,analytic_fractional,clock,1.0,1.0,2.0,1.0,1.0,0.8692448884147148,1.0.0
F3,7.943282347242813,clock characteristic time,analytic_fractional,clock,1.0,1.0,2.0,1.0,1.0,0.8741521556079044,1.0.0
F3,8.254041852680182,clock characteristic time,analytic_fractional,clock,1.0,1.0,2.0,1.0,1.0,0.8788787586586432,1.0.0
F3,8.576958985908938,clock characteristic time,analytic_fractional,clock,1.0,1.0,2.0,1.0,1.0,0.8834305253624954,1.0.0
F3,8.91250938133745,clock characteristic time,analytic_fractional,clock,1.0,1.0,2.0,1.0,1.0,0.887813267419244,1.0.0
F3,9.261187281287937,clock characteristic time,analytic_fractional,clock,1.0,1.0,2.0,1.0,1.0,0.8920327462112507,1.0.0
F3,9.623506263980888,clock characteristic time,analytic_fractional,clock,1.0,1.0,2.0,1.0,1.0,0.8960946439563474,1.0.0
F3,10.0,clock characteristic time,analytic_fractional,clock,1.0,1.0,2.0,1.0,1.0,0.9000045399929762,1.0.0
F3,10.39122303835169,clock characteristic time,analytic_fractional,clock,1.0,1.0,2.0,1.0,1.0,0.9037678918500767,1.0.0
F3,10.797751623277094,clock characteristic time,analytic_fractional,clock,1.0,1.0,2.0,1.0,1.0,0.9073900206758295,1.0.0
F3,11.220184543019629,clock characteristic time,analytic_fractional,clock,1.0,1.0,2.0,1.0,1.0,0.910876100548047,1.0.0
F3,11.659144011798311,clock characteristic time,analytic_fractional,clock,1.0,1.0,2.0,1.0,1.0,0.9142311511634624,1.0.0
F3,12.115276586285876,clock characteristic time,analytic_fractional,clock,1.0,1.0,2.0,1.0,1.0,0.9174600334008327,1.0.0
F3,12.589254117941662,clock characteristic time,analytic_fractional,clock,1.0,1.0,2.0,1.0,1.0,0.9205674472700534,1.0.0
F3,13.081774742601928,clock characteristic time,analytic_fractional,clock,1.0,1.0,2.0,1.0,1.0,0.9235579317922211,1.0.0
F3,13.593563908785242,clock characteristic time,analytic_fractional,clock,1.0,1.0,2.0,1.0,1.0,0.926435866399322,1.0.0
F3,14.125375446227554,clock characteristic time,analytic_fractional,clock,1.0,1.0,2.0,1.0,1.0,0.9292054734926704,1.0.0
F3,14.677992676220706,clock characteristic time,analytic_fractional,clock,1.0,1.0,2.0,1.0,1.0,0.931870821852431,1.0.0
F3,15.252229565390198,clock characteristic time,analytic_fractional,clock,1.0,1.0,2.0,1.0,1.0,0.9344358306432281,1.0.0
F3,15.848931924611142,clock characteristic time,analytic_fractional,clock,1.0,1.0,2.0,1.0,1.0,0.9369042738103884,1.0.0
F3,16.46897865482869,clock characteristic time,analytic_fractional,clock,1.0,1.0,2.0,1.0,1.0,0.9392797847060061,1.0.0
F3,17.11328304161781,clock characteristic time,analytic_fractional,clock,1.0,1.0,2.0,1.0,1.0,0.9415658608226907,1.0.0
F3,17.78279410038923,clock characteristic time,analytic_fractional,clock,1.0,1.0,2.0,1.0,1.0,0.9437658685451832,1.0.0
F3,18.478497974222908,clock characteristic time,analytic_fractional,clock,1.0,1.0,2.0,1.0,1.0,0.9458830478561215,1.0.0
F3,19.20141938638801,clock characteristic time,analytic_fractional,clock,1.0,1.0,2.0,1.0,1.0,0.9479205169526046,1.0.0
F3,19.952623149688787,clock characteristic time,analytic_fractional,clock,1.0,1.0,2.0,1.0,1.0,0.9498812767455871,1.0.0
F3,20.73321573485954,clock characteristic time,analytic_fractional,clock,1.0,1.0,2.0,1.0,1.0,0.9517682152253611,1.0.0
F3,21.54434690031882,clock characteristic time,analytic_fractional,clock,1.0,1.0,2.0,1.0,1.0,0.9535841116842931,1.0.0
F3,22.38721138568338,clock characteristic time,analytic_fractional,clock,1.0,1.0,2.0,1.0,1.0,0.9553316407933634,1.0.0
F3,23.263050671536238,clock characteristic time,analytic_fractional,clock,1.0,1.0,2.0,1.0,1.0,0.9570133765325681,1.0.0
F3,24.173154808041012,clock characteristic time,analytic_fractional,clock,1.0,1.0,2.0,1.0,1.0,0.9586317959774283,1.0.0
F3,25.11886431509582,clock characteristic time,analytic_fractional,clock,1.0,1.0,2.0,1.0,1.0,0.9601892829451413,1.0.0
F3,26.101572156825384,clock characteristic time,analytic_fractional,clock,1.0,1.0,2.0,1.0,1.0,0.961688131504604,1.0.0
F3,27.122725793320296,clock characteristic time,analytic_fractional,clock,1.0,1.0,2.0,1.0,1.0,0.9631305493548655,1.0.0
F3,28.183829312644548,clock characteristic time,analytic_fractional,clock,1.0,1.0,2.0,1.0,1.0,0.9645186610766628,1.0.0
F3,29.28644564625237,clock characteristic time,analytic_fractional,clock,1.0,1.0,2.0,1.0,1.0,0.9658545112616705,1.0.0
F3,30.432198871077222,clock characteristic time,analytic_fractional,clock,1.0,1.0,2.0,1.0,1.0,0.9671400675239955,1.0.0
F3,31.622776601683793,clock characteristic time,analytic_fractional,clock,1.0,1.0,2.0,1.0,1.0,0.9683772233983168,1.0.0
F3,32.85993247600654,clock characteristic time,analytic_fractional,clock,1.0,1.0,2.0,1.0,1.0,0.9695678011289229,1.0.0
F3,34.145488738336006,clock characteristic time,analytic_fractional,clock,1.0,1.0,2.0,1.0,1.0,0.9707135543537476,1.0.0
F3,35.481338923357534,clock characteristic time,analytic_fractional,clock,1.0,1.0,2.0,1.0,1.0,0.9718161706873555,1.0.0
F3,36.869450645195734,clock characteristic time,analytic_fractional,clock,1.0,1.0,2.0,1.0,1.0,0.9728772742066797,1.0.0
F3,38.31186849557285,clock characteristic time,analytic_fractional,clock,1.0,1.0,2.0,1.0,1.0,0.9738984278431746,1.0.0
F3,39.81071705534969,clock characteristic time,analytic_fractional,clock,1.0,1.0,2.0,1.0,1.0,0.9748811356849042,1.0.0
F3,41.36820402388503,clock characteristic time,analytic_fractional,clock,1.0,1.0,2.0,1.0,1.0,0.975826845191959,1.0.0
F3,42.98662347082272,clock characteristic time,analytic_fractional,clock,1.0,1.0,2.0,1.0,1.0,0.9767369493284637,1.0.0
F3,44.668359215096345,clock characteristic time,analytic_fractional,clock,1.0,1.0,2.0,1.0,1.0,0.9776127886143167,1.0.0
F3,46.41588833612782,clock characteristic time,analytic_fractional,clock,1.0,1.0,2.0,1.0,1.0,0.9784556530996812,1.0.0
F3,48.23178482239309,clock characteristic time,analytic_fractional,clock,1.0,1.0,2.0,1.0,1.0,0.9792667842651405,1.0.0
F3,50.118723362727245,clock characteristic time,analytic_fractional,clock,1.0,1.0,2.0,1.0,1.0,0.9800473768503112,1.0.0
F3,52.07948328595465,clock characteristic time,analytic_fractional,clock,1.0,1.0,2.0,1.0,1.0,0.980798580613612,1.0.0
F3,54.116952654646376,clock characteristic time,analytic_fractional,clock,1.0,1.0,2.0,1.0,1.0,0.981521502025777,1.0.0
F3,56.23413251903491,clock characteristic time,analytic_fractional,clock,1.0,1.0,2.0,1.0,1.0,0.9822172058996108,1.0.0
F3,58.434141337351754,clock characteristic time,analytic_fractional,clock,1.0,1.0,2.0,1.0,1.0,0.9828867169583821,1.0.0
F3,60.72021956909884,clock characteristic time,analytic_fractional,clock,1.0,1.0,2.0,1.0,1.0,0.9835310213451713,1.0.0
F3,63.0957344480193,clock characteristic time,analytic_fractional,clock,1.0,1.0,2.0,1.0,1.0,0.9841510680753889,1.0.0
F3,65.56418494179785,clock characteristic time,analytic_fractional,clock,1.0,1.0,2.0,1.0,1.0,0.9847477704346098,1.0.0
F3,68.12920690579608,clock characteristic time,analytic_fractional,clock,1.0,1.0,2.0,1.0,1.0,0.9853220073237793,1.0.0
F3,70.79457843841374,clock characteristic time,analytic_fractional,clock,1.0,1.0,2.0,1.0,1.0,0.9858746245537724,1.0.0
F3,73.56422544596406,clock characteristic time,analytic_fractional,clock,1.0,1.0,2.0,1.0,1.0,0.9864064360912147,1.0.0
F3,76.44222742525994,clock characteristic time,analytic_fractional,clock,1.0,1.0,2.0,1.0,1.0,0.986918225257398,1.0.0
F3,79.43282347242821,clock characteristic time,analytic_fractional,clock,1.0,1.0,2.0,1.0,1.0,0.9874107458820583,1.0.0
F3,82.5404185268019,clock characteristic time,analytic_fractional,clock,1.0,1.0,2.0,1.0,1.0,0.9878847234137141,1.0.0
F3,85.76958985908946,clock characteristic time,analytic_fractional,clock,1.0,1.0,2.0,1.0,1.0,0.9883408559882016,1.0.0
F3,89.12509381337459,clock characteristic time,analytic_fractional,clock,1.0,1.0,2.0,1.0,1.0,0.9887798154569803,1.0.0
F3,92.61187281287937,clock characteristic time,analytic_fractional,clock,1.0,1.0,2.0,1.0,1.0,0.9892022483767229,1.0.0
F3,96.23506263980887,clock characteristic time,analytic_fractional,clock,1.0,1.0,2.0,1.0,1.0,0.9896087769616483,1.0.0
F3,100.0,clock characteristic time,analytic_fractional,clock,1.0,1.0,2.0,1.0,1.0,0.99,1.0.0
F3,0.001,clock characteristic time,analytic_fractional,coupling,1.0,1.0,2.0,1.0,1.0,0.0004998333749916681,1.0.0
F3,0.001039122303835169,clock characteristic time,analytic_fractional,coupling,1.0,1.0,2.0,1.0,1.0,0.0005193812361314887,1.0.0
F3,0.0010797751623277093,clock characteristic time,analytic_fractional,coupling,1.0,1.0,2.0,1.0,1.0,0.0005396933145409566,1.0.0
F3,0.001122018454301963,clock characteristic time,analytic_fractional,coupling,1.0,1.0,2.0,1.0,1.0,0.000560799465091466,1.0.0
F3,0.0011659144011798323,clock characteristic time,analytic_fractional,coupling,1.0,1.0,2.0,1.0,1.0,0.0005827307072132637,1.0.0
F3,0.001211527658628589,clock characteristic time,analytic_fractional,coupling,1.0,1.0,2.0,1.0,1.0,0.0006055192701801548,1.0.0
F3,0.0012589254117941675,clock characteristic time,analytic_fractional,coupling,1.0,1.0,2.0,1.0,1.0,0.0006291986401466554,1.0.0
F3,0.0013081774742601943,clock characteristic time,analytic_fractional,coupling,1.0,1.0,2.0,1.0,1.0,0.0006538036090016908,1.0.0
F3,0.0013593563908785254,clock characteristic time,analytic_fractional,coupling,1.0,1.0,2.0,1.0,1.0,0.0006793703251065653,1.0.0
F3,0.001412537544622754,clock characteristic time,analytic_fractional,coupling,1.0,1.0,2.0,1.0,1.0,0.0007059363459915868,1.0.0
F3,0.001467799267622069,clock characteristic time,analytic_fractional,coupling,1.0,1.0,2.0,1.0,1.0,0.0007335406930855104,1.0.0
F3,0.0015252229565390183,clock characteristic time,analytic_fractional,coupling,1.0,1.0,2.0,1.0,1.0,0.0007622239085521842,1.0.0
F3,0.001584893192461114,clock characteristic time,analytic_fractional,coupling,1.0,1.0,2.0,1.0,1.0,0.0007920281143174446,1.0.0
F3,0.0016468978654828688,clock characteristic time,analytic_fractional,coupling,1.0,1.0,2.0,1.0,1.0,0.0008229970733685255,1.0.0
F3,0.001711328304161781,clock characteristic time,analytic_fractional,coupling,1.0,1.0,2.0,1.0,1.0,0.0008551762534099172,1.0.0
F3,0.0017782794100389228,clock characteristic time,analytic_fractional,coupling,1.0,1.0,2.0,1.0,1.0,0.0008886128929683768,1.0.0
F3,0.0018478497974222907,clock characteristic time,analytic_fractional,coupling,1.0,1.0,2.0,1.0,1.0,0.0009233560700339094,1.0.0
F3,0.001920141938638801,clock characteristic time,analytic_fractional,coupling,1.0,1.0,2.0,1.0,1.0,0.0009594567733395287,1.0.0
F3,0.001995262314968879,clock characteristic time,analytic_fractional,coupling,1.0,1.0,2.0,1.0,1.0,0.00099696797637161,1.0.0
F3,0.002073321573485954,clock characteristic time,analytic_fractional,coupling,1.0,1.0,2.0,1.0,1.0,0.0010359447142190836,1.0.0
F3,0.0021544346900318843,clock characteristic time,analytic_fractional,coupling,1.0,1.0,2.0,1.0,1.0,0.0010764441633641653,1.0.0
F3,0.00223872113856834,clock characteristic time,analytic_fractional,coupling,1.0,1.0,2.0,1.0,1.0,0.0011185257245265312,1.0.0
F3,0.0023263050671536263,clock characteristic time,analytic_fractional,coupling,1.0,1.0,2.0,1.0,1.0,0.0011622511086742948,1.0.0
F3,0.0024173154808041037,clock characteristic time,analytic_fractional,coupling,1.0,1.0,2.0,1.0,1.0,0.0012076844263193554,1.0.0
F3,0.0025118864315095794,clock characteristic time,analytic_fractional,coupling,1.0,1.0,2.0,1.0,1.0,0.0012548922802212426,1.0.0
F3,0.0026101572156825357,clock characteristic time,analytic_fractional,coupling,1.0,1.0,2.0,1.0,1.0,0.0013039438616225807,1.0.0
F3,0.0027122725793320298,clock characteristic time,analytic_fractional,coupling,1.0,1.0,2.0,1.0,1.0,0.001354911050150398,1.0.0
F3,0.002818382931264455,clock characteristic time,analytic_fractional,coupling,1.0,1.0,2.0,1.0,1.0,0.0014078685175159533,1.0.0
F3,0.0029286445646252374,clock characteristic time,analytic_fractional,coupling,1.0,1.0,2.0,1.0,1.0,0.0014628938351549658,1.0.0
F3,0.003043219887107722,clock characteristic time,analytic_fractional,coupling,1.0,1.0,2.0,1.0,1.0,0.001520067585952134,1.0.0
F3,0.0031622776601683794,clock characteristic time,analytic_fractional,coupling,1.0,1.0,2.0,1.0,1.0,0.0015794734802003774,1.0.0
F3,0.003285993247600654,clock characteristic time,analytic_fractional,coupling,1.0,1.0,2.0,1.0,1.0,0.0016411984759479026,1.0.0
F3,0.003414548873833601,clock characteristic time,analytic_fractional,coupling,1.0,1.0,2.0,1.0,1.0,0.001705332903895851,1.0.0
F3,0.0035481338923357532,clock characteristic time,analytic_fractional,coupling,1.0,1.0,2.0,1.0,1.0,0.001771970597009842,1.0.0
F3,0.0036869450645195733,clock characteristic time,analytic_fractional,coupling,1.0,1.0,2.0,1.0,1.0,0.0018412090250161661,1.0.0
F3,0.003831186849557289,clock characteristic time,analytic_fractional,coupling,1.0,1.0,2.0,1.0,1.0,0.0019131494339605926,1.0.0
F3,0.003981071705534973,clock characteristic time,analytic_fractional,coupling,1.0,1.0,2.0,1.0,1.0,0.0019878969910105404,1.0.0
F3,0.004136820402388507,clock characteristic time,analytic_fractional,coupling,1.0,1.0,2.0,1.0,1.0,0.0020655609346891257,1.0.0
F3,0.004298662347082277,clock characteristic time,analytic_fractional,coupling,1.0,1.0,2.0,1.0,1.0,0.0021462547307362634,1.0.0
F3,0.0044668359215096305,clock characteristic time,analytic_fractional,coupling,1.0,1.0,2.0,1.0,1.0,0.002230096233793666,1.0.0
F3,0.004641588833612777,clock characteristic time,analytic_fractional,coupling,1.0,1.0,2.0,1.0,1.0,0.002317207855124681,1.0.0
F3,0.004823178482239309,clock characteristic time,analytic_fractional,coupling,1.0,1.0,2.0,1.0,1.0,0.002407716736578469,1.0.0
F3,0.005011872336272725,clock characteristic time,analytic_fractional,coupling,1.0,1.0,2.0,1.0,1.0,0.002501754931019562,1.0.0
F3,0.005207948328595465,clock characteristic time,analytic_fractional,coupling,1.0,1.0,2.0,1.0,1.0,0.002599459589446851,1.0.0
F3,0.0054116952654646375,clock characteristic time,analytic_fractional,coupling,1.0,1.0,2.0,1.0,1.0,0.0027009731550385885,1.0.0
F3,0.005623413251903491,clock characteristic time,analytic_fractional,coupling,1.0,1.0,2.0,1.0,1.0,0.0028064435643567753,1.0.0
F3,0.005843414133735175,clock characteristic time,analytic_fractional,coupling,1.0,1.0,2.0,1.0,1.0,0.0029160244559643944,1.0.0
F3,0.006072021956909884,clock characteristic time,analytic_fractional,coupling,1.0,1.0,2.0,1.0,1.0,0.0030298753867022965,1.0.0
F3,0.006309573444801929,clock characteristic time,analytic_fractional,coupling,1.0,1.0,2.0,1.0,1.0,0.0031481620558916346,1.0.0
F3,0.006556418494179785,clock characteristic time,analytic_fractional,coupling,1.0,1.0,2.0,1.0,1.0,0.003271056537725081,1.0.0
F3,0.006812920690579615,clock characteristic time,analytic_fractional,coupling,1.0,1.0,2.0,1.0,1.0,0.0033987375221241622,1.0.0
F3,0.00707945784384138,clock characteristic time,analytic_fractional,coupling,1.0,1.0,2.0,1.0,1.0,0.003531390564343817,1.0.0
F3,0.007356422544596414,clock characteristic time,analytic_fractional,coupling,1.0,1.0,2.0,1.0,1.0,0.0036692083436123957,1.0.0
F3,0.007644222742526002,clock characteristic time,analytic_fractional,coupling,1.0,1.0,2.0,1.0,1.0,0.0038123909311047477,1.0.0
F3,0.007943282347242814,clock characteristic time,analytic_fractional,coupling,1.0,1.0,2.0,1.0,1.0,0.0039611460675497145,1.0.0
F3,0.008254041852680182,clock characteristic time,analytic_fractional,coupling,1.0,1.0,2.0,1.0,1.0,0.004115689450784332,1.0.0
F3,0.008576958985908946,clock characteristic time,analytic_fractional,coupling,1.0,1.0,2.0,1.0,1.0,0.004276245033569714,1.0.0
F3,0.008912509381337459,clock characteristic time,analytic_fractional,coupling,1.0,1.0,2.0,1.0,1.0,0.0044430453319959096,1.0.0
F3,0.009261187281287938,clock characteristic time,analytic_fractional,coupling,1.0,1.0,2.0,1.0,1.0,0.004616331744801472,1.0.0
F3,0.009623506263980888,clock characteristic time,analytic_fractional,coupling,1.0,1.0,2.0,1.0,1.0,0.004796354883950471,1.0.0
F3,0.01,clock characteristic time,analytic_fractional,coupling,1.0,1.0,2.0,1.0,1.0,0.004983374916805339,1.0.0
F3,0.01039122303835169,clock characteristic time,analytic_fractional,coupling,1.0,1.0,2.0,1.0,1.0,0.0051776619202478225,1.0.0
F3,0.010797751623277093,clock characteristic time,analytic_fractional,coupling,1.0,1.0,2.0,1.0,1.0,0.005379496247101545,1.0.0
F3,0.011220184543019636,clock characteristic time,analytic_fractional,coupling,1.0,1.0,2.0,1.0,1.0,0.005589168905216435,1.0.0
F3,0.011659144011798317,clock characteristic time,analytic_fractional,coupling,1.0,1.0,2.0,1.0,1.0,0.005806981949578738,1.0.0
F3,0.012115276586285882,clock characteristic time,analytic_fractional,coupling,1.0,1.0,2.0,1.0,1.0,0.006033248887817089,1.0.0
F3,0.012589254117941675,clock characteristic time,analytic_fractional,coupling,1.0,1.0,2.0,1.0,1.0,0.0062682950994741304,1.0.0
F3,0.013081774742601943,clock characteristic time,analytic_fractional,coupling,1.0,1.0,2.0,1.0,1.0,0.006512458269423038,1.0.0
F3,0.013593563908785255,clock characteristic time,analytic_fractional,coupling,1.0,1.0,2.0,1.0,1.0,0.0067660888358013205,1.0.0
F3,0.01412537544622754,clock characteristic time,analytic_fractional,coupling,1.0,1.0,2.0,1.0,1.0,0.007029550452843258,1.0.0
F3,0.014677992676220698,clock characteristic time,analytic_fractional,coupling,1.0,1.0,2.0,1.0,1.0,0.00730322046899079,1.0.0
F3,0.01525222956539019,clock characteristic time,analytic_fractional,coupling,1.0,1.0,2.0,1.0,1.0,0.007587490420657428,1.0.0
F3,0.015848931924611134,clock characteristic time,analytic_fractional,coupling,1.0,1.0,2.0,1.0,1.0,0.007882766542022801,1.0.0
F3,0.01646897865482868,clock characteristic time,analytic_fractional,coupling,1.0,1.0,2.0,1.0,1.0,0.008189470291232404,1.0.0
F3,0.01711328304161781,clock characteristic time,analytic_fractional,coupling,1.0,1.0,2.0,1.0,1.0,0.008508038893366265,1.0.0
F3,0.01778279410038923,clock characteristic time,analytic_fractional,coupling,1.0,1.0,2.0,1.0,1.0,0.008838925900540917,1.0.0
F3,0.018478497974222907,clock characteristic time,analytic_fractional,coupling,1.0,1.0,2.0,1.0,1.0,0.009182601769496812,1.0.0
F3,0.01920141938638801,clock characteristic time,analytic_fractional,coupling,1.0,1.0,2.0,1.0,1.0,0.00953955445701371,1.0.0
F3,0.0199526231496888,clock characteristic time,analytic_fractional,coupling,1.0,1.0,2.0,1.0,1.0,0.009910290033485203,1.0.0
F3,0.02073321573485955,clock characteristic time,analytic_fractional,coupling,1.0,1.0,2.0,1.0,1.0,0.01029533331496657,1.0.0
F3,0.021544346900318832,clock characteristic time,analytic_fractional,coupling,1.0,1.0,2.0,1.0,1.0,0.01069522851399718,1.0.0
F3,0.0223872113856834,clock characteristic time,analytic_fractional,coupling,1.0,1.0,2.0,1.0,1.0,0.011110539909473083,1.0.0
F3,0.02326305067153626,clock characteristic time,analytic_fractional,coupling,1.0,1.0,2.0,1.0,1.0,0.011541852535825847,1.0.0
F3,0.024173154808041036,clock characteristic time,analytic_fractional,coupling,1.0,1.0,2.0,1.0,1.0,0.011989772891735528,1.0.0
F3,0.025118864315095794,clock characteristic time,analytic_fractional,coupling,1.0,1.0,2.0,1.0,1.0,0.012454929668577419,1.0.0
F3,0.026101572156825372,clock characteristic time,analytic_fractional,coupling,1.0,1.0,2.0,1.0,1.0,0.012937974498764104,1.0.0
F3,0.02712272579332028,clock characteristic time,analytic_fractional,coupling,1.0,1.0,2.0,1.0,1.0,0.0134395827241095,1.0.0
F3,0.028183829312644536,clock characteristic time,analytic_fractional,coupling,1.0,1.0,2.0,1.0,1.0,0.013960454184297255,1.0.0
F3,0.02928644564625236,clock characteristic time,analytic_fractional,coupling,1.0,1.0,2.0,1.0,1.0,0.014501314025486711,1.0.0
F3,0.03043219887107722,clock characteristic time,analytic_fractional,coupling,1.0,1.0,2.0,1.0,1.0,0.015062913529034438,1.0.0
F3,0.03162277660168379,clock characteristic time,analytic_fractional,coupling,1.0,1.0,2.0,1.0,1.0,0.01564603096025652,1.0.0
F3,0.03285993247600654,clock characteristic time,analytic_fractional,coupling,1.0,1.0,2.0,1.0,1.0,0.01625147243707936,1.0.0
F3,0.034145488738336005,clock characteristic time,analytic_fractional,coupling,1.0,1.0,2.0,1.0,1.0,0.016880072818365566,1.0.0
F3,0.03548133892335755,clock characteristic time,analytic_fractional,coupling,1.0,1.0,2.0,1.0,1.0,0.017532696611612608,1.0.0
F3,0.03686945064519575,clock characteristic time,analytic_fractional,coupling,1.0,1.0,2.0,1.0,1.0,0.0182102388996378,1.0.0
F3,0.03831186849557287,clock characteristic time,analytic_fractional,coupling,1.0,1.0,2.0,1.0,1.0,0.01891362628576365,1.0.0
F3,0.039810717055349734,clock characteristic time,analytic_fractional,coupling,1.0,1.0,2.0,1.0,1.0,0.019643817856915935,1.0.0
F3,0.04136820402388507,clock characteristic time,analytic_fractional,coupling,1.0,1.0,2.0,1.0,1.0,0.020401806163924285,1.0.0
F3,0.042986623470822764,clock characteristic time,analytic_fractional,coupling,1.0,1.0,2.0,1.0,1.0,0.021188618218194177,1.0.0
F3,0.0446683592150963,clock characteristic time,analytic_fractional,coupling,1.0,1.0,2.0,1.0,1.0,0.02200531650378068,1.0.0
F3,0.046415888336127795,clock characteristic time,analytic_fractional,coupling,1.0,1.0,2.0,1.0,1.0,0.022853000003739243,1.0.0
F3,0.04823178482239307,clock characteristic time,analytic_fractional,coupling,1.0,1.0,2.0,1.0,1.0,0.02373280523947563,1.0.0
F3,0.05011872336272722,clock characteristic time,analytic_fractional,coupling,1.0,1.0,2.0,1.0,1.0,0.0246459073216293,1.0.0
F3,0.052079483285954624,clock characteristic time,analytic_fractional,coupling,1.0,1.0,2.0,1.0,1.0,0.025593521010846,1.0.0
F3,0.054116952654646375,clock characteristic time,analytic_fractional,coupling,1.0,1.0,2.0,1.0,1.0,0.026576901786577456,1.0.0
F3,0.056234132519034905,clock characteristic time,analytic_fractional,coupling,1.0,1.0,2.0,1.0,1.0,0.027597346921830246,1.0.0
F3,0.05843414133735175,clock characteristic time,analytic_fractional,coupling,1.0,1.0,2.0,1.0,1.0,0.0286561965615465,1.0.0
F3,0.060720219569098836,clock characteristic time,analytic_fractional,coupling,1.0,1.0,2.0,1.0,1.0,0.029754834802033114,1.0.0
F3,0.06309573444801933,clock characteristic time,analytic_fractional,coupling,1.0,1.0,2.0,1.0,1.0,0.030894690768586974,1.0.0
F3,0.06556418494179789,clock characteristic time,analytic_fractional,coupling,1.0,1.0,2.0,1.0,1.0,0.032077239688160675,1.0.0
F3,0.06812920690579612,clock characteristic time,analytic_fractional,coupling,1.0,1.0,2.0,1.0,1.0,0.03330400395359234,1.0.0
F3,0.07079457843841377,clock characteristic time,analytic_fractional,coupling,1.0,1.0,2.0,1.0,1.0,0.03457655417558336,1.0.0
F3,0.07356422544596414,clock characteristic time,analytic_fractional,coupling,1.0,1.0,2.0,1.0,1.0,0.035896510218241584,1.0.0
F3,0.07644222742526002,clock characteristic time,analytic_fractional,coupling,1.0,1.0,2.0,1.0,1.0,0.037265542213612446,1.0.0
F3,0.07943282347242814,clock characteristic time,analytic_fractional,coupling,1.0,1.0,2.0,1.0,1.0,0.03868537155020979,1.0.0
F3,0.08254041852680186,clock characteristic time,analytic_fractional,coupling,1.0,1.0,2.0,1.0,1.0,0.0401577718301086,1.0.0
F3,0.08576958985908942,clock characteristic time,analytic_fractional,coupling,1.0,1.0,2.0,1.0,1.0,0.041684569788693615,1.0.0
F3,0.08912509381337455,clock characteristic time,analytic_fractional,coupling,1.0,1.0,2.0,1.0,1.0,0.04326764617066037,1.0.0
F3,0.09261187281287933,clock characteristic time,analytic_fractional,coupling,1.0,1.0,2.0,1.0,1.0,0.04490893655532402,1.0.0
F3,0.09623506263980887,clock characteristic time,analytic_fractional,coupling,1.0,1.0,2.0,1.0,1.0,0.046610432123747936,1.0.0
F3,0.1,clock characteristic time,analytic_fractional,coupling,1.0,1.0,2.0,1.0,1.0,0.04837418035959573,1.0.0
F3,0.10391223038351691,clock characteristic time,analytic_fractional,coupling,1.0,1.0,2.0,1.0,1.0,0.050202285675000846,1.0.0
F3,0.10797751623277094,clock characteristic time,analytic_fractional,coupling,1.0,1.0,2.0,1.0,1.0,0.05209690995208338,1.0.0
F3,0.1122018454301963,clock characteristic time,analytic_fractional,coupling,1.0,1.0,2.0,1.0,1.0,0.054060272990063774,1.0.0
F3,0.11659144011798311,clock characteristic time,analytic_fractional,coupling,1.0,1.0,2.0,1.0,1.0,0.05609465284719972,1.0.0
F3,0.12115276586285889,clock characteristic time,analytic_fractional,coupling,1.0,1.0,2.0,1.0,1.0,0.05820238606602568,1.0.0
F3,0.12589254117941676,clock characteristic time,analytic_fractional,coupling,1.0,1.0,2.0,1.0,1.0,0.06038586776959043,1.0.0
F3,0.13081774742601943,clock characteristic time,analytic_fractional,coupling,1.0,1.0,2.0,1.0,1.0,0.06264755161558022,1.0.0
F3,0.13593563908785256,clock characteristic time,analytic_fractional,coupling,1.0,1.0,2.0,1.0,1.0,0.06498994959437454,1.0.0
F3,0.1412537544622754,clock characteristic time,analytic_fractional,coupling,1.0,1.0,2.0,1.0,1.0,0.06741563165621522,1.0.0
F3,0.1467799267622069,clock characteristic time,analytic_fractional,coupling,1.0,1.0,2.0,1.0,1.0,0.06992722515178607,1.0.0
F3,0.15252229565390182,clock characteristic time,analytic_fractional,coupling,1.0,1.0,2.0,1.0,1.0,0.07252741406958418,1.0.0
F3,0.1584893192461114,clock characteristic time,analytic_fractional,coupling,1.0,1.0,2.0,1.0,1.0,0.07521893805254476,1.0.0
F3,0.1646897865482869,clock characteristic time,analytic_fractional,coupling,1.0,1.0,2.0,1.0,1.0,0.07800459117543979,1.0.0
F3,0.1711328304161781,clock characteristic time,analytic_fractional,coupling,1.0,1.0,2.0,1.0,1.0,0.08088722046363184,1.0.0
F3,0.1778279410038923,clock characteristic time,analytic_fractional,coupling,1.0,1.0,2.0,1.0,1.0,0.08386972413281457,1.0.0
F3,0.18478497974222907,clock characteristic time,analytic_fractional,coupling,1.0,1.0,2.0,1.0,1.0,0.08695504952844357,1.0.0
F3,0.1920141938638801,clock characteristic time,analytic_fractional,coupling,1.0,1.0,2.0,1.0,1.0,0.09014619074263674,1.0.0
F3,0.19952623149688786,clock characteristic time,analytic_fractional,coupling,1.0,1.0,2.0,1.0,1.0,0.09344618588543296,1.0.0
F3,0.2073321573485954,clock characteristic time,analytic_fractional,coupling,1.0,1.0,2.0,1.0,1.0,0.09685811398644695,1.0.0
F3,0.21544346900318845,clock characteristic time,analytic_fractional,coupling,1.0,1.0,2.0,1.0,1.0,0.10038509150214858,1.0.0
F3,0.223872113856834,clock characteristic time,analytic_fractional,coupling,1.0,1.0,2.0,1.0,1.0,0.1040302684032629,1.0.0
F3,0.23263050671536262,clock characteristic time,analytic_fractional,coupling,1.0,1.0,2.0,1.0,1.0,0.10779682381613076,1.0.0
F3,0.24173154808041036,clock characteristic time,analytic_fractional,coupling,1.0,1.0,2.0,1.0,1.0,0.11168796119130975,1.0.0
F3,0.25118864315095796,clock characteristic time,analytic_fractional,coupling,1.0,1.0,2.0,1.0,1.0,0.1157069029722656,1.0.0
F3,0.2610157215682536,clock characteristic time,analytic_fractional,coupling,1.0,1.0,2.0,1.0,1.0,0.11985688473670619,1.0.0
F3,0.2712272579332027,clock characteristic time,analytic_fractional,coupling,1.0,1.0,2.0,1.0,1.0,0.12414114878298577,1.0.0
F3,0.2818382931264455,clock characteristic time,analytic_fractional,coupling,1.0,1.0,2.0,1.0,1.0,0.12856293713407485,1.0.0
F3,0.29286445646252374,clock characteristic time,analytic_fractional,coupling,1.0,1.0,2.0,1.0,1.0,0.1331254839318743,1.0.0
F3,0.3043219887107722,clock characteristic time,analytic_fractional,coupling,1.0,1.0,2.0,1.0,1.0,0.13783200719520272,1.0.0
F3,0.31622776601683794,clock characteristic time,analytic_fractional,coupling,1.0,1.0,2.0,1.0,1.0,0.14268569991561086,1.0.0
F3,0.3285993247600654,clock characteristic time,analytic_fractional,coupling,1.0,1.0,2.0,1.0,1.0,0.1476897204663249,1.0.0
F3,0.34145488738336005,clock characteristic time,analytic_fractional,coupling,1.0,1.0,2.0,1.0,1.0,0.1528471823011468,1.0.0
F3,0.3548133892335753,clock characteristic time,analytic_fractional,coupling,1.0,1.0,2.0,1.0,1.0,0.15816114292204042,1.0.0
F3,0.36869450645195734,clock characteristic time,analytic_fractional,coupling,1.0,1.0,2.0,1.0,1.0,0.16363459209650233,1.0.0
F3,0.38311868495572887,clock characteristic time,analytic_fractional,coupling,1.0,1.0,2.0,1.0,1.0,0.1692704393086566,1.0.0
F3,0.3981071705534973,clock characteristic time,analytic_fractional,coupling,1.0,1.0,2.0,1.0,1.0,0.17507150043139486,1.0.0
F3,0.4136820402388507,clock characteristic time,analytic_fractional,coupling,1.0,1.0,2.0,1.0,1.0,0.1810404836108418,1.0.0
F3,0.42986623470822766,clock characteristic time,analytic_fractional,coupling,1.0,1.0,2.0,1.0,1.0,0.18717997435900813,1.0.0
F3,0.44668359215096304,clock characteristic time,analytic_fractional,coupling,1.0,1.0,2.0,1.0,1.0,0.19349241985574972,1.0.0
F3,0.46415888336127775,clock characteristic time,analytic_fractional,coupling,1.0,1.0,2.0,1.0,1.0,0.19998011246712266,1.0.0
F3,0.4823178482239304,clock characteristic time,analytic_fractional,coupling,1.0,1.0,2.0,1.0,1.0,0.20664517249395264,1.0.0
F3,0.5011872336272725,clock characteristic time,analytic_fractional,coupling,1.0,1.0,2.0,1.0,1.0,0.2134895301719668,1.0.0
F3,0.5207948328595465,clock characteristic time,analytic_fractional,coupling,1.0,1.0,2.0,1.0,1.0,0.2205149069531953,1.0.0
F3,0.5411695265464638,clock characteristic time,analytic_fractional,coupling,1.0,1.0,2.0,1.0,1.0,0.2277227961075753,1.0.0
F3,0.5623413251903491,clock characteristic time,analytic_fractional,coupling,1.0,1.0,2.0,1.0,1.0,0.23511444269379167,1.0.0
F3,0.5843414133735175,clock characteristic time,analytic_fractional,coupling,1.0,1.0,2.0,1.0,1.0,0.24269082295939237,1.0.0
F3,0.6072021956909883,clock characteristic time,analytic_fractional,coupling,1.0,1.0,2.0,1.0,1.0,0.2504526232421074,1.0.0
F3,0.630957344480193,clock characteristic time,analytic_fractional,coupling,1.0,1.0,2.0,1.0,1.0,0.2584002184570767,1.0.0
F3,0.6556418494179785,clock characteristic time,analytic_fractional,coupling,1.0,1.0,2.0,1.0,1.0,0.26653365026831377,1.0.0
F3,0.6812920690579615,clock characteristic time,analytic_fractional,coupling,1.0,1.0,2.0,1.0,1.0,0.2748526050571577,1.0.0
F3,0.707945784384138,clock characteristic time,analytic_fractional,coupling,1.0,1.0,2.0,1.0,1.0,0.2833563918156188,1.0.0
F3,0.7356422544596414,clock characteristic time,analytic_fractional,coupling,1.0,1.0,2.0,1.0,1.0,0.29204392010831304,1.0.0
F3,0.7644222742526002,clock characteristic time,analytic_fractional,coupling,1.0,1.0,2.0,1.0,1.0,0.3009136782629733,1.0.0
F3,0.7943282347242814,clock characteristic time,analytic_fractional,coupling,1.0,1.0,2.0,1.0,1.0,0.30996371196619477,1.0.0
F3,0.8254041852680182,clock characteristic time,analytic_fractional,coupling,1.0,1.0,2.0,1.0,1.0,0.31919160345788833,1.0.0
F3,0.8576958985908937,clock characteristic time,analytic_fractional,coupling,1.0,1.0,2.0,1.0,1.0,0.32859445153471123,1.0.0
F3,0.8912509381337459,clock characteristic time,analytic_fractional,coupling,1.0,1.0,2.0,1.0,1.0,0.33816885258920926,1.0.0
F3,0.9261187281287937,clock characteristic time,analytic_fractional,coupling,1.0,1.0,2.0,1.0,1.0,0.34791088292728034,1.0.0
F3,0.9623506263980888,clock characteristic time,analytic_fractional,coupling,1.0,1.0,2.0,1.0,1.0,0.3578160826215001,1.0.0
F3,1.0,clock characteristic time,analytic_fractional,coupling,1.0,1.0,2.0,1.0,1.0,0.36787944117144233,1.0.0
F3,1.0391223038351691,clock characteristic time,analytic_fractional,coupling,1.0,1.0,2.0,1.0,1.0,0.3780953852540082,1.0.0
F3,1.0797751623277094,clock characteristic time,analytic_fractional,coupling,1.0,1.0,2.0,1.0,1.0,0.3884577688564296,1.0.0
F3,1.122018454301963,clock characteristic time,analytic_fractional,coupling,1.0,1.0,2.0,1.0,1.0,0.39895986609159884,1.0.0
F3,1.165914401179831,clock characteristic time,analytic_fractional,coupling,1.0,1.0,2.0,1.0,1.0,0.4095943669991394,1.0.0
F3,1.2115276586285888,clock characteristic time,analytic_fractional,coupling,1.0,1.0,2.0,1.0,1.0,0.4203533766356461,1.0.0
F3,1.2589254117941675,clock characteristic time,analytic_fractional,coupling,1.0,1.0,2.0,1.0,1.0,0.43122841775322707,1.0.0
F3,1.3081774742601942,clock characteristic time,analytic_fractional,coupling,1.0,1.0,2.0,1.0,1.0,0.4422104373563124,1.0.0
F3,1.3593563908785256,clock characteristic time,analytic_fractional,coupling,1.0,1.0,2.0,1.0,1.0,0.4532898174121037,1.0.0
F3,1.412537544622754,clock characteristic time,analytic_fractional,coupling,1.0,1.0,2.0,1.0,1.0,0.46445638996952343,1.0.0
F3,1.467799267622069,clock characteristic time,analytic_fractional,coupling,1.0,1.0,2.0,1.0,1.0,0.4756994569145738,1.0.0
F3,1.5252229565390183,clock characteristic time,analytic_fractional,coupling,1.0,1.0,2.0,1.0,1.0,0.48700781455627185,1.0.0
F3,1.584893192461114,clock characteristic time,analytic_fractional,coupling,1.0,1.0,2.0,1.0,1.0,0.49836978319642977,1.0.0
F3,1.6468978654828688,clock characteristic time,analytic_fractional,coupling,1.0,1.0,2.0,1.0,1.0,0.5097732417883298,1.0.0
F3,1.711328304161781,clock characteristic time,analytic_fractional,coupling,1.0,1.0,2.0,1.0,1.0,0.5212056677337433,1.0.0
F3,1.7782794100389228,clock characteristic time,analytic_fractional,coupling,1.0,1.0,2.0,1.0,1.0,0.5326541818048476,1.0.0
F3,1.8478497974222907,clock characteristic time,analytic_fractional,coupling,1.0,1.0,2.0,1.0,1.0,0.5441055981077746,1.0.0
F3,1.920141938638801,clock characteristic time,analytic_fractional,coupling,1.0,1.0,2.0,1.0,1.0,0.5555464789282512,1.0.0
F3,1.9952623149688788,clock characteristic time,analytic_fractional,coupling,1.0,1.0,2.0,1.0,1.0,0.5669631942178966,1.0.0
F3,2.073321573485954,clock characteristic time,analytic_fractional,coupling,1.0,1.0,2.0,1.0,1.0,0.5783419853932551,1.0.0
F3,2.1544346900318843,clock characteristic time,analytic_fractional,coupling,1.0,1.0,2.0,1.0,1.0,0.5896690330298868,1.0.0
F3,2.23872113856834,clock characteristic time,analytic_fractional,coupling,1.0,1.0,2.0,1.0,1.0,0.6009305279424364,1.0.0
F3,2.3263050671536263,clock characteristic time,analytic_fractional,coupling,1.0,1.0,2.0,1.0,1.0,0.6121127450504413,1.0.0
F3,2.4173154808041035,clock characteristic time,analytic_fractional,coupling,1.0,1.0,2.0,1.0,1.0,0.6232021193408614,1.0.0
F3,2.5118864315095797,clock characteristic time,analytic_fractional,coupling,1.0,1.0,2.0,1.0,1.0,0.6341853231543388,1.0.0
F3,2.610157215682536,clock characteristic time,analytic_fractional,coupling,1.0,1.0,2.0,1.0,1.0,0.645049343945574,1.0.0
F3,2.712272579332027,clock characteristic time,analytic_fractional,coupling,1.0,1.0,2.0,1.0,1.0,0.6557815616016739,1.0.0
F3,2.818382931264452,clock characteristic time,analytic_fractional,coupling,1.0,1.0,2.0,1.0,1.0,0.6663698243486582,1.0.0
F3,2.9286445646252375,clock characteristic time,analytic_fractional,coupling,1.0,1.0,2.0,1.0,1.0,0.6768025222382381,1.0.0
F3,3.043219887107722,clock characteristic time,analytic_fractional,coupling,1.0,1.0,2.0,1.0,1.0,0.6870686571871245,1.0.0
F3,3.1622776601683795,clock characteristic time,analytic_fractional,coupling,1.0,1.0,2.0,1.0,1.0,0.6971579085418442,1.0.0
F3,3.285993247600654,clock characteristic time,analytic_fractional,coupling,1.0,1.0,2.0,1.0,1.0,0.7070606931652865,1.0.0
F3,3.4145488738336005,clock characteristic time,analytic_fractional,coupling,1.0,1.0,2.0,1.0,1.0,0.7167682190885006,1.0.0
F3,3.5481338923357533,clock characteristic time,analytic_fractional,coupling,1.0,1.0,2.0,1.0,1.0,0.7262725318434003,1.0.0
F3,3.6869450645195734,clock characteristic time,analytic_fractional,coupling,1.0,1.0,2.0,1.0,1.0,0.7355665526891383,1.0.0
F3,3.831186849557289,clock characteristic time,analytic_fractional,coupling,1.0,1.0,2.0,1.0,1.0,0.7446441080662156,1.0.0
F3,3.981071705534973,clock characteristic time,analytic_fractional,coupling,1.0,1.0,2.0,1.0,1.0,0.7534999497562151,1.0.0
F3,4.136820402388507,clock characteristic time,analytic_fractional,coupling,1.0,1.0,2.0,1.0,1.0,0.7621297653887517,1.0.0
F3,4.298662347082277,clock characteristic time,analytic_fractional,coupling,1.0,1.0,2.0,1.0,1.0,0.7705301791171976,1.0.0
F3,4.46683592150963,clock characteristic time,analytic_fractional,coupling,1.0,1.0,2.0,1.0,1.0,0.7786987424764674,1.0.0
F3,4.6415888336127775,clock characteristic time,analytic_fractional,coupling,1.0,1.0,2.0,1.0,1.0,0.7866339156342774,1.0.0
F3,4.823178482239304,clock characteristic time,analytic_fractional,coupling,1.0,1.0,2.0,1.0,1.0,0.7943350394458598,1.0.0
F3,5.011872336272719,clock characteristic time,analytic_fractional,coupling,1.0,1.0,2.0,1.0,1.0,0.8018022989146794,1.0.0
F3,5.207948328595465,clock characteristic time,analytic_fractional,coupling,1.0,1.0,2.0,1.0,1.0,0.8090366788416429,1.0.0
F3,5.411695265464638,clock characteristic time,analytic_fractional,coupling,1.0,1.0,2.0,1.0,1.0,0.8160399126061197,1.0.0
F3,5.62341325190349,clock characteristic time,analytic_fractional,coupling,1.0,1.0,2.0,1.0,1.0,0.8228144251577327,1.0.0
F3,5.843414133735175,clock characteristic time,analytic_fractional,coupling,1.0,1.0,2.0,1.0,1.0,0.8293632714030041,1.0.0
F3,6.072021956909884,clock characteristic time,analytic_fractional,coupling,1.0,1.0,2.0,1.0,1.0,0.835690071241349,1.0.0
F3,6.30957344480193,clock characteristic time,analytic_fractional,coupling,1.0,1.0,2.0,1.0,1.0,0.8417989425376793,1.0.0
F3,6.556418494179785,clock characteristic time,analytic_fractional,coupling,1.0,1.0,2.0,1.0,1.0,0.8476944333127259,1.0.0
F3,6.812920690579615,clock characteristic time,analytic_fractional,coupling,1.0,1.0,2.0,1.0,1.0,0.8533814543874902,1.0.0
F3,7.07945784384138,clock characteristic time,analytic_fractional,coupling,1.0,1.0,2.0,1.0,1.0,0.8588652136371452,1.0.0
F3,7.3564225445964135,clock characteristic time,analytic_fractional,coupling,1.0,1.0,2.0,1.0,1.0,0.864151152896055,1.0.0
F3,7.644222742526002,clock characteristic time,analytic_fractional,coupling,1.0,1.0,2.0,1.0,1.0,0.8692448884147148,1.0.0
F3,7.943282347242813,clock characteristic time,analytic_fractional,coupling,1.0,1.0,2.0,1.0,1.0,0.8741521556079044,1.0.0
F3,8.254041852680182,clock characteristic time,analytic_fractional,coupling,1.0,1.0,2.0,1.0,1.0,0.8788787586586432,1.0.0
F3,8.576958985908938,clock characteristic time,analytic_fractional,coupling,1.0,1.0,2.0,1.0,1.0,0.8834305253624954,1.0.0
F3,8.91250938133745,clock characteristic time,analytic_fractional,coupling,1.0,1.0,2.0,1.0,1.0,0.887813267419244,1.0.0
F3,9.261187281287937,clock characteristic time,analytic_fractional,coupling,1.0,1.0,2.0,1.0,1.0,0.8920327462112507,1.0.0
F3,9.623506263980888,clock characteristic time,analytic_fractional,coupling,1.0,1.0,2.0,1.0,1.0,0.8960946439563474,1.0.0
F3,10.0,clock characteristic time,analytic_fractional,coupling,1.0,1.0,2.0,1.0,1.0,0.9000045399929762,1.0.0
F3,10.39122303835169,clock characteristic time,analytic_fractional,coupling,1.0,1.0,2.0,1.0,1.0,0.9037678918500767,1.0.0
F3,10.797751623277094,clock characteristic time,analytic_fractional,coupling,1.0,1.0,2.0,1.0,1.0,0.9073900206758295,1.0.0
F3,11.220184543019629,clock characteristic time,analytic_fractional,coupling,1.0,1.0,2.0,1.0,1.0,0.910876100548047,1.0.0
F3,11.659144011798311,clock characteristic time,analytic_fractional,coupling,1.0,1.0,2.0,1.0,1.0,0.9142311511634624,1.0.0
F3,12.115276586285876,clock characteristic time,analytic_fractional,coupling,1.0,1.0,2.0,1.0,1.0,0.9174600334008327,1.0.0
F3,12.589254117941662,clock characteristic time,analytic_fractional,coupling,1.0,1.0,2.0,1.0,1.0,0.9205674472700534,1.0.0
F3,13.081774742601928,clock characteristic time,analytic_fractional,coupling,1.0,1.0,2.0,1.0,1.0,0.9235579317922211,1.0.0
F3,13.593563908785242,clock characteristic time,analytic_fractional,coupling,1.0,1.0,2.0,1.0,1.0,0.926435866399322,1.0.0
F3,14.125375446227554,clock characteristic time,analytic_fractional,coupling,1.0,1.0,2.0,1.0,1.0,0.9292054734926704,1.0.0
F3,14.677992676220706,clock characteristic time,analytic_fractional,coupling,1.0,1.0,2.0,1.0,1.0,0.931870821852431,1.0.0
F3,15.252229565390198,clock characteristic time,analytic_fractional,coupling,1.0,1.0,2.0,1.0,1.0,0.9344358306432281,1.0.0
F3,15.848931924611142,clock characteristic time,analytic_fractional,coupling,1.0,1.0,2.0,1.0,1.0,0.9369042738103884,1.0.0
F3,16.46897865482869,clock characteristic time,analytic_fractional,coupling,1.0,1.0,2.0,1.0,1.0,0.9392797847060061,1.0.0
F3,17.11328304161781,clock characteristic time,analytic_fractional,coupling,1.0,1.0,2.0,1.0,1.0,0.9415658608226907,1.0.0
F3,17.78279410038923,clock characteristic time,analytic_fractional,coupling,1.0,1.0,2.0,1.0,1.0,0.9437658685451832,1.0.0
F3,18.478497974222908,clock characteristic time,analytic_fractional,coupling,1.0,1.0,2.0,1.0,1.0,0.9458830478561215,1.0.0
F3,19.20141938638801,clock characteristic time,analytic_fractional,coupling,1.0,1.0,2.0,1.0,1.0,0.9479205169526046,1.0.0
F3,19.952623149688787,clock characteristic time,analytic_fractional,coupling,1.0,1.0,2.0,1.0,1.0,0.9498812767455871,1.0.0
F3,20.73321573485954,clock characteristic time,analytic_fractional,coupling,1.0,1.0,2.0,1.0,1.0,0.9517682152253611,1.0.0
F3,21.54434690031882,clock characteristic time,analytic_fractional,coupling,1.0,1.0,2.0,1.0,1.0,0.9535841116842931,1.0.0
F3,22.38721138568338,clock characteristic time,analytic_fractional,coupling,1.0,1.0,2.0,1.0,1.0,0.9553316407933634,1.0.0
F3,23.263050671536238,clock characteristic time,analytic_fractional,coupling,1.0,1.0,2.0,1.0,1.0,0.9570133765325681,1.0.0
F3,24.173154808041012,clock characteristic time,analytic_fractional,coupling,1.0,1.0,2.0,1.0,1.0,0.9586317959774283,1.0.0
F3,25.11886431509582,clock characteristic time,analytic_fractional,coupling,1.0,1.0,2.0,1.0,1.0,0.9601892829451413,1.0.0
F3,26.101572156825384,clock characteristic time,analytic_fractional,coupling,1.0,1.0,2.0,1.0,1.0,0.961688131504604,1.0.0
F3,27.122725793320296,clock characteristic time,analytic_fractional,coupling,1.0,1.0,2.0,1.0,1.0,0.9631305493548655,1.0.0
F3,28.183829312644548,clock characteristic time,analytic_fractional,coupling,1.0,1.0,2.0,1.0,1.0,0.9645186610766628,1.0.0
F3,29.28644564625237,clock characteristic time,analytic_fractional,coupling,1.0,1.0,2.0,1.0,1.0,0.9658545112616705,1.0.0
F3,30.432198871077222,clock characteristic time,analytic_fractional,coupling,1.0,1.0,2.0,1.0,1.0,0.9671400675239955,1.0.0
F3,31.622776601683793,clock characteristic time,analytic_fractional,coupling,1.0,1.0,2.0,1.0,1.0,0.9683772233983168,1.0.0
F3,32.85993247600654,clock characteristic time,analytic_fractional,coupling,1.0,1.0,2.0,1.0,1.0,0.9695678011289229,1.0.0
F3,34.145488738336006,clock characteristic time,analytic_fractional,coupling,1.0,1.0,2.0,1.0,1.0,0.9707135543537476,1.0.0
F3,35.481338923357534,clock characteristic time,analytic_fractional,coupling,1.0,1.0,2.0,1.0,1.0,0.9718161706873555,1.0.0
F3,36.869450645195734,clock characteristic time,analytic_fractional,coupling,1.0,1.0,2.0,1.0,1.0,0.9728772742066797,1.0.0
F3,38.31186849557285,clock characteristic time,analytic_fractional,coupling,1.0,1.0,2.0,1.0,1.0,0.9738984278431746,1.0.0
F3,39.81071705534969,clock characteristic time,analytic_fractional,coupling,1.0,1.0,2.0,1.0,1.0,0.9748811356849042,1.0.0
F3,41.36820402388503,clock characteristic time,analytic_fractional,coupling,1.0,1.0,2.0,1.0,1.0,0.975826845191959,1.0.0
F3,42.98662347082272,clock characteristic time,analytic_fractional,coupling,1.0,1.0,2.0,1.0,1.0,0.9767369493284637,1.0.0
F3,44.668359215096345,clock characteristic time,analytic_fractional,coupling,1.0,1.0,2.0,1.0,1.0,0.9776127886143167,1.0.0
F3,46.41588833612782,clock characteristic time,analytic_fractional,coupling,1.0,1.0,2.0,1.0,1.0,0.9784556530996812,1.0.0
F3,48.23178482239309,clock characteristic time,analytic_fractional,coupling,1.0,1.0,2.0,1.0,1.0,0.9792667842651405,1.0.0
F3,50.118723362727245,clock characteristic time,analytic_fractional,coupling,1.0,1.0,2.0,1.0,1.0,0.9800473768503112,1.0.0
F3,52.07948328595465,clock characteristic time,analytic_fractional,coupling,1.0,1.0,2.0,1.0,1.0,0.980798580613612,1.0.0
F3,54.116952654646376,clock characteristic time,analytic_fractional,coupling,1.0,1.0,2.0,1.0,1.0,0.981521502025777,1.0.0
F3,56.23413251903491,clock characteristic time,analytic_fractional,coupling,1.0,1.0,2.0,1.0,1.0,0.9822172058996108,1.0.0
F3,58.434141337351754,clock characteristic time,analytic_fractional,coupling,1.0,1.0,2.0,1.0,1.0,0.9828867169583821,1.0.0
F3,60.72021956909884,clock characteristic time,analytic_fractional,coupling,1.0,1.0,2.0,1.0,1.0,0.9835310213451713,1.0.0
F3,63.0957344480193,clock characteristic time,analytic_fractional,coupling,1.0,1.0,2.0,1.0,1.0,0.9841510680753889,1.0.0
F3,65.56418494179785,clock characteristic time,analytic_fractional,coupling,1.0,1.0,2.0,1.0,1.0,0.9847477704346098,1.0.0
F3,68.12920690579608,clock characteristic time,analytic_fractional,coupling,1.0,1.0,2.0,1.0,1.0,0.9853220073237793,1.0.0
F3,70.79457843841374,clock characteristic time,analytic_fractional,coupling,1.0,1.0,2.0,1.0,1.0,0.9858746245537724,1.0.0
F3,73.56422544596406,clock characteristic time,analytic_fractional,coupling,1.0,1.0,2.0,1.0,1.0,0.9864064360912147,1.0.0
F3,76.44222742525994,clock characteristic time,analytic_fractional,coupling,1.0,1.0,2.0,1.0,1.0,0.986918225257398,1.0.0
F3,79.43282347242821,clock characteristic time,analytic_fractional,coupling,1.0,1.0,2.0,1.0,1.0,0.9874107458820583,1.0.0
F3,82.5404185268019,clock characteristic time,analytic_fractional,coupling,1.0,1.0,2.0,1.0,1.0,0.9878847234137141,1.0.0
F3,85.76958985908946,clock characteristic time,analytic_fractional,coupling,1.0,1.0,2.0,1.0,1.0,0.9883408559882016,1.0.0
F3,89.12509381337459,clock characteristic time,analytic_fractional,coupling,1.0,1.0,2.0,1.0,1.0,0.9887798154569803,1.0.0
F3,92.61187281287937,clock characteristic time,analytic_fractional,coupling,1.0,1.0,2.0,1.0,1.0,0.9892022483767229,1.0.0
F3,96.23506263980887,clock characteristic time,analytic_fractional,coupling,1.0,1.0,2.0,1.0,1.0,0.9896087769616483,1.0.0
F3,100.0,clock characteristic time,analytic_fractional,coupling,1.0,1.0,2.0,1.0,1.0,0.99,1.0.0
F3,0.001,clock characteristic time,analytic_fractional,combined,1.0,1.0,2.0,1.0,1.0,2.498334027555615e-07,1.0.0
F3,0.001039122303835169,clock characteristic time,analytic_fractional,combined,1.0,1.0,2.0,1.0,1.0,2.697568684454732e-07,1.0.0
F3,0.0010797751623277093,clock characteristic time,analytic_fractional,combined,1.0,1.0,2.0,1.0,1.0,2.912688737602039e-07,1.0.0
F3,0.001122018454301963,clock characteristic time,analytic_fractional,combined,1.0,1.0,2.0,1.0,1.0,3.1449604004687443e-07,1.0.0
F3,0.0011659144011798323,clock characteristic time,analytic_fractional,combined,1.0,1.0,2.0,1.0,1.0,3.3957507712927047e-07,1.0.0
F3,0.001211527658628589,clock characteristic time,analytic_fractional,combined,1.0,1.0,2.0,1.0,1.0,3.6665358655950735e-07,1.0.0
F3,0.0012589254117941675,clock characteristic time,analytic_fractional,combined,1.0,1.0,2.0,1.0,1.0,3.9589092876240034e-07,1.0.0
F3,0.0013081774742601943,clock characteristic time,analytic_fractional,combined,1.0,1.0,2.0,1.0,1.0,4.2745915914363573e-07,1.0.0
F3,0.0013593563908785254,clock characteristic time,analytic_fractional,combined,1.0,1.0,2.0,1.0,1.0,4.6154403863540015e-07,1.0.0
F3,0.001412537544622754,clock characteristic time,analytic_fractional,combined,1.0,1.0,2.0,1.0,1.0,4.983461245919534e-07,1.0.0
F3,0.001467799267622069,clock characteristic time,analytic_fractional,combined,1.0,1.0,2.0,1.0,1.0,5.380819484123709e-07,1.0.0
F3,0.0015252229565390183,clock characteristic time,analytic_fractional,combined,1.0,1.0,2.0,1.0,1.0,5.809852867685685e-07,1.0.0
F3,0.001584893192461114,clock characteristic time,analytic_fractional,combined,1.0,1.0,2.0,1.0,1.0,6.273085338692471e-07,1.0.0
F3,0.0016468978654828688,clock characteristic time,analytic_fractional,combined,1.0,1.0,2.0,1.0,1.0,6.77324182773158e-07,1.0.0
F3,0.001711328304161781,clock characteristic time,analytic_fractional,combined,1.0,1.0,2.0,1.0,1.0,7.31326424396223e-07,1.0.0
F3,0.0017782794100389228,clock characteristic time,analytic_fractional,combined,1.0,1.0,2.0,1.0,1.0,7.896328735496278e-07,1.0.0
F3,0.0018478497974222907,clock characteristic time,analytic_fractional,combined,1.0,1.0,2.0,1.0,1.0,8.525864320684658e-07,1.0.0
F3,0.001920141938638801,clock characteristic time,analytic_fractional,combined,1.0,1.0,2.0,1.0,1.0,9.205572999070998e-07,1.0.0
F3,0.001995262314968879,clock characteristic time,analytic_fractional,combined,1.0,1.0,2.0,1.0,1.0,9.93945145910503e-07,1.0.0
F3,0.002073321573485954,clock characteristic time,analytic_fractional,combined,1.0,1.0,2.0,1.0,1.0,1.0731814509184588e-06,1.0.0
F3,0.0021544346900318843,clock characteristic time,analytic_fractional,combined,1.0,1.0,2.0,1.0,1.0,1.1587320368407778e-06,1.0.0
F3,0.00223872113856834,clock characteristic time,analytic_fractional,combined,1.0,1.0,2.0,1.0,1.0,1.2510997964276016e-06,1.0.0
F3,0.0023263050671536263,clock characteristic time,analytic_fractional,combined,1.0,1.0,2.0,1.0,1.0,1.3508276396146275e-06,1.0.0
F3,0.0024173154808041037,clock characteristic time,analytic_fractional,combined,1.0,1.0,2.0,1.0,1.0,1.4585016735743105e-06,1.0.0
F3,0.0025118864315095794,clock characteristic time,analytic_fractional,combined,1.0,1.0,2.0,1.0,1.0,1.5747546349588696e-06,1.0.0
F3,0.0026101572156825357,clock characteristic time,analytic_fractional,combined,1.0,1.0,2.0,1.0,1.0,1.700269594263208e-06,1.0.0
F3,0.0027122725793320298,clock characteristic time,analytic_fractional,combined,1.0,1.0,2.0,1.0,1.0,1.8357839538196545e-06,1.0.0
F3,0.002818382931264455,clock characteristic time,analytic_fractional,combined,1.0,1.0,2.0,1.0,1.0,1.9820937626125684e-06,1.0.0
F3,0.0029286445646252374,clock characteristic time,analytic_fractional,combined,1.0,1.0,2.0,1.0,1.0,2.1400583729344042e-06,1.0.0
F3,0.003043219887107722,clock characteristic time,analytic_fractional,combined,1.0,1.0,2.0,1.0,1.0,2.3106054658623483e-06,1.0.0
F3,0.0031622776601683794,clock characteristic time,analytic_fractional,combined,1.0,1.0,2.0,1.0,1.0,2.4947364746562917e-06,1.0.0
F3,0.003285993247600654,clock characteristic time,analytic_fractional,combined,1.0,1.0,2.0,1.0,1.0,2.6935324374537182e-06,1.0.0
F3,0.003414548873833601,clock characteristic time,analytic_fractional,combined,1.0,1.0,2.0,1.0,1.0,2.9081603131098554e-06,1.0.0
F3,0.0035481338923357532,clock characteristic time,analytic_fractional,combined,1.0,1.0,2.0,1.0,1.0,3.139879796667416e-06,1.0.0
F3,0.0036869450645195733,clock characteristic time,analytic_fractional,combined,1.0,1.0,2.0,1.0,1.0,3.390050673800981e-06,1.0.0
F3,0.003831186849557289,clock characteristic time,analytic_fractional,combined,1.0,1.0,2.0,1.0,1.0,3.660140756663736e-06,1.0.0
F3,0.003981071705534973,clock characteristic time,analytic_fractional,combined,1.0,1.0,2.0,1.0,1.0,3.951734446868761e-06,1.0.0
F3,0.004136820402388507,clock characteristic time,analytic_fractional,combined,1.0,1.0,2.0,1.0,1.0,4.2665419749138144e-06,1.0.0
F3,0.004298662347082277,clock characteristic time,analytic_fractional,combined,1.0,1.0,2.0,1.0,1.0,4.606409369207791e-06,1.0.0
F3,0.0044668359215096305,clock characteristic time,analytic_fractional,combined,1.0,1.0,2.0,1.0,1.0,4.973329211980693e-06,1.0.0
F3,0.004641588833612777,clock characteristic time,analytic_fractional,combined,1.0,1.0,2.0,1.0,1.0,5.369452243851525e-06,1.0.0
F3,0.004823178482239309,clock characteristic time,analytic_fractional,combined,1.0,1.0,2.0,1.0,1.0,5.797099883600073e-06,1.0.0
F3,0.005011872336272725,clock characteristic time,analytic_fractional,combined,1.0,1.0,2.0,1.0,1.0,6.258777734880693e-06,1.0.0
F3,0.005207948328595465,clock characteristic time,analytic_fractional,combined,1.0,1.0,2.0,1.0,1.0,6.75719015716719e-06,1.0.0
F3,0.0054116952654646375,clock characteristic time,analytic_fractional,combined,1.0,1.0,2.0,1.0,1.0,7.295255984239107e-06,1.0.0
F3,0.005623413251903491,clock characteristic time,analytic_fractional,combined,1.0,1.0,2.0,1.0,1.0,7.876125479919561e-06,1.0.0
F3,0.005843414133735175,clock characteristic time,analytic_fractional,combined,1.0,1.0,2.0,1.0,1.0,8.503198627782443e-06,1.0.0
F3,0.006072021956909884,clock characteristic time,analytic_fractional,combined,1.0,1.0,2.0,1.0,1.0,9.180144858944391e-06,1.0.0
F3,0.006309573444801929,clock characteristic time,analytic_fractional,combined,1.0,1.0,2.0,1.0,1.0,9.910924330155842e-06,1.0.0
F3,0.006556418494179785,clock characteristic time,analytic_fractional,combined,1.0,1.0,2.0,1.0,1.0,1.0699810872993995e-05,1.0.0
F3,0.006812920690579615,clock characteristic time,analytic_fractional,combined,1.0,1.0,2.0,1.0,1.0,1.1551416744294691e-05,1.0.0
F3,0.00707945784384138,clock characteristic time,analytic_fractional,combined,1.0,1.0,2.0,1.0,1.0,1.2470719317936542e-05,1.0.0
F3,0.007356422544596414,clock characteristic time,analytic_fractional,combined,1.0,1.0,2.0,1.0,1.0,1.346308986883482e-05,1.0.0
F3,0.007644222742526002,clock characteristic time,analytic_fractional,combined,1.0,1.0,2.0,1.0,1.0,1.4534324611569726e-05,1.0.0
F3,0.007943282347242814,clock characteristic time,analytic_fractional,combined,1.0,1.0,2.0,1.0,1.0,1.569067816846457e-05,1.0.0
F3,0.008254041852680182,clock characteristic time,analytic_fractional,combined,1.0,1.0,2.0,1.0,1.0,1.693889965529744e-05,1.0.0
F3,0.008576958985908946,clock characteristic time,analytic_fractional,combined,1.0,1.0,2.0,1.0,1.0,1.8286271587129648e-05,1.0.0
F3,0.008912509381337459,clock characteristic time,analytic_fractional,combined,1.0,1.0,2.0,1.0,1.0,1.974065182217064e-05,1.0.0
F3,0.009261187281287938,clock characteristic time,analytic_fractional,combined,1.0,1.0,2.0,1.0,1.0,2.13105187780618e-05,1.0.0
F3,0.009623506263980888,clock characteristic time,analytic_fractional,combined,1.0,1.0,2.0,1.0,1.0,2.3005020172795537e-05,1.0.0
F3,0.01,clock characteristic time,analytic_fractional,combined,1.0,1.0,2.0,1.0,1.0,2.4834025561444617e-05,1.0.0
F3,0.01039122303835169,clock characteristic time,analytic_fractional,combined,1.0,1.0,2.0,1.0,1.0,2.680818296038437e-05,1.0.0
F3,0.010797751623277093,clock characteristic time,analytic_fractional,combined,1.0,1.0,2.0,1.0,1.0,2.8938979872579608e-05,1.0.0
F3,0.011220184543019636,clock characteristic time,analytic_fractional,combined,1.0,1.0,2.0,1.0,1.0,3.123880905103828e-05,1.0.0
F3,0.011659144011798317,clock characteristic time,analytic_fractional,combined,1.0,1.0,2.0,1.0,1.0,3.372103936273328e-05,1.0.0
F3,0.012115276586285882,clock characteristic time,analytic_fractional,combined,1.0,1.0,2.0,1.0,1.0,3.640009214234614e-05,1.0.0
F3,0.012589254117941675,clock characteristic time,analytic_fractional,combined,1.0,1.0,2.0,1.0,1.0,3.92915234540914e-05,1.0.0
F3,0.013081774742601943,clock characteristic time,analytic_fractional,combined,1.0,1.0,2.0,1.0,1.0,4.241211271097651e-05,1.0.0
F3,0.013593563908785255,clock characteristic time,analytic_fractional,combined,1.0,1.0,2.0,1.0,1.0,4.577995813395527e-05,1.0.0
F3,0.01412537544622754,clock characteristic time,analytic_fractional,combined,1.0,1.0,2.0,1.0,1.0,4.941457956906886e-05,1.0.0
F3,0.014677992676220698,clock characteristic time,analytic_fractional,combined,1.0,1.0,2.0,1.0,1.0,5.333702921868605e-05,1.0.0
F3,0.01525222956539019,clock characteristic time,analytic_fractional,combined,1.0,1.0,2.0,1.0,1.0,5.757001088356823e-05,1.0.0
F3,0.015848931924611134,clock characteristic time,analytic_fractional,combined,1.0,1.0,2.0,1.0,1.0,6.21380083560341e-05,1.0.0
F3,0.01646897865482868,clock characteristic time,analytic_fractional,combined,1.0,1.0,2.0,1.0,1.0,6.706742365097815e-05,1.0.0
F3,0.01711328304161781,clock characteristic time,analytic_fractional,combined,1.0,1.0,2.0,1.0,1.0,7.238672581103307e-05,1.0.0
F3,0.01778279410038923,clock characteristic time,analytic_fractional,combined,1.0,1.0,2.0,1.0,1.0,7.812661107525307e-05,1.0.0
F3,0.018478497974222907,clock characteristic time,analytic_fractional,combined,1.0,1.0,2.0,1.0,1.0,8.432017525716599e-05,1.0.0
F3,0.01920141938638801,clock characteristic time,analytic_fractional,combined,1.0,1.0,2.0,1.0,1.0,9.100309923833014e-05,1.0.0
F3,0.0199526231496888,clock characteristic time,analytic_fractional,combined,1.0,1.0,2.0,1.0,1.0,9.821384854779615e-05,1.0.0
F3,0.02073321573485955,clock characteristic time,analytic_fractional,combined,1.0,1.0,2.0,1.0,1.0,0.00010599388806626056,1.0.0
F3,0.021544346900318832,clock characteristic time,analytic_fractional,combined,1.0,1.0,2.0,1.0,1.0,0.00011438791296661831,1.0.0
F3,0.0223872113856834,clock characteristic time,analytic_fractional,combined,1.0,1.0,2.0,1.0,1.0,0.00012344409707999414,1.0.0
F3,0.02326305067153626,clock characteristic time,analytic_fractional,combined,1.0,1.0,2.0,1.0,1.0,0.00013321435995874954,1.0.0
F3,0.024173154808041036,clock characteristic time,analytic_fractional,combined,1.0,1.0,2.0,1.0,1.0,0.00014375465399539615,1.0.0
F3,0.025118864315095794,clock characteristic time,analytic_fractional,combined,1.0,1.0,2.0,1.0,1.0,0.00015512527304921002,1.0.0
F3,0.026101572156825372,clock characteristic time,analytic_fractional,combined,1.0,1.0,2.0,1.0,1.0,0.0001673911841306703,1.0.0
F3,0.02712272579332028,clock characteristic time,analytic_fractional,combined,1.0,1.0,2.0,1.0,1.0,0.00018062238379818252,1.0.0
F3,0.028183829312644536,clock characteristic time,analytic_fractional,combined,1.0,1.0,2.0,1.0,1.0,0.00019489428103186275,1.0.0
F3,0.02928644564625236,clock characteristic time,analytic_fractional,combined,1.0,1.0,2.0,1.0,1.0,0.0002102881084657776,1.0.0
F3,0.03043219887107722,clock characteristic time,analytic_fractional,combined,1.0,1.0,2.0,1.0,1.0,0.00022689136398316873,1.0.0
F3,0.03162277660168379,clock characteristic time,analytic_fractional,combined,1.0,1.0,2.0,1.0,1.0,0.0002447982848093055,1.0.0
F3,0.03285993247600654,clock characteristic time,analytic_fractional,combined,1.0,1.0,2.0,1.0,1.0,0.0002641103563731502,1.0.0
F3,0.034145488738336005,clock characteristic time,analytic_fractional,combined,1.0,1.0,2.0,1.0,1.0,0.00028493685835332403,1.0.0
F3,0.03548133892335755,clock characteristic time,analytic_fractional,combined,1.0,1.0,2.0,1.0,1.0,0.0003073954504748522,1.0.0
F3,0.03686945064519575,clock characteristic time,analytic_fractional,combined,1.0,1.0,2.0,1.0,1.0,0.0003316128007818817,1.0.0
F3,0.03831186849557287,clock characteristic time,analytic_fractional,combined,1.0,1.0,2.0,1.0,1.0,0.00035772525927752977,1.0.0
F3,0.039810717055349734,clock characteristic time,analytic_fractional,combined,1.0,1.0,2.0,1.0,1.0,0.00038587957999568933,1.0.0
F3,0.04136820402388507,clock characteristic time,analytic_fractional,combined,1.0,1.0,2.0,1.0,1.0,0.000416233694750339,1.0.0
F3,0.042986623470822764,clock characteristic time,analytic_fractional,combined,1.0,1.0,2.0,1.0,1.0,0.0004489575419963902,1.0.0
F3,0.0446683592150963,clock characteristic time,analytic_fractional,combined,1.0,1.0,2.0,1.0,1.0,0.0004842339544315624,1.0.0
F3,0.046415888336127795,clock characteristic time,analytic_fractional,combined,1.0,1.0,2.0,1.0,1.0,0.0005222596091709058,1.0.0
F3,0.04823178482239307,clock characteristic time,analytic_fractional,combined,1.0,1.0,2.0,1.0,1.0,0.0005632460445348819,1.0.0
F3,0.05011872336272722,clock characteristic time,analytic_fractional,combined,1.0,1.0,2.0,1.0,1.0,0.0006074207477063408,1.0.0
F3,0.052079483285954624,clock characteristic time,analytic_fractional,combined,1.0,1.0,2.0,1.0,1.0,0.0006550283177326156,1.0.0
F3,0.054116952654646375,clock characteristic time,analytic_fractional,combined,1.0,1.0,2.0,1.0,1.0,0.0007063317085733839,1.0.0
F3,0.056234132519034905,clock characteristic time,analytic_fractional,combined,1.0,1.0,2.0,1.0,1.0,0.0007616135571238533,1.0.0
F3,0.05843414133735175,clock characteristic time,analytic_fractional,combined,1.0,1.0,2.0,1.0,1.0,0.0008211776013739893,1.0.0
F3,0.060720219569098836,clock characteristic time,analytic_fractional,combined,1.0,1.0,2.0,1.0,1.0,0.000885350194096281,1.0.0
F3,0.06309573444801933,clock characteristic time,analytic_fractional,combined,1.0,1.0,2.0,1.0,1.0,0.0009544819176866132,1.0.0
F3,0.06556418494179789,clock characteristic time,analytic_fractional,combined,1.0,1.0,2.0,1.0,1.0,0.0010289493060117103,1.0.0
F3,0.06812920690579612,clock characteristic time,analytic_fractional,combined,1.0,1.0,2.0,1.0,1.0,0.0011091566793408943,1.0.0
F3,0.07079457843841377,clock characteristic time,analytic_fractional,combined,1.0,1.0,2.0,1.0,1.0,0.0011955380986570512,1.0.0
F3,0.07356422544596414,clock characteristic time,analytic_fractional,combined,1.0,1.0,2.0,1.0,1.0,0.0012885594458483226,1.0.0
F3,0.07644222742526002,clock characteristic time,analytic_fractional,combined,1.0,1.0,2.0,1.0,1.0,0.0013887206364745313,1.0.0
F3,0.07943282347242814,clock characteristic time,analytic_fractional,combined,1.0,1.0,2.0,1.0,1.0,0.001496557971977781,1.0.0
F3,0.08254041852680186,clock characteristic time,analytic_fractional,combined,1.0,1.0,2.0,1.0,1.0,0.0016126466383590639,1.0.0
F3,0.08576958985908942,clock characteristic time,analytic_fractional,combined,1.0,1.0,2.0,1.0,1.0,0.0017376033584684686,1.0.0
F3,0.08912509381337455,clock characteristic time,analytic_fractional,combined,1.0,1.0,2.0,1.0,1.0,0.0018720892051494607,1.0.0
F3,0.09261187281287933,clock characteristic time,analytic_fractional,combined,1.0,1.0,2.0,1.0,1.0,0.002016812582530118,1.0.0
F3,0.09623506263980887,clock characteristic time,analytic_fractional,combined,1.0,1.0,2.0,1.0,1.0,0.0021725323827625135,1.0.0
F3,0.1,clock characteristic time,analytic_fractional,combined,1.0,1.0,2.0,1.0,1.0,0.002340061325462697,1.0.0
F3,0.10391223038351691,clock characteristic time,analytic_fractional,combined,1.0,1.0,2.0,1.0,1.0,0.0025202694869943952,1.0.0
F3,0.10797751623277094,clock characteristic time,analytic_fractional,combined,1.0,1.0,2.0,1.0,1.0,0.0027140880265554843,1.0.0
F3,0.1122018454301963,clock characteristic time,analytic_fractional,combined,1.0,1.0,2.0,1.0,1.0,0.002922513115760219,1.0.0
F3,0.11659144011798311,clock characteristic time,analytic_fractional,combined,1.0,1.0,2.0,1.0,1.0,0.003146610078047852,1.0.0
F3,0.12115276586285889,clock characteristic time,analytic_fractional,combined,1.0,1.0,2.0,1.0,1.0,0.0033875177437787,1.0.0
F3,0.12589254117941676,clock characteristic time,analytic_fractional,combined,1.0,1.0,2.0,1.0,1.0,0.00364645302628646,1.0.0
F3,0.13081774742601943,clock characteristic time,analytic_fractional,combined,1.0,1.0,2.0,1.0,1.0,0.003924715723426788,1.0.0
F3,0.13593563908785256,clock characteristic time,analytic_fractional,combined,1.0,1.0,2.0,1.0,1.0,0.0042236935482793435,1.0.0
F3,0.1412537544622754,clock characteristic time,analytic_fractional,combined,1.0,1.0,2.0,1.0,1.0,0.004544867391606489,1.0.0
F3,0.1467799267622069,clock characteristic time,analytic_fractional,combined,1.0,1.0,2.0,1.0,1.0,0.004889816817428581,1.0.0
F3,0.15252229565390182,clock characteristic time,analytic_fractional,combined,1.0,1.0,2.0,1.0,1.0,0.005260225791620918,1.0.0
F3,0.1584893192461114,clock characteristic time,analytic_fractional,combined,1.0,1.0,2.0,1.0,1.0,0.005657888641752566,1.0.0
F3,0.1646897865482869,clock characteristic time,analytic_fractional,combined,1.0,1.0,2.0,1.0,1.0,0.006084716244447498,1.0.0
F3,0.1711328304161781,clock characteristic time,analytic_fractional,combined,1.0,1.0,2.0,1.0,1.0,0.006542742434332181,1.0.0
F3,0.1778279410038923,clock characteristic time,analytic_fractional,combined,1.0,1.0,2.0,1.0,1.0,0.0070341306261144185,1.0.0
F3,0.18478497974222907,clock characteristic time,analytic_fractional,combined,1.0,1.0,2.0,1.0,1.0,0.007561180638494075,1.0.0
F3,0.1920141938638801,clock characteristic time,analytic_fractional,combined,1.0,1.0,2.0,1.0,1.0,0.008126335705407847,1.0.0
F3,0.19952623149688786,clock characteristic time,analytic_fractional,combined,1.0,1.0,2.0,1.0,1.0,0.00873218965653489,1.0.0
F3,0.2073321573485954,clock characteristic time,analytic_fractional,combined,1.0,1.0,2.0,1.0,1.0,0.00938149424501155,1.0.0
F3,0.21544346900318845,clock characteristic time,analytic_fractional,combined,1.0,1.0,2.0,1.0,1.0,0.010077166595894744,1.0.0
F3,0.223872113856834,clock characteristic time,analytic_fractional,combined,1.0,1.0,2.0,1.0,1.0,0.01082229674405492,1.0.0
F3,0.23263050671536262,clock characteristic time,analytic_fractional,combined,1.0,1.0,2.0,1.0,1.0,0.011620155224845935,1.0.0
F3,0.24173154808041036,clock characteristic time,analytic_fractional,combined,1.0,1.0,2.0,1.0,1.0,0.012474200675071512,1.0.0
F3,0.25118864315095796,clock characteristic time,analytic_fractional,combined,1.0,1.0,2.0,1.0,1.0,0.013388087395433287,1.0.0
F3,0.2610157215682536,clock characteristic time,analytic_fractional,combined,1.0,1.0,2.0,1.0,1.0,0.014365672818788073,1.0.0
F3,0.2712272579332027,clock characteristic time,analytic_fractional,combined,1.0,1.0,2.0,1.0,1.0,0.015411024821159408,1.0.0
F3,0.2818382931264455,clock characteristic time,analytic_fractional,combined,1.0,1.0,2.0,1.0,1.0,0.01652842880454008,1.0.0
F3,0.29286445646252374,clock characteristic time,analytic_fractional,combined,1.0,1.0,2.0,1.0,1.0,0.01772239447209572,1.0.0
F3,0.3043219887107722,clock characteristic time,analytic_fractional,combined,1.0,1.0,2.0,1.0,1.0,0.018997662207458414,1.0.0
F3,0.31622776601683794,clock characteristic time,analytic_fractional,combined,1.0,1.0,2.0,1.0,1.0,0.020359208960407753,1.0.0
F3,0.3285993247600654,clock characteristic time,analytic_fractional,combined,1.0,1.0,2.0,1.0,1.0,0.021812253531421185,1.0.0
F3,0.34145488738336005,clock characteristic time,analytic_fractional,combined,1.0,1.0,2.0,1.0,1.0,0.023362261137400003,1.0.0
F3,0.3548133892335753,clock characteristic time,analytic_fractional,combined,1.0,1.0,2.0,1.0,1.0,0.0250149471304061,1.0.0
F3,0.36869450645195734,clock characteristic time,analytic_fractional,combined,1.0,1.0,2.0,1.0,1.0,0.026776279730588704,1.0.0
F3,0.38311868495572887,clock characteristic time,analytic_fractional,combined,1.0,1.0,2.0,1.0,1.0,0.028652481623745597,1.0.0
F3,0.3981071705534973,clock characteristic time,analytic_fractional,combined,1.0,1.0,2.0,1.0,1.0,0.03065003026329989,1.0.0
F3,0.4136820402388507,clock characteristic time,analytic_fractional,combined,1.0,1.0,2.0,1.0,1.0,0.03277565670604748,1.0.0
F3,0.42986623470822766,clock characteristic time,analytic_fractional,combined,1.0,1.0,2.0,1.0,1.0,0.03503634280103894,1.0.0
F3,0.44668359215096304,clock characteristic time,analytic_fractional,combined,1.0,1.0,2.0,1.0,1.0,0.03743931654163373,1.0.0
F3,0.46415888336127775,clock characteristic time,analytic_fractional,combined,1.0,1.0,2.0,1.0,1.0,0.03999204538236303,1.0.0
F3,0.4823178482239304,clock characteristic time,analytic_fractional,combined,1.0,1.0,2.0,1.0,1.0,0.04270222731505544,1.0.0
F3,0.5011872336272725,clock characteristic time,analytic_fractional,combined,1.0,1.0,2.0,1.0,1.0,0.04557777949304713,1.0.0
F3,0.5207948328595465,clock characteristic time,analytic_fractional,combined,1.0,1.0,2.0,1.0,1.0,0.04862682418857638,1.0.0
F3,0.5411695265464638,clock characteristic time,analytic_fractional,combined,1.0,1.0,2.0,1.0,1.0,0.051857671867052306,1.0.0
F3,0.5623413251903491,clock characteristic time,analytic_fractional,combined,1.0,1.0,2.0,1.0,1.0,0.055278801163212245,1.0.0
F3,0.5843414133735175,clock characteristic time,analytic_fractional,combined,1.0,1.0,2.0,1.0,1.0,0.05889883554870713,1.0.0
F3,0.6072021956909883,clock characteristic time,analytic_fractional,combined,1.0,1.0,2.0,1.0,1.0,0.06272651648885298,1.0.0
F3,0.630957344480193,clock characteristic time,analytic_fractional,combined,1.0,1.0,2.0,1.0,1.0,0.06677067289866498,1.0.0
F3,0.6556418494179785,clock characteristic time,analytic_fractional,combined,1.0,1.0,2.0,1.0,1.0,0.0710401867253518,1.0.0
F3,0.6812920690579615,clock characteristic time,analytic_fractional,combined,1.0,1.0,2.0,1.0,1.0,0.07554395450670591,1.0.0
F3,0.707945784384138,clock characteristic time,analytic_fractional,combined,1.0,1.0,2.0,1.0,1.0,0.08029084478276646,1.0.0
F3,0.7356422544596414,clock characteristic time,analytic_fractional,combined,1.0,1.0,2.0,1.0,1.0,0.08528965127223073,1.0.0
F3,0.7644222742526002,clock characteristic time,analytic_fractional,combined,1.0,1.0,2.0,1.0,1.0,0.09054904176575222,1.0.0
F3,0.7943282347242814,clock characteristic time,analytic_fractional,combined,1.0,1.0,2.0,1.0,1.0,0.09607750273586216,1.0.0
F3,0.8254041852680182,clock characteristic time,analytic_fractional,combined,1.0,1.0,2.0,1.0,1.0,0.10188327971801783,1.0.0
F3,0.8576958985908937,clock characteristic time,analytic_fractional,combined,1.0,1.0,2.0,1.0,1.0,0.10797431357939768,1.0.0
F3,0.8912509381337459,clock characteristic time,analytic_fractional,combined,1.0,1.0,2.0,1.0,1.0,0.11435817286150234,1.0.0
F3,0.9261187281287937,clock characteristic time,analytic_fractional,combined,1.0,1.0,2.0,1.0,1.0,0.12104198245923976,1.0.0
F3,0.9623506263980888,clock characteristic time,analytic_fractional,combined,1.0,1.0,2.0,1.0,1.0,0.1280323489825962,1.0.0
F3,1.0,clock characteristic time,analytic_fractional,combined,1.0,1.0,2.0,1.0,1.0,0.1353352832366127,1.0.0
F3,1.0391223038351691,clock characteristic time,analytic_fractional,combined,1.0,1.0,2.0,1.0,1.0,0.1429561203503769,1.0.0
F3,1.0797751623277094,clock characteristic time,analytic_fractional,combined,1.0,1.0,2.0,1.0,1.0,0.15089943818491527,1.0.0
F3,1.122018454301963,clock characteristic time,analytic_fractional,combined,1.0,1.0,2.0,1.0,1.0,0.15916897475182648,1.0.0
F3,1.165914401179831,clock characteristic time,analytic_fractional,combined,1.0,1.0,2.0,1.0,1.0,0.16776754547742573,1.0.0
F3,1.2115276586285888,clock characteristic time,analytic_fractional,combined,1.0,1.0,2.0,1.0,1.0,0.17669696124898934,1.0.0
F3,1.2589254117941675,clock characteristic time,analytic_fractional,combined,1.0,1.0,2.0,1.0,1.0,0.18595794827795173,1.0.0
F3,1.3081774742601942,clock characteristic time,analytic_fractional,combined,1.0,1.0,2.0,1.0,1.0,0.19555007090686108,1.0.0
F3,1.3593563908785256,clock characteristic time,analytic_fractional,combined,1.0,1.0,2.0,1.0,1.0,0.20547165856949834,1.0.0
F3,1.412537544622754,clock characteristic time,analytic_fractional,combined,1.0,1.0,2.0,1.0,1.0,0.21571973818352203,1.0.0
F3,1.467799267622069,clock characteristic time,analytic_fractional,combined,1.0,1.0,2.0,1.0,1.0,0.22628997330882047,1.0.0
F3,1.5252229565390183,clock characteristic time,analytic_fractional,combined,1.0,1.0,2.0,1.0,1.0,0.23717661143887606,1.0.0
F3,1.584893192461114,clock characteristic time,analytic_fractional,combined,1.0,1.0,2.0,1.0,1.0,0.2483724408032564,1.0.0
F3,1.6468978654828688,clock characteristic time,analytic_fractional,combined,1.0,1.0,2.0,1.0,1.0,0.259868758043383,1.0.0
F3,1.711328304161781,clock characteristic time,analytic_fractional,combined,1.0,1.0,2.0,1.0,1.0,0.27165534807777725,1.0.0
F3,1.7782794100389228,clock characteristic time,analytic_fractional,combined,1.0,1.0,2.0,1.0,1.0,0.2837204773941916,1.0.0
F3,1.8478497974222907,clock characteristic time,analytic_fractional,combined,1.0,1.0,2.0,1.0,1.0,0.2960509018922191,1.0.0
F3,1.920141938638801,clock characteristic time,analytic_fractional,combined,1.0,1.0,2.0,1.0,1.0,0.3086318902495778,1.0.0
F3,1.9952623149688788,clock characteristic time,analytic_fractional,combined,1.0,1.0,2.0,1.0,1.0,0.3214472635977604,1.0.0
F3,2.073321573485954,clock characteristic time,analytic_fractional,combined,1.0,1.0,2.0,1.0,1.0,0.33447945206861207,1.0.0
F3,2.1544346900318843,clock characteristic time,analytic_fractional,combined,1.0,1.0,2.0,1.0,1.0,0.34770956851440177,1.0.0
F3,2.23872113856834,clock characteristic time,analytic_fractional,combined,1.0,1.0,2.0,1.0,1.0,0.36111749941317534,1.0.0
F3,2.3263050671536263,clock characteristic time,analytic_fractional,combined,1.0,1.0,2.0,1.0,1.0,0.37468201265318657,1.0.0
F3,2.4173154808041035,clock characteristic time,analytic_fractional,combined,1.0,1.0,2.0,1.0,1.0,0.3883808815509413,1.0.0
F3,2.5118864315095797,clock characteristic time,analytic_fractional,combined,1.0,1.0,2.0,1.0,1.0,0.4021910241043732,1.0.0
F3,2.610157215682536,clock characteristic time,analytic_fractional,combined,1.0,1.0,2.0,1.0,1.0,0.41608865612461543,1.0.0
F3,2.712272579332027,clock characteristic time,analytic_fractional,combined,1.0,1.0,2.0,1.0,1.0,0.43004945653673,1.0.0
F3,2.818382931264452,clock characteristic time,analytic_fractional,combined,1.0,1.0,2.0,1.0,1.0,0.4440487428024616,1.0.0
F3,2.9286445646252375,clock characteristic time,analytic_fractional,combined,1.0,1.0,2.0,1.0,1.0,0.4580616541080408,1.0.0
F3,3.043219887107722,clock characteristic time,analytic_fractional,combined,1.0,1.0,2.0,1.0,1.0,0.4720633396889184,1.0.0
F3,3.1622776601683795,clock characteristic time,analytic_fractional,combined,1.0,1.0,2.0,1.0,1.0,0.48602914944243847,1.0.0
F3,3.285993247600654,clock characteristic time,analytic_fractional,combined,1.0,1.0,2.0,1.0,1.0,0.4999348238193755,1.0.0
F3,3.4145488738336005,clock characteristic time,analytic_fractional,combined,1.0,1.0,2.0,1.0,1.0,0.5137566798953008,1.0.0
F3,3.5481338923357533,clock characteristic time,analytic_fractional,combined,1.0,1.0,2.0,1.0,1.0,0.527471790510223,1.0.0
F3,3.6869450645195734,clock characteristic time,analytic_fractional,combined,1.0,1.0,2.0,1.0,1.0,0.5410581534349829,1.0.0
F3,3.831186849557289,clock characteristic time,analytic_fractional,combined,1.0,1.0,2.0,1.0,1.0,0.5544948476777298,1.0.0
F3,3.981071705534973,clock characteristic time,analytic_fractional,combined,1.0,1.0,2.0,1.0,1.0,0.5677621742826188,1.0.0
F3,4.136820402388507,clock characteristic time,analytic_fractional,combined,1.0,1.0,2.0,1.0,1.0,0.5808417792915136,1.0.0
F3,4.298662347082277,clock characteristic time,analytic_fractional,combined,1.0,1.0,2.0,1.0,1.0,0.5937167569303806,1.0.0
F3,4.46683592150963,clock characteristic time,analytic_fractional,combined,1.0,1.0,2.0,1.0,1.0,0.6063717315344317,1.0.0
F3,4.6415888336127775,clock characteristic time,analytic_fractional,combined,1.0,1.0,2.0,1.0,1.0,0.6187929172261155,1.0.0
F3,4.823178482239304,clock characteristic time,analytic_fractional,combined,1.0,1.0,2.0,1.0,1.0,0.6309681548914556,1.0.0
F3,5.011872336272719,clock characteristic time,analytic_fractional,combined,1.0,1.0,2.0,1.0,1.0,0.6428869265448648,1.0.0
F3,5.207948328595465,clock characteristic time,analytic_fractional,combined,1.0,1.0,2.0,1.0,1.0,0.6545403477111156,1.0.0
F3,5.411695265464638,clock characteristic time,analytic_fractional,combined,1.0,1.0,2.0,1.0,1.0,0.6659211389662035,1.0.0
F3,5.62341325190349,clock characteristic time,analytic_fractional,combined,1.0,1.0,2.0,1.0,1.0,0.6770235782476501,1.0.0
F3,5.843414133735175,clock characteristic time,analytic_fractional,combined,1.0,1.0,2.0,1.0,1.0,0.6878434359522931,1.0.0
F3,6.072021956909884,clock characteristic time,analytic_fractional,combined,1.0,1.0,2.0,1.0,1.0,0.6983778951713709,1.0.0
F3,6.30957344480193,clock characteristic time,analytic_fractional,combined,1.0,1.0,2.0,1.0,1.0,0.7086254596575551,1.0.0
F3,6.556418494179785,clock characteristic time,analytic_fractional,combined,1.0,1.0,2.0,1.0,1.0,0.7185858522693834,1.0.0
F3,6.812920690579615,clock characteristic time,analytic_fractional,combined,1.0,1.0,2.0,1.0,1.0,0.7282599066925081,1.0.0
F3,7.07945784384138,clock characteristic time,analytic_fractional,combined,1.0,1.0,2.0,1.0,1.0,0.737649455195979,1.0.0
F3,7.3564225445964135,clock characteristic time,analytic_fractional,combined,1.0,1.0,2.0,1.0,1.0,0.7467572150515811,1.0.0
F3,7.644222742526002,clock characteristic time,analytic_fractional,combined,1.0,1.0,2.0,1.0,1.0,0.75558667603511,1.0.0
F3,7.943282347242813,clock characteristic time,analytic_fractional,combined,1.0,1.0,2.0,1.0,1.0,0.7641419911539459,1.0.0
F3,8.254041852680182,clock characteristic time,analytic_fractional,combined,1.0,1.0,2.0,1.0,1.0,0.7724278724213576,1.0.0
F3,8.576958985908938,clock characteristic time,analytic_fractional,combined,1.0,1.0,2.0,1.0,1.0,0.7804494931422548,1.0.0
F3,8.91250938133745,clock characteristic time,analytic_fractional,combined,1.0,1.0,2.0,1.0,1.0,0.7882123978056341,1.0.0
F3,9.261187281287937,clock characteristic time,analytic_fractional,combined,1.0,1.0,2.0,1.0,1.0,0.7957224203131856,1.0.0
F3,9.623506263980888,clock characteristic time,analytic_fractional,combined,1.0,1.0,2.0,1.0,1.0,0.8029856109272531,1.0.0
F3,10.0,clock characteristic time,analytic_fractional,combined,1.0,1.0,2.0,1.0,1.0,0.8100081720079688,1.0.0
F3,10.39122303835169,clock characteristic time,analytic_fractional,combined,1.0,1.0,2.0,1.0,1.0,0.8167964023391319,1.0.0
F3,10.797751623277094,clock characteristic time,analytic_fractional,combined,1.0,1.0,2.0,1.0,1.0,0.8233566496220823,1.0.0
F3,11.220184543019629,clock characteristic time,analytic_fractional,combined,1.0,1.0,2.0,1.0,1.0,0.8296952705496159,1.0.0
F3,11.659144011798311,clock characteristic time,analytic_fractional,combined,1.0,1.0,2.0,1.0,1.0,0.8358185977576696,1.0.0
F3,12.115276586285876,clock characteristic time,analytic_fractional,combined,1.0,1.0,2.0,1.0,1.0,0.8417329128878571,1.0.0
F3,12.589254117941662,clock characteristic time,analytic_fractional,combined,1.0,1.0,2.0,1.0,1.0,0.8474444249733024,1.0.0
F3,13.081774742601928,clock characteristic time,analytic_fractional,combined,1.0,1.0,2.0,1.0,1.0,0.8529592533763249,1.0.0
F3,13.593563908785242,clock characteristic time,analytic_fractional,combined,1.0,1.0,2.0,1.0,1.0,0.8582834145510624,1.0.0
F3,14.125375446227554,clock characteristic time,analytic_fractional,combined,1.0,1.0,2.0,1.0,1.0,0.8634228119687377,1.0.0
F3,14.677992676220706,clock characteristic time,analytic_fractional,combined,1.0,1.0,2.0,1.0,1.0,0.8683832286199251,1.0.0
F3,15.252229565390198,clock characteristic time,analytic_fractional,combined,1.0,1.0,2.0,1.0,1.0,0.8731703215898997,1.0.0
F3,15.848931924611142,clock characteristic time,analytic_fractional,combined,1.0,1.0,2.0,1.0,1.0,0.8777896182841713,1.0.0
F3,16.46897865482869,clock characteristic time,analytic_fractional,combined,1.0,1.0,2.0,1.0,1.0,0.8822465139573613,1.0.0
F3,17.11328304161781,clock characteristic time,analytic_fractional,combined,1.0,1.0,2.0,1.0,1.0,0.8865462702667745,1.0.0
F3,17.78279410038923,clock characteristic time,analytic_fractional,combined,1.0,1.0,2.0,1.0,1.0,0.890694014630844,1.0.0
F3,18.478497974222908,clock characteristic time,analytic_fractional,combined,1.0,1.0,2.0,1.0,1.0,0.8946947402215859,1.0.0
F3,19.20141938638801,clock characteristic time,analytic_fractional,combined,1.0,1.0,2.0,1.0,1.0,0.8985533064596931,1.0.0
F3,19.952623149688787,clock characteristic time,analytic_fractional,combined,1.0,1.0,2.0,1.0,1.0,0.9022744399118267,1.0.0
F3,20.73321573485954,clock characteristic time,analytic_fractional,combined,1.0,1.0,2.0,1.0,1.0,0.9058627355132693,1.0.0
F3,21.54434690031882,clock characteristic time,analytic_fractional,combined,1.0,1.0,2.0,1.0,1.0,0.9093226580567224,1.0.0
F3,22.38721138568338,clock characteristic time,analytic_fractional,combined,1.0,1.0,2.0,1.0,1.0,0.9126585439009399,1.0.0
F3,23.263050671536238,clock characteristic time,analytic_fractional,combined,1.0,1.0,2.0,1.0,1.0,0.9158746028622671,1.0.0
F3,24.173154808041012,clock characteristic time,analytic_fractional,combined,1.0,1.0,2.0,1.0,1.0,0.9189749202589097,1.0.0
F3,25.11886431509582,clock characteristic time,analytic_fractional,combined,1.0,1.0,2.0,1.0,1.0,0.9219634590827046,1.0.0
F3,26.101572156825384,clock characteristic time,analytic_fractional,combined,1.0,1.0,2.0,1.0,1.0,0.9248440622768165,1.0.0
F3,27.122725793320296,clock characteristic time,analytic_fractional,combined,1.0,1.0,2.0,1.0,1.0,0.9276204551006051,1.0.0
F3,28.183829312644548,clock characteristic time,analytic_fractional,combined,1.0,1.0,2.0,1.0,1.0,0.9302962475651184,1.0.0
F3,29.28644564625237,clock characteristic time,analytic_fractional,combined,1.0,1.0,2.0,1.0,1.0,0.9328749369245205,1.0.0
F3,30.432198871077222,clock characteristic time,analytic_fractional,combined,1.0,1.0,2.0,1.0,1.0,0.9353599102103186,1.0.0
F3,31.622776601683793,clock characteristic time,analytic_fractional,combined,1.0,1.0,2.0,1.0,1.0,0.9377544467966336,1.0.0
F3,32.85993247600654,clock characteristic time,analytic_fractional,combined,1.0,1.0,2.0,1.0,1.0,0.9400617209859746,1.0.0
F3,34.145488738336006,clock characteristic time,analytic_fractional,combined,1.0,1.0,2.0,1.0,1.0,0.9422848046060861,1.0.0
F3,35.481338923357534,clock characteristic time,analytic_fractional,combined,1.0,1.0,2.0,1.0,1.0,0.9444266696094352,1.0.0
F3,36.869450645195734,clock characteristic time,analytic_fractional,combined,1.0,1.0,2.0,1.0,1.0,0.946490190667819,1.0.0
F3,38.31186849557285,clock characteristic time,analytic_fractional,combined,1.0,1.0,2.0,1.0,1.0,0.9484781477554072,1.0.0
F3,39.81071705534969,clock characteristic time,analytic_fractional,combined,1.0,1.0,2.0,1.0,1.0,0.9503932287142886,1.0.0
F3,41.36820402388503,clock characteristic time,analytic_fractional,combined,1.0,1.0,2.0,1.0,1.0,0.9522380317972914,1.0.0
F3,42.98662347082272,clock characteristic time,analytic_fractional,combined,1.0,1.0,2.0,1.0,1.0,0.9540150681834738,1.0.0
F3,44.668359215096345,clock characteristic time,analytic_fractional,combined,1.0,1.0,2.0,1.0,1.0,0.9557267644622606,1.0.0
F3,46.41588833612782,clock characteristic time,analytic_fractional,combined,1.0,1.0,2.0,1.0,1.0,0.9573754650827236,1.0.0
F3,48.23178482239309,clock characteristic time,analytic_fractional,combined,1.0,1.0,2.0,1.0,1.0,0.9589634347649891,1.0.0
F3,50.118723362727245,clock characteristic time,analytic_fractional,combined,1.0,1.0,2.0,1.0,1.0,0.9604928608711759,1.0.0
F3,52.07948328595465,clock characteristic time,analytic_fractional,combined,1.0,1.0,2.0,1.0,1.0,0.961965855733676,1.0.0
F3,54.116952654646376,clock characteristic time,analytic_fractional,combined,1.0,1.0,2.0,1.0,1.0,0.9633844589389374,1.0.0
F3,56.23413251903491,clock characteristic time,analytic_fractional,combined,1.0,1.0,2.0,1.0,1.0,0.9647506395652384,1.0.0
F3,58.434141337351754,clock characteristic time,analytic_fractional,combined,1.0,1.0,2.0,1.0,1.0,0.9660662983732268,1.0.0
F3,60.72021956909884,clock characteristic time,analytic_fractional,combined,1.0,1.0,2.0,1.0,1.0,0.9673332699482758,1.0.0
F3,63.0957344480193,clock characteristic time,analytic_fractional,combined,1.0,1.0,2.0,1.0,1.0,0.9685533247939287,1.0.0
F3,65.56418494179785,clock characteristic time,analytic_fractional,combined,1.0,1.0,2.0,1.0,1.0,0.969728171375935,1.0.0
F3,68.12920690579608,clock characteristic time,analytic_fractional,combined,1.0,1.0,2.0,1.0,1.0,0.9708594581165617,1.0.0
F3,70.79457843841374,clock characteristic time,analytic_fractional,combined,1.0,1.0,2.0,1.0,1.0,0.9719487753390417,1.0.0
F3,73.56422544596406,clock characteristic time,analytic_fractional,combined,1.0,1.0,2.0,1.0,1.0,0.9729976571621717,1.0.0
F3,76.44222742525994,clock characteristic time,analytic_fractional,combined,1.0,1.0,2.0,1.0,1.0,0.9740075833452122,1.0.0
F3,79.43282347242821,clock characteristic time,analytic_fractional,combined,1.0,1.0,2.0,1.0,1.0,0.9749799810833628,1.0.0
F3,82.5404185268019,clock characteristic time,analytic_fractional,combined,1.0,1.0,2.0,1.0,1.0,0.9759162267541904,1.0.0
F3,85.76958985908946,clock characteristic time,analytic_fractional,combined,1.0,1.0,2.0,1.0,1.0,0.9768176476154912,1.0.0
F3,89.12509381337459,clock characteristic time,analytic_fractional,combined,1.0,1.0,2.0,1.0,1.0,0.9776855234551401,1.0.0
F3,92.61187281287937,clock characteristic time,analytic_fractional,combined,1.0,1.0,2.0,1.0,1.0,0.9785210881935638,1.0.0
F3,96.23506263980887,clock characteristic time,analytic_fractional,combined,1.0,1.0,2.0,1.0,1.0,0.9793255314395294,1.0.0
F3,100.0,clock characteristic time,analytic_fractional,combined,1.0,1.0,2.0,1.0,1.0,0.9801,1.0.0
F3,0.001,clock characteristic time,analytic_fractional,clock,0.8,0.8,1.6,1.0,1.0,0.0023703880792477735,1.0.0
F3,0.001039122303835169,clock characteristic time,analytic_fractional,clock,0.8,0.8,1.6,1.0,1.0,0.0024441536443660867,1.0.0
F3,0.0010797751623277093,clock characteristic time,analytic_fractional,clock,0.8,0.8,1.6,1.0,1.0,0.0025202103770336818,1.0.0
F3,0.001122018454301963,clock characteristic time,analytic_fractional,clock,0.8,0.8,1.6,1.0,1.0,0.0025986291636526373,1.0.0
F3,0.0011659144011798323,clock characteristic time,analytic_fractional,clock,0.8,0.8,1.6,1.0,1.0,0.0026794830662207818,1.0.0
F3,0.001211527658628589,clock characteristic time,analytic_fractional,clock,0.8,0.8,1.6,1.0,1.0,0.0027628473879912703,1.0.0
F3,0.0012589254117941675,clock characteristic time,analytic_fractional,clock,0.8,0.8,1.6,1.0,1.0,0.0028487997410430407,1.0.0
F3,0.0013081774742601943,clock characteristic time,analytic_fractional,clock,0.8,0.8,1.6,1.0,1.0,0.0029374201158131525,1.0.0
F3,0.0013593563908785254,clock characteristic time,analytic_fractional,clock,0.8,0.8,1.6,1.0,1.0,0.0030287909526431627,1.0.0
F3,0.001412537544622754,clock characteristic time,analytic_fractional,clock,0.8,0.8,1.6,1.0,1.0,0.003122997215392718,1.0.0
F3,0.001467799267622069,clock characteristic time,analytic_fractional,clock,0.8,0.8,1.6,1.0,1.0,0.003220126467174607,1.0.0
F3,0.0015252229565390183,clock characteristic time,analytic_fractional,clock,0.8,0.8,1.6,1.0,1.0,0.003320268948266583,1.0.0
F3,0.001584893192461114,clock characteristic time,analytic_fractional,clock,0.8,0.8,1.6,1.0,1.0,0.0034235176562563085,1.0.0
F3,0.0016468978654828688,clock characteristic time,analytic_fractional,clock,0.8,0.8,1.6,1.0,1.0,0.003529968428476842,1.0.0
F3,0.001711328304161781,clock characteristic time,analytic_fractional,clock,0.8,0.8,1.6,1.0,1.0,0.0036397200267911075,1.0.0
F3,0.0017782794100389228,clock characteristic time,analytic_fractional,clock,0.8,0.8,1.6,1.0,1.0,0.0037528742247847765,1.0.0
F3,0.0018478497974222907,clock characteristic time,analytic_fractional,clock,0.8,0.8,1.6,1.0,1.0,0.003869535897428078,1.0.0
F3,0.001920141938638801,clock characteristic time,analytic_fractional,clock,0.8,0.8,1.6,1.0,1.0,0.003989813113267933,1.0.0
F3,0.001995262314968879,clock characteristic time,analytic_fractional,clock,0.8,0.8,1.6,1.0,1.0,0.0041138172292128645,1.0.0
F3,0.002073321573485954,clock characteristic time,analytic_fractional,clock,0.8,0.8,1.6,1.0,1.0,0.004241662987973981,1.0.0
F3,0.0021544346900318843,clock characteristic time,analytic_fractional,clock,0.8,0.8,1.6,1.0,1.0,0.004373468618226305,1.0.0
F3,0.00223872113856834,clock characteristic time,analytic_fractional,clock,0.8,0.8,1.6,1.0,1.0,0.004509355937555499,1.0.0
F3,0.0023263050671536263,clock characteristic time,analytic_fractional,clock,0.8,0.8,1.6,1.0,1.0,0.004649450458255981,1.0.0
F3,0.0024173154808041037,clock characteristic time,analytic_fractional,clock,0.8,0.8,1.6,1.0,1.0,0.004793881496047011,1.0.0
F3,0.0025118864315095794,clock characteristic time,analytic_fractional,clock,0.8,0.8,1.6,1.0,1.0,0.004942782281774254,1.0.0
F3,0.0026101572156825357,clock characteristic time,analytic_fractional,clock,0.8,0.8,1.6,1.0,1.0,0.005096290076164833,1.0.0
F3,0.0027122725793320298,clock characteristic time,analytic_fractional,clock,0.8,0.8,1.6,1.0,1.0,0.005254546287704512,1.0.0
F3,0.002818382931264455,clock characteristic time,analytic_fractional,clock,0.8,0.8,1.6,1.0,1.0,0.005417696593706251,1.0.0
F3,0.0029286445646252374,clock characteristic time,analytic_fractional,clock,0.8,0.8,1.6,1.0,1.0,0.005585891064639699,1.0.0
F3,0.003043219887107722,clock characteristic time,analytic_fractional,clock,0.8,0.8,1.6,1.0,1.0,0.005759284291791587,1.0.0
F3,0.0031622776601683794,clock characteristic time,analytic_fractional,clock,0.8,0.8,1.6,1.0,1.0,0.005938035518327279,1.0.0
F3,0.003285993247600654,clock characteristic time,analytic_fractional,clock,0.8,0.8,1.6,1.0,1.0,0.0061223087738238105,1.0.0
F3,0.003414548873833601,clock characteristic time,analytic_fractional,clock,0.8,0.8,1.6,1.0,1.0,0.00631227301234482,1.0.0
F3,0.0035481338923357532,clock characteristic time,analytic_fractional,clock,0.8,0.8,1.6,1.0,1.0,0.006508102254127676,1.0.0
F3,0.0036869450645195733,clock characteristic time,analytic_fractional,clock,0.8,0.8,1.6,1.0,1.0,0.0067099757309528486,1.0.0
F3,0.003831186849557289,clock characteristic time,analytic_fractional,clock,0.8,0.8,1.6,1.0,1.0,0.006918078035265202,1.0.0
F3,0.003981071705534973,clock characteristic time,analytic_fractional,clock,0.8,0.8,1.6,1.0,1.0,0.007132599273116298,1.0.0
F3,0.004136820402388507,clock characteristic time,analytic_fractional,clock,0.8,0.8,1.6,1.0,1.0,0.007353735220996195,1.0.0
F3,0.004298662347082277,clock characteristic time,analytic_fractional,clock,0.8,0.8,1.6,1.0,1.0,0.007581687486622085,1.0.0
F3,0.0044668359215096305,clock characteristic time,analytic_fractional,clock,0.8,0.8,1.6,1.0,1.0,0.007816663673750241,1.0.0
F3,0.004641588833612777,clock characteristic time,analytic_fractional,clock,0.8,0.8,1.6,1.0,1.0,0.008058877551076192,1.0.0
F3,0.004823178482239309,clock characteristic time,analytic_fractional,clock,0.8,0.8,1.6,1.0,1.0,0.008308549225286599,1.0.0
F3,0.005011872336272725,clock characteristic time,analytic_fractional,clock,0.8,0.8,1.6,1.0,1.0,0.008565905318324341,1.0.0
F3,0.005207948328595465,clock characteristic time,analytic_fractional,clock,0.8,0.8,1.6,1.0,1.0,0.008831179148926357,1.0.0
F3,0.0054116952654646375,clock characteristic time,analytic_fractional,clock,0.8,0.8,1.6,1.0,1.0,0.009104610918491128,1.0.0
F3,0.005623413251903491,clock characteristic time,analytic_fractional,clock,0.8,0.8,1.6,1.0,1.0,0.009386447901330197,1.0.0
F3,0.005843414133735175,clock characteristic time,analytic_fractional,clock,0.8,0.8,1.6,1.0,1.0,0.00967694463935487,1.0.0
F3,0.006072021956909884,clock characteristic time,analytic_fractional,clock,0.8,0.8,1.6,1.0,1.0,0.009976363141245868,1.0.0
F3,0.006309573444801929,clock characteristic time,analytic_fractional,clock,0.8,0.8,1.6,1.0,1.0,0.01028497308614975,1.0.0
F3,0.006556418494179785,clock characteristic time,analytic_fractional,clock,0.8,0.8,1.6,1.0,1.0,0.0106030520319419,1.0.0
F3,0.006812920690579615,clock characteristic time,analytic_fractional,clock,0.8,0.8,1.6,1.0,1.0,0.010930885628090808,1.0.0
F3,0.00707945784384138,clock characteristic time,analytic_fractional,clock,0.8,0.8,1.6,1.0,1.0,0.011268767833153434,1.0.0
F3,0.007356422544596414,clock characteristic time,analytic_fractional,clock,0.8,0.8,1.6,1.0,1.0,0.0116170011369258,1.0.0
F3,0.007644222742526002,clock characteristic time,analytic_fractional,clock,0.8,0.8,1.6,1.0,1.0,0.011975896787266356,1.0.0
F3,0.007943282347242814,clock characteristic time,analytic_fractional,clock,0.8,0.8,1.6,1.0,1.0,0.012345775021603186,1.0.0
F3,0.008254041852680182,clock characteristic time,analytic_fractional,clock,0.8,0.8,1.6,1.0,1.0,0.012726965303128527,1.0.0
F3,0.008576958985908946,clock characteristic time,analytic_fractional,clock,0.8,0.8,1.6,1.0,1.0,0.013119806561675981,1.0.0
F3,0.008912509381337459,clock characteristic time,analytic_fractional,clock,0.8,0.8,1.6,1.0,1.0,0.01352464743926694,1.0.0
F3,0.009261187281287938,clock characteristic time,analytic_fractional,clock,0.8,0.8,1.6,1.0,1.0,0.013941846540303412,1.0.0
F3,0.009623506263980888,clock characteristic time,analytic_fractional,clock,0.8,0.8,1.6,1.0,1.0,0.014371772686373782,1.0.0
F3,0.01,clock characteristic time,analytic_fractional,clock,0.8,0.8,1.6,1.0,1.0,0.014814805175627202,1.0.0
F3,0.01039122303835169,clock characteristic time,analytic_fractional,clock,0.8,0.8,1.6,1.0,1.0,0.015271334046660074,1.0.0
F3,0.010797751623277093,clock characteristic time,analytic_fractional,clock,0.8,0.8,1.6,1.0,1.0,0.015741760346845168,1.0.0
F3,0.011220184543019636,clock characteristic time,analytic_fractional,clock,0.8,0.8,1.6,1.0,1.0,0.016226496405020017,1.0.0
F3,0.011659144011798317,clock characteristic time,analytic_fractional,clock,0.8,0.8,1.6,1.0,1.0,0.016725966108436036,1.0.0
F3,0.012115276586285882,clock characteristic time,analytic_fractional,clock,0.8,0.8,1.6,1.0,1.0,0.017240605183854056,1.0.0
F3,0.012589254117941675,clock characteristic time,analytic_fractional,clock,0.8,0.8,1.6,1.0,1.0,0.017770861482654318,1.0.0
F3,0.013081774742601943,clock characteristic time,analytic_fractional,clock,0.8,0.8,1.6,1.0,1.0,0.01831719526981063,1.0.0
F3,0.013593563908785255,clock characteristic time,analytic_fractional,clock,0.8,0.8,1.6,1.0,1.0,0.018880079516558856,1.0.0
F3,0.01412537544622754,clock characteristic time,analytic_fractional,clock,0.8,0.8,1.6,1.0,1.0,0.019460000196568242,1.0.0
F3,0.014677992676220698,clock characteristic time,analytic_fractional,clock,0.8,0.8,1.6,1.0,1.0,0.02005745658540207,1.0.0
F3,0.01525222956539019,clock characteristic time,analytic_fractional,clock,0.8,0.8,1.6,1.0,1.0,0.020672961563029522,1.0.0
F3,0.015848931924611134,clock characteristic time,analytic_fractional,clock,0.8,0.8,1.6,1.0,1.0,0.02130704191912559,1.0.0
F3,0.01646897865482868,clock characteristic time,analytic_fractional,clock,0.8,0.8,1.6,1.0,1.0,0.021960238660867968,1.0.0
F3,0.01711328304161781,clock characteristic time,analytic_fractional,clock,0.8,0.8,1.6,1.0,1.0,0.02263310732291121,1.0.0
F3,0.01778279410038923,clock characteristic time,analytic_fractional,clock,0.8,0.8,1.6,1.0,1.0,0.023326218279187523,1.0.0
F3,0.018478497974222907,clock characteristic time,analytic_fractional,clock,0.8,0.8,1.6,1.0,1.0,0.024040157056150625,1.0.0
F3,0.01920141938638801,clock characteristic time,analytic_fractional,clock,0.8,0.8,1.6,1.0,1.0,0.02477552464704475,1.0.0
F3,0.0199526231496888,clock characteristic time,analytic_fractional,clock,0.8,0.8,1.6,1.0,1.0,0.025532937826743648,1.0.0
F3,0.02073321573485955,clock characteristic time,analytic_fractional,clock,0.8,0.8,1.6,1.0,1.0,0.026313029466665697,1.0.0
F3,0.021544346900318832,clock characteristic time,analytic_fractional,clock,0.8,0.8,1.6,1.0,1.0,0.027116448849230326,1.0.0
F3,0.0223872113856834,clock characteristic time,analytic_fractional,clock,0.8,0.8,1.6,1.0,1.0,0.027943861981276796,1.0.0
F3,0.02326305067153626,clock characteristic time,analytic_fractional,clock,0.8,0.8,1.6,1.0,1.0,0.02879595190582099,1.0.0
F3,0.024173154808041036,clock characteristic time,analytic_fractional,clock,0.8,0.8,1.6,1.0,1.0,0.029673419011477225,1.0.0
F3,0.025118864315095794,clock characteristic time,analytic_fractional,clock,0.8,0.8,1.6,1.0,1.0,0.03057698133882094,1.0.0
F3,0.026101572156825372,clock characteristic time,analytic_fractional,clock,0.8,0.8,1.6,1.0,1.0,0.031507374882914774,1.0.0
F3,0.02712272579332028,clock characteristic time,analytic_fractional,clock,0.8,0.8,1.6,1.0,1.0,0.0324653538911633,1.0.0
F3,0.028183829312644536,clock characteristic time,analytic_fractional,clock,0.8,0.8,1.6,1.0,1.0,0.03345169115560341,1.0.0
F3,0.02928644564625236,clock characteristic time,analytic_fractional,clock,0.8,0.8,1.6,1.0,1.0,0.03446717829867409,1.0.0
F3,0.03043219887107722,clock characteristic time,analytic_fractional,clock,0.8,0.8,1.6,1.0,1.0,0.03551262605144458,1.0.0
F3,0.03162277660168379,clock characteristic time,analytic_fractional,clock,0.8,0.8,1.6,1.0,1.0,0.0365888645232115,1.0.0
F3,0.03285993247600654,clock characteristic time,analytic_fractional,clock,0.8,0.8,1.6,1.0,1.0,0.03769674346130402,1.0.0
F3,0.034145488738336005,clock characteristic time,analytic_fractional,clock,0.8,0.8,1.6,1.0,1.0,0.03883713249986162,1.0.0
F3,0.03548133892335755,clock characteristic time,analytic_fractional,clock,0.8,0.8,1.6,1.0,1.0,0.040010921396270736,1.0.0
F3,0.03686945064519575,clock characteristic time,analytic_fractional,clock,0.8,0.8,1.6,1.0,1.0,0.041219020253865896,1.0.0
F3,0.03831186849557287,clock characteristic time,analytic_fractional,clock,0.8,0.8,1.6,1.0,1.0,0.0424623597294166,1.0.0
F3,0.039810717055349734,clock characteristic time,analytic_fractional,clock,0.8,0.8,1.6,1.0,1.0,0.04374189122383277,1.0.0
F3,0.04136820402388507,clock characteristic time,analytic_fractional,clock,0.8,0.8,1.6,1.0,1.0,0.0450585870544312,1.0.0
F3,0.042986623470822764,clock characteristic time,analytic_fractional,clock,0.8,0.8,1.6,1.0,1.0,0.046413440607011316,1.0.0
F3,0.0446683592150963,clock characteristic time,analytic_fractional,clock,0.8,0.8,1.6,1.0,1.0,0.047807466465890396,1.0.0
F3,0.046415888336127795,clock characteristic time,analytic_fractional,clock,0.8,0.8,1.6,1.0,1.0,0.04924170051994811,1.0.0
F3,0.04823178482239307,clock characteristic time,analytic_fractional,clock,0.8,0.8,1.6,1.0,1.0,0.05071720004262672,1.0.0
F3,0.05011872336272722,clock characteristic time,analytic_fractional,clock,0.8,0.8,1.6,1.0,1.0,0.05223504374372623,1.0.0
F3,0.052079483285954624,clock characteristic time,analytic_fractional,clock,0.8,0.8,1.6,1.0,1.0,0.053796331790724704,1.0.0
F3,0.054116952654646375,clock characteristic time,analytic_fractional,clock,0.8,0.8,1.6,1.0,1.0,0.05540218579724122,1.0.0
F3,0.056234132519034905,clock characteristic time,analytic_fractional,clock,0.8,0.8,1.6,1.0,1.0,0.0570537487761453,1.0.0
F3,0.05843414133735175,clock characteristic time,analytic_fractional,clock,0.8,0.8,1.6,1.0,1.0,0.058752185054699646,1.0.0
F3,0.060720219569098836,clock characteristic time,analytic_fractional,clock,0.8,0.8,1.6,1.0,1.0,0.060498680149003926,1.0.0
F3,0.06309573444801933,clock characteristic time,analytic_fractional,clock,0.8,0.8,1.6,1.0,1.0,0.06229444059488886,1.0.0
F3,0.06556418494179789,clock characteristic time,analytic_fractional,clock,0.8,0.8,1.6,1.0,1.0,0.06414069373228709,1.0.0
F3,0.06812920690579612,clock characteristic time,analytic_fractional,clock,0.8,0.8,1.6,1.0,1.0,0.06603868743998728,1.0.0
F3,0.07079457843841377,clock characteristic time,analytic_fractional,clock,0.8,0.8,1.6,1.0,1.0,0.06798968981755464,1.0.0
F3,0.07356422544596414,clock characteristic time,analytic_fractional,clock,0.8,0.8,1.6,1.0,1.0,0.0699949888110814,1.0.0
F3,0.07644222742526002,clock characteristic time,analytic_fractional,clock,0.8,0.8,1.6,1.0,1.0,0.07205589177930856,1.0.0
F3,0.07943282347242814,clock characteristic time,analytic_fractional,clock,0.8,0.8,1.6,1.0,1.0,0.07417372499654441,1.0.0
F3,0.08254041852680186,clock characteristic time,analytic_fractional,clock,0.8,0.8,1.6,1.0,1.0,0.07634983308868773,1.0.0
F3,0.08576958985908942,clock characteristic time,analytic_fractional,clock,0.8,0.8,1.6,1.0,1.0,0.07858557839855215,1.0.0
F3,0.08912509381337455,clock characteristic time,analytic_fractional,clock,0.8,0.8,1.6,1.0,1.0,0.0808823402765817,1.0.0
F3,0.09261187281287933,clock characteristic time,analytic_fractional,clock,0.8,0.8,1.6,1.0,1.0,0.08324151429294428,1.0.0
F3,0.09623506263980887,clock characteristic time,analytic_fractional,clock,0.8,0.8,1.6,1.0,1.0,0.08566451136689637,1.0.0
F3,0.1,clock characteristic time,analytic_fractional,clock,0.8,0.8,1.6,1.0,1.0,0.08815275680922367,1.0.0
F3,0.10391223038351691,clock characteristic time,analytic_fractional,clock,0.8,0.8,1.6,1.0,1.0,0.09070768927348788,1.0.0
F3,0.10797751623277094,clock characteristic time,analytic_fractional,clock,0.8,0.8,1.6,1.0,1.0,0.09333075961174106,1.0.0
F3,0.1122018454301963,clock characteristic time,analytic_fractional,clock,0.8,0.8,1.6,1.0,1.0,0.0960234296303165,1.0.0
F3,0.11659144011798311,clock characteristic time,analytic_fractional,clock,0.8,0.8,1.6,1.0,1.0,0.09878717074126803,1.0.0
F3,0.12115276586285889,clock characteristic time,analytic_fractional,clock,0.8,0.8,1.6,1.0,1.0,0.10162346250500318,1.0.0
F3,0.12589254117941676,clock characteristic time,analytic_fractional,clock,0.8,0.8,1.6,1.0,1.0,0.10453379105965561,1.0.0
F3,0.13081774742601943,clock characteristic time,analytic_fractional,clock,0.8,0.8,1.6,1.0,1.0,0.10751964743275651,1.0.0
F3,0.13593563908785256,clock characteristic time,analytic_fractional,clock,0.8,0.8,1.6,1.0,1.0,0.11058252573080345,1.0.0
F3,0.1412537544622754,clock characteristic time,analytic_fractional,clock,0.8,0.8,1.6,1.0,1.0,0.11372392120239203,1.0.0
F3,0.1467799267622069,clock characteristic time,analytic_fractional,clock,0.8,0.8,1.6,1.0,1.0,0.11694532817066557,1.0.0
F3,0.15252229565390182,clock characteristic time,analytic_fractional,clock,0.8,0.8,1.6,1.0,1.0,0.12024823783096211,1.0.0
F3,0.1584893192461114,clock characteristic time,analytic_fractional,clock,0.8,0.8,1.6,1.0,1.0,0.12363413590969491,1.0.0
F3,0.1646897865482869,clock characteristic time,analytic_fractional,clock,0.8,0.8,1.6,1.0,1.0,0.12710450018069167,1.0.0
F3,0.1711328304161781,clock characteristic time,analytic_fractional,clock,0.8,0.8,1.6,1.0,1.0,0.130660797835454,1.0.0
F3,0.1778279410038923,clock characteristic time,analytic_fractional,clock,0.8,0.8,1.6,1.0,1.0,0.1343044827040656,1.0.0
F3,0.18478497974222907,clock characteristic time,analytic_fractional,clock,0.8,0.8,1.6,1.0,1.0,0.13803699232380895,1.0.0
F3,0.1920141938638801,clock characteristic time,analytic_fractional,clock,0.8,0.8,1.6,1.0,1.0,0.14185974485289088,1.0.0
F3,0.19952623149688786,clock characteristic time,analytic_fractional,clock,0.8,0.8,1.6,1.0,1.0,0.14577413582713472,1.0.0
F3,0.2073321573485954,clock characteristic time,analytic_fractional,clock,0.8,0.8,1.6,1.0,1.0,0.14978153475794553,1.0.0
F3,0.21544346900318845,clock characteristic time,analytic_fractional,clock,0.8,0.8,1.6,1.0,1.0,0.15388328157037612,1.0.0
F3,0.223872113856834,clock characteristic time,analytic_fractional,clock,0.8,0.8,1.6,1.0,1.0,0.15808068288075638,1.0.0
F3,0.23263050671536262,clock characteristic time,analytic_fractional,clock,0.8,0.8,1.6,1.0,1.0,0.16237500811396166,1.0.0
F3,0.24173154808041036,clock characteristic time,analytic_fractional,clock,0.8,0.8,1.6,1.0,1.0,0.1667674854611535,1.0.0
F3,0.25118864315095796,clock characteristic time,analytic_fractional,clock,0.8,0.8,1.6,1.0,1.0,0.17125929767958858,1.0.0
F3,0.2610157215682536,clock characteristic time,analytic_fractional,clock,0.8,0.8,1.6,1.0,1.0,0.17585157773700888,1.0.0
F3,0.2712272579332027,clock characteristic time,analytic_fractional,clock,0.8,0.8,1.6,1.0,1.0,0.18054540430399368,1.0.0
F3,0.2818382931264455,clock characteristic time,analytic_fractional,clock,0.8,0.8,1.6,1.0,1.0,0.18534179709875487,1.0.0
F3,0.29286445646252374,clock characteristic time,analytic_fractional,clock,0.8,0.8,1.6,1.0,1.0,0.19024171208987406,1.0.0
F3,0.3043219887107722,clock characteristic time,analytic_fractional,clock,0.8,0.8,1.6,1.0,1.0,0.19524603656370498,1.0.0
F3,0.31622776601683794,clock characteristic time,analytic_fractional,clock,0.8,0.8,1.6,1.0,1.0,0.20035558406438725,1.0.0
F3,0.3285993247600654,clock characteristic time,analytic_fractional,clock,0.8,0.8,1.6,1.0,1.0,0.20557108921575928,1.0.0
F3,0.34145488738336005,clock characteristic time,analytic_fractional,clock,0.8,0.8,1.6,1.0,1.0,0.21089320243582566,1.0.0
F3,0.3548133892335753,clock characteristic time,analytic_fractional,clock,0.8,0.8,1.6,1.0,1.0,0.2163224845559799,1.0.0
F3,0.36869450645195734,clock characteristic time,analytic_fractional,clock,0.8,0.8,1.6,1.0,1.0,0.22185940135862758,1.0.0
F3,0.38311868495572887,clock characteristic time,analytic_fractional,clock,0.8,0.8,1.6,1.0,1.0,0.22750431804856386,1.0.0
F3,0.3981071705534973,clock characteristic time,analytic_fractional,clock,0.8,0.8,1.6,1.0,1.0,0.23325749367505633,1.0.0
F3,0.4136820402388507,clock characteristic time,analytic_fractional,clock,0.8,0.8,1.6,1.0,1.0,0.23911907552332556,1.0.0
F3,0.42986623470822766,clock characteristic time,analytic_fractional,clock,0.8,0.8,1.6,1.0,1.0,0.24508909349591135,1.0.0
F3,0.44668359215096304,clock characteristic time,analytic_fractional,clock,0.8,0.8,1.6,1.0,1.0,0.25116745450614075,1.0.0
F3,0.46415888336127775,clock characteristic time,analytic_fractional,clock,0.8,0.8,1.6,1.0,1.0,0.2573539369078027,1.0.0
F3,0.4823178482239304,clock characteristic time,analytic_fractional,clock,0.8,0.8,1.6,1.0,1.0,0.26364818498691345,1.0.0
F3,0.5011872336272725,clock characteristic time,analytic_fractional,clock,0.8,0.8,1.6,1.0,1.0,0.27004970354328806,1.0.0
F3,0.5207948328595465,clock characteristic time,analytic_fractional,clock,0.8,0.8,1.6,1.0,1.0,0.27655785259144783,1.0.0
F3,0.5411695265464638,clock characteristic time,analytic_fractional,clock,0.8,0.8,1.6,1.0,1.0,0.28317184221210023,1.0.0
F3,0.5623413251903491,clock characteristic time,analytic_fractional,clock,0.8,0.8,1.6,1.0,1.0,0.2898907275871624,1.0.0
F3,0.5843414133735175,clock characteristic time,analytic_fractional,clock,0.8,0.8,1.6,1.0,1.0,0.29671340425287696,1.0.0
F3,0.6072021956909883,clock characteristic time,analytic_fractional,clock,0.8,0.8,1.6,1.0,1.0,0.30363860360704886,1.0.0
F3,0.630957344480193,clock characteristic time,analytic_fractional,clock,0.8,0.8,1.6,1.0,1.0,0.31066488870781084,1.0.0
F3,0.6556418494179785,clock characteristic time,analytic_fractional,clock,0.8,0.8,1.6,1.0,1.0,0.3177906504024999,1.0.0
F3,0.6812920690579615,clock characteristic time,analytic_fractional,clock,0.8,0.8,1.6,1.0,1.0,0.3250141038261998,1.0.0
F3,0.707945784384138,clock characteristic time,analytic_fractional,clock,0.8,0.8,1.6,1.0,1.0,0.3323332853103348,1.0.0
F3,0.7356422544596414,clock characteristic time,analytic_fractional,clock,0.8,0.8,1.6,1.0,1.0,0.3397460497421373,1.0.0
F3,0.7644222742526002,clock characteristic time,analytic_fractional,clock,0.8,0.8,1.6,1.0,1.0,0.3472500684161177,1.0.0
F3,0.7943282347242814,clock characteristic time,analytic_fractional,clock,0.8,0.8,1.6,1.0,1.0,0.35484282741849527,1.0.0
F3,0.8254041852680182,clock characteristic time,analytic_fractional,clock,0.8,0.8,1.6,1.0,1.0,0.3625216265852048,1.0.0
F3,0.8576958985908937,clock characteristic time,analytic_fractional,clock,0.8,0.8,1.6,1.0,1.0,0.37028357907316756,1.0.0
F3,0.8912509381337459,clock characteristic time,analytic_fractional,clock,0.8,0.8,1.6,1.0,1.0,0.3781256115833631,1.0.0
F3,0.9261187281287937,clock characteristic time,analytic_fractional,clock,0.8,0.8,1.6,1.0,1.0,0.3860444652725299,1.0.0
F3,0.9623506263980888,clock characteristic time,analytic_fractional,clock,0.8,0.8,1.6,1.0,1.0,0.3940366973882098,1.0.0
F3,1.0,clock characteristic time,analytic_fractional,clock,0.8,0.8,1.6,1.0,1.0,0.4020986836591952,1.0.0
F3,1.0391223038351691,clock characteristic time,analytic_fractional,clock,0.8,0.8,1.6,1.0,1.0,0.41022662147037103,1.0.0
F3,1.0797751623277094,clock characteristic time,analytic_fractional,clock,0.8,0.8,1.6,1.0,1.0,0.41841653384728494,1.0.0
F3,1.122018454301963,clock characteristic time,analytic_fractional,clock,0.8,0.8,1.6,1.0,1.0,0.4266642742715948,1.0.0
F3,1.165914401179831,clock characteristic time,analytic_fractional,clock,0.8,0.8,1.6,1.0,1.0,0.43496553234392277,1.0.0
F3,1.2115276586285888,clock characteristic time,analytic_fractional,clock,0.8,0.8,1.6,1.0,1.0,0.44331584030542714,1.0.0
F3,1.2589254117941675,clock characteristic time,analytic_fractional,clock,0.8,0.8,1.6,1.0,1.0,0.4517105804236987,1.0.0
F3,1.3081774742601942,clock characteristic time,analytic_fractional,clock,0.8,0.8,1.6,1.0,1.0,0.4601449932424645,1.0.0
F3,1.3593563908785256,clock characteristic time,analytic_fractional,clock,0.8,0.8,1.6,1.0,1.0,0.4686141866879634,1.0.0
F3,1.412537544622754,clock characteristic time,analytic_fractional,clock,0.8,0.8,1.6,1.0,1.0,0.4771131460178403,1.0.0
F3,1.467799267622069,clock characteristic time,analytic_fractional,clock,0.8,0.8,1.6,1.0,1.0,0.4856367445911077,1.0.0
F3,1.5252229565390183,clock characteristic time,analytic_fractional,clock,0.8,0.8,1.6,1.0,1.0,0.494179755430048,1.0.0
F3,1.584893192461114,clock characteristic time,analytic_fractional,clock,0.8,0.8,1.6,1.0,1.0,0.5027368635371798,1.0.0
F3,1.6468978654828688,clock characteristic time,analytic_fractional,clock,0.8,0.8,1.6,1.0,1.0,0.511302678922362,1.0.0
F3,1.711328304161781,clock characteristic time,analytic_fractional,clock,0.8,0.8,1.6,1.0,1.0,0.5198717502872537,1.0.0
F3,1.7782794100389228,clock characteristic time,analytic_fractional,clock,0.8,0.8,1.6,1.0,1.0,0.5284385793063476,1.0.0
F3,1.8478497974222907,clock characteristic time,analytic_fractional,clock,0.8,0.8,1.6,1.0,1.0,0.5369976354361587,1.0.0
F3,1.920141938638801,clock characteristic time,analytic_fractional,clock,0.8,0.8,1.6,1.0,1.0,0.5455433711767042,1.0.0
F3,1.9952623149688788,clock characteristic time,analytic_fractional,clock,0.8,0.8,1.6,1.0,1.0,0.5540702377024376,1.0.0
F3,2.073321573485954,clock characteristic time,analytic_fractional,clock,0.8,0.8,1.6,1.0,1.0,0.5625727007733707,1.0.0
F3,2.1544346900318843,clock characteristic time,analytic_fractional,clock,0.8,0.8,1.6,1.0,1.0,0.5710452568313475,1.0.0
F3,2.23872113856834,clock characteristic time,analytic_fractional,clock,0.8,0.8,1.6,1.0,1.0,0.5794824491814664,1.0.0
F3,2.3263050671536263,clock characteristic time,analytic_fractional,clock,0.8,0.8,1.6,1.0,1.0,0.587878884154592,1.0.0
F3,2.4173154808041035,clock characteristic time,analytic_fractional,clock,0.8,0.8,1.6,1.0,1.0,0.5962292471438617,1.0.0
F3,2.5118864315095797,clock characteristic time,analytic_fractional,clock,0.8,0.8,1.6,1.0,1.0,0.6045283184061715,1.0.0
F3,2.610157215682536,clock characteristic time,analytic_fractional,clock,0.8,0.8,1.6,1.0,1.0,0.6127709885189236,1.0.0
F3,2.712272579332027,clock characteristic time,analytic_fractional,clock,0.8,0.8,1.6,1.0,1.0,0.6209522733828721,1.0.0
F3,2.818382931264452,clock characteristic time,analytic_fractional,clock,0.8,0.8,1.6,1.0,1.0,0.6290673286637967,1.0.0
F3,2.9286445646252375,clock characteristic time,analytic_fractional,clock,0.8,0.8,1.6,1.0,1.0,0.6371114635689844,1.0.0
F3,3.043219887107722,clock characteristic time,analytic_fractional,clock,0.8,0.8,1.6,1.0,1.0,0.6450801538590765,1.0.0
F3,3.1622776601683795,clock characteristic time,analytic_fractional,clock,0.8,0.8,1.6,1.0,1.0,0.6529690540018069,1.0.0
F3,3.285993247600654,clock characteristic time,analytic_fractional,clock,0.8,0.8,1.6,1.0,1.0,0.6607740083813475,1.0.0
F3,3.4145488738336005,clock characteristic time,analytic_fractional,clock,0.8,0.8,1.6,1.0,1.0,0.6684910614854618,1.0.0
F3,3.5481338923357533,clock characteristic time,analytic_fractional,clock,0.8,0.8,1.6,1.0,1.0,0.6761164670021834,1.0.0
F3,3.6869450645195734,clock characteristic time,analytic_fractional,clock,0.8,0.8,1.6,1.0,1.0,0.6836466957683296,1.0.0
F3,3.831186849557289,clock characteristic time,analytic_fractional,clock,0.8,0.8,1.6,1.0,1.0,0.6910784425235146,1.0.0
F3,3.981071705534973,clock characteristic time,analytic_fractional,clock,0.8,0.8,1.6,1.0,1.0,0.6984086314354053,1.0.0
F3,4.136820402388507,clock characteristic time,analytic_fractional,clock,0.8,0.8,1.6,1.0,1.0,0.7056344203745009,1.0.0
F3,4.298662347082277,clock characteristic time,analytic_fractional,clock,0.8,0.8,1.6,1.0,1.0,0.7127532039295259,1.0.0
F3,4.46683592150963,clock characteristic time,analytic_fractional,clock,0.8,0.8,1.6,1.0,1.0,0.7197626151674023,1.0.0
F3,4.6415888336127775,clock characteristic time,analytic_fractional,clock,0.8,0.8,1.6,1.0,1.0,0.7266605261545066,1.0.0
F3,4.823178482239304,clock characteristic time,analytic_fractional,clock,0.8,0.8,1.6,1.0,1.0,0.7334450472682618,1.0.0
F3,5.011872336272719,clock characteristic time,analytic_fractional,clock,0.8,0.8,1.6,1.0,1.0,0.7401145253398826,1.0.0
F3,5.207948328595465,clock characteristic time,analytic_fractional,clock,0.8,0.8,1.6,1.0,1.0,0.7466675406801035,1.0.0
F3,5.411695265464638,clock characteristic time,analytic_fractional,clock,0.8,0.8,1.6,1.0,1.0,0.7531029030497416,1.0.0
F3,5.62341325190349,clock characteristic time,analytic_fractional,clock,0.8,0.8,1.6,1.0,1.0,0.7594196466458674,1.0.0
F3,5.843414133735175,clock characteristic time,analytic_fractional,clock,0.8,0.8,1.6,1.0,1.0,0.7656170241820197,1.0.0
F3,6.072021956909884,clock characteristic time,analytic_fractional,clock,0.8,0.8,1.6,1.0,1.0,0.7716945001471999,1.0.0
F3,6.30957344480193,clock characteristic time,analytic_fractional,clock,0.8,0.8,1.6,1.0,1.0,0.777651743333261,1.0.0
F3,6.556418494179785,clock characteristic time,analytic_fractional,clock,0.8,0.8,1.6,1.0,1.0,0.7834886187237164,1.0.0
F3,6.812920690579615,clock characteristic time,analytic_fractional,clock,0.8,0.8,1.6,1.0,1.0,0.789205178838923,1.0.0
F3,7.07945784384138,clock characteristic time,analytic_fractional,clock,0.8,0.8,1.6,1.0,1.0,0.7948016546330885,1.0.0
F3,7.3564225445964135,clock characteristic time,analytic_fractional,clock,0.8,0.8,1.6,1.0,1.0,0.8002784460376617,1.0.0
F3,7.644222742526002,clock characteristic time,analytic_fractional,clock,0.8,0.8,1.6,1.0,1.0,0.8056361122434788,1.0.0
F3,7.943282347242813,clock characteristic time,analytic_fractional,clock,0.8,0.8,1.6,1.0,1.0,0.81087536181067,1.0.0
F3,8.254041852680182,clock characteristic time,analytic_fractional,clock,0.8,0.8,1.6,1.0,1.0,0.8159970426909289,1.0.0
F3,8.576958985908938,clock characteristic time,analytic_fractional,clock,0.8,0.8,1.6,1.0,1.0,0.8210021322414301,1.0.0
F3,8.91250938133745,clock characteristic time,analytic_fractional,clock,0.8,0.8,1.6,1.0,1.0,0.8258917273036682,1.0.0
F3,9.261187281287937,clock characteristic time,analytic_fractional,clock,0.8,0.8,1.6,1.0,1.0,0.8306670344138729,1.0.0
F3,9.623506263980888,clock characteristic time,analytic_fractional,clock,0.8,0.8,1.6,1.0,1.0,0.8353293602046732,1.0.0
F3,10.0,clock characteristic time,analytic_fractional,clock,0.8,0.8,1.6,1.0,1.0,0.8398801020504719,1.0.0
F3,10.39122303835169,clock characteristic time,analytic_fractional,clock,0.8,0.8,1.6,1.0,1.0,0.8443207390016769,1.0.0
F3,10.797751623277094,clock characteristic time,analytic_fractional,clock,0.8,0.8,1.6,1.0,1.0,0.8486528230457211,1.0.0
F3,11.220184543019629,clock characteristic time,analytic_fractional,clock,0.8,0.8,1.6,1.0,1.0,0.8528779707257664,1.0.0
F3,11.659144011798311,clock characteristic time,analytic_fractional,clock,0.8,0.8,1.6,1.0,1.0,0.856997855141262,1.0.0
F3,12.115276586285876,clock characteristic time,analytic_fractional,clock,0.8,0.8,1.6,1.0,1.0,0.8610141983481935,1.0.0
F3,12.589254117941662,clock characteristic time,analytic_fractional,clock,0.8,0.8,1.6,1.0,1.0,0.8649287641709993,1.0.0
F3,13.081774742601928,clock characteristic time,analytic_fractional,clock,0.8,0.8,1.6,1.0,1.0,0.8687433514327954,1.0.0
F3,13.593563908785242,clock characteristic time,analytic_fractional,clock,0.8,0.8,1.6,1.0,1.0,0.8724597876057415,1.0.0
F3,14.125375446227554,clock characteristic time,analytic_fractional,clock,0.8,0.8,1.6,1.0,1.0,0.8760799228791869,1.0.0
F3,14.677992676220706,clock characteristic time,analytic_fractional,clock,0.8,0.8,1.6,1.0,1.0,0.879605624639562,1.0.0
F3,15.252229565390198,clock characteristic time,analytic_fractional,clock,0.8,0.8,1.6,1.0,1.0,0.8830387723529035,1.0.0
F3,15.848931924611142,clock characteristic time,analytic_fractional,clock,0.8,0.8,1.6,1.0,1.0,0.8863812528383358,1.0.0
F3,16.46897865482869,clock characteristic time,analytic_fractional,clock,0.8,0.8,1.6,1.0,1.0,0.8896349559187751,1.0.0
F3,17.11328304161781,clock characteristic time,analytic_fractional,clock,0.8,0.8,1.6,1.0,1.0,0.8928017704335299,1.0.0
F3,17.78279410038923,clock characteristic time,analytic_fractional,clock,0.8,0.8,1.6,1.0,1.0,0.8958835805962907,1.0.0
F3,18.478497974222908,clock characteristic time,analytic_fractional,clock,0.8,0.8,1.6,1.0,1.0,0.898882262681209,1.0.0
F3,19.20141938638801,clock characteristic time,analytic_fractional,clock,0.8,0.8,1.6,1.0,1.0,0.9017996820192808,1.0.0
F3,19.952623149688787,clock characteristic time,analytic_fractional,clock,0.8,0.8,1.6,1.0,1.0,0.904637690287069,1.0.0
F3,20.73321573485954,clock characteristic time,analytic_fractional,clock,0.8,0.8,1.6,1.0,1.0,0.9073981230698359,1.0.0
F3,21.54434690031882,clock characteristic time,analytic_fractional,clock,0.8,0.8,1.6,1.0,1.0,0.9100827976814119,1.0.0
F3,22.38721138568338,clock characteristic time,analytic_fractional,clock,0.8,0.8,1.6,1.0,1.0,0.91269351122352,1.0.0
F3,23.263050671536238,clock characteristic time,analytic_fractional,clock,0.8,0.8,1.6,1.0,1.0,0.9152320388678186,1.0.0
F3,24.173154808041012,clock characteristic time,analytic_fractional,clock,0.8,0.8,1.6,1.0,1.0,0.9177001323445402,1.0.0
F3,25.11886431509582,clock characteristic time,analytic_fractional,clock,0.8,0.8,1.6,1.0,1.0,0.9200995186223103,1.0.0
F3,26.101572156825384,clock characteristic time,analytic_fractional,clock,0.8,0.8,1.6,1.0,1.0,0.9224318987644661,1.0.0
F3,27.122725793320296,clock characteristic time,analytic_fractional,clock,0.8,0.8,1.6,1.0,1.0,0.924698946947974,1.0.0
F3,28.183829312644548,clock characteristic time,analytic_fractional,clock,0.8,0.8,1.6,1.0,1.0,0.9269023096318256,1.0.0
F3,29.28644564625237,clock characteristic time,analytic_fractional,clock,0.8,0.8,1.6,1.0,1.0,0.9290436048625732,1.0.0
F3,30.432198871077222,clock characteristic time,analytic_fractional,clock,0.8,0.8,1.6,1.0,1.0,0.9311244217054466,1.0.0
F3,31.622776601683793,clock characteristic time,analytic_fractional,clock,0.8,0.8,1.6,1.0,1.0,0.933146319790243,1.0.0
F3,32.85993247600654,clock characteristic time,analytic_fractional,clock,0.8,0.8,1.6,1.0,1.0,0.9351108289619099,1.0.0
F3,34.145488738336006,clock characteristic time,analytic_fractional,clock,0.8,0.8,1.6,1.0,1.0,0.9370194490264501,1.0.0
F3,35.481338923357534,clock characteristic time,analytic_fractional,clock,0.8,0.8,1.6,1.0,1.0,0.9388736495834391,1.0.0
F3,36.869450645195734,clock characteristic time,analytic_fractional,clock,0.8,0.8,1.6,1.0,1.0,0.9406748699370826,1.0.0
F3,38.31186849557285,clock characteristic time,analytic_fractional,clock,0.8,0.8,1.6,1.0,1.0,0.9424245190783492,1.0.0
F3,39.81071705534969,clock characteristic time,analytic_fractional,clock,0.8,0.8,1.6,1.0,1.0,0.9441239757312682,1.0.0
F3,41.36820402388503,clock characteristic time,analytic_fractional,clock,0.8,0.8,1.6,1.0,1.0,0.94577458845702,1.0.0
F3,42.98662347082272,clock characteristic time,analytic_fractional,clock,0.8,0.8,1.6,1.0,1.0,0.9473776758099443,1.0.0
F3,44.668359215096345,clock characteristic time,analytic_fractional,clock,0.8,0.8,1.6,1.0,1.0,0.9489345265400485,1.0.0
F3,46.41588833612782,clock characteristic time,analytic_fractional,clock,0.8,0.8,1.6,1.0,1.0,0.9504463998370397,1.0.0
F3,48.23178482239309,clock characteristic time,analytic_fractional,clock,0.8,0.8,1.6,1.0,1.0,0.9519145256112979,1.0.0
F3,50.118723362727245,clock characteristic time,analytic_fractional,clock,0.8,0.8,1.6,1.0,1.0,0.9533401048075865,1.0.0
F3,52.07948328595465,clock characteristic time,analytic_fractional,clock,0.8,0.8,1.6,1.0,1.0,0.9547243097476404,1.0.0
F3,54.116952654646376,clock characteristic time,analytic_fractional,clock,0.8,0.8,1.6,1.0,1.0,0.9560682844980937,1.0.0
F3,56.23413251903491,clock characteristic time,analytic_fractional,clock,0.8,0.8,1.6,1.0,1.0,0.9573731452605034,1.0.0
F3,58.434141337351754,clock characteristic time,analytic_fractional,clock,0.8,0.8,1.6,1.0,1.0,0.9586399807805062,1.0.0
F3,60.72021956909884,clock characteristic time,analytic_fractional,clock,0.8,0.8,1.6,1.0,1.0,0.9598698527733903,1.0.0
F3,63.0957344480193,clock characteristic time,analytic_fractional,clock,0.8,0.8,1.6,1.0,1.0,0.961063796363609,1.0.0
F3,65.56418494179785,clock characteristic time,analytic_fractional,clock,0.8,0.8,1.6,1.0,1.0,0.962222820535967,1.0.0
F3,68.12920690579608,clock characteristic time,analytic_fractional,clock,0.8,0.8,1.6,1.0,1.0,0.9633479085964232,1.0.0
F3,70.79457843841374,clock characteristic time,analytic_fractional,clock,0.8,0.8,1.6,1.0,1.0,0.9644400186406246,1.0.0
F3,73.56422544596406,clock characteristic time,analytic_fractional,clock,0.8,0.8,1.6,1.0,1.0,0.9655000840284669,1.0.0
F3,76.44222742525994,clock characteristic time,analytic_fractional,clock,0.8,0.8,1.6,1.0,1.0,0.9665290138631238,1.0.0
F3,79.43282347242821,clock characteristic time,analytic_fractional,clock,0.8,0.8,1.6,1.0,1.0,0.9675276934731397,1.0.0
F3,82.5404185268019,clock characteristic time,analytic_fractional,clock,0.8,0.8,1.6,1.0,1.0,0.9684969848963034,1.0.0
F3,85.76958985908946,clock characteristic time,analytic_fractional,clock,0.8,0.8,1.6,1.0,1.0,0.9694377273641523,1.0.0
F3,89.12509381337459,clock characteristic time,analytic_fractional,clock,0.8,0.8,1.6,1.0,1.0,0.9703507377860618,1.0.0
F3,92.61187281287937,clock characteristic time,analytic_fractional,clock,0.8,0.8,1.6,1.0,1.0,0.9712368112319767,1.0.0
F3,96.23506263980887,clock characteristic time,analytic_fractional,clock,0.8,0.8,1.6,1.0,1.0,0.9720967214129449,1.0.0
F3,100.0,clock characteristic time,analytic_fractional,clock,0.8,0.8,1.6,1.0,1.0,0.9729312211586892,1.0.0
F3,0.001,clock characteristic time,analytic_fractional,coupling,0.8,0.8,1.6,1.0,1.0,0.0023703880792477735,1.0.0
F3,0.001039122303835169,clock characteristic time,analytic_fractional,coupling,0.8,0.8,1.6,1.0,1.0,0.0024441536443660867,1.0.0
F3,0.0010797751623277093,clock characteristic time,analytic_fractional,coupling,0.8,0.8,1.6,1.0,1.0,0.0025202103770336818,1.0.0
F3,0.001122018454301963,clock characteristic time,analytic_fractional,coupling,0.8,0.8,1.6,1.0,1.0,0.0025986291636526373,1.0.0
F3,0.0011659144011798323,clock characteristic time,analytic_fractional,coupling,0.8,0.8,1.6,1.0,1.0,0.0026794830662207818,1.0.0
F3,0.001211527658628589,clock characteristic time,analytic_fractional,coupling,0.8,0.8,1.6,1.0,1.0,0.0027628473879912703,1.0.0
F3,0.0012589254117941675,clock characteristic time,analytic_fractional,coupling,0.8,0.8,1.6,1.0,1.0,0.0028487997410430407,1.0.0
F3,0.0013081774742601943,clock characteristic time,analytic_fractional,coupling,0.8,0.8,1.6,1.0,1.0,0.0029374201158131525,1.0.0
F3,0.0013593563908785254,clock characteristic time,analytic_fractional,coupling,0.8,0.8,1.6,1.0,1.0,0.0030287909526431627,1.0.0
F3,0.001412537544622754,clock characteristic time,analytic_fractional,coupling,0.8,0.8,1.6,1.0,1.0,0.003122997215392718,1.0.0
F3,0.001467799267622069,clock characteristic time,analytic_fractional,coupling,0.8,0.8,1.6,1.0,1.0,0.003220126467174607,1.0.0
F3,0.0015252229565390183,clock characteristic time,analytic_fractional,coupling,0.8,0.8,1.6,1.0,1.0,0.003320268948266583,1.0.0
F3,0.001584893192461114,clock characteristic time,analytic_fractional,coupling,0.8,0.8,1.6,1.0,1.0,0.0034235176562563085,1.0.0
F3,0.0016468978654828688,clock characteristic time,analytic_fractional,coupling,0.8,0.8,1.6,1.0,1.0,0.003529968428476842,1.0.0
F3,0.001711328304161781,clock characteristic time,analytic_fractional,coupling,0.8,0.8,1.6,1.0,1.0,0.0036397200267911075,1.0.0
F3,0.0017782794100389228,clock characteristic time,analytic_fractional,coupling,0.8,0.8,1.6,1.0,1.0,0.0037528742247847765,1.0.0
F3,0.0018478497974222907,clock characteristic time,analytic_fractional,coupling,0.8,0.8,1.6,1.0,1.0,0.003869535897428078,1.0.0
F3,0.001920141938638801,clock characteristic time,analytic_fractional,coupling,0.8,0.8,1.6,1.0,1.0,0.003989813113267933,1.0.0
F3,0.001995262314968879,clock characteristic time,analytic_fractional,coupling,0.8,0.8,1.6,1.0,1.0,0.0041138172292128645,1.0.0
F3,0.002073321573485954,clock characteristic time,analytic_fractional,coupling,0.8,0.8,1.6,1.0,1.0,0.004241662987973981,1.0.0
F3,0.0021544346900318843,clock characteristic time,analytic_fractional,coupling,0.8,0.8,1.6,1.0,1.0,0.004373468618226305,1.0.0
F3,0.00223872113856834,clock characteristic time,analytic_fractional,coupling,0.8,0.8,1.6,1.0,1.0,0.004509355937555499,1.0.0
F3,0.0023263050671536263,clock characteristic time,analytic_fractional,coupling,0.8,0.8,1.6,1.0,1.0,0.004649450458255981,1.0.0
F3,0.0024173154808041037,clock characteristic time,analytic_fractional,coupling,0.8,0.8,1.6,1.0,1.0,0.004793881496047011,1.0.0
F3,0.0025118864315095794,clock characteristic time,analytic_fractional,coupling,0.8,0.8,1.6,1.0,1.0,0.004942782281774254,1.0.0
F3,0.0026101572156825357,clock characteristic time,analytic_fractional,coupling,0.8,0.8,1.6,1.0,1.0,0.005096290076164833,1.0.0
F3,0.0027122725793320298,clock characteristic time,analytic_fractional,coupling,0.8,0.8,1.6,1.0,1.0,0.005254546287704512,1.0.0
F3,0.002818382931264455,clock characteristic time,analytic_fractional,coupling,0.8,0.8,1.6,1.0,1.0,0.005417696593706251,1.0.0
F3,0.0029286445646252374,clock characteristic time,analytic_fractional,coupling,0.8,0.8,1.6,1.0,1.0,0.005585891064639699,1.0.0
F3,0.003043219887107722,clock characteristic time,analytic_fractional,coupling,0.8,0.8,1.6,1.0,1.0,0.005759284291791587,1.0.0
F3,0.0031622776601683794,clock characteristic time,analytic_fractional,coupling,0.8,0.8,1.6,1.0,1.0,0.005938035518327279,1.0.0
F3,0.003285993247600654,clock characteristic time,analytic_fractional,coupling,0.8,0.8,1.6,1.0,1.0,0.0061223087738238105,1.0.0
F3,0.003414548873833601,clock characteristic time,analytic_fractional,coupling,0.8,0.8,1.6,1.0,1.0,0.00631227301234482,1.0.0
F3,0.0035481338923357532,clock characteristic time,analytic_fractional,coupling,0.8,0.8,1.6,1.0,1.0,0.006508102254127676,1.0.0
F3,0.0036869450645195733,clock characteristic time,analytic_fractional,coupling,0.8,0.8,1.6,1.0,1.0,0.0067099757309528486,1.0.0
F3,0.003831186849557289,clock characteristic time,analytic_fractional,coupling,0.8,0.8,1.6,1.0,1.0,0.006918078035265202,1.0.0
F3,0.003981071705534973,clock characteristic time,analytic_fractional,coupling,0.8,0.8,1.6,1.0,1.0,0.007132599273116298,1.0.0
F3,0.004136820402388507,clock characteristic time,analytic_fractional,coupling,0.8,0.8,1.6,1.0,1.0,0.007353735220996195,1.0.0
F3,0.004298662347082277,clock characteristic time,analytic_fractional,coupling,0.8,0.8,1.6,1.0,1.0,0.007581687486622085,1.0.0
F3,0.0044668359215096305,clock characteristic time,analytic_fractional,coupling,0.8,0.8,1.6,1.0,1.0,0.007816663673750241,1.0.0
F3,0.004641588833612777,clock characteristic time,analytic_fractional,coupling,0.8,0.8,1.6,1.0,1.0,0.008058877551076192,1.0.0
F3,0.004823178482239309,clock characteristic time,analytic_fractional,coupling,0.8,0.8,1.6,1.0,1.0,0.008308549225286599,1.0.0
F3,0.005011872336272725,clock characteristic time,analytic_fractional,coupling,0.8,0.8,1.6,1.0,1.0,0.008565905318324341,1.0.0
F3,0.005207948328595465,clock characteristic time,analytic_fractional,coupling,0.8,0.8,1.6,1.0,1.0,0.008831179148926357,1.0.0
F3,0.0054116952654646375,clock characteristic time,analytic_fractional,coupling,0.8,0.8,1.6,1.0,1.0,0.009104610918491128,1.0.0
F3,0.005623413251903491,clock characteristic time,analytic_fractional,coupling,0.8,0.8,1.6,1.0,1.0,0.009386447901330197,1.0.0
F3,0.005843414133735175,clock characteristic time,analytic_fractional,coupling,0.8,0.8,1.6,1.0,1.0,0.00967694463935487,1.0.0
F3,0.006072021956909884,clock characteristic time,analytic_fractional,coupling,0.8,0.8,1.6,1.0,1.0,0.009976363141245868,1.0.0
F3,0.006309573444801929,clock characteristic time,analytic_fractional,coupling,0.8,0.8,1.6,1.0,1.0,0.01028497308614975,1.0.0
F3,0.006556418494179785,clock characteristic time,analytic_fractional,coupling,0.8,0.8,1.6,1.0,1.0,0.0106030520319419,1.0.0
F3,0.006812920690579615,clock characteristic time,analytic_fractional,coupling,0.8,0.8,1.6,1.0,1.0,0.010930885628090808,1.0.0
F3,0.00707945784384138,clock characteristic time,analytic_fractional,coupling,0.8,0.8,1.6,1.0,1.0,0.011268767833153434,1.0.0
F3,0.007356422544596414,clock characteristic time,analytic_fractional,coupling,0.8,0.8,1.6,1.0,1.0,0.0116170011369258,1.0.0
F3,0.007644222742526002,clock characteristic time,analytic_fractional,coupling,0.8,0.8,1.6,1.0,1.0,0.011975896787266356,1.0.0
F3,0.007943282347242814,clock characteristic time,analytic_fractional,coupling,0.8,0.8,1.6,1.0,1.0,0.012345775021603186,1.0.0
F3,0.008254041852680182,clock characteristic time,analytic_fractional,coupling,0.8,0.8,1.6,1.0,1.0,0.012726965303128527,1.0.0
F3,0.008576958985908946,clock characteristic time,analytic_fractional,coupling,0.8,0.8,1.6,1.0,1.0,0.013119806561675981,1.0.0
F3,0.008912509381337459,clock characteristic time,analytic_fractional,coupling,0.8,0.8,1.6,1.0,1.0,0.01352464743926694,1.0.0
F3,0.009261187281287938,clock characteristic time,analytic_fractional,coupling,0.8,0.8,1.6,1.0,1.0,0.013941846540303412,1.0.0
F3,0.009623506263980888,clock characteristic time,analytic_fractional,coupling,0.8,0.8,1.6,1.0,1.0,0.014371772686373782,1.0.0
F3,0.01,clock characteristic time,analytic_fractional,coupling,0.8,0.8,1.6,1.0,1.0,0.014814805175627202,1.0.0
F3,0.01039122303835169,clock characteristic time,analytic_fractional,coupling,0.8,0.8,1.6,1.0,1.0,0.015271334046660074,1.0.0
F3,0.010797751623277093,clock characteristic time,analytic_fractional,coupling,0.8,0.8,1.6,1.0,1.0,0.015741760346845168,1.0.0
F3,0.011220184543019636,clock characteristic time,analytic_fractional,coupling,0.8,0.8,1.6,1.0,1.0,0.016226496405020017,1.0.0
F3,0.011659144011798317,clock characteristic time,analytic_fractional,coupling,0.8,0.8,1.6,1.0,1.0,0.016725966108436036,1.0.0
F3,0.012115276586285882,clock characteristic time,analytic_fractional,coupling,0.8,0.8,1.6,1.0,1.0,0.017240605183854056,1.0.0
F3,0.012589254117941675,clock characteristic time,analytic_fractional,coupling,0.8,0.8,1.6,1.0,1.0,0.017770861482654318,1.0.0
F3,0.013081774742601943,clock characteristic time,analytic_fractional,coupling,0.8,0.8,1.6,1.0,1.0,0.01831719526981063,1.0.0
F3,0.013593563908785255,clock characteristic time,analytic_fractional,coupling,0.8,0.8,1.6,1.0,1.0,0.018880079516558856,1.0.0
F3,0.01412537544622754,clock characteristic time,analytic_fractional,coupling,0.8,0.8,1.6,1.0,1.0,0.019460000196568242,1.0.0
F3,0.014677992676220698,clock characteristic time,analytic_fractional,coupling,0.8,0.8,1.6,1.0,1.0,0.02005745658540207,1.0.0
F3,0.01525222956539019,clock characteristic time,analytic_fractional,coupling,0.8,0.8,1.6,1.0,1.0,0.020672961563029522,1.0.0
F3,0.015848931924611134,clock characteristic time,analytic_fractional,coupling,0.8,0.8,1.6,1.0,1.0,0.02130704191912559,1.0.0
F3,0.01646897865482868,clock characteristic time,analytic_fractional,coupling,0.8,0.8,1.6,1.0,1.0,0.021960238660867968,1.0.0
F3,0.01711328304161781,clock characteristic time,analytic_fractional,coupling,0.8,0.8,1.6,1.0,1.0,0.02263310732291121,1.0.0
F3,0.01778279410038923,clock characteristic time,analytic_fractional,coupling,0.8,0.8,1.6,1.0,1.0,0.023326218279187523,1.0.0
F3,0.018478497974222907,clock characteristic time,analytic_fractional,coupling,0.8,0.8,1.6,1.0,1.0,0.024040157056150625,1.0.0
F3,0.01920141938638801,clock characteristic time,analytic_fractional,coupling,0.8,0.8,1.6,1.0,1.0,0.02477552464704475,1.0.0
F3,0.0199526231496888,clock characteristic time,analytic_fractional,coupling,0.8,0.8,1.6,1.0,1.0,0.025532937826743648,1.0.0
F3,0.02073321573485955,clock characteristic time,analytic_fractional,coupling,0.8,0.8,1.6,1.0,1.0,0.026313029466665697,1.0.0
F3,0.021544346900318832,clock characteristic time,analytic_fractional,coupling,0.8,0.8,1.6,1.0,1.0,0.027116448849230326,1.0.0
F3,0.0223872113856834,clock characteristic time,analytic_fractional,coupling,0.8,0.8,1.6,1.0,1.0,0.027943861981276796,1.0.0
F3,0.02326305067153626,clock characteristic time,analytic_fractional,coupling,0.8,0.8,1.6,1.0,1.0,0.02879595190582099,1.0.0
F3,0.024173154808041036,clock characteristic time,analytic_fractional,coupling,0.8,0.8,1.6,1.0,1.0,0.029673419011477225,1.0.0
F3,0.025118864315095794,clock characteristic time,analytic_fractional,coupling,0.8,0.8,1.6,1.0,1.0,0.03057698133882094,1.0.0
F3,0.026101572156825372,clock characteristic time,analytic_fractional,coupling,0.8,0.8,1.6,1.0,1.0,0.031507374882914774,1.0.0
F3,0.02712272579332028,clock characteristic time,analytic_fractional,coupling,0.8,0.8,1.6,1.0,1.0,0.0324653538911633,1.0.0
F3,0.028183829312644536,clock characteristic time,analytic_fractional,coupling,0.8,0.8,1.6,1.0,1.0,0.03345169115560341,1.0.0
F3,0.02928644564625236,clock characteristic time,analytic_fractional,coupling,0.8,0.8,1.6,1.0,1.0,0.03446717829867409,1.0.0
F3,0.03043219887107722,clock characteristic time,analytic_fractional,coupling,0.8,0.8,1.6,1.0,1.0,0.03551262605144458,1.0.0
F3,0.03162277660168379,clock characteristic time,analytic_fractional,coupling,0.8,0.8,1.6,1.0,1.0,0.0365888645232115,1.0.0
F3,0.03285993247600654,clock characteristic time,analytic_fractional,coupling,0.8,0.8,1.6,1.0,1.0,0.03769674346130402,1.0.0
F3,0.034145488738336005,clock characteristic time,analytic_fractional,coupling,0.8,0.8,1.6,1.0,1.0,0.03883713249986162,1.0.0
F3,0.03548133892335755,clock characteristic time,analytic_fractional,coupling,0.8,0.8,1.6,1.0,1.0,0.040010921396270736,1.0.0
F3,0.03686945064519575,clock characteristic time,analytic_fractional,coupling,0.8,0.8,1.6,1.0,1.0,0.041219020253865896,1.0.0
F3,0.03831186849557287,clock characteristic time,analytic_fractional,coupling,0.8,0.8,1.6,1.0,1.0,0.0424623597294166,1.0.0
F3,0.039810717055349734,clock characteristic time,analytic_fractional,coupling,0.8,0.8,1.6,1.0,1.0,0.04374189122383277,1.0.0
F3,0.04136820402388507,clock characteristic time,analytic_fractional,coupling,0.8,0.8,1.6,1.0,1.0,0.0450585870544312,1.0.0
F3,0.042986623470822764,clock characteristic time,analytic_fractional,coupling,0.8,0.8,1.6,1.0,1.0,0.046413440607011316,1.0.0
F3,0.0446683592150963,clock characteristic time,analytic_fractional,coupling,0.8,0.8,1.6,1.0,1.0,0.047807466465890396,1.0.0
F3,0.046415888336127795,clock characteristic time,analytic_fractional,coupling,0.8,0.8,1.6,1.0,1.0,0.04924170051994811,1.0.0
F3,0.04823178482239307,clock characteristic time,analytic_fractional,coupling,0.8,0.8,1.6,1.0,1.0,0.05071720004262672,1.0.0
F3,0.05011872336272722,clock characteristic time,analytic_fractional,coupling,0.8,0.8,1.6,1.0,1.0,0.05223504374372623,1.0.0
F3,0.052079483285954624,clock characteristic time,analytic_fractional,coupling,0.8,0.8,1.6,1.0,1.0,0.053796331790724704,1.0.0
F3,0.054116952654646375,clock characteristic time,analytic_fractional,coupling,0.8,0.8,1.6,1.0,1.0,0.05540218579724122,1.0.0
F3,0.056234132519034905,clock characteristic time,analytic_fractional,coupling,0.8,0.8,1.6,1.0,1.0,0.0570537487761453,1.0.0
F3,0.05843414133735175,clock characteristic time,analytic_fractional,coupling,0.8,0.8,1.6,1.0,1.0,0.058752185054699646,1.0.0
F3,0.060720219569098836,clock characteristic time,analytic_fractional,coupling,0.8,0.8,1.6,1.0,1.0,0.060498680149003926,1.0.0
F3,0.06309573444801933,clock characteristic time,analytic_fractional,coupling,0.8,0.8,1.6,1.0,1.0,0.06229444059488886,1.0.0
F3,0.06556418494179789,clock characteristic time,analytic_fractional,coupling,0.8,0.8,1.6,1.0,1.0,0.06414069373228709,1.0.0
F3,0.06812920690579612,clock characteristic time,analytic_fractional,coupling,0.8,0.8,1.6,1.0,1.0,0.06603868743998728,1.0.0
F3,0.07079457843841377,clock characteristic time,analytic_fractional,coupling,0.8,0.8,1.6,1.0,1.0,0.06798968981755464,1.0.0
F3,0.07356422544596414,clock characteristic time,analytic_fractional,coupling,0.8,0.8,1.6,1.0,1.0,0.0699949888110814,1.0.0
F3,0.07644222742526002,clock characteristic time,analytic_fractional,coupling,0.8,0.8,1.6,1.0,1.0,0.07205589177930856,1.0.0
F3,0.07943282347242814,clock characteristic time,analytic_fractional,coupling,0.8,0.8,1.6,1.0,1.0,0.07417372499654441,1.0.0
F3,0.08254041852680186,clock characteristic time,analytic_fractional,coupling,0.8,0.8,1.6,1.0,1.0,0.07634983308868773,1.0.0
F3,0.08576958985908942,clock characteristic time,analytic_fractional,coupling,0.8,0.8,1.6,1.0,1.0,0.07858557839855215,1.0.0
F3,0.08912509381337455,clock characteristic time,analytic_fractional,coupling,0.8,0.8,1.6,1.0,1.0,0.0808823402765817,1.0.0
F3,0.09261187281287933,clock characteristic time,analytic_fractional,coupling,0.8,0.8,1.6,1.0,1.0,0.08324151429294428,1.0.0
F3,0.09623506263980887,clock characteristic time,analytic_fractional,coupling,0.8,0.8,1.6,1.0,1.0,0.08566451136689637,1.0.0
F3,0.1,clock characteristic time,analytic_fractional,coupling,0.8,0.8,1.6,1.0,1.0,0.08815275680922367,1.0.0
F3,0.10391223038351691,clock characteristic time,analytic_fractional,coupling,0.8,0.8,1.6,1.0,1.0,0.09070768927348788,1.0.0
F3,0.10797751623277094,clock characteristic time,analytic_fractional,coupling,0.8,0.8,1.6,1.0,1.0,0.09333075961174106,1.0.0
F3,0.1122018454301963,clock characteristic time,analytic_fractional,coupling,0.8,0.8,1.6,1.0,1.0,0.0960234296303165,1.0.0
F3,0.11659144011798311,clock characteristic time,analytic_fractional,coupling,0.8,0.8,1.6,1.0,1.0,0.09878717074126803,1.0.0
F3,0.12115276586285889,clock characteristic time,analytic_fractional,coupling,0.8,0.8,1.6,1.0,1.0,0.10162346250500318,1.0.0
F3,0.12589254117941676,clock characteristic time,analytic_fractional,coupling,0.8,0.8,1.6,1.0,1.0,0.10453379105965561,1.0.0
F3,0.13081774742601943,clock characteristic time,analytic_fractional,coupling,0.8,0.8,1.6,1.0,1.0,0.10751964743275651,1.0.0
F3,0.13593563908785256,clock characteristic time,analytic_fractional,coupling,0.8,0.8,1.6,1.0,1.0,0.11058252573080345,1.0.0
F3,0.1412537544622754,clock characteristic time,analytic_fractional,coupling,0.8,0.8,1.6,1.0,1.0,0.11372392120239203,1.0.0
F3,0.1467799267622069,clock characteristic time,analytic_fractional,coupling,0.8,0.8,1.6,1.0,1.0,0.11694532817066557,1.0.0
F3,0.15252229565390182,clock characteristic time,analytic_fractional,coupling,0.8,0.8,1.6,1.0,1.0,0.12024823783096211,1.0.0
F3,0.1584893192461114,clock characteristic time,analytic_fractional,coupling,0.8,0.8,1.6,1.0,1.0,0.12363413590969491,1.0.0
F3,0.1646897865482869,clock characteristic time,analytic_fractional,coupling,0.8,0.8,1.6,1.0,1.0,0.12710450018069167,1.0.0
F3,0.1711328304161781,clock characteristic time,analytic_fractional,coupling,0.8,0.8,1.6,1.0,1.0,0.130660797835454,1.0.0
F3,0.1778279410038923,clock characteristic time,analytic_fractional,coupling,0.8,0.8,1.6,1.0,1.0,0.1343044827040656,1.0.0
F3,0.18478497974222907,clock characteristic time,analytic_fractional,coupling,0.8,0.8,1.6,1.0,1.0,0.13803699232380895,1.0.0
F3,0.1920141938638801,clock characteristic time,analytic_fractional,coupling,0.8,0.8,1.6,1.0,1.0,0.14185974485289088,1.0.0
F3,0.19952623149688786,clock characteristic time,analytic_fractional,coupling,0.8,0.8,1.6,1.0,1.0,0.14577413582713472,1.0.0
F3,0.2073321573485954,clock characteristic time,analytic_fractional,coupling,0.8,0.8,1.6,1.0,1.0,0.14978153475794553,1.0.0
F3,0.21544346900318845,clock characteristic time,analytic_fractional,coupling,0.8,0.8,1.6,1.0,1.0,0.15388328157037612,1.0.0
F3,0.223872113856834,clock characteristic time,analytic_fractional,coupling,0.8,0.8,1.6,1.0,1.0,0.15808068288075638,1.0.0
F3,0.23263050671536262,clock characteristic time,analytic_fractional,coupling,0.8,0.8,1.6,1.0,1.0,0.16237500811396166,1.0.0
F3,0.24173154808041036,clock characteristic time,analytic_fractional,coupling,0.8,0.8,1.6,1.0,1.0,0.1667674854611535,1.0.0
F3,0.25118864315095796,clock characteristic time,analytic_fractional,coupling,0.8,0.8,1.6,1.0,1.0,0.17125929767958858,1.0.0
F3,0.2610157215682536,clock characteristic time,analytic_fractional,coupling,0.8,0.8,1.6,1.0,1.0,0.17585157773700888,1.0.0
F3,0.2712272579332027,clock characteristic time,analytic_fractional,coupling,0.8,0.8,1.6,1.0,1.0,0.18054540430399368,1.0.0
F3,0.2818382931264455,clock characteristic time,analytic_fractional,coupling,0.8,0.8,1.6,1.0,1.0,0.18534179709875487,1.0.0
F3,0.29286445646252374,clock characteristic time,analytic_fractional,coupling,0.8,0.8,1.6,1.0,1.0,0.19024171208987406,1.0.0
F3,0.3043219887107722,clock characteristic time,analytic_fractional,coupling,0.8,0.8,1.6,1.0,1.0,0.19524603656370498,1.0.0
F3,0.31622776601683794,clock characteristic time,analytic_fractional,coupling,0.8,0.8,1.6,1.0,1.0,0.20035558406438725,1.0.0
F3,0.3285993247600654,clock characteristic time,analytic_fractional,coupling,0.8,0.8,1.6,1.0,1.0,0.20557108921575928,1.0.0
F3,0.34145488738336005,clock characteristic time,analytic_fractional,coupling,0.8,0.8,1.6,1.0,1.0,0.21089320243582566,1.0.0
F3,0.3548133892335753,clock characteristic time,analytic_fractional,coupling,0.8,0.8,1.6,1.0,1.0,0.2163224845559799,1.0.0
F3,0.36869450645195734,clock characteristic time,analytic_fractional,coupling,0.8,0.8,1.6,1.0,1.0,0.22185940135862758,1.0.0
F3,0.38311868495572887,clock characteristic time,analytic_fractional,coupling,0.8,0.8,1.6,1.0,1.0,0.22750431804856386,1.0.0
F3,0.3981071705534973,clock characteristic time,analytic_fractional,coupling,0.8,0.8,1.6,1.0,1.0,0.23325749367505633,1.0.0
F3,0.4136820402388507,clock characteristic time,analytic_fractional,coupling,0.8,0.8,1.6,1.0,1.0,0.23911907552332556,1.0.0
F3,0.42986623470822766,clock characteristic time,analytic_fractional,coupling,0.8,0.8,1.6,1.0,1.0,0.24508909349591135,1.0.0
F3,0.44668359215096304,clock characteristic time,analytic_fractional,coupling,0.8,0.8,1.6,1.0,1.0,0.25116745450614075,1.0.0
F3,0.46415888336127775,clock characteristic time,analytic_fractional,coupling,0.8,0.8,1.6,1.0,1.0,0.2573539369078027,1.0.0
F3,0.4823178482239304,clock characteristic time,analytic_fractional,coupling,0.8,0.8,1.6,1.0,1.0,0.26364818498691345,1.0.0
F3,0.5011872336272725,clock characteristic time,analytic_fractional,coupling,0.8,0.8,1.6,1.0,1.0,0.27004970354328806,1.0.0
F3,0.5207948328595465,clock characteristic time,analytic_fractional,coupling,0.8,0.8,1.6,1.0,1.0,0.27655785259144783,1.0.0
F3,0.5411695265464638,clock characteristic time,analytic_fractional,coupling,0.8,0.8,1.6,1.0,1.0,0.28317184221210023,1.0.0
F3,0.5623413251903491,clock characteristic time,analytic_fractional,coupling,0.8,0.8,1.6,1.0,1.0,0.2898907275871624,1.0.0
F3,0.5843414133735175,clock characteristic time,analytic_fractional,coupling,0.8,0.8,1.6,1.0,1.0,0.29671340425287696,1.0.0
F3,0.6072021956909883,clock characteristic time,analytic_fractional,coupling,0.8,0.8,1.6,1.0,1.0,0.30363860360704886,1.0.0
F3,0.630957344480193,clock characteristic time,analytic_fractional,coupling,0.8,0.8,1.6,1.0,1.0,0.31066488870781084,1.0.0
F3,0.6556418494179785,clock characteristic time,analytic_fractional,coupling,0.8,0.8,1.6,1.0,1.0,0.3177906504024999,1.0.0
F3,0.6812920690579615,clock characteristic time,analytic_fractional,coupling,0.8,0.8,1.6,1.0,1.0,0.3250141038261998,1.0.0
F3,0.707945784384138,clock characteristic time,analytic_fractional,coupling,0.8,0.8,1.6,1.0,1.0,0.3323332853103348,1.0.0
F3,0.7356422544596414,clock characteristic time,analytic_fractional,coupling,0.8,0.8,1.6,1.0,1.0,0.3397460497421373,1.0.0
F3,0.7644222742526002,clock characteristic time,analytic_fractional,coupling,0.8,0.8,1.6,1.0,1.0,0.3472500684161177,1.0.0
F3,0.7943282347242814,clock characteristic time,analytic_fractional,coupling,0.8,0.8,1.6,1.0,1.0,0.35484282741849527,1.0.0
F3,0.8254041852680182,clock characteristic time,analytic_fractional,coupling,0.8,0.8,1.6,1.0,1.0,0.3625216265852048,1.0.0
F3,0.8576958985908937,clock characteristic time,analytic_fractional,coupling,0.8,0.8,1.6,1.0,1.0,0.37028357907316756,1.0.0
F3,0.8912509381337459,clock characteristic time,analytic_fractional,coupling,0.8,0.8,1.6,1.0,1.0,0.3781256115833631,1.0.0
F3,0.9261187281287937,clock characteristic time,analytic_fractional,coupling,0.8,0.8,1.6,1.0,1.0,0.3860444652725299,1.0.0
F3,0.9623506263980888,clock characteristic time,analytic_fractional,coupling,0.8,0.8,1.6,1.0,1.0,0.3940366973882098,1.0.0
F3,1.0,clock characteristic time,analytic_fractional,coupling,0.8,0.8,1.6,1.0,1.0,0.4020986836591952,1.0.0
F3,1.0391223038351691,clock characteristic time,analytic_fractional,coupling,0.8,0.8,1.6,1.0,1.0,0.41022662147037103,1.0.0
F3,1.0797751623277094,clock characteristic time,analytic_fractional,coupling,0.8,0.8,1.6,1.0,1.0,0.41841653384728494,1.0.0
F3,1.122018454301963,clock characteristic time,analytic_fractional,coupling,0.8,0.8,1.6,1.0,1.0,0.4266642742715948,1.0.0
F3,1.165914401179831,clock characteristic time,analytic_fractional,coupling,0.8,0.8,1.6,1.0,1.0,0.43496553234392277,1.0.0
F3,1.2115276586285888,clock characteristic time,analytic_fractional,coupling,0.8,0.8,1.6,1.0,1.0,0.44331584030542714,1.0.0
F3,1.2589254117941675,clock characteristic time,analytic_fractional,coupling,0.8,0.8,1.6,1.0,1.0,0.4517105804236987,1.0.0
F3,1.3081774742601942,clock characteristic time,analytic_fractional,coupling,0.8,0.8,1.6,1.0,1.0,0.4601449932424645,1.0.0
F3,1.3593563908785256,clock characteristic time,analytic_fractional,coupling,0.8,0.8,1.6,1.0,1.0,0.4686141866879634,1.0.0
F3,1.412537544622754,clock characteristic time,analytic_fractional,coupling,0.8,0.8,1.6,1.0,1.0,0.4771131460178403,1.0.0
F3,1.467799267622069,clock characteristic time,analytic_fractional,coupling,0.8,0.8,1.6,1.0,1.0,0.4856367445911077,1.0.0
F3,1.5252229565390183,clock characteristic time,analytic_fractional,coupling,0.8,0.8,1.6,1.0,1.0,0.494179755430048,1.0.0
F3,1.584893192461114,clock characteristic time,analytic_fractional,coupling,0.8,0.8,1.6,1.0,1.0,0.5027368635371798,1.0.0
F3,1.6468978654828688,clock characteristic time,analytic_fractional,coupling,0.8,0.8,1.6,1.0,1.0,0.511302678922362,1.0.0
F3,1.711328304161781,clock characteristic time,analytic_fractional,coupling,0.8,0.8,1.6,1.0,1.0,0.5198717502872537,1.0.0
F3,1.7782794100389228,clock characteristic time,analytic_fractional,coupling,0.8,0.8,1.6,1.0,1.0,0.5284385793063476,1.0.0
F3,1.8478497974222907,clock characteristic time,analytic_fractional,coupling,0.8,0.8,1.6,1.0,1.0,0.5369976354361587,1.0.0
F3,1.920141938638801,clock characteristic time,analytic_fractional,coupling,0.8,0.8,1.6,1.0,1.0,0.5455433711767042,1.0.0
F3,1.9952623149688788,clock characteristic time,analytic_fractional,coupling,0.8,0.8,1.6,1.0,1.0,0.5540702377024376,1.0.0
F3,2.073321573485954,clock characteristic time,analytic_fractional,coupling,0.8,0.8,1.6,1.0,1.0,0.5625727007733707,1.0.0
F3,2.1544346900318843,clock characteristic time,analytic_fractional,coupling,0.8,0.8,1.6,1.0,1.0,0.5710452568313475,1.0.0
F3,2.23872113856834,clock characteristic time,analytic_fractional,coupling,0.8,0.8,1.6,1.0,1.0,0.5794824491814664,1.0.0
F3,2.3263050671536263,clock characteristic time,analytic_fractional,coupling,0.8,0.8,1.6,1.0,1.0,0.587878884154592,1.0.0
F3,2.4173154808041035,clock characteristic time,analytic_fractional,coupling,0.8,0.8,1.6,1.0,1.0,0.5962292471438617,1.0.0
F3,2.5118864315095797,clock characteristic time,analytic_fractional,coupling,0.8,0.8,1.6,1.0,1.0,0.6045283184061715,1.0.0
F3,2.610157215682536,clock characteristic time,analytic_fractional,coupling,0.8,0.8,1.6,1.0,1.0,0.6127709885189236,1.0.0
F3,2.712272579332027,clock characteristic time,analytic_fractional,coupling,0.8,0.8,1.6,1.0,1.0,0.6209522733828721,1.0.0
F3,2.818382931264452,clock characteristic time,analytic_fractional,coupling,0.8,0.8,1.6,1.0,1.0,0.6290673286637967,1.0.0
F3,2.9286445646252375,clock characteristic time,analytic_fractional,coupling,0.8,0.8,1.6,1.0,1.0,0.6371114635689844,1.0.0
F3,3.043219887107722,clock characteristic time,analytic_fractional,coupling,0.8,0.8,1.6,1.0,1.0,0.6450801538590765,1.0.0
F3,3.1622776601683795,clock characteristic time,analytic_fractional,coupling,0.8,0.8,1.6,1.0,1.0,0.6529690540018069,1.0.0
F3,3.285993247600654,clock characteristic time,analytic_fractional,coupling,0.8,0.8,1.6,1.0,1.0,0.6607740083813475,1.0.0
F3,3.4145488738336005,clock characteristic time,analytic_fractional,coupling,0.8,0.8,1.6,1.0,1.0,0.6684910614854618,1.0.0
F3,3.5481338923357533,clock characteristic time,analytic_fractional,coupling,0.8,0.8,1.6,1.0,1.0,0.6761164670021834,1.0.0
F3,3.6869450645195734,clock characteristic time,analytic_fractional,coupling,0.8,0.8,1.6,1.0,1.0,0.6836466957683296,1.0.0
F3,3.831186849557289,clock characteristic time,analytic_fractional,coupling,0.8,0.8,1.6,1.0,1.0,0.6910784425235146,1.0.0
F3,3.981071705534973,clock characteristic time,analytic_fractional,coupling,0.8,0.8,1.6,1.0,1.0,0.6984086314354053,1.0.0
F3,4.136820402388507,clock characteristic time,analytic_fractional,coupling,0.8,0.8,1.6,1.0,1.0,0.7056344203745009,1.0.0
F3,4.298662347082277,clock characteristic time,analytic_fractional,coupling,0.8,0.8,1.6,1.0,1.0,0.7127532039295259,1.0.0
F3,4.46683592150963,clock characteristic time,analytic_fractional,coupling,0.8,0.8,1.6,1.0,1.0,0.7197626151674023,1.0.0
F3,4.6415888336127775,clock characteristic time,analytic_fractional,coupling,0.8,0.8,1.6,1.0,1.0,0.7266605261545066,1.0.0
F3,4.823178482239304,clock characteristic time,analytic_fractional,coupling,0.8,0.8,1.6,1.0,1.0,0.7334450472682618,1.0.0
F3,5.011872336272719,clock characteristic time,analytic_fractional,coupling,0.8,0.8,1.6,1.0,1.0,0.7401145253398826,1.0.0
F3,5.207948328595465,clock characteristic time,analytic_fractional,coupling,0.8,0.8,1.6,1.0,1.0,0.7466675406801035,1.0.0
F3,5.411695265464638,clock characteristic time,analytic_fractional,coupling,0.8,0.8,1.6,1.0,1.0,0.7531029030497416,1.0.0
F3,5.62341325190349,clock characteristic time,analytic_fractional,coupling,0.8,0.8,1.6,1.0,1.0,0.7594196466458674,1.0.0
F3,5.843414133735175,clock characteristic time,analytic_fractional,coupling,0.8,0.8,1.6,1.0,1.0,0.7656170241820197,1.0.0
F3,6.072021956909884,clock characteristic time,analytic_fractional,coupling,0.8,0.8,1.6,1.0,1.0,0.7716945001471999,1.0.0
F3,6.30957344480193,clock characteristic time,analytic_fractional,coupling,0.8,0.8,1.6,1.0,1.0,0.777651743333261,1.0.0
F3,6.556418494179785,clock characteristic time,analytic_fractional,coupling,0.8,0.8,1.6,1.0,1.0,0.7834886187237164,1.0.0
F3,6.812920690579615,clock characteristic time,analytic_fractional,coupling,0.8,0.8,1.6,1.0,1.0,0.789205178838923,1.0.0
F3,7.07945784384138,clock characteristic time,analytic_fractional,coupling,0.8,0.8,1.6,1.0,1.0,0.7948016546330885,1.0.0
F3,7.3564225445964135,clock characteristic time,analytic_fractional,coupling,0.8,0.8,1.6,1.0,1.0,0.8002784460376617,1.0.0
F3,7.644222742526002,clock characteristic time,analytic_fractional,coupling,0.8,0.8,1.6,1.0,1.0,0.8056361122434788,1.0.0
F3,7.943282347242813,clock characteristic time,analytic_fractional,coupling,0.8,0.8,1.6,1.0,1.0,0.81087536181067,1.0.0
F3,8.254041852680182,clock characteristic time,analytic_fractional,coupling,0.8,0.8,1.6,1.0,1.0,0.8159970426909289,1.0.0
F3,8.576958985908938,clock characteristic time,analytic_fractional,coupling,0.8,0.8,1.6,1.0,1.0,0.8210021322414301,1.0.0
F3,8.91250938133745,clock characteristic time,analytic_fractional,coupling,0.8,0.8,1.6,1.0,1.0,0.8258917273036682,1.0.0
F3,9.261187281287937,clock characteristic time,analytic_fractional,coupling,0.8,0.8,1.6,1.0,1.0,0.8306670344138729,1.0.0
F3,9.623506263980888,clock characteristic time,analytic_fractional,coupling,0.8,0.8,1.6,1.0,1.0,0.8353293602046732,1.0.0
F3,10.0,clock characteristic time,analytic_fractional,coupling,0.8,0.8,1.6,1.0,1.0,0.8398801020504719,1.0.0
F3,10.39122303835169,clock characteristic time,analytic_fractional,coupling,0.8,0.8,1.6,1.0,1.0,0.8443207390016769,1.0.0
F3,10.797751623277094,clock characteristic time,analytic_fractional,coupling,0.8,0.8,1.6,1.0,1.0,0.8486528230457211,1.0.0
F3,11.220184543019629,clock characteristic time,analytic_fractional,coupling,0.8,0.8,1.6,1.0,1.0,0.8528779707257664,1.0.0
F3,11.659144011798311,clock characteristic time,analytic_fractional,coupling,0.8,0.8,1.6,1.0,1.0,0.856997855141262,1.0.0
F3,12.115276586285876,clock characteristic time,analytic_fractional,coupling,0.8,0.8,1.6,1.0,1.0,0.8610141983481935,1.0.0
F3,12.589254117941662,clock characteristic time,analytic_fractional,coupling,0.8,0.8,1.6,1.0,1.0,0.8649287641709993,1.0.0
F3,13.081774742601928,clock characteristic time,analytic_fractional,coupling,0.8,0.8,1.6,1.0,1.0,0.8687433514327954,1.0.0
F3,13.593563908785242,clock characteristic time,analytic_fractional,coupling,0.8,0.8,1.6,1.0,1.0,0.8724597876057415,1.0.0
F3,14.125375446227554,clock characteristic time,analytic_fractional,coupling,0.8,0.8,1.6,1.0,1.0,0.8760799228791869,1.0.0
F3,14.677992676220706,clock characteristic time,analytic_fractional,coupling,0.8,0.8,1.6,1.0,1.0,0.879605624639562,1.0.0
F3,15.252229565390198,clock characteristic time,analytic_fractional,coupling,0.8,0.8,1.6,1.0,1.0,0.8830387723529035,1.0.0
F3,15.848931924611142,clock characteristic time,analytic_fractional,coupling,0.8,0.8,1.6,1.0,1.0,0.8863812528383358,1.0.0
F3,16.46897865482869,clock characteristic time,analytic_fractional,coupling,0.8,0.8,1.6,1.0,1.0,0.8896349559187751,1.0.0
F3,17.11328304161781,clock characteristic time,analytic_fractional,coupling,0.8,0.8,1.6,1.0,1.0,0.8928017704335299,1.0.0
F3,17.78279410038923,clock characteristic time,analytic_fractional,coupling,0.8,0.8,1.6,1.0,1.0,0.8958835805962907,1.0.0
F3,18.478497974222908,clock characteristic time,analytic_fractional,coupling,0.8,0.8,1.6,1.0,1.0,0.898882262681209,1.0.0
F3,19.20141938638801,clock characteristic time,analytic_fractional,coupling,0.8,0.8,1.6,1.0,1.0,0.9017996820192808,1.0.0
F3,19.952623149688787,clock characteristic time,analytic_fractional,coupling,0.8,0.8,1.6,1.0,1.0,0.904637690287069,1.0.0
F3,20.73321573485954,clock characteristic time,analytic_fractional,coupling,0.8,0.8,1.6,1.0,1.0,0.9073981230698359,1.0.0
F3,21.54434690031882,clock characteristic time,analytic_fractional,coupling,0.8,0.8,1.6,1.0,1.0,0.9100827976814119,1.0.0
F3,22.38721138568338,clock characteristic time,analytic_fractional,coupling,0.8,0.8,1.6,1.0,1.0,0.91269351122352,1.0.0
F3,23.263050671536238,clock characteristic time,analytic_fractional,coupling,0.8,0.8,1.6,1.0,1.0,0.9152320388678186,1.0.0
F3,24.173154808041012,clock characteristic time,analytic_fractional,coupling,0.8,0.8,1.6,1.0,1.0,0.9177001323445402,1.0.0
F3,25.11886431509582,clock characteristic time,analytic_fractional,coupling,0.8,0.8,1.6,1.0,1.0,0.9200995186223103,1.0.0
F3,26.101572156825384,clock characteristic time,analytic_fractional,coupling,0.8,0.8,1.6,1.0,1.0,0.9224318987644661,1.0.0
F3,27.122725793320296,clock characteristic time,analytic_fractional,coupling,0.8,0.8,1.6,1.0,1.0,0.924698946947974,1.0.0
F3,28.183829312644548,clock characteristic time,analytic_fractional,coupling,0.8,0.8,1.6,1.0,1.0,0.9269023096318256,1.0.0
F3,29.28644564625237,clock characteristic time,analytic_fractional,coupling,0.8,0.8,1.6,1.0,1.0,0.9290436048625732,1.0.0
F3,30.432198871077222,clock characteristic time,analytic_fractional,coupling,0.8,0.8,1.6,1.0,1.0,0.9311244217054466,1.0.0
F3,31.622776601683793,clock characteristic time,analytic_fractional,coupling,0.8,0.8,1.6,1.0,1.0,0.933146319790243,1.0.0
F3,32.85993247600654,clock characteristic time,analytic_fractional,coupling,0.8,0.8,1.6,1.0,1.0,0.9351108289619099,1.0.0
F3,34.145488738336006,clock characteristic time,analytic_fractional,coupling,0.8,0.8,1.6,1.0,1.0,0.9370194490264501,1.0.0
F3,35.481338923357534,clock characteristic time,analytic_fractional,coupling,0.8,0.8,1.6,1.0,1.0,0.9388736495834391,1.0.0
F3,36.869450645195734,clock characteristic time,analytic_fractional,coupling,0.8,0.8,1.6,1.0,1.0,0.9406748699370826,1.0.0
F3,38.31186849557285,clock characteristic time,analytic_fractional,coupling,0.8,0.8,1.6,1.0,1.0,0.9424245190783492,1.0.0
F3,39.81071705534969,clock characteristic time,analytic_fractional,coupling,0.8,0.8,1.6,1.0,1.0,0.9441239757312682,1.0.0
F3,41.36820402388503,clock characteristic time,analytic_fractional,coupling,0.8,0.8,1.6,1.0,1.0,0.94577458845702,1.0.0
F3,42.98662347082272,clock characteristic time,analytic_fractional,coupling,0.8,0.8,1.6,1.0,1.0,0.9473776758099443,1.0.0
F3,44.668359215096345,clock characteristic time,analytic_fractional,coupling,0.8,0.8,1.6,1.0,1.0,0.9489345265400485,1.0.0
F3,46.41588833612782,clock characteristic time,analytic_fractional,coupling,0.8,0.8,1.6,1.0,1.0,0.9504463998370397,1.0.0
F3,48.23178482239309,clock characteristic time,analytic_fractional,coupling,0.8,0.8,1.6,1.0,1.0,0.9519145256112979,1.0.0
F3,50.118723362727245,clock characteristic time,analytic_fractional,coupling,0.8,0.8,1.6,1.0,1.0,0.9533401048075865,1.0.0
F3,52.07948328595465,clock characteristic time,analytic_fractional,coupling,0.8,0.8,1.6,1.0,1.0,0.9547243097476404,1.0.0
F3,54.116952654646376,clock characteristic time,analytic_fractional,coupling,0.8,0.8,1.6,1.0,1.0,0.9560682844980937,1.0.0
F3,56.23413251903491,clock characteristic time,analytic_fractional,coupling,0.8,0.8,1.6,1.0,1.0,0.9573731452605034,1.0.0
F3,58.434141337351754,clock characteristic time,analytic_fractional,coupling,0.8,0.8,1.6,1.0,1.0,0.9586399807805062,1.0.0
F3,60.72021956909884,clock characteristic time,analytic_fractional,coupling,0.8,0.8,1.6,1.0,1.0,0.9598698527733903,1.0.0
F3,63.0957344480193,clock characteristic time,analytic_fractional,coupling,0.8,0.8,1.6,1.0,1.0,0.961063796363609,1.0.0
F3,65.56418494179785,clock characteristic time,analytic_fractional,coupling,0.8,0.8,1.6,1.0,1.0,0.962222820535967,1.0.0
F3,68.12920690579608,clock characteristic time,analytic_fractional,coupling,0.8,0.8,1.6,1.0,1.0,0.9633479085964232,1.0.0
F3,70.79457843841374,clock characteristic time,analytic_fractional,coupling,0.8,0.8,1.6,1.0,1.0,0.9644400186406246,1.0.0
F3,73.56422544596406,clock characteristic time,analytic_fractional,coupling,0.8,0.8,1.6,1.0,1.0,0.9655000840284669,1.0.0
F3,76.44222742525994,clock characteristic time,analytic_fractional,coupling,0.8,0.8,1.6,1.0,1.0,0.9665290138631238,1.0.0
F3,79.43282347242821,clock characteristic time,analytic_fractional,coupling,0.8,0.8,1.6,1.0,1.0,0.9675276934731397,1.0.0
F3,82.5404185268019,clock characteristic time,analytic_fractional,coupling,0.8,0.8,1.6,1.0,1.0,0.9684969848963034,1.0.0
F3,85.76958985908946,clock characteristic time,analytic_fractional,coupling,0.8,0.8,1.6,1.0,1.0,0.9694377273641523,1.0.0
F3,89.12509381337459,clock characteristic time,analytic_fractional,coupling,0.8,0.8,1.6,1.0,1.0,0.9703507377860618,1.0.0
F3,92.61187281287937,clock characteristic time,analytic_fractional,coupling,0.8,0.8,1.6,1.0,1.0,0.9712368112319767,1.0.0
F3,96.23506263980887,clock characteristic time,analytic_fractional,coupling,0.8,0.8,1.6,1.0,1.0,0.9720967214129449,1.0.0
F3,100.0,clock characteristic time,analytic_fractional,coupling,0.8,0.8,1.6,1.0,1.0,0.9729312211586892,1.0.0
F3,0.001,clock characteristic time,analytic_fractional,combined,0.8,0.8,1.6,1.0,1.0,5.6187396462399485e-06,1.0.0
F3,0.001039122303835169,clock characteristic time,analytic_fractional,combined,0.8,0.8,1.6,1.0,1.0,5.973887037268022e-06,1.0.0
F3,0.0010797751623277093,clock characteristic time,analytic_fractional,combined,0.8,0.8,1.6,1.0,1.0,6.351460344508252e-06,1.0.0
F3,0.001122018454301963,clock characteristic time,analytic_fractional,combined,0.8,0.8,1.6,1.0,1.0,6.7528735301860056e-06,1.0.0
F3,0.0011659144011798323,clock characteristic time,analytic_fractional,combined,0.8,0.8,1.6,1.0,1.0,7.179629502163922e-06,1.0.0
F3,0.001211527658628589,clock characteristic time,analytic_fractional,combined,0.8,0.8,1.6,1.0,1.0,7.633325689330185e-06,1.0.0
F3,0.0012589254117941675,clock characteristic time,analytic_fractional,combined,0.8,0.8,1.6,1.0,1.0,8.115659964566896e-06,1.0.0
F3,0.0013081774742601943,clock characteristic time,analytic_fractional,combined,0.8,0.8,1.6,1.0,1.0,8.628436936783754e-06,1.0.0
F3,0.0013593563908785254,clock characteristic time,analytic_fractional,combined,0.8,0.8,1.6,1.0,1.0,9.173574634813076e-06,1.0.0
F3,0.001412537544622754,clock characteristic time,analytic_fractional,combined,0.8,0.8,1.6,1.0,1.0,9.753111607350672e-06,1.0.0
F3,0.001467799267622069,clock characteristic time,analytic_fractional,combined,0.8,0.8,1.6,1.0,1.0,1.0369214464598416e-05,1.0.0
F3,0.0015252229565390183,clock characteristic time,analytic_fractional,combined,0.8,0.8,1.6,1.0,1.0,1.102418588882328e-05,1.0.0
F3,0.001584893192461114,clock characteristic time,analytic_fractional,combined,0.8,0.8,1.6,1.0,1.0,1.1720473142698687e-05,1.0.0
F3,0.0016468978654828688,clock characteristic time,analytic_fractional,combined,0.8,0.8,1.6,1.0,1.0,1.2460677106043266e-05,1.0.0
F3,0.001711328304161781,clock characteristic time,analytic_fractional,combined,0.8,0.8,1.6,1.0,1.0,1.324756187342426e-05,1.0.0
F3,0.0017782794100389228,clock characteristic time,analytic_fractional,combined,0.8,0.8,1.6,1.0,1.0,1.4084064947053938e-05,1.0.0
F3,0.0018478497974222907,clock characteristic time,analytic_fractional,combined,0.8,0.8,1.6,1.0,1.0,1.497330806148452e-05,1.0.0
F3,0.001920141938638801,clock characteristic time,analytic_fractional,combined,0.8,0.8,1.6,1.0,1.0,1.591860867880476e-05,1.0.0
F3,0.001995262314968879,clock characteristic time,analytic_fractional,combined,0.8,0.8,1.6,1.0,1.0,1.692349219536861e-05,1.0.0
F3,0.002073321573485954,clock characteristic time,analytic_fractional,combined,0.8,0.8,1.6,1.0,1.0,1.7991704903548358e-05,1.0.0
F3,0.0021544346900318843,clock characteristic time,analytic_fractional,combined,0.8,0.8,1.6,1.0,1.0,1.912722775461031e-05,1.0.0
F3,0.00223872113856834,clock characteristic time,analytic_fractional,combined,0.8,0.8,1.6,1.0,1.0,2.0334290971567033e-05,1.0.0
F3,0.0023263050671536263,clock characteristic time,analytic_fractional,combined,0.8,0.8,1.6,1.0,1.0,2.1617389563776755e-05,1.0.0
F3,0.0024173154808041037,clock characteristic time,analytic_fractional,combined,0.8,0.8,1.6,1.0,1.0,2.2981299798141925e-05,1.0.0
F3,0.0025118864315095794,clock characteristic time,analytic_fractional,combined,0.8,0.8,1.6,1.0,1.0,2.44310966850215e-05,1.0.0
F3,0.0026101572156825357,clock characteristic time,analytic_fractional,combined,0.8,0.8,1.6,1.0,1.0,2.597217254041616e-05,1.0.0
F3,0.0027122725793320298,clock characteristic time,analytic_fractional,combined,0.8,0.8,1.6,1.0,1.0,2.7610256689629267e-05,1.0.0
F3,0.002818382931264455,clock characteristic time,analytic_fractional,combined,0.8,0.8,1.6,1.0,1.0,2.9351436381456317e-05,1.0.0
F3,0.0029286445646252374,clock characteristic time,analytic_fractional,combined,0.8,0.8,1.6,1.0,1.0,3.120217898602163e-05,1.0.0
F3,0.003043219887107722,clock characteristic time,analytic_fractional,combined,0.8,0.8,1.6,1.0,1.0,3.316935555367733e-05,1.0.0
F3,0.0031622776601683794,clock characteristic time,analytic_fractional,combined,0.8,0.8,1.6,1.0,1.0,3.5260265816916314e-05,1.0.0
F3,0.003285993247600654,clock characteristic time,analytic_fractional,combined,0.8,0.8,1.6,1.0,1.0,3.748266472204001e-05,1.0.0
F3,0.003414548873833601,clock characteristic time,analytic_fractional,combined,0.8,0.8,1.6,1.0,1.0,3.9844790582376745e-05,1.0.0
F3,0.0035481338923357532,clock characteristic time,analytic_fractional,combined,0.8,0.8,1.6,1.0,1.0,4.235539495018174e-05,1.0.0
F3,0.0036869450645195733,clock characteristic time,analytic_fractional,combined,0.8,0.8,1.6,1.0,1.0,4.5023774309976216e-05,1.0.0
F3,0.003831186849557289,clock characteristic time,analytic_fractional,combined,0.8,0.8,1.6,1.0,1.0,4.7859803702018833e-05,1.0.0
F3,0.003981071705534973,clock characteristic time,analytic_fractional,combined,0.8,0.8,1.6,1.0,1.0,5.0873972390859137e-05,1.0.0
F3,0.004136820402388507,clock characteristic time,analytic_fractional,combined,0.8,0.8,1.6,1.0,1.0,5.407742170051995e-05,1.0.0
F3,0.004298662347082277,clock characteristic time,analytic_fractional,combined,0.8,0.8,1.6,1.0,1.0,5.7481985144801904e-05,1.0.0
F3,0.0044668359215096305,clock characteristic time,analytic_fractional,combined,0.8,0.8,1.6,1.0,1.0,6.110023098852661e-05,1.0.0
F3,0.004641588833612777,clock characteristic time,analytic_fractional,combined,0.8,0.8,1.6,1.0,1.0,6.49455073832398e-05,1.0.0
F3,0.004823178482239309,clock characteristic time,analytic_fractional,combined,0.8,0.8,1.6,1.0,1.0,6.903199022901053e-05,1.0.0
F3,0.005011872336272725,clock characteristic time,analytic_fractional,combined,0.8,0.8,1.6,1.0,1.0,7.337473392249723e-05,1.0.0
F3,0.005207948328595465,clock characteristic time,analytic_fractional,combined,0.8,0.8,1.6,1.0,1.0,7.798972516043166e-05,1.0.0
F3,0.0054116952654646375,clock characteristic time,analytic_fractional,combined,0.8,0.8,1.6,1.0,1.0,8.289393997710786e-05,1.0.0
F3,0.005623413251903491,clock characteristic time,analytic_fractional,combined,0.8,0.8,1.6,1.0,1.0,8.810540420438606e-05,1.0.0
F3,0.005843414133735175,clock characteristic time,analytic_fractional,combined,0.8,0.8,1.6,1.0,1.0,9.364325755313894e-05,1.0.0
F3,0.006072021956909884,clock characteristic time,analytic_fractional,combined,0.8,0.8,1.6,1.0,1.0,9.952782152600911e-05,1.0.0
F3,0.006309573444801929,clock characteristic time,analytic_fractional,combined,0.8,0.8,1.6,1.0,1.0,0.00010578067138282471,1.0.0
F3,0.006556418494179785,clock characteristic time,analytic_fractional,combined,0.8,0.8,1.6,1.0,1.0,0.00011242471239206726,1.0.0
F3,0.006812920690579615,clock characteristic time,analytic_fractional,combined,0.8,0.8,1.6,1.0,1.0,0.00011948426061440218,1.0.0
F3,0.00707945784384138,clock characteristic time,analytic_fractional,combined,0.8,0.8,1.6,1.0,1.0,0.00012698512847751354,1.0.0
F3,0.007356422544596414,clock characteristic time,analytic_fractional,combined,0.8,0.8,1.6,1.0,1.0,0.00013495471541533535,1.0.0
F3,0.007644222742526002,clock characteristic time,analytic_fractional,combined,0.8,0.8,1.6,1.0,1.0,0.00014342210385925663,1.0.0
F3,0.007943282347242814,clock characteristic time,analytic_fractional,combined,0.8,0.8,1.6,1.0,1.0,0.00015241816088404115,1.0.0
F3,0.008254041852680182,clock characteristic time,analytic_fractional,combined,0.8,0.8,1.6,1.0,1.0,0.0001619756458270374,1.0.0
F3,0.008576958985908946,clock characteristic time,analytic_fractional,combined,0.8,0.8,1.6,1.0,1.0,0.00017212932421579614,1.0.0
F3,0.008912509381337459,clock characteristic time,analytic_fractional,combined,0.8,0.8,1.6,1.0,1.0,0.00018291608835646977,1.0.0
F3,0.009261187281287938,clock characteristic time,analytic_fractional,combined,0.8,0.8,1.6,1.0,1.0,0.00019437508495337023,1.0.0
F3,0.009623506263980888,clock characteristic time,analytic_fractional,combined,0.8,0.8,1.6,1.0,1.0,0.0002065478501487995,1.0.0
F3,0.01,clock characteristic time,analytic_fractional,combined,0.8,0.8,1.6,1.0,1.0,0.00021947845239179053,1.0.0
F3,0.01039122303835169,clock characteristic time,analytic_fractional,combined,0.8,0.8,1.6,1.0,1.0,0.00023321364356467916,1.0.0
F3,0.010797751623277093,clock characteristic time,analytic_fractional,combined,0.8,0.8,1.6,1.0,1.0,0.0002478030188175069,1.0.0
F3,0.011220184543019636,clock characteristic time,analytic_fractional,combined,0.8,0.8,1.6,1.0,1.0,0.00026329918558212756,1.0.0
F3,0.011659144011798317,clock characteristic time,analytic_fractional,combined,0.8,0.8,1.6,1.0,1.0,0.00027975794226055094,1.0.0
F3,0.012115276586285882,clock characteristic time,analytic_fractional,combined,0.8,0.8,1.6,1.0,1.0,0.00029723846710553537,1.0.0
F3,0.012589254117941675,clock characteristic time,analytic_fractional,combined,0.8,0.8,1.6,1.0,1.0,0.00031580351783568685,1.0.0
F3,0.013081774742601943,clock characteristic time,analytic_fractional,combined,0.8,0.8,1.6,1.0,1.0,0.0003355196425523729,1.0.0
F3,0.013593563908785255,clock characteristic time,analytic_fractional,combined,0.8,0.8,1.6,1.0,1.0,0.0003564574025515853,1.0.0
F3,0.01412537544622754,clock characteristic time,analytic_fractional,combined,0.8,0.8,1.6,1.0,1.0,0.00037869160765043606,1.0.0
F3,0.014677992676220698,clock characteristic time,analytic_fractional,combined,0.8,0.8,1.6,1.0,1.0,0.0004023015646752888,1.0.0
F3,0.01525222956539019,clock characteristic time,analytic_fractional,combined,0.8,0.8,1.6,1.0,1.0,0.00042737133978649604,1.0.0
F3,0.015848931924611134,clock characteristic time,analytic_fractional,combined,0.8,0.8,1.6,1.0,1.0,0.0004539900353433751,1.0.0
F3,0.01646897865482868,clock characteristic time,analytic_fractional,combined,0.8,0.8,1.6,1.0,1.0,0.00048225208204228016,1.0.0
F3,0.01711328304161781,clock characteristic time,analytic_fractional,combined,0.8,0.8,1.6,1.0,1.0,0.0005122575470904171,1.0.0
F3,0.01778279410038923,clock characteristic time,analytic_fractional,combined,0.8,0.8,1.6,1.0,1.0,0.0005441124592083022,1.0.0
F3,0.018478497974222907,clock characteristic time,analytic_fractional,combined,0.8,0.8,1.6,1.0,1.0,0.0005779291512843887,1.0.0
F3,0.01920141938638801,clock characteristic time,analytic_fractional,combined,0.8,0.8,1.6,1.0,1.0,0.0006138266215363219,1.0.0
F3,0.0199526231496888,clock characteristic time,analytic_fractional,combined,0.8,0.8,1.6,1.0,1.0,0.0006519309140643566,1.0.0
F3,0.02073321573485955,clock characteristic time,analytic_fractional,combined,0.8,0.8,1.6,1.0,1.0,0.0006923755197136173,1.0.0
F3,0.021544346900318832,clock characteristic time,analytic_fractional,combined,0.8,0.8,1.6,1.0,1.0,0.0007353017981929247,1.0.0
F3,0.0223872113856834,clock characteristic time,analytic_fractional,combined,0.8,0.8,1.6,1.0,1.0,0.0007808594224286467,1.0.0
F3,0.02326305067153626,clock characteristic time,analytic_fractional,combined,0.8,0.8,1.6,1.0,1.0,0.0008292068461623555,1.0.0
F3,0.024173154808041036,clock characteristic time,analytic_fractional,combined,0.8,0.8,1.6,1.0,1.0,0.000880511795830698,1.0.0
F3,0.025118864315095794,clock characteristic time,analytic_fractional,combined,0.8,0.8,1.6,1.0,1.0,0.000934951787794604,1.0.0
F3,0.026101572156825372,clock characteristic time,analytic_fractional,combined,0.8,0.8,1.6,1.0,1.0,0.0009927146720125287,1.0.0
F3,0.02712272579332028,clock characteristic time,analytic_fractional,combined,0.8,0.8,1.6,1.0,1.0,0.0010539992032784719,1.0.0
F3,0.028183829312644536,clock characteristic time,analytic_fractional,combined,0.8,0.8,1.6,1.0,1.0,0.0011190156411698756,1.0.0
F3,0.02928644564625236,clock characteristic time,analytic_fractional,combined,0.8,0.8,1.6,1.0,1.0,0.0011879863798725898,1.0.0
F3,0.03043219887107722,clock characteristic time,analytic_fractional,combined,0.8,0.8,1.6,1.0,1.0,0.0012611466090697405,1.0.0
F3,0.03162277660168379,clock characteristic time,analytic_fractional,combined,0.8,0.8,1.6,1.0,1.0,0.0013387450070979252,1.0.0
F3,0.03285993247600654,clock characteristic time,analytic_fractional,combined,0.8,0.8,1.6,1.0,1.0,0.0014210444675873675,1.0.0
F3,0.034145488738336005,clock characteristic time,analytic_fractional,combined,0.8,0.8,1.6,1.0,1.0,0.0015083228608118078,1.0.0
F3,0.03548133892335755,clock characteristic time,analytic_fractional,combined,0.8,0.8,1.6,1.0,1.0,0.0016008738309785553,1.0.0
F3,0.03686945064519575,clock characteristic time,analytic_fractional,combined,0.8,0.8,1.6,1.0,1.0,0.001699007630688607,1.0.0
F3,0.03831186849557287,clock characteristic time,analytic_fractional,combined,0.8,0.8,1.6,1.0,1.0,0.0018030519937903807,1.0.0
F3,0.039810717055349734,clock characteristic time,analytic_fractional,combined,0.8,0.8,1.6,1.0,1.0,0.0019133530478376182,1.0.0
F3,0.04136820402388507,clock characteristic time,analytic_fractional,combined,0.8,0.8,1.6,1.0,1.0,0.0020302762673417548,1.0.0
F3,0.042986623470822764,clock characteristic time,analytic_fractional,combined,0.8,0.8,1.6,1.0,1.0,0.002154207468980567,1.0.0
F3,0.0446683592150963,clock characteristic time,analytic_fractional,combined,0.8,0.8,1.6,1.0,1.0,0.002285553849887235,1.0.0
F3,0.046415888336127795,clock characteristic time,analytic_fractional,combined,0.8,0.8,1.6,1.0,1.0,0.002424745070096258,1.0.0
F3,0.04823178482239307,clock characteristic time,analytic_fractional,combined,0.8,0.8,1.6,1.0,1.0,0.0025722343801638154,1.0.0
F3,0.05011872336272722,clock characteristic time,analytic_fractional,combined,0.8,0.8,1.6,1.0,1.0,0.0027284997949089925,1.0.0
F3,0.052079483285954624,clock characteristic time,analytic_fractional,combined,0.8,0.8,1.6,1.0,1.0,0.0028940453141377376,1.0.0
F3,0.054116952654646375,clock characteristic time,analytic_fractional,combined,0.8,0.8,1.6,1.0,1.0,0.0030694021911120365,1.0.0
F3,0.056234132519034905,clock characteristic time,analytic_fractional,combined,0.8,0.8,1.6,1.0,1.0,0.0032551302494115016,1.0.0
F3,0.05843414133735175,clock characteristic time,analytic_fractional,combined,0.8,0.8,1.6,1.0,1.0,0.0034518192487016726,1.0.0
F3,0.060720219569098836,clock characteristic time,analytic_fractional,combined,0.8,0.8,1.6,1.0,1.0,0.003660090299771482,1.0.0
F3,0.06309573444801933,clock characteristic time,analytic_fractional,combined,0.8,0.8,1.6,1.0,1.0,0.0038805973290301373,1.0.0
F3,0.06556418494179789,clock characteristic time,analytic_fractional,combined,0.8,0.8,1.6,1.0,1.0,0.004114028592459053,1.0.0
F3,0.06812920690579612,clock characteristic time,analytic_fractional,combined,0.8,0.8,1.6,1.0,1.0,0.004361108238796334,1.0.0
F3,0.07079457843841377,clock characteristic time,analytic_fractional,combined,0.8,0.8,1.6,1.0,1.0,0.004622597921487294,1.0.0
F3,0.07356422544596414,clock characteristic time,analytic_fractional,combined,0.8,0.8,1.6,1.0,1.0,0.004899298458663411,1.0.0
F3,0.07644222742526002,clock characteristic time,analytic_fractional,combined,0.8,0.8,1.6,1.0,1.0,0.0051920515401114265,1.0.0
F3,0.07943282347242814,clock characteristic time,analytic_fractional,combined,0.8,0.8,1.6,1.0,1.0,0.0055017414798629975,1.0.0
F3,0.08254041852680186,clock characteristic time,analytic_fractional,combined,0.8,0.8,1.6,1.0,1.0,0.0058292970126704756,1.0.0
F3,0.08576958985908942,clock characteristic time,analytic_fractional,combined,0.8,0.8,1.6,1.0,1.0,0.006175693132234986,1.0.0
F3,0.08912509381337455,clock characteristic time,analytic_fractional,combined,0.8,0.8,1.6,1.0,1.0,0.00654195296861675,1.0.0
F3,0.09261187281287933,clock characteristic time,analytic_fractional,combined,0.8,0.8,1.6,1.0,1.0,0.006929149701782447,1.0.0
F3,0.09623506263980887,clock characteristic time,analytic_fractional,combined,0.8,0.8,1.6,1.0,1.0,0.007338408507729118,1.0.0
F3,0.1,clock characteristic time,analytic_fractional,combined,0.8,0.8,1.6,1.0,1.0,0.00777090853306613,1.0.0
F3,0.10391223038351691,clock characteristic time,analytic_fractional,combined,0.8,0.8,1.6,1.0,1.0,0.008227884893335627,1.0.0
F3,0.10797751623277094,clock characteristic time,analytic_fractional,combined,0.8,0.8,1.6,1.0,1.0,0.008710630689704596,1.0.0
F3,0.1122018454301963,clock characteristic time,analytic_fractional,combined,0.8,0.8,1.6,1.0,1.0,0.009220499037968346,1.0.0
F3,0.11659144011798311,clock characteristic time,analytic_fractional,combined,0.8,0.8,1.6,1.0,1.0,0.009758905103064442,1.0.0
F3,0.12115276586285889,clock characteristic time,analytic_fractional,combined,0.8,0.8,1.6,1.0,1.0,0.010327328131505786,1.0.0
F3,0.12589254117941676,clock characteristic time,analytic_fractional,combined,0.8,0.8,1.6,1.0,1.0,0.010927313473303736,1.0.0
F3,0.13081774742601943,clock characteristic time,analytic_fractional,combined,0.8,0.8,1.6,1.0,1.0,0.011560474584064263,1.0.0
F3,0.13593563908785256,clock characteristic time,analytic_fractional,combined,0.8,0.8,1.6,1.0,1.0,0.012228494997003807,1.0.0
F3,0.1412537544622754,clock characteristic time,analytic_fractional,combined,0.8,0.8,1.6,1.0,1.0,0.012933130253647871,1.0.0
F3,0.1467799267622069,clock characteristic time,analytic_fractional,combined,0.8,0.8,1.6,1.0,1.0,0.013676209780944665,1.0.0
F3,0.15252229565390182,clock characteristic time,analytic_fractional,combined,0.8,0.8,1.6,1.0,1.0,0.014459638701451628,1.0.0
F3,0.1584893192461114,clock characteristic time,analytic_fractional,combined,0.8,0.8,1.6,1.0,1.0,0.015285399562136912,1.0.0
F3,0.1646897865482869,clock characteristic time,analytic_fractional,combined,0.8,0.8,1.6,1.0,1.0,0.01615555396618345,1.0.0
F3,0.1711328304161781,clock characteristic time,analytic_fractional,combined,0.8,0.8,1.6,1.0,1.0,0.017072244090997384,1.0.0
F3,0.1778279410038923,clock characteristic time,analytic_fractional,combined,0.8,0.8,1.6,1.0,1.0,0.01803769407440665,1.0.0
F3,0.18478497974222907,clock characteristic time,analytic_fractional,combined,0.8,0.8,1.6,1.0,1.0,0.01905421124980329,1.0.0
F3,0.1920141938638801,clock characteristic time,analytic_fractional,combined,0.8,0.8,1.6,1.0,1.0,0.0201241872097273,1.0.0
F3,0.19952623149688786,clock characteristic time,analytic_fractional,combined,0.8,0.8,1.6,1.0,1.0,0.021250098676147924,1.0.0
F3,0.2073321573485954,clock characteristic time,analytic_fractional,combined,0.8,0.8,1.6,1.0,1.0,0.022434508154445646,1.0.0
F3,0.21544346900318845,clock characteristic time,analytic_fractional,combined,0.8,0.8,1.6,1.0,1.0,0.023680064346867657,1.0.0
F3,0.223872113856834,clock characteristic time,analytic_fractional,combined,0.8,0.8,1.6,1.0,1.0,0.024989502300046266,1.0.0
F3,0.23263050671536262,clock characteristic time,analytic_fractional,combined,0.8,0.8,1.6,1.0,1.0,0.026365643260009116,1.0.0
F3,0.24173154808041036,clock characteristic time,analytic_fractional,combined,0.8,0.8,1.6,1.0,1.0,0.027811394207036044,1.0.0
F3,0.25118864315095796,clock characteristic time,analytic_fractional,combined,0.8,0.8,1.6,1.0,1.0,0.029329747041705937,1.0.0
F3,0.2610157215682536,clock characteristic time,analytic_fractional,combined,0.8,0.8,1.6,1.0,1.0,0.03092377739259528,1.0.0
F3,0.2712272579332027,clock characteristic time,analytic_fractional,combined,0.8,0.8,1.6,1.0,1.0,0.03259664301529254,1.0.0
F3,0.2818382931264455,clock characteristic time,analytic_fractional,combined,0.8,0.8,1.6,1.0,1.0,0.03435158175179602,1.0.0
F3,0.29286445646252374,clock characteristic time,analytic_fractional,combined,0.8,0.8,1.6,1.0,1.0,0.03619190901888653,1.0.0
F3,0.3043219887107722,clock characteristic time,analytic_fractional,combined,0.8,0.8,1.6,1.0,1.0,0.038121014793835624,1.0.0
F3,0.31622776601683794,clock characteristic time,analytic_fractional,combined,0.8,0.8,1.6,1.0,1.0,0.04014236006578174,1.0.0
F3,0.3285993247600654,clock characteristic time,analytic_fractional,combined,0.8,0.8,1.6,1.0,1.0,0.042259472721353664,1.0.0
F3,0.34145488738336005,clock characteristic time,analytic_fractional,combined,0.8,0.8,1.6,1.0,1.0,0.04447594283363814,1.0.0
F3,0.3548133892335753,clock characteristic time,analytic_fractional,combined,0.8,0.8,1.6,1.0,1.0,0.04679541732447217,1.0.0
F3,0.36869450645195734,clock characteristic time,analytic_fractional,combined,0.8,0.8,1.6,1.0,1.0,0.0492215939712086,1.0.0
F3,0.38311868495572887,clock characteristic time,analytic_fractional,combined,0.8,0.8,1.6,1.0,1.0,0.051758214730742096,1.0.0
F3,0.3981071705534973,clock characteristic time,analytic_fractional,combined,0.8,0.8,1.6,1.0,1.0,0.054409058355568946,1.0.0
F3,0.4136820402388507,clock characteristic time,analytic_fractional,combined,0.8,0.8,1.6,1.0,1.0,0.05717793227912987,1.0.0
F3,0.42986623470822766,clock characteristic time,analytic_fractional,combined,0.8,0.8,1.6,1.0,1.0,0.06006866375064757,1.0.0
F3,0.44668359215096304,clock characteristic time,analytic_fractional,combined,0.8,0.8,1.6,1.0,1.0,0.06308509020309429,1.0.0
F3,0.46415888336127775,clock characteristic time,analytic_fractional,combined,0.8,0.8,1.6,1.0,1.0,0.0662310488419453,1.0.0
F3,0.4823178482239304,clock characteristic time,analytic_fractional,combined,0.8,0.8,1.6,1.0,1.0,0.06951036544689373,1.0.0
F3,0.5011872336272725,clock characteristic time,analytic_fractional,combined,0.8,0.8,1.6,1.0,1.0,0.07292684238381776,1.0.0
F3,0.5207948328595465,clock characteristic time,analytic_fractional,combined,0.8,0.8,1.6,1.0,1.0,0.07648424582999298,1.0.0
F3,0.5411695265464638,clock characteristic time,analytic_fractional,combined,0.8,0.8,1.6,1.0,1.0,0.08018629222179459,1.0.0
F3,0.5623413251903491,clock characteristic time,analytic_fractional,combined,0.8,0.8,1.6,1.0,1.0,0.08403663394101439,1.0.0
F3,0.5843414133735175,clock characteristic time,analytic_fractional,combined,0.8,0.8,1.6,1.0,1.0,0.08803884426333118,1.0.0
F3,0.6072021956909883,clock characteristic time,analytic_fractional,combined,0.8,0.8,1.6,1.0,1.0,0.09219640160043854,1.0.0
F3,0.630957344480193,clock characteristic time,analytic_fractional,combined,0.8,0.8,1.6,1.0,1.0,0.0965126730758365,1.0.0
F3,0.6556418494179785,clock characteristic time,analytic_fractional,combined,0.8,0.8,1.6,1.0,1.0,0.1009908974832439,1.0.0
F3,0.6812920690579615,clock characteristic time,analytic_fractional,combined,0.8,0.8,1.6,1.0,1.0,0.10563416768594777,1.0.0
F3,0.707945784384138,clock characteristic time,analytic_fractional,combined,0.8,0.8,1.6,1.0,1.0,0.11044541252516038,1.0.0
F3,0.7356422544596414,clock characteristic time,analytic_fractional,combined,0.8,0.8,1.6,1.0,1.0,0.11542737831538682,1.0.0
F3,0.7644222742526002,clock characteristic time,analytic_fractional,combined,0.8,0.8,1.6,1.0,1.0,0.12058261001499844,1.0.0
F3,0.7943282347242814,clock characteristic time,analytic_fractional,combined,0.8,0.8,1.6,1.0,1.0,0.125913432170352,1.0.0
F3,0.8254041852680182,clock characteristic time,analytic_fractional,combined,0.8,0.8,1.6,1.0,1.0,0.1314219297419827,1.0.0
F3,0.8576958985908937,clock characteristic time,analytic_fractional,combined,0.8,0.8,1.6,1.0,1.0,0.13710992893123472,1.0.0
F3,0.8912509381337459,clock characteristic time,analytic_fractional,combined,0.8,0.8,1.6,1.0,1.0,0.1429789781352924,1.0.0
F3,0.9261187281287937,clock characteristic time,analytic_fractional,combined,0.8,0.8,1.6,1.0,1.0,0.14903032916755354,1.0.0
F3,0.9623506263980888,clock characteristic time,analytic_fractional,combined,0.8,0.8,1.6,1.0,1.0,0.1552649188886076,1.0.0
F3,1.0,clock characteristic time,analytic_fractional,combined,0.8,0.8,1.6,1.0,1.0,0.16168335140045753,1.0.0
F3,1.0391223038351691,clock characteristic time,analytic_fractional,combined,0.8,0.8,1.6,1.0,1.0,0.16828588096299507,1.0.0
F3,1.0797751623277094,clock characteristic time,analytic_fractional,combined,0.8,0.8,1.6,1.0,1.0,0.17507239579677614,1.0.0
F3,1.122018454301963,clock characteristic time,analytic_fractional,combined,0.8,0.8,1.6,1.0,1.0,0.1820424029397067,1.0.0
F3,1.165914401179831,clock characteristic time,analytic_fractional,combined,0.8,0.8,1.6,1.0,1.0,0.18919501432723212,1.0.0
F3,1.2115276586285888,clock characteristic time,analytic_fractional,combined,0.8,0.8,1.6,1.0,1.0,0.19652893426570697,1.0.0
F3,1.2589254117941675,clock characteristic time,analytic_fractional,combined,0.8,0.8,1.6,1.0,1.0,0.2040424484667148,1.0.0
F3,1.3081774742601942,clock characteristic time,analytic_fractional,combined,0.8,0.8,1.6,1.0,1.0,0.2117334148061077,1.0.0
F3,1.3593563908785256,clock characteristic time,analytic_fractional,combined,0.8,0.8,1.6,1.0,1.0,0.21959925596522142,1.0.0
F3,1.412537544622754,clock characteristic time,analytic_fractional,combined,0.8,0.8,1.6,1.0,1.0,0.22763695410304097,1.0.0
F3,1.467799267622069,clock characteristic time,analytic_fractional,combined,0.8,0.8,1.6,1.0,1.0,0.2358430476970488,1.0.0
F3,1.5252229565390183,clock characteristic time,analytic_fractional,combined,0.8,0.8,1.6,1.0,1.0,0.24421363067690205,1.0.0
F3,1.584893192461114,clock characteristic time,analytic_fractional,combined,0.8,0.8,1.6,1.0,1.0,0.252744353959201,1.0.0
F3,1.6468978654828688,clock characteristic time,analytic_fractional,combined,0.8,0.8,1.6,1.0,1.0,0.261430429473184,1.0.0
F3,1.711328304161781,clock characteristic time,analytic_fractional,combined,0.8,0.8,1.6,1.0,1.0,0.27026663674673274,1.0.0
F3,1.7782794100389228,clock characteristic time,analytic_fractional,combined,0.8,0.8,1.6,1.0,1.0,0.2792473320993111,1.0.0
F3,1.8478497974222907,clock characteristic time,analytic_fractional,combined,0.8,0.8,1.6,1.0,1.0,0.28836646046402564,1.0.0
F3,1.920141938638801,clock characteristic time,analytic_fractional,combined,0.8,0.8,1.6,1.0,1.0,0.2976175698348432,1.0.0
F3,1.9952623149688788,clock characteristic time,analytic_fractional,combined,0.8,0.8,1.6,1.0,1.0,0.30699382830763566,1.0.0
F3,2.073321573485954,clock characteristic time,analytic_fractional,combined,0.8,0.8,1.6,1.0,1.0,0.31648804365544453,1.0.0
F3,2.1544346900318843,clock characteristic time,analytic_fractional,combined,0.8,0.8,1.6,1.0,1.0,0.3260926853495797,1.0.0
F3,2.23872113856834,clock characteristic time,analytic_fractional,combined,0.8,0.8,1.6,1.0,1.0,0.3357999089093508,1.0.0
F3,2.3263050671536263,clock characteristic time,analytic_fractional,combined,0.8,0.8,1.6,1.0,1.0,0.3456015824348482,1.0.0
F3,2.4173154808041035,clock characteristic time,analytic_fractional,combined,0.8,0.8,1.6,1.0,1.0,0.35548931514973614,1.0.0
F3,2.5118864315095797,clock characteristic time,analytic_fractional,combined,0.8,0.8,1.6,1.0,1.0,0.36545448775499345,1.0.0
F3,2.610157215682536,clock characteristic time,analytic_fractional,combined,0.8,0.8,1.6,1.0,1.0,0.37548828437045884,1.0.0
F3,2.712272579332027,clock characteristic time,analytic_fractional,combined,0.8,0.8,1.6,1.0,1.0,0.38558172581935707,1.0.0
F3,2.818382931264452,clock characteristic time,analytic_fractional,combined,0.8,0.8,1.6,1.0,1.0,0.3957257039922052,1.0.0
F3,2.9286445646252375,clock characteristic time,analytic_fractional,combined,0.8,0.8,1.6,1.0,1.0,0.40591101701101334,1.0.0
F3,3.043219887107722,clock characteristic time,analytic_fractional,combined,0.8,0.8,1.6,1.0,1.0,0.41612840490284975,1.0.0
F3,3.1622776601683795,clock characteristic time,analytic_fractional,combined,0.8,0.8,1.6,1.0,1.0,0.4263685854840147,1.0.0
F3,3.285993247600654,clock characteristic time,analytic_fractional,combined,0.8,0.8,1.6,1.0,1.0,0.43662229015235304,1.0.0
F3,3.4145488738336005,clock characteristic time,analytic_fractional,combined,0.8,0.8,1.6,1.0,1.0,0.44688029928595946,1.0.0
F3,3.5481338923357533,clock characteristic time,analytic_fractional,combined,0.8,0.8,1.6,1.0,1.0,0.4571334769515146,1.0.0
F3,3.6869450645195734,clock characteristic time,analytic_fractional,combined,0.8,0.8,1.6,1.0,1.0,0.467372804634955,1.0.0
F3,3.831186849557289,clock characteristic time,analytic_fractional,combined,0.8,0.8,1.6,1.0,1.0,0.47758941372072666,1.0.0
F3,3.981071705534973,clock characteristic time,analytic_fractional,combined,0.8,0.8,1.6,1.0,1.0,0.4877746164634758,1.0.0
F3,4.136820402388507,clock characteristic time,analytic_fractional,combined,0.8,0.8,1.6,1.0,1.0,0.4979199352172578,1.0.0
F3,4.298662347082277,clock characteristic time,analytic_fractional,combined,0.8,0.8,1.6,1.0,1.0,0.5080171297118043,1.0.0
F3,4.46683592150963,clock characteristic time,analytic_fractional,combined,0.8,0.8,1.6,1.0,1.0,0.518058222192618,1.0.0
F3,4.6415888336127775,clock characteristic time,analytic_fractional,combined,0.8,0.8,1.6,1.0,1.0,0.5280355202711444,1.0.0
F3,4.823178482239304,clock characteristic time,analytic_fractional,combined,0.8,0.8,1.6,1.0,1.0,0.5379416373623427,1.0.0
F3,5.011872336272719,clock characteristic time,analytic_fractional,combined,0.8,0.8,1.6,1.0,1.0,0.5477695106190797,1.0.0
F3,5.207948328595465,clock characteristic time,analytic_fractional,combined,0.8,0.8,1.6,1.0,1.0,0.557512416305274,1.0.0
F3,5.411695265464638,clock characteristic time,analytic_fractional,combined,0.8,0.8,1.6,1.0,1.0,0.5671639825819484,1.0.0
F3,5.62341325190349,clock characteristic time,analytic_fractional,combined,0.8,0.8,1.6,1.0,1.0,0.576718199711734,1.0.0
F3,5.843414133735175,clock characteristic time,analytic_fractional,combined,0.8,0.8,1.6,1.0,1.0,0.5861694277173314,1.0.0
F3,6.072021956909884,clock characteristic time,analytic_fractional,combined,0.8,0.8,1.6,1.0,1.0,0.5955124015574367,1.0.0
F3,6.30957344480193,clock characteristic time,analytic_fractional,combined,0.8,0.8,1.6,1.0,1.0,0.6047422339092601,1.0.0
F3,6.556418494179785,clock characteristic time,analytic_fractional,combined,0.8,0.8,1.6,1.0,1.0,0.6138544156695971,1.0.0
F3,6.812920690579615,clock characteristic time,analytic_fractional,combined,0.8,0.8,1.6,1.0,1.0,0.6228448143061766,1.0.0
F3,7.07945784384138,clock characteristic time,analytic_fractional,combined,0.8,0.8,1.6,1.0,1.0,0.6317096702074952,1.0.0
F3,7.3564225445964135,clock characteristic time,analytic_fractional,combined,0.8,0.8,1.6,1.0,1.0,0.6404455911924547,1.0.0
F3,7.644222742526002,clock characteristic time,analytic_fractional,combined,0.8,0.8,1.6,1.0,1.0,0.6490495453507871,1.0.0
F3,7.943282347242813,clock characteristic time,analytic_fractional,combined,0.8,0.8,1.6,1.0,1.0,0.6575188523915849,1.0.0
F3,8.254041852680182,clock characteristic time,analytic_fractional,combined,0.8,0.8,1.6,1.0,1.0,0.6658511736803416,1.0.0
F3,8.576958985908938,clock characteristic time,analytic_fractional,combined,0.8,0.8,1.6,1.0,1.0,0.6740445011449747,1.0.0
F3,8.91250938133745,clock characteristic time,analytic_fractional,combined,0.8,0.8,1.6,1.0,1.0,0.6820971452286366,1.0.0
F3,9.261187281287937,clock characteristic time,analytic_fractional,combined,0.8,0.8,1.6,1.0,1.0,0.6900077220619383,1.0.0
F3,9.623506263980888,clock characteristic time,analytic_fractional,combined,0.8,0.8,1.6,1.0,1.0,0.6977751400199487,1.0.0
F3,10.0,clock characteristic time,analytic_fractional,combined,0.8,0.8,1.6,1.0,1.0,0.7053985858203111,1.0.0
F3,10.39122303835169,clock characteristic time,analytic_fractional,combined,0.8,0.8,1.6,1.0,1.0,0.7128775103083378,1.0.0
F3,10.797751623277094,clock characteristic time,analytic_fractional,combined,0.8,0.8,1.6,1.0,1.0,0.720211614063472,1.0.0
F3,11.220184543019629,clock characteristic time,analytic_fractional,combined,0.8,0.8,1.6,1.0,1.0,0.7274008329493014,1.0.0
F3,11.659144011798311,clock characteristic time,analytic_fractional,combined,0.8,0.8,1.6,1.0,1.0,0.7344453237167236,1.0.0
F3,12.115276586285876,clock characteristic time,analytic_fractional,combined,0.8,0.8,1.6,1.0,1.0,0.7413454497571823,1.0.0
F3,12.589254117941662,clock characteristic time,analytic_fractional,combined,0.8,0.8,1.6,1.0,1.0,0.7481017670903721,1.0.0
F3,13.081774742601928,clock characteristic time,analytic_fractional,combined,0.8,0.8,1.6,1.0,1.0,0.7547150106586854,1.0.0
F3,13.593563908785242,clock characteristic time,analytic_fractional,combined,0.8,0.8,1.6,1.0,1.0,0.7611860809890556,1.0.0
F3,14.125375446227554,clock characteristic time,analytic_fractional,combined,0.8,0.8,1.6,1.0,1.0,0.7675160312720021,1.0.0
F3,14.677992676220706,clock characteristic time,analytic_fractional,combined,0.8,0.8,1.6,1.0,1.0,0.7737060548975542,1.0.0
F3,15.252229565390198,clock characteristic time,analytic_fractional,combined,0.8,0.8,1.6,1.0,1.0,0.779757473478523,1.0.0
F3,15.848931924611142,clock characteristic time,analytic_fractional,combined,0.8,0.8,1.6,1.0,1.0,0.7856717253832578,1.0.0
F3,16.46897865482869,clock characteristic time,analytic_fractional,combined,0.8,0.8,1.6,1.0,1.0,0.7914503547926008,1.0.0
F3,17.11328304161781,clock characteristic time,analytic_fractional,combined,0.8,0.8,1.6,1.0,1.0,0.7970950012892455,1.0.0
F3,17.78279410038923,clock characteristic time,analytic_fractional,combined,0.8,0.8,1.6,1.0,1.0,0.8026073899820305,1.0.0
F3,18.478497974222908,clock characteristic time,analytic_fractional,combined,0.8,0.8,1.6,1.0,1.0,0.80798932216289,1.0.0
F3,19.20141938638801,clock characteristic time,analytic_fractional,combined,0.8,0.8,1.6,1.0,1.0,0.813242666490076,1.0.0
F3,19.952623149688787,clock characteristic time,analytic_fractional,combined,0.8,0.8,1.6,1.0,1.0,0.8183693506879229,1.0.0
F3,20.73321573485954,clock characteristic time,analytic_fractional,combined,0.8,0.8,1.6,1.0,1.0,0.8233713537506611,1.0.0
F3,21.54434690031882,clock characteristic time,analytic_fractional,combined,0.8,0.8,1.6,1.0,1.0,0.8282506986356256,1.0.0
F3,22.38721138568338,clock characteristic time,analytic_fractional,combined,0.8,0.8,1.6,1.0,1.0,0.8330094454295177,1.0.0
F3,23.263050671536238,clock characteristic time,analytic_fractional,combined,0.8,0.8,1.6,1.0,1.0,0.8376496849701441,1.0.0
F3,24.173154808041012,clock characteristic time,analytic_fractional,combined,0.8,0.8,1.6,1.0,1.0,0.8421735329051866,1.0.0
F3,25.11886431509582,clock characteristic time,analytic_fractional,combined,0.8,0.8,1.6,1.0,1.0,0.8465831241690072,1.0.0
F3,26.101572156825384,clock characteristic time,analytic_fractional,combined,0.8,0.8,1.6,1.0,1.0,0.8508806078582182,1.0.0
F3,27.122725793320296,clock characteristic time,analytic_fractional,combined,0.8,0.8,1.6,1.0,1.0,0.8550681424866922,1.0.0
F3,28.183829312644548,clock characteristic time,analytic_fractional,combined,0.8,0.8,1.6,1.0,1.0,0.8591478916008127,1.0.0
F3,29.28644564625237,clock characteristic time,analytic_fractional,combined,0.8,0.8,1.6,1.0,1.0,0.8631220197360451,1.0.0
F3,30.432198871077222,clock characteristic time,analytic_fractional,combined,0.8,0.8,1.6,1.0,1.0,0.8669926886963024,1.0.0
F3,31.622776601683793,clock characteristic time,analytic_fractional,combined,0.8,0.8,1.6,1.0,1.0,0.8707620541380744,1.0.0
F3,32.85993247600654,clock characteristic time,analytic_fractional,combined,0.8,0.8,1.6,1.0,1.0,0.8744322624418303,1.0.0
F3,34.145488738336006,clock characteristic time,analytic_fractional,combined,0.8,0.8,1.6,1.0,1.0,0.878005447853832,1.0.0
F3,35.481338923357534,clock characteristic time,analytic_fractional,combined,0.8,0.8,1.6,1.0,1.0,0.8814837298821264,1.0.0
F3,36.869450645195734,clock characteristic time,analytic_fractional,combined,0.8,0.8,1.6,1.0,1.0,0.8848692109311472,1.0.0
F3,38.31186849557285,clock characteristic time,analytic_fractional,combined,0.8,0.8,1.6,1.0,1.0,0.8881639741600579,1.0.0
F3,39.81071705534969,clock characteristic time,analytic_fractional,combined,0.8,0.8,1.6,1.0,1.0,0.8913700815506163,1.0.0
F3,41.36820402388503,clock characteristic time,analytic_fractional,combined,0.8,0.8,1.6,1.0,1.0,0.8944895721710455,1.0.0
F3,42.98662347082272,clock characteristic time,analytic_fractional,combined,0.8,0.8,1.6,1.0,1.0,0.8975244606230518,1.0.0
F3,44.668359215096345,clock characteristic time,analytic_fractional,combined,0.8,0.8,1.6,1.0,1.0,0.900476735659786,1.0.0
F3,46.41588833612782,clock characteristic time,analytic_fractional,combined,0.8,0.8,1.6,1.0,1.0,0.90334835896319,1.0.0
F3,48.23178482239309,clock characteristic time,analytic_fractional,combined,0.8,0.8,1.6,1.0,1.0,0.9061412640697822,1.0.0
F3,50.118723362727245,clock characteristic time,analytic_fractional,combined,0.8,0.8,1.6,1.0,1.0,0.9088573554345399,1.0.0
F3,52.07948328595465,clock characteristic time,analytic_fractional,combined,0.8,0.8,1.6,1.0,1.0,0.9114985076231085,1.0.0
F3,54.116952654646376,clock characteristic time,analytic_fractional,combined,0.8,0.8,1.6,1.0,1.0,0.9140665646231277,1.0.0
F3,56.23413251903491,clock characteristic time,analytic_fractional,combined,0.8,0.8,1.6,1.0,1.0,0.916563339265989,1.0.0
F3,58.434141337351754,clock characteristic time,analytic_fractional,combined,0.8,0.8,1.6,1.0,1.0,0.9189906127508493,1.0.0
F3,60.72021956909884,clock characteristic time,analytic_fractional,combined,0.8,0.8,1.6,1.0,1.0,0.92135013426321,1.0.0
F3,63.0957344480193,clock characteristic time,analytic_fractional,combined,0.8,0.8,1.6,1.0,1.0,0.9236436206808324,1.0.0
F3,65.56418494179785,clock characteristic time,analytic_fractional,combined,0.8,0.8,1.6,1.0,1.0,0.9258727563601917,1.0.0
F3,68.12920690579608,clock characteristic time,analytic_fractional,combined,0.8,0.8,1.6,1.0,1.0,0.9280391929971025,1.0.0
F3,70.79457843841374,clock characteristic time,analytic_fractional,combined,0.8,0.8,1.6,1.0,1.0,0.9301445495555283,1.0.0
F3,73.56422544596406,clock characteristic time,analytic_fractional,combined,0.8,0.8,1.6,1.0,1.0,0.9321904122589766,1.0.0
F3,76.44222742525994,clock characteristic time,analytic_fractional,combined,0.8,0.8,1.6,1.0,1.0,0.9341783346392226,1.0.0
F3,79.43282347242821,clock characteristic time,analytic_fractional,combined,0.8,0.8,1.6,1.0,1.0,0.9361098376374538,1.0.0
F3,82.5404185268019,clock characteristic time,analytic_fractional,combined,0.8,0.8,1.6,1.0,1.0,0.9379864097532306,1.0.0
F3,85.76958985908946,clock characteristic time,analytic_fractional,combined,0.8,0.8,1.6,1.0,1.0,0.9398095072369725,1.0.0
F3,89.12509381337459,clock characteristic time,analytic_fractional,combined,0.8,0.8,1.6,1.0,1.0,0.9415805543219545,1.0.0
F3,92.61187281287937,clock characteristic time,analytic_fractional,combined,0.8,0.8,1.6,1.0,1.0,0.9433009434920583,1.0.0
F3,96.23506263980887,clock characteristic time,analytic_fractional,combined,0.8,0.8,1.6,1.0,1.0,0.9449720357817966,1.0.0
F3,100.0,clock characteristic time,analytic_fractional,combined,0.8,0.8,1.6,1.0,1.0,0.9465951611053383,1.0.0
F3,0.001,clock characteristic time,analytic_fractional,clock,0.6,1.0,1.6,1.0,1.0,0.010983294537447742,1.0.0
F3,0.001039122303835169,clock characteristic time,analytic_fractional,clock,0.6,1.0,1.6,1.0,1.0,0.01123669877018691,1.0.0
F3,0.0010797751623277093,clock characteristic time,analytic_fractional,clock,0.6,1.0,1.6,1.0,1.0,0.01149589201943548,1.0.0
F3,0.001122018454301963,clock characteristic time,analytic_fractional,clock,0.6,1.0,1.6,1.0,1.0,0.011761003847594032,1.0.0
F3,0.0011659144011798323,clock characteristic time,analytic_fractional,clock,0.6,1.0,1.6,1.0,1.0,0.012032166590965723,1.0.0
F3,0.001211527658628589,clock characteristic time,analytic_fractional,clock,0.6,1.0,1.6,1.0,1.0,0.012309515413214994,1.0.0
F3,0.0012589254117941675,clock characteristic time,analytic_fractional,clock,0.6,1.0,1.6,1.0,1.0,0.012593188359570106,1.0.0
F3,0.0013081774742601943,clock characteristic time,analytic_fractional,clock,0.6,1.0,1.6,1.0,1.0,0.012883326411764784,1.0.0
F3,0.0013593563908785254,clock characteristic time,analytic_fractional,clock,0.6,1.0,1.6,1.0,1.0,0.013180073543713386,1.0.0
F3,0.001412537544622754,clock characteristic time,analytic_fractional,clock,0.6,1.0,1.6,1.0,1.0,0.013483576777912822,1.0.0
F3,0.001467799267622069,clock characteristic time,analytic_fractional,clock,0.6,1.0,1.6,1.0,1.0,0.01379398624256342,1.0.0
F3,0.0015252229565390183,clock characteristic time,analytic_fractional,clock,0.6,1.0,1.6,1.0,1.0,0.014111455229399553,1.0.0
F3,0.001584893192461114,clock characteristic time,analytic_fractional,clock,0.6,1.0,1.6,1.0,1.0,0.01443614025221973,1.0.0
F3,0.0016468978654828688,clock characteristic time,analytic_fractional,clock,0.6,1.0,1.6,1.0,1.0,0.014768201106104393,1.0.0
F3,0.001711328304161781,clock characteristic time,analytic_fractional,clock,0.6,1.0,1.6,1.0,1.0,0.015107800927308379,1.0.0
F3,0.0017782794100389228,clock characteristic time,analytic_fractional,clock,0.6,1.0,1.6,1.0,1.0,0.015455106253813241,1.0.0
F3,0.0018478497974222907,clock characteristic time,analytic_fractional,clock,0.6,1.0,1.6,1.0,1.0,0.015810287086523434,1.0.0
F3,0.001920141938638801,clock characteristic time,analytic_fractional,clock,0.6,1.0,1.6,1.0,1.0,0.01617351695108831,1.0.0
F3,0.001995262314968879,clock characteristic time,analytic_fractional,clock,0.6,1.0,1.6,1.0,1.0,0.016544972960330515,1.0.0
F3,0.002073321573485954,clock characteristic time,analytic_fractional,clock,0.6,1.0,1.6,1.0,1.0,0.01692483587725914,1.0.0
F3,0.0021544346900318843,clock characteristic time,analytic_fractional,clock,0.6,1.0,1.6,1.0,1.0,0.01731329017864452,1.0.0
F3,0.00223872113856834,clock characteristic time,analytic_fractional,clock,0.6,1.0,1.6,1.0,1.0,0.017710524119129076,1.0.0
F3,0.0023263050671536263,clock characteristic time,analytic_fractional,clock,0.6,1.0,1.6,1.0,1.0,0.01811672979584698,1.0.0
F3,0.0024173154808041037,clock characteristic time,analytic_fractional,clock,0.6,1.0,1.6,1.0,1.0,0.018532103213522663,1.0.0
F3,0.0025118864315095794,clock characteristic time,analytic_fractional,clock,0.6,1.0,1.6,1.0,1.0,0.018956844350016475,1.0.0
F3,0.0026101572156825357,clock characteristic time,analytic_fractional,clock,0.6,1.0,1.6,1.0,1.0,0.019391157222282726,1.0.0
F3,0.0027122725793320298,clock characteristic time,analytic_fractional,clock,0.6,1.0,1.6,1.0,1.0,0.019835249952703502,1.0.0
F3,0.002818382931264455,clock characteristic time,analytic_fractional,clock,0.6,1.0,1.6,1.0,1.0,0.02028933483575821,1.0.0
F3,0.0029286445646252374,clock characteristic time,analytic_fractional,clock,0.6,1.0,1.6,1.0,1.0,0.020753628404986884,1.0.0
F3,0.003043219887107722,clock characteristic time,analytic_fractional,clock,0.6,1.0,1.6,1.0,1.0,0.02122835150020158,1.0.0
F3,0.0031622776601683794,clock characteristic time,analytic_fractional,clock,0.6,1.0,1.6,1.0,1.0,0.021713729334897663,1.0.0
F3,0.003285993247600654,clock characteristic time,analytic_fractional,clock,0.6,1.0,1.6,1.0,1.0,0.022209991563813543,1.0.0
F3,0.003414548873833601,clock characteristic time,analytic_fractional,clock,0.6,1.0,1.6,1.0,1.0,0.02271737235058402,1.0.0
F3,0.0035481338923357532,clock characteristic time,analytic_fractional,clock,0.6,1.0,1.6,1.0,1.0,0.023236110435428933,1.0.0
F3,0.0036869450645195733,clock characteristic time,analytic_fractional,clock,0.6,1.0,1.6,1.0,1.0,0.023766449202815468,1.0.0
F3,0.003831186849557289,clock characteristic time,analytic_fractional,clock,0.6,1.0,1.6,1.0,1.0,0.024308636749028407,1.0.0
F3,0.003981071705534973,clock characteristic time,analytic_fractional,clock,0.6,1.0,1.6,1.0,1.0,0.024862925949579052,1.0.0
F3,0.004136820402388507,clock characteristic time,analytic_fractional,clock,0.6,1.0,1.6,1.0,1.0,0.02542957452637937,1.0.0
F3,0.004298662347082277,clock characteristic time,analytic_fractional,clock,0.6,1.0,1.6,1.0,1.0,0.026008845114603635,1.0.0
F3,0.0044668359215096305,clock characteristic time,analytic_fractional,clock,0.6,1.0,1.6,1.0,1.0,0.026601005329155644,1.0.0
F3,0.004641588833612777,clock characteristic time,analytic_fractional,clock,0.6,1.0,1.6,1.0,1.0,0.027206327830654985,1.0.0
F3,0.004823178482239309,clock characteristic time,analytic_fractional,clock,0.6,1.0,1.6,1.0,1.0,0.027825090390851195,1.0.0
F3,0.005011872336272725,clock characteristic time,analytic_fractional,clock,0.6,1.0,1.6,1.0,1.0,0.028457575957369603,1.0.0
F3,0.005207948328595465,clock characteristic time,analytic_fractional,clock,0.6,1.0,1.6,1.0,1.0,0.029104072717688053,1.0.0
F3,0.0054116952654646375,clock characteristic time,analytic_fractional,clock,0.6,1.0,1.6,1.0,1.0,0.029764874162237782,1.0.0
F3,0.005623413251903491,clock characteristic time,analytic_fractional,clock,0.6,1.0,1.6,1.0,1.0,0.030440279146517014,1.0.0
F3,0.005843414133735175,clock characteristic time,analytic_fractional,clock,0.6,1.0,1.6,1.0,1.0,0.0311305919520999,1.0.0
F3,0.006072021956909884,clock characteristic time,analytic_fractional,clock,0.6,1.0,1.6,1.0,1.0,0.03183612234641757,1.0.0
F3,0.006309573444801929,clock characteristic time,analytic_fractional,clock,0.6,1.0,1.6,1.0,1.0,0.03255718564118237,1.0.0
F3,0.006556418494179785,clock characteristic time,analytic_fractional,clock,0.6,1.0,1.6,1.0,1.0,0.03329410274932012,1.0.0
F3,0.006812920690579615,clock characteristic time,analytic_fractional,clock,0.6,1.0,1.6,1.0,1.0,0.03404720024026838,1.0.0
F3,0.00707945784384138,clock characteristic time,analytic_fractional,clock,0.6,1.0,1.6,1.0,1.0,0.034816810393493325,1.0.0
F3,0.007356422544596414,clock characteristic time,analytic_fractional,clock,0.6,1.0,1.6,1.0,1.0,0.0356032712500696,1.0.0
F3,0.007644222742526002,clock characteristic time,analytic_fractional,clock,0.6,1.0,1.6,1.0,1.0,0.0364069266621619,1.0.0
F3,0.007943282347242814,clock characteristic time,analytic_fractional,clock,0.6,1.0,1.6,1.0,1.0,0.03722812634023885,1.0.0
F3,0.008254041852680182,clock characteristic time,analytic_fractional,clock,0.6,1.0,1.6,1.0,1.0,0.038067225897843456,1.0.0
F3,0.008576958985908946,clock characteristic time,analytic_fractional,clock,0.6,1.0,1.6,1.0,1.0,0.03892458689373567,1.0.0
F3,0.008912509381337459,clock characteristic time,analytic_fractional,clock,0.6,1.0,1.6,1.0,1.0,0.03980057687121602,1.0.0
F3,0.009261187281287938,clock characteristic time,analytic_fractional,clock,0.6,1.0,1.6,1.0,1.0,0.04069556939443082,1.0.0
F3,0.009623506263980888,clock characteristic time,analytic_fractional,clock,0.6,1.0,1.6,1.0,1.0,0.041609944081451085,1.0.0
F3,0.01,clock characteristic time,analytic_fractional,clock,0.6,1.0,1.6,1.0,1.0,0.04254408663390974,1.0.0
F3,0.01039122303835169,clock characteristic time,analytic_fractional,clock,0.6,1.0,1.6,1.0,1.0,0.04349838886297278,1.0.0
F3,0.010797751623277093,clock characteristic time,analytic_fractional,clock,0.6,1.0,1.6,1.0,1.0,0.044473248711411374,1.0.0
F3,0.011220184543019636,clock characteristic time,analytic_fractional,clock,0.6,1.0,1.6,1.0,1.0,0.04546907027153344,1.0.0
F3,0.011659144011798317,clock characteristic time,analytic_fractional,clock,0.6,1.0,1.6,1.0,1.0,0.04648626379872411,1.0.0
F3,0.012115276586285882,clock characteristic time,analytic_fractional,clock,0.6,1.0,1.6,1.0,1.0,0.047525245720335396,1.0.0
F3,0.012589254117941675,clock characteristic time,analytic_fractional,clock,0.6,1.0,1.6,1.0,1.0,0.0485864386396564,1.0.0
F3,0.013081774742601943,clock characteristic time,analytic_fractional,clock,0.6,1.0,1.6,1.0,1.0,0.04967027133468549,1.0.0
F3,0.013593563908785255,clock characteristic time,analytic_fractional,clock,0.6,1.0,1.6,1.0,1.0,0.05077717875141751,1.0.0
F3,0.01412537544622754,clock characteristic time,analytic_fractional,clock,0.6,1.0,1.6,1.0,1.0,0.05190760199134836,1.0.0
F3,0.014677992676220698,clock characteristic time,analytic_fractional,clock,0.6,1.0,1.6,1.0,1.0,0.0530619882928906,1.0.0
F3,0.01525222956539019,clock characteristic time,analytic_fractional,clock,0.6,1.0,1.6,1.0,1.0,0.05424079100638345,1.0.0
F3,0.015848931924611134,clock characteristic time,analytic_fractional,clock,0.6,1.0,1.6,1.0,1.0,0.055444469562371826,1.0.0
F3,0.01646897865482868,clock characteristic time,analytic_fractional,clock,0.6,1.0,1.6,1.0,1.0,0.05667348943281772,1.0.0
F3,0.01711328304161781,clock characteristic time,analytic_fractional,clock,0.6,1.0,1.6,1.0,1.0,0.05792832208489981,1.0.0
F3,0.01778279410038923,clock characteristic time,analytic_fractional,clock,0.6,1.0,1.6,1.0,1.0,0.05920944492704492,1.0.0
F3,0.018478497974222907,clock characteristic time,analytic_fractional,clock,0.6,1.0,1.6,1.0,1.0,0.060517341246828484,1.0.0
F3,0.01920141938638801,clock characteristic time,analytic_fractional,clock,0.6,1.0,1.6,1.0,1.0,0.06185250014036827,1.0.0
F3,0.0199526231496888,clock characteristic time,analytic_fractional,clock,0.6,1.0,1.6,1.0,1.0,0.0632154164328296,1.0.0
F3,0.02073321573485955,clock characteristic time,analytic_fractional,clock,0.6,1.0,1.6,1.0,1.0,0.06460659058964857,1.0.0
F3,0.021544346900318832,clock characteristic time,analytic_fractional,clock,0.6,1.0,1.6,1.0,1.0,0.06602652861807269,1.0.0
F3,0.0223872113856834,clock characteristic time,analytic_fractional,clock,0.6,1.0,1.6,1.0,1.0,0.06747574195860834,1.0.0
F3,0.02326305067153626,clock characteristic time,analytic_fractional,clock,0.6,1.0,1.6,1.0,1.0,0.06895474736595716,1.0.0
F3,0.024173154808041036,clock characteristic time,analytic_fractional,clock,0.6,1.0,1.6,1.0,1.0,0.07046406677901483,1.0.0
F3,0.025118864315095794,clock characteristic time,analytic_fractional,clock,0.6,1.0,1.6,1.0,1.0,0.07200422717949793,1.0.0
F3,0.026101572156825372,clock characteristic time,analytic_fractional,clock,0.6,1.0,1.6,1.0,1.0,0.0735757604387586,1.0.0
F3,0.02712272579332028,clock characteristic time,analytic_fractional,clock,0.6,1.0,1.6,1.0,1.0,0.07517920315233813,1.0.0
F3,0.028183829312644536,clock characteristic time,analytic_fractional,clock,0.6,1.0,1.6,1.0,1.0,0.07681509646180677,1.0.0
F3,0.02928644564625236,clock characteristic time,analytic_fractional,clock,0.6,1.0,1.6,1.0,1.0,0.07848398586342982,1.0.0
F3,0.03043219887107722,clock characteristic time,analytic_fractional,clock,0.6,1.0,1.6,1.0,1.0,0.08018642100319631,1.0.0
F3,0.03162277660168379,clock characteristic time,analytic_fractional,clock,0.6,1.0,1.6,1.0,1.0,0.08192295545774267,1.0.0
F3,0.03285993247600654,clock characteristic time,analytic_fractional,clock,0.6,1.0,1.6,1.0,1.0,0.08369414650070008,1.0.0
F3,0.034145488738336005,clock characteristic time,analytic_fractional,clock,0.6,1.0,1.6,1.0,1.0,0.08550055485399322,1.0.0
F3,0.03548133892335755,clock characteristic time,analytic_fractional,clock,0.6,1.0,1.6,1.0,1.0,0.08734274442361542,1.0.0
F3,0.03686945064519575,clock characteristic time,analytic_fractional,clock,0.6,1.0,1.6,1.0,1.0,0.08922128201940743,1.0.0
F3,0.03831186849557287,clock characteristic time,analytic_fractional,clock,0.6,1.0,1.6,1.0,1.0,0.09113673705836595,1.0.0
F3,0.039810717055349734,clock characteristic time,analytic_fractional,clock,0.6,1.0,1.6,1.0,1.0,0.09308968125101227,1.0.0
F3,0.04136820402388507,clock characteristic time,analytic_fractional,clock,0.6,1.0,1.6,1.0,1.0,0.09508068827035483,1.0.0
F3,0.042986623470822764,clock characteristic time,analytic_fractional,clock,0.6,1.0,1.6,1.0,1.0,0.09711033340298425,1.0.0
F3,0.0446683592150963,clock characteristic time,analytic_fractional,clock,0.6,1.0,1.6,1.0,1.0,0.09917919318184815,1.0.0
F3,0.046415888336127795,clock characteristic time,analytic_fractional,clock,0.6,1.0,1.6,1.0,1.0,0.10128784500025947,1.0.0
F3,0.04823178482239307,clock characteristic time,analytic_fractional,clock,0.6,1.0,1.6,1.0,1.0,0.10343686670670459,1.0.0
F3,0.05011872336272722,clock characteristic time,analytic_fractional,clock,0.6,1.0,1.6,1.0,1.0,0.10562683618002927,1.0.0
F3,0.052079483285954624,clock characteristic time,analytic_fractional,clock,0.6,1.0,1.6,1.0,1.0,0.1078583308845951,1.0.0
F3,0.054116952654646375,clock characteristic time,analytic_fractional,clock,0.6,1.0,1.6,1.0,1.0,0.11013192740501551,1.0.0
F3,0.056234132519034905,clock characteristic time,analytic_fractional,clock,0.6,1.0,1.6,1.0,1.0,0.11244820096010005,1.0.0
F3,0.05843414133735175,clock characteristic time,analytic_fractional,clock,0.6,1.0,1.6,1.0,1.0,0.11480772489565721,1.0.0
F3,0.060720219569098836,clock characteristic time,analytic_fractional,clock,0.6,1.0,1.6,1.0,1.0,0.11721107015582909,1.0.0
F3,0.06309573444801933,clock characteristic time,analytic_fractional,clock,0.6,1.0,1.6,1.0,1.0,0.11965880473265893,1.0.0
F3,0.06556418494179789,clock characteristic time,analytic_fractional,clock,0.6,1.0,1.6,1.0,1.0,0.12215149309362158,1.0.0
F3,0.06812920690579612,clock characteristic time,analytic_fractional,clock,0.6,1.0,1.6,1.0,1.0,0.12468969558687916,1.0.0
F3,0.07079457843841377,clock characteristic time,analytic_fractional,clock,0.6,1.0,1.6,1.0,1.0,0.12727396782405978,1.0.0
F3,0.07356422544596414,clock characteristic time,analytic_fractional,clock,0.6,1.0,1.6,1.0,1.0,0.1299048600403961,1.0.0
F3,0.07644222742526002,clock characteristic time,analytic_fractional,clock,0.6,1.0,1.6,1.0,1.0,0.13258291643210043,1.0.0
F3,0.07943282347242814,clock characteristic time,analytic_fractional,clock,0.6,1.0,1.6,1.0,1.0,0.1353086744709024,1.0.0
F3,0.08254041852680186,clock characteristic time,analytic_fractional,clock,0.6,1.0,1.6,1.0,1.0,0.13808266419571794,1.0.0
F3,0.08576958985908942,clock characteristic time,analytic_fractional,clock,0.6,1.0,1.6,1.0,1.0,0.14090540748147598,1.0.0
F3,0.08912509381337455,clock characteristic time,analytic_fractional,clock,0.6,1.0,1.6,1.0,1.0,0.14377741728518198,1.0.0
F3,0.09261187281287933,clock characteristic time,analytic_fractional,clock,0.6,1.0,1.6,1.0,1.0,0.1466991968693581,1.0.0
F3,0.09623506263980887,clock characteristic time,analytic_fractional,clock,0.6,1.0,1.6,1.0,1.0,0.14967123900306292,1.0.0
F3,0.1,clock characteristic time,analytic_fractional,clock,0.6,1.0,1.6,1.0,1.0,0.15269402514091723,1.0.0
F3,0.10391223038351691,clock characteristic time,analytic_fractional,clock,0.6,1.0,1.6,1.0,1.0,0.15576802457953876,1.0.0
F3,0.10797751623277094,clock characteristic time,analytic_fractional,clock,0.6,1.0,1.6,1.0,1.0,0.15889369359415328,1.0.0
F3,0.1122018454301963,clock characteristic time,analytic_fractional,clock,0.6,1.0,1.6,1.0,1.0,0.16207147455273407,1.0.0
F3,0.11659144011798311,clock characteristic time,analytic_fractional,clock,0.6,1.0,1.6,1.0,1.0,0.16530179501062225,1.0.0
F3,0.12115276586285889,clock characteristic time,analytic_fractional,clock,0.6,1.0,1.6,1.0,1.0,0.16858506678532537,1.0.0
F3,0.12589254117941676,clock characteristic time,analytic_fractional,clock,0.6,1.0,1.6,1.0,1.0,0.17192168501242922,1.0.0
F3,0.13081774742601943,clock characteristic time,analytic_fractional,clock,0.6,1.0,1.6,1.0,1.0,0.17531202718346517,1.0.0
F3,0.13593563908785256,clock characteristic time,analytic_fractional,clock,0.6,1.0,1.6,1.0,1.0,0.17875645216667757,1.0.0
F3,0.1412537544622754,clock characteristic time,analytic_fractional,clock,0.6,1.0,1.6,1.0,1.0,0.18225529921176487,1.0.0
F3,0.1467799267622069,clock characteristic time,analytic_fractional,clock,0.6,1.0,1.6,1.0,1.0,0.1858088869397223,1.0.0
F3,0.15252229565390182,clock characteristic time,analytic_fractional,clock,0.6,1.0,1.6,1.0,1.0,0.18941751231907733,1.0.0
F3,0.1584893192461114,clock characteristic time,analytic_fractional,clock,0.6,1.0,1.6,1.0,1.0,0.19308144962988227,1.0.0
F3,0.1646897865482869,clock characteristic time,analytic_fractional,clock,0.6,1.0,1.6,1.0,1.0,0.19680094941696302,1.0.0
F3,0.1711328304161781,clock characteristic time,analytic_fractional,clock,0.6,1.0,1.6,1.0,1.0,0.2005762374340393,1.0.0
F3,0.1778279410038923,clock characteristic time,analytic_fractional,clock,0.6,1.0,1.6,1.0,1.0,0.20440751358042797,1.0.0
F3,0.18478497974222907,clock characteristic time,analytic_fractional,clock,0.6,1.0,1.6,1.0,1.0,0.2082949508322064,1.0.0
F3,0.1920141938638801,clock characteristic time,analytic_fractional,clock,0.6,1.0,1.6,1.0,1.0,0.21223869416979302,1.0.0
F3,0.19952623149688786,clock characteristic time,analytic_fractional,clock,0.6,1.0,1.6,1.0,1.0,0.21623885950403987,1.0.0
F3,0.2073321573485954,clock characteristic time,analytic_fractional,clock,0.6,1.0,1.6,1.0,1.0,0.220295532603083,1.0.0
F3,0.21544346900318845,clock characteristic time,analytic_fractional,clock,0.6,1.0,1.6,1.0,1.0,0.22440876802226906,1.0.0
F3,0.223872113856834,clock characteristic time,analytic_fractional,clock,0.6,1.0,1.6,1.0,1.0,0.22857858803964803,1.0.0
F3,0.23263050671536262,clock characteristic time,analytic_fractional,clock,0.6,1.0,1.6,1.0,1.0,0.23280498159962426,1.0.0
F3,0.24173154808041036,clock characteristic time,analytic_fractional,clock,0.6,1.0,1.6,1.0,1.0,0.23708790326746243,1.0.0
F3,0.25118864315095796,clock characteristic time,analytic_fractional,clock,0.6,1.0,1.6,1.0,1.0,0.24142727219751203,1.0.0
F3,0.2610157215682536,clock characteristic time,analytic_fractional,clock,0.6,1.0,1.6,1.0,1.0,0.2458229711180676,1.0.0
F3,0.2712272579332027,clock characteristic time,analytic_fractional,clock,0.6,1.0,1.6,1.0,1.0,0.25027484533594346,1.0.0
F3,0.2818382931264455,clock characteristic time,analytic_fractional,clock,0.6,1.0,1.6,1.0,1.0,0.2547827017639116,1.0.0
F3,0.29286445646252374,clock characteristic time,analytic_fractional,clock,0.6,1.0,1.6,1.0,1.0,0.25934630797428593,1.0.0
F3,0.3043219887107722,clock characteristic time,analytic_fractional,clock,0.6,1.0,1.6,1.0,1.0,0.2639653912819896,1.0.0
F3,0.31622776601683794,clock characteristic time,analytic_fractional,clock,0.6,1.0,1.6,1.0,1.0,0.2686396378605693,1.0.0
F3,0.3285993247600654,clock characteristic time,analytic_fractional,clock,0.6,1.0,1.6,1.0,1.0,0.27336869189465385,1.0.0
F3,0.34145488738336005,clock characteristic time,analytic_fractional,clock,0.6,1.0,1.6,1.0,1.0,0.27815215477246935,1.0.0
F3,0.3548133892335753,clock characteristic time,analytic_fractional,clock,0.6,1.0,1.6,1.0,1.0,0.28298958432204,1.0.0
F3,0.36869450645195734,clock characteristic time,analytic_fractional,clock,0.6,1.0,1.6,1.0,1.0,0.2878804940947658,1.0.0
F3,0.38311868495572887,clock characteristic time,analytic_fractional,clock,0.6,1.0,1.6,1.0,1.0,0.2928243527001074,1.0.0
F3,0.3981071705534973,clock characteristic time,analytic_fractional,clock,0.6,1.0,1.6,1.0,1.0,0.2978205831951114,1.0.0
F3,0.4136820402388507,clock characteristic time,analytic_fractional,clock,0.6,1.0,1.6,1.0,1.0,0.3028685625325338,1.0.0
F3,0.42986623470822766,clock characteristic time,analytic_fractional,clock,0.6,1.0,1.6,1.0,1.0,0.30796762107127584,1.0.0
F3,0.44668359215096304,clock characteristic time,analytic_fractional,clock,0.6,1.0,1.6,1.0,1.0,0.3131170421528656,1.0.0
F3,0.46415888336127775,clock characteristic time,analytic_fractional,clock,0.6,1.0,1.6,1.0,1.0,0.31831606174761773,1.0.0
F3,0.4823178482239304,clock characteristic time,analytic_fractional,clock,0.6,1.0,1.6,1.0,1.0,0.323563868174104,1.0.0
F3,0.5011872336272725,clock characteristic time,analytic_fractional,clock,0.6,1.0,1.6,1.0,1.0,0.32885960189540564,1.0.0
F3,0.5207948328595465,clock characteristic time,analytic_fractional,clock,0.6,1.0,1.6,1.0,1.0,0.33420235539560383,1.0.0
F3,0.5411695265464638,clock characteristic time,analytic_fractional,clock,0.6,1.0,1.6,1.0,1.0,0.3395911731397627,1.0.0
F3,0.5623413251903491,clock characteristic time,analytic_fractional,clock,0.6,1.0,1.6,1.0,1.0,0.34502505162056774,1.0.0
F3,0.5843414133735175,clock characteristic time,analytic_fractional,clock,0.6,1.0,1.6,1.0,1.0,0.350502939494584,1.0.0
F3,0.6072021956909883,clock characteristic time,analytic_fractional,clock,0.6,1.0,1.6,1.0,1.0,0.356023737810943,1.0.0
F3,0.630957344480193,clock characteristic time,analytic_fractional,clock,0.6,1.0,1.6,1.0,1.0,0.36158630033500705,1.0.0
F3,0.6556418494179785,clock characteristic time,analytic_fractional,clock,0.6,1.0,1.6,1.0,1.0,0.3671894339693912,1.0.0
F3,0.6812920690579615,clock characteristic time,analytic_fractional,clock,0.6,1.0,1.6,1.0,1.0,0.37283189927441074,1.0.0
F3,0.707945784384138,clock characteristic time,analytic_fractional,clock,0.6,1.0,1.6,1.0,1.0,0.37851241108978273,1.0.0
F3,0.7356422544596414,clock characteristic time,analytic_fractional,clock,0.6,1.0,1.6,1.0,1.0,0.38422963925909726,1.0.0
F3,0.7644222742526002,clock characteristic time,analytic_fractional,clock,0.6,1.0,1.6,1.0,1.0,0.3899822094582528,1.0.0
F3,0.7943282347242814,clock characteristic time,analytic_fractional,clock,0.6,1.0,1.6,1.0,1.0,0.39576870412872933,1.0.0
F3,0.8254041852680182,clock characteristic time,analytic_fractional,clock,0.6,1.0,1.6,1.0,1.0,0.401587663516199,1.0.0
F3,0.8576958985908937,clock characteristic time,analytic_fractional,clock,0.6,1.0,1.6,1.0,1.0,0.40743758681459485,1.0.0
F3,0.8912509381337459,clock characteristic time,analytic_fractional,clock,0.6,1.0,1.6,1.0,1.0,0.41331693341538733,1.0.0
F3,0.9261187281287937,clock characteristic time,analytic_fractional,clock,0.6,1.0,1.6,1.0,1.0,0.41922412426140054,1.0.0
F3,0.9623506263980888,clock characteristic time,analytic_fractional,clock,0.6,1.0,1.6,1.0,1.0,0.4251575433040753,1.0.0
F3,1.0,clock characteristic time,analytic_fractional,clock,0.6,1.0,1.6,1.0,1.0,0.4311155390626631,1.0.0
F3,1.0391223038351691,clock characteristic time,analytic_fractional,clock,0.6,1.0,1.6,1.0,1.0,0.43709642628339684,1.0.0
F3,1.0797751623277094,clock characteristic time,analytic_fractional,clock,0.6,1.0,1.6,1.0,1.0,0.4430984876962447,1.0.0
F3,1.122018454301963,clock characteristic time,analytic_fractional,clock,0.6,1.0,1.6,1.0,1.0,0.4491199758663802,1.0.0
F3,1.165914401179831,clock characteristic time,analytic_fractional,clock,0.6,1.0,1.6,1.0,1.0,0.45515911513708296,1.0.0
F3,1.2115276586285888,clock characteristic time,analytic_fractional,clock,0.6,1.0,1.6,1.0,1.0,0.461214103660319,1.0.0
F3,1.2589254117941675,clock characteristic time,analytic_fractional,clock,0.6,1.0,1.6,1.0,1.0,0.4672831155108025,1.0.0
F3,1.3081774742601942,clock characteristic time,analytic_fractional,clock,0.6,1.0,1.6,1.0,1.0,0.47336430287891706,1.0.0
F3,1.3593563908785256,clock characteristic time,analytic_fractional,clock,0.6,1.0,1.6,1.0,1.0,0.4794557983374438,1.0.0
F3,1.412537544622754,clock characteristic time,analytic_fractional,clock,0.6,1.0,1.6,1.0,1.0,0.4855557171766163,1.0.0
F3,1.467799267622069,clock characteristic time,analytic_fractional,clock,0.6,1.0,1.6,1.0,1.0,0.49166215980167627,1.0.0
F3,1.5252229565390183,clock characteristic time,analytic_fractional,clock,0.6,1.0,1.6,1.0,1.0,0.4977732141866612,1.0.0
F3,1.584893192461114,clock characteristic time,analytic_fractional,clock,0.6,1.0,1.6,1.0,1.0,0.5038869583778719,1.0.0
F3,1.6468978654828688,clock characteristic time,analytic_fractional,clock,0.6,1.0,1.6,1.0,1.0,0.5100014630400872,1.0.0
F3,1.711328304161781,clock characteristic time,analytic_fractional,clock,0.6,1.0,1.6,1.0,1.0,0.5161147940383678,1.0.0
F3,1.7782794100389228,clock characteristic time,analytic_fractional,clock,0.6,1.0,1.6,1.0,1.0,0.5222250150479428,1.0.0
F3,1.8478497974222907,clock characteristic time,analytic_fractional,clock,0.6,1.0,1.6,1.0,1.0,0.5283301901845334,1.0.0
F3,1.920141938638801,clock characteristic time,analytic_fractional,clock,0.6,1.0,1.6,1.0,1.0,0.534428386647214,1.0.0
F3,1.9952623149688788,clock characteristic time,analytic_fractional,clock,0.6,1.0,1.6,1.0,1.0,0.5405176773658041,1.0.0
F3,2.073321573485954,clock characteristic time,analytic_fractional,clock,0.6,1.0,1.6,1.0,1.0,0.5465961436446589,1.0.0
F3,2.1544346900318843,clock characteristic time,analytic_fractional,clock,0.6,1.0,1.6,1.0,1.0,0.5526618777946575,1.0.0
F3,2.23872113856834,clock characteristic time,analytic_fractional,clock,0.6,1.0,1.6,1.0,1.0,0.5587129857451847,1.0.0
F3,2.3263050671536263,clock characteristic time,analytic_fractional,clock,0.6,1.0,1.6,1.0,1.0,0.5647475896279195,1.0.0
F3,2.4173154808041035,clock characteristic time,analytic_fractional,clock,0.6,1.0,1.6,1.0,1.0,0.5707638303243134,1.0.0
F3,2.5118864315095797,clock characteristic time,analytic_fractional,clock,0.6,1.0,1.6,1.0,1.0,0.5767598699687564,1.0.0
F3,2.610157215682536,clock characteristic time,analytic_fractional,clock,0.6,1.0,1.6,1.0,1.0,0.5827338943996103,1.0.0
F3,2.712272579332027,clock characteristic time,analytic_fractional,clock,0.6,1.0,1.6,1.0,1.0,0.5886841155504706,1.0.0
F3,2.818382931264452,clock characteristic time,analytic_fractional,clock,0.6,1.0,1.6,1.0,1.0,0.5946087737742984,1.0.0
F3,2.9286445646252375,clock characteristic time,analytic_fractional,clock,0.6,1.0,1.6,1.0,1.0,0.6005061400933321,1.0.0
F3,3.043219887107722,clock characteristic time,analytic_fractional,clock,0.6,1.0,1.6,1.0,1.0,0.6063745183680507,1.0.0
F3,3.1622776601683795,clock characteristic time,analytic_fractional,clock,0.6,1.0,1.6,1.0,1.0,0.6122122473788152,1.0.0
F3,3.285993247600654,clock characteristic time,analytic_fractional,clock,0.6,1.0,1.6,1.0,1.0,0.6180177028142291,1.0.0
F3,3.4145488738336005,clock characteristic time,analytic_fractional,clock,0.6,1.0,1.6,1.0,1.0,0.6237892991607161,1.0.0
F3,3.5481338923357533,clock characteristic time,analytic_fractional,clock,0.6,1.0,1.6,1.0,1.0,0.6295254914882606,1.0.0
F3,3.6869450645195734,clock characteristic time,analytic_fractional,clock,0.6,1.0,1.6,1.0,1.0,0.6352247771277695,1.0.0
F3,3.831186849557289,clock characteristic time,analytic_fractional,clock,0.6,1.0,1.6,1.0,1.0,0.6408856972360446,1.0.0
F3,3.981071705534973,clock characteristic time,analytic_fractional,clock,0.6,1.0,1.6,1.0,1.0,0.646506838244863,1.0.0
F3,4.136820402388507,clock characteristic time,analytic_fractional,clock,0.6,1.0,1.6,1.0,1.0,0.6520868331912519,1.0.0
F3,4.298662347082277,clock characteristic time,analytic_fractional,clock,0.6,1.0,1.6,1.0,1.0,0.6576243629265712,1.0.0
F3,4.46683592150963,clock characteristic time,analytic_fractional,clock,0.6,1.0,1.6,1.0,1.0,0.6631181572026189,1.0.0
F3,4.6415888336127775,clock characteristic time,analytic_fractional,clock,0.6,1.0,1.6,1.0,1.0,0.6685669956335181,1.0.0
F3,4.823178482239304,clock characteristic time,analytic_fractional,clock,0.6,1.0,1.6,1.0,1.0,0.6739697085327181,1.0.0
F3,5.011872336272719,clock characteristic time,analytic_fractional,clock,0.6,1.0,1.6,1.0,1.0,0.679325177625015,1.0.0
F3,5.207948328595465,clock characteristic time,analytic_fractional,clock,0.6,1.0,1.6,1.0,1.0,0.6846323366340229,1.0.0
F3,5.411695265464638,clock characteristic time,analytic_fractional,clock,0.6,1.0,1.6,1.0,1.0,0.6898901717460728,1.0.0
F3,5.62341325190349,clock characteristic time,analytic_fractional,clock,0.6,1.0,1.6,1.0,1.0,0.6950977219520326,1.0.0
F3,5.843414133735175,clock characteristic time,analytic_fractional,clock,0.6,1.0,1.6,1.0,1.0,0.7002540792690284,1.0.0
F3,6.072021956909884,clock characteristic time,analytic_fractional,clock,0.6,1.0,1.6,1.0,1.0,0.7053583888445143,1.0.0
F3,6.30957344480193,clock characteristic time,analytic_fractional,clock,0.6,1.0,1.6,1.0,1.0,0.7104098489455801,1.0.0
F3,6.556418494179785,clock characteristic time,analytic_fractional,clock,0.6,1.0,1.6,1.0,1.0,0.7154077108367976,1.0.0
F3,6.812920690579615,clock characteristic time,analytic_fractional,clock,0.6,1.0,1.6,1.0,1.0,0.7203512785502793,1.0.0
F3,7.07945784384138,clock characteristic time,analytic_fractional,clock,0.6,1.0,1.6,1.0,1.0,0.725239908551961,1.0.0
F3,7.3564225445964135,clock characteristic time,analytic_fractional,clock,0.6,1.0,1.6,1.0,1.0,0.730073009308448,1.0.0
F3,7.644222742526002,clock characteristic time,analytic_fractional,clock,0.6,1.0,1.6,1.0,1.0,0.7348500407590064,1.0.0
F3,7.943282347242813,clock characteristic time,analytic_fractional,clock,0.6,1.0,1.6,1.0,1.0,0.7395705136975368,1.0.0
F3,8.254041852680182,clock characteristic time,analytic_fractional,clock,0.6,1.0,1.6,1.0,1.0,0.744233989069564,1.0.0
F3,8.576958985908938,clock characteristic time,analytic_fractional,clock,0.6,1.0,1.6,1.0,1.0,0.7488400771894227,1.0.0
F3,8.91250938133745,clock characteristic time,analytic_fractional,clock,0.6,1.0,1.6,1.0,1.0,0.7533884368829533,1.0.0
F3,9.261187281287937,clock characteristic time,analytic_fractional,clock,0.6,1.0,1.6,1.0,1.0,0.7578787745611207,1.0.0
F3,9.623506263980888,clock characteristic time,analytic_fractional,clock,0.6,1.0,1.6,1.0,1.0,0.7623108432299929,1.0.0
F3,10.0,clock characteristic time,analytic_fractional,clock,0.6,1.0,1.6,1.0,1.0,0.7666844414425699,1.0.0
F3,10.39122303835169,clock characteristic time,analytic_fractional,clock,0.6,1.0,1.6,1.0,1.0,0.770999412197925,1.0.0
F3,10.797751623277094,clock characteristic time,analytic_fractional,clock,0.6,1.0,1.6,1.0,1.0,0.7752556417930782,1.0.0
F3,11.220184543019629,clock characteristic time,analytic_fractional,clock,0.6,1.0,1.6,1.0,1.0,0.7794530586329649,1.0.0
F3,11.659144011798311,clock characteristic time,analytic_fractional,clock,0.6,1.0,1.6,1.0,1.0,0.7835916320037566,1.0.0
F3,12.115276586285876,clock characteristic time,analytic_fractional,clock,0.6,1.0,1.6,1.0,1.0,0.7876713708146843,1.0.0
F3,12.589254117941662,clock characteristic time,analytic_fractional,clock,0.6,1.0,1.6,1.0,1.0,0.7916923223133635,1.0.0
F3,13.081774742601928,clock characteristic time,analytic_fractional,clock,0.6,1.0,1.6,1.0,1.0,0.7956545707794741,1.0.0
F3,13.593563908785242,clock characteristic time,analytic_fractional,clock,0.6,1.0,1.6,1.0,1.0,0.799558236201465,1.0.0
F3,14.125375446227554,clock characteristic time,analytic_fractional,clock,0.6,1.0,1.6,1.0,1.0,0.80340347294077,1.0.0
F3,14.677992676220706,clock characteristic time,analytic_fractional,clock,0.6,1.0,1.6,1.0,1.0,0.8071904683878156,1.0.0
F3,15.252229565390198,clock characteristic time,analytic_fractional,clock,0.6,1.0,1.6,1.0,1.0,0.8109194416138986,1.0.0
F3,15.848931924611142,clock characteristic time,analytic_fractional,clock,0.6,1.0,1.6,1.0,1.0,0.8145906420227793,1.0.0
F3,16.46897865482869,clock characteristic time,analytic_fractional,clock,0.6,1.0,1.6,1.0,1.0,0.8182043480056287,1.0.0
F3,17.11328304161781,clock characteristic time,analytic_fractional,clock,0.6,1.0,1.6,1.0,1.0,0.8217608656027231,1.0.0
F3,17.78279410038923,clock characteristic time,analytic_fractional,clock,0.6,1.0,1.6,1.0,1.0,0.8252605271750706,1.0.0
F3,18.478497974222908,clock characteristic time,analytic_fractional,clock,0.6,1.0,1.6,1.0,1.0,0.8287036900888937,1.0.0
F3,19.20141938638801,clock characteristic time,analytic_fractional,clock,0.6,1.0,1.6,1.0,1.0,0.8320907354156988,1.0.0
F3,19.952623149688787,clock characteristic time,analytic_fractional,clock,0.6,1.0,1.6,1.0,1.0,0.8354220666504083,1.0.0
F3,20.73321573485954,clock characteristic time,analytic_fractional,clock,0.6,1.0,1.6,1.0,1.0,0.8386981084498242,1.0.0
F3,21.54434690031882,clock characteristic time,analytic_fractional,clock,0.6,1.0,1.6,1.0,1.0,0.8419193053934708,1.0.0
F3,22.38721138568338,clock characteristic time,analytic_fractional,clock,0.6,1.0,1.6,1.0,1.0,0.8450861207686521,1.0.0
F3,23.263050671536238,clock characteristic time,analytic_fractional,clock,0.6,1.0,1.6,1.0,1.0,0.8481990353813572,1.0.0
F3,24.173154808041012,clock characteristic time,analytic_fractional,clock,0.6,1.0,1.6,1.0,1.0,0.8512585463944482,1.0.0
F3,25.11886431509582,clock characteristic time,analytic_fractional,clock,0.6,1.0,1.6,1.0,1.0,0.8542651661943788,1.0.0
F3,26.101572156825384,clock characteristic time,analytic_fractional,clock,0.6,1.0,1.6,1.0,1.0,0.8572194212875126,1.0.0
F3,27.122725793320296,clock characteristic time,analytic_fractional,clock,0.6,1.0,1.6,1.0,1.0,0.8601218512269313,1.0.0
F3,28.183829312644548,clock characteristic time,analytic_fractional,clock,0.6,1.0,1.6,1.0,1.0,0.8629730075704796,1.0.0
F3,29.28644564625237,clock characteristic time,analytic_fractional,clock,0.6,1.0,1.6,1.0,1.0,0.8657734528706129,1.0.0
F3,30.432198871077222,clock characteristic time,analytic_fractional,clock,0.6,1.0,1.6,1.0,1.0,0.8685237596965047,1.0.0
F3,31.622776601683793,clock characteristic time,analytic_fractional,clock,0.6,1.0,1.6,1.0,1.0,0.8712245096887062,1.0.0
F3,32.85993247600654,clock characteristic time,analytic_fractional,clock,0.6,1.0,1.6,1.0,1.0,0.87387629264655,1.0.0
F3,34.145488738336006,clock characteristic time,analytic_fractional,clock,0.6,1.0,1.6,1.0,1.0,0.8764797056483585,1.0.0
F3,35.481338923357534,clock characteristic time,analytic_fractional,clock,0.6,1.0,1.6,1.0,1.0,0.8790353522044229,1.0.0
F3,36.869450645195734,clock characteristic time,analytic_fractional,clock,0.6,1.0,1.6,1.0,1.0,0.8815438414426132,1.0.0
F3,38.31186849557285,clock characteristic time,analytic_fractional,clock,0.6,1.0,1.6,1.0,1.0,0.884005787326402,1.0.0
F3,39.81071705534969,clock characteristic time,analytic_fractional,clock,0.6,1.0,1.6,1.0,1.0,0.886421807904986,1.0.0
F3,41.36820402388503,clock characteristic time,analytic_fractional,clock,0.6,1.0,1.6,1.0,1.0,0.8887925245951404,1.0.0
F3,42.98662347082272,clock characteristic time,analytic_fractional,clock,0.6,1.0,1.6,1.0,1.0,0.8911185614943539,1.0.0
F3,44.668359215096345,clock characteristic time,analytic_fractional,clock,0.6,1.0,1.6,1.0,1.0,0.893400544724751,1.0.0
F3,46.41588833612782,clock characteristic time,analytic_fractional,clock,0.6,1.0,1.6,1.0,1.0,0.8956391018072432,1.0.0
F3,48.23178482239309,clock characteristic time,analytic_fractional,clock,0.6,1.0,1.6,1.0,1.0,0.8978348610653207,1.0.0
F3,50.118723362727245,clock characteristic time,analytic_fractional,clock,0.6,1.0,1.6,1.0,1.0,0.8999884510578415,1.0.0
F3,52.07948328595465,clock characteristic time,analytic_fractional,clock,0.6,1.0,1.6,1.0,1.0,0.9021005000401532,1.0.0
F3,54.116952654646376,clock characteristic time,analytic_fractional,clock,0.6,1.0,1.6,1.0,1.0,0.9041716354528526,1.0.0
F3,56.23413251903491,clock characteristic time,analytic_fractional,clock,0.6,1.0,1.6,1.0,1.0,0.9062024834374585,1.0.0
F3,58.434141337351754,clock characteristic time,analytic_fractional,clock,0.6,1.0,1.6,1.0,1.0,0.9081936683782642,1.0.0
F3,60.72021956909884,clock characteristic time,analytic_fractional,clock,0.6,1.0,1.6,1.0,1.0,0.910145812469613,1.0.0
F3,63.0957344480193,clock characteristic time,analytic_fractional,clock,0.6,1.0,1.6,1.0,1.0,0.9120595353078359,1.0.0
F3,65.56418494179785,clock characteristic time,analytic_fractional,clock,0.6,1.0,1.6,1.0,1.0,0.9139354535070807,1.0.0
F3,68.12920690579608,clock characteristic time,analytic_fractional,clock,0.6,1.0,1.6,1.0,1.0,0.9157741803382552,1.0.0
F3,70.79457843841374,clock characteristic time,analytic_fractional,clock,0.6,1.0,1.6,1.0,1.0,0.9175763253903136,1.0.0
F3,73.56422544596406,clock characteristic time,analytic_fractional,clock,0.6,1.0,1.6,1.0,1.0,0.919342494253109,1.0.0
F3,76.44222742525994,clock characteristic time,analytic_fractional,clock,0.6,1.0,1.6,1.0,1.0,0.9210732882210433,1.0.0
F3,79.43282347242821,clock characteristic time,analytic_fractional,clock,0.6,1.0,1.6,1.0,1.0,0.9227693040167494,1.0.0
F3,82.5404185268019,clock characteristic time,analytic_fractional,clock,0.6,1.0,1.6,1.0,1.0,0.9244311335340544,1.0.0
F3,85.76958985908946,clock characteristic time,analytic_fractional,clock,0.6,1.0,1.6,1.0,1.0,0.9260593635994735,1.0.0
F3,89.12509381337459,clock characteristic time,analytic_fractional,clock,0.6,1.0,1.6,1.0,1.0,0.9276545757515018,1.0.0
F3,92.61187281287937,clock characteristic time,analytic_fractional,clock,0.6,1.0,1.6,1.0,1.0,0.929217346036982,1.0.0
F3,96.23506263980887,clock characteristic time,analytic_fractional,clock,0.6,1.0,1.6,1.0,1.0,0.9307482448238417,1.0.0
F3,100.0,clock characteristic time,analytic_fractional,clock,0.6,1.0,1.6,1.0,1.0,0.9322478366295008,1.0.0
F3,0.001,clock characteristic time,analytic_fractional,coupling,0.6,1.0,1.6,1.0,1.0,0.0004998333749916681,1.0.0
F3,0.001039122303835169,clock characteristic time,analytic_fractional,coupling,0.6,1.0,1.6,1.0,1.0,0.0005193812361314887,1.0.0
F3,0.0010797751623277093,clock characteristic time,analytic_fractional,coupling,0.6,1.0,1.6,1.0,1.0,0.0005396933145409566,1.0.0
F3,0.001122018454301963,clock characteristic time,analytic_fractional,coupling,0.6,1.0,1.6,1.0,1.0,0.000560799465091466,1.0.0
F3,0.0011659144011798323,clock characteristic time,analytic_fractional,coupling,0.6,1.0,1.6,1.0,1.0,0.0005827307072132637,1.0.0
F3,0.001211527658628589,clock characteristic time,analytic_fractional,coupling,0.6,1.0,1.6,1.0,1.0,0.0006055192701801548,1.0.0
F3,0.0012589254117941675,clock characteristic time,analytic_fractional,coupling,0.6,1.0,1.6,1.0,1.0,0.0006291986401466554,1.0.0
F3,0.0013081774742601943,clock characteristic time,analytic_fractional,coupling,0.6,1.0,1.6,1.0,1.0,0.0006538036090016908,1.0.0
F3,0.0013593563908785254,clock characteristic time,analytic_fractional,coupling,0.6,1.0,1.6,1.0,1.0,0.0006793703251065653,1.0.0
F3,0.001412537544622754,clock characteristic time,analytic_fractional,coupling,0.6,1.0,1.6,1.0,1.0,0.0007059363459915868,1.0.0
F3,0.001467799267622069,clock characteristic time,analytic_fractional,coupling,0.6,1.0,1.6,1.0,1.0,0.0007335406930855104,1.0.0
F3,0.0015252229565390183,clock characteristic time,analytic_fractional,coupling,0.6,1.0,1.6,1.0,1.0,0.0007622239085521842,1.0.0
F3,0.001584893192461114,clock characteristic time,analytic_fractional,coupling,0.6,1.0,1.6,1.0,1.0,0.0007920281143174446,1.0.0
F3,0.0016468978654828688,clock characteristic time,analytic_fractional,coupling,0.6,1.0,1.6,1.0,1.0,0.0008229970733685255,1.0.0
F3,0.001711328304161781,clock characteristic time,analytic_fractional,coupling,0.6,1.0,1.6,1.0,1.0,0.0008551762534099172,1.0.0
F3,0.0017782794100389228,clock characteristic time,analytic_fractional,coupling,0.6,1.0,1.6,1.0,1.0,0.0008886128929683768,1.0.0
F3,0.0018478497974222907,clock characteristic time,analytic_fractional,coupling,0.6,1.0,1.6,1.0,1.0,0.0009233560700339094,1.0.0
F3,0.001920141938638801,clock characteristic time,analytic_fractional,coupling,0.6,1.0,1.6,1.0,1.0,0.0009594567733395287,1.0.0
F3,0.001995262314968879,clock characteristic time,analytic_fractional,coupling,0.6,1.0,1.6,1.0,1.0,0.00099696797637161,1.0.0
F3,0.002073321573485954,clock characteristic time,analytic_fractional,coupling,0.6,1.0,1.6,1.0,1.0,0.0010359447142190836,1.0.0
F3,0.0021544346900318843,clock characteristic time,analytic_fractional,coupling,0.6,1.0,1.6,1.0,1.0,0.0010764441633641653,1.0.0
F3,0.00223872113856834,clock characteristic time,analytic_fractional,coupling,0.6,1.0,1.6,1.0,1.0,0.0011185257245265312,1.0.0
F3,0.0023263050671536263,clock characteristic time,analytic_fractional,coupling,0.6,1.0,1.6,1.0,1.0,0.0011622511086742948,1.0.0
F3,0.0024173154808041037,clock characteristic time,analytic_fractional,coupling,0.6,1.0,1.6,1.0,1.0,0.0012076844263193554,1.0.0
F3,0.0025118864315095794,clock characteristic time,analytic_fractional,coupling,0.6,1.0,1.6,1.0,1.0,0.0012548922802212426,1.0.0
F3,0.0026101572156825357,clock characteristic time,analytic_fractional,coupling,0.6,1.0,1.6,1.0,1.0,0.0013039438616225807,1.0.0
F3,0.0027122725793320298,clock characteristic time,analytic_fractional,coupling,0.6,1.0,1.6,1.0,1.0,0.001354911050150398,1.0.0
F3,0.002818382931264455,clock characteristic time,analytic_fractional,coupling,0.6,1.0,1.6,1.0,1.0,0.0014078685175159533,1.0.0
F3,0.0029286445646252374,clock characteristic time,analytic_fractional,coupling,0.6,1.0,1.6,1.0,1.0,0.0014628938351549658,1.0.0
F3,0.003043219887107722,clock characteristic time,analytic_fractional,coupling,0.6,1.0,1.6,1.0,1.0,0.001520067585952134,1.0.0
F3,0.0031622776601683794,clock characteristic time,analytic_fractional,coupling,0.6,1.0,1.6,1.0,1.0,0.0015794734802003774,1.0.0
F3,0.003285993247600654,clock characteristic time,analytic_fractional,coupling,0.6,1.0,1.6,1.0,1.0,0.0016411984759479026,1.0.0
F3,0.003414548873833601,clock characteristic time,analytic_fractional,coupling,0.6,1.0,1.6,1.0,1.0,0.001705332903895851,1.0.0
F3,0.0035481338923357532,clock characteristic time,analytic_fractional,coupling,0.6,1.0,1.6,1.0,1.0,0.001771970597009842,1.0.0
F3,0.0036869450645195733,clock characteristic time,analytic_fractional,coupling,0.6,1.0,1.6,1.0,1.0,0.0018412090250161661,1.0.0
F3,0.003831186849557289,clock characteristic time,analytic_fractional,coupling,0.6,1.0,1.6,1.0,1.0,0.0019131494339605926,1.0.0
F3,0.003981071705534973,clock characteristic time,analytic_fractional,coupling,0.6,1.0,1.6,1.0,1.0,0.0019878969910105404,1.0.0
F3,0.004136820402388507,clock characteristic time,analytic_fractional,coupling,0.6,1.0,1.6,1.0,1.0,0.0020655609346891257,1.0.0
F3,0.004298662347082277,clock characteristic time,analytic_fractional,coupling,0.6,1.0,1.6,1.0,1.0,0.0021462547307362634,1.0.0
F3,0.0044668359215096305,clock characteristic time,analytic_fractional,coupling,0.6,1.0,1.6,1.0,1.0,0.002230096233793666,1.0.0
F3,0.004641588833612777,clock characteristic time,analytic_fractional,coupling,0.6,1.0,1.6,1.0,1.0,0.002317207855124681,1.0.0
F3,0.004823178482239309,clock characteristic time,analytic_fractional,coupling,0.6,1.0,1.6,1.0,1.0,0.002407716736578469,1.0.0
F3,0.005011872336272725,clock characteristic time,analytic_fractional,coupling,0.6,1.0,1.6,1.0,1.0,0.002501754931019562,1.0.0
F3,0.005207948328595465,clock characteristic time,analytic_fractional,coupling,0.6,1.0,1.6,1.0,1.0,0.002599459589446851,1.0.0
F3,0.0054116952654646375,clock characteristic time,analytic_fractional,coupling,0.6,1.0,1.6,1.0,1.0,0.0027009731550385885,1.0.0
F3,0.005623413251903491,clock characteristic time,analytic_fractional,coupling,0.6,1.0,1.6,1.0,1.0,0.0028064435643567753,1.0.0
F3,0.005843414133735175,clock characteristic time,analytic_fractional,coupling,0.6,1.0,1.6,1.0,1.0,0.0029160244559643944,1.0.0
F3,0.006072021956909884,clock characteristic time,analytic_fractional,coupling,0.6,1.0,1.6,1.0,1.0,0.0030298753867022965,1.0.0
F3,0.006309573444801929,clock characteristic time,analytic_fractional,coupling,0.6,1.0,1.6,1.0,1.0,0.0031481620558916346,1.0.0
F3,0.006556418494179785,clock characteristic time,analytic_fractional,coupling,0.6,1.0,1.6,1.0,1.0,0.003271056537725081,1.0.0
F3,0.006812920690579615,clock characteristic time,analytic_fractional,coupling,0.6,1.0,1.6,1.0,1.0,0.0033987375221241622,1.0.0
F3,0.00707945784384138,clock characteristic time,analytic_fractional,coupling,0.6,1.0,1.6,1.0,1.0,0.003531390564343817,1.0.0
F3,0.007356422544596414,clock characteristic time,analytic_fractional,coupling,0.6,1.0,1.6,1.0,1.0,0.0036692083436123957,1.0.0
F3,0.007644222742526002,clock characteristic time,analytic_fractional,coupling,0.6,1.0,1.6,1.0,1.0,0.0038123909311047477,1.0.0
F3,0.007943282347242814,clock characteristic time,analytic_fractional,coupling,0.6,1.0,1.6,1.0,1.0,0.0039611460675497145,1.0.0
F3,0.008254041852680182,clock characteristic time,analytic_fractional,coupling,0.6,1.0,1.6,1.0,1.0,0.004115689450784332,1.0.0
F3,0.008576958985908946,clock characteristic time,analytic_fractional,coupling,0.6,1.0,1.6,1.0,1.0,0.004276245033569714,1.0.0
F3,0.008912509381337459,clock characteristic time,analytic_fractional,coupling,0.6,1.0,1.6,1.0,1.0,0.0044430453319959096,1.0.0
F3,0.009261187281287938,clock characteristic time,analytic_fractional,coupling,0.6,1.0,1.6,1.0,1.0,0.004616331744801472,1.0.0
F3,0.009623506263980888,clock characteristic time,analytic_fractional,coupling,0.6,1.0,1.6,1.0,1.0,0.004796354883950471,1.0.0
F3,0.01,clock characteristic time,analytic_fractional,coupling,0.6,1.0,1.6,1.0,1.0,0.004983374916805339,1.0.0
F3,0.01039122303835169,clock characteristic time,analytic_fractional,coupling,0.6,1.0,1.6,1.0,1.0,0.0051776619202478225,1.0.0
F3,0.010797751623277093,clock characteristic time,analytic_fractional,coupling,0.6,1.0,1.6,1.0,1.0,0.005379496247101545,1.0.0
F3,0.011220184543019636,clock characteristic time,analytic_fractional,coupling,0.6,1.0,1.6,1.0,1.0,0.005589168905216435,1.0.0
F3,0.011659144011798317,clock characteristic time,analytic_fractional,coupling,0.6,1.0,1.6,1.0,1.0,0.005806981949578738,1.0.0
F3,0.012115276586285882,clock characteristic time,analytic_fractional,coupling,0.6,1.0,1.6,1.0,1.0,0.006033248887817089,1.0.0
F3,0.012589254117941675,clock characteristic time,analytic_fractional,coupling,0.6,1.0,1.6,1.0,1.0,0.0062682950994741304,1.0.0
F3,0.013081774742601943,clock characteristic time,analytic_fractional,coupling,0.6,1.0,1.6,1.0,1.0,0.006512458269423038,1.0.0
F3,0.013593563908785255,clock characteristic time,analytic_fractional,coupling,0.6,1.0,1.6,1.0,1.0,0.0067660888358013205,1.0.0
F3,0.01412537544622754,clock characteristic time,analytic_fractional,coupling,0.6,1.0,1.6,1.0,1.0,0.007029550452843258,1.0.0
F3,0.014677992676220698,clock characteristic time,analytic_fractional,coupling,0.6,1.0,1.6,1.0,1.0,0.00730322046899079,1.0.0
F3,0.01525222956539019,clock characteristic time,analytic_fractional,coupling,0.6,1.0,1.6,1.0,1.0,0.007587490420657428,1.0.0
F3,0.015848931924611134,clock characteristic time,analytic_fractional,coupling,0.6,1.0,1.6,1.0,1.0,0.007882766542022801,1.0.0
F3,0.01646897865482868,clock characteristic time,analytic_fractional,coupling,0.6,1.0,1.6,1.0,1.0,0.008189470291232404,1.0.0
F3,0.01711328304161781,clock characteristic time,analytic_fractional,coupling,0.6,1.0,1.6,1.0,1.0,0.008508038893366265,1.0.0
F3,0.01778279410038923,clock characteristic time,analytic_fractional,coupling,0.6,1.0,1.6,1.0,1.0,0.008838925900540917,1.0.0
F3,0.018478497974222907,clock characteristic time,analytic_fractional,coupling,0.6,1.0,1.6,1.0,1.0,0.009182601769496812,1.0.0
F3,0.01920141938638801,clock characteristic time,analytic_fractional,coupling,0.6,1.0,1.6,1.0,1.0,0.00953955445701371,1.0.0
F3,0.0199526231496888,clock characteristic time,analytic_fractional,coupling,0.6,1.0,1.6,1.0,1.0,0.009910290033485203,1.0.0
F3,0.02073321573485955,clock characteristic time,analytic_fractional,coupling,0.6,1.0,1.6,1.0,1.0,0.01029533331496657,1.0.0
F3,0.021544346900318832,clock characteristic time,analytic_fractional,coupling,0.6,1.0,1.6,1.0,1.0,0.01069522851399718,1.0.0
F3,0.0223872113856834,clock characteristic time,analytic_fractional,coupling,0.6,1.0,1.6,1.0,1.0,0.011110539909473083,1.0.0
F3,0.02326305067153626,clock characteristic time,analytic_fractional,coupling,0.6,1.0,1.6,1.0,1.0,0.011541852535825847,1.0.0
F3,0.024173154808041036,clock characteristic time,analytic_fractional,coupling,0.6,1.0,1.6,1.0,1.0,0.011989772891735528,1.0.0
F3,0.025118864315095794,clock characteristic time,analytic_fractional,coupling,0.6,1.0,1.6,1.0,1.0,0.012454929668577419,1.0.0
F3,0.026101572156825372,clock characteristic time,analytic_fractional,coupling,0.6,1.0,1.6,1.0,1.0,0.012937974498764104,1.0.0
F3,0.02712272579332028,clock characteristic time,analytic_fractional,coupling,0.6,1.0,1.6,1.0,1.0,0.0134395827241095,1.0.0
F3,0.028183829312644536,clock characteristic time,analytic_fractional,coupling,0.6,1.0,1.6,1.0,1.0,0.013960454184297255,1.0.0
F3,0.02928644564625236,clock characteristic time,analytic_fractional,coupling,0.6,1.0,1.6,1.0,1.0,0.014501314025486711,1.0.0
F3,0.03043219887107722,clock characteristic time,analytic_fractional,coupling,0.6,1.0,1.6,1.0,1.0,0.015062913529034438,1.0.0
F3,0.03162277660168379,clock characteristic time,analytic_fractional,coupling,0.6,1.0,1.6,1.0,1.0,0.01564603096025652,1.0.0
F3,0.03285993247600654,clock characteristic time,analytic_fractional,coupling,0.6,1.0,1.6,1.0,1.0,0.01625147243707936,1.0.0
F3,0.034145488738336005,clock characteristic time,analytic_fractional,coupling,0.6,1.0,1.6,1.0,1.0,0.016880072818365566,1.0.0
F3,0.03548133892335755,clock characteristic time,analytic_fractional,coupling,0.6,1.0,1.6,1.0,1.0,0.017532696611612608,1.0.0
F3,0.03686945064519575,clock characteristic time,analytic_fractional,coupling,0.6,1.0,1.6,1.0,1.0,0.0182102388996378,1.0.0
F3,0.03831186849557287,clock characteristic time,analytic_fractional,coupling,0.6,1.0,1.6,1.0,1.0,0.01891362628576365,1.0.0
F3,0.039810717055349734,clock characteristic time,analytic_fractional,coupling,0.6,1.0,1.6,1.0,1.0,0.019643817856915935,1.0.0
F3,0.04136820402388507,clock characteristic time,analytic_fractional,coupling,0.6,1.0,1.6,1.0,1.0,0.020401806163924285,1.0.0
F3,0.042986623470822764,clock characteristic time,analytic_fractional,coupling,0.6,1.0,1.6,1.0,1.0,0.021188618218194177,1.0.0
F3,0.0446683592150963,clock characteristic time,analytic_fractional,coupling,0.6,1.0,1.6,1.0,1.0,0.02200531650378068,1.0.0
F3,0.046415888336127795,clock characteristic time,analytic_fractional,coupling,0.6,1.0,1.6,1.0,1.0,0.022853000003739243,1.0.0
F3,0.04823178482239307,clock characteristic time,analytic_fractional,coupling,0.6,1.0,1.6,1.0,1.0,0.02373280523947563,1.0.0
F3,0.05011872336272722,clock characteristic time,analytic_fractional,coupling,0.6,1.0,1.6,1.0,1.0,0.0246459073216293,1.0.0
F3,0.052079483285954624,clock characteristic time,analytic_fractional,coupling,0.6,1.0,1.6,1.0,1.0,0.025593521010846,1.0.0
F3,0.054116952654646375,clock characteristic time,analytic_fractional,coupling,0.6,1.0,1.6,1.0,1.0,0.026576901786577456,1.0.0
F3,0.056234132519034905,clock characteristic time,analytic_fractional,coupling,0.6,1.0,1.6,1.0,1.0,0.027597346921830246,1.0.0
F3,0.05843414133735175,clock characteristic time,analytic_fractional,coupling,0.6,1.0,1.6,1.0,1.0,0.0286561965615465,1.0.0
F3,0.060720219569098836,clock characteristic time,analytic_fractional,coupling,0.6,1.0,1.6,1.0,1.0,0.029754834802033114,1.0.0
F3,0.06309573444801933,clock characteristic time,analytic_fractional,coupling,0.6,1.0,1.6,1.0,1.0,0.030894690768586974,1.0.0
F3,0.06556418494179789,clock characteristic time,analytic_fractional,coupling,0.6,1.0,1.6,1.0,1.0,0.032077239688160675,1.0.0
F3,0.06812920690579612,clock characteristic time,analytic_fractional,coupling,0.6,1.0,1.6,1.0,1.0,0.03330400395359234,1.0.0
F3,0.07079457843841377,clock characteristic time,analytic_fractional,coupling,0.6,1.0,1.6,1.0,1.0,0.03457655417558336,1.0.0
F3,0.07356422544596414,clock characteristic time,analytic_fractional,coupling,0.6,1.0,1.6,1.0,1.0,0.035896510218241584,1.0.0
F3,0.07644222742526002,clock characteristic time,analytic_fractional,coupling,0.6,1.0,1.6,1.0,1.0,0.037265542213612446,1.0.0
F3,0.07943282347242814,clock characteristic time,analytic_fractional,coupling,0.6,1.0,1.6,1.0,1.0,0.03868537155020979,1.0.0
F3,0.08254041852680186,clock characteristic time,analytic_fractional,coupling,0.6,1.0,1.6,1.0,1.0,0.0401577718301086,1.0.0
F3,0.08576958985908942,clock characteristic time,analytic_fractional,coupling,0.6,1.0,1.6,1.0,1.0,0.041684569788693615,1.0.0
F3,0.08912509381337455,clock characteristic time,analytic_fractional,coupling,0.6,1.0,1.6,1.0,1.0,0.04326764617066037,1.0.0
F3,0.09261187281287933,clock characteristic time,analytic_fractional,coupling,0.6,1.0,1.6,1.0,1.0,0.04490893655532402,1.0.0
F3,0.09623506263980887,clock characteristic time,analytic_fractional,coupling,0.6,1.0,1.6,1.0,1.0,0.046610432123747936,1.0.0
F3,0.1,clock characteristic time,analytic_fractional,coupling,0.6,1.0,1.6,1.0,1.0,0.04837418035959573,1.0.0
F3,0.10391223038351691,clock characteristic time,analytic_fractional,coupling,0.6,1.0,1.6,1.0,1.0,0.050202285675000846,1.0.0
F3,0.10797751623277094,clock characteristic time,analytic_fractional,coupling,0.6,1.0,1.6,1.0,1.0,0.05209690995208338,1.0.0
F3,0.1122018454301963,clock characteristic time,analytic_fractional,coupling,0.6,1.0,1.6,1.0,1.0,0.054060272990063774,1.0.0
F3,0.11659144011798311,clock characteristic time,analytic_fractional,coupling,0.6,1.0,1.6,1.0,1.0,0.05609465284719972,1.0.0
F3,0.12115276586285889,clock characteristic time,analytic_fractional,coupling,0.6,1.0,1.6,1.0,1.0,0.05820238606602568,1.0.0
F3,0.12589254117941676,clock characteristic time,analytic_fractional,coupling,0.6,1.0,1.6,1.0,1.0,0.06038586776959043,1.0.0
F3,0.13081774742601943,clock characteristic time,analytic_fractional,coupling,0.6,1.0,1.6,1.0,1.0,0.06264755161558022,1.0.0
F3,0.13593563908785256,clock characteristic time,analytic_fractional,coupling,0.6,1.0,1.6,1.0,1.0,0.06498994959437454,1.0.0
F3,0.1412537544622754,clock characteristic time,analytic_fractional,coupling,0.6,1.0,1.6,1.0,1.0,0.06741563165621522,1.0.0
F3,0.1467799267622069,clock characteristic time,analytic_fractional,coupling,0.6,1.0,1.6,1.0,1.0,0.06992722515178607,1.0.0
F3,0.15252229565390182,clock characteristic time,analytic_fractional,coupling,0.6,1.0,1.6,1.0,1.0,0.07252741406958418,1.0.0
F3,0.1584893192461114,clock characteristic time,analytic_fractional,coupling,0.6,1.0,1.6,1.0,1.0,0.07521893805254476,1.0.0
F3,0.1646897865482869,clock characteristic time,analytic_fractional,coupling,0.6,1.0,1.6,1.0,1.0,0.07800459117543979,1.0.0
F3,0.1711328304161781,clock characteristic time,analytic_fractional,coupling,0.6,1.0,1.6,1.0,1.0,0.08088722046363184,1.0.0
F3,0.1778279410038923,clock characteristic time,analytic_fractional,coupling,0.6,1.0,1.6,1.0,1.0,0.08386972413281457,1.0.0
F3,0.18478497974222907,clock characteristic time,analytic_fractional,coupling,0.6,1.0,1.6,1.0,1.0,0.08695504952844357,1.0.0
F3,0.1920141938638801,clock characteristic time,analytic_fractional,coupling,0.6,1.0,1.6,1.0,1.0,0.09014619074263674,1.0.0
F3,0.19952623149688786,clock characteristic time,analytic_fractional,coupling,0.6,1.0,1.6,1.0,1.0,0.09344618588543296,1.0.0
F3,0.2073321573485954,clock characteristic time,analytic_fractional,coupling,0.6,1.0,1.6,1.0,1.0,0.09685811398644695,1.0.0
F3,0.21544346900318845,clock characteristic time,analytic_fractional,coupling,0.6,1.0,1.6,1.0,1.0,0.10038509150214858,1.0.0
F3,0.223872113856834,clock characteristic time,analytic_fractional,coupling,0.6,1.0,1.6,1.0,1.0,0.1040302684032629,1.0.0
F3,0.23263050671536262,clock characteristic time,analytic_fractional,coupling,0.6,1.0,1.6,1.0,1.0,0.10779682381613076,1.0.0
F3,0.24173154808041036,clock characteristic time,analytic_fractional,coupling,0.6,1.0,1.6,1.0,1.0,0.11168796119130975,1.0.0
F3,0.25118864315095796,clock characteristic time,analytic_fractional,coupling,0.6,1.0,1.6,1.0,1.0,0.1157069029722656,1.0.0
F3,0.2610157215682536,clock characteristic time,analytic_fractional,coupling,0.6,1.0,1.6,1.0,1.0,0.11985688473670619,1.0.0
F3,0.2712272579332027,clock characteristic time,analytic_fractional,coupling,0.6,1.0,1.6,1.0,1.0,0.12414114878298577,1.0.0
F3,0.2818382931264455,clock characteristic time,analytic_fractional,coupling,0.6,1.0,1.6,1.0,1.0,0.12856293713407485,1.0.0
F3,0.29286445646252374,clock characteristic time,analytic_fractional,coupling,0.6,1.0,1.6,1.0,1.0,0.1331254839318743,1.0.0
F3,0.3043219887107722,clock characteristic time,analytic_fractional,coupling,0.6,1.0,1.6,1.0,1.0,0.13783200719520272,1.0.0
F3,0.31622776601683794,clock characteristic time,analytic_fractional,coupling,0.6,1.0,1.6,1.0,1.0,0.14268569991561086,1.0.0
F3,0.3285993247600654,clock characteristic time,analytic_fractional,coupling,0.6,1.0,1.6,1.0,1.0,0.1476897204663249,1.0.0
F3,0.34145488738336005,clock characteristic time,analytic_fractional,coupling,0.6,1.0,1.6,1.0,1.0,0.1528471823011468,1.0.0
F3,0.3548133892335753,clock characteristic time,analytic_fractional,coupling,0.6,1.0,1.6,1.0,1.0,0.15816114292204042,1.0.0
F3,0.36869450645195734,clock characteristic time,analytic_fractional,coupling,0.6,1.0,1.6,1.0,1.0,0.16363459209650233,1.0.0
F3,0.38311868495572887,clock characteristic time,analytic_fractional,coupling,0.6,1.0,1.6,1.0,1.0,0.1692704393086566,1.0.0
F3,0.3981071705534973,clock characteristic time,analytic_fractional,coupling,0.6,1.0,1.6,1.0,1.0,0.17507150043139486,1.0.0
F3,0.4136820402388507,clock characteristic time,analytic_fractional,coupling,0.6,1.0,1.6,1.0,1.0,0.1810404836108418,1.0.0
F3,0.42986623470822766,clock characteristic time,analytic_fractional,coupling,0.6,1.0,1.6,1.0,1.0,0.18717997435900813,1.0.0
F3,0.44668359215096304,clock characteristic time,analytic_fractional,coupling,0.6,1.0,1.6,1.0,1.0,0.19349241985574972,1.0.0
F3,0.46415888336127775,clock characteristic time,analytic_fractional,coupling,0.6,1.0,1.6,1.0,1.0,0.19998011246712266,1.0.0
F3,0.4823178482239304,clock characteristic time,analytic_fractional,coupling,0.6,1.0,1.6,1.0,1.0,0.20664517249395264,1.0.0
F3,0.5011872336272725,clock characteristic time,analytic_fractional,coupling,0.6,1.0,1.6,1.0,1.0,0.2134895301719668,1.0.0
F3,0.5207948328595465,clock characteristic time,analytic_fractional,coupling,0.6,1.0,1.6,1.0,1.0,0.2205149069531953,1.0.0
F3,0.5411695265464638,clock characteristic time,analytic_fractional,coupling,0.6,1.0,1.6,1.0,1.0,0.2277227961075753,1.0.0
F3,0.5623413251903491,clock characteristic time,analytic_fractional,coupling,0.6,1.0,1.6,1.0,1.0,0.23511444269379167,1.0.0
F3,0.5843414133735175,clock characteristic time,analytic_fractional,coupling,0.6,1.0,1.6,1.0,1.0,0.24269082295939237,1.0.0
F3,0.6072021956909883,clock characteristic time,analytic_fractional,coupling,0.6,1.0,1.6,1.0,1.0,0.2504526232421074,1.0.0
F3,0.630957344480193,clock characteristic time,analytic_fractional,coupling,0.6,1.0,1.6,1.0,1.0,0.2584002184570767,1.0.0
F3,0.6556418494179785,clock characteristic time,analytic_fractional,coupling,0.6,1.0,1.6,1.0,1.0,0.26653365026831377,1.0.0
F3,0.6812920690579615,clock characteristic time,analytic_fractional,coupling,0.6,1.0,1.6,1.0,1.0,0.2748526050571577,1.0.0
F3,0.707945784384138,clock characteristic time,analytic_fractional,coupling,0.6,1.0,1.6,1.0,1.0,0.2833563918156188,1.0.0
F3,0.7356422544596414,clock characteristic time,analytic_fractional,coupling,0.6,1.0,1.6,1.0,1.0,0.29204392010831304,1.0.0
F3,0.7644222742526002,clock characteristic time,analytic_fractional,coupling,0.6,1.0,1.6,1.0,1.0,0.3009136782629733,1.0.0
F3,0.7943282347242814,clock characteristic time,analytic_fractional,coupling,0.6,1.0,1.6,1.0,1.0,0.30996371196619477,1.0.0
F3,0.8254041852680182,clock characteristic time,analytic_fractional,coupling,0.6,1.0,1.6,1.0,1.0,0.31919160345788833,1.0.0
F3,0.8576958985908937,clock characteristic time,analytic_fractional,coupling,0.6,1.0,1.6,1.0,1.0,0.32859445153471123,1.0.0
F3,0.8912509381337459,clock characteristic time,analytic_fractional,coupling,0.6,1.0,1.6,1.0,1.0,0.33816885258920926,1.0.0
F3,0.9261187281287937,clock characteristic time,analytic_fractional,coupling,0.6,1.0,1.6,1.0,1.0,0.34791088292728034,1.0.0
F3,0.9623506263980888,clock characteristic time,analytic_fractional,coupling,0.6,1.0,1.6,1.0,1.0,0.3578160826215001,1.0.0
F3,1.0,clock characteristic time,analytic_fractional,coupling,0.6,1.0,1.6,1.0,1.0,0.36787944117144233,1.0.0
F3,1.0391223038351691,clock characteristic time,analytic_fractional,coupling,0.6,1.0,1.6,1.0,1.0,0.3780953852540082,1.0.0
F3,1.0797751623277094,clock characteristic time,analytic_fractional,coupling,0.6,1.0,1.6,1.0,1.0,0.3884577688564296,1.0.0
F3,1.122018454301963,clock characteristic time,analytic_fractional,coupling,0.6,1.0,1.6,1.0,1.0,0.39895986609159884,1.0.0
F3,1.165914401179831,clock characteristic time,analytic_fractional,coupling,0.6,1.0,1.6,1.0,1.0,0.4095943669991394,1.0.0
F3,1.2115276586285888,clock characteristic time,analytic_fractional,coupling,0.6,1.0,1.6,1.0,1.0,0.4203533766356461,1.0.0
F3,1.2589254117941675,clock characteristic time,analytic_fractional,coupling,0.6,1.0,1.6,1.0,1.0,0.43122841775322707,1.0.0
F3,1.3081774742601942,clock characteristic time,analytic_fractional,coupling,0.6,1.0,1.6,1.0,1.0,0.4422104373563124,1.0.0
F3,1.3593563908785256,clock characteristic time,analytic_fractional,coupling,0.6,1.0,1.6,1.0,1.0,0.4532898174121037,1.0.0
F3,1.412537544622754,clock characteristic time,analytic_fractional,coupling,0.6,1.0,1.6,1.0,1.0,0.46445638996952343,1.0.0
F3,1.467799267622069,clock characteristic time,analytic_fractional,coupling,0.6,1.0,1.6,1.0,1.0,0.4756994569145738,1.0.0
F3,1.5252229565390183,clock characteristic time,analytic_fractional,coupling,0.6,1.0,1.6,1.0,1.0,0.48700781455627185,1.0.0
F3,1.584893192461114,clock characteristic time,analytic_fractional,coupling,0.6,1.0,1.6,1.0,1.0,0.49836978319642977,1.0.0
F3,1.6468978654828688,clock characteristic time,analytic_fractional,coupling,0.6,1.0,1.6,1.0,1.0,0.5097732417883298,1.0.0
F3,1.711328304161781,clock characteristic time,analytic_fractional,coupling,0.6,1.0,1.6,1.0,1.0,0.5212056677337433,1.0.0
F3,1.7782794100389228,clock characteristic time,analytic_fractional,coupling,0.6,1.0,1.6,1.0,1.0,0.5326541818048476,1.0.0
F3,1.8478497974222907,clock characteristic time,analytic_fractional,coupling,0.6,1.0,1.6,1.0,1.0,0.5441055981077746,1.0.0
F3,1.920141938638801,clock characteristic time,analytic_fractional,coupling,0.6,1.0,1.6,1.0,1.0,0.5555464789282512,1.0.0
F3,1.9952623149688788,clock characteristic time,analytic_fractional,coupling,0.6,1.0,1.6,1.0,1.0,0.5669631942178966,1.0.0
F3,2.073321573485954,clock characteristic time,analytic_fractional,coupling,0.6,1.0,1.6,1.0,1.0,0.5783419853932551,1.0.0
F3,2.1544346900318843,clock characteristic time,analytic_fractional,coupling,0.6,1.0,1.6,1.0,1.0,0.5896690330298868,1.0.0
F3,2.23872113856834,clock characteristic time,analytic_fractional,coupling,0.6,1.0,1.6,1.0,1.0,0.6009305279424364,1.0.0
F3,2.3263050671536263,clock characteristic time,analytic_fractional,coupling,0.6,1.0,1.6,1.0,1.0,0.6121127450504413,1.0.0
F3,2.4173154808041035,clock characteristic time,analytic_fractional,coupling,0.6,1.0,1.6,1.0,1.0,0.6232021193408614,1.0.0
F3,2.5118864315095797,clock characteristic time,analytic_fractional,coupling,0.6,1.0,1.6,1.0,1.0,0.6341853231543388,1.0.0
F3,2.610157215682536,clock characteristic time,analytic_fractional,coupling,0.6,1.0,1.6,1.0,1.0,0.645049343945574,1.0.0
F3,2.712272579332027,clock characteristic time,analytic_fractional,coupling,0.6,1.0,1.6,1.0,1.0,0.6557815616016739,1.0.0
F3,2.818382931264452,clock characteristic time,analytic_fractional,coupling,0.6,1.0,1.6,1.0,1.0,0.6663698243486582,1.0.0
F3,2.9286445646252375,clock characteristic time,analytic_fractional,coupling,0.6,1.0,1.6,1.0,1.0,0.6768025222382381,1.0.0
F3,3.043219887107722,clock characteristic time,analytic_fractional,coupling,0.6,1.0,1.6,1.0,1.0,0.6870686571871245,1.0.0
F3,3.1622776601683795,clock characteristic time,analytic_fractional,coupling,0.6,1.0,1.6,1.0,1.0,0.6971579085418442,1.0.0
F3,3.285993247600654,clock characteristic time,analytic_fractional,coupling,0.6,1.0,1.6,1.0,1.0,0.7070606931652865,1.0.0
F3,3.4145488738336005,clock characteristic time,analytic_fractional,coupling,0.6,1.0,1.6,1.0,1.0,0.7167682190885006,1.0.0
F3,3.5481338923357533,clock characteristic time,analytic_fractional,coupling,0.6,1.0,1.6,1.0,1.0,0.7262725318434003,1.0.0
F3,3.6869450645195734,clock characteristic time,analytic_fractional,coupling,0.6,1.0,1.6,1.0,1.0,0.7355665526891383,1.0.0
F3,3.831186849557289,clock characteristic time,analytic_fractional,coupling,0.6,1.0,1.6,1.0,1.0,0.7446441080662156,1.0.0
F3,3.981071705534973,clock characteristic time,analytic_fractional,coupling,0.6,1.0,1.6,1.0,1.0,0.7534999497562151,1.0.0
F3,4.136820402388507,clock characteristic time,analytic_fractional,coupling,0.6,1.0,1.6,1.0,1.0,0.7621297653887517,1.0.0
F3,4.298662347082277,clock characteristic time,analytic_fractional,coupling,0.6,1.0,1.6,1.0,1.0,0.7705301791171976,1.0.0
F3,4.46683592150963,clock characteristic time,analytic_fractional,coupling,0.6,1.0,1.6,1.0,1.0,0.7786987424764674,1.0.0
F3,4.6415888336127775,clock characteristic time,analytic_fractional,coupling,0.6,1.0,1.6,1.0,1.0,0.7866339156342774,1.0.0
F3,4.823178482239304,clock characteristic time,analytic_fractional,coupling,0.6,1.0,1.6,1.0,1.0,0.7943350394458598,1.0.0
F3,5.011872336272719,clock characteristic time,analytic_fractional,coupling,0.6,1.0,1.6,1.0,1.0,0.8018022989146794,1.0.0
F3,5.207948328595465,clock characteristic time,analytic_fractional,coupling,0.6,1.0,1.6,1.0,1.0,0.8090366788416429,1.0.0
F3,5.411695265464638,clock characteristic time,analytic_fractional,coupling,0.6,1.0,1.6,1.0,1.0,0.8160399126061197,1.0.0
F3,5.62341325190349,clock characteristic time,analytic_fractional,coupling,0.6,1.0,1.6,1.0,1.0,0.8228144251577327,1.0.0
F3,5.843414133735175,clock characteristic time,analytic_fractional,coupling,0.6,1.0,1.6,1.0,1.0,0.8293632714030041,1.0.0
F3,6.072021956909884,clock characteristic time,analytic_fractional,coupling,0.6,1.0,1.6,1.0,1.0,0.835690071241349,1.0.0
F3,6.30957344480193,clock characteristic time,analytic_fractional,coupling,0.6,1.0,1.6,1.0,1.0,0.8417989425376793,1.0.0
F3,6.556418494179785,clock characteristic time,analytic_fractional,coupling,0.6,1.0,1.6,1.0,1.0,0.8476944333127259,1.0.0
F3,6.812920690579615,clock characteristic time,analytic_fractional,coupling,0.6,1.0,1.6,1.0,1.0,0.8533814543874902,1.0.0
F3,7.07945784384138,clock characteristic time,analytic_fractional,coupling,0.6,1.0,1.6,1.0,1.0,0.8588652136371452,1.0.0
F3,7.3564225445964135,clock characteristic time,analytic_fractional,coupling,0.6,1.0,1.6,1.0,1.0,0.864151152896055,1.0.0
F3,7.644222742526002,clock characteristic time,analytic_fractional,coupling,0.6,1.0,1.6,1.0,1.0,0.8692448884147148,1.0.0
F3,7.943282347242813,clock characteristic time,analytic_fractional,coupling,0.6,1.0,1.6,1.0,1.0,0.8741521556079044,1.0.0
F3,8.254041852680182,clock characteristic time,analytic_fractional,coupling,0.6,1.0,1.6,1.0,1.0,0.8788787586586432,1.0.0
F3,8.576958985908938,clock characteristic time,analytic_fractional,coupling,0.6,1.0,1.6,1.0,1.0,0.8834305253624954,1.0.0
F3,8.91250938133745,clock characteristic time,analytic_fractional,coupling,0.6,1.0,1.6,1.0,1.0,0.887813267419244,1.0.0
F3,9.261187281287937,clock characteristic time,analytic_fractional,coupling,0.6,1.0,1.6,1.0,1.0,0.8920327462112507,1.0.0
F3,9.623506263980888,clock characteristic time,analytic_fractional,coupling,0.6,1.0,1.6,1.0,1.0,0.8960946439563474,1.0.0
F3,10.0,clock characteristic time,analytic_fractional,coupling,0.6,1.0,1.6,1.0,1.0,0.9000045399929762,1.0.0
F3,10.39122303835169,clock characteristic time,analytic_fractional,coupling,0.6,1.0,1.6,1.0,1.0,0.9037678918500767,1.0.0
F3,10.797751623277094,clock characteristic time,analytic_fractional,coupling,0.6,1.0,1.6,1.0,1.0,0.9073900206758295,1.0.0
F3,11.220184543019629,clock characteristic time,analytic_fractional,coupling,0.6,1.0,1.6,1.0,1.0,0.910876100548047,1.0.0
F3,11.659144011798311,clock characteristic time,analytic_fractional,coupling,0.6,1.0,1.6,1.0,1.0,0.9142311511634624,1.0.0
F3,12.115276586285876,clock characteristic time,analytic_fractional,coupling,0.6,1.0,1.6,1.0,1.0,0.9174600334008327,1.0.0
F3,12.589254117941662,clock characteristic time,analytic_fractional,coupling,0.6,1.0,1.6,1.0,1.0,0.9205674472700534,1.0.0
F3,13.081774742601928,clock characteristic time,analytic_fractional,coupling,0.6,1.0,1.6,1.0,1.0,0.9235579317922211,1.0.0
F3,13.593563908785242,clock characteristic time,analytic_fractional,coupling,0.6,1.0,1.6,1.0,1.0,0.926435866399322,1.0.0
F3,14.125375446227554,clock characteristic time,analytic_fractional,coupling,0.6,1.0,1.6,1.0,1.0,0.9292054734926704,1.0.0
F3,14.677992676220706,clock characteristic time,analytic_fractional,coupling,0.6,1.0,1.6,1.0,1.0,0.931870821852431,1.0.0
F3,15.252229565390198,clock characteristic time,analytic_fractional,coupling,0.6,1.0,1.6,1.0,1.0,0.9344358306432281,1.0.0
F3,15.848931924611142,clock characteristic time,analytic_fractional,coupling,0.6,1.0,1.6,1.0,1.0,0.9369042738103884,1.0.0
F3,16.46897865482869,clock characteristic time,analytic_fractional,coupling,0.6,1.0,1.6,1.0,1.0,0.9392797847060061,1.0.0
F3,17.11328304161781,clock characteristic time,analytic_fractional,coupling,0.6,1.0,1.6,1.0,1.0,0.9415658608226907,1.0.0
F3,17.78279410038923,clock characteristic time,analytic_fractional,coupling,0.6,1.0,1.6,1.0,1.0,0.9437658685451832,1.0.0
F3,18.478497974222908,clock characteristic time,analytic_fractional,coupling,0.6,1.0,1.6,1.0,1.0,0.9458830478561215,1.0.0
F3,19.20141938638801,clock characteristic time,analytic_fractional,coupling,0.6,1.0,1.6,1.0,1.0,0.9479205169526046,1.0.0
F3,19.952623149688787,clock characteristic time,analytic_fractional,coupling,0.6,1.0,1.6,1.0,1.0,0.9498812767455871,1.0.0
F3,20.73321573485954,clock characteristic time,analytic_fractional,coupling,0.6,1.0,1.6,1.0,1.0,0.9517682152253611,1.0.0
F3,21.54434690031882,clock characteristic time,analytic_fractional,coupling,0.6,1.0,1.6,1.0,1.0,0.9535841116842931,1.0.0
F3,22.38721138568338,clock characteristic time,analytic_fractional,coupling,0.6,1.0,1.6,1.0,1.0,0.9553316407933634,1.0.0
F3,23.263050671536238,clock characteristic time,analytic_fractional,coupling,0.6,1.0,1.6,1.0,1.0,0.9570133765325681,1.0.0
F3,24.173154808041012,clock characteristic time,analytic_fractional,coupling,0.6,1.0,1.6,1.0,1.0,0.9586317959774283,1.0.0
F3,25.11886431509582,clock characteristic time,analytic_fractional,coupling,0.6,1.0,1.6,1.0,1.0,0.9601892829451413,1.0.0
F3,26.101572156825384,clock characteristic time,analytic_fractional,coupling,0.6,1.0,1.6,1.0,1.0,0.961688131504604,1.0.0
F3,27.122725793320296,clock characteristic time,analytic_fractional,coupling,0.6,1.0,1.6,1.0,1.0,0.9631305493548655,1.0.0
F3,28.183829312644548,clock characteristic time,analytic_fractional,coupling,0.6,1.0,1.6,1.0,1.0,0.9645186610766628,1.0.0
F3,29.28644564625237,clock characteristic time,analytic_fractional,coupling,0.6,1.0,1.6,1.0,1.0,0.9658545112616705,1.0.0
F3,30.432198871077222,clock characteristic time,analytic_fractional,coupling,0.6,1.0,1.6,1.0,1.0,0.9671400675239955,1.0.0
F3,31.622776601683793,clock characteristic time,analytic_fractional,coupling,0.6,1.0,1.6,1.0,1.0,0.9683772233983168,1.0.0
F3,32.85993247600654,clock characteristic time,analytic_fractional,coupling,0.6,1.0,1.6,1.0,1.0,0.9695678011289229,1.0.0
F3,34.145488738336006,clock characteristic time,analytic_fractional,coupling,0.6,1.0,1.6,1.0,1.0,0.9707135543537476,1.0.0
F3,35.481338923357534,clock characteristic time,analytic_fractional,coupling,0.6,1.0,1.6,1.0,1.0,0.9718161706873555,1.0.0
F3,36.869450645195734,clock characteristic time,analytic_fractional,coupling,0.6,1.0,1.6,1.0,1.0,0.9728772742066797,1.0.0
F3,38.31186849557285,clock characteristic time,analytic_fractional,coupling,0.6,1.0,1.6,1.0,1.0,0.9738984278431746,1.0.0
F3,39.81071705534969,clock characteristic time,analytic_fractional,coupling,0.6,1.0,1.6,1.0,1.0,0.9748811356849042,1.0.0
F3,41.36820402388503,clock characteristic time,analytic_fractional,coupling,0.6,1.0,1.6,1.0,1.0,0.975826845191959,1.0.0
F3,42.98662347082272,clock characteristic time,analytic_fractional,coupling,0.6,1.0,1.6,1.0,1.0,0.9767369493284637,1.0.0
F3,44.668359215096345,clock characteristic time,analytic_fractional,coupling,0.6,1.0,1.6,1.0,1.0,0.9776127886143167,1.0.0
F3,46.41588833612782,clock characteristic time,analytic_fractional,coupling,0.6,1.0,1.6,1.0,1.0,0.9784556530996812,1.0.0
F3,48.23178482239309,clock characteristic time,analytic_fractional,coupling,0.6,1.0,1.6,1.0,1.0,0.9792667842651405,1.0.0
F3,50.118723362727245,clock characteristic time,analytic_fractional,coupling,0.6,1.0,1.6,1.0,1.0,0.9800473768503112,1.0.0
F3,52.07948328595465,clock characteristic time,analytic_fractional,coupling,0.6,1.0,1.6,1.0,1.0,0.980798580613612,1.0.0
F3,54.116952654646376,clock characteristic time,analytic_fractional,coupling,0.6,1.0,1.6,1.0,1.0,0.981521502025777,1.0.0
F3,56.23413251903491,clock characteristic time,analytic_fractional,coupling,0.6,1.0,1.6,1.0,1.0,0.9822172058996108,1.0.0
F3,58.434141337351754,clock characteristic time,analytic_fractional,coupling,0.6,1.0,1.6,1.0,1.0,0.9828867169583821,1.0.0
F3,60.72021956909884,clock characteristic time,analytic_fractional,coupling,0.6,1.0,1.6,1.0,1.0,0.9835310213451713,1.0.0
F3,63.0957344480193,clock characteristic time,analytic_fractional,coupling,0.6,1.0,1.6,1.0,1.0,0.9841510680753889,1.0.0
F3,65.56418494179785,clock characteristic time,analytic_fractional,coupling,0.6,1.0,1.6,1.0,1.0,0.9847477704346098,1.0.0
F3,68.12920690579608,clock characteristic time,analytic_fractional,coupling,0.6,1.0,1.6,1.0,1.0,0.9853220073237793,1.0.0
F3,70.79457843841374,clock characteristic time,analytic_fractional,coupling,0.6,1.0,1.6,1.0,1.0,0.9858746245537724,1.0.0
F3,73.56422544596406,clock characteristic time,analytic_fractional,coupling,0.6,1.0,1.6,1.0,1.0,0.9864064360912147,1.0.0
F3,76.44222742525994,clock characteristic time,analytic_fractional,coupling,0.6,1.0,1.6,1.0,1.0,0.986918225257398,1.0.0
F3,79.43282347242821,clock characteristic time,analytic_fractional,coupling,0.6,1.0,1.6,1.0,1.0,0.9874107458820583,1.0.0
F3,82.5404185268019,clock characteristic time,analytic_fractional,coupling,0.6,1.0,1.6,1.0,1.0,0.9878847234137141,1.0.0
F3,85.76958985908946,clock characteristic time,analytic_fractional,coupling,0.6,1.0,1.6,1.0,1.0,0.9883408559882016,1.0.0
F3,89.12509381337459,clock characteristic time,analytic_fractional,coupling,0.6,1.0,1.6,1.0,1.0,0.9887798154569803,1.0.0
F3,92.61187281287937,clock characteristic time,analytic_fractional,coupling,0.6,1.0,1.6,1.0,1.0,0.9892022483767229,1.0.0
F3,96.23506263980887,clock characteristic time,analytic_fractional,coupling,0.6,1.0,1.6,1.0,1.0,0.9896087769616483,1.0.0
F3,100.0,clock characteristic time,analytic_fractional,coupling,0.6,1.0,1.6,1.0,1.0,0.99,1.0.0
F3,0.001,clock characteristic time,analytic_fractional,combined,0.6,1.0,1.6,1.0,1.0,5.4898171771800575e-06,1.0.0
F3,0.001039122303835169,clock characteristic time,analytic_fractional,combined,0.6,1.0,1.6,1.0,1.0,5.836130497296856e-06,1.0.0
F3,0.0010797751623277093,clock characteristic time,analytic_fractional,combined,0.6,1.0,1.6,1.0,1.0,6.204256067574065e-06,1.0.0
F3,0.001122018454301963,clock characteristic time,analytic_fractional,combined,0.6,1.0,1.6,1.0,1.0,6.595564666669407e-06,1.0.0
F3,0.0011659144011798323,clock characteristic time,analytic_fractional,combined,0.6,1.0,1.6,1.0,1.0,7.0115129468612596e-06,1.0.0
F3,0.001211527658628589,clock characteristic time,analytic_fractional,combined,0.6,1.0,1.6,1.0,1.0,7.45364878928131e-06,1.0.0
F3,0.0012589254117941675,clock characteristic time,analytic_fractional,combined,0.6,1.0,1.6,1.0,1.0,7.9236169909522e-06,1.0.0
F3,0.0013081774742601943,clock characteristic time,analytic_fractional,combined,0.6,1.0,1.6,1.0,1.0,8.423165303958619e-06,1.0.0
F3,0.0013593563908785254,clock characteristic time,analytic_fractional,combined,0.6,1.0,1.6,1.0,1.0,8.954150848321003e-06,1.0.0
F3,0.001412537544622754,clock characteristic time,analytic_fractional,combined,0.6,1.0,1.6,1.0,1.0,9.51854692149679e-06,1.0.0
F3,0.001467799267622069,clock characteristic time,analytic_fractional,combined,0.6,1.0,1.6,1.0,1.0,1.0118450228781967e-05,1.0.0
F3,0.0015252229565390183,clock characteristic time,analytic_fractional,combined,0.6,1.0,1.6,1.0,1.0,1.0756088560312087e-05,1.0.0
F3,0.001584893192461114,clock characteristic time,analytic_fractional,combined,0.6,1.0,1.6,1.0,1.0,1.1433828941987752e-05,1.0.0
F3,0.0016468978654828688,clock characteristic time,analytic_fractional,combined,0.6,1.0,1.6,1.0,1.0,1.2154186289241736e-05,1.0.0
F3,0.001711328304161781,clock characteristic time,analytic_fractional,combined,0.6,1.0,1.6,1.0,1.0,1.2919832594278452e-05,1.0.0
F3,0.0017782794100389228,clock characteristic time,analytic_fractional,combined,0.6,1.0,1.6,1.0,1.0,1.3733606679334635e-05,1.0.0
F3,0.0018478497974222907,clock characteristic time,analytic_fractional,combined,0.6,1.0,1.6,1.0,1.0,1.4598524550320145e-05,1.0.0
F3,0.001920141938638801,clock characteristic time,analytic_fractional,combined,0.6,1.0,1.6,1.0,1.0,1.5517790387443365e-05,1.0.0
F3,0.001995262314968879,clock characteristic time,analytic_fractional,combined,0.6,1.0,1.6,1.0,1.0,1.6494808211383718e-05,1.0.0
F3,0.002073321573485954,clock characteristic time,analytic_fractional,combined,0.6,1.0,1.6,1.0,1.0,1.7533194266072114e-05,1.0.0
F3,0.0021544346900318843,clock characteristic time,analytic_fractional,combined,0.6,1.0,1.6,1.0,1.0,1.8636790161432022e-05,1.0.0
F3,0.00223872113856834,clock characteristic time,analytic_fractional,combined,0.6,1.0,1.6,1.0,1.0,1.9809676822093457e-05,1.0.0
F3,0.0023263050671536263,clock characteristic time,analytic_fractional,combined,0.6,1.0,1.6,1.0,1.0,2.1056189290775782e-05,1.0.0
F3,0.0024173154808041037,clock characteristic time,analytic_fractional,combined,0.6,1.0,1.6,1.0,1.0,2.23809324379142e-05,1.0.0
F3,0.0025118864315095794,clock characteristic time,analytic_fractional,combined,0.6,1.0,1.6,1.0,1.0,2.378879763219135e-05,1.0.0
F3,0.0026101572156825357,clock characteristic time,analytic_fractional,combined,0.6,1.0,1.6,1.0,1.0,2.5284980429753934e-05,1.0.0
F3,0.0027122725793320298,clock characteristic time,analytic_fractional,combined,0.6,1.0,1.6,1.0,1.0,2.6874999343413134e-05,1.0.0
F3,0.002818382931264455,clock characteristic time,analytic_fractional,combined,0.6,1.0,1.6,1.0,1.0,2.85647157566037e-05,1.0.0
F3,0.0029286445646252374,clock characteristic time,analytic_fractional,combined,0.6,1.0,1.6,1.0,1.0,3.03603550507523e-05,1.0.0
F3,0.003043219887107722,clock characteristic time,analytic_fractional,combined,0.6,1.0,1.6,1.0,1.0,3.226852901865478e-05,1.0.0
F3,0.0031622776601683794,clock characteristic time,analytic_fractional,combined,0.6,1.0,1.6,1.0,1.0,3.429625964071984e-05,1.0.0
F3,0.003285993247600654,clock characteristic time,analytic_fractional,combined,0.6,1.0,1.6,1.0,1.0,3.645100430534656e-05,1.0.0
F3,0.003414548873833601,clock characteristic time,analytic_fractional,combined,0.6,1.0,1.6,1.0,1.0,3.874068255950476e-05,1.0.0
F3,0.0035481338923357532,clock characteristic time,analytic_fractional,combined,0.6,1.0,1.6,1.0,1.0,4.117370448045363e-05,1.0.0
F3,0.0036869450645195733,clock characteristic time,analytic_fractional,combined,0.6,1.0,1.6,1.0,1.0,4.375900076481211e-05,1.0.0
F3,0.003831186849557289,clock characteristic time,analytic_fractional,combined,0.6,1.0,1.6,1.0,1.0,4.6506054636757356e-05,1.0.0
F3,0.003981071705534973,clock characteristic time,analytic_fractional,combined,0.6,1.0,1.6,1.0,1.0,4.942493568288608e-05,1.0.0
F3,0.004136820402388507,clock characteristic time,analytic_fractional,combined,0.6,1.0,1.6,1.0,1.0,5.2526335727454956e-05,1.0.0
F3,0.004298662347082277,clock characteristic time,analytic_fractional,combined,0.6,1.0,1.6,1.0,1.0,5.5821606868204804e-05,1.0.0
F3,0.0044668359215096305,clock characteristic time,analytic_fractional,combined,0.6,1.0,1.6,1.0,1.0,5.932280179967524e-05,1.0.0
F3,0.004641588833612777,clock characteristic time,analytic_fractional,combined,0.6,1.0,1.6,1.0,1.0,6.304271655829096e-05,1.0.0
F3,0.004823178482239309,clock characteristic time,analytic_fractional,combined,0.6,1.0,1.6,1.0,1.0,6.699493583086116e-05,1.0.0
F3,0.005011872336272725,clock characteristic time,analytic_fractional,combined,0.6,1.0,1.6,1.0,1.0,7.119388097621313e-05,1.0.0
F3,0.005207948328595465,clock characteristic time,analytic_fractional,combined,0.6,1.0,1.6,1.0,1.0,7.565486091795268e-05,1.0.0
F3,0.0054116952654646375,clock characteristic time,analytic_fractional,combined,0.6,1.0,1.6,1.0,1.0,8.039412607530595e-05,1.0.0
F3,0.005623413251903491,clock characteristic time,analytic_fractional,combined,0.6,1.0,1.6,1.0,1.0,8.542892550796643e-05,1.0.0
F3,0.005843414133735175,clock characteristic time,analytic_fractional,combined,0.6,1.0,1.6,1.0,1.0,9.077756746097167e-05,1.0.0
F3,0.006072021956909884,clock characteristic time,analytic_fractional,combined,0.6,1.0,1.6,1.0,1.0,9.645948350545356e-05,1.0.0
F3,0.006309573444801929,clock characteristic time,analytic_fractional,combined,0.6,1.0,1.6,1.0,1.0,0.00010249529648219031,1.0.0
F3,0.006556418494179785,clock characteristic time,analytic_fractional,combined,0.6,1.0,1.6,1.0,1.0,0.00010890689246585417,1.0.0
F3,0.006812920690579615,clock characteristic time,analytic_fractional,combined,0.6,1.0,1.6,1.0,1.0,0.00011571749697987494,1.0.0
F3,0.00707945784384138,clock characteristic time,analytic_fractional,combined,0.6,1.0,1.6,1.0,1.0,0.00012295175570413007,1.0.0
F3,0.007356422544596414,clock characteristic time,analytic_fractional,combined,0.6,1.0,1.6,1.0,1.0,0.0001306358199306507,1.0.0
F3,0.007644222742526002,clock characteristic time,analytic_fractional,combined,0.6,1.0,1.6,1.0,1.0,0.00013879743703622169,1.0.0
F3,0.007943282347242814,clock characteristic time,analytic_fractional,combined,0.6,1.0,1.6,1.0,1.0,0.00014746604625488107,1.0.0
F3,0.008254041852680182,clock characteristic time,analytic_fractional,combined,0.6,1.0,1.6,1.0,1.0,0.00015667288004837844,1.0.0
F3,0.008576958985908946,clock characteristic time,analytic_fractional,combined,0.6,1.0,1.6,1.0,1.0,0.00016645107138808996,1.0.0
F3,0.008912509381337459,clock characteristic time,analytic_fractional,combined,0.6,1.0,1.6,1.0,1.0,0.0001768357672784007,1.0.0
F3,0.009261187281287938,clock characteristic time,analytic_fractional,combined,0.6,1.0,1.6,1.0,1.0,0.0001878642488682822,1.0.0
F3,0.009623506263980888,clock characteristic time,analytic_fractional,combined,0.6,1.0,1.6,1.0,1.0,0.00019957605851597391,1.0.0
F3,0.01,clock characteristic time,analytic_fractional,combined,0.6,1.0,1.6,1.0,1.0,0.00021201313418981908,1.0.0
F3,0.01039122303835169,clock characteristic time,analytic_fractional,combined,0.6,1.0,1.6,1.0,1.0,0.00022521995160794614,1.0.0
F3,0.010797751623277093,clock characteristic time,analytic_fractional,combined,0.6,1.0,1.6,1.0,1.0,0.0002392436745394511,1.0.0
F3,0.011220184543019636,clock characteristic time,analytic_fractional,combined,0.6,1.0,1.6,1.0,1.0,0.0002541343137107557,1.0.0
F3,0.011659144011798317,clock characteristic time,analytic_fractional,combined,0.6,1.0,1.6,1.0,1.0,0.00026994489478254644,1.0.0
F3,0.012115276586285882,clock characteristic time,analytic_fractional,combined,0.6,1.0,1.6,1.0,1.0,0.0002867316358854474,1.0.0
F3,0.012589254117941675,clock characteristic time,analytic_fractional,combined,0.6,1.0,1.6,1.0,1.0,0.00030455413522585873,1.0.0
F3,0.013081774742601943,clock characteristic time,analytic_fractional,combined,0.6,1.0,1.6,1.0,1.0,0.0003234755692980586,1.0.0
F3,0.013593563908785255,clock characteristic time,analytic_fractional,combined,0.6,1.0,1.6,1.0,1.0,0.00034356290226345406,1.0.0
F3,0.01412537544622754,clock characteristic time,analytic_fractional,combined,0.6,1.0,1.6,1.0,1.0,0.0003648871070842905,1.0.0
F3,0.014677992676220698,clock characteristic time,analytic_fractional,combined,0.6,1.0,1.6,1.0,1.0,0.00038752339902598827,1.0.0
F3,0.01525222956539019,clock characteristic time,analytic_fractional,combined,0.6,1.0,1.6,1.0,1.0,0.00041155148216981603,1.0.0
F3,0.015848931924611134,clock characteristic time,analytic_fractional,combined,0.6,1.0,1.6,1.0,1.0,0.00043705580960646623,1.0.0
F3,0.01646897865482868,clock characteristic time,analytic_fractional,combined,0.6,1.0,1.6,1.0,1.0,0.0004641258580105343,1.0.0
F3,0.01711328304161781,clock characteristic time,analytic_fractional,combined,0.6,1.0,1.6,1.0,1.0,0.0004928564173257756,1.0.0
F3,0.01778279410038923,clock characteristic time,analytic_fractional,combined,0.6,1.0,1.6,1.0,1.0,0.0005233478963223083,1.0.0
F3,0.018478497974222907,clock characteristic time,analytic_fractional,combined,0.6,1.0,1.6,1.0,1.0,0.0005557066448183696,1.0.0
F3,0.01920141938638801,clock characteristic time,analytic_fractional,combined,0.6,1.0,1.6,1.0,1.0,0.0005900452933914913,1.0.0
F3,0.0199526231496888,clock characteristic time,analytic_fractional,combined,0.6,1.0,1.6,1.0,1.0,0.0006264831114368879,1.0.0
F3,0.02073321573485955,clock characteristic time,analytic_fractional,combined,0.6,1.0,1.6,1.0,1.0,0.0006651463844640147,1.0.0
F3,0.021544346900318832,clock characteristic time,analytic_fractional,combined,0.6,1.0,1.6,1.0,1.0,0.0007061688115562618,1.0.0
F3,0.0223872113856834,clock characteristic time,analytic_fractional,combined,0.6,1.0,1.6,1.0,1.0,0.0007496919239524253,1.0.0
F3,0.02326305067153626,clock characteristic time,analytic_fractional,combined,0.6,1.0,1.6,1.0,1.0,0.0007958655257430034,1.0.0
F3,0.024173154808041036,clock characteristic time,analytic_fractional,combined,0.6,1.0,1.6,1.0,1.0,0.000844848157708474,1.0.0
F3,0.025118864315095794,clock characteristic time,analytic_fractional,combined,0.6,1.0,1.6,1.0,1.0,0.0008968075853609174,1.0.0
F3,0.026101572156825372,clock characteristic time,analytic_fractional,combined,0.6,1.0,1.6,1.0,1.0,0.0009519213122838356,1.0.0
F3,0.02712272579332028,clock characteristic time,analytic_fractional,combined,0.6,1.0,1.6,1.0,1.0,0.001010377119898482,1.0.0
F3,0.028183829312644536,clock characteristic time,analytic_fractional,combined,0.6,1.0,1.6,1.0,1.0,0.0010723736348174277,1.0.0
F3,0.02928644564625236,clock characteristic time,analytic_fractional,combined,0.6,1.0,1.6,1.0,1.0,0.0011381209249774556,1.0.0
F3,0.03043219887107722,clock characteristic time,analytic_fractional,combined,0.6,1.0,1.6,1.0,1.0,0.001207841125773897,1.0.0
F3,0.03162277660168379,clock characteristic time,analytic_fractional,combined,0.6,1.0,1.6,1.0,1.0,0.0012817690974475575,1.0.0
F3,0.03285993247600654,clock characteristic time,analytic_fractional,combined,0.6,1.0,1.6,1.0,1.0,0.0013601531150010094,1.0.0
F3,0.034145488738336005,clock characteristic time,analytic_fractional,combined,0.6,1.0,1.6,1.0,1.0,0.001443255591946065,1.0.0
F3,0.03548133892335755,clock characteristic time,analytic_fractional,combined,0.6,1.0,1.6,1.0,1.0,0.0015313538392048682,1.0.0
F3,0.03686945064519575,clock characteristic time,analytic_fractional,combined,0.6,1.0,1.6,1.0,1.0,0.0016247408605053677,1.0.0
F3,0.03831186849557287,clock characteristic time,analytic_fractional,combined,0.6,1.0,1.6,1.0,1.0,0.0017237261856258405,1.0.0
F3,0.039810717055349734,clock characteristic time,analytic_fractional,combined,0.6,1.0,1.6,1.0,1.0,0.0018286367428532475,1.0.0
F3,0.04136820402388507,clock characteristic time,analytic_fractional,combined,0.6,1.0,1.6,1.0,1.0,0.0019398177720242886,1.0.0
F3,0.042986623470822764,clock characteristic time,analytic_fractional,combined,0.6,1.0,1.6,1.0,1.0,0.0020576337795173826,1.0.0
F3,0.0446683592150963,clock characteristic time,analytic_fractional,combined,0.6,1.0,1.6,1.0,1.0,0.0021824695365561756,1.0.0
F3,0.046415888336127795,clock characteristic time,analytic_fractional,combined,0.6,1.0,1.6,1.0,1.0,0.0023147311221696698,1.0.0
F3,0.04823178482239307,clock characteristic time,analytic_fractional,combined,0.6,1.0,1.6,1.0,1.0,0.0024548470121318207,1.0.0
F3,0.05011872336272722,clock characteristic time,analytic_fractional,combined,0.6,1.0,1.6,1.0,1.0,0.0026032692151699223,1.0.0
F3,0.052079483285954624,clock characteristic time,analytic_fractional,combined,0.6,1.0,1.6,1.0,1.0,0.0027604744576896646,1.0.0
F3,0.054116952654646375,clock characteristic time,analytic_fractional,combined,0.6,1.0,1.6,1.0,1.0,0.0029269654182095756,1.0.0
F3,0.056234132519034905,clock characteristic time,analytic_fractional,combined,0.6,1.0,1.6,1.0,1.0,0.003103272012631566,1.0.0
F3,0.05843414133735175,clock characteristic time,analytic_fractional,combined,0.6,1.0,1.6,1.0,1.0,0.0032899527313939086,1.0.0
F3,0.060720219569098836,clock characteristic time,analytic_fractional,combined,0.6,1.0,1.6,1.0,1.0,0.0034875960294562082,1.0.0
F3,0.06309573444801933,clock characteristic time,analytic_fractional,combined,0.6,1.0,1.6,1.0,1.0,0.003696821769954229,1.0.0
F3,0.06556418494179789,clock characteristic time,analytic_fractional,combined,0.6,1.0,1.6,1.0,1.0,0.0039182827222308024,1.0.0
F3,0.06812920690579612,clock characteristic time,analytic_fractional,combined,0.6,1.0,1.6,1.0,1.0,0.004152666114797649,1.0.0
F3,0.07079457843841377,clock characteristic time,analytic_fractional,combined,0.6,1.0,1.6,1.0,1.0,0.004400695243610057,1.0.0
F3,0.07356422544596414,clock characteristic time,analytic_fractional,combined,0.6,1.0,1.6,1.0,1.0,0.004663131135839321,1.0.0
F3,0.07644222742526002,clock characteristic time,analytic_fractional,combined,0.6,1.0,1.6,1.0,1.0,0.00494077426910429,1.0.0
F3,0.07943282347242814,clock characteristic time,analytic_fractional,combined,0.6,1.0,1.6,1.0,1.0,0.005234466345873245,1.0.0
F3,0.08254041852680186,clock characteristic time,analytic_fractional,combined,0.6,1.0,1.6,1.0,1.0,0.005545092122465147,1.0.0
F3,0.08576958985908942,clock characteristic time,analytic_fractional,combined,0.6,1.0,1.6,1.0,1.0,0.005873581291765897,1.0.0
F3,0.08912509381337455,clock characteristic time,analytic_fractional,combined,0.6,1.0,1.6,1.0,1.0,0.006220910418426642,1.0.0
F3,0.09261187281287933,clock characteristic time,analytic_fractional,combined,0.6,1.0,1.6,1.0,1.0,0.006588104924922991,1.0.0
F3,0.09623506263980887,clock characteristic time,analytic_fractional,combined,0.6,1.0,1.6,1.0,1.0,0.006976241126429519,1.0.0
F3,0.1,clock characteristic time,analytic_fractional,combined,0.6,1.0,1.6,1.0,1.0,0.0073864483119993754,1.0.0
F3,0.10391223038351691,clock characteristic time,analytic_fractional,combined,0.6,1.0,1.6,1.0,1.0,0.007819910868972558,1.0.0
F3,0.10797751623277094,clock characteristic time,analytic_fractional,combined,0.6,1.0,1.6,1.0,1.0,0.008277870447128532,1.0.0
F3,0.1122018454301963,clock characteristic time,analytic_fractional,combined,0.6,1.0,1.6,1.0,1.0,0.008761628158222979,1.0.0
F3,0.11659144011798311,clock characteristic time,analytic_fractional,combined,0.6,1.0,1.6,1.0,1.0,0.009272546806139826,1.0.0
F3,0.12115276586285889,clock characteristic time,analytic_fractional,combined,0.6,1.0,1.6,1.0,1.0,0.009812053142006229,1.0.0
F3,0.12589254117941676,clock characteristic time,analytic_fractional,combined,0.6,1.0,1.6,1.0,1.0,0.010381640137885726,1.0.0
F3,0.13081774742601943,clock characteristic time,analytic_fractional,combined,0.6,1.0,1.6,1.0,1.0,0.010982869271808138,1.0.0
F3,0.13593563908785256,clock characteristic time,analytic_fractional,combined,0.6,1.0,1.6,1.0,1.0,0.011617372815981599,1.0.0
F3,0.1412537544622754,clock characteristic time,analytic_fractional,combined,0.6,1.0,1.6,1.0,1.0,0.012286856119053634,1.0.0
F3,0.1467799267622069,clock characteristic time,analytic_fractional,combined,0.6,1.0,1.6,1.0,1.0,0.012993099872236723,1.0.0
F3,0.15252229565390182,clock characteristic time,analytic_fractional,combined,0.6,1.0,1.6,1.0,1.0,0.013737962347996284,1.0.0
F3,0.1584893192461114,clock characteristic time,analytic_fractional,combined,0.6,1.0,1.6,1.0,1.0,0.014523381598805656,1.0.0
F3,0.1646897865482869,clock characteristic time,analytic_fractional,combined,0.6,1.0,1.6,1.0,1.0,0.015351377602208605,1.0.0
F3,0.1711328304161781,clock characteristic time,analytic_fractional,combined,0.6,1.0,1.6,1.0,1.0,0.0162240543370929,1.0.0
F3,0.1778279410038923,clock characteristic time,analytic_fractional,combined,0.6,1.0,1.6,1.0,1.0,0.017143601774665042,1.0.0
F3,0.18478497974222907,clock characteristic time,analytic_fractional,combined,0.6,1.0,1.6,1.0,1.0,0.018112297766139224,1.0.0
F3,0.1920141938638801,clock characteristic time,analytic_fractional,combined,0.6,1.0,1.6,1.0,1.0,0.019132509807598307,1.0.0
F3,0.19952623149688786,clock characteristic time,analytic_fractional,combined,0.6,1.0,1.6,1.0,1.0,0.020206696660868533,1.0.0
F3,0.2073321573485954,clock characteristic time,analytic_fractional,combined,0.6,1.0,1.6,1.0,1.0,0.021337409807574453,1.0.0
F3,0.21544346900318845,clock characteristic time,analytic_fractional,combined,0.6,1.0,1.6,1.0,1.0,0.022527294711799914,1.0.0
F3,0.223872113856834,clock characteristic time,analytic_fractional,combined,0.6,1.0,1.6,1.0,1.0,0.023779091865003446,1.0.0
F3,0.23263050671536262,clock characteristic time,analytic_fractional,combined,0.6,1.0,1.6,1.0,1.0,0.02509563758501226,1.0.0
F3,0.24173154808041036,clock characteristic time,analytic_fractional,combined,0.6,1.0,1.6,1.0,1.0,0.026479864539065343,1.0.0
F3,0.25118864315095796,clock characteristic time,analytic_fractional,combined,0.6,1.0,1.6,1.0,1.0,0.027934801959016282,1.0.0
F3,0.2610157215682536,clock characteristic time,analytic_fractional,combined,0.6,1.0,1.6,1.0,1.0,0.029463575514932887,1.0.0
F3,0.2712272579332027,clock characteristic time,analytic_fractional,combined,0.6,1.0,1.6,1.0,1.0,0.03106940681148811,1.0.0
F3,0.2818382931264455,clock characteristic time,analytic_fractional,combined,0.6,1.0,1.6,1.0,1.0,0.03275561246972351,1.0.0
F3,0.29286445646252374,clock characteristic time,analytic_fractional,combined,0.6,1.0,1.6,1.0,1.0,0.03452560275502172,1.0.0
F3,0.3043219887107722,clock characteristic time,analytic_fractional,combined,0.6,1.0,1.6,1.0,1.0,0.03638287971046369,1.0.0
F3,0.31622776601683794,clock characteristic time,analytic_fractional,combined,0.6,1.0,1.6,1.0,1.0,0.03833103475321157,1.0.0
F3,0.3285993247600654,clock characteristic time,analytic_fractional,combined,0.6,1.0,1.6,1.0,1.0,0.04037374569016632,1.0.0
F3,0.34145488738336005,clock characteristic time,analytic_fractional,combined,0.6,1.0,1.6,1.0,1.0,0.04251477310796442,1.0.0
F3,0.3548133892335753,clock characteristic time,analytic_fractional,combined,0.6,1.0,1.6,1.0,1.0,0.04475795609140698,1.0.0
F3,0.36869450645195734,clock characteristic time,analytic_fractional,combined,0.6,1.0,1.6,1.0,1.0,0.04710720722373655,1.0.0
F3,0.38311868495572887,clock characteristic time,analytic_fractional,combined,0.6,1.0,1.6,1.0,1.0,0.049566506821820185,1.0.0
F3,0.3981071705534973,clock characteristic time,analytic_fractional,combined,0.6,1.0,1.6,1.0,1.0,0.05213989635932121,1.0.0
F3,0.4136820402388507,clock characteristic time,analytic_fractional,combined,0.6,1.0,1.6,1.0,1.0,0.0548314710314104,1.0.0
F3,0.42986623470822766,clock characteristic time,analytic_fractional,combined,0.6,1.0,1.6,1.0,1.0,0.05764537141552614,1.0.0
F3,0.44668359215096304,clock characteristic time,analytic_fractional,combined,0.6,1.0,1.6,1.0,1.0,0.060585774184232756,1.0.0
F3,0.46415888336127775,clock characteristic time,analytic_fractional,combined,0.6,1.0,1.6,1.0,1.0,0.06365688182838015,1.0.0
F3,0.4823178482239304,clock characteristic time,analytic_fractional,combined,0.6,1.0,1.6,1.0,1.0,0.06686291135164828,1.0.0
F3,0.5011872336272725,clock characteristic time,analytic_fractional,combined,0.6,1.0,1.6,1.0,1.0,0.0702080819011902,1.0.0
F3,0.5207948328595465,clock characteristic time,analytic_fractional,combined,0.6,1.0,1.6,1.0,1.0,0.07369660130360028,1.0.0
F3,0.5411695265464638,clock characteristic time,analytic_fractional,combined,0.6,1.0,1.6,1.0,1.0,0.07733265148083848,1.0.0
F3,0.5623413251903491,clock characteristic time,analytic_fractional,combined,0.6,1.0,1.6,1.0,1.0,0.08112037272716649,1.0.0
F3,0.5843414133735175,clock characteristic time,analytic_fractional,combined,0.6,1.0,1.6,1.0,1.0,0.0850638468356267,1.0.0
F3,0.6072021956909883,clock characteristic time,analytic_fractional,combined,0.6,1.0,1.6,1.0,1.0,0.08916707907121092,1.0.0
F3,0.630957344480193,clock characteristic time,analytic_fractional,combined,0.6,1.0,1.6,1.0,1.0,0.09343397899765198,1.0.0
F3,0.6556418494179785,clock characteristic time,analytic_fractional,combined,0.6,1.0,1.6,1.0,1.0,0.0978683401758178,1.0.0
F3,0.6812920690579615,clock characteristic time,analytic_fractional,combined,0.6,1.0,1.6,1.0,1.0,0.10247381876397961,1.0.0
F3,0.707945784384138,clock characteristic time,analytic_fractional,combined,0.6,1.0,1.6,1.0,1.0,0.10725391106383105,1.0.0
F3,0.7356422544596414,clock characteristic time,analytic_fractional,combined,0.6,1.0,1.6,1.0,1.0,0.11221193007102974,1.0.0
F3,0.7644222742526002,clock characteristic time,analytic_fractional,combined,0.6,1.0,1.6,1.0,1.0,0.11735098110520416,1.0.0
F3,0.7943282347242814,clock characteristic time,analytic_fractional,combined,0.6,1.0,1.6,1.0,1.0,0.12267393661179161,1.0.0
F3,0.8254041852680182,clock characteristic time,analytic_fractional,combined,0.6,1.0,1.6,1.0,1.0,0.12818341024664248,1.0.0
F3,0.8576958985908937,clock characteristic time,analytic_fractional,combined,0.6,1.0,1.6,1.0,1.0,0.13388173037396808,1.0.0
F3,0.8912509381337459,clock characteristic time,analytic_fractional,combined,0.6,1.0,1.6,1.0,1.0,0.13977091312877213,1.0.0
F3,0.9261187281287937,clock characteristic time,analytic_fractional,combined,0.6,1.0,1.6,1.0,1.0,0.14585263521619976,1.0.0
F3,0.9623506263980888,clock characteristic time,analytic_fractional,combined,0.6,1.0,1.6,1.0,1.0,0.15212820664204502,1.0.0
F3,1.0,clock characteristic time,analytic_fractional,combined,0.6,1.0,1.6,1.0,1.0,0.1585985435906976,1.0.0
F3,1.0391223038351691,clock characteristic time,analytic_fractional,combined,0.6,1.0,1.6,1.0,1.0,0.16526414168877113,1.0.0
F3,1.0797751623277094,clock characteristic time,analytic_fractional,combined,0.6,1.0,1.6,1.0,1.0,0.17212504991414132,1.0.0
F3,1.122018454301963,clock characteristic time,analytic_fractional,combined,0.6,1.0,1.6,1.0,1.0,0.17918084543071314,1.0.0
F3,1.165914401179831,clock characteristic time,analytic_fractional,combined,0.6,1.0,1.6,1.0,1.0,0.18643060964846192,1.0.0
F3,1.2115276586285888,clock characteristic time,analytic_fractional,combined,0.6,1.0,1.6,1.0,1.0,0.193872905825598,1.0.0
F3,1.2589254117941675,clock characteristic time,analytic_fractional,combined,0.6,1.0,1.6,1.0,1.0,0.2015057585445218,1.0.0
F3,1.3081774742601942,clock characteristic time,analytic_fractional,combined,0.6,1.0,1.6,1.0,1.0,0.20932663540495183,1.0.0
F3,1.3593563908785256,clock characteristic time,analytic_fractional,combined,0.6,1.0,1.6,1.0,1.0,0.21733243128555432,1.0.0
F3,1.412537544622754,clock characteristic time,analytic_fractional,combined,0.6,1.0,1.6,1.0,1.0,0.22551945552891411,1.0.0
F3,1.467799267622069,clock characteristic time,analytic_fractional,combined,0.6,1.0,1.6,1.0,1.0,0.2338834224031038,1.0.0
F3,1.5252229565390183,clock characteristic time,analytic_fractional,combined,0.6,1.0,1.6,1.0,1.0,0.24241944518569689,1.0.0
F3,1.584893192461114,clock characteristic time,analytic_fractional,combined,0.6,1.0,1.6,1.0,1.0,0.25112203420228846,1.0.0
F3,1.6468978654828688,clock characteristic time,analytic_fractional,combined,0.6,1.0,1.6,1.0,1.0,0.2599850991307363,1.0.0
F3,1.711328304161781,clock characteristic time,analytic_fractional,combined,0.6,1.0,1.6,1.0,1.0,0.2690019558540309,1.0.0
F3,1.7782794100389228,clock characteristic time,analytic_fractional,combined,0.6,1.0,1.6,1.0,1.0,0.27816533810838623,1.0.0
F3,1.8478497974222907,clock characteristic time,analytic_fractional,combined,0.6,1.0,1.6,1.0,1.0,0.2874674141287499,1.0.0
F3,1.920141938638801,clock characteristic time,analytic_fractional,combined,0.6,1.0,1.6,1.0,1.0,0.29689980844116576,1.0.0
F3,1.9952623149688788,clock characteristic time,analytic_fractional,combined,0.6,1.0,1.6,1.0,1.0,0.30645362889055483,1.0.0
F3,2.073321573485954,clock characteristic time,analytic_fractional,combined,0.6,1.0,1.6,1.0,1.0,0.3161194989237489,1.0.0
F3,2.1544346900318843,clock characteristic time,analytic_fractional,combined,0.6,1.0,1.6,1.0,1.0,0.32588759507165715,1.0.0
F3,2.23872113856834,clock characteristic time,analytic_fractional,combined,0.6,1.0,1.6,1.0,1.0,0.3357476894921488,1.0.0
F3,2.3263050671536263,clock characteristic time,analytic_fractional,combined,0.6,1.0,1.6,1.0,1.0,0.34568919734776593,1.0.0
F3,2.4173154808041035,clock characteristic time,analytic_fractional,combined,0.6,1.0,1.6,1.0,1.0,0.35570122870121995,1.0.0
F3,2.5118864315095797,clock characteristic time,analytic_fractional,combined,0.6,1.0,1.6,1.0,1.0,0.3657726445185902,1.0.0
F3,2.610157215682536,clock characteristic time,analytic_fractional,combined,0.6,1.0,1.6,1.0,1.0,0.37589211627731806,1.0.0
F3,2.712272579332027,clock characteristic time,analytic_fractional,combined,0.6,1.0,1.6,1.0,1.0,0.3860481885857879,1.0.0
F3,2.818382931264452,clock characteristic time,analytic_fractional,combined,0.6,1.0,1.6,1.0,1.0,0.3962293441361503,1.0.0
F3,2.9286445646252375,clock characteristic time,analytic_fractional,combined,0.6,1.0,1.6,1.0,1.0,0.40642407023471594,1.0.0
F3,3.043219887107722,clock characteristic time,analytic_fractional,combined,0.6,1.0,1.6,1.0,1.0,0.41662092608762596,1.0.0
F3,3.1622776601683795,clock characteristic time,analytic_fractional,combined,0.6,1.0,1.6,1.0,1.0,0.426808609966317,1.0.0
F3,3.285993247600654,clock characteristic time,analytic_fractional,combined,0.6,1.0,1.6,1.0,1.0,0.4369760253402469,1.0.0
F3,3.4145488738336005,clock characteristic time,analytic_fractional,combined,0.6,1.0,1.6,1.0,1.0,0.4471123450458904,1.0.0
F3,3.5481338923357533,clock characteristic time,analytic_fractional,combined,0.6,1.0,1.6,1.0,1.0,0.45720707256314,1.0.0
F3,3.6869450645195734,clock characteristic time,analytic_fractional,combined,0.6,1.0,1.6,1.0,1.0,0.46725009949459956,1.0.0
F3,3.831186849557289,clock characteristic time,analytic_fractional,combined,0.6,1.0,1.6,1.0,1.0,0.4772317583907291,1.0.0
F3,3.981071705534973,clock characteristic time,analytic_fractional,combined,0.6,1.0,1.6,1.0,1.0,0.48714287013455376,1.0.0
F3,4.136820402388507,clock characteristic time,analytic_fractional,combined,0.6,1.0,1.6,1.0,1.0,0.49697478519314287,1.0.0
F3,4.298662347082277,clock characteristic time,analytic_fractional,combined,0.6,1.0,1.6,1.0,1.0,0.5067194181576439,1.0.0
F3,4.46683592150963,clock characteristic time,analytic_fractional,combined,0.6,1.0,1.6,1.0,1.0,0.5163692751269918,1.0.0
F3,4.6415888336127775,clock characteristic time,analytic_fractional,combined,0.6,1.0,1.6,1.0,1.0,0.5259174736390392,1.0.0
F3,4.823178482239304,clock characteristic time,analytic_fractional,combined,0.6,1.0,1.6,1.0,1.0,0.5353577550126513,1.0.0
F3,5.011872336272719,clock characteristic time,analytic_fractional,combined,0.6,1.0,1.6,1.0,1.0,0.5446844891303599,1.0.0
F3,5.207948328595465,clock characteristic time,analytic_fractional,combined,0.6,1.0,1.6,1.0,1.0,0.5538926718579835,1.0.0
F3,5.411695265464638,clock characteristic time,analytic_fractional,combined,0.6,1.0,1.6,1.0,1.0,0.5629779154594862,1.0.0
F3,5.62341325190349,clock characteristic time,analytic_fractional,combined,0.6,1.0,1.6,1.0,1.0,0.5719364325164112,1.0.0
F3,5.843414133735175,clock characteristic time,analytic_fractional,combined,0.6,1.0,1.6,1.0,1.0,0.58076501399586,1.0.0
F3,6.072021956909884,clock characteristic time,analytic_fractional,combined,0.6,1.0,1.6,1.0,1.0,0.5894610022241553,1.0.0
F3,6.30957344480193,clock characteristic time,analytic_fractional,combined,0.6,1.0,1.6,1.0,1.0,0.5980222596107418,1.0.0
F3,6.556418494179785,clock characteristic time,analytic_fractional,combined,0.6,1.0,1.6,1.0,1.0,0.6064471340253536,1.0.0
F3,6.812920690579615,clock characteristic time,analytic_fractional,combined,0.6,1.0,1.6,1.0,1.0,0.6147344217591254,1.0.0
F3,7.07945784384138,clock characteristic time,analytic_fractional,combined,0.6,1.0,1.6,1.0,1.0,0.6228833289966635,1.0.0
F3,7.3564225445964135,clock characteristic time,analytic_fractional,combined,0.6,1.0,1.6,1.0,1.0,0.6308934326921877,1.0.0
F3,7.644222742526002,clock characteristic time,analytic_fractional,combined,0.6,1.0,1.6,1.0,1.0,0.6387646416811111,1.0.0
F3,7.943282347242813,clock characteristic time,analytic_fractional,combined,0.6,1.0,1.6,1.0,1.0,0.6464971587727469,1.0.0
F3,8.254041852680182,clock characteristic time,analytic_fractional,combined,0.6,1.0,1.6,1.0,1.0,0.6540914444650285,1.0.0
F3,8.576958985908938,clock characteristic time,analytic_fractional,combined,0.6,1.0,1.6,1.0,1.0,0.6615481828039433,1.0.0
F3,8.91250938133745,clock characteristic time,analytic_fractional,combined,0.6,1.0,1.6,1.0,1.0,0.6688682497849316,1.0.0
F3,9.261187281287937,clock characteristic time,analytic_fractional,combined,0.6,1.0,1.6,1.0,1.0,0.6760526845669739,1.0.0
F3,9.623506263980888,clock characteristic time,analytic_fractional,combined,0.6,1.0,1.6,1.0,1.0,0.6831026636482435,1.0.0
F3,10.0,clock characteristic time,analytic_fractional,combined,0.6,1.0,1.6,1.0,1.0,0.6900194780402921,1.0.0
F3,10.39122303835169,clock characteristic time,analytic_fractional,combined,0.6,1.0,1.6,1.0,1.0,0.696804513379767,1.0.0
F3,10.797751623277094,clock characteristic time,analytic_fractional,combined,0.6,1.0,1.6,1.0,1.0,0.7034592328356747,1.0.0
F3,11.220184543019629,clock characteristic time,analytic_fractional,combined,0.6,1.0,1.6,1.0,1.0,0.7099851626078433,1.0.0
F3,11.659144011798311,clock characteristic time,analytic_fractional,combined,0.6,1.0,1.6,1.0,1.0,0.7163838797688507,1.0.0
F3,12.115276586285876,clock characteristic time,analytic_fractional,combined,0.6,1.0,1.6,1.0,1.0,0.72265700217652,1.0.0
F3,12.589254117941662,clock characteristic time,analytic_fractional,combined,0.6,1.0,1.6,1.0,1.0,0.7288061801753133,1.0.0
F3,13.081774742601928,clock characteristic time,analytic_fractional,combined,0.6,1.0,1.6,1.0,1.0,0.7348330898101185,1.0.0
F3,13.593563908785242,clock characteristic time,analytic_fractional,combined,0.6,1.0,1.6,1.0,1.0,0.740739427292018,1.0.0
F3,14.125375446227554,clock characteristic time,analytic_fractional,combined,0.6,1.0,1.6,1.0,1.0,0.7465269044795839,1.0.0
F3,14.677992676220706,clock characteristic time,analytic_fractional,combined,0.6,1.0,1.6,1.0,1.0,0.7521972451680025,1.0.0
F3,15.252229565390198,clock characteristic time,analytic_fractional,combined,0.6,1.0,1.6,1.0,1.0,0.7577521820092261,1.0.0
F3,15.848931924611142,clock characteristic time,analytic_fractional,combined,0.6,1.0,1.6,1.0,1.0,0.7631934539170901,1.0.0
F3,16.46897865482869,clock characteristic time,analytic_fractional,combined,0.6,1.0,1.6,1.0,1.0,0.7685228038402451,1.0.0
F3,17.11328304161781,clock characteristic time,analytic_fractional,combined,0.6,1.0,1.6,1.0,1.0,0.7737419768116274,1.0.0
F3,17.78279410038923,clock characteristic time,analytic_fractional,combined,0.6,1.0,1.6,1.0,1.0,0.7788527182054362,1.0.0
F3,18.478497974222908,clock characteristic time,analytic_fractional,combined,0.6,1.0,1.6,1.0,1.0,0.7838567721508976,1.0.0
F3,19.20141938638801,clock characteristic time,analytic_fractional,combined,0.6,1.0,1.6,1.0,1.0,0.7887558800667221,1.0.0
F3,19.952623149688787,clock characteristic time,analytic_fractional,combined,0.6,1.0,1.6,1.0,1.0,0.7935517792913268,1.0.0
F3,20.73321573485954,clock characteristic time,analytic_fractional,combined,0.6,1.0,1.6,1.0,1.0,0.7982462017921755,1.0.0
F3,21.54434690031882,clock characteristic time,analytic_fractional,combined,0.6,1.0,1.6,1.0,1.0,0.8028408729434899,1.0.0
F3,22.38721138568338,clock characteristic time,analytic_fractional,combined,0.6,1.0,1.6,1.0,1.0,0.8073375103656149,1.0.0
F3,23.263050671536238,clock characteristic time,analytic_fractional,combined,0.6,1.0,1.6,1.0,1.0,0.8117378228219799,1.0.0
F3,24.173154808041012,clock characteristic time,analytic_fractional,combined,0.6,1.0,1.6,1.0,1.0,0.8160435091712449,1.0.0
F3,25.11886431509582,clock characteristic time,analytic_fractional,combined,0.6,1.0,1.6,1.0,1.0,0.8202562573731925,1.0.0
F3,26.101572156825384,clock characteristic time,analytic_fractional,combined,0.6,1.0,1.6,1.0,1.0,0.824377743547446,1.0.0
F3,27.122725793320296,clock characteristic time,analytic_fractional,combined,0.6,1.0,1.6,1.0,1.0,0.8284096310843183,1.0.0
F3,28.183829312644548,clock characteristic time,analytic_fractional,combined,0.6,1.0,1.6,1.0,1.0,0.8323535698071798,1.0.0
F3,29.28644564625237,clock characteristic time,analytic_fractional,combined,0.6,1.0,1.6,1.0,1.0,0.8362111951856748,1.0.0
F3,30.432198871077222,clock characteristic time,analytic_fractional,combined,0.6,1.0,1.6,1.0,1.0,0.839984127599072,1.0.0
F3,31.622776601683793,clock characteristic time,analytic_fractional,combined,0.6,1.0,1.6,1.0,1.0,0.8436739716489092,1.0.0
F3,32.85993247600654,clock characteristic time,analytic_fractional,combined,0.6,1.0,1.6,1.0,1.0,0.8472823155200107,1.0.0
F3,34.145488738336006,clock characteristic time,analytic_fractional,combined,0.6,1.0,1.6,1.0,1.0,0.8508107303888446,1.0.0
F3,35.481338923357534,clock characteristic time,analytic_fractional,combined,0.6,1.0,1.6,1.0,1.0,0.8542607698781131,1.0.0
F3,36.869450645195734,clock characteristic time,analytic_fractional,combined,0.6,1.0,1.6,1.0,1.0,0.8576339695563749,1.0.0
F3,38.31186849557285,clock characteristic time,analytic_fractional,combined,0.6,1.0,1.6,1.0,1.0,0.8609318464814507,1.0.0
F3,39.81071705534969,clock characteristic time,analytic_fractional,combined,0.6,1.0,1.6,1.0,1.0,0.8641558987862787,1.0.0
F3,41.36820402388503,clock characteristic time,analytic_fractional,combined,0.6,1.0,1.6,1.0,1.0,0.8673076053058724,1.0.0
F3,42.98662347082272,clock characteristic time,analytic_fractional,combined,0.6,1.0,1.6,1.0,1.0,0.8703884252439641,1.0.0
F3,44.668359215096345,clock characteristic time,analytic_fractional,combined,0.6,1.0,1.6,1.0,1.0,0.8733997978779133,1.0.0
F3,46.41588833612782,clock characteristic time,analytic_fractional,combined,0.6,1.0,1.6,1.0,1.0,0.876343142300418,1.0.0
F3,48.23178482239309,clock characteristic time,analytic_fractional,combined,0.6,1.0,1.6,1.0,1.0,0.8792198571965758,1.0.0
F3,50.118723362727245,clock characteristic time,analytic_fractional,combined,0.6,1.0,1.6,1.0,1.0,0.8820313206548123,1.0.0
F3,52.07948328595465,clock characteristic time,analytic_fractional,combined,0.6,1.0,1.6,1.0,1.0,0.8847788900102119,1.0.0
F3,54.116952654646376,clock characteristic time,analytic_fractional,combined,0.6,1.0,1.6,1.0,1.0,0.8874639017187872,1.0.0
F3,56.23413251903491,clock characteristic time,analytic_fractional,combined,0.6,1.0,1.6,1.0,1.0,0.8900876712612288,1.0.0
F3,58.434141337351754,clock characteristic time,analytic_fractional,combined,0.6,1.0,1.6,1.0,1.0,0.8926514930747017,1.0.0
F3,60.72021956909884,clock characteristic time,analytic_fractional,combined,0.6,1.0,1.6,1.0,1.0,0.8951566405112693,1.0.0
F3,63.0957344480193,clock characteristic time,analytic_fractional,combined,0.6,1.0,1.6,1.0,1.0,0.8976043658215496,1.0.0
F3,65.56418494179785,clock characteristic time,analytic_fractional,combined,0.6,1.0,1.6,1.0,1.0,0.8999959001622417,1.0.0
F3,68.12920690579608,clock characteristic time,analytic_fractional,combined,0.6,1.0,1.6,1.0,1.0,0.9023324536261782,1.0.0
F3,70.79457843841374,clock characteristic time,analytic_fractional,combined,0.6,1.0,1.6,1.0,1.0,0.9046152152936056,1.0.0
F3,73.56422544596406,clock characteristic time,analytic_fractional,combined,0.6,1.0,1.6,1.0,1.0,0.9068453533034173,1.0.0
F3,76.44222742525994,clock characteristic time,analytic_fractional,combined,0.6,1.0,1.6,1.0,1.0,0.9090240149431079,1.0.0
F3,79.43282347242821,clock characteristic time,analytic_fractional,combined,0.6,1.0,1.6,1.0,1.0,0.9111523267562464,1.0.0
F3,82.5404185268019,clock characteristic time,analytic_fractional,combined,0.6,1.0,1.6,1.0,1.0,0.9132313946663155,1.0.0
F3,85.76958985908946,clock characteristic time,analytic_fractional,combined,0.6,1.0,1.6,1.0,1.0,0.9152623041157929,1.0.0
F3,89.12509381337459,clock characteristic time,analytic_fractional,combined,0.6,1.0,1.6,1.0,1.0,0.9172461202193933,1.0.0
F3,92.61187281287937,clock characteristic time,analytic_fractional,combined,0.6,1.0,1.6,1.0,1.0,0.9191838879304339,1.0.0
F3,96.23506263980887,clock characteristic time,analytic_fractional,combined,0.6,1.0,1.6,1.0,1.0,0.9210766322193228,1.0.0
F3,100.0,clock characteristic time,analytic_fractional,combined,0.6,1.0,1.6,1.0,1.0,0.9229253582632059,1.0.0
F3,0.001,clock characteristic time,analytic_fractional,clock,0.6,0.6,1.2,1.0,1.0,0.010983294537447742,1.0.0
F3,0.001039122303835169,clock characteristic time,analytic_fractional,clock,0.6,0.6,1.2,1.0,1.0,0.01123669877018691,1.0.0
F3,0.0010797751623277093,clock characteristic time,analytic_fractional,clock,0.6,0.6,1.2,1.0,1.0,0.01149589201943548,1.0.0
F3,0.001122018454301963,clock characteristic time,analytic_fractional,clock,0.6,0.6,1.2,1.0,1.0,0.011761003847594032,1.0.0
F3,0.0011659144011798323,clock characteristic time,analytic_fractional,clock,0.6,0.6,1.2,1.0,1.0,0.012032166590965723,1.0.0
F3,0.001211527658628589,clock characteristic time,analytic_fractional,clock,0.6,0.6,1.2,1.0,1.0,0.012309515413214994,1.0.0
F3,0.0012589254117941675,clock characteristic time,analytic_fractional,clock,0.6,0.6,1.2,1.0,1.0,0.012593188359570106,1.0.0
F3,0.0013081774742601943,clock characteristic time,analytic_fractional,clock,0.6,0.6,1.2,1.0,1.0,0.012883326411764784,1.0.0
F3,0.0013593563908785254,clock characteristic time,analytic_fractional,clock,0.6,0.6,1.2,1.0,1.0,0.013180073543713386,1.0.0
F3,0.001412537544622754,clock characteristic time,analytic_fractional,clock,0.6,0.6,1.2,1.0,1.0,0.013483576777912822,1.0.0
F3,0.001467799267622069,clock characteristic time,analytic_fractional,clock,0.6,0.6,1.2,1.0,1.0,0.01379398624256342,1.0.0
F3,0.0015252229565390183,clock characteristic time,analytic_fractional,clock,0.6,0.6,1.2,1.0,1.0,0.014111455229399553,1.0.0
F3,0.001584893192461114,clock characteristic time,analytic_fractional,clock,0.6,0.6,1.2,1.0,1.0,0.01443614025221973,1.0.0
F3,0.0016468978654828688,clock characteristic time,analytic_fractional,clock,0.6,0.6,1.2,1.0,1.0,0.014768201106104393,1.0.0
F3,0.001711328304161781,clock characteristic time,analytic_fractional,clock,0.6,0.6,1.2,1.0,1.0,0.015107800927308379,1.0.0
F3,0.0017782794100389228,clock characteristic time,analytic_fractional,clock,0.6,0.6,1.2,1.0,1.0,0.015455106253813241,1.0.0
F3,0.0018478497974222907,clock characteristic time,analytic_fractional,clock,0.6,0.6,1.2,1.0,1.0,0.015810287086523434,1.0.0
F3,0.001920141938638801,clock characteristic time,analytic_fractional,clock,0.6,0.6,1.2,1.0,1.0,0.01617351695108831,1.0.0
F3,0.001995262314968879,clock characteristic time,analytic_fractional,clock,0.6,0.6,1.2,1.0,1.0,0.016544972960330515,1.0.0
F3,0.002073321573485954,clock characteristic time,analytic_fractional,clock,0.6,0.6,1.2,1.0,1.0,0.01692483587725914,1.0.0
F3,0.0021544346900318843,clock characteristic time,analytic_fractional,clock,0.6,0.6,1.2,1.0,1.0,0.01731329017864452,1.0.0
F3,0.00223872113856834,clock characteristic time,analytic_fractional,clock,0.6,0.6,1.2,1.0,1.0,0.017710524119129076,1.0.0
F3,0.0023263050671536263,clock characteristic time,analytic_fractional,clock,0.6,0.6,1.2,1.0,1.0,0.01811672979584698,1.0.0
F3,0.0024173154808041037,clock characteristic time,analytic_fractional,clock,0.6,0.6,1.2,1.0,1.0,0.018532103213522663,1.0.0
F3,0.0025118864315095794,clock characteristic time,analytic_fractional,clock,0.6,0.6,1.2,1.0,1.0,0.018956844350016475,1.0.0
F3,0.0026101572156825357,clock characteristic time,analytic_fractional,clock,0.6,0.6,1.2,1.0,1.0,0.019391157222282726,1.0.0
F3,0.0027122725793320298,clock characteristic time,analytic_fractional,clock,0.6,0.6,1.2,1.0,1.0,0.019835249952703502,1.0.0
F3,0.002818382931264455,clock characteristic time,analytic_fractional,clock,0.6,0.6,1.2,1.0,1.0,0.02028933483575821,1.0.0
F3,0.0029286445646252374,clock characteristic time,analytic_fractional,clock,0.6,0.6,1.2,1.0,1.0,0.020753628404986884,1.0.0
F3,0.003043219887107722,clock characteristic time,analytic_fractional,clock,0.6,0.6,1.2,1.0,1.0,0.02122835150020158,1.0.0
F3,0.0031622776601683794,clock characteristic time,analytic_fractional,clock,0.6,0.6,1.2,1.0,1.0,0.021713729334897663,1.0.0
F3,0.003285993247600654,clock characteristic time,analytic_fractional,clock,0.6,0.6,1.2,1.0,1.0,0.022209991563813543,1.0.0
F3,0.003414548873833601,clock characteristic time,analytic_fractional,clock,0.6,0.6,1.2,1.0,1.0,0.02271737235058402,1.0.0
F3,0.0035481338923357532,clock characteristic time,analytic_fractional,clock,0.6,0.6,1.2,1.0,1.0,0.023236110435428933,1.0.0
F3,0.0036869450645195733,clock characteristic time,analytic_fractional,clock,0.6,0.6,1.2,1.0,1.0,0.023766449202815468,1.0.0
F3,0.003831186849557289,clock characteristic time,analytic_fractional,clock,0.6,0.6,1.2,1.0,1.0,0.024308636749028407,1.0.0
F3,0.003981071705534973,clock characteristic time,analytic_fractional,clock,0.6,0.6,1.2,1.0,1.0,0.024862925949579052,1.0.0
F3,0.004136820402388507,clock characteristic time,analytic_fractional,clock,0.6,0.6,1.2,1.0,1.0,0.02542957452637937,1.0.0
F3,0.004298662347082277,clock characteristic time,analytic_fractional,clock,0.6,0.6,1.2,1.0,1.0,0.026008845114603635,1.0.0
F3,0.0044668359215096305,clock characteristic time,analytic_fractional,clock,0.6,0.6,1.2,1.0,1.0,0.026601005329155644,1.0.0
F3,0.004641588833612777,clock characteristic time,analytic_fractional,clock,0.6,0.6,1.2,1.0,1.0,0.027206327830654985,1.0.0
F3,0.004823178482239309,clock characteristic time,analytic_fractional,clock,0.6,0.6,1.2,1.0,1.0,0.027825090390851195,1.0.0
F3,0.005011872336272725,clock characteristic time,analytic_fractional,clock,0.6,0.6,1.2,1.0,1.0,0.028457575957369603,1.0.0
F3,0.005207948328595465,clock characteristic time,analytic_fractional,clock,0.6,0.6,1.2,1.0,1.0,0.029104072717688053,1.0.0
F3,0.0054116952654646375,clock characteristic time,analytic_fractional,clock,0.6,0.6,1.2,1.0,1.0,0.029764874162237782,1.0.0
F3,0.005623413251903491,clock characteristic time,analytic_fractional,clock,0.6,0.6,1.2,1.0,1.0,0.030440279146517014,1.0.0
F3,0.005843414133735175,clock characteristic time,analytic_fractional,clock,0.6,0.6,1.2,1.0,1.0,0.0311305919520999,1.0.0
F3,0.006072021956909884,clock characteristic time,analytic_fractional,clock,0.6,0.6,1.2,1.0,1.0,0.03183612234641757,1.0.0
F3,0.006309573444801929,clock characteristic time,analytic_fractional,clock,0.6,0.6,1.2,1.0,1.0,0.03255718564118237,1.0.0
F3,0.006556418494179785,clock characteristic time,analytic_fractional,clock,0.6,0.6,1.2,1.0,1.0,0.03329410274932012,1.0.0
F3,0.006812920690579615,clock characteristic time,analytic_fractional,clock,0.6,0.6,1.2,1.0,1.0,0.03404720024026838,1.0.0
F3,0.00707945784384138,clock characteristic time,analytic_fractional,clock,0.6,0.6,1.2,1.0,1.0,0.034816810393493325,1.0.0
F3,0.007356422544596414,clock characteristic time,analytic_fractional,clock,0.6,0.6,1.2,1.0,1.0,0.0356032712500696,1.0.0
F3,0.007644222742526002,clock characteristic time,analytic_fractional,clock,0.6,0.6,1.2,1.0,1.0,0.0364069266621619,1.0.0
F3,0.007943282347242814,clock characteristic time,analytic_fractional,clock,0.6,0.6,1.2,1.0,1.0,0.03722812634023885,1.0.0
F3,0.008254041852680182,clock characteristic time,analytic_fractional,clock,0.6,0.6,1.2,1.0,1.0,0.038067225897843456,1.0.0
F3,0.008576958985908946,clock characteristic time,analytic_fractional,clock,0.6,0.6,1.2,1.0,1.0,0.03892458689373567,1.0.0
F3,0.008912509381337459,clock characteristic time,analytic_fractional,clock,0.6,0.6,1.2,1.0,1.0,0.03980057687121602,1.0.0
F3,0.009261187281287938,clock characteristic time,analytic_fractional,clock,0.6,0.6,1.2,1.0,1.0,0.04069556939443082,1.0.0
F3,0.009623506263980888,clock characteristic time,analytic_fractional,clock,0.6,0.6,1.2,1.0,1.0,0.041609944081451085,1.0.0
F3,0.01,clock characteristic time,analytic_fractional,clock,0.6,0.6,1.2,1.0,1.0,0.04254408663390974,1.0.0
F3,0.01039122303835169,clock characteristic time,analytic_fractional,clock,0.6,0.6,1.2,1.0,1.0,0.04349838886297278,1.0.0
F3,0.010797751623277093,clock characteristic time,analytic_fractional,clock,0.6,0.6,1.2,1.0,1.0,0.044473248711411374,1.0.0
F3,0.011220184543019636,clock characteristic time,analytic_fractional,clock,0.6,0.6,1.2,1.0,1.0,0.04546907027153344,1.0.0
F3,0.011659144011798317,clock characteristic time,analytic_fractional,clock,0.6,0.6,1.2,1.0,1.0,0.04648626379872411,1.0.0
F3,0.012115276586285882,clock characteristic time,analytic_fractional,clock,0.6,0.6,1.2,1.0,1.0,0.047525245720335396,1.0.0
F3,0.012589254117941675,clock characteristic time,analytic_fractional,clock,0.6,0.6,1.2,1.0,1.0,0.0485864386396564,1.0.0
F3,0.013081774742601943,clock characteristic time,analytic_fractional,clock,0.6,0.6,1.2,1.0,1.0,0.04967027133468549,1.0.0
F3,0.013593563908785255,clock characteristic time,analytic_fractional,clock,0.6,0.6,1.2,1.0,1.0,0.05077717875141751,1.0.0
F3,0.01412537544622754,clock characteristic time,analytic_fractional,clock,0.6,0.6,1.2,1.0,1.0,0.05190760199134836,1.0.0
F3,0.014677992676220698,clock characteristic time,analytic_fractional,clock,0.6,0.6,1.2,1.0,1.0,0.0530619882928906,1.0.0
F3,0.01525222956539019,clock characteristic time,analytic_fractional,clock,0.6,0.6,1.2,1.0,1.0,0.05424079100638345,1.0.0
F3,0.015848931924611134,clock characteristic time,analytic_fractional,clock,0.6,0.6,1.2,1.0,1.0,0.055444469562371826,1.0.0
F3,0.01646897865482868,clock characteristic time,analytic_fractional,clock,0.6,0.6,1.2,1.0,1.0,0.05667348943281772,1.0.0
F3,0.01711328304161781,clock characteristic time,analytic_fractional,clock,0.6,0.6,1.2,1.0,1.0,0.05792832208489981,1.0.0
F3,0.01778279410038923,clock characteristic time,analytic_fractional,clock,0.6,0.6,1.2,1.0,1.0,0.05920944492704492,1.0.0
F3,0.018478497974222907,clock characteristic time,analytic_fractional,clock,0.6,0.6,1.2,1.0,1.0,0.060517341246828484,1.0.0
F3,0.01920141938638801,clock characteristic time,analytic_fractional,clock,0.6,0.6,1.2,1.0,1.0,0.06185250014036827,1.0.0
F3,0.0199526231496888,clock characteristic time,analytic_fractional,clock,0.6,0.6,1.2,1.0,1.0,0.0632154164328296,1.0.0
F3,0.02073321573485955,clock characteristic time,analytic_fractional,clock,0.6,0.6,1.2,1.0,1.0,0.06460659058964857,1.0.0
F3,0.021544346900318832,clock characteristic time,analytic_fractional,clock,0.6,0.6,1.2,1.0,1.0,0.06602652861807269,1.0.0
F3,0.0223872113856834,clock characteristic time,analytic_fractional,clock,0.6,0.6,1.2,1.0,1.0,0.06747574195860834,1.0.0
F3,0.02326305067153626,clock characteristic time,analytic_fractional,clock,0.6,0.6,1.2,1.0,1.0,0.06895474736595716,1.0.0
F3,0.024173154808041036,clock characteristic time,analytic_fractional,clock,0.6,0.6,1.2,1.0,1.0,0.07046406677901483,1.0.0
F3,0.025118864315095794,clock characteristic time,analytic_fractional,clock,0.6,0.6,1.2,1.0,1.0,0.07200422717949793,1.0.0
F3,0.026101572156825372,clock characteristic time,analytic_fractional,clock,0.6,0.6,1.2,1.0,1.0,0.0735757604387586,1.0.0
F3,0.02712272579332028,clock characteristic time,analytic_fractional,clock,0.6,0.6,1.2,1.0,1.0,0.07517920315233813,1.0.0
F3,0.028183829312644536,clock characteristic time,analytic_fractional,clock,0.6,0.6,1.2,1.0,1.0,0.07681509646180677,1.0.0
F3,0.02928644564625236,clock characteristic time,analytic_fractional,clock,0.6,0.6,1.2,1.0,1.0,0.07848398586342982,1.0.0
F3,0.03043219887107722,clock characteristic time,analytic_fractional,clock,0.6,0.6,1.2,1.0,1.0,0.08018642100319631,1.0.0
F3,0.03162277660168379,clock characteristic time,analytic_fractional,clock,0.6,0.6,1.2,1.0,1.0,0.08192295545774267,1.0.0
F3,0.03285993247600654,clock characteristic time,analytic_fractional,clock,0.6,0.6,1.2,1.0,1.0,0.08369414650070008,1.0.0
F3,0.034145488738336005,clock characteristic time,analytic_fractional,clock,0.6,0.6,1.2,1.0,1.0,0.08550055485399322,1.0.0
F3,0.03548133892335755,clock characteristic time,analytic_fractional,clock,0.6,0.6,1.2,1.0,1.0,0.08734274442361542,1.0.0
F3,0.03686945064519575,clock characteristic time,analytic_fractional,clock,0.6,0.6,1.2,1.0,1.0,0.08922128201940743,1.0.0
F3,0.03831186849557287,clock characteristic time,analytic_fractional,clock,0.6,0.6,1.2,1.0,1.0,0.09113673705836595,1.0.0
F3,0.039810717055349734,clock characteristic time,analytic_fractional,clock,0.6,0.6,1.2,1.0,1.0,0.09308968125101227,1.0.0
F3,0.04136820402388507,clock characteristic time,analytic_fractional,clock,0.6,0.6,1.2,1.0,1.0,0.09508068827035483,1.0.0
F3,0.042986623470822764,clock characteristic time,analytic_fractional,clock,0.6,0.6,1.2,1.0,1.0,0.09711033340298425,1.0.0
F3,0.0446683592150963,clock characteristic time,analytic_fractional,clock,0.6,0.6,1.2,1.0,1.0,0.09917919318184815,1.0.0
F3,0.046415888336127795,clock characteristic time,analytic_fractional,clock,0.6,0.6,1.2,1.0,1.0,0.10128784500025947,1.0.0
F3,0.04823178482239307,clock characteristic time,analytic_fractional,clock,0.6,0.6,1.2,1.0,1.0,0.10343686670670459,1.0.0
F3,0.05011872336272722,clock characteristic time,analytic_fractional,clock,0.6,0.6,1.2,1.0,1.0,0.10562683618002927,1.0.0
F3,0.052079483285954624,clock characteristic time,analytic_fractional,clock,0.6,0.6,1.2,1.0,1.0,0.1078583308845951,1.0.0
F3,0.054116952654646375,clock characteristic time,analytic_fractional,clock,0.6,0.6,1.2,1.0,1.0,0.11013192740501551,1.0.0
F3,0.056234132519034905,clock characteristic time,analytic_fractional,clock,0.6,0.6,1.2,1.0,1.0,0.11244820096010005,1.0.0
F3,0.05843414133735175,clock characteristic time,analytic_fractional,clock,0.6,0.6,1.2,1.0,1.0,0.11480772489565721,1.0.0
F3,0.060720219569098836,clock characteristic time,analytic_fractional,clock,0.6,0.6,1.2,1.0,1.0,0.11721107015582909,1.0.0
F3,0.06309573444801933,clock characteristic time,analytic_fractional,clock,0.6,0.6,1.2,1.0,1.0,0.11965880473265893,1.0.0
F3,0.06556418494179789,clock characteristic time,analytic_fractional,clock,0.6,0.6,1.2,1.0,1.0,0.12215149309362158,1.0.0
F3,0.06812920690579612,clock characteristic time,analytic_fractional,clock,0.6,0.6,1.2,1.0,1.0,0.12468969558687916,1.0.0
F3,0.07079457843841377,clock characteristic time,analytic_fractional,clock,0.6,0.6,1.2,1.0,1.0,0.12727396782405978,1.0.0
F3,0.07356422544596414,clock characteristic time,analytic_fractional,clock,0.6,0.6,1.2,1.0,1.0,0.1299048600403961,1.0.0
F3,0.07644222742526002,clock characteristic time,analytic_fractional,clock,0.6,0.6,1.2,1.0,1.0,0.13258291643210043,1.0.0
F3,0.07943282347242814,clock characteristic time,analytic_fractional,clock,0.6,0.6,1.2,1.0,1.0,0.1353086744709024,1.0.0
F3,0.08254041852680186,clock characteristic time,analytic_fractional,clock,0.6,0.6,1.2,1.0,1.0,0.13808266419571794,1.0.0
F3,0.08576958985908942,clock characteristic time,analytic_fractional,clock,0.6,0.6,1.2,1.0,1.0,0.14090540748147598,1.0.0
F3,0.08912509381337455,clock characteristic time,analytic_fractional,clock,0.6,0.6,1.2,1.0,1.0,0.14377741728518198,1.0.0
F3,0.09261187281287933,clock characteristic time,analytic_fractional,clock,0.6,0.6,1.2,1.0,1.0,0.1466991968693581,1.0.0
F3,0.09623506263980887,clock characteristic time,analytic_fractional,clock,0.6,0.6,1.2,1.0,1.0,0.14967123900306292,1.0.0
F3,0.1,clock characteristic time,analytic_fractional,clock,0.6,0.6,1.2,1.0,1.0,0.15269402514091723,1.0.0
F3,0.10391223038351691,clock characteristic time,analytic_fractional,clock,0.6,0.6,1.2,1.0,1.0,0.15576802457953876,1.0.0
F3,0.10797751623277094,clock characteristic time,analytic_fractional,clock,0.6,0.6,1.2,1.0,1.0,0.15889369359415328,1.0.0
F3,0.1122018454301963,clock characteristic time,analytic_fractional,clock,0.6,0.6,1.2,1.0,1.0,0.16207147455273407,1.0.0
F3,0.11659144011798311,clock characteristic time,analytic_fractional,clock,0.6,0.6,1.2,1.0,1.0,0.16530179501062225,1.0.0
F3,0.12115276586285889,clock characteristic time,analytic_fractional,clock,0.6,0.6,1.2,1.0,1.0,0.16858506678532537,1.0.0
F3,0.12589254117941676,clock characteristic time,analytic_fractional,clock,0.6,0.6,1.2,1.0,1.0,0.17192168501242922,1.0.0
F3,0.13081774742601943,clock characteristic time,analytic_fractional,clock,0.6,0.6,1.2,1.0,1.0,0.17531202718346517,1.0.0
F3,0.13593563908785256,clock characteristic time,analytic_fractional,clock,0.6,0.6,1.2,1.0,1.0,0.17875645216667757,1.0.0
F3,0.1412537544622754,clock characteristic time,analytic_fractional,clock,0.6,0.6,1.2,1.0,1.0,0.18225529921176487,1.0.0
F3,0.1467799267622069,clock characteristic time,analytic_fractional,clock,0.6,0.6,1.2,1.0,1.0,0.1858088869397223,1.0.0
F3,0.15252229565390182,clock characteristic time,analytic_fractional,clock,0.6,0.6,1.2,1.0,1.0,0.18941751231907733,1.0.0
F3,0.1584893192461114,clock characteristic time,analytic_fractional,clock,0.6,0.6,1.2,1.0,1.0,0.19308144962988227,1.0.0
F3,0.1646897865482869,clock characteristic time,analytic_fractional,clock,0.6,0.6,1.2,1.0,1.0,0.19680094941696302,1.0.0
F3,0.1711328304161781,clock characteristic time,analytic_fractional,clock,0.6,0.6,1.2,1.0,1.0,0.2005762374340393,1.0.0
F3,0.1778279410038923,clock characteristic time,analytic_fractional,clock,0.6,0.6,1.2,1.0,1.0,0.20440751358042797,1.0.0
F3,0.18478497974222907,clock characteristic time,analytic_fractional,clock,0.6,0.6,1.2,1.0,1.0,0.2082949508322064,1.0.0
F3,0.1920141938638801,clock characteristic time,analytic_fractional,clock,0.6,0.6,1.2,1.0,1.0,0.21223869416979302,1.0.0
F3,0.19952623149688786,clock characteristic time,analytic_fractional,clock,0.6,0.6,1.2,1.0,1.0,0.21623885950403987,1.0.0
F3,0.2073321573485954,clock characteristic time,analytic_fractional,clock,0.6,0.6,1.2,1.0,1.0,0.220295532603083,1.0.0
F3,0.21544346900318845,clock characteristic time,analytic_fractional,clock,0.6,0.6,1.2,1.0,1.0,0.22440876802226906,1.0.0
F3,0.223872113856834,clock characteristic time,analytic_fractional,clock,0.6,0.6,1.2,1.0,1.0,0.22857858803964803,1.0.0
F3,0.23263050671536262,clock characteristic time,analytic_fractional,clock,0.6,0.6,1.2,1.0,1.0,0.23280498159962426,1.0.0
F3,0.24173154808041036,clock characteristic time,analytic_fractional,clock,0.6,0.6,1.2,1.0,1.0,0.23708790326746243,1.0.0
F3,0.25118864315095796,clock characteristic time,analytic_fractional,clock,0.6,0.6,1.2,1.0,1.0,0.24142727219751203,1.0.0
F3,0.2610157215682536,clock characteristic time,analytic_fractional,clock,0.6,0.6,1.2,1.0,1.0,0.2458229711180676,1.0.0
F3,0.2712272579332027,clock characteristic time,analytic_fractional,clock,0.6,0.6,1.2,1.0,1.0,0.25027484533594346,1.0.0
F3,0.2818382931264455,clock characteristic time,analytic_fractional,clock,0.6,0.6,1.2,1.0,1.0,0.2547827017639116,1.0.0
F3,0.29286445646252374,clock characteristic time,analytic_fractional,clock,0.6,0.6,1.2,1.0,1.0,0.25934630797428593,1.0.0
F3,0.3043219887107722,clock characteristic time,analytic_fractional,clock,0.6,0.6,1.2,1.0,1.0,0.2639653912819896,1.0.0
F3,0.31622776601683794,clock characteristic time,analytic_fractional,clock,0.6,0.6,1.2,1.0,1.0,0.2686396378605693,1.0.0
F3,0.3285993247600654,clock characteristic time,analytic_fractional,clock,0.6,0.6,1.2,1.0,1.0,0.27336869189465385,1.0.0
F3,0.34145488738336005,clock characteristic time,analytic_fractional,clock,0.6,0.6,1.2,1.0,1.0,0.27815215477246935,1.0.0
F3,0.3548133892335753,clock characteristic time,analytic_fractional,clock,0.6,0.6,1.2,1.0,1.0,0.28298958432204,1.0.0
F3,0.36869450645195734,clock characteristic time,analytic_fractional,clock,0.6,0.6,1.2,1.0,1.0,0.2878804940947658,1.0.0
F3,0.38311868495572887,clock characteristic time,analytic_fractional,clock,0.6,0.6,1.2,1.0,1.0,0.2928243527001074,1.0.0
F3,0.3981071705534973,clock characteristic time,analytic_fractional,clock,0.6,0.6,1.2,1.0,1.0,0.2978205831951114,1.0.0
F3,0.4136820402388507,clock characteristic time,analytic_fractional,clock,0.6,0.6,1.2,1.0,1.0,0.3028685625325338,1.0.0
F3,0.42986623470822766,clock characteristic time,analytic_fractional,clock,0.6,0.6,1.2,1.0,1.0,0.30796762107127584,1.0.0
F3,0.44668359215096304,clock characteristic time,analytic_fractional,clock,0.6,0.6,1.2,1.0,1.0,0.3131170421528656,1.0.0
F3,0.46415888336127775,clock characteristic time,analytic_fractional,clock,0.6,0.6,1.2,1.0,1.0,0.31831606174761773,1.0.0
F3,0.4823178482239304,clock characteristic time,analytic_fractional,clock,0.6,0.6,1.2,1.0,1.0,0.323563868174104,1.0.0
F3,0.5011872336272725,clock characteristic time,analytic_fractional,clock,0.6,0.6,1.2,1.0,1.0,0.32885960189540564,1.0.0
F3,0.5207948328595465,clock characteristic time,analytic_fractional,clock,0.6,0.6,1.2,1.0,1.0,0.33420235539560383,1.0.0
F3,0.5411695265464638,clock characteristic time,analytic_fractional,clock,0.6,0.6,1.2,1.0,1.0,0.3395911731397627,1.0.0
F3,0.5623413251903491,clock characteristic time,analytic_fractional,clock,0.6,0.6,1.2,1.0,1.0,0.34502505162056774,1.0.0
F3,0.5843414133735175,clock characteristic time,analytic_fractional,clock,0.6,0.6,1.2,1.0,1.0,0.350502939494584,1.0.0
F3,0.6072021956909883,clock characteristic time,analytic_fractional,clock,0.6,0.6,1.2,1.0,1.0,0.356023737810943,1.0.0
F3,0.630957344480193,clock characteristic time,analytic_fractional,clock,0.6,0.6,1.2,1.0,1.0,0.36158630033500705,1.0.0
F3,0.6556418494179785,clock characteristic time,analytic_fractional,clock,0.6,0.6,1.2,1.0,1.0,0.3671894339693912,1.0.0
F3,0.6812920690579615,clock characteristic time,analytic_fractional,clock,0.6,0.6,1.2,1.0,1.0,0.37283189927441074,1.0.0
F3,0.707945784384138,clock characteristic time,analytic_fractional,clock,0.6,0.6,1.2,1.0,1.0,0.37851241108978273,1.0.0
F3,0.7356422544596414,clock characteristic time,analytic_fractional,clock,0.6,0.6,1.2,1.0,1.0,0.38422963925909726,1.0.0
F3,0.7644222742526002,clock characteristic time,analytic_fractional,clock,0.6,0.6,1.2,1.0,1.0,0.3899822094582528,1.0.0
F3,0.7943282347242814,clock characteristic time,analytic_fractional,clock,0.6,0.6,1.2,1.0,1.0,0.39576870412872933,1.0.0
F3,0.8254041852680182,clock characteristic time,analytic_fractional,clock,0.6,0.6,1.2,1.0,1.0,0.401587663516199,1.0.0
F3,0.8576958985908937,clock characteristic time,analytic_fractional,clock,0.6,0.6,1.2,1.0,1.0,0.40743758681459485,1.0.0
F3,0.8912509381337459,clock characteristic time,analytic_fractional,clock,0.6,0.6,1.2,1.0,1.0,0.41331693341538733,1.0.0
F3,0.9261187281287937,clock characteristic time,analytic_fractional,clock,0.6,0.6,1.2,1.0,1.0,0.41922412426140054,1.0.0
F3,0.9623506263980888,clock characteristic time,analytic_fractional,clock,0.6,0.6,1.2,1.0,1.0,0.4251575433040753,1.0.0
F3,1.0,clock characteristic time,analytic_fractional,clock,0.6,0.6,1.2,1.0,1.0,0.4311155390626631,1.0.0
F3,1.0391223038351691,clock characteristic time,analytic_fractional,clock,0.6,0.6,1.2,1.0,1.0,0.43709642628339684,1.0.0
F3,1.0797751623277094,clock characteristic time,analytic_fractional,clock,0.6,0.6,1.2,1.0,1.0,0.4430984876962447,1.0.0
F3,1.122018454301963,clock characteristic time,analytic_fractional,clock,0.6,0.6,1.2,1.0,1.0,0.4491199758663802,1.0.0
F3,1.165914401179831,clock characteristic time,analytic_fractional,clock,0.6,0.6,1.2,1.0,1.0,0.45515911513708296,1.0.0
F3,1.2115276586285888,clock characteristic time,analytic_fractional,clock,0.6,0.6,1.2,1.0,1.0,0.461214103660319,1.0.0
F3,1.2589254117941675,clock characteristic time,analytic_fractional,clock,0.6,0.6,1.2,1.0,1.0,0.4672831155108025,1.0.0
F3,1.3081774742601942,clock characteristic time,analytic_fractional,clock,0.6,0.6,1.2,1.0,1.0,0.47336430287891706,1.0.0
F3,1.3593563908785256,clock characteristic time,analytic_fractional,clock,0.6,0.6,1.2,1.0,1.0,0.4794557983374438,1.0.0
F3,1.412537544622754,clock characteristic time,analytic_fractional,clock,0.6,0.6,1.2,1.0,1.0,0.4855557171766163,1.0.0
F3,1.467799267622069,clock characteristic time,analytic_fractional,clock,0.6,0.6,1.2,1.0,1.0,0.49166215980167627,1.0.0
F3,1.5252229565390183,clock characteristic time,analytic_fractional,clock,0.6,0.6,1.2,1.0,1.0,0.4977732141866612,1.0.0
F3,1.584893192461114,clock characteristic time,analytic_fractional,clock,0.6,0.6,1.2,1.0,1.0,0.5038869583778719,1.0.0
F3,1.6468978654828688,clock characteristic time,analytic_fractional,clock,0.6,0.6,1.2,1.0,1.0,0.5100014630400872,1.0.0
F3,1.711328304161781,clock characteristic time,analytic_fractional,clock,0.6,0.6,1.2,1.0,1.0,0.5161147940383678,1.0.0
F3,1.7782794100389228,clock characteristic time,analytic_fractional,clock,0.6,0.6,1.2,1.0,1.0,0.5222250150479428,1.0.0
F3,1.8478497974222907,clock characteristic time,analytic_fractional,clock,0.6,0.6,1.2,1.0,1.0,0.5283301901845334,1.0.0
F3,1.920141938638801,clock characteristic time,analytic_fractional,clock,0.6,0.6,1.2,1.0,1.0,0.534428386647214,1.0.0
F3,1.9952623149688788,clock characteristic time,analytic_fractional,clock,0.6,0.6,1.2,1.0,1.0,0.5405176773658041,1.0.0
F3,2.073321573485954,clock characteristic time,analytic_fractional,clock,0.6,0.6,1.2,1.0,1.0,0.5465961436446589,1.0.0
F3,2.1544346900318843,clock characteristic time,analytic_fractional,clock,0.6,0.6,1.2,1.0,1.0,0.5526618777946575,1.0.0
F3,2.23872113856834,clock characteristic time,analytic_fractional,clock,0.6,0.6,1.2,1.0,1.0,0.5587129857451847,1.0.0
F3,2.3263050671536263,clock characteristic time,analytic_fractional,clock,0.6,0.6,1.2,1.0,1.0,0.5647475896279195,1.0.0
F3,2.4173154808041035,clock characteristic time,analytic_fractional,clock,0.6,0.6,1.2,1.0,1.0,0.5707638303243134,1.0.0
F3,2.5118864315095797,clock characteristic time,analytic_fractional,clock,0.6,0.6,1.2,1.0,1.0,0.5767598699687564,1.0.0
F3,2.610157215682536,clock characteristic time,analytic_fractional,clock,0.6,0.6,1.2,1.0,1.0,0.5827338943996103,1.0.0
F3,2.712272579332027,clock characteristic time,analytic_fractional,clock,0.6,0.6,1.2,1.0,1.0,0.5886841155504706,1.0.0
F3,2.818382931264452,clock characteristic time,analytic_fractional,clock,0.6,0.6,1.2,1.0,1.0,0.5946087737742984,1.0.0
F3,2.9286445646252375,clock characteristic time,analytic_fractional,clock,0.6,0.6,1.2,1.0,1.0,0.6005061400933321,1.0.0
F3,3.043219887107722,clock characteristic time,analytic_fractional,clock,0.6,0.6,1.2,1.0,1.0,0.6063745183680507,1.0.0
F3,3.1622776601683795,clock characteristic time,analytic_fractional,clock,0.6,0.6,1.2,1.0,1.0,0.6122122473788152,1.0.0
F3,3.285993247600654,clock characteristic time,analytic_fractional,clock,0.6,0.6,1.2,1.0,1.0,0.6180177028142291,1.0.0
F3,3.4145488738336005,clock characteristic time,analytic_fractional,clock,0.6,0.6,1.2,1.0,1.0,0.6237892991607161,1.0.0
F3,3.5481338923357533,clock characteristic time,analytic_fractional,clock,0.6,0.6,1.2,1.0,1.0,0.6295254914882606,1.0.0
F3,3.6869450645195734,clock characteristic time,analytic_fractional,clock,0.6,0.6,1.2,1.0,1.0,0.6352247771277695,1.0.0
F3,3.831186849557289,clock characteristic time,analytic_fractional,clock,0.6,0.6,1.2,1.0,1.0,0.6408856972360446,1.0.0
F3,3.981071705534973,clock characteristic time,analytic_fractional,clock,0.6,0.6,1.2,1.0,1.0,0.646506838244863,1.0.0
F3,4.136820402388507,clock characteristic time,analytic_fractional,clock,0.6,0.6,1.2,1.0,1.0,0.6520868331912519,1.0.0
F3,4.298662347082277,clock characteristic time,analytic_fractional,clock,0.6,0.6,1.2,1.0,1.0,0.6576243629265712,1.0.0
F3,4.46683592150963,clock characteristic time,analytic_fractional,clock,0.6,0.6,1.2,1.0,1.0,0.6631181572026189,1.0.0
F3,4.6415888336127775,clock characteristic time,analytic_fractional,clock,0.6,0.6,1.2,1.0,1.0,0.6685669956335181,1.0.0
F3,4.823178482239304,clock characteristic time,analytic_fractional,clock,0.6,0.6,1.2,1.0,1.0,0.6739697085327181,1.0.0
F3,5.011872336272719,clock characteristic time,analytic_fractional,clock,0.6,0.6,1.2,1.0,1.0,0.679325177625015,1.0.0
F3,5.207948328595465,clock characteristic time,analytic_fractional,clock,0.6,0.6,1.2,1.0,1.0,0.6846323366340229,1.0.0
F3,5.411695265464638,clock characteristic time,analytic_fractional,clock,0.6,0.6,1.2,1.0,1.0,0.6898901717460728,1.0.0
F3,5.62341325190349,clock characteristic time,analytic_fractional,clock,0.6,0.6,1.2,1.0,1.0,0.6950977219520326,1.0.0
F3,5.843414133735175,clock characteristic time,analytic_fractional,clock,0.6,0.6,1.2,1.0,1.0,0.7002540792690284,1.0.0
F3,6.072021956909884,clock characteristic time,analytic_fractional,clock,0.6,0.6,1.2,1.0,1.0,0.7053583888445143,1.0.0
F3,6.30957344480193,clock characteristic time,analytic_fractional,clock,0.6,0.6,1.2,1.0,1.0,0.7104098489455801,1.0.0
F3,6.556418494179785,clock characteristic time,analytic_fractional,clock,0.6,0.6,1.2,1.0,1.0,0.7154077108367976,1.0.0
F3,6.812920690579615,clock characteristic time,analytic_fractional,clock,0.6,0.6,1.2,1.0,1.0,0.7203512785502793,1.0.0
F3,7.07945784384138,clock characteristic time,analytic_fractional,clock,0.6,0.6,1.2,1.0,1.0,0.725239908551961,1.0.0
F3,7.3564225445964135,clock characteristic time,analytic_fractional,clock,0.6,0.6,1.2,1.0,1.0,0.730073009308448,1.0.0
F3,7.644222742526002,clock characteristic time,analytic_fractional,clock,0.6,0.6,1.2,1.0,1.0,0.7348500407590064,1.0.0
F3,7.943282347242813,clock characteristic time,analytic_fractional,clock,0.6,0.6,1.2,1.0,1.0,0.7395705136975368,1.0.0
F3,8.254041852680182,clock characteristic time,analytic_fractional,clock,0.6,0.6,1.2,1.0,1.0,0.744233989069564,1.0.0
F3,8.576958985908938,clock characteristic time,analytic_fractional,clock,0.6,0.6,1.2,1.0,1.0,0.7488400771894227,1.0.0
F3,8.91250938133745,clock characteristic time,analytic_fractional,clock,0.6,0.6,1.2,1.0,1.0,0.7533884368829533,1.0.0
F3,9.261187281287937,clock characteristic time,analytic_fractional,clock,0.6,0.6,1.2,1.0,1.0,0.7578787745611207,1.0.0
F3,9.623506263980888,clock characteristic time,analytic_fractional,clock,0.6,0.6,1.2,1.0,1.0,0.7623108432299929,1.0.0
F3,10.0,clock characteristic time,analytic_fractional,clock,0.6,0.6,1.2,1.0,1.0,0.7666844414425699,1.0.0
F3,10.39122303835169,clock characteristic time,analytic_fractional,clock,0.6,0.6,1.2,1.0,1.0,0.770999412197925,1.0.0
F3,10.797751623277094,clock characteristic time,analytic_fractional,clock,0.6,0.6,1.2,1.0,1.0,0.7752556417930782,1.0.0
F3,11.220184543019629,clock characteristic time,analytic_fractional,clock,0.6,0.6,1.2,1.0,1.0,0.7794530586329649,1.0.0
F3,11.659144011798311,clock characteristic time,analytic_fractional,clock,0.6,0.6,1.2,1.0,1.0,0.7835916320037566,1.0.0
F3,12.115276586285876,clock characteristic time,analytic_fractional,clock,0.6,0.6,1.2,1.0,1.0,0.7876713708146843,1.0.0
F3,12.589254117941662,clock characteristic time,analytic_fractional,clock,0.6,0.6,1.2,1.0,1.0,0.7916923223133635,1.0.0
F3,13.081774742601928,clock characteristic time,analytic_fractional,clock,0.6,0.6,1.2,1.0,1.0,0.7956545707794741,1.0.0
F3,13.593563908785242,clock characteristic time,analytic_fractional,clock,0.6,0.6,1.2,1.0,1.0,0.799558236201465,1.0.0
F3,14.125375446227554,clock characteristic time,analytic_fractional,clock,0.6,0.6,1.2,1.0,1.0,0.80340347294077,1.0.0
F3,14.677992676220706,clock characteristic time,analytic_fractional,clock,0.6,0.6,1.2,1.0,1.0,0.8071904683878156,1.0.0
F3,15.252229565390198,clock characteristic time,analytic_fractional,clock,0.6,0.6,1.2,1.0,1.0,0.8109194416138986,1.0.0
F3,15.848931924611142,clock characteristic time,analytic_fractional,clock,0.6,0.6,1.2,1.0,1.0,0.8145906420227793,1.0.0
F3,16.46897865482869,clock characteristic time,analytic_fractional,clock,0.6,0.6,1.2,1.0,1.0,0.8182043480056287,1.0.0
F3,17.11328304161781,clock characteristic time,analytic_fractional,clock,0.6,0.6,1.2,1.0,1.0,0.8217608656027231,1.0.0
F3,17.78279410038923,clock characteristic time,analytic_fractional,clock,0.6,0.6,1.2,1.0,1.0,0.8252605271750706,1.0.0
F3,18.478497974222908,clock characteristic time,analytic_fractional,clock,0.6,0.6,1.2,1.0,1.0,0.8287036900888937,1.0.0
F3,19.20141938638801,clock characteristic time,analytic_fractional,clock,0.6,0.6,1.2,1.0,1.0,0.8320907354156988,1.0.0
F3,19.952623149688787,clock characteristic time,analytic_fractional,clock,0.6,0.6,1.2,1.0,1.0,0.8354220666504083,1.0.0
F3,20.73321573485954,clock characteristic time,analytic_fractional,clock,0.6,0.6,1.2,1.0,1.0,0.8386981084498242,1.0.0
F3,21.54434690031882,clock characteristic time,analytic_fractional,clock,0.6,0.6,1.2,1.0,1.0,0.8419193053934708,1.0.0
F3,22.38721138568338,clock characteristic time,analytic_fractional,clock,0.6,0.6,1.2,1.0,1.0,0.8450861207686521,1.0.0
F3,23.263050671536238,clock characteristic time,analytic_fractional,clock,0.6,0.6,1.2,1.0,1.0,0.8481990353813572,1.0.0
F3,24.173154808041012,clock characteristic time,analytic_fractional,clock,0.6,0.6,1.2,1.0,1.0,0.8512585463944482,1.0.0
F3,25.11886431509582,clock characteristic time,analytic_fractional,clock,0.6,0.6,1.2,1.0,1.0,0.8542651661943788,1.0.0
F3,26.101572156825384,clock characteristic time,analytic_fractional,clock,0.6,0.6,1.2,1.0,1.0,0.8572194212875126,1.0.0
F3,27.122725793320296,clock characteristic time,analytic_fractional,clock,0.6,0.6,1.2,1.0,1.0,0.8601218512269313,1.0.0
F3,28.183829312644548,clock characteristic time,analytic_fractional,clock,0.6,0.6,1.2,1.0,1.0,0.8629730075704796,1.0.0
F3,29.28644564625237,clock characteristic time,analytic_fractional,clock,0.6,0.6,1.2,1.0,1.0,0.8657734528706129,1.0.0
F3,30.432198871077222,clock characteristic time,analytic_fractional,clock,0.6,0.6,1.2,1.0,1.0,0.8685237596965047,1.0.0
F3,31.622776601683793,clock characteristic time,analytic_fractional,clock,0.6,0.6,1.2,1.0,1.0,0.8712245096887062,1.0.0
F3,32.85993247600654,clock characteristic time,analytic_fractional,clock,0.6,0.6,1.2,1.0,1.0,0.87387629264655,1.0.0
F3,34.145488738336006,clock characteristic time,analytic_fractional,clock,0.6,0.6,1.2,1.0,1.0,0.8764797056483585,1.0.0
F3,35.481338923357534,clock characteristic time,analytic_fractional,clock,0.6,0.6,1.2,1.0,1.0,0.8790353522044229,1.0.0
F3,36.869450645195734,clock characteristic time,analytic_fractional,clock,0.6,0.6,1.2,1.0,1.0,0.8815438414426132,1.0.0
F3,38.31186849557285,clock characteristic time,analytic_fractional,clock,0.6,0.6,1.2,1.0,1.0,0.884005787326402,1.0.0
F3,39.81071705534969,clock characteristic time,analytic_fractional,clock,0.6,0.6,1.2,1.0,1.0,0.886421807904986,1.0.0
F3,41.36820402388503,clock characteristic time,analytic_fractional,clock,0.6,0.6,1.2,1.0,1.0,0.8887925245951404,1.0.0
F3,42.98662347082272,clock characteristic time,analytic_fractional,clock,0.6,0.6,1.2,1.0,1.0,0.8911185614943539,1.0.0
F3,44.668359215096345,clock characteristic time,analytic_fractional,clock,0.6,0.6,1.2,1.0,1.0,0.893400544724751,1.0.0
F3,46.41588833612782,clock characteristic time,analytic_fractional,clock,0.6,0.6,1.2,1.0,1.0,0.8956391018072432,1.0.0
F3,48.23178482239309,clock characteristic time,analytic_fractional,clock,0.6,0.6,1.2,1.0,1.0,0.8978348610653207,1.0.0
F3,50.118723362727245,clock characteristic time,analytic_fractional,clock,0.6,0.6,1.2,1.0,1.0,0.8999884510578415,1.0.0
F3,52.07948328595465,clock characteristic time,analytic_fractional,clock,0.6,0.6,1.2,1.0,1.0,0.9021005000401532,1.0.0
F3,54.116952654646376,clock characteristic time,analytic_fractional,clock,0.6,0.6,1.2,1.0,1.0,0.9041716354528526,1.0.0
F3,56.23413251903491,clock characteristic time,analytic_fractional,clock,0.6,0.6,1.2,1.0,1.0,0.9062024834374585,1.0.0
F3,58.434141337351754,clock characteristic time,analytic_fractional,clock,0.6,0.6,1.2,1.0,1.0,0.9081936683782642,1.0.0
F3,60.72021956909884,clock characteristic time,analytic_fractional,clock,0.6,0.6,1.2,1.0,1.0,0.910145812469613,1.0.0
F3,63.0957344480193,clock characteristic time,analytic_fractional,clock,0.6,0.6,1.2,1.0,1.0,0.9120595353078359,1.0.0
F3,65.56418494179785,clock characteristic time,analytic_fractional,clock,0.6,0.6,1.2,1.0,1.0,0.9139354535070807,1.0.0
F3,68.12920690579608,clock characteristic time,analytic_fractional,clock,0.6,0.6,1.2,1.0,1.0,0.9157741803382552,1.0.0
F3,70.79457843841374,clock characteristic time,analytic_fractional,clock,0.6,0.6,1.2,1.0,1.0,0.9175763253903136,1.0.0
F3,73.56422544596406,clock characteristic time,analytic_fractional,clock,0.6,0.6,1.2,1.0,1.0,0.919342494253109,1.0.0
F3,76.44222742525994,clock characteristic time,analytic_fractional,clock,0.6,0.6,1.2,1.0,1.0,0.9210732882210433,1.0.0
F3,79.43282347242821,clock characteristic time,analytic_fractional,clock,0.6,0.6,1.2,1.0,1.0,0.9227693040167494,1.0.0
F3,82.5404185268019,clock characteristic time,analytic_fractional,clock,0.6,0.6,1.2,1.0,1.0,0.9244311335340544,1.0.0
F3,85.76958985908946,clock characteristic time,analytic_fractional,clock,0.6,0.6,1.2,1.0,1.0,0.9260593635994735,1.0.0
F3,89.12509381337459,clock characteristic time,analytic_fractional,clock,0.6,0.6,1.2,1.0,1.0,0.9276545757515018,1.0.0
F3,92.61187281287937,clock characteristic time,analytic_fractional,clock,0.6,0.6,1.2,1.0,1.0,0.929217346036982,1.0.0
F3,96.23506263980887,clock characteristic time,analytic_fractional,clock,0.6,0.6,1.2,1.0,1.0,0.9307482448238417,1.0.0
F3,100.0,clock characteristic time,analytic_fractional,clock,0.6,0.6,1.2,1.0,1.0,0.9322478366295008,1.0.0
F3,0.001,clock characteristic time,analytic_fractional,coupling,0.6,0.6,1.2,1.0,1.0,0.010983294537447742,1.0.0
F3,0.001039122303835169,clock characteristic time,analytic_fractional,coupling,0.6,0.6,1.2,1.0,1.0,0.01123669877018691,1.0.0
F3,0.0010797751623277093,clock characteristic time,analytic_fractional,coupling,0.6,0.6,1.2,1.0,1.0,0.01149589201943548,1.0.0
F3,0.001122018454301963,clock characteristic time,analytic_fractional,coupling,0.6,0.6,1.2,1.0,1.0,0.011761003847594032,1.0.0
F3,0.0011659144011798323,clock characteristic time,analytic_fractional,coupling,0.6,0.6,1.2,1.0,1.0,0.012032166590965723,1.0.0
F3,0.001211527658628589,clock characteristic time,analytic_fractional,coupling,0.6,0.6,1.2,1.0,1.0,0.012309515413214994,1.0.0
F3,0.0012589254117941675,clock characteristic time,analytic_fractional,coupling,0.6,0.6,1.2,1.0,1.0,0.012593188359570106,1.0.0
F3,0.0013081774742601943,clock characteristic time,analytic_fractional,coupling,0.6,0.6,1.2,1.0,1.0,0.012883326411764784,1.0.0
F3,0.0013593563908785254,clock characteristic time,analytic_fractional,coupling,0.6,0.6,1.2,1.0,1.0,0.013180073543713386,1.0.0
F3,0.001412537544622754,clock characteristic time,analytic_fractional,coupling,0.6,0.6,1.2,1.0,1.0,0.013483576777912822,1.0.0
F3,0.001467799267622069,clock characteristic time,analytic_fractional,coupling,0.6,0.6,1.2,1.0,1.0,0.01379398624256342,1.0.0
F3,0.0015252229565390183,clock characteristic time,analytic_fractional,coupling,0.6,0.6,1.2,1.0,1.0,0.014111455229399553,1.0.0
F3,0.001584893192461114,clock characteristic time,analytic_fractional,coupling,0.6,0.6,1.2,1.0,1.0,0.01443614025221973,1.0.0
F3,0.0016468978654828688,clock characteristic time,analytic_fractional,coupling,0.6,0.6,1.2,1.0,1.0,0.014768201106104393,1.0.0
F3,0.001711328304161781,clock characteristic time,analytic_fractional,coupling,0.6,0.6,1.2,1.0,1.0,0.015107800927308379,1.0.0
F3,0.0017782794100389228,clock characteristic time,analytic_fractional,coupling,0.6,0.6,1.2,1.0,1.0,0.015455106253813241,1.0.0
F3,0.0018478497974222907,clock characteristic time,analytic_fractional,coupling,0.6,0.6,1.2,1.0,1.0,0.015810287086523434,1.0.0
F3,0.001920141938638801,clock characteristic time,analytic_fractional,coupling,0.6,0.6,1.2,1.0,1.0,0.01617351695108831,1.0.0
F3,0.001995262314968879,clock characteristic time,analytic_fractional,coupling,0.6,0.6,1.2,1.0,1.0,0.016544972960330515,1.0.0
F3,0.002073321573485954,clock characteristic time,analytic_fractional,coupling,0.6,0.6,1.2,1.0,1.0,0.01692483587725914,1.0.0
F3,0.0021544346900318843,clock characteristic time,analytic_fractional,coupling,0.6,0.6,1.2,1.0,1.0,0.01731329017864452,1.0.0
F3,0.00223872113856834,clock characteristic time,analytic_fractional,coupling,0.6,0.6,1.2,1.0,1.0,0.017710524119129076,1.0.0
F3,0.0023263050671536263,clock characteristic time,analytic_fractional,coupling,0.6,0.6,1.2,1.0,1.0,0.01811672979584698,1.0.0
F3,0.0024173154808041037,clock characteristic time,analytic_fractional,coupling,0.6,0.6,1.2,1.0,1.0,0.018532103213522663,1.0.0
F3,0.0025118864315095794,clock characteristic time,analytic_fractional,coupling,0.6,0.6,1.2,1.0,1.0,0.018956844350016475,1.0.0
F3,0.0026101572156825357,clock characteristic time,analytic_fractional,coupling,0.6,0.6,1.2,1.0,1.0,0.019391157222282726,1.0.0
F3,0.0027122725793320298,clock characteristic time,analytic_fractional,coupling,0.6,0.6,1.2,1.0,1.0,0.019835249952703502,1.0.0
F3,0.002818382931264455,clock characteristic time,analytic_fractional,coupling,0.6,0.6,1.2,1.0,1.0,0.02028933483575821,1.0.0
F3,0.0029286445646252374,clock characteristic time,analytic_fractional,coupling,0.6,0.6,1.2,1.0,1.0,0.020753628404986884,1.0.0
F3,0.003043219887107722,clock characteristic time,analytic_fractional,coupling,0.6,0.6,1.2,1.0,1.0,0.02122835150020158,1.0.0
F3,0.0031622776601683794,clock characteristic time,analytic_fractional,coupling,0.6,0.6,1.2,1.0,1.0,0.021713729334897663,1.0.0
F3,0.003285993247600654,clock characteristic time,analytic_fractional,coupling,0.6,0.6,1.2,1.0,1.0,0.022209991563813543,1.0.0
F3,0.003414548873833601,clock characteristic time,analytic_fractional,coupling,0.6,0.6,1.2,1.0,1.0,0.02271737235058402,1.0.0
F3,0.0035481338923357532,clock characteristic time,analytic_fractional,coupling,0.6,0.6,1.2,1.0,1.0,0.023236110435428933,1.0.0
F3,0.0036869450645195733,clock characteristic time,analytic_fractional,coupling,0.6,0.6,1.2,1.0,1.0,0.023766449202815468,1.0.0
F3,0.003831186849557289,clock characteristic time,analytic_fractional,coupling,0.6,0.6,1.2,1.0,1.0,0.024308636749028407,1.0.0
F3,0.003981071705534973,clock characteristic time,analytic_fractional,coupling,0.6,0.6,1.2,1.0,1.0,0.024862925949579052,1.0.0
F3,0.004136820402388507,clock characteristic time,analytic_fractional,coupling,0.6,0.6,1.2,1.0,1.0,0.02542957452637937,1.0.0
F3,0.004298662347082277,clock characteristic time,analytic_fractional,coupling,0.6,0.6,1.2,1.0,1.0,0.026008845114603635,1.0.0
F3,0.0044668359215096305,clock characteristic time,analytic_fractional,coupling,0.6,0.6,1.2,1.0,1.0,0.026601005329155644,1.0.0
F3,0.004641588833612777,clock characteristic time,analytic_fractional,coupling,0.6,0.6,1.2,1.0,1.0,0.027206327830654985,1.0.0
F3,0.004823178482239309,clock characteristic time,analytic_fractional,coupling,0.6,0.6,1.2,1.0,1.0,0.027825090390851195,1.0.0
F3,0.005011872336272725,clock characteristic time,analytic_fractional,coupling,0.6,0.6,1.2,1.0,1.0,0.028457575957369603,1.0.0
F3,0.005207948328595465,clock characteristic time,analytic_fractional,coupling,0.6,0.6,1.2,1.0,1.0,0.029104072717688053,1.0.0
F3,0.0054116952654646375,clock characteristic time,analytic_fractional,coupling,0.6,0.6,1.2,1.0,1.0,0.029764874162237782,1.0.0
F3,0.005623413251903491,clock characteristic time,analytic_fractional,coupling,0.6,0.6,1.2,1.0,1.0,0.030440279146517014,1.0.0
F3,0.005843414133735175,clock characteristic time,analytic_fractional,coupling,0.6,0.6,1.2,1.0,1.0,0.0311305919520999,1.0.0
F3,0.006072021956909884,clock characteristic time,analytic_fractional,coupling,0.6,0.6,1.2,1.0,1.0,0.03183612234641757,1.0.0
F3,0.006309573444801929,clock characteristic time,analytic_fractional,coupling,0.6,0.6,1.2,1.0,1.0,0.03255718564118237,1.0.0
F3,0.006556418494179785,clock characteristic time,analytic_fractional,coupling,0.6,0.6,1.2,1.0,1.0,0.03329410274932012,1.0.0
F3,0.006812920690579615,clock characteristic time,analytic_fractional,coupling,0.6,0.6,1.2,1.0,1.0,0.03404720024026838,1.0.0
F3,0.00707945784384138,clock characteristic time,analytic_fractional,coupling,0.6,0.6,1.2,1.0,1.0,0.034816810393493325,1.0.0
F3,0.007356422544596414,clock characteristic time,analytic_fractional,coupling,0.6,0.6,1.2,1.0,1.0,0.0356032712500696,1.0.0
F3,0.007644222742526002,clock characteristic time,analytic_fractional,coupling,0.6,0.6,1.2,1.0,1.0,0.0364069266621619,1.0.0
F3,0.007943282347242814,clock characteristic time,analytic_fractional,coupling,0.6,0.6,1.2,1.0,1.0,0.03722812634023885,1.0.0
F3,0.008254041852680182,clock characteristic time,analytic_fractional,coupling,0.6,0.6,1.2,1.0,1.0,0.038067225897843456,1.0.0
F3,0.008576958985908946,clock characteristic time,analytic_fractional,coupling,0.6,0.6,1.2,1.0,1.0,0.03892458689373567,1.0.0
F3,0.008912509381337459,clock characteristic time,analytic_fractional,coupling,0.6,0.6,1.2,1.0,1.0,0.03980057687121602,1.0.0
F3,0.009261187281287938,clock characteristic time,analytic_fractional,coupling,0.6,0.6,1.2,1.0,1.0,0.04069556939443082,1.0.0
F3,0.009623506263980888,clock characteristic time,analytic_fractional,coupling,0.6,0.6,1.2,1.0,1.0,0.041609944081451085,1.0.0
F3,0.01,clock characteristic time,analytic_fractional,coupling,0.6,0.6,1.2,1.0,1.0,0.04254408663390974,1.0.0
F3,0.01039122303835169,clock characteristic time,analytic_fractional,coupling,0.6,0.6,1.2,1.0,1.0,0.04349838886297278,1.0.0
F3,0.010797751623277093,clock characteristic time,analytic_fractional,coupling,0.6,0.6,1.2,1.0,1.0,0.044473248711411374,1.0.0
F3,0.011220184543019636,clock characteristic time,analytic_fractional,coupling,0.6,0.6,1.2,1.0,1.0,0.04546907027153344,1.0.0
F3,0.011659144011798317,clock characteristic time,analytic_fractional,coupling,0.6,0.6,1.2,1.0,1.0,0.04648626379872411,1.0.0
F3,0.012115276586285882,clock characteristic time,analytic_fractional,coupling,0.6,0.6,1.2,1.0,1.0,0.047525245720335396,1.0.0
F3,0.012589254117941675,clock characteristic time,analytic_fractional,coupling,0.6,0.6,1.2,1.0,1.0,0.0485864386396564,1.0.0
F3,0.013081774742601943,clock characteristic time,analytic_fractional,coupling,0.6,0.6,1.2,1.0,1.0,0.04967027133468549,1.0.0
F3,0.013593563908785255,clock characteristic time,analytic_fractional,coupling,0.6,0.6,1.2,1.0,1.0,0.05077717875141751,1.0.0
F3,0.01412537544622754,clock characteristic time,analytic_fractional,coupling,0.6,0.6,1.2,1.0,1.0,0.05190760199134836,1.0.0
F3,0.014677992676220698,clock characteristic time,analytic_fractional,coupling,0.6,0.6,1.2,1.0,1.0,0.0530619882928906,1.0.0
F3,0.01525222956539019,clock characteristic time,analytic_fractional,coupling,0.6,0.6,1.2,1.0,1.0,0.05424079100638345,1.0.0
F3,0.015848931924611134,clock characteristic time,analytic_fractional,coupling,0.6,0.6,1.2,1.0,1.0,0.055444469562371826,1.0.0
F3,0.01646897865482868,clock characteristic time,analytic_fractional,coupling,0.6,0.6,1.2,1.0,1.0,0.05667348943281772,1.0.0
F3,0.01711328304161781,clock characteristic time,analytic_fractional,coupling,0.6,0.6,1.2,1.0,1.0,0.05792832208489981,1.0.0
F3,0.01778279410038923,clock characteristic time,analytic_fractional,coupling,0.6,0.6,1.2,1.0,1.0,0.05920944492704492,1.0.0
F3,0.018478497974222907,clock characteristic time,analytic_fractional,coupling,0.6,0.6,1.2,1.0,1.0,0.060517341246828484,1.0.0
F3,0.01920141938638801,clock characteristic time,analytic_fractional,coupling,0.6,0.6,1.2,1.0,1.0,0.06185250014036827,1.0.0
F3,0.0199526231496888,clock characteristic time,analytic_fractional,coupling,0.6,0.6,1.2,1.0,1.0,0.0632154164328296,1.0.0
F3,0.02073321573485955,clock characteristic time,analytic_fractional,coupling,0.6,0.6,1.2,1.0,1.0,0.06460659058964857,1.0.0
F3,0.021544346900318832,clock characteristic time,analytic_fractional,coupling,0.6,0.6,1.2,1.0,1.0,0.06602652861807269,1.0.0
F3,0.0223872113856834,clock characteristic time,analytic_fractional,coupling,0.6,0.6,1.2,1.0,1.0,0.06747574195860834,1.0.0
F3,0.02326305067153626,clock characteristic time,analytic_fractional,coupling,0.6,0.6,1.2,1.0,1.0,0.06895474736595716,1.0.0
F3,0.024173154808041036,clock characteristic time,analytic_fractional,coupling,0.6,0.6,1.2,1.0,1.0,0.07046406677901483,1.0.0
F3,0.025118864315095794,clock characteristic time,analytic_fractional,coupling,0.6,0.6,1.2,1.0,1.0,0.07200422717949793,1.0.0
F3,0.026101572156825372,clock characteristic time,analytic_fractional,coupling,0.6,0.6,1.2,1.0,1.0,0.0735757604387586,1.0.0
F3,0.02712272579332028,clock characteristic time,analytic_fractional,coupling,0.6,0.6,1.2,1.0,1.0,0.07517920315233813,1.0.0
F3,0.028183829312644536,clock characteristic time,analytic_fractional,coupling,0.6,0.6,1.2,1.0,1.0,0.07681509646180677,1.0.0
F3,0.02928644564625236,clock characteristic time,analytic_fractional,coupling,0.6,0.6,1.2,1.0,1.0,0.07848398586342982,1.0.0
F3,0.03043219887107722,clock characteristic time,analytic_fractional,coupling,0.6,0.6,1.2,1.0,1.0,0.08018642100319631,1.0.0
F3,0.03162277660168379,clock characteristic time,analytic_fractional,coupling,0.6,0.6,1.2,1.0,1.0,0.08192295545774267,1.0.0
F3,0.03285993247600654,clock characteristic time,analytic_fractional,coupling,0.6,0.6,1.2,1.0,1.0,0.08369414650070008,1.0.0
F3,0.034145488738336005,clock characteristic time,analytic_fractional,coupling,0.6,0.6,1.2,1.0,1.0,0.08550055485399322,1.0.0
F3,0.03548133892335755,clock characteristic time,analytic_fractional,coupling,0.6,0.6,1.2,1.0,1.0,0.08734274442361542,1.0.0
F3,0.03686945064519575,clock characteristic time,analytic_fractional,coupling,0.6,0.6,1.2,1.0,1.0,0.08922128201940743,1.0.0
F3,0.03831186849557287,clock characteristic time,analytic_fractional,coupling,0.6,0.6,1.2,1.0,1.0,0.09113673705836595,1.0.0
F3,0.039810717055349734,clock characteristic time,analytic_fractional,coupling,0.6,0.6,1.2,1.0,1.0,0.09308968125101227,1.0.0
F3,0.04136820402388507,clock characteristic time,analytic_fractional,coupling,0.6,0.6,1.2,1.0,1.0,0.09508068827035483,1.0.0
F3,0.042986623470822764,clock characteristic time,analytic_fractional,coupling,0.6,0.6,1.2,1.0,1.0,0.09711033340298425,1.0.0
F3,0.0446683592150963,clock characteristic time,analytic_fractional,coupling,0.6,0.6,1.2,1.0,1.0,0.09917919318184815,1.0.0
F3,0.046415888336127795,clock characteristic time,analytic_fractional,coupling,0.6,0.6,1.2,1.0,1.0,0.10128784500025947,1.0.0
F3,0.04823178482239307,clock characteristic time,analytic_fractional,coupling,0.6,0.6,1.2,1.0,1.0,0.10343686670670459,1.0.0
F3,0.05011872336272722,clock characteristic time,analytic_fractional,coupling,0.6,0.6,1.2,1.0,1.0,0.10562683618002927,1.0.0
F3,0.052079483285954624,clock characteristic time,analytic_fractional,coupling,0.6,0.6,1.2,1.0,1.0,0.1078583308845951,1.0.0
F3,0.054116952654646375,clock characteristic time,analytic_fractional,coupling,0.6,0.6,1.2,1.0,1.0,0.11013192740501551,1.0.0
F3,0.056234132519034905,clock characteristic time,analytic_fractional,coupling,0.6,0.6,1.2,1.0,1.0,0.11244820096010005,1.0.0
F3,0.05843414133735175,clock characteristic time,analytic_fractional,coupling,0.6,0.6,1.2,1.0,1.0,0.11480772489565721,1.0.0
F3,0.060720219569098836,clock characteristic time,analytic_fractional,coupling,0.6,0.6,1.2,1.0,1.0,0.11721107015582909,1.0.0
F3,0.06309573444801933,clock characteristic time,analytic_fractional,coupling,0.6,0.6,1.2,1.0,1.0,0.11965880473265893,1.0.0
F3,0.06556418494179789,clock characteristic time,analytic_fractional,coupling,0.6,0.6,1.2,1.0,1.0,0.12215149309362158,1.0.0
F3,0.06812920690579612,clock characteristic time,analytic_fractional,coupling,0.6,0.6,1.2,1.0,1.0,0.12468969558687916,1.0.0
F3,0.07079457843841377,clock characteristic time,analytic_fractional,coupling,0.6,0.6,1.2,1.0,1.0,0.12727396782405978,1.0.0
F3,0.07356422544596414,clock characteristic time,analytic_fractional,coupling,0.6,0.6,1.2,1.0,1.0,0.1299048600403961,1.0.0
F3,0.07644222742526002,clock characteristic time,analytic_fractional,coupling,0.6,0.6,1.2,1.0,1.0,0.13258291643210043,1.0.0
F3,0.07943282347242814,clock characteristic time,analytic_fractional,coupling,0.6,0.6,1.2,1.0,1.0,0.1353086744709024,1.0.0
F3,0.08254041852680186,clock characteristic time,analytic_fractional,coupling,0.6,0.6,1.2,1.0,1.0,0.13808266419571794,1.0.0
F3,0.08576958985908942,clock characteristic time,analytic_fractional,coupling,0.6,0.6,1.2,1.0,1.0,0.14090540748147598,1.0.0
F3,0.08912509381337455,clock characteristic time,analytic_fractional,coupling,0.6,0.6,1.2,1.0,1.0,0.14377741728518198,1.0.0
F3,0.09261187281287933,clock characteristic time,analytic_fractional,coupling,0.6,0.6,1.2,1.0,1.0,0.1466991968693581,1.0.0
F3,0.09623506263980887,clock characteristic time,analytic_fractional,coupling,0.6,0.6,1.2,1.0,1.0,0.14967123900306292,1.0.0
F3,0.1,clock characteristic time,analytic_fractional,coupling,0.6,0.6,1.2,1.0,1.0,0.15269402514091723,1.0.0
F3,0.10391223038351691,clock characteristic time,analytic_fractional,coupling,0.6,0.6,1.2,1.0,1.0,0.15576802457953876,1.0.0
F3,0.10797751623277094,clock characteristic time,analytic_fractional,coupling,0.6,0.6,1.2,1.0,1.0,0.15889369359415328,1.0.0
F3,0.1122018454301963,clock characteristic time,analytic_fractional,coupling,0.6,0.6,1.2,1.0,1.0,0.16207147455273407,1.0.0
F3,0.11659144011798311,clock characteristic time,analytic_fractional,coupling,0.6,0.6,1.2,1.0,1.0,0.16530179501062225,1.0.0
F3,0.12115276586285889,clock characteristic time,analytic_fractional,coupling,0.6,0.6,1.2,1.0,1.0,0.16858506678532537,1.0.0
F3,0.12589254117941676,clock characteristic time,analytic_fractional,coupling,0.6,0.6,1.2,1.0,1.0,0.17192168501242922,1.0.0
F3,0.13081774742601943,clock characteristic time,analytic_fractional,coupling,0.6,0.6,1.2,1.0,1.0,0.17531202718346517,1.0.0
F3,0.13593563908785256,clock characteristic time,analytic_fractional,coupling,0.6,0.6,1.2,1.0,1.0,0.17875645216667757,1.0.0
F3,0.1412537544622754,clock characteristic time,analytic_fractional,coupling,0.6,0.6,1.2,1.0,1.0,0.18225529921176487,1.0.0
F3,0.1467799267622069,clock characteristic time,analytic_fractional,coupling,0.6,0.6,1.2,1.0,1.0,0.1858088869397223,1.0.0
F3,0.15252229565390182,clock characteristic time,analytic_fractional,coupling,0.6,0.6,1.2,1.0,1.0,0.18941751231907733,1.0.0
F3,0.1584893192461114,clock characteristic time,analytic_fractional,coupling,0.6,0.6,1.2,1.0,1.0,0.19308144962988227,1.0.0
F3,0.1646897865482869,clock characteristic time,analytic_fractional,coupling,0.6,0.6,1.2,1.0,1.0,0.19680094941696302,1.0.0
F3,0.1711328304161781,clock characteristic time,analytic_fractional,coupling,0.6,0.6,1.2,1.0,1.0,0.2005762374340393,1.0.0
F3,0.1778279410038923,clock characteristic time,analytic_fractional,coupling,0.6,0.6,1.2,1.0,1.0,0.20440751358042797,1.0.0
F3,0.18478497974222907,clock characteristic time,analytic_fractional,coupling,0.6,0.6,1.2,1.0,1.0,0.2082949508322064,1.0.0
F3,0.1920141938638801,clock characteristic time,analytic_fractional,coupling,0.6,0.6,1.2,1.0,1.0,0.21223869416979302,1.0.0
F3,0.19952623149688786,clock characteristic time,analytic_fractional,coupling,0.6,0.6,1.2,1.0,1.0,0.21623885950403987,1.0.0
F3,0.2073321573485954,clock characteristic time,analytic_fractional,coupling,0.6,0.6,1.2,1.0,1.0,0.220295532603083,1.0.0
F3,0.21544346900318845,clock characteristic time,analytic_fractional,coupling,0.6,0.6,1.2,1.0,1.0,0.22440876802226906,1.0.0
F3,0.223872113856834,clock characteristic time,analytic_fractional,coupling,0.6,0.6,1.2,1.0,1.0,0.22857858803964803,1.0.0
F3,0.23263050671536262,clock characteristic time,analytic_fractional,coupling,0.6,0.6,1.2,1.0,1.0,0.23280498159962426,1.0.0
F3,0.24173154808041036,clock characteristic time,analytic_fractional,coupling,0.6,0.6,1.2,1.0,1.0,0.23708790326746243,1.0.0
F3,0.25118864315095796,clock characteristic time,analytic_fractional,coupling,0.6,0.6,1.2,1.0,1.0,0.24142727219751203,1.0.0
F3,0.2610157215682536,clock characteristic time,analytic_fractional,coupling,0.6,0.6,1.2,1.0,1.0,0.2458229711180676,1.0.0
F3,0.2712272579332027,clock characteristic time,analytic_fractional,coupling,0.6,0.6,1.2,1.0,1.0,0.25027484533594346,1.0.0
F3,0.2818382931264455,clock characteristic time,analytic_fractional,coupling,0.6,0.6,1.2,1.0,1.0,0.2547827017639116,1.0.0
F3,0.29286445646252374,clock characteristic time,analytic_fractional,coupling,0.6,0.6,1.2,1.0,1.0,0.25934630797428593,1.0.0
F3,0.3043219887107722,clock characteristic time,analytic_fractional,coupling,0.6,0.6,1.2,1.0,1.0,0.2639653912819896,1.0.0
F3,0.31622776601683794,clock characteristic time,analytic_fractional,coupling,0.6,0.6,1.2,1.0,1.0,0.2686396378605693,1.0.0
F3,0.3285993247600654,clock characteristic time,analytic_fractional,coupling,0.6,0.6,1.2,1.0,1.0,0.27336869189465385,1.0.0
F3,0.34145488738336005,clock characteristic time,analytic_fractional,coupling,0.6,0.6,1.2,1.0,1.0,0.27815215477246935,1.0.0
F3,0.3548133892335753,clock characteristic time,analytic_fractional,coupling,0.6,0.6,1.2,1.0,1.0,0.28298958432204,1.0.0
F3,0.36869450645195734,clock characteristic time,analytic_fractional,coupling,0.6,0.6,1.2,1.0,1.0,0.2878804940947658,1.0.0
F3,0.38311868495572887,clock characteristic time,analytic_fractional,coupling,0.6,0.6,1.2,1.0,1.0,0.2928243527001074,1.0.0
F3,0.3981071705534973,clock characteristic time,analytic_fractional,coupling,0.6,0.6,1.2,1.0,1.0,0.2978205831951114,1.0.0
F3,0.4136820402388507,clock characteristic time,analytic_fractional,coupling,0.6,0.6,1.2,1.0,1.0,0.3028685625325338,1.0.0
F3,0.42986623470822766,clock characteristic time,analytic_fractional,coupling,0.6,0.6,1.2,1.0,1.0,0.30796762107127584,1.0.0
F3,0.44668359215096304,clock characteristic time,analytic_fractional,coupling,0.6,0.6,1.2,1.0,1.0,0.3131170421528656,1.0.0
F3,0.46415888336127775,clock characteristic time,analytic_fractional,coupling,0.6,0.6,1.2,1.0,1.0,0.31831606174761773,1.0.0
F3,0.4823178482239304,clock characteristic time,analytic_fractional,coupling,0.6,0.6,1.2,1.0,1.0,0.323563868174104,1.0.0
F3,0.5011872336272725,clock characteristic time,analytic_fractional,coupling,0.6,0.6,1.2,1.0,1.0,0.32885960189540564,1.0.0
F3,0.5207948328595465,clock characteristic time,analytic_fractional,coupling,0.6,0.6,1.2,1.0,1.0,0.33420235539560383,1.0.0
F3,0.5411695265464638,clock characteristic time,analytic_fractional,coupling,0.6,0.6,1.2,1.0,1.0,0.3395911731397627,1.0.0
F3,0.5623413251903491,clock characteristic time,analytic_fractional,coupling,0.6,0.6,1.2,1.0,1.0,0.34502505162056774,1.0.0
F3,0.5843414133735175,clock characteristic time,analytic_fractional,coupling,0.6,0.6,1.2,1.0,1.0,0.350502939494584,1.0.0
F3,0.6072021956909883,clock characteristic time,analytic_fractional,coupling,0.6,0.6,1.2,1.0,1.0,0.356023737810943,1.0.0
F3,0.630957344480193,clock characteristic time,analytic_fractional,coupling,0.6,0.6,1.2,1.0,1.0,0.36158630033500705,1.0.0
F3,0.6556418494179785,clock characteristic time,analytic_fractional,coupling,0.6,0.6,1.2,1.0,1.0,0.3671894339693912,1.0.0
F3,0.6812920690579615,clock characteristic time,analytic_fractional,coupling,0.6,0.6,1.2,1.0,1.0,0.37283189927441074,1.0.0
F3,0.707945784384138,clock characteristic time,analytic_fractional,coupling,0.6,0.6,1.2,1.0,1.0,0.37851241108978273,1.0.0
F3,0.7356422544596414,clock characteristic time,analytic_fractional,coupling,0.6,0.6,1.2,1.0,1.0,0.38422963925909726,1.0.0
F3,0.7644222742526002,clock characteristic time,analytic_fractional,coupling,0.6,0.6,1.2,1.0,1.0,0.3899822094582528,1.0.0
F3,0.7943282347242814,clock characteristic time,analytic_fractional,coupling,0.6,0.6,1.2,1.0,1.0,0.39576870412872933,1.0.0
F3,0.8254041852680182,clock characteristic time,analytic_fractional,coupling,0.6,0.6,1.2,1.0,1.0,0.401587663516199,1.0.0
F3,0.8576958985908937,clock characteristic time,analytic_fractional,coupling,0.6,0.6,1.2,1.0,1.0,0.40743758681459485,1.0.0
F3,0.8912509381337459,clock characteristic time,analytic_fractional,coupling,0.6,0.6,1.2,1.0,1.0,0.41331693341538733,1.0.0
F3,0.9261187281287937,clock characteristic time,analytic_fractional,coupling,0.6,0.6,1.2,1.0,1.0,0.41922412426140054,1.0.0
F3,0.9623506263980888,clock characteristic time,analytic_fractional,coupling,0.6,0.6,1.2,1.0,1.0,0.4251575433040753,1.0.0
F3,1.0,clock characteristic time,analytic_fractional,coupling,0.6,0.6,1.2,1.0,1.0,0.4311155390626631,1.0.0
F3,1.0391223038351691,clock characteristic time,analytic_fractional,coupling,0.6,0.6,1.2,1.0,1.0,0.43709642628339684,1.0.0
F3,1.0797751623277094,clock characteristic time,analytic_fractional,coupling,0.6,0.6,1.2,1.0,1.0,0.4430984876962447,1.0.0
F3,1.122018454301963,clock characteristic time,analytic_fractional,coupling,0.6,0.6,1.2,1.0,1.0,0.4491199758663802,1.0.0
F3,1.165914401179831,clock characteristic time,analytic_fractional,coupling,0.6,0.6,1.2,1.0,1.0,0.45515911513708296,1.0.0
F3,1.2115276586285888,clock characteristic time,analytic_fractional,coupling,0.6,0.6,1.2,1.0,1.0,0.461214103660319,1.0.0
F3,1.2589254117941675,clock characteristic time,analytic_fractional,coupling,0.6,0.6,1.2,1.0,1.0,0.4672831155108025,1.0.0
F3,1.3081774742601942,clock characteristic time,analytic_fractional,coupling,0.6,0.6,1.2,1.0,1.0,0.47336430287891706,1.0.0
F3,1.3593563908785256,clock characteristic time,analytic_fractional,coupling,0.6,0.6,1.2,1.0,1.0,0.4794557983374438,1.0.0
F3,1.412537544622754,clock characteristic time,analytic_fractional,coupling,0.6,0.6,1.2,1.0,1.0,0.4855557171766163,1.0.0
F3,1.467799267622069,clock characteristic time,analytic_fractional,coupling,0.6,0.6,1.2,1.0,1.0,0.49166215980167627,1.0.0
F3,1.5252229565390183,clock characteristic time,analytic_fractional,coupling,0.6,0.6,1.2,1.0,1.0,0.4977732141866612,1.0.0
F3,1.584893192461114,clock characteristic time,analytic_fractional,coupling,0.6,0.6,1.2,1.0,1.0,0.5038869583778719,1.0.0
F3,1.6468978654828688,clock characteristic time,analytic_fractional,coupling,0.6,0.6,1.2,1.0,1.0,0.5100014630400872,1.0.0
F3,1.711328304161781,clock characteristic time,analytic_fractional,coupling,0.6,0.6,1.2,1.0,1.0,0.5161147940383678,1.0.0
F3,1.7782794100389228,clock characteristic time,analytic_fractional,coupling,0.6,0.6,1.2,1.0,1.0,0.5222250150479428,1.0.0
F3,1.8478497974222907,clock characteristic time,analytic_fractional,coupling,0.6,0.6,1.2,1.0,1.0,0.5283301901845334,1.0.0
F3,1.920141938638801,clock characteristic time,analytic_fractional,coupling,0.6,0.6,1.2,1.0,1.0,0.534428386647214,1.0.0
F3,1.9952623149688788,clock characteristic time,analytic_fractional,coupling,0.6,0.6,1.2,1.0,1.0,0.5405176773658041,1.0.0
F3,2.073321573485954,clock characteristic time,analytic_fractional,coupling,0.6,0.6,1.2,1.0,1.0,0.5465961436446589,1.0.0
F3,2.1544346900318843,clock characteristic time,analytic_fractional,coupling,0.6,0.6,1.2,1.0,1.0,0.5526618777946575,1.0.0
F3,2.23872113856834,clock characteristic time,analytic_fractional,coupling,0.6,0.6,1.2,1.0,1.0,0.5587129857451847,1.0.0
F3,2.3263050671536263,clock characteristic time,analytic_fractional,coupling,0.6,0.6,1.2,1.0,1.0,0.5647475896279195,1.0.0
F3,2.4173154808041035,clock characteristic time,analytic_fractional,coupling,0.6,0.6,1.2,1.0,1.0,0.5707638303243134,1.0.0
F3,2.5118864315095797,clock characteristic time,analytic_fractional,coupling,0.6,0.6,1.2,1.0,1.0,0.5767598699687564,1.0.0
F3,2.610157215682536,clock characteristic time,analytic_fractional,coupling,0.6,0.6,1.2,1.0,1.0,0.5827338943996103,1.0.0
F3,2.712272579332027,clock characteristic time,analytic_fractional,coupling,0.6,0.6,1.2,1.0,1.0,0.5886841155504706,1.0.0
F3,2.818382931264452,clock characteristic time,analytic_fractional,coupling,0.6,0.6,1.2,1.0,1.0,0.5946087737742984,1.0.0
F3,2.9286445646252375,clock characteristic time,analytic_fractional,coupling,0.6,0.6,1.2,1.0,1.0,0.6005061400933321,1.0.0
F3,3.043219887107722,clock characteristic time,analytic_fractional,coupling,0.6,0.6,1.2,1.0,1.0,0.6063745183680507,1.0.0
F3,3.1622776601683795,clock characteristic time,analytic_fractional,coupling,0.6,0.6,1.2,1.0,1.0,0.6122122473788152,1.0.0
F3,3.285993247600654,clock characteristic time,analytic_fractional,coupling,0.6,0.6,1.2,1.0,1.0,0.6180177028142291,1.0.0
F3,3.4145488738336005,clock characteristic time,analytic_fractional,coupling,0.6,0.6,1.2,1.0,1.0,0.6237892991607161,1.0.0
F3,3.5481338923357533,clock characteristic time,analytic_fractional,coupling,0.6,0.6,1.2,1.0,1.0,0.6295254914882606,1.0.0
F3,3.6869450645195734,clock characteristic time,analytic_fractional,coupling,0.6,0.6,1.2,1.0,1.0,0.6352247771277695,1.0.0
F3,3.831186849557289,clock characteristic time,analytic_fractional,coupling,0.6,0.6,1.2,1.0,1.0,0.6408856972360446,1.0.0
F3,3.981071705534973,clock characteristic time,analytic_fractional,coupling,0.6,0.6,1.2,1.0,1.0,0.646506838244863,1.0.0
F3,4.136820402388507,clock characteristic time,analytic_fractional,coupling,0.6,0.6,1.2,1.0,1.0,0.6520868331912519,1.0.0
F3,4.298662347082277,clock characteristic time,analytic_fractional,coupling,0.6,0.6,1.2,1.0,1.0,0.6576243629265712,1.0.0
F3,4.46683592150963,clock characteristic time,analytic_fractional,coupling,0.6,0.6,1.2,1.0,1.0,0.6631181572026189,1.0.0
F3,4.6415888336127775,clock characteristic time,analytic_fractional,coupling,0.6,0.6,1.2,1.0,1.0,0.6685669956335181,1.0.0
F3,4.823178482239304,clock characteristic time,analytic_fractional,coupling,0.6,0.6,1.2,1.0,1.0,0.6739697085327181,1.0.0
F3,5.011872336272719,clock characteristic time,analytic_fractional,coupling,0.6,0.6,1.2,1.0,1.0,0.679325177625015,1.0.0
F3,5.207948328595465,clock characteristic time,analytic_fractional,coupling,0.6,0.6,1.2,1.0,1.0,0.6846323366340229,1.0.0
F3,5.411695265464638,clock characteristic time,analytic_fractional,coupling,0.6,0.6,1.2,1.0,1.0,0.6898901717460728,1.0.0
F3,5.62341325190349,clock characteristic time,analytic_fractional,coupling,0.6,0.6,1.2,1.0,1.0,0.6950977219520326,1.0.0
F3,5.843414133735175,clock characteristic time,analytic_fractional,coupling,0.6,0.6,1.2,1.0,1.0,0.7002540792690284,1.0.0
F3,6.072021956909884,clock characteristic time,analytic_fractional,coupling,0.6,0.6,1.2,1.0,1.0,0.7053583888445143,1.0.0
F3,6.30957344480193,clock characteristic time,analytic_fractional,coupling,0.6,0.6,1.2,1.0,1.0,0.7104098489455801,1.0.0
F3,6.556418494179785,clock characteristic time,analytic_fractional,coupling,0.6,0.6,1.2,1.0,1.0,0.7154077108367976,1.0.0
F3,6.812920690579615,clock characteristic time,analytic_fractional,coupling,0.6,0.6,1.2,1.0,1.0,0.7203512785502793,1.0.0
F3,7.07945784384138,clock characteristic time,analytic_fractional,coupling,0.6,0.6,1.2,1.0,1.0,0.725239908551961,1.0.0
F3,7.3564225445964135,clock characteristic time,analytic_fractional,coupling,0.6,0.6,1.2,1.0,1.0,0.730073009308448,1.0.0
F3,7.644222742526002,clock characteristic time,analytic_fractional,coupling,0.6,0.6,1.2,1.0,1.0,0.7348500407590064,1.0.0
F3,7.943282347242813,clock characteristic time,analytic_fractional,coupling,0.6,0.6,1.2,1.0,1.0,0.7395705136975368,1.0.0
F3,8.254041852680182,clock characteristic time,analytic_fractional,coupling,0.6,0.6,1.2,1.0,1.0,0.744233989069564,1.0.0
F3,8.576958985908938,clock characteristic time,analytic_fractional,coupling,0.6,0.6,1.2,1.0,1.0,0.7488400771894227,1.0.0
F3,8.91250938133745,clock characteristic time,analytic_fractional,coupling,0.6,0.6,1.2,1.0,1.0,0.7533884368829533,1.0.0
F3,9.261187281287937,clock characteristic time,analytic_fractional,coupling,0.6,0.6,1.2,1.0,1.0,0.7578787745611207,1.0.0
F3,9.623506263980888,clock characteristic time,analytic_fractional,coupling,0.6,0.6,1.2,1.0,1.0,0.7623108432299929,1.0.0
F3,10.0,clock characteristic time,analytic_fractional,coupling,0.6,0.6,1.2,1.0,1.0,0.7666844414425699,1.0.0
F3,10.39122303835169,clock characteristic time,analytic_fractional,coupling,0.6,0.6,1.2,1.0,1.0,0.770999412197925,1.0.0
F3,10.797751623277094,clock characteristic time,analytic_fractional,coupling,0.6,0.6,1.2,1.0,1.0,0.7752556417930782,1.0.0
F3,11.220184543019629,clock characteristic time,analytic_fractional,coupling,0.6,0.6,1.2,1.0,1.0,0.7794530586329649,1.0.0
F3,11.659144011798311,clock characteristic time,analytic_fractional,coupling,0.6,0.6,1.2,1.0,1.0,0.7835916320037566,1.0.0
F3,12.115276586285876,clock characteristic time,analytic_fractional,coupling,0.6,0.6,1.2,1.0,1.0,0.7876713708146843,1.0.0
F3,12.589254117941662,clock characteristic time,analytic_fractional,coupling,0.6,0.6,1.2,1.0,1.0,0.7916923223133635,1.0.0
F3,13.081774742601928,clock characteristic time,analytic_fractional,coupling,0.6,0.6,1.2,1.0,1.0,0.7956545707794741,1.0.0
F3,13.593563908785242,clock characteristic time,analytic_fractional,coupling,0.6,0.6,1.2,1.0,1.0,0.799558236201465,1.0.0
F3,14.125375446227554,clock characteristic time,analytic_fractional,coupling,0.6,0.6,1.2,1.0,1.0,0.80340347294077,1.0.0
F3,14.677992676220706,clock characteristic time,analytic_fractional,coupling,0.6,0.6,1.2,1.0,1.0,0.8071904683878156,1.0.0
F3,15.252229565390198,clock characteristic time,analytic_fractional,coupling,0.6,0.6,1.2,1.0,1.0,0.8109194416138986,1.0.0
F3,15.848931924611142,clock characteristic time,analytic_fractional,coupling,0.6,0.6,1.2,1.0,1.0,0.8145906420227793,1.0.0
F3,16.46897865482869,clock characteristic time,analytic_fractional,coupling,0.6,0.6,1.2,1.0,1.0,0.8182043480056287,1.0.0
F3,17.11328304161781,clock characteristic time,analytic_fractional,coupling,0.6,0.6,1.2,1.0,1.0,0.8217608656027231,1.0.0
F3,17.78279410038923,clock characteristic time,analytic_fractional,coupling,0.6,0.6,1.2,1.0,1.0,0.8252605271750706,1.0.0
F3,18.478497974222908,clock characteristic time,analytic_fractional,coupling,0.6,0.6,1.2,1.0,1.0,0.8287036900888937,1.0.0
F3,19.20141938638801,clock characteristic time,analytic_fractional,coupling,0.6,0.6,1.2,1.0,1.0,0.8320907354156988,1.0.0
F3,19.952623149688787,clock characteristic time,analytic_fractional,coupling,0.6,0.6,1.2,1.0,1.0,0.8354220666504083,1.0.0
F3,20.73321573485954,clock characteristic time,analytic_fractional,coupling,0.6,0.6,1.2,1.0,1.0,0.8386981084498242,1.0.0
F3,21.54434690031882,clock characteristic time,analytic_fractional,coupling,0.6,0.6,1.2,1.0,1.0,0.8419193053934708,1.0.0
F3,22.38721138568338,clock characteristic time,analytic_fractional,coupling,0.6,0.6,1.2,1.0,1.0,0.8450861207686521,1.0.0
F3,23.263050671536238,clock characteristic time,analytic_fractional,coupling,0.6,0.6,1.2,1.0,1.0,0.8481990353813572,1.0.0
F3,24.173154808041012,clock characteristic time,analytic_fractional,coupling,0.6,0.6,1.2,1.0,1.0,0.8512585463944482,1.0.0
F3,25.11886431509582,clock characteristic time,analytic_fractional,coupling,0.6,0.6,1.2,1.0,1.0,0.8542651661943788,1.0.0
F3,26.101572156825384,clock characteristic time,analytic_fractional,coupling,0.6,0.6,1.2,1.0,1.0,0.8572194212875126,1.0.0
F3,27.122725793320296,clock characteristic time,analytic_fractional,coupling,0.6,0.6,1.2,1.0,1.0,0.8601218512269313,1.0.0
F3,28.183829312644548,clock characteristic time,analytic_fractional,coupling,0.6,0.6,1.2,1.0,1.0,0.8629730075704796,1.0.0
F3,29.28644564625237,clock characteristic time,analytic_fractional,coupling,0.6,0.6,1.2,1.0,1.0,0.8657734528706129,1.0.0
F3,30.432198871077222,clock characteristic time,analytic_fractional,coupling,0.6,0.6,1.2,1.0,1.0,0.8685237596965047,1.0.0
F3,31.622776601683793,clock characteristic time,analytic_fractional,coupling,0.6,0.6,1.2,1.0,1.0,0.8712245096887062,1.0.0
F3,32.85993247600654,clock characteristic time,analytic_fractional,coupling,0.6,0.6,1.2,1.0,1.0,0.87387629264655,1.0.0
F3,34.145488738336006,clock characteristic time,analytic_fractional,coupling,0.6,0.6,1.2,1.0,1.0,0.8764797056483585,1.0.0
F3,35.481338923357534,clock characteristic time,analytic_fractional,coupling,0.6,0.6,1.2,1.0,1.0,0.8790353522044229,1.0.0
F3,36.869450645195734,clock characteristic time,analytic_fractional,coupling,0.6,0.6,1.2,1.0,1.0,0.8815438414426132,1.0.0
F3,38.31186849557285,clock characteristic time,analytic_fractional,coupling,0.6,0.6,1.2,1.0,1.0,0.884005787326402,1.0.0
F3,39.81071705534969,clock characteristic time,analytic_fractional,coupling,0.6,0.6,1.2,1.0,1.0,0.886421807904986,1.0.0
F3,41.36820402388503,clock characteristic time,analytic_fractional,coupling,0.6,0.6,1.2,1.0,1.0,0.8887925245951404,1.0.0
F3,42.98662347082272,clock characteristic time,analytic_fractional,coupling,0.6,0.6,1.2,1.0,1.0,0.8911185614943539,1.0.0
F3,44.668359215096345,clock characteristic time,analytic_fractional,coupling,0.6,0.6,1.2,1.0,1.0,0.893400544724751,1.0.0
F3,46.41588833612782,clock characteristic time,analytic_fractional,coupling,0.6,0.6,1.2,1.0,1.0,0.8956391018072432,1.0.0
F3,48.23178482239309,clock characteristic time,analytic_fractional,coupling,0.6,0.6,1.2,1.0,1.0,0.8978348610653207,1.0.0
F3,50.118723362727245,clock characteristic time,analytic_fractional,coupling,0.6,0.6,1.2,1.0,1.0,0.8999884510578415,1.0.0
F3,52.07948328595465,clock characteristic time,analytic_fractional,coupling,0.6,0.6,1.2,1.0,1.0,0.9021005000401532,1.0.0
F3,54.116952654646376,clock characteristic time,analytic_fractional,coupling,0.6,0.6,1.2,1.0,1.0,0.9041716354528526,1.0.0
F3,56.23413251903491,clock characteristic time,analytic_fractional,coupling,0.6,0.6,1.2,1.0,1.0,0.9062024834374585,1.0.0
F3,58.434141337351754,clock characteristic time,analytic_fractional,coupling,0.6,0.6,1.2,1.0,1.0,0.9081936683782642,1.0.0
F3,60.72021956909884,clock characteristic time,analytic_fractional,coupling,0.6,0.6,1.2,1.0,1.0,0.910145812469613,1.0.0
F3,63.0957344480193,clock characteristic time,analytic_fractional,coupling,0.6,0.6,1.2,1.0,1.0,0.9120595353078359,1.0.0
F3,65.56418494179785,clock characteristic time,analytic_fractional,coupling,0.6,0.6,1.2,1.0,1.0,0.9139354535070807,1.0.0
F3,68.12920690579608,clock characteristic time,analytic_fractional,coupling,0.6,0.6,1.2,1.0,1.0,0.9157741803382552,1.0.0
F3,70.79457843841374,clock characteristic time,analytic_fractional,coupling,0.6,0.6,1.2,1.0,1.0,0.9175763253903136,1.0.0
F3,73.56422544596406,clock characteristic time,analytic_fractional,coupling,0.6,0.6,1.2,1.0,1.0,0.919342494253109,1.0.0
F3,76.44222742525994,clock characteristic time,analytic_fractional,coupling,0.6,0.6,1.2,1.0,1.0,0.9210732882210433,1.0.0
F3,79.43282347242821,clock characteristic time,analytic_fractional,coupling,0.6,0.6,1.2,1.0,1.0,0.9227693040167494,1.0.0
F3,82.5404185268019,clock characteristic time,analytic_fractional,coupling,0.6,0.6,1.2,1.0,1.0,0.9244311335340544,1.0.0
F3,85.76958985908946,clock characteristic time,analytic_fractional,coupling,0.6,0.6,1.2,1.0,1.0,0.9260593635994735,1.0.0
F3,89.12509381337459,clock characteristic time,analytic_fractional,coupling,0.6,0.6,1.2,1.0,1.0,0.9276545757515018,1.0.0
F3,92.61187281287937,clock characteristic time,analytic_fractional,coupling,0.6,0.6,1.2,1.0,1.0,0.929217346036982,1.0.0
F3,96.23506263980887,clock characteristic time,analytic_fractional,coupling,0.6,0.6,1.2,1.0,1.0,0.9307482448238417,1.0.0
F3,100.0,clock characteristic time,analytic_fractional,coupling,0.6,0.6,1.2,1.0,1.0,0.9322478366295008,1.0.0
F3,0.001,clock characteristic time,analytic_fractional,combined,0.6,0.6,1.2,1.0,1.0,0.00012063275889632941,1.0.0
F3,0.001039122303835169,clock characteristic time,analytic_fractional,combined,0.6,0.6,1.2,1.0,1.0,0.00012626339925192004,1.0.0
F3,0.0010797751623277093,clock characteristic time,analytic_fractional,combined,0.6,0.6,1.2,1.0,1.0,0.00013215553332252035,1.0.0
F3,0.001122018454301963,clock characteristic time,analytic_fractional,combined,0.6,0.6,1.2,1.0,1.0,0.00013832121150312164,1.0.0
F3,0.0011659144011798323,clock characteristic time,analytic_fractional,combined,0.6,0.6,1.2,1.0,1.0,0.0001447730328727517,1.0.0
F3,0.001211527658628589,clock characteristic time,analytic_fractional,combined,0.6,0.6,1.2,1.0,1.0,0.0001515241697081775,1.0.0
F3,0.0012589254117941675,clock characteristic time,analytic_fractional,combined,0.6,0.6,1.2,1.0,1.0,0.00015858839305961202,1.0.0
F3,0.0013081774742601943,clock characteristic time,analytic_fractional,combined,0.6,0.6,1.2,1.0,1.0,0.00016598009943207608,1.0.0
F3,0.0013593563908785254,clock characteristic time,analytic_fractional,combined,0.6,0.6,1.2,1.0,1.0,0.00017371433861769353,1.0.0
F3,0.001412537544622754,clock characteristic time,analytic_fractional,combined,0.6,0.6,1.2,1.0,1.0,0.0001818068427258699,1.0.0
F3,0.001467799267622069,clock characteristic time,analytic_fractional,combined,0.6,0.6,1.2,1.0,1.0,0.00019027405646002891,1.0.0
F3,0.0015252229565390183,clock characteristic time,analytic_fractional,combined,0.6,0.6,1.2,1.0,1.0,0.000199133168691348,1.0.0
F3,0.001584893192461114,clock characteristic time,analytic_fractional,combined,0.6,0.6,1.2,1.0,1.0,0.00020840214538175872,1.0.0
F3,0.0016468978654828688,clock characteristic time,analytic_fractional,combined,0.6,0.6,1.2,1.0,1.0,0.000218099763910343,1.0.0
F3,0.001711328304161781,clock characteristic time,analytic_fractional,combined,0.6,0.6,1.2,1.0,1.0,0.00022824564885917992,1.0.0
F3,0.0017782794100389228,clock characteristic time,analytic_fractional,combined,0.6,0.6,1.2,1.0,1.0,0.00023886030931665714,1.0.0
F3,0.0018478497974222907,clock characteristic time,analytic_fractional,combined,0.6,0.6,1.2,1.0,1.0,0.00024996517775828964,1.0.0
F3,0.001920141938638801,clock characteristic time,analytic_fractional,combined,0.6,0.6,1.2,1.0,1.0,0.00026158265056714096,1.0.0
F3,0.001995262314968879,clock characteristic time,analytic_fractional,combined,0.6,0.6,1.2,1.0,1.0,0.00027373613025806785,1.0.0
F3,0.002073321573485954,clock characteristic time,analytic_fractional,combined,0.6,0.6,1.2,1.0,1.0,0.00028645006947215817,1.0.0
F3,0.0021544346900318843,clock characteristic time,analytic_fractional,combined,0.6,0.6,1.2,1.0,1.0,0.0002997500168099488,1.0.0
F3,0.00223872113856834,clock characteristic time,analytic_fractional,combined,0.6,0.6,1.2,1.0,1.0,0.00031366266457425276,1.0.0
F3,0.0023263050671536263,clock characteristic time,analytic_fractional,combined,0.6,0.6,1.2,1.0,1.0,0.0003282158984957298,1.0.0
F3,0.0024173154808041037,clock characteristic time,analytic_fractional,combined,0.6,0.6,1.2,1.0,1.0,0.000343438849516657,1.0.0
F3,0.0025118864315095794,clock characteristic time,analytic_fractional,combined,0.6,0.6,1.2,1.0,1.0,0.00035936194771075155,1.0.0
F3,0.0026101572156825357,clock characteristic time,analytic_fractional,combined,0.6,0.6,1.2,1.0,1.0,0.00037601697841928755,1.0.0
F3,0.0027122725793320298,clock characteristic time,analytic_fractional,combined,0.6,0.6,1.2,1.0,1.0,0.0003934371406862243,1.0.0
F3,0.002818382931264455,clock characteristic time,analytic_fractional,combined,0.6,0.6,1.2,1.0,1.0,0.0004116571080775116,1.0.0
F3,0.0029286445646252374,clock characteristic time,analytic_fractional,combined,0.6,0.6,1.2,1.0,1.0,0.0004307130919722784,1.0.0
F3,0.003043219887107722,clock characteristic time,analytic_fractional,combined,0.6,0.6,1.2,1.0,1.0,0.0004506429074161107,1.0.0
F3,0.0031622776601683794,clock characteristic time,analytic_fractional,combined,0.6,0.6,1.2,1.0,1.0,0.0004714860416291953,1.0.0
F3,0.003285993247600654,clock characteristic time,analytic_fractional,combined,0.6,0.6,1.2,1.0,1.0,0.0004932837252646687,1.0.0
F3,0.003414548873833601,clock characteristic time,analytic_fractional,combined,0.6,0.6,1.2,1.0,1.0,0.0005160790065150793,1.0.0
F3,0.0035481338923357532,clock characteristic time,analytic_fractional,combined,0.6,0.6,1.2,1.0,1.0,0.0005399168281674494,1.0.0
F3,0.0036869450645195733,clock characteristic time,analytic_fractional,combined,0.6,0.6,1.2,1.0,1.0,0.000564844107710008,1.0.0
F3,0.003831186849557289,clock characteristic time,analytic_fractional,combined,0.6,0.6,1.2,1.0,1.0,0.0005909098205962144,1.0.0
F3,0.003981071705534973,clock characteristic time,analytic_fractional,combined,0.6,0.6,1.2,1.0,1.0,0.0006181650867742514,1.0.0
F3,0.004136820402388507,clock characteristic time,analytic_fractional,combined,0.6,0.6,1.2,1.0,1.0,0.0006466632605926825,1.0.0
F3,0.004298662347082277,clock characteristic time,analytic_fractional,combined,0.6,0.6,1.2,1.0,1.0,0.0006764600241954414,1.0.0
F3,0.0044668359215096305,clock characteristic time,analytic_fractional,combined,0.6,0.6,1.2,1.0,1.0,0.000707613484521767,1.0.0
F3,0.004641588833612777,clock characteristic time,analytic_fractional,combined,0.6,0.6,1.2,1.0,1.0,0.000740184274029072,1.0.0
F3,0.004823178482239309,clock characteristic time,analytic_fractional,combined,0.6,0.6,1.2,1.0,1.0,0.0007742356552590395,1.0.0
F3,0.005011872336272725,clock characteristic time,analytic_fractional,combined,0.6,0.6,1.2,1.0,1.0,0.0008098336293694604,1.0.0
F3,0.005207948328595465,clock characteristic time,analytic_fractional,combined,0.6,0.6,1.2,1.0,1.0,0.0008470470487564741,1.0.0
F3,0.0054116952654646375,clock characteristic time,analytic_fractional,combined,0.6,0.6,1.2,1.0,1.0,0.0008859477338938503,1.0.0
F3,0.005623413251903491,clock characteristic time,analytic_fractional,combined,0.6,0.6,1.2,1.0,1.0,0.0009266105945178786,1.0.0
F3,0.005843414133735175,clock characteristic time,analytic_fractional,combined,0.6,0.6,1.2,1.0,1.0,0.0009691137552881472,1.0.0
F3,0.006072021956909884,clock characteristic time,analytic_fractional,combined,0.6,0.6,1.2,1.0,1.0,0.001013538686056068,1.0.0
F3,0.006309573444801929,clock characteristic time,analytic_fractional,combined,0.6,0.6,1.2,1.0,1.0,0.0010599703368744118,1.0.0
F3,0.006556418494179785,clock characteristic time,analytic_fractional,combined,0.6,0.6,1.2,1.0,1.0,0.0011084972778822855,1.0.0
F3,0.006812920690579615,clock characteristic time,analytic_fractional,combined,0.6,0.6,1.2,1.0,1.0,0.0011592118442009312,1.0.0
F3,0.00707945784384138,clock characteristic time,analytic_fractional,combined,0.6,0.6,1.2,1.0,1.0,0.0012122102859764648,1.0.0
F3,0.007356422544596414,clock characteristic time,analytic_fractional,combined,0.6,0.6,1.2,1.0,1.0,0.0012675929237060328,1.0.0
F3,0.007644222742526002,clock characteristic time,analytic_fractional,combined,0.6,0.6,1.2,1.0,1.0,0.0013254643089840351,1.0.0
F3,0.007943282347242814,clock characteristic time,analytic_fractional,combined,0.6,0.6,1.2,1.0,1.0,0.0013859333908047857,1.0.0
F3,0.008254041852680182,clock characteristic time,analytic_fractional,combined,0.6,0.6,1.2,1.0,1.0,0.0014491136875574434,1.0.0
F3,0.008576958985908946,clock characteristic time,analytic_fractional,combined,0.6,0.6,1.2,1.0,1.0,0.0015151234648479788,1.0.0
F3,0.008912509381337459,clock characteristic time,analytic_fractional,combined,0.6,0.6,1.2,1.0,1.0,0.0015840859192815756,1.0.0
F3,0.009261187281287938,clock characteristic time,analytic_fractional,combined,0.6,0.6,1.2,1.0,1.0,0.0016561293683369346,1.0.0
F3,0.009623506263980888,clock characteristic time,analytic_fractional,combined,0.6,0.6,1.2,1.0,1.0,0.001731387446461486,1.0.0
F3,0.01,clock characteristic time,analytic_fractional,combined,0.6,0.6,1.2,1.0,1.0,0.0018099993075136173,1.0.0
F3,0.01039122303835169,clock characteristic time,analytic_fractional,combined,0.6,0.6,1.2,1.0,1.0,0.0018921098336743946,1.0.0
F3,0.010797751623277093,clock characteristic time,analytic_fractional,combined,0.6,0.6,1.2,1.0,1.0,0.0019778698509470534,1.0.0
F3,0.011220184543019636,clock characteristic time,analytic_fractional,combined,0.6,0.6,1.2,1.0,1.0,0.0020674363513576463,1.0.0
F3,0.011659144011798317,clock characteristic time,analytic_fractional,combined,0.6,0.6,1.2,1.0,1.0,0.0021609727219645677,1.0.0
F3,0.012115276586285882,clock characteristic time,analytic_fractional,combined,0.6,0.6,1.2,1.0,1.0,0.002258648980778258,1.0.0
F3,0.012589254117941675,clock characteristic time,analytic_fractional,combined,0.6,0.6,1.2,1.0,1.0,0.0023606420196850965,1.0.0
F3,0.013081774742601943,clock characteristic time,analytic_fractional,combined,0.6,0.6,1.2,1.0,1.0,0.002467135854461279,1.0.0
F3,0.013593563908785255,clock characteristic time,analytic_fractional,combined,0.6,0.6,1.2,1.0,1.0,0.002578321881953406,1.0.0
F3,0.01412537544622754,clock characteristic time,analytic_fractional,combined,0.6,0.6,1.2,1.0,1.0,0.0026943991444922325,1.0.0
F3,0.014677992676220698,clock characteristic time,analytic_fractional,combined,0.6,0.6,1.2,1.0,1.0,0.002815574601594859,1.0.0
F3,0.01525222956539019,clock characteristic time,analytic_fractional,combined,0.6,0.6,1.2,1.0,1.0,0.002942063408998168,1.0.0
F3,0.015848931924611134,clock characteristic time,analytic_fractional,combined,0.6,0.6,1.2,1.0,1.0,0.003074089205052776,1.0.0
F3,0.01646897865482868,clock characteristic time,analytic_fractional,combined,0.6,0.6,1.2,1.0,1.0,0.0032118844044917018,1.0.0
F3,0.01711328304161781,clock characteristic time,analytic_fractional,combined,0.6,0.6,1.2,1.0,1.0,0.0033556904995718905,1.0.0
F3,0.01778279410038923,clock characteristic time,analytic_fractional,combined,0.6,0.6,1.2,1.0,1.0,0.0035057583685687652,1.0.0
F3,0.018478497974222907,clock characteristic time,analytic_fractional,combined,0.6,0.6,1.2,1.0,1.0,0.003662348591585088,1.0.0
F3,0.01920141938638801,clock characteristic time,analytic_fractional,combined,0.6,0.6,1.2,1.0,1.0,0.003825731773614257,1.0.0
F3,0.0199526231496888,clock characteristic time,analytic_fractional,combined,0.6,0.6,1.2,1.0,1.0,0.003996188874776063,1.0.0
F3,0.02073321573485955,clock characteristic time,analytic_fractional,combined,0.6,0.6,1.2,1.0,1.0,0.004174011547618467,1.0.0
F3,0.021544346900318832,clock characteristic time,analytic_fractional,combined,0.6,0.6,1.2,1.0,1.0,0.004359502481353172,1.0.0
F3,0.0223872113856834,clock characteristic time,analytic_fractional,combined,0.6,0.6,1.2,1.0,1.0,0.004552975752864698,1.0.0
F3,0.02326305067153626,clock characteristic time,analytic_fractional,combined,0.6,0.6,1.2,1.0,1.0,0.004754757184302977,1.0.0
F3,0.024173154808041036,clock characteristic time,analytic_fractional,combined,0.6,0.6,1.2,1.0,1.0,0.004965184707037462,1.0.0
F3,0.025118864315095794,clock characteristic time,analytic_fractional,combined,0.6,0.6,1.2,1.0,1.0,0.005184608731716749,1.0.0
F3,0.026101572156825372,clock characteristic time,analytic_fractional,combined,0.6,0.6,1.2,1.0,1.0,0.005413392524141595,1.0.0
F3,0.02712272579332028,clock characteristic time,analytic_fractional,combined,0.6,0.6,1.2,1.0,1.0,0.005651912586620528,1.0.0
F3,0.028183829312644536,clock characteristic time,analytic_fractional,combined,0.6,0.6,1.2,1.0,1.0,0.00590055904443668,1.0.0
F3,0.02928644564625236,clock characteristic time,analytic_fractional,combined,0.6,0.6,1.2,1.0,1.0,0.006159736037011052,1.0.0
F3,0.03043219887107722,clock characteristic time,analytic_fractional,combined,0.6,0.6,1.2,1.0,1.0,0.0064298621133018425,1.0.0
F3,0.03162277660168379,clock characteristic time,analytic_fractional,combined,0.6,0.6,1.2,1.0,1.0,0.006711370630931289,1.0.0
F3,0.03285993247600654,clock characteristic time,analytic_fractional,combined,0.6,0.6,1.2,1.0,1.0,0.007004710158480647,1.0.0
F3,0.034145488738336005,clock characteristic time,analytic_fractional,combined,0.6,0.6,1.2,1.0,1.0,0.007310344880340703,1.0.0
F3,0.03548133892335755,clock characteristic time,analytic_fractional,combined,0.6,0.6,1.2,1.0,1.0,0.0076287550034490025,1.0.0
F3,0.03686945064519575,clock characteristic time,analytic_fractional,combined,0.6,0.6,1.2,1.0,1.0,0.007960437165186636,1.0.0
F3,0.03831186849557287,clock characteristic time,analytic_fractional,combined,0.6,0.6,1.2,1.0,1.0,0.008305904841645733,1.0.0
F3,0.039810717055349734,clock characteristic time,analytic_fractional,combined,0.6,0.6,1.2,1.0,1.0,0.008665688755415067,1.0.0
F3,0.04136820402388507,clock characteristic time,analytic_fractional,combined,0.6,0.6,1.2,1.0,1.0,0.009040337281964392,1.0.0
F3,0.042986623470822764,clock characteristic time,analytic_fractional,combined,0.6,0.6,1.2,1.0,1.0,0.009430416853638759,1.0.0
F3,0.0446683592150963,clock characteristic time,analytic_fractional,combined,0.6,0.6,1.2,1.0,1.0,0.009836512360202354,1.0.0
F3,0.046415888336127795,clock characteristic time,analytic_fractional,combined,0.6,0.6,1.2,1.0,1.0,0.010259227544796589,1.0.0
F3,0.04823178482239307,clock characteristic time,analytic_fractional,combined,0.6,0.6,1.2,1.0,1.0,0.010699185394100572,1.0.0
F3,0.05011872336272722,clock characteristic time,analytic_fractional,combined,0.6,0.6,1.2,1.0,1.0,0.01115702852140274,1.0.0
F3,0.052079483285954624,clock characteristic time,analytic_fractional,combined,0.6,0.6,1.2,1.0,1.0,0.0116334195412108,1.0.0
F3,0.054116952654646375,clock characteristic time,analytic_fractional,combined,0.6,0.6,1.2,1.0,1.0,0.012129041433943607,1.0.0
F3,0.056234132519034905,clock characteristic time,analytic_fractional,combined,0.6,0.6,1.2,1.0,1.0,0.012644597899163047,1.0.0
F3,0.05843414133735175,clock characteristic time,analytic_fractional,combined,0.6,0.6,1.2,1.0,1.0,0.013180813695716909,1.0.0
F3,0.060720219569098836,clock characteristic time,analytic_fractional,combined,0.6,0.6,1.2,1.0,1.0,0.013738434967074688,1.0.0
F3,0.06309573444801933,clock characteristic time,analytic_fractional,combined,0.6,0.6,1.2,1.0,1.0,0.014318229550048599,1.0.0
F3,0.06556418494179789,clock characteristic time,analytic_fractional,combined,0.6,0.6,1.2,1.0,1.0,0.014920987265001082,1.0.0
F3,0.06812920690579612,clock characteristic time,analytic_fractional,combined,0.6,0.6,1.2,1.0,1.0,0.015547520185548593,1.0.0
F3,0.07079457843841377,clock characteristic time,analytic_fractional,combined,0.6,0.6,1.2,1.0,1.0,0.016198662885679803,1.0.0
F3,0.07356422544596414,clock characteristic time,analytic_fractional,combined,0.6,0.6,1.2,1.0,1.0,0.016875272662114894,1.0.0
F3,0.07644222742526002,clock characteristic time,analytic_fractional,combined,0.6,0.6,1.2,1.0,1.0,0.017578229729641327,1.0.0
F3,0.07943282347242814,clock characteristic time,analytic_fractional,combined,0.6,0.6,1.2,1.0,1.0,0.01830843738707263,1.0.0
F3,0.08254041852680186,clock characteristic time,analytic_fractional,combined,0.6,0.6,1.2,1.0,1.0,0.019066822151387403,1.0.0
F3,0.08576958985908942,clock characteristic time,analytic_fractional,combined,0.6,0.6,1.2,1.0,1.0,0.01985433385752079,1.0.0
F3,0.08912509381337455,clock characteristic time,analytic_fractional,combined,0.6,0.6,1.2,1.0,1.0,0.020671945721197345,1.0.0
F3,0.09261187281287933,clock characteristic time,analytic_fractional,combined,0.6,0.6,1.2,1.0,1.0,0.021520654362114682,1.0.0
F3,0.09623506263980887,clock characteristic time,analytic_fractional,combined,0.6,0.6,1.2,1.0,1.0,0.022401479784711985,1.0.0
F3,0.1,clock characteristic time,analytic_fractional,combined,0.6,0.6,1.2,1.0,1.0,0.023315465313735063,1.0.0
F3,0.10391223038351691,clock characteristic time,analytic_fractional,combined,0.6,0.6,1.2,1.0,1.0,0.02426367748141179,1.0.0
F3,0.10797751623277094,clock characteristic time,analytic_fractional,combined,0.6,0.6,1.2,1.0,1.0,0.025247205863992667,1.0.0
F3,0.1122018454301963,clock characteristic time,analytic_fractional,combined,0.6,0.6,1.2,1.0,1.0,0.026267162863697527,1.0.0
F3,0.11659144011798311,clock characteristic time,analytic_fractional,combined,0.6,0.6,1.2,1.0,1.0,0.02732468343373378,1.0.0
F3,0.12115276586285889,clock characteristic time,analytic_fractional,combined,0.6,0.6,1.2,1.0,1.0,0.028420924743012613,1.0.0
F3,0.12589254117941676,clock characteristic time,analytic_fractional,combined,0.6,0.6,1.2,1.0,1.0,0.02955706577751293,1.0.0
F3,0.13081774742601943,clock characteristic time,analytic_fractional,combined,0.6,0.6,1.2,1.0,1.0,0.030734306875176032,1.0.0
F3,0.13593563908785256,clock characteristic time,analytic_fractional,combined,0.6,0.6,1.2,1.0,1.0,0.03195386919121768,1.0.0
F3,0.1412537544622754,clock characteristic time,analytic_fractional,combined,0.6,0.6,1.2,1.0,1.0,0.03321699409076994,1.0.0
F3,0.1467799267622069,clock characteristic time,analytic_fractional,combined,0.6,0.6,1.2,1.0,1.0,0.03452494246577851,1.0.0
F3,0.15252229565390182,clock characteristic time,analytic_fractional,combined,0.6,0.6,1.2,1.0,1.0,0.03587899397314781,1.0.0
F3,0.1584893192461114,clock characteristic time,analytic_fractional,combined,0.6,0.6,1.2,1.0,1.0,0.037280446191176764,1.0.0
F3,0.1646897865482869,clock characteristic time,analytic_fractional,combined,0.6,0.6,1.2,1.0,1.0,0.03873061369141804,1.0.0
F3,0.1711328304161781,clock characteristic time,analytic_fractional,combined,0.6,0.6,1.2,1.0,1.0,0.04023082702319611,1.0.0
F3,0.1778279410038923,clock characteristic time,analytic_fractional,combined,0.6,0.6,1.2,1.0,1.0,0.041782431608132845,1.0.0
F3,0.18478497974222907,clock characteristic time,analytic_fractional,combined,0.6,0.6,1.2,1.0,1.0,0.04338678654219128,1.0.0
F3,0.1920141938638801,clock characteristic time,analytic_fractional,combined,0.6,0.6,1.2,1.0,1.0,0.04504526330289893,1.0.0
F3,0.19952623149688786,clock characteristic time,analytic_fractional,combined,0.6,0.6,1.2,1.0,1.0,0.0467592443596079,1.0.0
F3,0.2073321573485954,clock characteristic time,analytic_fractional,combined,0.6,0.6,1.2,1.0,1.0,0.048530121684876,1.0.0
F3,0.21544346900318845,clock characteristic time,analytic_fractional,combined,0.6,0.6,1.2,1.0,1.0,0.050359295165272565,1.0.0
F3,0.223872113856834,clock characteristic time,analytic_fractional,combined,0.6,0.6,1.2,1.0,1.0,0.05224817091019913,1.0.0
F3,0.23263050671536262,clock characteristic time,analytic_fractional,combined,0.6,0.6,1.2,1.0,1.0,0.05419815945760139,1.0.0
F3,0.24173154808041036,clock characteristic time,analytic_fractional,combined,0.6,0.6,1.2,1.0,1.0,0.056210673875761626,1.0.0
F3,0.25118864315095796,clock characteristic time,analytic_fractional,combined,0.6,0.6,1.2,1.0,1.0,0.05828712776073157,1.0.0
F3,0.2610157215682536,clock characteristic time,analytic_fractional,combined,0.6,0.6,1.2,1.0,1.0,0.060428933129314306,1.0.0
F3,0.2712272579332027,clock characteristic time,analytic_fractional,combined,0.6,0.6,1.2,1.0,1.0,0.06263749820793042,1.0.0
F3,0.2818382931264455,clock characteristic time,analytic_fractional,combined,0.6,0.6,1.2,1.0,1.0,0.06491422511811833,1.0.0
F3,0.29286445646252374,clock characteristic time,analytic_fractional,combined,0.6,0.6,1.2,1.0,1.0,0.06726050745989316,1.0.0
F3,0.3043219887107722,clock characteristic time,analytic_fractional,combined,0.6,0.6,1.2,1.0,1.0,0.06967772779465387,1.0.0
F3,0.31622776601683794,clock characteristic time,analytic_fractional,combined,0.6,0.6,1.2,1.0,1.0,0.07216725502985784,1.0.0
F3,0.3285993247600654,clock characteristic time,analytic_fractional,combined,0.6,0.6,1.2,1.0,1.0,0.07473044170819418,1.0.0
F3,0.34145488738336005,clock characteristic time,analytic_fractional,combined,0.6,0.6,1.2,1.0,1.0,0.07736862120456775,1.0.0
F3,0.3548133892335753,clock characteristic time,analytic_fractional,combined,0.6,0.6,1.2,1.0,1.0,0.080083104834761,1.0.0
F3,0.36869450645195734,clock characteristic time,analytic_fractional,combined,0.6,0.6,1.2,1.0,1.0,0.08287517888024648,1.0.0
F3,0.38311868495572887,clock characteristic time,analytic_fractional,combined,0.6,0.6,1.2,1.0,1.0,0.08574610153423691,1.0.0
F3,0.3981071705534973,clock characteristic time,analytic_fractional,combined,0.6,0.6,1.2,1.0,1.0,0.08869709977467627,1.0.0
F3,0.4136820402388507,clock characteristic time,analytic_fractional,combined,0.6,0.6,1.2,1.0,1.0,0.09172936617052334,1.0.0
F3,0.42986623470822766,clock characteristic time,analytic_fractional,combined,0.6,0.6,1.2,1.0,1.0,0.09484405562830095,1.0.0
F3,0.44668359215096304,clock characteristic time,analytic_fractional,combined,0.6,0.6,1.2,1.0,1.0,0.09804228208655942,1.0.0
F3,0.46415888336127775,clock characteristic time,analytic_fractional,combined,0.6,0.6,1.2,1.0,1.0,0.10132511516651319,1.0.0
F3,0.4823178482239304,clock characteristic time,analytic_fractional,combined,0.6,0.6,1.2,1.0,1.0,0.10469357678778894,1.0.0
F3,0.5011872336272725,clock characteristic time,analytic_fractional,combined,0.6,0.6,1.2,1.0,1.0,0.10814863775880469,1.0.0
F3,0.5207948328595465,clock characteristic time,analytic_fractional,combined,0.6,0.6,1.2,1.0,1.0,0.11169121435196949,1.0.0
F3,0.5411695265464638,clock characteristic time,analytic_fractional,combined,0.6,0.6,1.2,1.0,1.0,0.1153221648744403,1.0.0
F3,0.5623413251903491,clock characteristic time,analytic_fractional,combined,0.6,0.6,1.2,1.0,1.0,0.11904228624577542,1.0.0
F3,0.5843414133735175,clock characteristic time,analytic_fractional,combined,0.6,0.6,1.2,1.0,1.0,0.12285231059434401,1.0.0
F3,0.6072021956909883,clock characteristic time,analytic_fractional,combined,0.6,0.6,1.2,1.0,1.0,0.12675290188487506,1.0.0
F3,0.630957344480193,clock characteristic time,analytic_fractional,combined,0.6,0.6,1.2,1.0,1.0,0.13074465258995793,1.0.0
F3,0.6556418494179785,clock characteristic time,analytic_fractional,combined,0.6,0.6,1.2,1.0,1.0,0.1348280804187619,1.0.0
F3,0.6812920690579615,clock characteristic time,analytic_fractional,combined,0.6,0.6,1.2,1.0,1.0,0.13900362511656436,1.0.0
F3,0.707945784384138,clock characteristic time,analytic_fractional,combined,0.6,0.6,1.2,1.0,1.0,0.14327164534900066,1.0.0
F3,0.7356422544596414,clock characteristic time,analytic_fractional,combined,0.6,0.6,1.2,1.0,1.0,0.14763241568517602,1.0.0
F3,0.7644222742526002,clock characteristic time,analytic_fractional,combined,0.6,0.6,1.2,1.0,1.0,0.15208612369394056,1.0.0
F3,0.7943282347242814,clock characteristic time,analytic_fractional,combined,0.6,0.6,1.2,1.0,1.0,0.1566328671677337,1.0.0
F3,0.8254041852680182,clock characteristic time,analytic_fractional,combined,0.6,0.6,1.2,1.0,1.0,0.16127265148839987,1.0.0
F3,0.8576958985908937,clock characteristic time,analytic_fractional,combined,0.6,0.6,1.2,1.0,1.0,0.16600538714930052,1.0.0
F3,0.8912509381337459,clock characteristic time,analytic_fractional,combined,0.6,0.6,1.2,1.0,1.0,0.17083088744789973,1.0.0
F3,0.9261187281287937,clock characteristic time,analytic_fractional,combined,0.6,0.6,1.2,1.0,1.0,0.1757488663627382,1.0.0
F3,0.9623506263980888,clock characteristic time,analytic_fractional,combined,0.6,0.6,1.2,1.0,1.0,0.18075893662835665,1.0.0
F3,1.0,clock characteristic time,analytic_fractional,combined,0.6,0.6,1.2,1.0,1.0,0.1858606080212906,1.0.0
F3,1.0391223038351691,clock characteristic time,analytic_fractional,combined,0.6,0.6,1.2,1.0,1.0,0.19105328586971698,1.0.0
F3,1.0797751623277094,clock characteristic time,analytic_fractional,combined,0.6,0.6,1.2,1.0,1.0,0.19633626979869911,1.0.0
F3,1.122018454301963,clock characteristic time,analytic_fractional,combined,0.6,0.6,1.2,1.0,1.0,0.20170875272221792,1.0.0
F3,1.165914401179831,clock characteristic time,analytic_fractional,combined,0.6,0.6,1.2,1.0,1.0,0.20716982009237234,1.0.0
F3,1.2115276586285888,clock characteristic time,analytic_fractional,combined,0.6,0.6,1.2,1.0,1.0,0.2127184494151915,1.0.0
F3,1.2589254117941675,clock characteristic time,analytic_fractional,combined,0.6,0.6,1.2,1.0,1.0,0.21835351004148199,1.0.0
F3,1.3081774742601942,clock characteristic time,analytic_fractional,combined,0.6,0.6,1.2,1.0,1.0,0.22407376324004313,1.0.0
F3,1.3593563908785256,clock characteristic time,analytic_fractional,combined,0.6,0.6,1.2,1.0,1.0,0.22987786255939557,1.0.0
F3,1.412537544622754,clock characteristic time,analytic_fractional,combined,0.6,0.6,1.2,1.0,1.0,0.23576435448289818,1.0.0
F3,1.467799267622069,clock characteristic time,analytic_fractional,combined,0.6,0.6,1.2,1.0,1.0,0.24173167938084905,1.0.0
F3,1.5252229565390183,clock characteristic time,analytic_fractional,combined,0.6,0.6,1.2,1.0,1.0,0.2477781727617197,1.0.0
F3,1.584893192461114,clock characteristic time,analytic_fractional,combined,0.6,0.6,1.2,1.0,1.0,0.2539020668233032,1.0.0
F3,1.6468978654828688,clock characteristic time,analytic_fractional,combined,0.6,0.6,1.2,1.0,1.0,0.2601014923030294,1.0.0
F3,1.711328304161781,clock characteristic time,analytic_fractional,combined,0.6,0.6,1.2,1.0,1.0,0.2663744806252668,1.0.0
F3,1.7782794100389228,clock characteristic time,analytic_fractional,combined,0.6,0.6,1.2,1.0,1.0,0.27271896634182413,1.0.0
F3,1.8478497974222907,clock characteristic time,analytic_fractional,combined,0.6,0.6,1.2,1.0,1.0,0.2791327898604253,1.0.0
F3,1.920141938638801,clock characteristic time,analytic_fractional,combined,0.6,0.6,1.2,1.0,1.0,0.2856137004543441,1.0.0
F3,1.9952623149688788,clock characteristic time,analytic_fractional,combined,0.6,0.6,1.2,1.0,1.0,0.29215935954492356,1.0.0
F3,2.073321573485954,clock characteristic time,analytic_fractional,combined,0.6,0.6,1.2,1.0,1.0,0.29876734424721263,1.0.0
F3,2.1544346900318843,clock characteristic time,analytic_fractional,combined,0.6,0.6,1.2,1.0,1.0,0.3054351511675169,1.0.0
F3,2.23872113856834,clock characteristic time,analytic_fractional,combined,0.6,0.6,1.2,1.0,1.0,0.31216020044029896,1.0.0
F3,2.3263050671536263,clock characteristic time,analytic_fractional,combined,0.6,0.6,1.2,1.0,1.0,0.318939839990545,1.0.0
F3,2.4173154808041035,clock characteristic time,analytic_fractional,combined,0.6,0.6,1.2,1.0,1.0,0.32577135000648166,1.0.0
F3,2.5118864315095797,clock characteristic time,analytic_fractional,combined,0.6,0.6,1.2,1.0,1.0,0.3326519476063768,1.0.0
F3,2.610157215682536,clock characteristic time,analytic_fractional,combined,0.6,0.6,1.2,1.0,1.0,0.33957879168213617,1.0.0
F3,2.712272579332027,clock characteristic time,analytic_fractional,combined,0.6,0.6,1.2,1.0,1.0,0.34654898790143984,1.0.0
F3,2.818382931264452,clock characteristic time,analytic_fractional,combined,0.6,0.6,1.2,1.0,1.0,0.3535595938493748,1.0.0
F3,2.9286445646252375,clock characteristic time,analytic_fractional,combined,0.6,0.6,1.2,1.0,1.0,0.36060762428979265,1.0.0
F3,3.043219887107722,clock characteristic time,analytic_fractional,combined,0.6,0.6,1.2,1.0,1.0,0.36769005652608544,1.0.0
F3,3.1622776601683795,clock characteristic time,analytic_fractional,combined,0.6,0.6,1.2,1.0,1.0,0.3748038358406196,1.0.0
F3,3.285993247600654,clock characteristic time,analytic_fractional,combined,0.6,0.6,1.2,1.0,1.0,0.3819458809917768,1.0.0
F3,3.4145488738336005,clock characteristic time,analytic_fractional,combined,0.6,0.6,1.2,1.0,1.0,0.3891130897474174,1.0.0
F3,3.5481338923357533,clock characteristic time,analytic_fractional,combined,0.6,0.6,1.2,1.0,1.0,0.3963023444335361,1.0.0
F3,3.6869450645195734,clock characteristic time,analytic_fractional,combined,0.6,0.6,1.2,1.0,1.0,0.40351051747702443,1.0.0
F3,3.831186849557289,clock characteristic time,analytic_fractional,combined,0.6,0.6,1.2,1.0,1.0,0.41073447692173104,1.0.0
F3,3.981071705534973,clock characteristic time,analytic_fractional,combined,0.6,0.6,1.2,1.0,1.0,0.4179710918973694,1.0.0
F3,4.136820402388507,clock characteristic time,analytic_fractional,combined,0.6,0.6,1.2,1.0,1.0,0.4252172380213956,1.0.0
F3,4.298662347082277,clock characteristic time,analytic_fractional,combined,0.6,0.6,1.2,1.0,1.0,0.4324698027145787,1.0.0
F3,4.46683592150963,clock characteristic time,analytic_fractional,combined,0.6,0.6,1.2,1.0,1.0,0.4397256904117972,1.0.0
F3,4.6415888336127775,clock characteristic time,analytic_fractional,combined,0.6,0.6,1.2,1.0,1.0,0.44698182765042854,1.0.0
F3,4.823178482239304,clock characteristic time,analytic_fractional,combined,0.6,0.6,1.2,1.0,1.0,0.454235168019677,1.0.0
F3,5.011872336272719,clock characteristic time,analytic_fractional,combined,0.6,0.6,1.2,1.0,1.0,0.4614826969552582,1.0.0
F3,5.207948328595465,clock characteristic time,analytic_fractional,combined,0.6,0.6,1.2,1.0,1.0,0.46872143636496205,1.0.0
F3,5.411695265464638,clock characteristic time,analytic_fractional,combined,0.6,0.6,1.2,1.0,1.0,0.4759484490718258,1.0.0
F3,5.62341325190349,clock characteristic time,analytic_fractional,combined,0.6,0.6,1.2,1.0,1.0,0.4831608430629052,1.0.0
F3,5.843414133735175,clock characteristic time,analytic_fractional,combined,0.6,0.6,1.2,1.0,1.0,0.4903557755329147,1.0.0
F3,6.072021956909884,clock characteristic time,analytic_fractional,combined,0.6,0.6,1.2,1.0,1.0,0.497530456713329,1.0.0
F3,6.30957344480193,clock characteristic time,analytic_fractional,combined,0.6,0.6,1.2,1.0,1.0,0.504682153478882,1.0.0
F3,6.556418494179785,clock characteristic time,analytic_fractional,combined,0.6,0.6,1.2,1.0,1.0,0.511808192724747,1.0.0
F3,6.812920690579615,clock characteristic time,analytic_fractional,combined,0.6,0.6,1.2,1.0,1.0,0.518905964509022,1.0.0
F3,7.07945784384138,clock characteristic time,analytic_fractional,combined,0.6,0.6,1.2,1.0,1.0,0.5259729249564568,1.0.0
F3,7.3564225445964135,clock characteristic time,analytic_fractional,combined,0.6,0.6,1.2,1.0,1.0,0.5330065989206931,1.0.0
F3,7.644222742526002,clock characteristic time,analytic_fractional,combined,0.6,0.6,1.2,1.0,1.0,0.5400045824035133,1.0.0
F3,7.943282347242813,clock characteristic time,analytic_fractional,combined,0.6,0.6,1.2,1.0,1.0,0.5469645447308384,1.0.0
F3,8.254041852680182,clock characteristic time,analytic_fractional,combined,0.6,0.6,1.2,1.0,1.0,0.5538842304863958,1.0.0
F3,8.576958985908938,clock characteristic time,analytic_fractional,combined,0.6,0.6,1.2,1.0,1.0,0.5607614612050605,1.0.0
F3,8.91250938133745,clock characteristic time,analytic_fractional,combined,0.6,0.6,1.2,1.0,1.0,0.5675941368289398,1.0.0
F3,9.261187281287937,clock characteristic time,analytic_fractional,combined,0.6,0.6,1.2,1.0,1.0,0.5743802369302661,1.0.0
F3,9.623506263980888,clock characteristic time,analytic_fractional,combined,0.6,0.6,1.2,1.0,1.0,0.5811178217060228,1.0.0
F3,10.0,clock characteristic time,analytic_fractional,combined,0.6,0.6,1.2,1.0,1.0,0.5878050327501053,1.0.0
F3,10.39122303835169,clock characteristic time,analytic_fractional,combined,0.6,0.6,1.2,1.0,1.0,0.5944400936095459,1.0.0
F3,10.797751623277094,clock characteristic time,analytic_fractional,combined,0.6,0.6,1.2,1.0,1.0,0.6010213101319976,1.0.0
F3,11.220184543019629,clock characteristic time,analytic_fractional,combined,0.6,0.6,1.2,1.0,1.0,0.6075470706122842,1.0.0
F3,11.659144011798311,clock characteristic time,analytic_fractional,combined,0.6,0.6,1.2,1.0,1.0,0.6140158457463107,1.0.0
F3,12.115276586285876,clock characteristic time,analytic_fractional,combined,0.6,0.6,1.2,1.0,1.0,0.6204261884010839,1.0.0
F3,12.589254117941662,clock characteristic time,analytic_fractional,combined,0.6,0.6,1.2,1.0,1.0,0.6267767332099267,1.0.0
F3,13.081774742601928,clock characteristic time,analytic_fractional,combined,0.6,0.6,1.2,1.0,1.0,0.6330661960022692,1.0.0
F3,13.593563908785242,clock characteristic time,analytic_fractional,combined,0.6,0.6,1.2,1.0,1.0,0.6392933730775978,1.0.0
F3,14.125375446227554,clock characteristic time,analytic_fractional,combined,0.6,0.6,1.2,1.0,1.0,0.6454571403332905,1.0.0
F3,14.677992676220706,clock characteristic time,analytic_fractional,combined,0.6,0.6,1.2,1.0,1.0,0.6515564522561411,1.0.0
F3,15.252229565390198,clock characteristic time,analytic_fractional,combined,0.6,0.6,1.2,1.0,1.0,0.6575903407873971,1.0.0
F3,15.848931924611142,clock characteristic time,analytic_fractional,combined,0.6,0.6,1.2,1.0,1.0,0.6635579140710838,1.0.0
F3,16.46897865482869,clock characteristic time,analytic_fractional,combined,0.6,0.6,1.2,1.0,1.0,0.6694583550953159,1.0.0
F3,17.11328304161781,clock characteristic time,analytic_fractional,combined,0.6,0.6,1.2,1.0,1.0,0.6752909202361368,1.0.0
F3,17.78279410038923,clock characteristic time,analytic_fractional,combined,0.6,0.6,1.2,1.0,1.0,0.6810549377132754,1.0.0
F3,18.478497974222908,clock characteristic time,analytic_fractional,combined,0.6,0.6,1.2,1.0,1.0,0.6867498059669491,1.0.0
F3,19.20141938638801,clock characteristic time,analytic_fractional,combined,0.6,0.6,1.2,1.0,1.0,0.6923749919646385,1.0.0
F3,19.952623149688787,clock characteristic time,analytic_fractional,combined,0.6,0.6,1.2,1.0,1.0,0.6979300294464392,1.0.0
F3,20.73321573485954,clock characteristic time,analytic_fractional,combined,0.6,0.6,1.2,1.0,1.0,0.7034145171173131,1.0.0
F3,21.54434690031882,clock characteristic time,analytic_fractional,combined,0.6,0.6,1.2,1.0,1.0,0.7088281167942244,1.0.0
F3,22.38721138568338,clock characteristic time,analytic_fractional,combined,0.6,0.6,1.2,1.0,1.0,0.7141705515158088,1.0.0
F3,23.263050671536238,clock characteristic time,analytic_fractional,combined,0.6,0.6,1.2,1.0,1.0,0.7194416036218648,1.0.0
F3,24.173154808041012,clock characteristic time,analytic_fractional,combined,0.6,0.6,1.2,1.0,1.0,0.7246411128095889,1.0.0
F3,25.11886431509582,clock characteristic time,analytic_fractional,combined,0.6,0.6,1.2,1.0,1.0,0.7297689741731096,1.0.0
F3,26.101572156825384,clock characteristic time,analytic_fractional,combined,0.6,0.6,1.2,1.0,1.0,0.734825136232498,1.0.0
F3,27.122725793320296,clock characteristic time,analytic_fractional,combined,0.6,0.6,1.2,1.0,1.0,0.7398095989580433,1.0.0
F3,28.183829312644548,clock characteristic time,analytic_fractional,combined,0.6,0.6,1.2,1.0,1.0,0.744722411795239,1.0.0
F3,29.28644564625237,clock characteristic time,analytic_fractional,combined,0.6,0.6,1.2,1.0,1.0,0.7495636716955034,1.0.0
F3,30.432198871077222,clock characteristic time,analytic_fractional,combined,0.6,0.6,1.2,1.0,1.0,0.754333521157352,1.0.0
F3,31.622776601683793,clock characteristic time,analytic_fractional,combined,0.6,0.6,1.2,1.0,1.0,0.7590321462823266,1.0.0
F3,32.85993247600654,clock characteristic time,analytic_fractional,combined,0.6,0.6,1.2,1.0,1.0,0.7636597748496786,1.0.0
F3,34.145488738336006,clock characteristic time,analytic_fractional,combined,0.6,0.6,1.2,1.0,1.0,0.7682166744134332,1.0.0
F3,35.481338923357534,clock characteristic time,analytic_fractional,combined,0.6,0.6,1.2,1.0,1.0,0.7727031504251537,1.0.0
F3,36.869450645195734,clock characteristic time,analytic_fractional,combined,0.6,0.6,1.2,1.0,1.0,0.7771195443853992,1.0.0
F3,38.31186849557285,clock characteristic time,analytic_fractional,combined,0.6,0.6,1.2,1.0,1.0,0.7814662320265718,1.0.0
F3,39.81071705534969,clock characteristic time,analytic_fractional,combined,0.6,0.6,1.2,1.0,1.0,0.7857436215295439,1.0.0
F3,41.36820402388503,clock characteristic time,analytic_fractional,combined,0.6,0.6,1.2,1.0,1.0,0.7899521517762031,1.0.0
F3,42.98662347082272,clock characteristic time,analytic_fractional,combined,0.6,0.6,1.2,1.0,1.0,0.7940922906397665,1.0.0
F3,44.668359215096345,clock characteristic time,analytic_fractional,combined,0.6,0.6,1.2,1.0,1.0,0.7981645333144817,1.0.0
F3,46.41588833612782,clock characteristic time,analytic_fractional,combined,0.6,0.6,1.2,1.0,1.0,0.8021694006860852,1.0.0
F3,48.23178482239309,clock characteristic time,analytic_fractional,combined,0.6,0.6,1.2,1.0,1.0,0.8061074377441838,1.0.0
F3,50.118723362727245,clock characteristic time,analytic_fractional,combined,0.6,0.6,1.2,1.0,1.0,0.8099792120374928,1.0.0
F3,52.07948328595465,clock characteristic time,analytic_fractional,combined,0.6,0.6,1.2,1.0,1.0,0.8137853121726945,1.0.0
F3,54.116952654646376,clock characteristic time,analytic_fractional,combined,0.6,0.6,1.2,1.0,1.0,0.8175263463574862,1.0.0
F3,56.23413251903491,clock characteristic time,analytic_fractional,combined,0.6,0.6,1.2,1.0,1.0,0.8212029409882172,1.0.0
F3,58.434141337351754,clock characteristic time,analytic_fractional,combined,0.6,0.6,1.2,1.0,1.0,0.8248157392823685,1.0.0
F3,60.72021956909884,clock characteristic time,analytic_fractional,combined,0.6,0.6,1.2,1.0,1.0,0.828365399955972,1.0.0
F3,63.0957344480193,clock characteristic time,analytic_fractional,combined,0.6,0.6,1.2,1.0,1.0,0.8318525959459455,1.0.0
F3,65.56418494179785,clock characteristic time,analytic_fractional,combined,0.6,0.6,1.2,1.0,1.0,0.8352780131771933,1.0.0
F3,68.12920690579608,clock characteristic time,analytic_fractional,combined,0.6,0.6,1.2,1.0,1.0,0.8386423493742031,1.0.0
F3,70.79457843841374,clock characteristic time,analytic_fractional,combined,0.6,0.6,1.2,1.0,1.0,0.8419463129167908,1.0.0
F3,73.56422544596406,clock characteristic time,analytic_fractional,combined,0.6,0.6,1.2,1.0,1.0,0.8451906217395277,1.0.0
F3,76.44222742525994,clock characteristic time,analytic_fractional,combined,0.6,0.6,1.2,1.0,1.0,0.8483760022743251,1.0.0
F3,79.43282347242821,clock characteristic time,analytic_fractional,combined,0.6,0.6,1.2,1.0,1.0,0.8515031884355561,1.0.0
F3,82.5404185268019,clock characteristic time,analytic_fractional,combined,0.6,0.6,1.2,1.0,1.0,0.8545729206470567,1.0.0
F3,85.76958985908946,clock characteristic time,analytic_fractional,combined,0.6,0.6,1.2,1.0,1.0,0.8575859449102619,1.0.0
F3,89.12509381337459,clock characteristic time,analytic_fractional,combined,0.6,0.6,1.2,1.0,1.0,0.8605430119126988,1.0.0
F3,92.61187281287937,clock characteristic time,analytic_fractional,combined,0.6,0.6,1.2,1.0,1.0,0.8634448761760124,1.0.0
F3,96.23506263980887,clock characteristic time,analytic_fractional,combined,0.6,0.6,1.2,1.0,1.0,0.8662922952426619,1.0.0
F3,100.0,clock characteristic time,analytic_fractional,combined,0.6,0.6,1.2,1.0,1.0,0.8690860289003844,1.0.0
