measurement_domain,representative_master_path_index,displayed_book_index,operational_step,time_seconds,log_mid_price,five_second_log_mid_increment,software_version
uniform_operational,2,0,0,0.0,0.0,,2.1.0
uniform_operational,2,0,1,0.5,-0.0005206995275803122,,2.1.0
uniform_operational,2,0,2,1.0,-0.0004610471029175972,,2.1.0
uniform_operational,2,0,3,1.5,0.00293125278686334,,2.1.0
uniform_operational,2,0,4,2.0,0.0014743713467386742,,2.1.0
uniform_operational,2,0,5,2.5,0.0022969415798465564,,2.1.0
uniform_operational,2,0,6,3.0,-0.00020095977473141846,,2.1.0
uniform_operational,2,0,7,3.5,-0.0007958923032880122,,2.1.0
uniform_operational,2,0,8,4.0,-0.00048750984827151955,,2.1.0
uniform_operational,2,0,9,4.5,-0.00017830947569708044,,2.1.0
uniform_operational,2,0,10,5.0,0.00029480480044425875,,2.1.0
uniform_operational,2,0,11,5.5,0.0002876995144561417,,2.1.0
uniform_operational,2,0,12,6.0,0.00014925267703753717,,2.1.0
uniform_operational,2,0,13,6.5,-6.22061265408147e-05,,2.1.0
uniform_operational,2,0,14,7.0,-0.000847630487811904,,2.1.0
uniform_operational,2,0,15,7.5,0.0014693170999613271,,2.1.0
uniform_operational,2,0,16,8.0,0.0012522614042685242,,2.1.0
uniform_operational,2,0,17,8.5,-0.0009766805255649463,,2.1.0
uniform_operational,2,0,18,9.0,-0.0014191989225072754,,2.1.0
uniform_operational,2,0,19,9.5,-0.0032021341572732315,,2.1.0
uniform_operational,2,0,20,10.0,-0.002322157945527051,,2.1.0
uniform_operational,2,0,21,10.5,-0.002797722313466519,,2.1.0
uniform_operational,2,0,22,11.0,-0.0004904761099567556,,2.1.0
uniform_operational,2,0,23,11.5,-0.001222392449013912,,2.1.0
uniform_operational,2,0,24,12.0,-0.0008772073376711875,,2.1.0
uniform_operational,2,0,25,12.5,-0.0006940232739693908,,2.1.0
uniform_operational,2,0,26,13.0,-0.0004664115372367411,,2.1.0
uniform_operational,2,0,27,13.5,-0.00027230125587915377,,2.1.0
uniform_operational,2,0,28,14.0,-1.2364758325625336e-05,,2.1.0
uniform_operational,2,0,29,14.5,-6.571602650087827e-05,,2.1.0
uniform_operational,2,0,30,15.0,-0.0003690816031902827,,2.1.0
uniform_operational,2,0,31,15.5,0.000923997262917853,,2.1.0
uniform_operational,2,0,32,16.0,0.0007703488571906857,,2.1.0
uniform_operational,2,0,33,16.5,-0.0011959591710345996,,2.1.0
uniform_operational,2,0,34,17.0,-0.0009841188399391382,,2.1.0
uniform_operational,2,0,35,17.5,-5.980451812050147e-05,,2.1.0
uniform_operational,2,0,36,18.0,-0.00041794432473547805,,2.1.0
uniform_operational,2,0,37,18.5,-0.0006848292117915683,,2.1.0
uniform_operational,2,0,38,19.0,0.0004430670202520952,,2.1.0
uniform_operational,2,0,39,19.5,0.0010397623274948792,,2.1.0
uniform_operational,2,0,40,20.0,0.0009931759124542252,,2.1.0
uniform_operational,2,0,41,20.5,0.001187664959536744,,2.1.0
uniform_operational,2,0,42,21.0,0.001355147266259888,,2.1.0
uniform_operational,2,0,43,21.5,0.003131371715380437,,2.1.0
uniform_operational,2,0,44,22.0,0.004113785662203472,,2.1.0
uniform_operational,2,0,45,22.5,0.00438046702219074,,2.1.0
uniform_operational,2,0,46,23.0,0.0050528119701207,,2.1.0
uniform_operational,2,0,47,23.5,0.0051279134507270265,,2.1.0
uniform_operational,2,0,48,24.0,0.006199820654925077,,2.1.0
uniform_operational,2,0,49,24.5,0.007333844324378263,,2.1.0
uniform_operational,2,0,50,25.0,0.006706763232822817,,2.1.0
uniform_operational,2,0,51,25.5,0.008466662171258474,,2.1.0
uniform_operational,2,0,52,26.0,0.008289621994826073,,2.1.0
uniform_operational,2,0,53,26.5,0.006664876258747301,,2.1.0
uniform_operational,2,0,54,27.0,0.005286065682773628,,2.1.0
uniform_operational,2,0,55,27.5,0.0057969421987898034,,2.1.0
uniform_operational,2,0,56,28.0,0.00732707571278031,,2.1.0
uniform_operational,2,0,57,28.5,0.007669491908348123,,2.1.0
uniform_operational,2,0,58,29.0,0.007056405974268007,,2.1.0
uniform_operational,2,0,59,29.5,0.006124649931637604,,2.1.0
uniform_operational,2,0,60,30.0,0.006094839087224481,,2.1.0
uniform_operational,2,0,61,30.5,0.004085136096200992,,2.1.0
uniform_operational,2,0,62,31.0,0.0052134559582601185,,2.1.0
uniform_operational,2,0,63,31.5,0.005215080522472085,,2.1.0
uniform_operational,2,0,64,32.0,0.003807193543435344,,2.1.0
uniform_operational,2,0,65,32.5,0.004940893925523852,,2.1.0
uniform_operational,2,0,66,33.0,0.004595376817711314,,2.1.0
uniform_operational,2,0,67,33.5,0.004677393881717084,,2.1.0
uniform_operational,2,0,68,34.0,0.005103684781708763,,2.1.0
uniform_operational,2,0,69,34.5,0.005280219334839982,,2.1.0
uniform_operational,2,0,70,35.0,0.004610480086106638,,2.1.0
uniform_operational,2,0,71,35.5,0.004609137650166414,,2.1.0
uniform_operational,2,0,72,36.0,0.004203254155957582,,2.1.0
uniform_operational,2,0,73,36.5,0.004378651065258331,,2.1.0
uniform_operational,2,0,74,37.0,0.007074152648400249,,2.1.0
uniform_operational,2,0,75,37.5,0.0062420213449939305,,2.1.0
uniform_operational,2,0,76,38.0,0.007645314878215791,,2.1.0
uniform_operational,2,0,77,38.5,0.007987026649407841,,2.1.0
uniform_operational,2,0,78,39.0,0.008043314573976263,,2.1.0
uniform_operational,2,0,79,39.5,0.008737561386009823,,2.1.0
uniform_operational,2,0,80,40.0,0.00827730366239885,,2.1.0
uniform_operational,2,0,81,40.5,0.00868965059045664,,2.1.0
uniform_operational,2,0,82,41.0,0.007506758941080864,,2.1.0
uniform_operational,2,0,83,41.5,0.006188318558876556,,2.1.0
uniform_operational,2,0,84,42.0,0.006448486068350977,,2.1.0
uniform_operational,2,0,85,42.5,0.0066145004265098705,,2.1.0
uniform_operational,2,0,86,43.0,0.007004539107638421,,2.1.0
uniform_operational,2,0,87,43.5,0.007257228490679655,,2.1.0
uniform_operational,2,0,88,44.0,0.0073567106965489485,,2.1.0
uniform_operational,2,0,89,44.5,0.007366976799182991,,2.1.0
uniform_operational,2,0,90,45.0,0.0056705951027184445,,2.1.0
uniform_operational,2,0,91,45.5,0.0067831393187093554,,2.1.0
uniform_operational,2,0,92,46.0,0.007157242913046054,,2.1.0
uniform_operational,2,0,93,46.5,0.005857425083124852,,2.1.0
uniform_operational,2,0,94,47.0,0.006104774489640044,,2.1.0
uniform_operational,2,0,95,47.5,0.0037447259352413544,,2.1.0
uniform_operational,2,0,96,48.0,0.002857587836485947,,2.1.0
uniform_operational,2,0,97,48.5,0.0018098321085343889,,2.1.0
uniform_operational,2,0,98,49.0,0.002662598361889502,,2.1.0
uniform_operational,2,0,99,49.5,0.002050842372946915,,2.1.0
uniform_operational,2,0,100,50.0,0.004006277079896565,,2.1.0
uniform_operational,2,0,101,50.5,0.006105419163191002,,2.1.0
uniform_operational,2,0,102,51.0,0.005950302069552687,,2.1.0
uniform_operational,2,0,103,51.5,0.004509248798424416,,2.1.0
uniform_operational,2,0,104,52.0,0.004304923144919349,,2.1.0
uniform_operational,2,0,105,52.5,0.004659563468430928,,2.1.0
uniform_operational,2,0,106,53.0,0.004712619074865678,,2.1.0
uniform_operational,2,0,107,53.5,0.0037364681078637008,,2.1.0
uniform_operational,2,0,108,54.0,0.0022865626382885126,,2.1.0
uniform_operational,2,0,109,54.5,0.004016394392296544,,2.1.0
uniform_operational,2,0,110,55.0,0.004943743168796812,,2.1.0
uniform_operational,2,0,111,55.5,0.004185805093936397,,2.1.0
uniform_operational,2,0,112,56.0,0.004339255641529888,,2.1.0
uniform_operational,2,0,113,56.5,0.002876455596839941,,2.1.0
uniform_operational,2,0,114,57.0,0.0023019431189480726,,2.1.0
uniform_operational,2,0,115,57.5,0.0018720302754484679,,2.1.0
uniform_operational,2,0,116,58.0,0.0006837558202916399,,2.1.0
uniform_operational,2,0,117,58.5,0.0016575727433697093,,2.1.0
uniform_operational,2,0,118,59.0,0.003087304211438536,,2.1.0
uniform_operational,2,0,119,59.5,0.003200369229764547,,2.1.0
uniform_operational,2,0,120,60.0,0.002723553393427901,,2.1.0
uniform_operational,2,0,121,60.5,0.002227125077877085,,2.1.0
uniform_operational,2,0,122,61.0,0.0017721864136030123,,2.1.0
uniform_operational,2,0,123,61.5,0.0019662212564379,,2.1.0
uniform_operational,2,0,124,62.0,0.0017554163005087846,,2.1.0
uniform_operational,2,0,125,62.5,0.0017820299257289493,,2.1.0
uniform_operational,2,0,126,63.0,0.0018091487702101131,,2.1.0
uniform_operational,2,0,127,63.5,0.001298021364005487,,2.1.0
uniform_operational,2,0,128,64.0,0.0011412304617053383,,2.1.0
uniform_operational,2,0,129,64.5,0.000311776123806714,,2.1.0
uniform_operational,2,0,130,65.0,0.0016488931680433804,,2.1.0
uniform_operational,2,0,131,65.5,0.0026394371190313357,,2.1.0
uniform_operational,2,0,132,66.0,0.0039764195480568795,,2.1.0
uniform_operational,2,0,133,66.5,0.003949191736259478,,2.1.0
uniform_operational,2,0,134,67.0,0.0038843193691400035,,2.1.0
uniform_operational,2,0,135,67.5,0.0032386645597547764,,2.1.0
uniform_operational,2,0,136,68.0,0.0022362832517856955,,2.1.0
uniform_operational,2,0,137,68.5,0.002104761915329651,,2.1.0
uniform_operational,2,0,138,69.0,0.0023815576539277144,,2.1.0
uniform_operational,2,0,139,69.5,0.0020698009520134578,,2.1.0
uniform_operational,2,0,140,70.0,0.0018274020193841491,,2.1.0
uniform_operational,2,0,141,70.5,0.0024874408813365468,,2.1.0
uniform_operational,2,0,142,71.0,0.003929018118377842,,2.1.0
uniform_operational,2,0,143,71.5,0.003300836697147299,,2.1.0
uniform_operational,2,0,144,72.0,0.002720942999573336,,2.1.0
uniform_operational,2,0,145,72.5,0.0034119278919480167,,2.1.0
uniform_operational,2,0,146,73.0,0.003933587047104035,,2.1.0
uniform_operational,2,0,147,73.5,0.003533566890407212,,2.1.0
uniform_operational,2,0,148,74.0,0.0006611850042919883,,2.1.0
uniform_operational,2,0,149,74.5,0.0023845199431966426,,2.1.0
uniform_operational,2,0,150,75.0,0.0010780384207950378,,2.1.0
uniform_operational,2,0,151,75.5,0.00033903001124972883,,2.1.0
uniform_operational,2,0,152,76.0,0.0012672358597685042,,2.1.0
uniform_operational,2,0,153,76.5,0.0012252170490992737,,2.1.0
uniform_operational,2,0,154,77.0,0.001577211955041155,,2.1.0
uniform_operational,2,0,155,77.5,0.00018015922342578362,,2.1.0
uniform_operational,2,0,156,78.0,0.0015175936689681233,,2.1.0
uniform_operational,2,0,157,78.5,-4.885744108343304e-05,,2.1.0
uniform_operational,2,0,158,79.0,-0.00013633550451454257,,2.1.0
uniform_operational,2,0,159,79.5,0.00016741690414905606,,2.1.0
uniform_operational,2,0,160,80.0,-0.000787535032093542,,2.1.0
uniform_operational,2,0,161,80.5,-0.00036194620875071304,,2.1.0
uniform_operational,2,0,162,81.0,0.00039654206171490597,,2.1.0
uniform_operational,2,0,163,81.5,0.0004127848285615221,,2.1.0
uniform_operational,2,0,164,82.0,0.00036422851012244957,,2.1.0
uniform_operational,2,0,165,82.5,9.158257790997238e-05,,2.1.0
uniform_operational,2,0,166,83.0,0.0002921797272686835,,2.1.0
uniform_operational,2,0,167,83.5,0.0012263397182139635,,2.1.0
uniform_operational,2,0,168,84.0,0.0032705257231491016,,2.1.0
uniform_operational,2,0,169,84.5,0.0013630153904890126,,2.1.0
uniform_operational,2,0,170,85.0,0.0003343997583156167,,2.1.0
uniform_operational,2,0,171,85.5,-0.00046580603548339317,,2.1.0
uniform_operational,2,0,172,86.0,0.0008517411795365224,,2.1.0
uniform_operational,2,0,173,86.5,0.0016884012598463198,,2.1.0
uniform_operational,2,0,174,87.0,0.0010358220190042824,,2.1.0
uniform_operational,2,0,175,87.5,0.002288037601860196,,2.1.0
uniform_operational,2,0,176,88.0,0.0017617465678509124,,2.1.0
uniform_operational,2,0,177,88.5,0.0026701604059913343,,2.1.0
uniform_operational,2,0,178,89.0,0.0024981105395854865,,2.1.0
uniform_operational,2,0,179,89.5,0.0025112773822750377,,2.1.0
uniform_operational,2,0,180,90.0,0.0033326210150470877,,2.1.0
uniform_operational,2,0,181,90.5,0.004458289688179782,,2.1.0
uniform_operational,2,0,182,91.0,0.0037695626634555485,,2.1.0
uniform_operational,2,0,183,91.5,0.0020722371598885596,,2.1.0
uniform_operational,2,0,184,92.0,0.0026515017580063427,,2.1.0
uniform_operational,2,0,185,92.5,0.002690755079738163,,2.1.0
uniform_operational,2,0,186,93.0,0.004425337827247623,,2.1.0
uniform_operational,2,0,187,93.5,0.0033254428609991245,,2.1.0
uniform_operational,2,0,188,94.0,0.0041037331259291265,,2.1.0
uniform_operational,2,0,189,94.5,0.0021807898650311884,,2.1.0
uniform_operational,2,0,190,95.0,0.0023638965028189066,,2.1.0
uniform_operational,2,0,191,95.5,0.0022478911621385436,,2.1.0
uniform_operational,2,0,192,96.0,0.0024002257839399765,,2.1.0
uniform_operational,2,0,193,96.5,0.0021434728897618653,,2.1.0
uniform_operational,2,0,194,97.0,0.0014024901545494877,,2.1.0
uniform_operational,2,0,195,97.5,0.001737890868962299,,2.1.0
uniform_operational,2,0,196,98.0,0.0010955183599994517,,2.1.0
uniform_operational,2,0,197,98.5,0.000890095393968869,,2.1.0
uniform_operational,2,0,198,99.0,0.0009147356030793623,,2.1.0
uniform_operational,2,0,199,99.5,0.0011600044037111668,,2.1.0
uniform_operational,2,0,200,100.0,-0.001074727262675046,,2.1.0
uniform_operational,2,0,201,100.5,-0.0016741042515219517,,2.1.0
uniform_operational,2,0,202,101.0,-0.002235617022063735,,2.1.0
uniform_operational,2,0,203,101.5,-0.003891675732640973,,2.1.0
uniform_operational,2,0,204,102.0,-0.0021650487885893493,,2.1.0
uniform_operational,2,0,205,102.5,-0.0019290877709939314,,2.1.0
uniform_operational,2,0,206,103.0,-0.0030688900073523734,,2.1.0
uniform_operational,2,0,207,103.5,-0.0015938477405572082,,2.1.0
uniform_operational,2,0,208,104.0,-0.001583610912147676,,2.1.0
uniform_operational,2,0,209,104.5,-0.0012598352377828498,,2.1.0
uniform_operational,2,0,210,105.0,-0.000363419557348435,,2.1.0
uniform_operational,2,0,211,105.5,0.0001291409960593435,,2.1.0
uniform_operational,2,0,212,106.0,0.0027878518853921633,,2.1.0
uniform_operational,2,0,213,106.5,0.0016975310885746792,,2.1.0
uniform_operational,2,0,214,107.0,0.002815781494701808,,2.1.0
uniform_operational,2,0,215,107.5,0.002488712895363369,,2.1.0
uniform_operational,2,0,216,108.0,0.0016019685600624609,,2.1.0
uniform_operational,2,0,217,108.5,0.0021176066182370893,,2.1.0
uniform_operational,2,0,218,109.0,0.002306877938317352,,2.1.0
uniform_operational,2,0,219,109.5,0.0027891884537528545,,2.1.0
uniform_operational,2,0,220,110.0,0.0023506487803940553,,2.1.0
uniform_operational,2,0,221,110.5,0.0015497007348872576,,2.1.0
uniform_operational,2,0,222,111.0,2.4223525445898372e-05,,2.1.0
uniform_operational,2,0,223,111.5,-0.0005319089932500493,,2.1.0
uniform_operational,2,0,224,112.0,0.000306735159106845,,2.1.0
uniform_operational,2,0,225,112.5,0.0002983272213629918,,2.1.0
uniform_operational,2,0,226,113.0,0.00021070055735566748,,2.1.0
uniform_operational,2,0,227,113.5,-0.0003923149555590949,,2.1.0
uniform_operational,2,0,228,114.0,-0.0003299057371647929,,2.1.0
uniform_operational,2,0,229,114.5,-3.469264351231571e-05,,2.1.0
uniform_operational,2,0,230,115.0,-0.000851521847701639,,2.1.0
uniform_operational,2,0,231,115.5,0.0003189580350942175,,2.1.0
uniform_operational,2,0,232,116.0,0.0008017680275339644,,2.1.0
uniform_operational,2,0,233,116.5,0.0021723701325610644,,2.1.0
uniform_operational,2,0,234,117.0,0.002521778117153219,,2.1.0
uniform_operational,2,0,235,117.5,0.0009250921807421243,,2.1.0
uniform_operational,2,0,236,118.0,0.0017222592558302496,,2.1.0
uniform_operational,2,0,237,118.5,0.0011769866978611127,,2.1.0
uniform_operational,2,0,238,119.0,0.0011138401098537793,,2.1.0
uniform_operational,2,0,239,119.5,0.0011757012135413687,,2.1.0
uniform_operational,2,0,240,120.0,0.001230589614693258,,2.1.0
uniform_operational,2,0,241,120.5,0.001557764273185477,,2.1.0
uniform_operational,2,0,242,121.0,0.0010919958006112911,,2.1.0
uniform_operational,2,0,243,121.5,0.0024155830372071196,,2.1.0
uniform_operational,2,0,244,122.0,0.0021706615550193178,,2.1.0
uniform_operational,2,0,245,122.5,0.0010272255002715344,,2.1.0
uniform_operational,2,0,246,123.0,2.9040143693888793e-07,,2.1.0
uniform_operational,2,0,247,123.5,-0.0019563121812056355,,2.1.0
uniform_operational,2,0,248,124.0,0.00013815838907345145,,2.1.0
uniform_operational,2,0,249,124.5,0.001207179380291306,,2.1.0
uniform_operational,2,0,250,125.0,0.0014496090685748194,,2.1.0
uniform_operational,2,0,251,125.5,0.003952762176499148,,2.1.0
uniform_operational,2,0,252,126.0,0.0038257084073140576,,2.1.0
uniform_operational,2,0,253,126.5,0.004710699731711416,,2.1.0
uniform_operational,2,0,254,127.0,0.00482544058024993,,2.1.0
uniform_operational,2,0,255,127.5,0.0038488144199083783,,2.1.0
uniform_operational,2,0,256,128.0,0.0038375157850945316,,2.1.0
uniform_operational,2,0,257,128.5,0.002920847898418232,,2.1.0
uniform_operational,2,0,258,129.0,0.002679338229811711,,2.1.0
uniform_operational,2,0,259,129.5,0.0014795863189830981,,2.1.0
uniform_operational,2,0,260,130.0,-0.0006738493299381643,,2.1.0
uniform_operational,2,0,261,130.5,-0.0004685789314408939,,2.1.0
uniform_operational,2,0,262,131.0,-0.0002847654316815995,,2.1.0
uniform_operational,2,0,263,131.5,-0.001882991467404102,,2.1.0
uniform_operational,2,0,264,132.0,-0.0031023908685057777,,2.1.0
uniform_operational,2,0,265,132.5,-0.003750047355360983,,2.1.0
uniform_operational,2,0,266,133.0,-0.004803969667219132,,2.1.0
uniform_operational,2,0,267,133.5,-0.005326086359521323,,2.1.0
uniform_operational,2,0,268,134.0,-0.005668611977633339,,2.1.0
uniform_operational,2,0,269,134.5,-0.005786204179543453,,2.1.0
uniform_operational,2,0,270,135.0,-0.0062237831524468296,,2.1.0
uniform_operational,2,0,271,135.5,-0.00556705116179225,,2.1.0
uniform_operational,2,0,272,136.0,-0.005694481973720564,,2.1.0
uniform_operational,2,0,273,136.5,-0.007113510706826767,,2.1.0
uniform_operational,2,0,274,137.0,-0.00595993102722947,,2.1.0
uniform_operational,2,0,275,137.5,-0.005413847500915614,,2.1.0
uniform_operational,2,0,276,138.0,-0.006052360695377526,,2.1.0
uniform_operational,2,0,277,138.5,-0.005647634010086847,,2.1.0
uniform_operational,2,0,278,139.0,-0.00612452846728484,,2.1.0
uniform_operational,2,0,279,139.5,-0.005392374809008796,,2.1.0
uniform_operational,2,0,280,140.0,-0.005973527766802156,,2.1.0
uniform_operational,2,0,281,140.5,-0.0071735834542246,,2.1.0
uniform_operational,2,0,282,141.0,-0.00821802801945025,,2.1.0
uniform_operational,2,0,283,141.5,-0.0073407427402457925,,2.1.0
uniform_operational,2,0,284,142.0,-0.006697736103781715,,2.1.0
uniform_operational,2,0,285,142.5,-0.006436896553868865,,2.1.0
uniform_operational,2,0,286,143.0,-0.0045001707091440885,,2.1.0
uniform_operational,2,0,287,143.5,-0.0054327248067082695,,2.1.0
uniform_operational,2,0,288,144.0,-0.004407915716936411,,2.1.0
uniform_operational,2,0,289,144.5,-0.004408454054899882,,2.1.0
uniform_operational,2,0,290,145.0,-0.003976141637366232,,2.1.0
uniform_operational,2,0,291,145.5,-0.00371146438864281,,2.1.0
uniform_operational,2,0,292,146.0,-0.004200064369207154,,2.1.0
uniform_operational,2,0,293,146.5,-0.004838229727047422,,2.1.0
uniform_operational,2,0,294,147.0,-0.005887762226578483,,2.1.0
uniform_operational,2,0,295,147.5,-0.005747752710927409,,2.1.0
uniform_operational,2,0,296,148.0,-0.006196352797961074,,2.1.0
uniform_operational,2,0,297,148.5,-0.007622447639088259,,2.1.0
uniform_operational,2,0,298,149.0,-0.008510847870692548,,2.1.0
uniform_operational,2,0,299,149.5,-0.009965537803359723,,2.1.0
uniform_operational,2,0,300,150.0,-0.00877798530860767,,2.1.0
uniform_operational,2,0,301,150.5,-0.008373970169193667,,2.1.0
uniform_operational,2,0,302,151.0,-0.009254594858961185,,2.1.0
uniform_operational,2,0,303,151.5,-0.007557518467630364,,2.1.0
uniform_operational,2,0,304,152.0,-0.00763512672677974,,2.1.0
uniform_operational,2,0,305,152.5,-0.006507036246166137,,2.1.0
uniform_operational,2,0,306,153.0,-0.007289498774485079,,2.1.0
uniform_operational,2,0,307,153.5,-0.0070742494370950315,,2.1.0
uniform_operational,2,0,308,154.0,-0.006400062570489015,,2.1.0
uniform_operational,2,0,309,154.5,-0.005878329877554142,,2.1.0
uniform_operational,2,0,310,155.0,-0.006826708315010213,,2.1.0
uniform_operational,2,0,311,155.5,-0.007136935106216449,0.001237035062977218,2.1.0
uniform_operational,2,0,312,156.0,-0.006196966381543614,,2.1.0
uniform_operational,2,0,313,156.5,-0.007877211785568064,,2.1.0
uniform_operational,2,0,314,157.0,-0.008264258926268489,,2.1.0
uniform_operational,2,0,315,157.5,-0.007727414824346232,,2.1.0
uniform_operational,2,0,316,158.0,-0.008673013894386891,,2.1.0
uniform_operational,2,0,317,158.5,-0.009458891586314772,,2.1.0
uniform_operational,2,0,318,159.0,-0.011129547400522563,,2.1.0
uniform_operational,2,0,319,159.5,-0.009673366938848627,,2.1.0
uniform_operational,2,0,320,160.0,-0.011561863459620902,,2.1.0
uniform_operational,2,0,321,160.5,-0.010303343764182876,-0.003166408657966427,2.1.0
uniform_operational,2,0,322,161.0,-0.010537253886634873,,2.1.0
uniform_operational,2,0,323,161.5,-0.010854589437855444,,2.1.0
uniform_operational,2,0,324,162.0,-0.01126507272835392,,2.1.0
uniform_operational,2,0,325,162.5,-0.012479755067368897,,2.1.0
uniform_operational,2,0,326,163.0,-0.012531144196620936,,2.1.0
uniform_operational,2,0,327,163.5,-0.011562322602058153,,2.1.0
uniform_operational,2,0,328,164.0,-0.012650544940720099,,2.1.0
uniform_operational,2,0,329,164.5,-0.012686326128168252,,2.1.0
uniform_operational,2,0,330,165.0,-0.013377695570365514,,2.1.0
uniform_operational,2,0,331,165.5,-0.013034414872229144,-0.002731071108046268,2.1.0
uniform_operational,2,0,332,166.0,-0.01196198891026054,,2.1.0
uniform_operational,2,0,333,166.5,-0.010252967491260076,,2.1.0
uniform_operational,2,0,334,167.0,-0.01056243798785092,,2.1.0
uniform_operational,2,0,335,167.5,-0.01212252905317937,,2.1.0
uniform_operational,2,0,336,168.0,-0.010989576918644703,,2.1.0
uniform_operational,2,0,337,168.5,-0.0103638398245849,,2.1.0
uniform_operational,2,0,338,169.0,-0.011286062935712354,,2.1.0
uniform_operational,2,0,339,169.5,-0.012314129906450338,,2.1.0
uniform_operational,2,0,340,170.0,-0.013161444334303399,,2.1.0
uniform_operational,2,0,341,170.5,-0.014195133655843156,-0.001160718783614012,2.1.0
uniform_operational,2,0,342,171.0,-0.013036989575622895,,2.1.0
uniform_operational,2,0,343,171.5,-0.01351885338953232,,2.1.0
uniform_operational,2,0,344,172.0,-0.011271966439973663,,2.1.0
uniform_operational,2,0,345,172.5,-0.010466299020515948,,2.1.0
uniform_operational,2,0,346,173.0,-0.010286733601463913,,2.1.0
uniform_operational,2,0,347,173.5,-0.009415406036872714,,2.1.0
uniform_operational,2,0,348,174.0,-0.007874339460451824,,2.1.0
uniform_operational,2,0,349,174.5,-0.008461331953530452,,2.1.0
uniform_operational,2,0,350,175.0,-0.007507990608017295,,2.1.0
uniform_operational,2,0,351,175.5,-0.0059121995816223405,0.008282934074220816,2.1.0
uniform_operational,2,0,352,176.0,-0.0062358665642450045,,2.1.0
uniform_operational,2,0,353,176.5,-0.006952481909373934,,2.1.0
uniform_operational,2,0,354,177.0,-0.005928205111571286,,2.1.0
uniform_operational,2,0,355,177.5,-0.005870105452428984,,2.1.0
uniform_operational,2,0,356,178.0,-0.005220207608981842,,2.1.0
uniform_operational,2,0,357,178.5,-0.006588673784443111,,2.1.0
uniform_operational,2,0,358,179.0,-0.005931358427734762,,2.1.0
uniform_operational,2,0,359,179.5,-0.0076531392058460795,,2.1.0
uniform_operational,2,0,360,180.0,-0.007561871091242525,,2.1.0
uniform_operational,2,0,361,180.5,-0.006420043650000248,-0.0005078440683779079,2.1.0
uniform_operational,2,0,362,181.0,-0.008316719532352274,,2.1.0
uniform_operational,2,0,363,181.5,-0.008844846430751799,,2.1.0
uniform_operational,2,0,364,182.0,-0.010013868120377106,,2.1.0
uniform_operational,2,0,365,182.5,-0.010021605031935013,,2.1.0
uniform_operational,2,0,366,183.0,-0.00917577027132617,,2.1.0
uniform_operational,2,0,367,183.5,-0.009109437860386649,,2.1.0
uniform_operational,2,0,368,184.0,-0.009921007651872565,,2.1.0
uniform_operational,2,0,369,184.5,-0.010753244439197188,,2.1.0
uniform_operational,2,0,370,185.0,-0.010077910798180711,,2.1.0
uniform_operational,2,0,371,185.5,-0.00932495724897861,-0.002904913598978362,2.1.0
uniform_operational,2,0,372,186.0,-0.009168715182048065,,2.1.0
uniform_operational,2,0,373,186.5,-0.009726972130144257,,2.1.0
uniform_operational,2,0,374,187.0,-0.00872488525243384,,2.1.0
uniform_operational,2,0,375,187.5,-0.01100022667660272,,2.1.0
uniform_operational,2,0,376,188.0,-0.01153858890736574,,2.1.0
uniform_operational,2,0,377,188.5,-0.011278140848047138,,2.1.0
uniform_operational,2,0,378,189.0,-0.011474473695855941,,2.1.0
uniform_operational,2,0,379,189.5,-0.012363284372216454,,2.1.0
uniform_operational,2,0,380,190.0,-0.012370185864622435,,2.1.0
uniform_operational,2,0,381,190.5,-0.01298976096802161,-0.003664803719043,2.1.0
uniform_operational,2,0,382,191.0,-0.012643835814641832,,2.1.0
uniform_operational,2,0,383,191.5,-0.011767947883255359,,2.1.0
uniform_operational,2,0,384,192.0,-0.011585372963379623,,2.1.0
uniform_operational,2,0,385,192.5,-0.011930241193787966,,2.1.0
uniform_operational,2,0,386,193.0,-0.012931201404025205,,2.1.0
uniform_operational,2,0,387,193.5,-0.012789632724224953,,2.1.0
uniform_operational,2,0,388,194.0,-0.01277291465374683,,2.1.0
uniform_operational,2,0,389,194.5,-0.015074741677399972,,2.1.0
uniform_operational,2,0,390,195.0,-0.015728750186669457,,2.1.0
uniform_operational,2,0,391,195.5,-0.01658429170270273,-0.00359453073468112,2.1.0
uniform_operational,2,0,392,196.0,-0.015369486267685431,,2.1.0
uniform_operational,2,0,393,196.5,-0.015233046026957353,,2.1.0
uniform_operational,2,0,394,197.0,-0.013816747123271772,,2.1.0
uniform_operational,2,0,395,197.5,-0.013347406505346535,,2.1.0
uniform_operational,2,0,396,198.0,-0.013385712264179728,,2.1.0
uniform_operational,2,0,397,198.5,-0.01435232990118887,,2.1.0
uniform_operational,2,0,398,199.0,-0.011675810655084315,,2.1.0
uniform_operational,2,0,399,199.5,-0.01247577596253649,,2.1.0
uniform_operational,2,0,400,200.0,-0.011492726422771757,,2.1.0
uniform_operational,2,0,401,200.5,-0.009368111378926569,0.007216180323776161,2.1.0
uniform_operational,2,0,402,201.0,-0.010825366605919706,,2.1.0
uniform_operational,2,0,403,201.5,-0.008532830978383601,,2.1.0
uniform_operational,2,0,404,202.0,-0.0080097329637073,,2.1.0
uniform_operational,2,0,405,202.5,-0.006893237773181418,,2.1.0
uniform_operational,2,0,406,203.0,-0.008317943618399354,,2.1.0
uniform_operational,2,0,407,203.5,-0.008053675500863666,,2.1.0
uniform_operational,2,0,408,204.0,-0.009279953055940385,,2.1.0
uniform_operational,2,0,409,204.5,-0.008642371152062636,,2.1.0
uniform_operational,2,0,410,205.0,-0.009188563924496657,,2.1.0
uniform_operational,2,0,411,205.5,-0.00816749882776184,0.0012006125511647286,2.1.0
uniform_operational,2,0,412,206.0,-0.007573816556626367,,2.1.0
uniform_operational,2,0,413,206.5,-0.00767810952637224,,2.1.0
uniform_operational,2,0,414,207.0,-0.0061068027077096215,,2.1.0
uniform_operational,2,0,415,207.5,-0.003862622558378076,,2.1.0
uniform_operational,2,0,416,208.0,-0.003127816671586209,,2.1.0
uniform_operational,2,0,417,208.5,-0.002940946593849636,,2.1.0
uniform_operational,2,0,418,209.0,-0.0020093715154771014,,2.1.0
uniform_operational,2,0,419,209.5,-0.002541540032263076,,2.1.0
uniform_operational,2,0,420,210.0,-0.0009262985744953184,,2.1.0
uniform_operational,2,0,421,210.5,0.00015259906225211726,0.008320097890013957,2.1.0
uniform_operational,2,0,422,211.0,0.001492652050512528,,2.1.0
uniform_operational,2,0,423,211.5,0.0006839243969355634,,2.1.0
uniform_operational,2,0,424,212.0,0.000598022116673434,,2.1.0
uniform_operational,2,0,425,212.5,0.0006786269104551397,,2.1.0
uniform_operational,2,0,426,213.0,0.00026045059732367627,,2.1.0
uniform_operational,2,0,427,213.5,-0.00031796528779469424,,2.1.0
uniform_operational,2,0,428,214.0,-0.0006072991756492924,,2.1.0
uniform_operational,2,0,429,214.5,4.0785267371144955e-05,,2.1.0
uniform_operational,2,0,430,215.0,-0.0019060108231890582,,2.1.0
uniform_operational,2,0,431,215.5,-0.0030889587982221994,-0.0032415578604743167,2.1.0
uniform_operational,2,0,432,216.0,-0.002356188266797482,,2.1.0
uniform_operational,2,0,433,216.5,-0.002237223884246742,,2.1.0
uniform_operational,2,0,434,217.0,-0.0007716211033872988,,2.1.0
uniform_operational,2,0,435,217.5,-0.0019111973006638305,,2.1.0
uniform_operational,2,0,436,218.0,-0.0013504990550042284,,2.1.0
uniform_operational,2,0,437,218.5,-0.002672778076808463,,2.1.0
uniform_operational,2,0,438,219.0,-0.002716202093132905,,2.1.0
uniform_operational,2,0,439,219.5,-0.003656206993293415,,2.1.0
uniform_operational,2,0,440,220.0,-0.0040751991696605094,,2.1.0
uniform_operational,2,0,441,220.5,-0.0030472833082585,4.167548996369952e-05,2.1.0
uniform_operational,2,0,442,221.0,-0.0038861320418313444,,2.1.0
uniform_operational,2,0,443,221.5,-0.0027077142535450738,,2.1.0
uniform_operational,2,0,444,222.0,-0.003069342898854424,,2.1.0
uniform_operational,2,0,445,222.5,-0.002504043944454734,,2.1.0
uniform_operational,2,0,446,223.0,-0.002461848804230851,,2.1.0
uniform_operational,2,0,447,223.5,-0.0016528321973483945,,2.1.0
uniform_operational,2,0,448,224.0,-0.0010667637224051896,,2.1.0
uniform_operational,2,0,449,224.5,-0.0015415380433792675,,2.1.0
uniform_operational,2,0,450,225.0,-0.0026557736076073674,,2.1.0
uniform_operational,2,0,451,225.5,-0.002125817838065522,0.0009214654701929781,2.1.0
uniform_operational,2,0,452,226.0,0.00016652602695424167,,2.1.0
uniform_operational,2,0,453,226.5,0.0017365980802983895,,2.1.0
uniform_operational,2,0,454,227.0,0.0023656778005038273,,2.1.0
uniform_operational,2,0,455,227.5,0.002941759876038395,,2.1.0
uniform_operational,2,0,456,228.0,0.003011611402350173,,2.1.0
uniform_operational,2,0,457,228.5,0.002814904342675969,,2.1.0
uniform_operational,2,0,458,229.0,0.0013980943368470703,,2.1.0
uniform_operational,2,0,459,229.5,0.0006439781562216126,,2.1.0
uniform_operational,2,0,460,230.0,0.0009788027023689724,,2.1.0
uniform_operational,2,0,461,230.5,0.0012512337964550905,0.003377051634520612,2.1.0
uniform_operational,2,0,462,231.0,0.0019399920784886214,,2.1.0
uniform_operational,2,0,463,231.5,0.002862587572093955,,2.1.0
uniform_operational,2,0,464,232.0,0.003751538185752365,,2.1.0
uniform_operational,2,0,465,232.5,0.003804747939280596,,2.1.0
uniform_operational,2,0,466,233.0,0.004565488962962988,,2.1.0
uniform_operational,2,0,467,233.5,0.006088073713085423,,2.1.0
uniform_operational,2,0,468,234.0,0.007520290236398356,,2.1.0
uniform_operational,2,0,469,234.5,0.006925046105449912,,2.1.0
uniform_operational,2,0,470,235.0,0.007066439835534203,,2.1.0
uniform_operational,2,0,471,235.5,0.006420975990427438,0.0051697421939723475,2.1.0
uniform_operational,2,0,472,236.0,0.0045276701466057554,,2.1.0
uniform_operational,2,0,473,236.5,0.0033766616975358654,,2.1.0
uniform_operational,2,0,474,237.0,0.0024752132004453495,,2.1.0
uniform_operational,2,0,475,237.5,0.0030119604423727835,,2.1.0
uniform_operational,2,0,476,238.0,0.0035062405436957333,,2.1.0
uniform_operational,2,0,477,238.5,0.00427350558556961,,2.1.0
uniform_operational,2,0,478,239.0,0.003228974801109945,,2.1.0
uniform_operational,2,0,479,239.5,0.0037554095260830156,,2.1.0
uniform_operational,2,0,480,240.0,0.00479071686073883,,2.1.0
uniform_operational,2,0,481,240.5,0.004872448569944243,-0.0015485274204831943,2.1.0
uniform_operational,2,0,482,241.0,0.006069926375116644,,2.1.0
uniform_operational,2,0,483,241.5,0.0069275548351580086,,2.1.0
uniform_operational,2,0,484,242.0,0.008571127805251507,,2.1.0
uniform_operational,2,0,485,242.5,0.008018652713089788,,2.1.0
uniform_operational,2,0,486,243.0,0.008133287721546319,,2.1.0
uniform_operational,2,0,487,243.5,0.005935068085062928,,2.1.0
uniform_operational,2,0,488,244.0,0.005934513023764028,,2.1.0
uniform_operational,2,0,489,244.5,0.005593211688604987,,2.1.0
uniform_operational,2,0,490,245.0,0.006404916210571084,,2.1.0
uniform_operational,2,0,491,245.5,0.0072778335973701005,0.002405385027425857,2.1.0
uniform_operational,2,0,492,246.0,0.008751988252927704,,2.1.0
uniform_operational,2,0,493,246.5,0.008641028511192804,,2.1.0
uniform_operational,2,0,494,247.0,0.008812398878086295,,2.1.0
uniform_operational,2,0,495,247.5,0.009352869181824446,,2.1.0
uniform_operational,2,0,496,248.0,0.01050076750975954,,2.1.0
uniform_operational,2,0,497,248.5,0.01055289931673661,,2.1.0
uniform_operational,2,0,498,249.0,0.007999286738227277,,2.1.0
uniform_operational,2,0,499,249.5,0.00959790585734935,,2.1.0
uniform_operational,2,0,500,250.0,0.008851171427303073,,2.1.0
uniform_operational,2,0,501,250.5,0.0078058471411734985,0.0005280135438033981,2.1.0
uniform_operational,2,0,502,251.0,0.008943483377760797,,2.1.0
uniform_operational,2,0,503,251.5,0.009493978194040782,,2.1.0
uniform_operational,2,0,504,252.0,0.009160825981226965,,2.1.0
uniform_operational,2,0,505,252.5,0.009653985652245732,,2.1.0
uniform_operational,2,0,506,253.0,0.00867246473813759,,2.1.0
uniform_operational,2,0,507,253.5,0.008781710874904656,,2.1.0
uniform_operational,2,0,508,254.0,0.011336014493965346,,2.1.0
uniform_operational,2,0,509,254.5,0.01028630795046325,,2.1.0
uniform_operational,2,0,510,255.0,0.012696244451469819,,2.1.0
uniform_operational,2,0,511,255.5,0.013166876530524282,0.005361029389350783,2.1.0
uniform_operational,2,0,512,256.0,0.013727542258318707,,2.1.0
uniform_operational,2,0,513,256.5,0.01300388073478041,,2.1.0
uniform_operational,2,0,514,257.0,0.010150089642336175,,2.1.0
uniform_operational,2,0,515,257.5,0.011387248138992697,,2.1.0
uniform_operational,2,0,516,258.0,0.011631999185919988,,2.1.0
uniform_operational,2,0,517,258.5,0.011399165547784616,,2.1.0
uniform_operational,2,0,518,259.0,0.009982552940654659,,2.1.0
uniform_operational,2,0,519,259.5,0.010199125767120414,,2.1.0
uniform_operational,2,0,520,260.0,0.01069093511546486,,2.1.0
uniform_operational,2,0,521,260.5,0.01147357109351308,-0.0016933054370112024,2.1.0
uniform_operational,2,0,522,261.0,0.00958009191662432,,2.1.0
uniform_operational,2,0,523,261.5,0.010228556024184517,,2.1.0
uniform_operational,2,0,524,262.0,0.00951429327988635,,2.1.0
uniform_operational,2,0,525,262.5,0.008148526391241329,,2.1.0
uniform_operational,2,0,526,263.0,0.008277995491372632,,2.1.0
uniform_operational,2,0,527,263.5,0.009315162592979405,,2.1.0
uniform_operational,2,0,528,264.0,0.00967154782904415,,2.1.0
uniform_operational,2,0,529,264.5,0.009316720436556502,,2.1.0
uniform_operational,2,0,530,265.0,0.00878083036523827,,2.1.0
uniform_operational,2,0,531,265.5,0.007829137630485985,-0.003644433463027095,2.1.0
uniform_operational,2,0,532,266.0,0.00708714696822822,,2.1.0
uniform_operational,2,0,533,266.5,0.00737233703884829,,2.1.0
uniform_operational,2,0,534,267.0,0.008081962307807382,,2.1.0
uniform_operational,2,0,535,267.5,0.007331330204973882,,2.1.0
uniform_operational,2,0,536,268.0,0.007940437319937516,,2.1.0
uniform_operational,2,0,537,268.5,0.005311823859559116,,2.1.0
uniform_operational,2,0,538,269.0,0.0034411519516721785,,2.1.0
uniform_operational,2,0,539,269.5,0.0029378729943384994,,2.1.0
uniform_operational,2,0,540,270.0,0.003569175137924238,,2.1.0
uniform_operational,2,0,541,270.5,0.003920399794203061,-0.003908737836282924,2.1.0
uniform_operational,2,0,542,271.0,0.006019317165157755,,2.1.0
uniform_operational,2,0,543,271.5,0.007330741999380158,,2.1.0
uniform_operational,2,0,544,272.0,0.008788507065246354,,2.1.0
uniform_operational,2,0,545,272.5,0.007655960724893579,,2.1.0
uniform_operational,2,0,546,273.0,0.005687168261799392,,2.1.0
uniform_operational,2,0,547,273.5,0.005595541435017358,,2.1.0
uniform_operational,2,0,548,274.0,0.005275750433752242,,2.1.0
uniform_operational,2,0,549,274.5,0.004792219683927488,,2.1.0
uniform_operational,2,0,550,275.0,0.003479468795334542,,2.1.0
uniform_operational,2,0,551,275.5,0.0035472046555097636,-0.0003731951386932971,2.1.0
uniform_operational,2,0,552,276.0,0.003647792413417675,,2.1.0
uniform_operational,2,0,553,276.5,0.0025610655156149253,,2.1.0
uniform_operational,2,0,554,277.0,0.003980459913158426,,2.1.0
uniform_operational,2,0,555,277.5,0.002193566352521897,,2.1.0
uniform_operational,2,0,556,278.0,0.0015464575053937963,,2.1.0
uniform_operational,2,0,557,278.5,0.0040783292741645,,2.1.0
uniform_operational,2,0,558,279.0,0.0039983873300159295,,2.1.0
uniform_operational,2,0,559,279.5,0.0037470259788711336,,2.1.0
uniform_operational,2,0,560,280.0,0.0034087680466800925,,2.1.0
uniform_operational,2,0,561,280.5,0.003749052331364367,0.0002018476758546034,2.1.0
uniform_operational,2,0,562,281.0,0.0033488817031190146,,2.1.0
uniform_operational,2,0,563,281.5,0.0029240474744790705,,2.1.0
uniform_operational,2,0,564,282.0,0.0034912702133485366,,2.1.0
uniform_operational,2,0,565,282.5,0.0037388209285392935,,2.1.0
uniform_operational,2,0,566,283.0,0.005384152403015747,,2.1.0
uniform_operational,2,0,567,283.5,0.005567335658685526,,2.1.0
uniform_operational,2,0,568,284.0,0.006222364154407083,,2.1.0
uniform_operational,2,0,569,284.5,0.007292595283771568,,2.1.0
uniform_operational,2,0,570,285.0,0.008103723708279137,,2.1.0
uniform_operational,2,0,571,285.5,0.007508519343132884,0.003759467011768517,2.1.0
uniform_operational,2,0,572,286.0,0.006755998732660207,,2.1.0
uniform_operational,2,0,573,286.5,0.006811673159457754,,2.1.0
uniform_operational,2,0,574,287.0,0.008202519459813073,,2.1.0
uniform_operational,2,0,575,287.5,0.007213586870518465,,2.1.0
uniform_operational,2,0,576,288.0,0.006638215963450415,,2.1.0
uniform_operational,2,0,577,288.5,0.006540817349829924,,2.1.0
uniform_operational,2,0,578,289.0,0.0071666543122949535,,2.1.0
uniform_operational,2,0,579,289.5,0.008001978224866797,,2.1.0
uniform_operational,2,0,580,290.0,0.007474473516251232,,2.1.0
uniform_operational,2,0,581,290.5,0.007258984967619255,-0.0002495343755136289,2.1.0
uniform_operational,2,0,582,291.0,0.00725546641215335,,2.1.0
uniform_operational,2,0,583,291.5,0.008799024320829602,,2.1.0
uniform_operational,2,0,584,292.0,0.010166107402174546,,2.1.0
uniform_operational,2,0,585,292.5,0.010965163109679554,,2.1.0
uniform_operational,2,0,586,293.0,0.011325427148930305,,2.1.0
uniform_operational,2,0,587,293.5,0.012072773017696171,,2.1.0
uniform_operational,2,0,588,294.0,0.01039445061961583,,2.1.0
uniform_operational,2,0,589,294.5,0.010982992545210167,,2.1.0
uniform_operational,2,0,590,295.0,0.011083256057805264,,2.1.0
uniform_operational,2,0,591,295.5,0.009499929254623297,0.002240944287004042,2.1.0
uniform_operational,2,0,592,296.0,0.009603323728222585,,2.1.0
uniform_operational,2,0,593,296.5,0.009186594978752245,,2.1.0
uniform_operational,2,0,594,297.0,0.0062768929567918845,,2.1.0
uniform_operational,2,0,595,297.5,0.007204521190364404,,2.1.0
uniform_operational,2,0,596,298.0,0.0050330431083337,,2.1.0
uniform_operational,2,0,597,298.5,0.002848008529744564,,2.1.0
uniform_operational,2,0,598,299.0,0.0032465024442795095,,2.1.0
uniform_operational,2,0,599,299.5,0.004789467147670925,,2.1.0
uniform_operational,2,0,600,300.0,0.003695136736448194,,2.1.0
uniform_operational,2,0,601,300.5,0.004350454201946286,-0.005149475052677011,2.1.0
uniform_operational,2,0,602,301.0,0.0037415315012156915,,2.1.0
uniform_operational,2,0,603,301.5,0.003635432122738293,,2.1.0
uniform_operational,2,0,604,302.0,0.0033198478561488774,,2.1.0
uniform_operational,2,0,605,302.5,0.0035653012511647876,,2.1.0
uniform_operational,2,0,606,303.0,0.005483193769859174,,2.1.0
uniform_operational,2,0,607,303.5,0.004375365743461567,,2.1.0
uniform_operational,2,0,608,304.0,0.00552721951284534,,2.1.0
uniform_operational,2,0,609,304.5,0.0049934062658384916,,2.1.0
uniform_operational,2,0,610,305.0,0.003606906105067139,,2.1.0
uniform_operational,2,0,611,305.5,0.002947367609776036,-0.0014030865921702503,2.1.0
uniform_operational,2,0,612,306.0,0.0022127201471943453,,2.1.0
uniform_operational,2,0,613,306.5,0.0034063399372092082,,2.1.0
uniform_operational,2,0,614,307.0,0.0025056655579005866,,2.1.0
uniform_operational,2,0,615,307.5,0.002163339468691491,,2.1.0
uniform_operational,2,0,616,308.0,0.0030365847977906224,,2.1.0
uniform_operational,2,0,617,308.5,0.001923804055201478,,2.1.0
uniform_operational,2,0,618,309.0,0.002931263986244531,,2.1.0
uniform_operational,2,0,619,309.5,0.002842531229725865,,2.1.0
uniform_operational,2,0,620,310.0,0.004098388952727895,,2.1.0
uniform_operational,2,0,621,310.5,0.0025732843806004217,-0.00037408322917561413,2.1.0
uniform_operational,2,0,622,311.0,0.0024971848150790745,,2.1.0
uniform_operational,2,0,623,311.5,0.0018378999238813664,,2.1.0
uniform_operational,2,0,624,312.0,0.0020843578721175086,,2.1.0
uniform_operational,2,0,625,312.5,0.0013718065772565572,,2.1.0
uniform_operational,2,0,626,313.0,0.00047037374980088545,,2.1.0
uniform_operational,2,0,627,313.5,0.0006773669091482208,,2.1.0
uniform_operational,2,0,628,314.0,-0.0009312977607436185,,2.1.0
uniform_operational,2,0,629,314.5,-0.00045359801096732377,,2.1.0
uniform_operational,2,0,630,315.0,-0.00011285112145975607,,2.1.0
uniform_operational,2,0,631,315.5,-0.0003254495901730131,-0.002898733970773435,2.1.0
uniform_operational,2,0,632,316.0,0.0008210157382333883,,2.1.0
uniform_operational,2,0,633,316.5,0.001640025526298809,,2.1.0
uniform_operational,2,0,634,317.0,0.0027585061296002173,,2.1.0
uniform_operational,2,0,635,317.5,0.003027047595687895,,2.1.0
uniform_operational,2,0,636,318.0,0.002502085738541327,,2.1.0
uniform_operational,2,0,637,318.5,0.0033168047229092668,,2.1.0
uniform_operational,2,0,638,319.0,0.0032277166943812164,,2.1.0
uniform_operational,2,0,639,319.5,0.00424362666207945,,2.1.0
uniform_operational,2,0,640,320.0,0.005772258972463007,,2.1.0
uniform_operational,2,0,641,320.5,0.005712470622842754,0.006037920213015767,2.1.0
uniform_operational,2,0,642,321.0,0.004372560654428645,,2.1.0
uniform_operational,2,0,643,321.5,0.005502753953928242,,2.1.0
uniform_operational,2,0,644,322.0,0.0058689419206389044,,2.1.0
uniform_operational,2,0,645,322.5,0.005321105363198724,,2.1.0
uniform_operational,2,0,646,323.0,0.0065296018989328426,,2.1.0
uniform_operational,2,0,647,323.5,0.006432475513849946,,2.1.0
uniform_operational,2,0,648,324.0,0.0059050234422555825,,2.1.0
uniform_operational,2,0,649,324.5,0.006114094111684287,,2.1.0
uniform_operational,2,0,650,325.0,0.006371220812263251,,2.1.0
uniform_operational,2,0,651,325.5,0.0056883889588467546,-2.408166399599926e-05,2.1.0
uniform_operational,2,0,652,326.0,0.005190784089833746,,2.1.0
uniform_operational,2,0,653,326.5,0.005587052069840055,,2.1.0
uniform_operational,2,0,654,327.0,0.0046742744233275605,,2.1.0
uniform_operational,2,0,655,327.5,0.003240682934473377,,2.1.0
uniform_operational,2,0,656,328.0,0.0038908284625898465,,2.1.0
uniform_operational,2,0,657,328.5,0.003198374781552715,,2.1.0
uniform_operational,2,0,658,329.0,0.0051513665702187265,,2.1.0
uniform_operational,2,0,659,329.5,0.0056085177137324025,,2.1.0
uniform_operational,2,0,660,330.0,0.005726884456803929,,2.1.0
uniform_operational,2,0,661,330.5,0.005192069356702512,-0.0004963196021442427,2.1.0
uniform_operational,2,0,662,331.0,0.0050730439022188024,,2.1.0
uniform_operational,2,0,663,331.5,0.003980143668711307,,2.1.0
uniform_operational,2,0,664,332.0,0.004945481571605516,,2.1.0
uniform_operational,2,0,665,332.5,0.006609704071000862,,2.1.0
uniform_operational,2,0,666,333.0,0.006153220017287312,,2.1.0
uniform_operational,2,0,667,333.5,0.00608989798974846,,2.1.0
uniform_operational,2,0,668,334.0,0.005748585490846854,,2.1.0
uniform_operational,2,0,669,334.5,0.005864268307722859,,2.1.0
uniform_operational,2,0,670,335.0,0.005195052930243204,,2.1.0
uniform_operational,2,0,671,335.5,0.0036244130924339697,-0.0015676562642685421,2.1.0
uniform_operational,2,0,672,336.0,0.003692474946087768,,2.1.0
uniform_operational,2,0,673,336.5,0.0021037091916305617,,2.1.0
uniform_operational,2,0,674,337.0,0.0022184613278374773,,2.1.0
uniform_operational,2,0,675,337.5,0.0018261968034442438,,2.1.0
uniform_operational,2,0,676,338.0,0.0012997685887481964,,2.1.0
uniform_operational,2,0,677,338.5,0.0021073751735363297,,2.1.0
uniform_operational,2,0,678,339.0,0.0014668544979891296,,2.1.0
uniform_operational,2,0,679,339.5,1.5538773189992506e-05,,2.1.0
uniform_operational,2,0,680,340.0,0.0002536156101433986,,2.1.0
uniform_operational,2,0,681,340.5,-0.0012633883024163461,-0.004887801394850316,2.1.0
uniform_operational,2,0,682,341.0,-0.0011552496498186404,,2.1.0
uniform_operational,2,0,683,341.5,-0.0013722817006460164,,2.1.0
uniform_operational,2,0,684,342.0,-0.002703238706991254,,2.1.0
uniform_operational,2,0,685,342.5,-0.0029888844305412388,,2.1.0
uniform_operational,2,0,686,343.0,-0.003213530925747332,,2.1.0
uniform_operational,2,0,687,343.5,-0.003177620140823914,,2.1.0
uniform_operational,2,0,688,344.0,-0.002650422587853113,,2.1.0
uniform_operational,2,0,689,344.5,-0.0027363322570504306,,2.1.0
uniform_operational,2,0,690,345.0,-0.0029713033203578737,,2.1.0
uniform_operational,2,0,691,345.5,-0.0023197692255547825,-0.0010563809231384363,2.1.0
uniform_operational,2,0,692,346.0,-0.005005955778490723,,2.1.0
uniform_operational,2,0,693,346.5,-0.004554895349235269,,2.1.0
uniform_operational,2,0,694,347.0,-0.004019426394795314,,2.1.0
uniform_operational,2,0,695,347.5,-0.0037024302285405125,,2.1.0
uniform_operational,2,0,696,348.0,-0.002381614426579387,,2.1.0
uniform_operational,2,0,697,348.5,-0.0017963730348468931,,2.1.0
uniform_operational,2,0,698,349.0,-0.002427720904033273,,2.1.0
uniform_operational,2,0,699,349.5,-0.0028384242661730896,,2.1.0
uniform_operational,2,0,700,350.0,-0.0013689897083112856,,2.1.0
uniform_operational,2,0,701,350.5,-0.000596667875084958,0.0017231013504698245,2.1.0
uniform_operational,2,0,702,351.0,-0.00023750904097215308,,2.1.0
uniform_operational,2,0,703,351.5,-0.0015907603159139305,,2.1.0
uniform_operational,2,0,704,352.0,-0.0014623497583883815,,2.1.0
uniform_operational,2,0,705,352.5,-0.0014723147383426949,,2.1.0
uniform_operational,2,0,706,353.0,-0.0008611850782365704,,2.1.0
uniform_operational,2,0,707,353.5,0.0009025769631001236,,2.1.0
uniform_operational,2,0,708,354.0,0.001646304399570941,,2.1.0
uniform_operational,2,0,709,354.5,0.003066279397098754,,2.1.0
uniform_operational,2,0,710,355.0,0.006468358643658833,,2.1.0
uniform_operational,2,0,711,355.5,0.0075813285949437315,0.00817799647002869,2.1.0
uniform_operational,2,0,712,356.0,0.0067939489553964,,2.1.0
uniform_operational,2,0,713,356.5,0.0067011450721353,,2.1.0
uniform_operational,2,0,714,357.0,0.005629506680231815,,2.1.0
uniform_operational,2,0,715,357.5,0.004490690687138958,,2.1.0
uniform_operational,2,0,716,358.0,0.004517404604626711,,2.1.0
uniform_operational,2,0,717,358.5,0.0041690510805416315,,2.1.0
uniform_operational,2,0,718,359.0,0.002437059493149478,,2.1.0
uniform_operational,2,0,719,359.5,0.003309482894770021,,2.1.0
uniform_operational,2,0,720,360.0,0.003663911802229372,,2.1.0
uniform_operational,2,0,721,360.5,0.004124307227108463,-0.0034570213678352685,2.1.0
uniform_operational,2,0,722,361.0,0.004975792085015376,,2.1.0
uniform_operational,2,0,723,361.5,0.0041642964636415805,,2.1.0
uniform_operational,2,0,724,362.0,0.004417339484347264,,2.1.0
uniform_operational,2,0,725,362.5,0.0034468833727698796,,2.1.0
uniform_operational,2,0,726,363.0,0.003293256508573564,,2.1.0
uniform_operational,2,0,727,363.5,0.0032871523180228934,,2.1.0
uniform_operational,2,0,728,364.0,0.0028241513347664515,,2.1.0
uniform_operational,2,0,729,364.5,0.0021855923372489476,,2.1.0
uniform_operational,2,0,730,365.0,0.000838680863310146,,2.1.0
uniform_operational,2,0,731,365.5,0.0024907581198913066,-0.0016335491072171564,2.1.0
uniform_operational,2,0,732,366.0,0.0029745292127264927,,2.1.0
uniform_operational,2,0,733,366.5,0.002319917466360207,,2.1.0
uniform_operational,2,0,734,367.0,0.0019030094764450594,,2.1.0
uniform_operational,2,0,735,367.5,0.002236263270945027,,2.1.0
uniform_operational,2,0,736,368.0,0.0021496884426446803,,2.1.0
uniform_operational,2,0,737,368.5,0.0029060203846496494,,2.1.0
uniform_operational,2,0,738,369.0,0.0038049689220922825,,2.1.0
uniform_operational,2,0,739,369.5,0.0018969634991013121,,2.1.0
uniform_operational,2,0,740,370.0,0.0012633211526037645,,2.1.0
uniform_operational,2,0,741,370.5,0.0018820162261987763,-0.0006087418936925302,2.1.0
uniform_operational,2,0,742,371.0,0.002001267630907896,,2.1.0
uniform_operational,2,0,743,371.5,0.0026278041930658563,,2.1.0
uniform_operational,2,0,744,372.0,0.003335050795213627,,2.1.0
uniform_operational,2,0,745,372.5,0.003079951555455641,,2.1.0
uniform_operational,2,0,746,373.0,0.001590477606431481,,2.1.0
uniform_operational,2,0,747,373.5,0.0032377254395487996,,2.1.0
uniform_operational,2,0,748,374.0,0.002518672115229834,,2.1.0
uniform_operational,2,0,749,374.5,0.004838832931021673,,2.1.0
uniform_operational,2,0,750,375.0,0.003859291351870411,,2.1.0
uniform_operational,2,0,751,375.5,0.004604490641710485,0.002722474415511709,2.1.0
uniform_operational,2,0,752,376.0,0.0038034617841138482,,2.1.0
uniform_operational,2,0,753,376.5,0.0033909297987959677,,2.1.0
uniform_operational,2,0,754,377.0,0.004927625039474956,,2.1.0
uniform_operational,2,0,755,377.5,0.0036003913825059467,,2.1.0
uniform_operational,2,0,756,378.0,0.003510664652676562,,2.1.0
uniform_operational,2,0,757,378.5,0.0030291007203023003,,2.1.0
uniform_operational,2,0,758,379.0,0.004277923991028272,,2.1.0
uniform_operational,2,0,759,379.5,0.0034061089334933192,,2.1.0
uniform_operational,2,0,760,380.0,0.004743167087453204,,2.1.0
uniform_operational,2,0,761,380.5,0.0052253274352742135,0.0006208367935637282,2.1.0
uniform_operational,2,0,762,381.0,0.004355444077249468,,2.1.0
uniform_operational,2,0,763,381.5,0.003249635023319436,,2.1.0
uniform_operational,2,0,764,382.0,0.0020828762467519114,,2.1.0
uniform_operational,2,0,765,382.5,0.0018659368836050538,,2.1.0
uniform_operational,2,0,766,383.0,0.0022477461415048973,,2.1.0
uniform_operational,2,0,767,383.5,0.0025503289661322937,,2.1.0
uniform_operational,2,0,768,384.0,0.003049463202706606,,2.1.0
uniform_operational,2,0,769,384.5,0.0023222934967585627,,2.1.0
uniform_operational,2,0,770,385.0,0.0027165333229751203,,2.1.0
uniform_operational,2,0,771,385.5,0.003285842001102723,-0.0019394854341714903,2.1.0
uniform_operational,2,0,772,386.0,0.004951575259754567,,2.1.0
uniform_operational,2,0,773,386.5,0.005429413803063237,,2.1.0
uniform_operational,2,0,774,387.0,0.005071020338900823,,2.1.0
uniform_operational,2,0,775,387.5,0.003910088638447801,,2.1.0
uniform_operational,2,0,776,388.0,0.0035957819380131096,,2.1.0
uniform_operational,2,0,777,388.5,0.0030859121238629855,,2.1.0
uniform_operational,2,0,778,389.0,0.003721411437939231,,2.1.0
uniform_operational,2,0,779,389.5,0.00219655267288578,,2.1.0
uniform_operational,2,0,780,390.0,0.0029108603575167995,,2.1.0
uniform_operational,2,0,781,390.5,0.0027262240459002916,-0.0005596179552024316,2.1.0
uniform_operational,2,0,782,391.0,0.002094071664371797,,2.1.0
uniform_operational,2,0,783,391.5,0.00217495303847455,,2.1.0
uniform_operational,2,0,784,392.0,0.0015778893124846368,,2.1.0
uniform_operational,2,0,785,392.5,0.0007490755440235166,,2.1.0
uniform_operational,2,0,786,393.0,-0.00013311707489618851,,2.1.0
uniform_operational,2,0,787,393.5,-0.0004252541108544089,,2.1.0
uniform_operational,2,0,788,394.0,0.0004727434408320794,,2.1.0
uniform_operational,2,0,789,394.5,-0.001822417781642785,,2.1.0
uniform_operational,2,0,790,395.0,-0.002173949679655063,,2.1.0
uniform_operational,2,0,791,395.5,-0.0009949834395380497,-0.0037212074854383412,2.1.0
uniform_operational,2,0,792,396.0,-0.0007931925370578269,,2.1.0
uniform_operational,2,0,793,396.5,0.00035053616109471643,,2.1.0
uniform_operational,2,0,794,397.0,-0.0012039427746887987,,2.1.0
uniform_operational,2,0,795,397.5,-0.001134389070315503,,2.1.0
uniform_operational,2,0,796,398.0,-0.0007221447995291036,,2.1.0
uniform_operational,2,0,797,398.5,-0.0009765253094350113,,2.1.0
uniform_operational,2,0,798,399.0,-0.0012515575031794568,,2.1.0
uniform_operational,2,0,799,399.5,-0.0009888128777015281,,2.1.0
uniform_operational,2,0,800,400.0,-9.746014854411511e-05,,2.1.0
uniform_operational,2,0,801,400.5,-0.0014106716059312518,-0.00041568816639320216,2.1.0
uniform_operational,2,0,802,401.0,-0.0013784872528092157,,2.1.0
uniform_operational,2,0,803,401.5,-0.0014425725161516523,,2.1.0
uniform_operational,2,0,804,402.0,-0.002758155525881878,,2.1.0
uniform_operational,2,0,805,402.5,-0.0034134122530068145,,2.1.0
uniform_operational,2,0,806,403.0,-0.0034627052684396004,,2.1.0
uniform_operational,2,0,807,403.5,-0.00200429807480057,,2.1.0
uniform_operational,2,0,808,404.0,-0.0035162041153423557,,2.1.0
uniform_operational,2,0,809,404.5,-0.0033011081689416216,,2.1.0
uniform_operational,2,0,810,405.0,-0.0022323283205909067,,2.1.0
uniform_operational,2,0,811,405.5,-0.001375464397929474,3.52072080017779e-05,2.1.0
uniform_operational,2,0,812,406.0,-0.0010291814426508644,,2.1.0
uniform_operational,2,0,813,406.5,-0.0006470107078382498,,2.1.0
uniform_operational,2,0,814,407.0,0.0002208599015653341,,2.1.0
uniform_operational,2,0,815,407.5,0.00016237292146168165,,2.1.0
uniform_operational,2,0,816,408.0,-0.0008698261782356803,,2.1.0
uniform_operational,2,0,817,408.5,-0.0005299976211646656,,2.1.0
uniform_operational,2,0,818,409.0,-0.001146767382413122,,2.1.0
uniform_operational,2,0,819,409.5,-0.0028001840612574547,,2.1.0
uniform_operational,2,0,820,410.0,-0.0016510429779907076,,2.1.0
uniform_operational,2,0,821,410.5,-0.002198122366410163,-0.000822657968480689,2.1.0
uniform_operational,2,0,822,411.0,-0.0005388426243210231,,2.1.0
uniform_operational,2,0,823,411.5,-0.0012764495802158327,,2.1.0
uniform_operational,2,0,824,412.0,-0.0017748398028052254,,2.1.0
uniform_operational,2,0,825,412.5,-0.0005365781542082532,,2.1.0
uniform_operational,2,0,826,413.0,-0.0008247209786068077,,2.1.0
uniform_operational,2,0,827,413.5,0.0004937177182406003,,2.1.0
uniform_operational,2,0,828,414.0,0.000484176699763195,,2.1.0
uniform_operational,2,0,829,414.5,0.0001058150774204802,,2.1.0
uniform_operational,2,0,830,415.0,0.0011094257455953962,,2.1.0
uniform_operational,2,0,831,415.5,0.000979956474458028,0.003178078840868191,2.1.0
uniform_operational,2,0,832,416.0,0.000164924979256492,,2.1.0
uniform_operational,2,0,833,416.5,-0.0006503004133906753,,2.1.0
uniform_operational,2,0,834,417.0,0.00040642172514095864,,2.1.0
uniform_operational,2,0,835,417.5,0.0005136078937386437,,2.1.0
uniform_operational,2,0,836,418.0,0.0012749598841302182,,2.1.0
uniform_operational,2,0,837,418.5,0.0019016537915496961,,2.1.0
uniform_operational,2,0,838,419.0,0.00033211357870527823,,2.1.0
uniform_operational,2,0,839,419.5,0.0014509702590371257,,2.1.0
uniform_operational,2,0,840,420.0,0.0005342788289610528,,2.1.0
uniform_operational,2,0,841,420.5,0.0009207367946954177,-5.9219679762610245e-05,2.1.0
uniform_operational,2,0,842,421.0,0.0011782655710300331,,2.1.0
uniform_operational,2,0,843,421.5,0.0025881147747611683,,2.1.0
uniform_operational,2,0,844,422.0,0.0041900323420305235,,2.1.0
uniform_operational,2,0,845,422.5,0.004588915912037611,,2.1.0
uniform_operational,2,0,846,423.0,0.00463053954774578,,2.1.0
uniform_operational,2,0,847,423.5,0.005321147101321451,,2.1.0
uniform_operational,2,0,848,424.0,0.006067211989607179,,2.1.0
uniform_operational,2,0,849,424.5,0.006001742903981526,,2.1.0
uniform_operational,2,0,850,425.0,0.007695333471676157,,2.1.0
uniform_operational,2,0,851,425.5,0.00994200847730692,0.009021271682611503,2.1.0
uniform_operational,2,0,852,426.0,0.009643631459332537,,2.1.0
uniform_operational,2,0,853,426.5,0.009227801166082187,,2.1.0
uniform_operational,2,0,854,427.0,0.008995537852059131,,2.1.0
uniform_operational,2,0,855,427.5,0.009838117765667884,,2.1.0
uniform_operational,2,0,856,428.0,0.010539601612250274,,2.1.0
uniform_operational,2,0,857,428.5,0.01026197350151494,,2.1.0
uniform_operational,2,0,858,429.0,0.010702168030580316,,2.1.0
uniform_operational,2,0,859,429.5,0.011369471413559639,,2.1.0
uniform_operational,2,0,860,430.0,0.011046126389213127,,2.1.0
uniform_operational,2,0,861,430.5,0.012499775271030213,0.002557766793723293,2.1.0
uniform_operational,2,0,862,431.0,0.011906075256182829,,2.1.0
uniform_operational,2,0,863,431.5,0.012052818681158041,,2.1.0
uniform_operational,2,0,864,432.0,0.010295211614736375,,2.1.0
uniform_operational,2,0,865,432.5,0.01103343307015767,,2.1.0
uniform_operational,2,0,866,433.0,0.010495563334363713,,2.1.0
uniform_operational,2,0,867,433.5,0.010454458399784757,,2.1.0
uniform_operational,2,0,868,434.0,0.011247551474484774,,2.1.0
uniform_operational,2,0,869,434.5,0.011894696117452898,,2.1.0
uniform_operational,2,0,870,435.0,0.012739332236439818,,2.1.0
uniform_operational,2,0,871,435.5,0.01194968862130287,-0.0005500866497273431,2.1.0
uniform_operational,2,0,872,436.0,0.010630947414380592,,2.1.0
uniform_operational,2,0,873,436.5,0.009485128975895298,,2.1.0
uniform_operational,2,0,874,437.0,0.01077393916815032,,2.1.0
uniform_operational,2,0,875,437.5,0.008689541264903901,,2.1.0
uniform_operational,2,0,876,438.0,0.008225859475465556,,2.1.0
uniform_operational,2,0,877,438.5,0.00803776021838534,,2.1.0
uniform_operational,2,0,878,439.0,0.007629396765815789,,2.1.0
uniform_operational,2,0,879,439.5,0.0072991152754237785,,2.1.0
uniform_operational,2,0,880,440.0,0.007497971971572328,,2.1.0
uniform_operational,2,0,881,440.5,0.007594061344308985,-0.004355627276993885,2.1.0
uniform_operational,2,0,882,441.0,0.005933908812883279,,2.1.0
uniform_operational,2,0,883,441.5,0.005843411010053651,,2.1.0
uniform_operational,2,0,884,442.0,0.005563632990116716,,2.1.0
uniform_operational,2,0,885,442.5,0.006627948414762923,,2.1.0
uniform_operational,2,0,886,443.0,0.005803958938897828,,2.1.0
uniform_operational,2,0,887,443.5,0.007271557055499453,,2.1.0
uniform_operational,2,0,888,444.0,0.008506680465019937,,2.1.0
uniform_operational,2,0,889,444.5,0.008302363824815875,,2.1.0
uniform_operational,2,0,890,445.0,0.008330150103462207,,2.1.0
uniform_operational,2,0,891,445.5,0.008655295583436183,0.0010612342391271984,2.1.0
uniform_operational,2,0,892,446.0,0.008580406518785921,,2.1.0
uniform_operational,2,0,893,446.5,0.00789886313822443,,2.1.0
uniform_operational,2,0,894,447.0,0.007942243575455015,,2.1.0
uniform_operational,2,0,895,447.5,0.007924004647329556,,2.1.0
uniform_operational,2,0,896,448.0,0.006655735306110287,,2.1.0
uniform_operational,2,0,897,448.5,0.007063805238054996,,2.1.0
uniform_operational,2,0,898,449.0,0.007839267690199388,,2.1.0
uniform_operational,2,0,899,449.5,0.007921671181946036,,2.1.0
uniform_operational,2,0,900,450.0,0.008841623743077114,,2.1.0
uniform_operational,2,0,901,450.5,0.008666204510843403,1.0908927407219174e-05,2.1.0
uniform_operational,2,0,902,451.0,0.008599462163462746,,2.1.0
uniform_operational,2,0,903,451.5,0.00878667640942195,,2.1.0
uniform_operational,2,0,904,452.0,0.0065279504167673925,,2.1.0
uniform_operational,2,0,905,452.5,0.007477697569049632,,2.1.0
uniform_operational,2,0,906,453.0,0.010376825250694463,,2.1.0
uniform_operational,2,0,907,453.5,0.011583773736762008,,2.1.0
uniform_operational,2,0,908,454.0,0.014526165716416942,,2.1.0
uniform_operational,2,0,909,454.5,0.015608253336241348,,2.1.0
uniform_operational,2,0,910,455.0,0.012748810060913012,,2.1.0
uniform_operational,2,0,911,455.5,0.013203921845754514,0.004537717334911111,2.1.0
uniform_operational,2,0,912,456.0,0.01302620526055114,,2.1.0
uniform_operational,2,0,913,456.5,0.014853182208509657,,2.1.0
uniform_operational,2,0,914,457.0,0.015443887246977907,,2.1.0
uniform_operational,2,0,915,457.5,0.01656924753851165,,2.1.0
uniform_operational,2,0,916,458.0,0.015196382258840905,,2.1.0
uniform_operational,2,0,917,458.5,0.016241357950634694,,2.1.0
uniform_operational,2,0,918,459.0,0.018278285203410533,,2.1.0
uniform_operational,2,0,919,459.5,0.01889663841649202,,2.1.0
uniform_operational,2,0,920,460.0,0.018489286571770056,,2.1.0
uniform_operational,2,0,921,460.5,0.017352558096614783,0.004148636250860269,2.1.0
uniform_operational,2,0,922,461.0,0.016519808419869775,,2.1.0
uniform_operational,2,0,923,461.5,0.016448271694741348,,2.1.0
uniform_operational,2,0,924,462.0,0.017418390401635585,,2.1.0
uniform_operational,2,0,925,462.5,0.01880121074618418,,2.1.0
uniform_operational,2,0,926,463.0,0.019521986162029978,,2.1.0
uniform_operational,2,0,927,463.5,0.018128585130942128,,2.1.0
uniform_operational,2,0,928,464.0,0.019039232021437112,,2.1.0
uniform_operational,2,0,929,464.5,0.019132904842305388,,2.1.0
uniform_operational,2,0,930,465.0,0.01773800513079702,,2.1.0
uniform_operational,2,0,931,465.5,0.016904344790220363,-0.00044821330639441964,2.1.0
uniform_operational,2,0,932,466.0,0.018227582441028675,,2.1.0
uniform_operational,2,0,933,466.5,0.017664192816575313,,2.1.0
uniform_operational,2,0,934,467.0,0.017757820909224304,,2.1.0
uniform_operational,2,0,935,467.5,0.01830868845160916,,2.1.0
uniform_operational,2,0,936,468.0,0.0198431424215687,,2.1.0
uniform_operational,2,0,937,468.5,0.01928800536121733,,2.1.0
uniform_operational,2,0,938,469.0,0.017972034659384926,,2.1.0
uniform_operational,2,0,939,469.5,0.019681380629545418,,2.1.0
uniform_operational,2,0,940,470.0,0.019930813454257252,,2.1.0
uniform_operational,2,0,941,470.5,0.020488788632216235,0.003584443841995872,2.1.0
uniform_operational,2,0,942,471.0,0.01964338615955234,,2.1.0
uniform_operational,2,0,943,471.5,0.01864568022052979,,2.1.0
uniform_operational,2,0,944,472.0,0.0169814186190068,,2.1.0
uniform_operational,2,0,945,472.5,0.016909146043545778,,2.1.0
uniform_operational,2,0,946,473.0,0.016736793428955364,,2.1.0
uniform_operational,2,0,947,473.5,0.015942677581693283,,2.1.0
uniform_operational,2,0,948,474.0,0.016337736050648078,,2.1.0
uniform_operational,2,0,949,474.5,0.01730427608006165,,2.1.0
uniform_operational,2,0,950,475.0,0.017234794506964086,,2.1.0
uniform_operational,2,0,951,475.5,0.01689860883664212,-0.003590179795574116,2.1.0
uniform_operational,2,0,952,476.0,0.017584949717236287,,2.1.0
uniform_operational,2,0,953,476.5,0.018394856255780533,,2.1.0
uniform_operational,2,0,954,477.0,0.01843030638995219,,2.1.0
uniform_operational,2,0,955,477.5,0.019026751821952355,,2.1.0
uniform_operational,2,0,956,478.0,0.01750061766400919,,2.1.0
uniform_operational,2,0,957,478.5,0.018158611051603282,,2.1.0
uniform_operational,2,0,958,479.0,0.01597244063589448,,2.1.0
uniform_operational,2,0,959,479.5,0.016309977344524357,,2.1.0
uniform_operational,2,0,960,480.0,0.014683356458212893,,2.1.0
uniform_operational,2,0,961,480.5,0.01595247990297305,-0.0009461289336690701,2.1.0
uniform_operational,2,0,962,481.0,0.016727912982107733,,2.1.0
uniform_operational,2,0,963,481.5,0.014855896053011818,,2.1.0
uniform_operational,2,0,964,482.0,0.014053126944332273,,2.1.0
uniform_operational,2,0,965,482.5,0.015331231976948015,,2.1.0
uniform_operational,2,0,966,483.0,0.016229912292726006,,2.1.0
uniform_operational,2,0,967,483.5,0.016608712155721506,,2.1.0
uniform_operational,2,0,968,484.0,0.01785395205554335,,2.1.0
uniform_operational,2,0,969,484.5,0.017669643864802544,,2.1.0
uniform_operational,2,0,970,485.0,0.016176578110802337,,2.1.0
uniform_operational,2,0,971,485.5,0.015206194985630713,-0.0007462849173423356,2.1.0
uniform_operational,2,0,972,486.0,0.015176393211793579,,2.1.0
uniform_operational,2,0,973,486.5,0.01532599085061561,,2.1.0
uniform_operational,2,0,974,487.0,0.01578268679000645,,2.1.0
uniform_operational,2,0,975,487.5,0.01484838729415976,,2.1.0
uniform_operational,2,0,976,488.0,0.013151442318392947,,2.1.0
uniform_operational,2,0,977,488.5,0.013297605642147445,,2.1.0
uniform_operational,2,0,978,489.0,0.012661070651297169,,2.1.0
uniform_operational,2,0,979,489.5,0.012302195179731761,,2.1.0
uniform_operational,2,0,980,490.0,0.012179326809228655,,2.1.0
uniform_operational,2,0,981,490.5,0.013071675101821846,-0.0021345198838088678,2.1.0
uniform_operational,2,0,982,491.0,0.013584799677731883,,2.1.0
uniform_operational,2,0,983,491.5,0.01194912837321031,,2.1.0
uniform_operational,2,0,984,492.0,0.013057859735686125,,2.1.0
uniform_operational,2,0,985,492.5,0.011229564211875182,,2.1.0
uniform_operational,2,0,986,493.0,0.010974443341369067,,2.1.0
uniform_operational,2,0,987,493.5,0.01109691924339386,,2.1.0
uniform_operational,2,0,988,494.0,0.011939549528987048,,2.1.0
uniform_operational,2,0,989,494.5,0.012446603260435021,,2.1.0
uniform_operational,2,0,990,495.0,0.014072149449251245,,2.1.0
uniform_operational,2,0,991,495.5,0.011996515191825085,-0.0010751599099967611,2.1.0
uniform_operational,2,0,992,496.0,0.01223131188173394,,2.1.0
uniform_operational,2,0,993,496.5,0.011941353568394411,,2.1.0
uniform_operational,2,0,994,497.0,0.011703835754626407,,2.1.0
uniform_operational,2,0,995,497.5,0.012255904132645549,,2.1.0
uniform_operational,2,0,996,498.0,0.011862165680878401,,2.1.0
uniform_operational,2,0,997,498.5,0.011803657744433276,,2.1.0
uniform_operational,2,0,998,499.0,0.013832887914934556,,2.1.0
uniform_operational,2,0,999,499.5,0.014473270211224997,,2.1.0
uniform_operational,2,0,1000,500.0,0.013671736712444399,,2.1.0
uniform_operational,2,0,1001,500.5,0.013688147709572124,0.0016916325177470399,2.1.0
uniform_operational,2,0,1002,501.0,0.013443109238853746,,2.1.0
uniform_operational,2,0,1003,501.5,0.014127685945484554,,2.1.0
uniform_operational,2,0,1004,502.0,0.013614555614070854,,2.1.0
uniform_operational,2,0,1005,502.5,0.013403768777503246,,2.1.0
uniform_operational,2,0,1006,503.0,0.012706450696704846,,2.1.0
uniform_operational,2,0,1007,503.5,0.013558299959486856,,2.1.0
uniform_operational,2,0,1008,504.0,0.01357773663003345,,2.1.0
uniform_operational,2,0,1009,504.5,0.014114493549379317,,2.1.0
uniform_operational,2,0,1010,505.0,0.014775452989515051,,2.1.0
uniform_operational,2,0,1011,505.5,0.013416678108653133,-0.00027146960091899153,2.1.0
uniform_operational,2,0,1012,506.0,0.01314240276648147,,2.1.0
uniform_operational,2,0,1013,506.5,0.013466814639100006,,2.1.0
uniform_operational,2,0,1014,507.0,0.012009915480139629,,2.1.0
uniform_operational,2,0,1015,507.5,0.010743179599132858,,2.1.0
uniform_operational,2,0,1016,508.0,0.012398866364190804,,2.1.0
uniform_operational,2,0,1017,508.5,0.010611638316116518,,2.1.0
uniform_operational,2,0,1018,509.0,0.012065790347352457,,2.1.0
uniform_operational,2,0,1019,509.5,0.01428561550161056,,2.1.0
uniform_operational,2,0,1020,510.0,0.014135563967200277,,2.1.0
uniform_operational,2,0,1021,510.5,0.012960943617320208,-0.00045573449133292504,2.1.0
uniform_operational,2,0,1022,511.0,0.011727301670811138,,2.1.0
uniform_operational,2,0,1023,511.5,0.013113817484572196,,2.1.0
uniform_operational,2,0,1024,512.0,0.012200462652545868,,2.1.0
uniform_operational,2,0,1025,512.5,0.013563634124559534,,2.1.0
uniform_operational,2,0,1026,513.0,0.014879465363655192,,2.1.0
uniform_operational,2,0,1027,513.5,0.01482037516860609,,2.1.0
uniform_operational,2,0,1028,514.0,0.016399995254049355,,2.1.0
uniform_operational,2,0,1029,514.5,0.01701514319699387,,2.1.0
uniform_operational,2,0,1030,515.0,0.018264714395897823,,2.1.0
uniform_operational,2,0,1031,515.5,0.019450531263277067,0.006489587645956859,2.1.0
uniform_operational,2,0,1032,516.0,0.018416786907672348,,2.1.0
uniform_operational,2,0,1033,516.5,0.01841671836896309,,2.1.0
uniform_operational,2,0,1034,517.0,0.018598863936473607,,2.1.0
uniform_operational,2,0,1035,517.5,0.018468853510807737,,2.1.0
uniform_operational,2,0,1036,518.0,0.019366988073694948,,2.1.0
uniform_operational,2,0,1037,518.5,0.019111792902987645,,2.1.0
uniform_operational,2,0,1038,519.0,0.021304292401593903,,2.1.0
uniform_operational,2,0,1039,519.5,0.01965268111574937,,2.1.0
uniform_operational,2,0,1040,520.0,0.01965536810543283,,2.1.0
uniform_operational,2,0,1041,520.5,0.021207772968623972,0.0017572417053469055,2.1.0
uniform_operational,2,0,1042,521.0,0.022094863672342674,,2.1.0
uniform_operational,2,0,1043,521.5,0.021943828926855386,,2.1.0
uniform_operational,2,0,1044,522.0,0.021982854820912327,,2.1.0
uniform_operational,2,0,1045,522.5,0.021776022833536395,,2.1.0
uniform_operational,2,0,1046,523.0,0.020575994467898265,,2.1.0
uniform_operational,2,0,1047,523.5,0.019958374888190366,,2.1.0
uniform_operational,2,0,1048,524.0,0.02165029651887376,,2.1.0
uniform_operational,2,0,1049,524.5,0.020888078615559493,,2.1.0
uniform_operational,2,0,1050,525.0,0.021016675974811137,,2.1.0
uniform_operational,2,0,1051,525.5,0.020796797418852913,-0.00041097554977105946,2.1.0
uniform_operational,2,0,1052,526.0,0.020656961147038112,,2.1.0
uniform_operational,2,0,1053,526.5,0.020799721858065806,,2.1.0
uniform_operational,2,0,1054,527.0,0.020536200220675666,,2.1.0
uniform_operational,2,0,1055,527.5,0.021116053107092435,,2.1.0
uniform_operational,2,0,1056,528.0,0.02207236408874368,,2.1.0
uniform_operational,2,0,1057,528.5,0.02123194163155146,,2.1.0
uniform_operational,2,0,1058,529.0,0.01977756419781542,,2.1.0
uniform_operational,2,0,1059,529.5,0.01940986166165995,,2.1.0
uniform_operational,2,0,1060,530.0,0.01975763150925489,,2.1.0
uniform_operational,2,0,1061,530.5,0.019194290860238866,-0.0016025065586140474,2.1.0
uniform_operational,2,0,1062,531.0,0.01794911846348432,,2.1.0
uniform_operational,2,0,1063,531.5,0.018911027697164823,,2.1.0
uniform_operational,2,0,1064,532.0,0.017817118794742962,,2.1.0
uniform_operational,2,0,1065,532.5,0.020383147607222464,,2.1.0
uniform_operational,2,0,1066,533.0,0.020019893744178622,,2.1.0
uniform_operational,2,0,1067,533.5,0.019806439276166182,,2.1.0
uniform_operational,2,0,1068,534.0,0.018919171550742044,,2.1.0
uniform_operational,2,0,1069,534.5,0.018942058031390756,,2.1.0
uniform_operational,2,0,1070,535.0,0.019898091488488572,,2.1.0
uniform_operational,2,0,1071,535.5,0.020973150390700378,0.0017788595304615122,2.1.0
uniform_operational,2,0,1072,536.0,0.019836404999860172,,2.1.0
uniform_operational,2,0,1073,536.5,0.018081189254242416,,2.1.0
uniform_operational,2,0,1074,537.0,0.019078808815759664,,2.1.0
uniform_operational,2,0,1075,537.5,0.019473721966699976,,2.1.0
uniform_operational,2,0,1076,538.0,0.017674582376060507,,2.1.0
uniform_operational,2,0,1077,538.5,0.017122785582785873,,2.1.0
uniform_operational,2,0,1078,539.0,0.015780671576174504,,2.1.0
uniform_operational,2,0,1079,539.5,0.01774928096155617,,2.1.0
uniform_operational,2,0,1080,540.0,0.01700163247468385,,2.1.0
uniform_operational,2,0,1081,540.5,0.016607940360691794,-0.004365210030008584,2.1.0
uniform_operational,2,0,1082,541.0,0.01751047304968907,,2.1.0
uniform_operational,2,0,1083,541.5,0.018390879271119202,,2.1.0
uniform_operational,2,0,1084,542.0,0.019791792757347673,,2.1.0
uniform_operational,2,0,1085,542.5,0.01978495090803388,,2.1.0
uniform_operational,2,0,1086,543.0,0.019223901943308294,,2.1.0
uniform_operational,2,0,1087,543.5,0.018770145702235203,,2.1.0
uniform_operational,2,0,1088,544.0,0.019141178370035997,,2.1.0
uniform_operational,2,0,1089,544.5,0.02006816195818009,,2.1.0
uniform_operational,2,0,1090,545.0,0.020618181298526023,,2.1.0
uniform_operational,2,0,1091,545.5,0.020559202821654604,0.00395126246096281,2.1.0
uniform_operational,2,0,1092,546.0,0.021221408314645557,,2.1.0
uniform_operational,2,0,1093,546.5,0.02177878330011678,,2.1.0
uniform_operational,2,0,1094,547.0,0.020759499559736806,,2.1.0
uniform_operational,2,0,1095,547.5,0.02112632753476718,,2.1.0
uniform_operational,2,0,1096,548.0,0.02083570477318616,,2.1.0
uniform_operational,2,0,1097,548.5,0.02139019559899693,,2.1.0
uniform_operational,2,0,1098,549.0,0.020854539277023257,,2.1.0
uniform_operational,2,0,1099,549.5,0.021025669345959147,,2.1.0
uniform_operational,2,0,1100,550.0,0.020538365586986875,,2.1.0
uniform_operational,2,0,1101,550.5,0.022005195479701808,0.0014459926580472036,2.1.0
uniform_operational,2,0,1102,551.0,0.019513091383548502,,2.1.0
uniform_operational,2,0,1103,551.5,0.019545603108447294,,2.1.0
uniform_operational,2,0,1104,552.0,0.020207995786693814,,2.1.0
uniform_operational,2,0,1105,552.5,0.01984033155534859,,2.1.0
uniform_operational,2,0,1106,553.0,0.019391456197086834,,2.1.0
uniform_operational,2,0,1107,553.5,0.01974527101111331,,2.1.0
uniform_operational,2,0,1108,554.0,0.017742856580870315,,2.1.0
uniform_operational,2,0,1109,554.5,0.01881234303089331,,2.1.0
uniform_operational,2,0,1110,555.0,0.020231525742063675,,2.1.0
uniform_operational,2,0,1111,555.5,0.020811590693831997,-0.001193604785869811,2.1.0
uniform_operational,2,0,1112,556.0,0.018748195066972007,,2.1.0
uniform_operational,2,0,1113,556.5,0.018583376294715938,,2.1.0
uniform_operational,2,0,1114,557.0,0.018690004538142537,,2.1.0
uniform_operational,2,0,1115,557.5,0.016487905494398946,,2.1.0
uniform_operational,2,0,1116,558.0,0.015689372659669975,,2.1.0
uniform_operational,2,0,1117,558.5,0.016709379235022734,,2.1.0
uniform_operational,2,0,1118,559.0,0.01815566884120664,,2.1.0
uniform_operational,2,0,1119,559.5,0.015930680733164015,,2.1.0
uniform_operational,2,0,1120,560.0,0.014488183549781916,,2.1.0
uniform_operational,2,0,1121,560.5,0.01449895920472582,-0.0063126314891061765,2.1.0
uniform_operational,2,0,1122,561.0,0.014719271274930454,,2.1.0
uniform_operational,2,0,1123,561.5,0.01583834532438463,,2.1.0
uniform_operational,2,0,1124,562.0,0.014641432672962858,,2.1.0
uniform_operational,2,0,1125,562.5,0.014901326326970098,,2.1.0
uniform_operational,2,0,1126,563.0,0.01474988704684663,,2.1.0
uniform_operational,2,0,1127,563.5,0.014766598217439399,,2.1.0
uniform_operational,2,0,1128,564.0,0.01563480804785603,,2.1.0
uniform_operational,2,0,1129,564.5,0.015143072931030658,,2.1.0
uniform_operational,2,0,1130,565.0,0.014120097246213102,,2.1.0
uniform_operational,2,0,1131,565.5,0.015069095350849177,0.0005701361461233571,2.1.0
uniform_operational,2,0,1132,566.0,0.0152260789468264,,2.1.0
uniform_operational,2,0,1133,566.5,0.013811696348575783,,2.1.0
uniform_operational,2,0,1134,567.0,0.01467427108350961,,2.1.0
uniform_operational,2,0,1135,567.5,0.01387074312428165,,2.1.0
uniform_operational,2,0,1136,568.0,0.014492763390042287,,2.1.0
uniform_operational,2,0,1137,568.5,0.014079425775381585,,2.1.0
uniform_operational,2,0,1138,569.0,0.014254279510277369,,2.1.0
uniform_operational,2,0,1139,569.5,0.013534193370242047,,2.1.0
uniform_operational,2,0,1140,570.0,0.01359628020564603,,2.1.0
uniform_operational,2,0,1141,570.5,0.013102824580848525,-0.0019662707700006526,2.1.0
uniform_operational,2,0,1142,571.0,0.014062289643646687,,2.1.0
uniform_operational,2,0,1143,571.5,0.013663295115439747,,2.1.0
uniform_operational,2,0,1144,572.0,0.013331464999494856,,2.1.0
uniform_operational,2,0,1145,572.5,0.012194722198652214,,2.1.0
uniform_operational,2,0,1146,573.0,0.01230212791654151,,2.1.0
uniform_operational,2,0,1147,573.5,0.012351663543364682,,2.1.0
uniform_operational,2,0,1148,574.0,0.012864601022878727,,2.1.0
uniform_operational,2,0,1149,574.5,0.012836694846862841,,2.1.0
uniform_operational,2,0,1150,575.0,0.0115704537599466,,2.1.0
uniform_operational,2,0,1151,575.5,0.00993324548142755,-0.0031695790994209754,2.1.0
uniform_operational,2,0,1152,576.0,0.008286305441416031,,2.1.0
uniform_operational,2,0,1153,576.5,0.00868475496097621,,2.1.0
uniform_operational,2,0,1154,577.0,0.009305740110835483,,2.1.0
uniform_operational,2,0,1155,577.5,0.009389772223638019,,2.1.0
uniform_operational,2,0,1156,578.0,0.010080528154234951,,2.1.0
uniform_operational,2,0,1157,578.5,0.01097213924614744,,2.1.0
uniform_operational,2,0,1158,579.0,0.01177472398910084,,2.1.0
uniform_operational,2,0,1159,579.5,0.009595504992056173,,2.1.0
uniform_operational,2,0,1160,580.0,0.009091815225578895,,2.1.0
uniform_operational,2,0,1161,580.5,0.005956069110867677,-0.0039771763705598725,2.1.0
uniform_operational,2,0,1162,581.0,0.007616499758823136,,2.1.0
uniform_operational,2,0,1163,581.5,0.006929987674663816,,2.1.0
uniform_operational,2,0,1164,582.0,0.006950615251264274,,2.1.0
uniform_operational,2,0,1165,582.5,0.008749138540056434,,2.1.0
uniform_operational,2,0,1166,583.0,0.008568849667189522,,2.1.0
uniform_operational,2,0,1167,583.5,0.009629786252753127,,2.1.0
uniform_operational,2,0,1168,584.0,0.009460844989707878,,2.1.0
uniform_operational,2,0,1169,584.5,0.010537522004794325,,2.1.0
uniform_operational,2,0,1170,585.0,0.009983253974472599,,2.1.0
uniform_operational,2,0,1171,585.5,0.01161365110046149,0.005657581989593814,2.1.0
uniform_operational,2,0,1172,586.0,0.011319027723343983,,2.1.0
uniform_operational,2,0,1173,586.5,0.010049433046773106,,2.1.0
uniform_operational,2,0,1174,587.0,0.009481664571990464,,2.1.0
uniform_operational,2,0,1175,587.5,0.009821070214569922,,2.1.0
uniform_operational,2,0,1176,588.0,0.012790907431499151,,2.1.0
uniform_operational,2,0,1177,588.5,0.012611744320725402,,2.1.0
uniform_operational,2,0,1178,589.0,0.013507821004269855,,2.1.0
uniform_operational,2,0,1179,589.5,0.014725190938639048,,2.1.0
uniform_operational,2,0,1180,590.0,0.01361028943116412,,2.1.0
uniform_operational,2,0,1181,590.5,0.013518153712464773,0.001904502612003282,2.1.0
uniform_operational,2,0,1182,591.0,0.013561100080050311,,2.1.0
uniform_operational,2,0,1183,591.5,0.013472376651166034,,2.1.0
uniform_operational,2,0,1184,592.0,0.013025819120762495,,2.1.0
uniform_operational,2,0,1185,592.5,0.013921940291570048,,2.1.0
uniform_operational,2,0,1186,593.0,0.014183953707481217,,2.1.0
uniform_operational,2,0,1187,593.5,0.014483120244886644,,2.1.0
uniform_operational,2,0,1188,594.0,0.014180110861669901,,2.1.0
uniform_operational,2,0,1189,594.5,0.014131512931186281,,2.1.0
uniform_operational,2,0,1190,595.0,0.013997979342979128,,2.1.0
uniform_operational,2,0,1191,595.5,0.01302225143345243,-0.0004959022790123422,2.1.0
uniform_operational,2,0,1192,596.0,0.012815739624876811,,2.1.0
uniform_operational,2,0,1193,596.5,0.012534918221986142,,2.1.0
uniform_operational,2,0,1194,597.0,0.011930883743516097,,2.1.0
uniform_operational,2,0,1195,597.5,0.011700252355497626,,2.1.0
uniform_operational,2,0,1196,598.0,0.012569003247129375,,2.1.0
uniform_operational,2,0,1197,598.5,0.011250556114274625,,2.1.0
uniform_operational,2,0,1198,599.0,0.010652371187988577,,2.1.0
uniform_operational,2,0,1199,599.5,0.01036041094966375,,2.1.0
uniform_operational,2,0,1200,600.0,0.01147968872338632,,2.1.0
uniform_operational,2,0,1201,600.5,0.010575829197091673,-0.0024464222363607575,2.1.0
uniform_operational,2,0,1202,601.0,0.010911626386723532,,2.1.0
uniform_operational,2,0,1203,601.5,0.010401823687483635,,2.1.0
uniform_operational,2,0,1204,602.0,0.009758713978386313,,2.1.0
uniform_operational,2,0,1205,602.5,0.009014402904690086,,2.1.0
uniform_operational,2,0,1206,603.0,0.010508865628415416,,2.1.0
uniform_operational,2,0,1207,603.5,0.012154134508160146,,2.1.0
uniform_operational,2,0,1208,604.0,0.01330654949181424,,2.1.0
uniform_operational,2,0,1209,604.5,0.0106411340022735,,2.1.0
uniform_operational,2,0,1210,605.0,0.010207104646715783,,2.1.0
uniform_operational,2,0,1211,605.5,0.010409248727076608,-0.00016658047001506457,2.1.0
uniform_operational,2,0,1212,606.0,0.010671865911665277,,2.1.0
uniform_operational,2,0,1213,606.5,0.009304112185810268,,2.1.0
uniform_operational,2,0,1214,607.0,0.008054431723343318,,2.1.0
uniform_operational,2,0,1215,607.5,0.006784036365195995,,2.1.0
uniform_operational,2,0,1216,608.0,0.0070759156538624714,,2.1.0
uniform_operational,2,0,1217,608.5,0.005802282345729478,,2.1.0
uniform_operational,2,0,1218,609.0,0.006800967881737132,,2.1.0
uniform_operational,2,0,1219,609.5,0.006922246178893361,,2.1.0
uniform_operational,2,0,1220,610.0,0.008397402540187157,,2.1.0
uniform_operational,2,0,1221,610.5,0.006718080968598427,-0.0036911677584781817,2.1.0
uniform_operational,2,0,1222,611.0,0.00788370735185829,,2.1.0
uniform_operational,2,0,1223,611.5,0.009353797952775779,,2.1.0
uniform_operational,2,0,1224,612.0,0.008401618932819798,,2.1.0
uniform_operational,2,0,1225,612.5,0.007835395465081219,,2.1.0
uniform_operational,2,0,1226,613.0,0.007942036377910699,,2.1.0
uniform_operational,2,0,1227,613.5,0.007304563489392887,,2.1.0
uniform_operational,2,0,1228,614.0,0.008022556931938726,,2.1.0
uniform_operational,2,0,1229,614.5,0.01010327462130424,,2.1.0
uniform_operational,2,0,1230,615.0,0.009609364798513207,,2.1.0
uniform_operational,2,0,1231,615.5,0.011204069910631765,0.004485988942033338,2.1.0
uniform_operational,2,0,1232,616.0,0.011854696922893758,,2.1.0
uniform_operational,2,0,1233,616.5,0.01175808870161053,,2.1.0
uniform_operational,2,0,1234,617.0,0.013464794719142336,,2.1.0
uniform_operational,2,0,1235,617.5,0.01411984089723205,,2.1.0
uniform_operational,2,0,1236,618.0,0.013496249074996384,,2.1.0
uniform_operational,2,0,1237,618.5,0.013589712990086085,,2.1.0
uniform_operational,2,0,1238,619.0,0.012084455426209029,,2.1.0
uniform_operational,2,0,1239,619.5,0.01216258166214602,,2.1.0
uniform_operational,2,0,1240,620.0,0.012364851301962033,,2.1.0
uniform_operational,2,0,1241,620.5,0.011802789197544768,0.0005987192869130031,2.1.0
uniform_operational,2,0,1242,621.0,0.011439082749708606,,2.1.0
uniform_operational,2,0,1243,621.5,0.012292947730758745,,2.1.0
uniform_operational,2,0,1244,622.0,0.01280598472890348,,2.1.0
uniform_operational,2,0,1245,622.5,0.013693831440678546,,2.1.0
uniform_operational,2,0,1246,623.0,0.014653602964022976,,2.1.0
uniform_operational,2,0,1247,623.5,0.013419890312222042,,2.1.0
uniform_operational,2,0,1248,624.0,0.013554344640080592,,2.1.0
uniform_operational,2,0,1249,624.5,0.013248250997940289,,2.1.0
uniform_operational,2,0,1250,625.0,0.01376703937844108,,2.1.0
uniform_operational,2,0,1251,625.5,0.014267054658119787,0.0024642654605750193,2.1.0
uniform_operational,2,0,1252,626.0,0.014130757576124253,,2.1.0
uniform_operational,2,0,1253,626.5,0.015089243628228093,,2.1.0
uniform_operational,2,0,1254,627.0,0.015278399996128351,,2.1.0
uniform_operational,2,0,1255,627.5,0.01663982358291418,,2.1.0
uniform_operational,2,0,1256,628.0,0.01862464089336251,,2.1.0
uniform_operational,2,0,1257,628.5,0.01912334344799917,,2.1.0
uniform_operational,2,0,1258,629.0,0.019697780524681015,,2.1.0
uniform_operational,2,0,1259,629.5,0.019135215679841795,,2.1.0
uniform_operational,2,0,1260,630.0,0.019563773317428115,,2.1.0
uniform_operational,2,0,1261,630.5,0.019769571507577223,0.005502516849457436,2.1.0
uniform_operational,2,0,1262,631.0,0.019830586361069807,,2.1.0
uniform_operational,2,0,1263,631.5,0.019709082863269337,,2.1.0
uniform_operational,2,0,1264,632.0,0.019434862362863858,,2.1.0
uniform_operational,2,0,1265,632.5,0.01955142223054887,,2.1.0
uniform_operational,2,0,1266,633.0,0.02089591510004361,,2.1.0
uniform_operational,2,0,1267,633.5,0.02181289390974758,,2.1.0
uniform_operational,2,0,1268,634.0,0.022144102550822605,,2.1.0
uniform_operational,2,0,1269,634.5,0.023130949571578546,,2.1.0
uniform_operational,2,0,1270,635.0,0.02341482669772241,,2.1.0
uniform_operational,2,0,1271,635.5,0.02311388526510042,0.0033443137575231985,2.1.0
uniform_operational,2,0,1272,636.0,0.020902186995517588,,2.1.0
uniform_operational,2,0,1273,636.5,0.019559363142615967,,2.1.0
uniform_operational,2,0,1274,637.0,0.018760954022910538,,2.1.0
uniform_operational,2,0,1275,637.5,0.017066668114860472,,2.1.0
uniform_operational,2,0,1276,638.0,0.015460604920092616,,2.1.0
uniform_operational,2,0,1277,638.5,0.015552553768929054,,2.1.0
uniform_operational,2,0,1278,639.0,0.01614792376582868,,2.1.0
uniform_operational,2,0,1279,639.5,0.016443544698644973,,2.1.0
uniform_operational,2,0,1280,640.0,0.017223370455817576,,2.1.0
uniform_operational,2,0,1281,640.5,0.015089934824179377,-0.008023950440921045,2.1.0
uniform_operational,2,0,1282,641.0,0.01412534338825376,,2.1.0
uniform_operational,2,0,1283,641.5,0.013672907223615862,,2.1.0
uniform_operational,2,0,1284,642.0,0.012364470128957536,,2.1.0
uniform_operational,2,0,1285,642.5,0.012562148869893422,,2.1.0
uniform_operational,2,0,1286,643.0,0.014482149487562506,,2.1.0
uniform_operational,2,0,1287,643.5,0.01276905666767374,,2.1.0
uniform_operational,2,0,1288,644.0,0.012423929290471014,,2.1.0
uniform_operational,2,0,1289,644.5,0.01115343814910928,,2.1.0
uniform_operational,2,0,1290,645.0,0.011581238074181053,,2.1.0
uniform_operational,2,0,1291,645.5,0.011122078541462483,-0.003967856282716894,2.1.0
uniform_operational,2,0,1292,646.0,0.010995735642718095,,2.1.0
uniform_operational,2,0,1293,646.5,0.011784109311394978,,2.1.0
uniform_operational,2,0,1294,647.0,0.012406451067636918,,2.1.0
uniform_operational,2,0,1295,647.5,0.014868043038565457,,2.1.0
uniform_operational,2,0,1296,648.0,0.013866731434434162,,2.1.0
uniform_operational,2,0,1297,648.5,0.010470925919085074,,2.1.0
uniform_operational,2,0,1298,649.0,0.010429637196574025,,2.1.0
uniform_operational,2,0,1299,649.5,0.008555599783276866,,2.1.0
uniform_operational,2,0,1300,650.0,0.008675007307953687,,2.1.0
uniform_operational,2,0,1301,650.5,0.0074243415826013145,-0.0036977369588611685,2.1.0
uniform_operational,2,0,1302,651.0,0.005842940485741349,,2.1.0
uniform_operational,2,0,1303,651.5,0.0055394089800155704,,2.1.0
uniform_operational,2,0,1304,652.0,0.003308463010171744,,2.1.0
uniform_operational,2,0,1305,652.5,0.003533266183801088,,2.1.0
uniform_operational,2,0,1306,653.0,0.00401434125912911,,2.1.0
uniform_operational,2,0,1307,653.5,0.0029384941939812046,,2.1.0
uniform_operational,2,0,1308,654.0,0.0049365570732457925,,2.1.0
uniform_operational,2,0,1309,654.5,0.005120525746624943,,2.1.0
uniform_operational,2,0,1310,655.0,0.006183736704417625,,2.1.0
uniform_operational,2,0,1311,655.5,0.008257553149540277,0.0008332115669389623,2.1.0
uniform_operational,2,0,1312,656.0,0.007809857100193478,,2.1.0
uniform_operational,2,0,1313,656.5,0.007289144622528545,,2.1.0
uniform_operational,2,0,1314,657.0,0.006694224665282885,,2.1.0
uniform_operational,2,0,1315,657.5,0.006317743351321637,,2.1.0
uniform_operational,2,0,1316,658.0,0.007643878215964437,,2.1.0
uniform_operational,2,0,1317,658.5,0.0073394562601049405,,2.1.0
uniform_operational,2,0,1318,659.0,0.006198573774424319,,2.1.0
uniform_operational,2,0,1319,659.5,0.007246207405030108,,2.1.0
uniform_operational,2,0,1320,660.0,0.009669729327719048,,2.1.0
uniform_operational,2,0,1321,660.5,0.00995754610041123,0.001699992950870954,2.1.0
uniform_operational,2,0,1322,661.0,0.00769508284629438,,2.1.0
uniform_operational,2,0,1323,661.5,0.0055940784128589915,,2.1.0
uniform_operational,2,0,1324,662.0,0.006478151407135904,,2.1.0
uniform_operational,2,0,1325,662.5,0.0075078221945535355,,2.1.0
uniform_operational,2,0,1326,663.0,0.007047183019460284,,2.1.0
uniform_operational,2,0,1327,663.5,0.007753685700493837,,2.1.0
uniform_operational,2,0,1328,664.0,0.006569908030716441,,2.1.0
uniform_operational,2,0,1329,664.5,0.006587512911275082,,2.1.0
uniform_operational,2,0,1330,665.0,0.007957599538298972,,2.1.0
uniform_operational,2,0,1331,665.5,0.008998548802544543,-0.0009589972978666875,2.1.0
uniform_operational,2,0,1332,666.0,0.010282569218081978,,2.1.0
uniform_operational,2,0,1333,666.5,0.011819130098885569,,2.1.0
uniform_operational,2,0,1334,667.0,0.011881395432010482,,2.1.0
uniform_operational,2,0,1335,667.5,0.012582998048685035,,2.1.0
uniform_operational,2,0,1336,668.0,0.011271528948252832,,2.1.0
uniform_operational,2,0,1337,668.5,0.011302569730783254,,2.1.0
uniform_operational,2,0,1338,669.0,0.012187728134547219,,2.1.0
uniform_operational,2,0,1339,669.5,0.011950961267549451,,2.1.0
uniform_operational,2,0,1340,670.0,0.011761346265460547,,2.1.0
uniform_operational,2,0,1341,670.5,0.012593457868323192,0.0035949090657786485,2.1.0
uniform_operational,2,0,1342,671.0,0.01047752028747545,,2.1.0
uniform_operational,2,0,1343,671.5,0.011683600771653166,,2.1.0
uniform_operational,2,0,1344,672.0,0.011848823017240953,,2.1.0
uniform_operational,2,0,1345,672.5,0.013056494844547819,,2.1.0
uniform_operational,2,0,1346,673.0,0.013813237888483246,,2.1.0
uniform_operational,2,0,1347,673.5,0.013112501319158774,,2.1.0
uniform_operational,2,0,1348,674.0,0.012676071294278229,,2.1.0
uniform_operational,2,0,1349,674.5,0.01390446933141419,,2.1.0
uniform_operational,2,0,1350,675.0,0.01421668260375185,,2.1.0
uniform_operational,2,0,1351,675.5,0.016445922093470577,0.003852464225147385,2.1.0
uniform_operational,2,0,1352,676.0,0.01665485579633682,,2.1.0
uniform_operational,2,0,1353,676.5,0.01538810743321168,,2.1.0
uniform_operational,2,0,1354,677.0,0.01426376830906816,,2.1.0
uniform_operational,2,0,1355,677.5,0.013659353426695164,,2.1.0
uniform_operational,2,0,1356,678.0,0.013728789492105252,,2.1.0
uniform_operational,2,0,1357,678.5,0.015005069388485072,,2.1.0
uniform_operational,2,0,1358,679.0,0.0150165663186403,,2.1.0
uniform_operational,2,0,1359,679.5,0.013792165149091604,,2.1.0
uniform_operational,2,0,1360,680.0,0.012480584005415638,,2.1.0
uniform_operational,2,0,1361,680.5,0.01343302476904153,-0.0030128973244290466,2.1.0
uniform_operational,2,0,1362,681.0,0.01367758971762514,,2.1.0
uniform_operational,2,0,1363,681.5,0.014775967673524142,,2.1.0
uniform_operational,2,0,1364,682.0,0.014892217404123217,,2.1.0
uniform_operational,2,0,1365,682.5,0.01707859517314006,,2.1.0
uniform_operational,2,0,1366,683.0,0.017909661201708813,,2.1.0
uniform_operational,2,0,1367,683.5,0.017895685886296118,,2.1.0
uniform_operational,2,0,1368,684.0,0.016905934030206946,,2.1.0
uniform_operational,2,0,1369,684.5,0.016018304042575853,,2.1.0
uniform_operational,2,0,1370,685.0,0.016977551514618463,,2.1.0
uniform_operational,2,0,1371,685.5,0.016522209326575294,0.003089184557533764,2.1.0
uniform_operational,2,0,1372,686.0,0.01610700873990633,,2.1.0
uniform_operational,2,0,1373,686.5,0.014719936863899295,,2.1.0
uniform_operational,2,0,1374,687.0,0.01621168645271716,,2.1.0
uniform_operational,2,0,1375,687.5,0.016070177510881505,,2.1.0
uniform_operational,2,0,1376,688.0,0.018179575491800076,,2.1.0
uniform_operational,2,0,1377,688.5,0.01673759222348942,,2.1.0
uniform_operational,2,0,1378,689.0,0.018401299129736447,,2.1.0
uniform_operational,2,0,1379,689.5,0.019292371185530725,,2.1.0
uniform_operational,2,0,1380,690.0,0.019358146864192616,,2.1.0
uniform_operational,2,0,1381,690.5,0.022321329810136452,0.005799120483561158,2.1.0
uniform_operational,2,0,1382,691.0,0.021999662173733253,,2.1.0
uniform_operational,2,0,1383,691.5,0.022177171782206757,,2.1.0
uniform_operational,2,0,1384,692.0,0.020544433056398134,,2.1.0
uniform_operational,2,0,1385,692.5,0.01931164487916144,,2.1.0
uniform_operational,2,0,1386,693.0,0.018903349275828592,,2.1.0
uniform_operational,2,0,1387,693.5,0.01855411776568855,,2.1.0
uniform_operational,2,0,1388,694.0,0.0195976801160221,,2.1.0
uniform_operational,2,0,1389,694.5,0.020737668558825827,,2.1.0
uniform_operational,2,0,1390,695.0,0.021913461424400083,,2.1.0
uniform_operational,2,0,1391,695.5,0.021434561166185948,-0.0008867686439505036,2.1.0
uniform_operational,2,0,1392,696.0,0.020548804663157692,,2.1.0
uniform_operational,2,0,1393,696.5,0.020493383297655036,,2.1.0
uniform_operational,2,0,1394,697.0,0.021834292799499475,,2.1.0
uniform_operational,2,0,1395,697.5,0.02021284402730716,,2.1.0
uniform_operational,2,0,1396,698.0,0.019352936687068334,,2.1.0
uniform_operational,2,0,1397,698.5,0.020938379103954793,,2.1.0
uniform_operational,2,0,1398,699.0,0.021965360909981017,,2.1.0
uniform_operational,2,0,1399,699.5,0.02078750527917531,,2.1.0
uniform_operational,2,0,1400,700.0,0.021747418086193654,,2.1.0
uniform_operational,2,0,1401,700.5,0.02050427531538293,-0.0009302858508030178,2.1.0
uniform_operational,2,0,1402,701.0,0.020720394644124493,,2.1.0
uniform_operational,2,0,1403,701.5,0.022462990459674877,,2.1.0
uniform_operational,2,0,1404,702.0,0.019922693809337966,,2.1.0
uniform_operational,2,0,1405,702.5,0.020182798818979386,,2.1.0
uniform_operational,2,0,1406,703.0,0.021011968237659977,,2.1.0
uniform_operational,2,0,1407,703.5,0.021427766837567083,,2.1.0
uniform_operational,2,0,1408,704.0,0.019842896590958423,,2.1.0
uniform_operational,2,0,1409,704.5,0.019698461978416085,,2.1.0
uniform_operational,2,0,1410,705.0,0.019994978987981575,,2.1.0
uniform_operational,2,0,1411,705.5,0.018710190545439872,-0.0017940847699430586,2.1.0
uniform_operational,2,0,1412,706.0,0.01804601485137363,,2.1.0
uniform_operational,2,0,1413,706.5,0.016244076620711975,,2.1.0
uniform_operational,2,0,1414,707.0,0.017306307898666034,,2.1.0
uniform_operational,2,0,1415,707.5,0.017839126850777733,,2.1.0
uniform_operational,2,0,1416,708.0,0.019595839121935788,,2.1.0
uniform_operational,2,0,1417,708.5,0.019318675043571043,,2.1.0
uniform_operational,2,0,1418,709.0,0.018272951450680714,,2.1.0
uniform_operational,2,0,1419,709.5,0.018951992099612295,,2.1.0
uniform_operational,2,0,1420,710.0,0.019431920970541458,,2.1.0
uniform_operational,2,0,1421,710.5,0.019571644740315853,0.000861454194875981,2.1.0
uniform_operational,2,0,1422,711.0,0.02078100231483349,,2.1.0
uniform_operational,2,0,1423,711.5,0.023329692648980754,,2.1.0
uniform_operational,2,0,1424,712.0,0.02354425186352886,,2.1.0
uniform_operational,2,0,1425,712.5,0.023270548935339166,,2.1.0
uniform_operational,2,0,1426,713.0,0.023010541256085443,,2.1.0
uniform_operational,2,0,1427,713.5,0.023416131267691282,,2.1.0
uniform_operational,2,0,1428,714.0,0.024403793519701022,,2.1.0
uniform_operational,2,0,1429,714.5,0.023377288552876938,,2.1.0
uniform_operational,2,0,1430,715.0,0.0230481946759766,,2.1.0
uniform_operational,2,0,1431,715.5,0.0224509655999061,0.0028793208595902474,2.1.0
uniform_operational,2,0,1432,716.0,0.02237293074234683,,2.1.0
uniform_operational,2,0,1433,716.5,0.021749193650898054,,2.1.0
uniform_operational,2,0,1434,717.0,0.020966541037776124,,2.1.0
uniform_operational,2,0,1435,717.5,0.018517183950164957,,2.1.0
uniform_operational,2,0,1436,718.0,0.01996508482818474,,2.1.0
uniform_operational,2,0,1437,718.5,0.020519763751515464,,2.1.0
uniform_operational,2,0,1438,719.0,0.01926942390146001,,2.1.0
uniform_operational,2,0,1439,719.5,0.020142968073257623,,2.1.0
uniform_operational,2,0,1440,720.0,0.018010834008222776,,2.1.0
uniform_operational,2,0,1441,720.5,0.018941484143740615,-0.0035094814561654857,2.1.0
uniform_operational,2,0,1442,721.0,0.019026564798325644,,2.1.0
uniform_operational,2,0,1443,721.5,0.020188346802283506,,2.1.0
uniform_operational,2,0,1444,722.0,0.017915070248984713,,2.1.0
uniform_operational,2,0,1445,722.5,0.01760507377398504,,2.1.0
uniform_operational,2,0,1446,723.0,0.018319554685075096,,2.1.0
uniform_operational,2,0,1447,723.5,0.01991777626453782,,2.1.0
uniform_operational,2,0,1448,724.0,0.019360253674806798,,2.1.0
uniform_operational,2,0,1449,724.5,0.019909862199139223,,2.1.0
uniform_operational,2,0,1450,725.0,0.021414681101892586,,2.1.0
uniform_operational,2,0,1451,725.5,0.021080059237174792,0.0021385750934341773,2.1.0
uniform_operational,2,0,1452,726.0,0.021300525865242313,,2.1.0
uniform_operational,2,0,1453,726.5,0.020550769927851553,,2.1.0
uniform_operational,2,0,1454,727.0,0.023048649117760386,,2.1.0
uniform_operational,2,0,1455,727.5,0.022927593153025165,,2.1.0
uniform_operational,2,0,1456,728.0,0.022109651204556848,,2.1.0
uniform_operational,2,0,1457,728.5,0.02295439642672152,,2.1.0
uniform_operational,2,0,1458,729.0,0.02262627959198069,,2.1.0
uniform_operational,2,0,1459,729.5,0.02261829223439422,,2.1.0
uniform_operational,2,0,1460,730.0,0.02247980665717983,,2.1.0
uniform_operational,2,0,1461,730.5,0.02397606129517214,0.002896002057997348,2.1.0
uniform_operational,2,0,1462,731.0,0.021009601035789555,,2.1.0
uniform_operational,2,0,1463,731.5,0.02135070663471011,,2.1.0
uniform_operational,2,0,1464,732.0,0.020244960339184687,,2.1.0
uniform_operational,2,0,1465,732.5,0.02171730911979144,,2.1.0
uniform_operational,2,0,1466,733.0,0.018478760252981875,,2.1.0
uniform_operational,2,0,1467,733.5,0.01839786901389164,,2.1.0
uniform_operational,2,0,1468,734.0,0.0172957128163571,,2.1.0
uniform_operational,2,0,1469,734.5,0.017642019715711006,,2.1.0
uniform_operational,2,0,1470,735.0,0.018928269612424095,,2.1.0
uniform_operational,2,0,1471,735.5,0.01707414007133988,-0.00690192122383226,2.1.0
uniform_operational,2,0,1472,736.0,0.01729479879097912,,2.1.0
uniform_operational,2,0,1473,736.5,0.018215246026538144,,2.1.0
uniform_operational,2,0,1474,737.0,0.01647792567194624,,2.1.0
uniform_operational,2,0,1475,737.5,0.017006594387257806,,2.1.0
uniform_operational,2,0,1476,738.0,0.015336382347852203,,2.1.0
uniform_operational,2,0,1477,738.5,0.012894065547443727,,2.1.0
uniform_operational,2,0,1478,739.0,0.012771436948215979,,2.1.0
uniform_operational,2,0,1479,739.5,0.01247319221603437,,2.1.0
uniform_operational,2,0,1480,740.0,0.011946095688852328,,2.1.0
uniform_operational,2,0,1481,740.5,0.012043525333329417,-0.005030614738010463,2.1.0
uniform_operational,2,0,1482,741.0,0.011187348772038608,,2.1.0
uniform_operational,2,0,1483,741.5,0.01107862435970588,,2.1.0
uniform_operational,2,0,1484,742.0,0.00957999546788547,,2.1.0
uniform_operational,2,0,1485,742.5,0.00925746879000078,,2.1.0
uniform_operational,2,0,1486,743.0,0.008822906314845383,,2.1.0
uniform_operational,2,0,1487,743.5,0.006926866846878024,,2.1.0
uniform_operational,2,0,1488,744.0,0.006733096497537497,,2.1.0
uniform_operational,2,0,1489,744.5,0.007067473283370344,,2.1.0
uniform_operational,2,0,1490,745.0,0.0075088314261494375,,2.1.0
uniform_operational,2,0,1491,745.5,0.007537735538489358,-0.004505789794840059,2.1.0
uniform_operational,2,0,1492,746.0,0.006831852273720095,,2.1.0
uniform_operational,2,0,1493,746.5,0.00717369434023879,,2.1.0
uniform_operational,2,0,1494,747.0,0.006172363259523196,,2.1.0
uniform_operational,2,0,1495,747.5,0.00530916329425639,,2.1.0
uniform_operational,2,0,1496,748.0,0.005163354794200391,,2.1.0
uniform_operational,2,0,1497,748.5,0.004661044936166936,,2.1.0
uniform_operational,2,0,1498,749.0,0.0036048125596994524,,2.1.0
uniform_operational,2,0,1499,749.5,0.0031636940088701593,,2.1.0
uniform_operational,2,0,1500,750.0,0.0033922598132730833,,2.1.0
uniform_operational,2,0,1501,750.5,0.004996999896166612,-0.0025407356423227468,2.1.0
uniform_operational,2,0,1502,751.0,0.0033334362152284093,,2.1.0
uniform_operational,2,0,1503,751.5,0.004538100670557692,,2.1.0
uniform_operational,2,0,1504,752.0,0.002869324584697391,,2.1.0
uniform_operational,2,0,1505,752.5,0.0033506591952345128,,2.1.0
uniform_operational,2,0,1506,753.0,0.004263249362642948,,2.1.0
uniform_operational,2,0,1507,753.5,0.0037850696880867857,,2.1.0
uniform_operational,2,0,1508,754.0,0.0038118311727198947,,2.1.0
uniform_operational,2,0,1509,754.5,0.003933478027996315,,2.1.0
uniform_operational,2,0,1510,755.0,0.0043519397887748145,,2.1.0
uniform_operational,2,0,1511,755.5,0.0037157597669203028,-0.0012812401292463089,2.1.0
uniform_operational,2,0,1512,756.0,0.0038613503242210406,,2.1.0
uniform_operational,2,0,1513,756.5,0.0035723985469142774,,2.1.0
uniform_operational,2,0,1514,757.0,0.002439031194597665,,2.1.0
uniform_operational,2,0,1515,757.5,0.0024817019614131923,,2.1.0
uniform_operational,2,0,1516,758.0,0.003326253723872392,,2.1.0
uniform_operational,2,0,1517,758.5,0.002188664571516774,,2.1.0
uniform_operational,2,0,1518,759.0,0.002347846173846384,,2.1.0
uniform_operational,2,0,1519,759.5,0.0034057200946512466,,2.1.0
uniform_operational,2,0,1520,760.0,0.00209637686026338,,2.1.0
uniform_operational,2,0,1521,760.5,0.003627973561290223,-8.778620563007966e-05,2.1.0
uniform_operational,2,0,1522,761.0,0.004225213231470542,,2.1.0
uniform_operational,2,0,1523,761.5,0.0034546776987878333,,2.1.0
uniform_operational,2,0,1524,762.0,0.004350138123039508,,2.1.0
uniform_operational,2,0,1525,762.5,0.006312736862212893,,2.1.0
uniform_operational,2,0,1526,763.0,0.006852206267555219,,2.1.0
uniform_operational,2,0,1527,763.5,0.007338309502808981,,2.1.0
uniform_operational,2,0,1528,764.0,0.006897668622389271,,2.1.0
uniform_operational,2,0,1529,764.5,0.006292491365360557,,2.1.0
uniform_operational,2,0,1530,765.0,0.006144682313304665,,2.1.0
uniform_operational,2,0,1531,765.5,0.003666373875835788,3.840031454556501e-05,2.1.0
uniform_operational,2,0,1532,766.0,0.004480272400155224,,2.1.0
uniform_operational,2,0,1533,766.5,0.004835894856490482,,2.1.0
uniform_operational,2,0,1534,767.0,0.005696245328224782,,2.1.0
uniform_operational,2,0,1535,767.5,0.005681809570313321,,2.1.0
uniform_operational,2,0,1536,768.0,0.005931441653433501,,2.1.0
uniform_operational,2,0,1537,768.5,0.005658696675633169,,2.1.0
uniform_operational,2,0,1538,769.0,0.006507985473128866,,2.1.0
uniform_operational,2,0,1539,769.5,0.005713874675789415,,2.1.0
uniform_operational,2,0,1540,770.0,0.006033169566716899,,2.1.0
uniform_operational,2,0,1541,770.5,0.006379739068657379,0.002713365192821591,2.1.0
uniform_operational,2,0,1542,771.0,0.006771109330659309,,2.1.0
uniform_operational,2,0,1543,771.5,0.005388470072652146,,2.1.0
uniform_operational,2,0,1544,772.0,0.006525774020602729,,2.1.0
uniform_operational,2,0,1545,772.5,0.006566384726602336,,2.1.0
uniform_operational,2,0,1546,773.0,0.007309886922440083,,2.1.0
uniform_operational,2,0,1547,773.5,0.006889926975263132,,2.1.0
uniform_operational,2,0,1548,774.0,0.006182446744770468,,2.1.0
uniform_operational,2,0,1549,774.5,0.006649492193886035,,2.1.0
uniform_operational,2,0,1550,775.0,0.006659133430945012,,2.1.0
uniform_operational,2,0,1551,775.5,0.007224116287950733,0.0008443772192933538,2.1.0
uniform_operational,2,0,1552,776.0,0.006833096513347914,,2.1.0
uniform_operational,2,0,1553,776.5,0.006607338587470986,,2.1.0
uniform_operational,2,0,1554,777.0,0.007062629521882496,,2.1.0
uniform_operational,2,0,1555,777.5,0.007067631917815719,,2.1.0
uniform_operational,2,0,1556,778.0,0.00676485275426695,,2.1.0
uniform_operational,2,0,1557,778.5,0.00639824367163226,,2.1.0
uniform_operational,2,0,1558,779.0,0.007377151095088297,,2.1.0
uniform_operational,2,0,1559,779.5,0.008808371047898384,,2.1.0
uniform_operational,2,0,1560,780.0,0.009940109302140985,,2.1.0
uniform_operational,2,0,1561,780.5,0.010096764644061429,0.002872648356110696,2.1.0
uniform_operational,2,0,1562,781.0,0.012154411108923735,,2.1.0
uniform_operational,2,0,1563,781.5,0.012234963625342255,,2.1.0
uniform_operational,2,0,1564,782.0,0.011791264337259301,,2.1.0
uniform_operational,2,0,1565,782.5,0.011209832580467096,,2.1.0
uniform_operational,2,0,1566,783.0,0.012632477561395036,,2.1.0
uniform_operational,2,0,1567,783.5,0.011941871122213604,,2.1.0
uniform_operational,2,0,1568,784.0,0.011100579686577499,,2.1.0
uniform_operational,2,0,1569,784.5,0.010850440878821872,,2.1.0
uniform_operational,2,0,1570,785.0,0.010614427251455456,,2.1.0
uniform_operational,2,0,1571,785.5,0.00820376042852777,-0.0018930042155336588,2.1.0
uniform_operational,2,0,1572,786.0,0.007089728947452125,,2.1.0
uniform_operational,2,0,1573,786.5,0.00625396360798206,,2.1.0
uniform_operational,2,0,1574,787.0,0.008170882797029926,,2.1.0
uniform_operational,2,0,1575,787.5,0.007636752627121843,,2.1.0
uniform_operational,2,0,1576,788.0,0.008066396243910605,,2.1.0
uniform_operational,2,0,1577,788.5,0.009791655379748729,,2.1.0
uniform_operational,2,0,1578,789.0,0.011964842661698333,,2.1.0
uniform_operational,2,0,1579,789.5,0.012775279000514249,,2.1.0
uniform_operational,2,0,1580,790.0,0.0112380883039987,,2.1.0
uniform_operational,2,0,1581,790.5,0.00908146159758364,0.0008777011690558698,2.1.0
uniform_operational,2,0,1582,791.0,0.009493177277439558,,2.1.0
uniform_operational,2,0,1583,791.5,0.009391846891870283,,2.1.0
uniform_operational,2,0,1584,792.0,0.008355134441963034,,2.1.0
uniform_operational,2,0,1585,792.5,0.00707855991177257,,2.1.0
uniform_operational,2,0,1586,793.0,0.006508481199447575,,2.1.0
uniform_operational,2,0,1587,793.5,0.005492037665608613,,2.1.0
uniform_operational,2,0,1588,794.0,0.0038186906250864275,,2.1.0
uniform_operational,2,0,1589,794.5,0.0034929814792238677,,2.1.0
uniform_operational,2,0,1590,795.0,0.00307504755269798,,2.1.0
uniform_operational,2,0,1591,795.5,0.0020717019341935216,-0.007009759663390118,2.1.0
uniform_operational,2,0,1592,796.0,0.0037589151575830697,,2.1.0
uniform_operational,2,0,1593,796.5,0.0028734142305685225,,2.1.0
uniform_operational,2,0,1594,797.0,0.0032215240131512985,,2.1.0
uniform_operational,2,0,1595,797.5,0.004721013079349458,,2.1.0
uniform_operational,2,0,1596,798.0,0.0037325330023869644,,2.1.0
uniform_operational,2,0,1597,798.5,0.0027469694334711792,,2.1.0
uniform_operational,2,0,1598,799.0,0.00221711708215144,,2.1.0
uniform_operational,2,0,1599,799.5,0.0032826086978400707,,2.1.0
uniform_operational,2,0,1600,800.0,0.002220565204182728,,2.1.0
uniform_operational,2,0,1601,800.5,0.00252225656773183,0.00045055463353830833,2.1.0
uniform_operational,2,0,1602,801.0,0.0031890000210885463,,2.1.0
uniform_operational,2,0,1603,801.5,0.003289920507002962,,2.1.0
uniform_operational,2,0,1604,802.0,0.0022086101079972827,,2.1.0
uniform_operational,2,0,1605,802.5,0.00263187899121281,,2.1.0
uniform_operational,2,0,1606,803.0,0.0014969451509437715,,2.1.0
uniform_operational,2,0,1607,803.5,0.0026725963124210753,,2.1.0
uniform_operational,2,0,1608,804.0,0.0033521839742554444,,2.1.0
uniform_operational,2,0,1609,804.5,0.0034226095910882197,,2.1.0
uniform_operational,2,0,1610,805.0,0.001962014178143242,,2.1.0
uniform_operational,2,0,1611,805.5,0.0029699714674370973,0.0004477148997052674,2.1.0
uniform_operational,2,0,1612,806.0,0.0031037884885051037,,2.1.0
uniform_operational,2,0,1613,806.5,0.004219558046103931,,2.1.0
uniform_operational,2,0,1614,807.0,0.005528689485129229,,2.1.0
uniform_operational,2,0,1615,807.5,0.005716125463776016,,2.1.0
uniform_operational,2,0,1616,808.0,0.00559593033963263,,2.1.0
uniform_operational,2,0,1617,808.5,0.00614129688114246,,2.1.0
uniform_operational,2,0,1618,809.0,0.004301963888524433,,2.1.0
uniform_operational,2,0,1619,809.5,0.004462302554799001,,2.1.0
uniform_operational,2,0,1620,810.0,0.006160249671373333,,2.1.0
uniform_operational,2,0,1621,810.5,0.0059083796201671555,0.002938408152730058,2.1.0
uniform_operational,2,0,1622,811.0,0.00638294575891664,,2.1.0
uniform_operational,2,0,1623,811.5,0.0059076649123328655,,2.1.0
uniform_operational,2,0,1624,812.0,0.006475299511185034,,2.1.0
uniform_operational,2,0,1625,812.5,0.005004839977431157,,2.1.0
uniform_operational,2,0,1626,813.0,0.007678600940433647,,2.1.0
uniform_operational,2,0,1627,813.5,0.0059968413132943845,,2.1.0
uniform_operational,2,0,1628,814.0,0.005733657239280827,,2.1.0
uniform_operational,2,0,1629,814.5,0.006391379289820996,,2.1.0
uniform_operational,2,0,1630,815.0,0.004268845427411231,,2.1.0
uniform_operational,2,0,1631,815.5,0.002780144066546315,-0.0031282355536208406,2.1.0
uniform_operational,2,0,1632,816.0,0.0012818482462340233,,2.1.0
uniform_operational,2,0,1633,816.5,-0.00012458383941207907,,2.1.0
uniform_operational,2,0,1634,817.0,-0.0009488641179934976,,2.1.0
uniform_operational,2,0,1635,817.5,2.042094644592619e-05,,2.1.0
uniform_operational,2,0,1636,818.0,-0.00013118390824781723,,2.1.0
uniform_operational,2,0,1637,818.5,-0.00032829902038976344,,2.1.0
uniform_operational,2,0,1638,819.0,-0.0004640793779582403,,2.1.0
uniform_operational,2,0,1639,819.5,-0.0011292119161322445,,2.1.0
uniform_operational,2,0,1640,820.0,-0.0018914402198066116,,2.1.0
uniform_operational,2,0,1641,820.5,0.0010760332623047323,-0.0017041108042415826,2.1.0
uniform_operational,2,0,1642,821.0,0.00015290128133594225,,2.1.0
uniform_operational,2,0,1643,821.5,-0.00016460102009824285,,2.1.0
uniform_operational,2,0,1644,822.0,0.0016477445142213008,,2.1.0
uniform_operational,2,0,1645,822.5,0.0014278498660993527,,2.1.0
uniform_operational,2,0,1646,823.0,-0.00014571794683787553,,2.1.0
uniform_operational,2,0,1647,823.5,-0.0009611315286054828,,2.1.0
uniform_operational,2,0,1648,824.0,-0.00024734108753163286,,2.1.0
uniform_operational,2,0,1649,824.5,0.0002268851457986013,,2.1.0
uniform_operational,2,0,1650,825.0,-0.0002359678341513627,,2.1.0
uniform_operational,2,0,1651,825.5,-0.002076330001759316,-0.0031523632640640484,2.1.0
uniform_operational,2,0,1652,826.0,-0.0031225358929999336,,2.1.0
uniform_operational,2,0,1653,826.5,-0.0027893178583375394,,2.1.0
uniform_operational,2,0,1654,827.0,-0.003926099581045117,,2.1.0
uniform_operational,2,0,1655,827.5,-0.005369379879583122,,2.1.0
uniform_operational,2,0,1656,828.0,-0.0062311598413325175,,2.1.0
uniform_operational,2,0,1657,828.5,-0.007246335212331409,,2.1.0
uniform_operational,2,0,1658,829.0,-0.008616525101922984,,2.1.0
uniform_operational,2,0,1659,829.5,-0.007777803008563178,,2.1.0
uniform_operational,2,0,1660,830.0,-0.007930315395143647,,2.1.0
uniform_operational,2,0,1661,830.5,-0.009182094994539897,-0.0071057649927805805,2.1.0
uniform_operational,2,0,1662,831.0,-0.010210094219418736,,2.1.0
uniform_operational,2,0,1663,831.5,-0.01196217357867374,,2.1.0
uniform_operational,2,0,1664,832.0,-0.01227999175498884,,2.1.0
uniform_operational,2,0,1665,832.5,-0.011957455764540756,,2.1.0
uniform_operational,2,0,1666,833.0,-0.01293681491367385,,2.1.0
uniform_operational,2,0,1667,833.5,-0.012873883071560427,,2.1.0
uniform_operational,2,0,1668,834.0,-0.012551888511857609,,2.1.0
uniform_operational,2,0,1669,834.5,-0.011848126539255974,,2.1.0
uniform_operational,2,0,1670,835.0,-0.011528612500021518,,2.1.0
uniform_operational,2,0,1671,835.5,-0.010236149971435723,-0.0010540549768958268,2.1.0
uniform_operational,2,0,1672,836.0,-0.011828998403701219,,2.1.0
uniform_operational,2,0,1673,836.5,-0.010882204420209415,,2.1.0
uniform_operational,2,0,1674,837.0,-0.011830064654202263,,2.1.0
uniform_operational,2,0,1675,837.5,-0.011430501786239666,,2.1.0
uniform_operational,2,0,1676,838.0,-0.011426212750217296,,2.1.0
uniform_operational,2,0,1677,838.5,-0.011588349354896624,,2.1.0
uniform_operational,2,0,1678,839.0,-0.010101545877746032,,2.1.0
uniform_operational,2,0,1679,839.5,-0.012304900973287,,2.1.0
uniform_operational,2,0,1680,840.0,-0.01338929284889695,,2.1.0
uniform_operational,2,0,1681,840.5,-0.0128928131092957,-0.002656663137859977,2.1.0
uniform_operational,2,0,1682,841.0,-0.01201611535448785,,2.1.0
uniform_operational,2,0,1683,841.5,-0.013040139791024682,,2.1.0
uniform_operational,2,0,1684,842.0,-0.013404981439386773,,2.1.0
uniform_operational,2,0,1685,842.5,-0.01410145703542734,,2.1.0
uniform_operational,2,0,1686,843.0,-0.014814173944778672,,2.1.0
uniform_operational,2,0,1687,843.5,-0.013515407316258152,,2.1.0
uniform_operational,2,0,1688,844.0,-0.013809592357455061,,2.1.0
uniform_operational,2,0,1689,844.5,-0.01601980435768667,,2.1.0
uniform_operational,2,0,1690,845.0,-0.014648918717365914,,2.1.0
uniform_operational,2,0,1691,845.5,-0.01490652250143576,-0.002013709392140059,2.1.0
uniform_operational,2,0,1692,846.0,-0.014762147026086067,,2.1.0
uniform_operational,2,0,1693,846.5,-0.014533468395167476,,2.1.0
uniform_operational,2,0,1694,847.0,-0.015095458645565496,,2.1.0
uniform_operational,2,0,1695,847.5,-0.01438377389849374,,2.1.0
uniform_operational,2,0,1696,848.0,-0.015551514601635383,,2.1.0
uniform_operational,2,0,1697,848.5,-0.015048414883596234,,2.1.0
uniform_operational,2,0,1698,849.0,-0.01359626358311751,,2.1.0
uniform_operational,2,0,1699,849.5,-0.012539575787201468,,2.1.0
uniform_operational,2,0,1700,850.0,-0.013565613353420589,,2.1.0
uniform_operational,2,0,1701,850.5,-0.014403106792347312,0.0005034157090884478,2.1.0
uniform_operational,2,0,1702,851.0,-0.013951519527947001,,2.1.0
uniform_operational,2,0,1703,851.5,-0.015431243630988037,,2.1.0
uniform_operational,2,0,1704,852.0,-0.013394511364175257,,2.1.0
uniform_operational,2,0,1705,852.5,-0.014466670624299849,,2.1.0
uniform_operational,2,0,1706,853.0,-0.014196497849969694,,2.1.0
uniform_operational,2,0,1707,853.5,-0.014667239095071977,,2.1.0
uniform_operational,2,0,1708,854.0,-0.015608181065600218,,2.1.0
uniform_operational,2,0,1709,854.5,-0.013833998211620915,,2.1.0
uniform_operational,2,0,1710,855.0,-0.012817543303873094,,2.1.0
uniform_operational,2,0,1711,855.5,-0.013372454058838218,0.0010306527335090937,2.1.0
uniform_operational,2,0,1712,856.0,-0.0137138678624482,,2.1.0
uniform_operational,2,0,1713,856.5,-0.016268968044485382,,2.1.0
uniform_operational,2,0,1714,857.0,-0.01670218328825726,,2.1.0
uniform_operational,2,0,1715,857.5,-0.01533934806277451,,2.1.0
uniform_operational,2,0,1716,858.0,-0.01526253198904591,,2.1.0
uniform_operational,2,0,1717,858.5,-0.014914398612398558,,2.1.0
uniform_operational,2,0,1718,859.0,-0.015461666896617696,,2.1.0
uniform_operational,2,0,1719,859.5,-0.016173397159612968,,2.1.0
uniform_operational,2,0,1720,860.0,-0.015787300118463257,,2.1.0
uniform_operational,2,0,1721,860.5,-0.01491775306172334,-0.0015452990028851227,2.1.0
uniform_operational,2,0,1722,861.0,-0.014620063474140743,,2.1.0
uniform_operational,2,0,1723,861.5,-0.01590806058627546,,2.1.0
uniform_operational,2,0,1724,862.0,-0.018110702995335168,,2.1.0
uniform_operational,2,0,1725,862.5,-0.01859967517923522,,2.1.0
uniform_operational,2,0,1726,863.0,-0.01882922162798814,,2.1.0
uniform_operational,2,0,1727,863.5,-0.019718929956481973,,2.1.0
uniform_operational,2,0,1728,864.0,-0.018921728537893243,,2.1.0
uniform_operational,2,0,1729,864.5,-0.018361390346864404,,2.1.0
uniform_operational,2,0,1730,865.0,-0.01781603565042031,,2.1.0
uniform_operational,2,0,1731,865.5,-0.01889979003355581,-0.00398203697183247,2.1.0
uniform_operational,2,0,1732,866.0,-0.018306658757978947,,2.1.0
uniform_operational,2,0,1733,866.5,-0.01746722197777914,,2.1.0
uniform_operational,2,0,1734,867.0,-0.01584327812707241,,2.1.0
uniform_operational,2,0,1735,867.5,-0.015661234369690122,,2.1.0
uniform_operational,2,0,1736,868.0,-0.015587605545486105,,2.1.0
uniform_operational,2,0,1737,868.5,-0.015355742890513155,,2.1.0
uniform_operational,2,0,1738,869.0,-0.016400169655880453,,2.1.0
uniform_operational,2,0,1739,869.5,-0.015475355137721317,,2.1.0
uniform_operational,2,0,1740,870.0,-0.015899416937556435,,2.1.0
uniform_operational,2,0,1741,870.5,-0.01584069631983466,0.0030590937137211505,2.1.0
uniform_operational,2,0,1742,871.0,-0.01589771905923218,,2.1.0
uniform_operational,2,0,1743,871.5,-0.01697387679057137,,2.1.0
uniform_operational,2,0,1744,872.0,-0.016446697934264468,,2.1.0
uniform_operational,2,0,1745,872.5,-0.015005288965398086,,2.1.0
uniform_operational,2,0,1746,873.0,-0.015239684196297607,,2.1.0
uniform_operational,2,0,1747,873.5,-0.01448052634347903,,2.1.0
uniform_operational,2,0,1748,874.0,-0.01593996942592356,,2.1.0
uniform_operational,2,0,1749,874.5,-0.015879295121165815,,2.1.0
uniform_operational,2,0,1750,875.0,-0.016790690734338518,,2.1.0
uniform_operational,2,0,1751,875.5,-0.01643083385607841,-0.0005901375362437483,2.1.0
uniform_operational,2,0,1752,876.0,-0.01769524105539233,,2.1.0
uniform_operational,2,0,1753,876.5,-0.01911462254524375,,2.1.0
uniform_operational,2,0,1754,877.0,-0.01867446677510698,,2.1.0
uniform_operational,2,0,1755,877.5,-0.018333159511511904,,2.1.0
uniform_operational,2,0,1756,878.0,-0.017540570952110285,,2.1.0
uniform_operational,2,0,1757,878.5,-0.017001970439696354,,2.1.0
uniform_operational,2,0,1758,879.0,-0.016963231042013166,,2.1.0
uniform_operational,2,0,1759,879.5,-0.01717229534141572,,2.1.0
uniform_operational,2,0,1760,880.0,-0.018450733742641723,,2.1.0
uniform_operational,2,0,1761,880.5,-0.018795569442974447,-0.0023647355868960385,2.1.0
uniform_operational,2,0,1762,881.0,-0.018879953413447365,,2.1.0
uniform_operational,2,0,1763,881.5,-0.018747843873840167,,2.1.0
uniform_operational,2,0,1764,882.0,-0.01758935649970543,,2.1.0
uniform_operational,2,0,1765,882.5,-0.017624766753321933,,2.1.0
uniform_operational,2,0,1766,883.0,-0.018632750251844715,,2.1.0
uniform_operational,2,0,1767,883.5,-0.019253214683799535,,2.1.0
uniform_operational,2,0,1768,884.0,-0.019111204499516657,,2.1.0
uniform_operational,2,0,1769,884.5,-0.019029939519365713,,2.1.0
uniform_operational,2,0,1770,885.0,-0.01804664532190653,,2.1.0
uniform_operational,2,0,1771,885.5,-0.01966632757549666,-0.0008707581325222147,2.1.0
uniform_operational,2,0,1772,886.0,-0.018876305956246717,,2.1.0
uniform_operational,2,0,1773,886.5,-0.01912827496491072,,2.1.0
uniform_operational,2,0,1774,887.0,-0.018549370299184825,,2.1.0
uniform_operational,2,0,1775,887.5,-0.02038657781939364,,2.1.0
uniform_operational,2,0,1776,888.0,-0.01952555767047738,,2.1.0
uniform_operational,2,0,1777,888.5,-0.01949452363413688,,2.1.0
uniform_operational,2,0,1778,889.0,-0.019209450557924473,,2.1.0
uniform_operational,2,0,1779,889.5,-0.020441368171019964,,2.1.0
uniform_operational,2,0,1780,890.0,-0.02110223472782967,,2.1.0
uniform_operational,2,0,1781,890.5,-0.018555111233540075,0.0011112163419565863,2.1.0
uniform_operational,2,0,1782,891.0,-0.018868450138903453,,2.1.0
uniform_operational,2,0,1783,891.5,-0.01889861940140869,,2.1.0
uniform_operational,2,0,1784,892.0,-0.018303959845707596,,2.1.0
uniform_operational,2,0,1785,892.5,-0.019097062117754943,,2.1.0
uniform_operational,2,0,1786,893.0,-0.020073837987317433,,2.1.0
uniform_operational,2,0,1787,893.5,-0.01844580356919283,,2.1.0
uniform_operational,2,0,1788,894.0,-0.01820266105904199,,2.1.0
uniform_operational,2,0,1789,894.5,-0.019246659169109295,,2.1.0
uniform_operational,2,0,1790,895.0,-0.01811257769010345,,2.1.0
uniform_operational,2,0,1791,895.5,-0.018556931893846162,-1.820660306087185e-06,2.1.0
uniform_operational,2,0,1792,896.0,-0.019353587460032837,,2.1.0
uniform_operational,2,0,1793,896.5,-0.02080263866090859,,2.1.0
uniform_operational,2,0,1794,897.0,-0.021395820696122295,,2.1.0
uniform_operational,2,0,1795,897.5,-0.020738091844703294,,2.1.0
uniform_operational,2,0,1796,898.0,-0.019570279156580855,,2.1.0
uniform_operational,2,0,1797,898.5,-0.019267977184427867,,2.1.0
uniform_operational,2,0,1798,899.0,-0.01726832144645586,,2.1.0
uniform_operational,2,0,1799,899.5,-0.018811306478106513,,2.1.0
uniform_operational,2,0,1800,900.0,-0.01813850506444771,,2.1.0
uniform_operational,2,0,1801,900.5,-0.018065484999684384,0.0004914468941617789,2.1.0
uniform_operational,2,0,1802,901.0,-0.01776475739766188,,2.1.0
uniform_operational,2,0,1803,901.5,-0.017787534955891915,,2.1.0
uniform_operational,2,0,1804,902.0,-0.017071528509149003,,2.1.0
uniform_operational,2,0,1805,902.5,-0.015681935421544405,,2.1.0
uniform_operational,2,0,1806,903.0,-0.015262495117394637,,2.1.0
uniform_operational,2,0,1807,903.5,-0.014925154006631303,,2.1.0
uniform_operational,2,0,1808,904.0,-0.0143254351215467,,2.1.0
uniform_operational,2,0,1809,904.5,-0.01453102969902359,,2.1.0
uniform_operational,2,0,1810,905.0,-0.014184660632054993,,2.1.0
uniform_operational,2,0,1811,905.5,-0.014363983546654108,0.003701501453030276,2.1.0
uniform_operational,2,0,1812,906.0,-0.013438543326224989,,2.1.0
uniform_operational,2,0,1813,906.5,-0.012220750690187548,,2.1.0
uniform_operational,2,0,1814,907.0,-0.01194722696585511,,2.1.0
uniform_operational,2,0,1815,907.5,-0.012972036190045624,,2.1.0
uniform_operational,2,0,1816,908.0,-0.013014715376813757,,2.1.0
uniform_operational,2,0,1817,908.5,-0.012719079893190002,,2.1.0
uniform_operational,2,0,1818,909.0,-0.013382995769561742,,2.1.0
uniform_operational,2,0,1819,909.5,-0.014464818523579115,,2.1.0
uniform_operational,2,0,1820,910.0,-0.013716150185311596,,2.1.0
uniform_operational,2,0,1821,910.5,-0.01375688021870751,0.0006071033279465982,2.1.0
uniform_operational,2,0,1822,911.0,-0.013674987132736391,,2.1.0
uniform_operational,2,0,1823,911.5,-0.014134790757572999,,2.1.0
uniform_operational,2,0,1824,912.0,-0.014895372670478746,,2.1.0
uniform_operational,2,0,1825,912.5,-0.017012546766534034,,2.1.0
uniform_operational,2,0,1826,913.0,-0.01530033628729957,,2.1.0
uniform_operational,2,0,1827,913.5,-0.015624149771875998,,2.1.0
uniform_operational,2,0,1828,914.0,-0.0152882859251975,,2.1.0
uniform_operational,2,0,1829,914.5,-0.015435768599792649,,2.1.0
uniform_operational,2,0,1830,915.0,-0.015437717239779311,,2.1.0
uniform_operational,2,0,1831,915.5,-0.01570123154468156,-0.0019443513259740502,2.1.0
uniform_operational,2,0,1832,916.0,-0.014870372410972998,,2.1.0
uniform_operational,2,0,1833,916.5,-0.01406353597019179,,2.1.0
uniform_operational,2,0,1834,917.0,-0.013463699924518333,,2.1.0
uniform_operational,2,0,1835,917.5,-0.013520328415302707,,2.1.0
uniform_operational,2,0,1836,918.0,-0.01213591228555648,,2.1.0
uniform_operational,2,0,1837,918.5,-0.013098341073692246,,2.1.0
uniform_operational,2,0,1838,919.0,-0.014073059395129331,,2.1.0
uniform_operational,2,0,1839,919.5,-0.013550602703317177,,2.1.0
uniform_operational,2,0,1840,920.0,-0.013888540152609472,,2.1.0
uniform_operational,2,0,1841,920.5,-0.012823624547052312,0.002877606997629248,2.1.0
uniform_operational,2,0,1842,921.0,-0.013917408070174206,,2.1.0
uniform_operational,2,0,1843,921.5,-0.0138091434810311,,2.1.0
uniform_operational,2,0,1844,922.0,-0.012993032388567444,,2.1.0
uniform_operational,2,0,1845,922.5,-0.011317736022982638,,2.1.0
uniform_operational,2,0,1846,923.0,-0.011403293366841538,,2.1.0
uniform_operational,2,0,1847,923.5,-0.009978782916022111,,2.1.0
uniform_operational,2,0,1848,924.0,-0.00897343847841657,,2.1.0
uniform_operational,2,0,1849,924.5,-0.009705822224104418,,2.1.0
uniform_operational,2,0,1850,925.0,-0.009202840598870318,,2.1.0
uniform_operational,2,0,1851,925.5,-0.01051191997997622,0.002311704567076092,2.1.0
uniform_operational,2,0,1852,926.0,-0.010945862028038836,,2.1.0
uniform_operational,2,0,1853,926.5,-0.011734947177394109,,2.1.0
uniform_operational,2,0,1854,927.0,-0.012166231346779896,,2.1.0
uniform_operational,2,0,1855,927.5,-0.009786958926186487,,2.1.0
uniform_operational,2,0,1856,928.0,-0.009611910312566724,,2.1.0
uniform_operational,2,0,1857,928.5,-0.01087372192086665,,2.1.0
uniform_operational,2,0,1858,929.0,-0.011055554557308528,,2.1.0
uniform_operational,2,0,1859,929.5,-0.012686723478755199,,2.1.0
uniform_operational,2,0,1860,930.0,-0.0144082113453326,,2.1.0
uniform_operational,2,0,1861,930.5,-0.014703501686901016,-0.004191581706924796,2.1.0
uniform_operational,2,0,1862,931.0,-0.015150947235869364,,2.1.0
uniform_operational,2,0,1863,931.5,-0.01547283553646911,,2.1.0
uniform_operational,2,0,1864,932.0,-0.01831316621433314,,2.1.0
uniform_operational,2,0,1865,932.5,-0.017450128694501854,,2.1.0
uniform_operational,2,0,1866,933.0,-0.01836206906131127,,2.1.0
uniform_operational,2,0,1867,933.5,-0.020536402620954283,,2.1.0
uniform_operational,2,0,1868,934.0,-0.018840393303935235,,2.1.0
uniform_operational,2,0,1869,934.5,-0.01801110366021104,,2.1.0
uniform_operational,2,0,1870,935.0,-0.018480825002469795,,2.1.0
uniform_operational,2,0,1871,935.5,-0.01920143720508463,-0.004497935518183616,2.1.0
uniform_operational,2,0,1872,936.0,-0.020302829002274675,,2.1.0
uniform_operational,2,0,1873,936.5,-0.019952530171678196,,2.1.0
uniform_operational,2,0,1874,937.0,-0.01971392022736465,,2.1.0
uniform_operational,2,0,1875,937.5,-0.01823073478741917,,2.1.0
uniform_operational,2,0,1876,938.0,-0.01875016737709606,,2.1.0
uniform_operational,2,0,1877,938.5,-0.01774777712204549,,2.1.0
uniform_operational,2,0,1878,939.0,-0.01669909978436182,,2.1.0
uniform_operational,2,0,1879,939.5,-0.01669866604877286,,2.1.0
uniform_operational,2,0,1880,940.0,-0.01790090039912519,,2.1.0
uniform_operational,2,0,1881,940.5,-0.017648371935397825,0.001553065269686807,2.1.0
uniform_operational,2,0,1882,941.0,-0.01876570576769744,,2.1.0
uniform_operational,2,0,1883,941.5,-0.019297739484725907,,2.1.0
uniform_operational,2,0,1884,942.0,-0.020761293966088196,,2.1.0
uniform_operational,2,0,1885,942.5,-0.020340593146333893,,2.1.0
uniform_operational,2,0,1886,943.0,-0.021407590709908705,,2.1.0
uniform_operational,2,0,1887,943.5,-0.020894166905250172,,2.1.0
uniform_operational,2,0,1888,944.0,-0.020776854051505617,,2.1.0
uniform_operational,2,0,1889,944.5,-0.022470226163772256,,2.1.0
uniform_operational,2,0,1890,945.0,-0.023346140547463284,,2.1.0
uniform_operational,2,0,1891,945.5,-0.023518916768466888,-0.0058705448330690635,2.1.0
uniform_operational,2,0,1892,946.0,-0.02372123337061434,,2.1.0
uniform_operational,2,0,1893,946.5,-0.022600776276339954,,2.1.0
uniform_operational,2,0,1894,947.0,-0.02270496956356227,,2.1.0
uniform_operational,2,0,1895,947.5,-0.022579010607086364,,2.1.0
uniform_operational,2,0,1896,948.0,-0.02184779778139659,,2.1.0
uniform_operational,2,0,1897,948.5,-0.021590936005354014,,2.1.0
uniform_operational,2,0,1898,949.0,-0.02279629308038414,,2.1.0
uniform_operational,2,0,1899,949.5,-0.022957759830229046,,2.1.0
uniform_operational,2,0,1900,950.0,-0.023686679823434725,,2.1.0
uniform_operational,2,0,1901,950.5,-0.023994933626426324,-0.0004760168579594354,2.1.0
uniform_operational,2,0,1902,951.0,-0.023513534642174233,,2.1.0
uniform_operational,2,0,1903,951.5,-0.024330393160961458,,2.1.0
uniform_operational,2,0,1904,952.0,-0.02444704455232624,,2.1.0
uniform_operational,2,0,1905,952.5,-0.023271390147213786,,2.1.0
uniform_operational,2,0,1906,953.0,-0.023773433091685392,,2.1.0
uniform_operational,2,0,1907,953.5,-0.024005580263605025,,2.1.0
uniform_operational,2,0,1908,954.0,-0.02550335262527227,,2.1.0
uniform_operational,2,0,1909,954.5,-0.025753693112809728,,2.1.0
uniform_operational,2,0,1910,955.0,-0.02514906943824624,,2.1.0
uniform_operational,2,0,1911,955.5,-0.02383489140550922,0.00016004222091710318,2.1.0
uniform_operational,2,0,1912,956.0,-0.02463271092942143,,2.1.0
uniform_operational,2,0,1913,956.5,-0.025962724113176766,,2.1.0
uniform_operational,2,0,1914,957.0,-0.025192252738359247,,2.1.0
uniform_operational,2,0,1915,957.5,-0.025515954756988007,,2.1.0
uniform_operational,2,0,1916,958.0,-0.02698702847101267,,2.1.0
uniform_operational,2,0,1917,958.5,-0.0262248308316137,,2.1.0
uniform_operational,2,0,1918,959.0,-0.026567949421380008,,2.1.0
uniform_operational,2,0,1919,959.5,-0.025306030189633275,,2.1.0
uniform_operational,2,0,1920,960.0,-0.024317760900688656,,2.1.0
uniform_operational,2,0,1921,960.5,-0.022142035450992942,0.0016928559545162786,2.1.0
uniform_operational,2,0,1922,961.0,-0.023695320074715878,,2.1.0
uniform_operational,2,0,1923,961.5,-0.024153012144917135,,2.1.0
uniform_operational,2,0,1924,962.0,-0.023779692087417384,,2.1.0
uniform_operational,2,0,1925,962.5,-0.023193146407609194,,2.1.0
uniform_operational,2,0,1926,963.0,-0.024914507923419996,,2.1.0
uniform_operational,2,0,1927,963.5,-0.02515883107919223,,2.1.0
uniform_operational,2,0,1928,964.0,-0.024318829719313928,,2.1.0
uniform_operational,2,0,1929,964.5,-0.024755041112504844,,2.1.0
uniform_operational,2,0,1930,965.0,-0.025090964815619787,,2.1.0
uniform_operational,2,0,1931,965.5,-0.024173172262994994,-0.0020311368120020518,2.1.0
uniform_operational,2,0,1932,966.0,-0.024370196584183865,,2.1.0
uniform_operational,2,0,1933,966.5,-0.023804013429951004,,2.1.0
uniform_operational,2,0,1934,967.0,-0.024109803916666422,,2.1.0
uniform_operational,2,0,1935,967.5,-0.025283384935642403,,2.1.0
uniform_operational,2,0,1936,968.0,-0.024752239601088688,,2.1.0
uniform_operational,2,0,1937,968.5,-0.02464248027737713,,2.1.0
uniform_operational,2,0,1938,969.0,-0.02380642075780956,,2.1.0
uniform_operational,2,0,1939,969.5,-0.022526780209233932,,2.1.0
uniform_operational,2,0,1940,970.0,-0.02450826564160946,,2.1.0
uniform_operational,2,0,1941,970.5,-0.025037111191067746,-0.0008639389280727522,2.1.0
uniform_operational,2,0,1942,971.0,-0.02511738687764853,,2.1.0
uniform_operational,2,0,1943,971.5,-0.02470642072296822,,2.1.0
uniform_operational,2,0,1944,972.0,-0.025921675330653343,,2.1.0
uniform_operational,2,0,1945,972.5,-0.023756063977579636,,2.1.0
uniform_operational,2,0,1946,973.0,-0.021788919812070692,,2.1.0
uniform_operational,2,0,1947,973.5,-0.02214236119938276,,2.1.0
uniform_operational,2,0,1948,974.0,-0.0232813604222573,,2.1.0
uniform_operational,2,0,1949,974.5,-0.023353468642024852,,2.1.0
uniform_operational,2,0,1950,975.0,-0.022193514500797498,,2.1.0
uniform_operational,2,0,1951,975.5,-0.02291413894849402,0.0021229722425737257,2.1.0
uniform_operational,2,0,1952,976.0,-0.022988156561586495,,2.1.0
uniform_operational,2,0,1953,976.5,-0.02147145131109965,,2.1.0
uniform_operational,2,0,1954,977.0,-0.022649705624146227,,2.1.0
uniform_operational,2,0,1955,977.5,-0.022228231235596557,,2.1.0
uniform_operational,2,0,1956,978.0,-0.022926620539025167,,2.1.0
uniform_operational,2,0,1957,978.5,-0.023016969344711535,,2.1.0
uniform_operational,2,0,1958,979.0,-0.024320208455081316,,2.1.0
uniform_operational,2,0,1959,979.5,-0.024238860163765127,,2.1.0
uniform_operational,2,0,1960,980.0,-0.023444264768874776,,2.1.0
uniform_operational,2,0,1961,980.5,-0.021779032553090452,0.0011351063954035678,2.1.0
uniform_operational,2,0,1962,981.0,-0.020813460567719946,,2.1.0
uniform_operational,2,0,1963,981.5,-0.021165120377642843,,2.1.0
uniform_operational,2,0,1964,982.0,-0.02082844535817653,,2.1.0
uniform_operational,2,0,1965,982.5,-0.021334438272944997,,2.1.0
uniform_operational,2,0,1966,983.0,-0.023065669003589362,,2.1.0
uniform_operational,2,0,1967,983.5,-0.0230752353784507,,2.1.0
uniform_operational,2,0,1968,984.0,-0.023517621239347863,,2.1.0
uniform_operational,2,0,1969,984.5,-0.023632321580141613,,2.1.0
uniform_operational,2,0,1970,985.0,-0.02306260844453399,,2.1.0
uniform_operational,2,0,1971,985.5,-0.023363866180420384,-0.0015848336273299318,2.1.0
uniform_operational,2,0,1972,986.0,-0.022549732706912448,,2.1.0
uniform_operational,2,0,1973,986.5,-0.02272437271585173,,2.1.0
uniform_operational,2,0,1974,987.0,-0.02363277738355922,,2.1.0
uniform_operational,2,0,1975,987.5,-0.024092484916621526,,2.1.0
uniform_operational,2,0,1976,988.0,-0.022591489691333635,,2.1.0
uniform_operational,2,0,1977,988.5,-0.02314804324590826,,2.1.0
uniform_operational,2,0,1978,989.0,-0.02227084533010476,,2.1.0
uniform_operational,2,0,1979,989.5,-0.02324975580639793,,2.1.0
uniform_operational,2,0,1980,990.0,-0.023556142303733013,,2.1.0
uniform_operational,2,0,1981,990.5,-0.02313498639034406,0.00022887979007632508,2.1.0
uniform_operational,2,0,1982,991.0,-0.02369954275195575,,2.1.0
uniform_operational,2,0,1983,991.5,-0.02478475501570286,,2.1.0
uniform_operational,2,0,1984,992.0,-0.026824370531015634,,2.1.0
uniform_operational,2,0,1985,992.5,-0.027457402100702327,,2.1.0
uniform_operational,2,0,1986,993.0,-0.028657883142165205,,2.1.0
uniform_operational,2,0,1987,993.5,-0.027845265784997658,,2.1.0
uniform_operational,2,0,1988,994.0,-0.028531006409819856,,2.1.0
uniform_operational,2,0,1989,994.5,-0.029349169530801994,,2.1.0
uniform_operational,2,0,1990,995.0,-0.03076441603849038,,2.1.0
uniform_operational,2,0,1991,995.5,-0.029767652074461956,-0.006632665684117897,2.1.0
uniform_operational,2,0,1992,996.0,-0.029378288744710435,,2.1.0
uniform_operational,2,0,1993,996.5,-0.03008247046475443,,2.1.0
uniform_operational,2,0,1994,997.0,-0.028535944794917986,,2.1.0
uniform_operational,2,0,1995,997.5,-0.0304016928704752,,2.1.0
uniform_operational,2,0,1996,998.0,-0.030087545501632326,,2.1.0
uniform_operational,2,0,1997,998.5,-0.02985549282993781,,2.1.0
uniform_operational,2,0,1998,999.0,-0.030466752209742945,,2.1.0
uniform_operational,2,0,1999,999.5,-0.031764160495859534,,2.1.0
uniform_operational,2,0,2000,1000.0,-0.031082855168596185,,2.1.0
uniform_operational,2,0,2001,1000.5,-0.02892117619796815,0.0008464758764938074,2.1.0
uniform_operational,2,0,2002,1001.0,-0.02812854258145757,,2.1.0
uniform_operational,2,0,2003,1001.5,-0.029976766529077895,,2.1.0
uniform_operational,2,0,2004,1002.0,-0.02991291932134328,,2.1.0
uniform_operational,2,0,2005,1002.5,-0.027742091032579963,,2.1.0
uniform_operational,2,0,2006,1003.0,-0.027570741204180557,,2.1.0
uniform_operational,2,0,2007,1003.5,-0.028597715725321354,,2.1.0
uniform_operational,2,0,2008,1004.0,-0.029293095693545323,,2.1.0
uniform_operational,2,0,2009,1004.5,-0.029068238022715145,,2.1.0
uniform_operational,2,0,2010,1005.0,-0.029572100308884144,,2.1.0
uniform_operational,2,0,2011,1005.5,-0.029696050971582594,-0.0007748747736144451,2.1.0
uniform_operational,2,0,2012,1006.0,-0.03062389437898444,,2.1.0
uniform_operational,2,0,2013,1006.5,-0.029870284757176735,,2.1.0
uniform_operational,2,0,2014,1007.0,-0.029141718828719035,,2.1.0
uniform_operational,2,0,2015,1007.5,-0.02771208473137217,,2.1.0
uniform_operational,2,0,2016,1008.0,-0.027892701080821536,,2.1.0
uniform_operational,2,0,2017,1008.5,-0.028688702283892947,,2.1.0
uniform_operational,2,0,2018,1009.0,-0.028614487722635765,,2.1.0
uniform_operational,2,0,2019,1009.5,-0.02857834970334963,,2.1.0
uniform_operational,2,0,2020,1010.0,-0.02674128002480912,,2.1.0
uniform_operational,2,0,2021,1010.5,-0.02709509424969278,0.0026009567218898133,2.1.0
uniform_operational,2,0,2022,1011.0,-0.030291338670330098,,2.1.0
uniform_operational,2,0,2023,1011.5,-0.03122493954993437,,2.1.0
uniform_operational,2,0,2024,1012.0,-0.03216502839790236,,2.1.0
uniform_operational,2,0,2025,1012.5,-0.03233655315932793,,2.1.0
uniform_operational,2,0,2026,1013.0,-0.032066956287444034,,2.1.0
uniform_operational,2,0,2027,1013.5,-0.032897685928365464,,2.1.0
uniform_operational,2,0,2028,1014.0,-0.03289500259122782,,2.1.0
uniform_operational,2,0,2029,1014.5,-0.033110959836598675,,2.1.0
uniform_operational,2,0,2030,1015.0,-0.03380418413309731,,2.1.0
uniform_operational,2,0,2031,1015.5,-0.033455410831650476,-0.006360316581957695,2.1.0
uniform_operational,2,0,2032,1016.0,-0.03284715488438694,,2.1.0
uniform_operational,2,0,2033,1016.5,-0.03259472156694479,,2.1.0
uniform_operational,2,0,2034,1017.0,-0.032357104213438584,,2.1.0
uniform_operational,2,0,2035,1017.5,-0.033542628857946816,,2.1.0
uniform_operational,2,0,2036,1018.0,-0.03234902217483404,,2.1.0
uniform_operational,2,0,2037,1018.5,-0.0316931620506062,,2.1.0
uniform_operational,2,0,2038,1019.0,-0.0319817728803171,,2.1.0
uniform_operational,2,0,2039,1019.5,-0.031562741889103824,,2.1.0
uniform_operational,2,0,2040,1020.0,-0.029532702455546025,,2.1.0
uniform_operational,2,0,2041,1020.5,-0.029489004858713586,0.00396640597293689,2.1.0
uniform_operational,2,0,2042,1021.0,-0.02965281321934468,,2.1.0
uniform_operational,2,0,2043,1021.5,-0.031981597993683886,,2.1.0
uniform_operational,2,0,2044,1022.0,-0.030922703959512562,,2.1.0
uniform_operational,2,0,2045,1022.5,-0.02923397021569893,,2.1.0
uniform_operational,2,0,2046,1023.0,-0.028315475774704668,,2.1.0
uniform_operational,2,0,2047,1023.5,-0.028754356203828574,,2.1.0
uniform_operational,2,0,2048,1024.0,-0.029117458431148643,,2.1.0
uniform_operational,2,0,2049,1024.5,-0.029396963680724295,,2.1.0
uniform_operational,2,0,2050,1025.0,-0.0321229088376869,,2.1.0
uniform_operational,2,0,2051,1025.5,-0.03155316029025561,-0.0020641554315420224,2.1.0
uniform_operational,2,0,2052,1026.0,-0.03337421846841815,,2.1.0
uniform_operational,2,0,2053,1026.5,-0.03518224244504119,,2.1.0
uniform_operational,2,0,2054,1027.0,-0.034790525764107724,,2.1.0
uniform_operational,2,0,2055,1027.5,-0.03520071415016793,,2.1.0
uniform_operational,2,0,2056,1028.0,-0.03446795101094552,,2.1.0
uniform_operational,2,0,2057,1028.5,-0.034154253894720155,,2.1.0
uniform_operational,2,0,2058,1029.0,-0.03471892023832028,,2.1.0
uniform_operational,2,0,2059,1029.5,-0.03344407625846632,,2.1.0
uniform_operational,2,0,2060,1030.0,-0.032431630297357086,,2.1.0
uniform_operational,2,0,2061,1030.5,-0.029460068594691094,0.002093091695564514,2.1.0
uniform_operational,2,0,2062,1031.0,-0.028463338065133112,,2.1.0
uniform_operational,2,0,2063,1031.5,-0.027961015227974687,,2.1.0
uniform_operational,2,0,2064,1032.0,-0.027608567793281177,,2.1.0
uniform_operational,2,0,2065,1032.5,-0.028723321262002485,,2.1.0
uniform_operational,2,0,2066,1033.0,-0.02817881675851147,,2.1.0
uniform_operational,2,0,2067,1033.5,-0.027643088994457332,,2.1.0
uniform_operational,2,0,2068,1034.0,-0.028400341245146482,,2.1.0
uniform_operational,2,0,2069,1034.5,-0.02710622429901459,,2.1.0
uniform_operational,2,0,2070,1035.0,-0.02746572275636415,,2.1.0
uniform_operational,2,0,2071,1035.5,-0.026908994993035507,0.0025510736016555874,2.1.0
uniform_operational,2,0,2072,1036.0,-0.026261825192489846,,2.1.0
uniform_operational,2,0,2073,1036.5,-0.025045849930455333,,2.1.0
uniform_operational,2,0,2074,1037.0,-0.024831862836999702,,2.1.0
uniform_operational,2,0,2075,1037.5,-0.024349718035441614,,2.1.0
uniform_operational,2,0,2076,1038.0,-0.02379139544733007,,2.1.0
uniform_operational,2,0,2077,1038.5,-0.0233690866933748,,2.1.0
uniform_operational,2,0,2078,1039.0,-0.023565498255567308,,2.1.0
uniform_operational,2,0,2079,1039.5,-0.023125675028965162,,2.1.0
uniform_operational,2,0,2080,1040.0,-0.02361614558657646,,2.1.0
uniform_operational,2,0,2081,1040.5,-0.02289173589011112,0.0040172591029243865,2.1.0
uniform_operational,2,0,2082,1041.0,-0.023109093803292735,,2.1.0
uniform_operational,2,0,2083,1041.5,-0.02467299386568425,,2.1.0
uniform_operational,2,0,2084,1042.0,-0.024919398694089046,,2.1.0
uniform_operational,2,0,2085,1042.5,-0.025466033127711937,,2.1.0
uniform_operational,2,0,2086,1043.0,-0.025901406400883065,,2.1.0
uniform_operational,2,0,2087,1043.5,-0.0256860666871834,,2.1.0
uniform_operational,2,0,2088,1044.0,-0.026466867100432626,,2.1.0
uniform_operational,2,0,2089,1044.5,-0.02695671666725849,,2.1.0
uniform_operational,2,0,2090,1045.0,-0.028423869438112342,,2.1.0
uniform_operational,2,0,2091,1045.5,-0.02732070834429634,-0.0044289724541852205,2.1.0
uniform_operational,2,0,2092,1046.0,-0.028580873050236683,,2.1.0
uniform_operational,2,0,2093,1046.5,-0.02916385945981556,,2.1.0
uniform_operational,2,0,2094,1047.0,-0.030104340470911373,,2.1.0
uniform_operational,2,0,2095,1047.5,-0.029102815791542766,,2.1.0
uniform_operational,2,0,2096,1048.0,-0.028181647797606915,,2.1.0
uniform_operational,2,0,2097,1048.5,-0.02806887802980744,,2.1.0
uniform_operational,2,0,2098,1049.0,-0.02812291168099744,,2.1.0
uniform_operational,2,0,2099,1049.5,-0.02860563978942758,,2.1.0
uniform_operational,2,0,2100,1050.0,-0.02932411711079623,,2.1.0
uniform_operational,2,0,2101,1050.5,-0.02860946245568194,-0.0012887541113855983,2.1.0
uniform_operational,2,0,2102,1051.0,-0.02828533787589052,,2.1.0
uniform_operational,2,0,2103,1051.5,-0.026390288774607237,,2.1.0
uniform_operational,2,0,2104,1052.0,-0.025423004713023237,,2.1.0
uniform_operational,2,0,2105,1052.5,-0.02630918064179369,,2.1.0
uniform_operational,2,0,2106,1053.0,-0.025320943010542954,,2.1.0
uniform_operational,2,0,2107,1053.5,-0.025968176249382607,,2.1.0
uniform_operational,2,0,2108,1054.0,-0.026552929880258022,,2.1.0
uniform_operational,2,0,2109,1054.5,-0.027124676225419586,,2.1.0
uniform_operational,2,0,2110,1055.0,-0.026647791210649266,,2.1.0
uniform_operational,2,0,2111,1055.5,-0.026099905669447573,0.0025095567862343654,2.1.0
uniform_operational,2,0,2112,1056.0,-0.025505371034431054,,2.1.0
uniform_operational,2,0,2113,1056.5,-0.024399011481677182,,2.1.0
uniform_operational,2,0,2114,1057.0,-0.024609062925728536,,2.1.0
uniform_operational,2,0,2115,1057.5,-0.024586647098721076,,2.1.0
uniform_operational,2,0,2116,1058.0,-0.02134000167173586,,2.1.0
uniform_operational,2,0,2117,1058.5,-0.022139293800140833,,2.1.0
uniform_operational,2,0,2118,1059.0,-0.022083873636918785,,2.1.0
uniform_operational,2,0,2119,1059.5,-0.020909515931310657,,2.1.0
uniform_operational,2,0,2120,1060.0,-0.01988896760852879,,2.1.0
uniform_operational,2,0,2121,1060.5,-0.021779722953293473,0.0043201827161541,2.1.0
uniform_operational,2,0,2122,1061.0,-0.02205122431198439,,2.1.0
uniform_operational,2,0,2123,1061.5,-0.022783728643849158,,2.1.0
uniform_operational,2,0,2124,1062.0,-0.02326496875654857,,2.1.0
uniform_operational,2,0,2125,1062.5,-0.02213300966349882,,2.1.0
uniform_operational,2,0,2126,1063.0,-0.021819626347281906,,2.1.0
uniform_operational,2,0,2127,1063.5,-0.020441007210838316,,2.1.0
uniform_operational,2,0,2128,1064.0,-0.021239451020481928,,2.1.0
uniform_operational,2,0,2129,1064.5,-0.021743924460589828,,2.1.0
uniform_operational,2,0,2130,1065.0,-0.02134603857769611,,2.1.0
uniform_operational,2,0,2131,1065.5,-0.023007144406986105,-0.0012274214536926314,2.1.0
uniform_operational,2,0,2132,1066.0,-0.02281269760710382,,2.1.0
uniform_operational,2,0,2133,1066.5,-0.021938275061014936,,2.1.0
uniform_operational,2,0,2134,1067.0,-0.02262688101092193,,2.1.0
uniform_operational,2,0,2135,1067.5,-0.02222990246878466,,2.1.0
uniform_operational,2,0,2136,1068.0,-0.02057781600303299,,2.1.0
uniform_operational,2,0,2137,1068.5,-0.01899287665500818,,2.1.0
uniform_operational,2,0,2138,1069.0,-0.01632390746792131,,2.1.0
uniform_operational,2,0,2139,1069.5,-0.01685346144359487,,2.1.0
uniform_operational,2,0,2140,1070.0,-0.016684751613632157,,2.1.0
uniform_operational,2,0,2141,1070.5,-0.01627593755118846,0.0067312068557976446,2.1.0
uniform_operational,2,0,2142,1071.0,-0.017163556863524485,,2.1.0
uniform_operational,2,0,2143,1071.5,-0.017506723056484333,,2.1.0
uniform_operational,2,0,2144,1072.0,-0.019486296859677107,,2.1.0
uniform_operational,2,0,2145,1072.5,-0.020694733796322418,,2.1.0
uniform_operational,2,0,2146,1073.0,-0.020850545537651685,,2.1.0
uniform_operational,2,0,2147,1073.5,-0.021206189921103902,,2.1.0
uniform_operational,2,0,2148,1074.0,-0.018566742714522022,,2.1.0
uniform_operational,2,0,2149,1074.5,-0.017586310465994084,,2.1.0
uniform_operational,2,0,2150,1075.0,-0.017886521582317044,,2.1.0
uniform_operational,2,0,2151,1075.5,-0.018467508117401346,-0.002191570566212886,2.1.0
uniform_operational,2,0,2152,1076.0,-0.018124211308054583,,2.1.0
uniform_operational,2,0,2153,1076.5,-0.017498626745463736,,2.1.0
uniform_operational,2,0,2154,1077.0,-0.017128101451808195,,2.1.0
uniform_operational,2,0,2155,1077.5,-0.018518481694919625,,2.1.0
uniform_operational,2,0,2156,1078.0,-0.019772719783622147,,2.1.0
uniform_operational,2,0,2157,1078.5,-0.019200776569539654,,2.1.0
uniform_operational,2,0,2158,1079.0,-0.020275317516684682,,2.1.0
uniform_operational,2,0,2159,1079.5,-0.020034699459842265,,2.1.0
uniform_operational,2,0,2160,1080.0,-0.01991972448770897,,2.1.0
uniform_operational,2,0,2161,1080.5,-0.019718124247098928,-0.001250616129697582,2.1.0
uniform_operational,2,0,2162,1081.0,-0.020689042940402524,,2.1.0
uniform_operational,2,0,2163,1081.5,-0.022127155236503257,,2.1.0
uniform_operational,2,0,2164,1082.0,-0.021697449836883195,,2.1.0
uniform_operational,2,0,2165,1082.5,-0.02185168630758541,,2.1.0
uniform_operational,2,0,2166,1083.0,-0.021222023406828897,,2.1.0
uniform_operational,2,0,2167,1083.5,-0.02025923574783761,,2.1.0
uniform_operational,2,0,2168,1084.0,-0.022325664324555808,,2.1.0
uniform_operational,2,0,2169,1084.5,-0.020404855233551275,,2.1.0
uniform_operational,2,0,2170,1085.0,-0.020421761361488655,,2.1.0
uniform_operational,2,0,2171,1085.5,-0.021136661374948032,-0.0014185371278491038,2.1.0
uniform_operational,2,0,2172,1086.0,-0.019386189551264782,,2.1.0
uniform_operational,2,0,2173,1086.5,-0.020411175423433056,,2.1.0
uniform_operational,2,0,2174,1087.0,-0.019037789481798642,,2.1.0
uniform_operational,2,0,2175,1087.5,-0.01765143378160071,,2.1.0
uniform_operational,2,0,2176,1088.0,-0.017110792811424663,,2.1.0
uniform_operational,2,0,2177,1088.5,-0.017731101538622715,,2.1.0
uniform_operational,2,0,2178,1089.0,-0.020359377204305584,,2.1.0
uniform_operational,2,0,2179,1089.5,-0.020061081063598926,,2.1.0
uniform_operational,2,0,2180,1090.0,-0.019458158316591978,,2.1.0
uniform_operational,2,0,2181,1090.5,-0.02059293775560067,0.000543723619347361,2.1.0
uniform_operational,2,0,2182,1091.0,-0.020686464464505602,,2.1.0
uniform_operational,2,0,2183,1091.5,-0.021357790380270858,,2.1.0
uniform_operational,2,0,2184,1092.0,-0.020985313836483846,,2.1.0
uniform_operational,2,0,2185,1092.5,-0.019545437369312538,,2.1.0
uniform_operational,2,0,2186,1093.0,-0.01951187723770796,,2.1.0
uniform_operational,2,0,2187,1093.5,-0.020411866774186826,,2.1.0
uniform_operational,2,0,2188,1094.0,-0.020691127471867146,,2.1.0
uniform_operational,2,0,2189,1094.5,-0.02147849410104595,,2.1.0
uniform_operational,2,0,2190,1095.0,-0.02326999440620635,,2.1.0
uniform_operational,2,0,2191,1095.5,-0.021015657183262204,-0.00042271942766153314,2.1.0
uniform_operational,2,0,2192,1096.0,-0.021270486948652273,,2.1.0
uniform_operational,2,0,2193,1096.5,-0.02317146974509532,,2.1.0
uniform_operational,2,0,2194,1097.0,-0.022975508118589838,,2.1.0
uniform_operational,2,0,2195,1097.5,-0.023328519938924208,,2.1.0
uniform_operational,2,0,2196,1098.0,-0.023779842901065662,,2.1.0
uniform_operational,2,0,2197,1098.5,-0.02326579628884326,,2.1.0
uniform_operational,2,0,2198,1099.0,-0.023663493543056885,,2.1.0
uniform_operational,2,0,2199,1099.5,-0.023525844937429097,,2.1.0
uniform_operational,2,0,2200,1100.0,-0.02406038525687848,,2.1.0
uniform_operational,2,0,2201,1100.5,-0.024597261862955286,-0.0035816046796930817,2.1.0
uniform_operational,2,0,2202,1101.0,-0.02447490476671378,,2.1.0
uniform_operational,2,0,2203,1101.5,-0.021618199533661023,,2.1.0
uniform_operational,2,0,2204,1102.0,-0.022544709202278412,,2.1.0
uniform_operational,2,0,2205,1102.5,-0.023758790588331274,,2.1.0
uniform_operational,2,0,2206,1103.0,-0.025044832771477843,,2.1.0
uniform_operational,2,0,2207,1103.5,-0.024603669013854537,,2.1.0
uniform_operational,2,0,2208,1104.0,-0.02464323194670931,,2.1.0
uniform_operational,2,0,2209,1104.5,-0.024285234130992595,,2.1.0
uniform_operational,2,0,2210,1105.0,-0.024939863242884566,,2.1.0
uniform_operational,2,0,2211,1105.5,-0.02560389173602548,-0.0010066298730701945,2.1.0
uniform_operational,2,0,2212,1106.0,-0.025593601664783514,,2.1.0
uniform_operational,2,0,2213,1106.5,-0.026249024421487493,,2.1.0
uniform_operational,2,0,2214,1107.0,-0.025823000160690224,,2.1.0
uniform_operational,2,0,2215,1107.5,-0.02601622286433468,,2.1.0
uniform_operational,2,0,2216,1108.0,-0.026291920442697597,,2.1.0
uniform_operational,2,0,2217,1108.5,-0.025128814208183636,,2.1.0
uniform_operational,2,0,2218,1109.0,-0.024234552769156162,,2.1.0
uniform_operational,2,0,2219,1109.5,-0.025679853705869463,,2.1.0
uniform_operational,2,0,2220,1110.0,-0.02568602679767157,,2.1.0
uniform_operational,2,0,2221,1110.5,-0.027513218448915314,-0.0019093267128898334,2.1.0
uniform_operational,2,0,2222,1111.0,-0.026955829866322778,,2.1.0
uniform_operational,2,0,2223,1111.5,-0.027134793358194464,,2.1.0
uniform_operational,2,0,2224,1112.0,-0.028162943859198472,,2.1.0
uniform_operational,2,0,2225,1112.5,-0.02824780015168682,,2.1.0
uniform_operational,2,0,2226,1113.0,-0.028651869162015453,,2.1.0
uniform_operational,2,0,2227,1113.5,-0.0290895680870928,,2.1.0
uniform_operational,2,0,2228,1114.0,-0.0299766874758145,,2.1.0
uniform_operational,2,0,2229,1114.5,-0.031147069963999394,,2.1.0
uniform_operational,2,0,2230,1115.0,-0.03147746771484729,,2.1.0
uniform_operational,2,0,2231,1115.5,-0.030576127294696054,-0.00306290884578074,2.1.0
uniform_operational,2,0,2232,1116.0,-0.029986399594533364,,2.1.0
uniform_operational,2,0,2233,1116.5,-0.030384763311572943,,2.1.0
uniform_operational,2,0,2234,1117.0,-0.028732660801572163,,2.1.0
uniform_operational,2,0,2235,1117.5,-0.02848045229880261,,2.1.0
uniform_operational,2,0,2236,1118.0,-0.02815440815052031,,2.1.0
uniform_operational,2,0,2237,1118.5,-0.028922106717199914,,2.1.0
uniform_operational,2,0,2238,1119.0,-0.029354422826402188,,2.1.0
uniform_operational,2,0,2239,1119.5,-0.02975743076393815,,2.1.0
uniform_operational,2,0,2240,1120.0,-0.030135708981177484,,2.1.0
uniform_operational,2,0,2241,1120.5,-0.03074776094657873,-0.0001716336518826772,2.1.0
uniform_operational,2,0,2242,1121.0,-0.0313682255114823,,2.1.0
uniform_operational,2,0,2243,1121.5,-0.029204244596500895,,2.1.0
uniform_operational,2,0,2244,1122.0,-0.028710757557015187,,2.1.0
uniform_operational,2,0,2245,1122.5,-0.02814733693616006,,2.1.0
uniform_operational,2,0,2246,1123.0,-0.028385375734359508,,2.1.0
uniform_operational,2,0,2247,1123.5,-0.028490748890696804,,2.1.0
uniform_operational,2,0,2248,1124.0,-0.02903867309625409,,2.1.0
uniform_operational,2,0,2249,1124.5,-0.029613726413567965,,2.1.0
uniform_operational,2,0,2250,1125.0,-0.0290257402023356,,2.1.0
uniform_operational,2,0,2251,1125.5,-0.02912142645260979,0.0016263344939689423,2.1.0
uniform_operational,2,0,2252,1126.0,-0.02976067621469622,,2.1.0
uniform_operational,2,0,2253,1126.5,-0.03039553612190253,,2.1.0
uniform_operational,2,0,2254,1127.0,-0.0309500431995242,,2.1.0
uniform_operational,2,0,2255,1127.5,-0.029907382966979867,,2.1.0
uniform_operational,2,0,2256,1128.0,-0.030107844381460525,,2.1.0
uniform_operational,2,0,2257,1128.5,-0.030606716148710023,,2.1.0
uniform_operational,2,0,2258,1129.0,-0.03240367872666415,,2.1.0
uniform_operational,2,0,2259,1129.5,-0.033209214229397474,,2.1.0
uniform_operational,2,0,2260,1130.0,-0.03381984973772438,,2.1.0
uniform_operational,2,0,2261,1130.5,-0.032231091895547084,-0.0031096654429372955,2.1.0
uniform_operational,2,0,2262,1131.0,-0.032808319403103206,,2.1.0
uniform_operational,2,0,2263,1131.5,-0.035158406514658735,,2.1.0
uniform_operational,2,0,2264,1132.0,-0.036381108144703675,,2.1.0
uniform_operational,2,0,2265,1132.5,-0.03601114265500528,,2.1.0
uniform_operational,2,0,2266,1133.0,-0.036669323651501426,,2.1.0
uniform_operational,2,0,2267,1133.5,-0.03634447442066463,,2.1.0
uniform_operational,2,0,2268,1134.0,-0.03559571735810835,,2.1.0
uniform_operational,2,0,2269,1134.5,-0.03513989229677911,,2.1.0
uniform_operational,2,0,2270,1135.0,-0.03488334046184717,,2.1.0
uniform_operational,2,0,2271,1135.5,-0.03497235189970188,-0.002741260004154797,2.1.0
uniform_operational,2,0,2272,1136.0,-0.03467676464839106,,2.1.0
uniform_operational,2,0,2273,1136.5,-0.03513713609510154,,2.1.0
uniform_operational,2,0,2274,1137.0,-0.03446290539855386,,2.1.0
uniform_operational,2,0,2275,1137.5,-0.035764574455981024,,2.1.0
uniform_operational,2,0,2276,1138.0,-0.036879018140578354,,2.1.0
uniform_operational,2,0,2277,1138.5,-0.03679754465611072,,2.1.0
uniform_operational,2,0,2278,1139.0,-0.034365852900383506,,2.1.0
uniform_operational,2,0,2279,1139.5,-0.03477868100716715,,2.1.0
uniform_operational,2,0,2280,1140.0,-0.03476389847314525,,2.1.0
uniform_operational,2,0,2281,1140.5,-0.03540722203293907,-0.00043487013323718904,2.1.0
uniform_operational,2,0,2282,1141.0,-0.035108383687068395,,2.1.0
uniform_operational,2,0,2283,1141.5,-0.03699495171500379,,2.1.0
uniform_operational,2,0,2284,1142.0,-0.0366736303314015,,2.1.0
uniform_operational,2,0,2285,1142.5,-0.03719065668228341,,2.1.0
uniform_operational,2,0,2286,1143.0,-0.038327955204880984,,2.1.0
uniform_operational,2,0,2287,1143.5,-0.0392425066840606,,2.1.0
uniform_operational,2,0,2288,1144.0,-0.038789608808844474,,2.1.0
uniform_operational,2,0,2289,1144.5,-0.0406555252087761,,2.1.0
uniform_operational,2,0,2290,1145.0,-0.040097668165720586,,2.1.0
uniform_operational,2,0,2291,1145.5,-0.040280047186202275,-0.004872825153263205,2.1.0
uniform_operational,2,0,2292,1146.0,-0.038973021899002626,,2.1.0
uniform_operational,2,0,2293,1146.5,-0.03607098142094013,,2.1.0
uniform_operational,2,0,2294,1147.0,-0.03527686871978776,,2.1.0
uniform_operational,2,0,2295,1147.5,-0.03396587805009431,,2.1.0
uniform_operational,2,0,2296,1148.0,-0.03400281961887526,,2.1.0
uniform_operational,2,0,2297,1148.5,-0.0349390279526136,,2.1.0
uniform_operational,2,0,2298,1149.0,-0.0358246057966624,,2.1.0
uniform_operational,2,0,2299,1149.5,-0.03510145867395713,,2.1.0
uniform_operational,2,0,2300,1150.0,-0.034616459715451756,,2.1.0
uniform_operational,2,0,2301,1150.5,-0.03630302325014677,0.003977023936055507,2.1.0
uniform_operational,2,0,2302,1151.0,-0.03750602129521484,,2.1.0
uniform_operational,2,0,2303,1151.5,-0.03732618296224925,,2.1.0
uniform_operational,2,0,2304,1152.0,-0.03820203968629702,,2.1.0
uniform_operational,2,0,2305,1152.5,-0.03723939463069559,,2.1.0
uniform_operational,2,0,2306,1153.0,-0.03716228408141539,,2.1.0
uniform_operational,2,0,2307,1153.5,-0.03718810698167946,,2.1.0
uniform_operational,2,0,2308,1154.0,-0.03547199758631851,,2.1.0
uniform_operational,2,0,2309,1154.5,-0.03436892251753314,,2.1.0
uniform_operational,2,0,2310,1155.0,-0.0338433616582889,,2.1.0
uniform_operational,2,0,2311,1155.5,-0.03383248248796546,0.0024705407621813114,2.1.0
uniform_operational,2,0,2312,1156.0,-0.034095094521130825,,2.1.0
uniform_operational,2,0,2313,1156.5,-0.0345195789551105,,2.1.0
uniform_operational,2,0,2314,1157.0,-0.03411342508638915,,2.1.0
uniform_operational,2,0,2315,1157.5,-0.03402403134034479,,2.1.0
uniform_operational,2,0,2316,1158.0,-0.03218287784147658,,2.1.0
uniform_operational,2,0,2317,1158.5,-0.03295866667947056,,2.1.0
uniform_operational,2,0,2318,1159.0,-0.0336565923496675,,2.1.0
uniform_operational,2,0,2319,1159.5,-0.03418490930771609,,2.1.0
uniform_operational,2,0,2320,1160.0,-0.03424157985683021,,2.1.0
uniform_operational,2,0,2321,1160.5,-0.03368726661093943,0.00014521587702602534,2.1.0
uniform_operational,2,0,2322,1161.0,-0.03389534890374836,,2.1.0
uniform_operational,2,0,2323,1161.5,-0.033187886155057966,,2.1.0
uniform_operational,2,0,2324,1162.0,-0.03357718094386171,,2.1.0
uniform_operational,2,0,2325,1162.5,-0.033596669978181753,,2.1.0
uniform_operational,2,0,2326,1163.0,-0.03246889119970839,,2.1.0
uniform_operational,2,0,2327,1163.5,-0.03193635341436224,,2.1.0
uniform_operational,2,0,2328,1164.0,-0.03212169854858277,,2.1.0
uniform_operational,2,0,2329,1164.5,-0.033243606792337316,,2.1.0
uniform_operational,2,0,2330,1165.0,-0.03368533439020255,,2.1.0
uniform_operational,2,0,2331,1165.5,-0.03503716996544512,-0.0013499033545056882,2.1.0
uniform_operational,2,0,2332,1166.0,-0.03496782304919374,,2.1.0
uniform_operational,2,0,2333,1166.5,-0.03515877256883325,,2.1.0
uniform_operational,2,0,2334,1167.0,-0.035217215745423094,,2.1.0
uniform_operational,2,0,2335,1167.5,-0.03517598295147374,,2.1.0
uniform_operational,2,0,2336,1168.0,-0.03394633358877333,,2.1.0
uniform_operational,2,0,2337,1168.5,-0.033576603310480235,,2.1.0
uniform_operational,2,0,2338,1169.0,-0.033341040330844576,,2.1.0
uniform_operational,2,0,2339,1169.5,-0.032753447488798965,,2.1.0
uniform_operational,2,0,2340,1170.0,-0.03257885740315006,,2.1.0
uniform_operational,2,0,2341,1170.5,-0.030865791230671805,0.004171378734773315,2.1.0
uniform_operational,2,0,2342,1171.0,-0.029333162186149245,,2.1.0
uniform_operational,2,0,2343,1171.5,-0.02970424020062784,,2.1.0
uniform_operational,2,0,2344,1172.0,-0.030739596731353944,,2.1.0
uniform_operational,2,0,2345,1172.5,-0.029876565400526467,,2.1.0
uniform_operational,2,0,2346,1173.0,-0.02882745683368851,,2.1.0
uniform_operational,2,0,2347,1173.5,-0.02738014216386532,,2.1.0
uniform_operational,2,0,2348,1174.0,-0.027851576180827786,,2.1.0
uniform_operational,2,0,2349,1174.5,-0.029250553416537775,,2.1.0
uniform_operational,2,0,2350,1175.0,-0.028300219990487027,,2.1.0
uniform_operational,2,0,2351,1175.5,-0.028791521786357244,0.002074269444314561,2.1.0
uniform_operational,2,0,2352,1176.0,-0.027574256829902777,,2.1.0
uniform_operational,2,0,2353,1176.5,-0.02963621148119551,,2.1.0
uniform_operational,2,0,2354,1177.0,-0.030262852057602485,,2.1.0
uniform_operational,2,0,2355,1177.5,-0.03016066093253683,,2.1.0
uniform_operational,2,0,2356,1178.0,-0.028530680440132752,,2.1.0
uniform_operational,2,0,2357,1178.5,-0.02928106197584214,,2.1.0
uniform_operational,2,0,2358,1179.0,-0.03002016572204054,,2.1.0
uniform_operational,2,0,2359,1179.5,-0.030073319638637144,,2.1.0
uniform_operational,2,0,2360,1180.0,-0.028256258530792902,,2.1.0
uniform_operational,2,0,2361,1180.5,-0.02918682045267268,-0.00039529866631543564,2.1.0
uniform_operational,2,0,2362,1181.0,-0.028695529294185243,,2.1.0
uniform_operational,2,0,2363,1181.5,-0.029756805604370537,,2.1.0
uniform_operational,2,0,2364,1182.0,-0.03081418711235083,,2.1.0
uniform_operational,2,0,2365,1182.5,-0.029639395103550265,,2.1.0
uniform_operational,2,0,2366,1183.0,-0.029666688062327265,,2.1.0
uniform_operational,2,0,2367,1183.5,-0.03169688548444516,,2.1.0
uniform_operational,2,0,2368,1184.0,-0.032275863156856446,,2.1.0
uniform_operational,2,0,2369,1184.5,-0.03382282714267444,,2.1.0
uniform_operational,2,0,2370,1185.0,-0.034036143735881194,,2.1.0
uniform_operational,2,0,2371,1185.5,-0.03449513425851074,-0.005308313805838058,2.1.0
uniform_operational,2,0,2372,1186.0,-0.03409500573386502,,2.1.0
uniform_operational,2,0,2373,1186.5,-0.03324935169736741,,2.1.0
uniform_operational,2,0,2374,1187.0,-0.0326675104539241,,2.1.0
uniform_operational,2,0,2375,1187.5,-0.03228371088796475,,2.1.0
uniform_operational,2,0,2376,1188.0,-0.03231737012796679,,2.1.0
uniform_operational,2,0,2377,1188.5,-0.03269740789957368,,2.1.0
uniform_operational,2,0,2378,1189.0,-0.0339044667332172,,2.1.0
uniform_operational,2,0,2379,1189.5,-0.03424136383333572,,2.1.0
uniform_operational,2,0,2380,1190.0,-0.03617596367495697,,2.1.0
uniform_operational,2,0,2381,1190.5,-0.034856639298376485,-0.00036150503986574767,2.1.0
uniform_operational,2,0,2382,1191.0,-0.033377839052522215,,2.1.0
uniform_operational,2,0,2383,1191.5,-0.03364181927202954,,2.1.0
uniform_operational,2,0,2384,1192.0,-0.03337404722951101,,2.1.0
uniform_operational,2,0,2385,1192.5,-0.03209647736076533,,2.1.0
uniform_operational,2,0,2386,1193.0,-0.03304772859397406,,2.1.0
uniform_operational,2,0,2387,1193.5,-0.03419125543775728,,2.1.0
uniform_operational,2,0,2388,1194.0,-0.03358161116411659,,2.1.0
uniform_operational,2,0,2389,1194.5,-0.03469680073387853,,2.1.0
uniform_operational,2,0,2390,1195.0,-0.0338681954637855,,2.1.0
uniform_operational,2,0,2391,1195.5,-0.03261434650894543,0.002242292789431055,2.1.0
uniform_operational,2,0,2392,1196.0,-0.03324984004774101,,2.1.0
uniform_operational,2,0,2393,1196.5,-0.03508068273849635,,2.1.0
uniform_operational,2,0,2394,1197.0,-0.03513106671019153,,2.1.0
uniform_operational,2,0,2395,1197.5,-0.03453339104398162,,2.1.0
uniform_operational,2,0,2396,1198.0,-0.03601715641511713,,2.1.0
uniform_operational,2,0,2397,1198.5,-0.035101266496724515,,2.1.0
uniform_operational,2,0,2398,1199.0,-0.035616280208628226,,2.1.0
uniform_operational,2,0,2399,1199.5,-0.03715065012928692,,2.1.0
uniform_operational,2,0,2400,1200.0,-0.03711938603790088,,2.1.0
uniform_operational,2,0,2401,1200.5,-0.03537199787716727,-0.0027576513682218418,2.1.0
uniform_operational,2,0,2402,1201.0,-0.03668688432616593,,2.1.0
uniform_operational,2,0,2403,1201.5,-0.035272791754908925,,2.1.0
uniform_operational,2,0,2404,1202.0,-0.035983763884953945,,2.1.0
uniform_operational,2,0,2405,1202.5,-0.03583504230521349,,2.1.0
uniform_operational,2,0,2406,1203.0,-0.035902141645323404,,2.1.0
uniform_operational,2,0,2407,1203.5,-0.03574783045333357,,2.1.0
uniform_operational,2,0,2408,1204.0,-0.03605008781032144,,2.1.0
uniform_operational,2,0,2409,1204.5,-0.03593633013629895,,2.1.0
uniform_operational,2,0,2410,1205.0,-0.034941020360469505,,2.1.0
uniform_operational,2,0,2411,1205.5,-0.035656275125976813,-0.00028427724880954186,2.1.0
uniform_operational,2,0,2412,1206.0,-0.036750854218820544,,2.1.0
uniform_operational,2,0,2413,1206.5,-0.03683353374221977,,2.1.0
uniform_operational,2,0,2414,1207.0,-0.03591083699328601,,2.1.0
uniform_operational,2,0,2415,1207.5,-0.03725151522818344,,2.1.0
uniform_operational,2,0,2416,1208.0,-0.03905523265560178,,2.1.0
uniform_operational,2,0,2417,1208.5,-0.0398783197430811,,2.1.0
uniform_operational,2,0,2418,1209.0,-0.04081680844686974,,2.1.0
uniform_operational,2,0,2419,1209.5,-0.04080423956963294,,2.1.0
uniform_operational,2,0,2420,1210.0,-0.04412882067918692,,2.1.0
uniform_operational,2,0,2421,1210.5,-0.044117229688931815,-0.008460954562955002,2.1.0
uniform_operational,2,0,2422,1211.0,-0.04413101088982204,,2.1.0
uniform_operational,2,0,2423,1211.5,-0.04389901464538231,,2.1.0
uniform_operational,2,0,2424,1212.0,-0.04279554547154343,,2.1.0
uniform_operational,2,0,2425,1212.5,-0.04264280196865917,,2.1.0
uniform_operational,2,0,2426,1213.0,-0.044093330344248415,,2.1.0
uniform_operational,2,0,2427,1213.5,-0.044847789968735376,,2.1.0
uniform_operational,2,0,2428,1214.0,-0.04410394249063303,,2.1.0
uniform_operational,2,0,2429,1214.5,-0.04403074650105575,,2.1.0
uniform_operational,2,0,2430,1215.0,-0.043315336029421385,,2.1.0
uniform_operational,2,0,2431,1215.5,-0.0403660096100388,0.0037512200788930167,2.1.0
uniform_operational,2,0,2432,1216.0,-0.04068736920578517,,2.1.0
uniform_operational,2,0,2433,1216.5,-0.04088295801770224,,2.1.0
uniform_operational,2,0,2434,1217.0,-0.040494380095054905,,2.1.0
uniform_operational,2,0,2435,1217.5,-0.041477686809633374,,2.1.0
uniform_operational,2,0,2436,1218.0,-0.04169669282878901,,2.1.0
uniform_operational,2,0,2437,1218.5,-0.04178067555182119,,2.1.0
uniform_operational,2,0,2438,1219.0,-0.0417619220896994,,2.1.0
uniform_operational,2,0,2439,1219.5,-0.04119424809559572,,2.1.0
uniform_operational,2,0,2440,1220.0,-0.04384988146847339,,2.1.0
uniform_operational,2,0,2441,1220.5,-0.043595232989355415,-0.003229223379316616,2.1.0
uniform_operational,2,0,2442,1221.0,-0.04191772775915853,,2.1.0
uniform_operational,2,0,2443,1221.5,-0.03952863201438676,,2.1.0
uniform_operational,2,0,2444,1222.0,-0.03973987475569974,,2.1.0
uniform_operational,2,0,2445,1222.5,-0.039499843116491594,,2.1.0
uniform_operational,2,0,2446,1223.0,-0.039974751850174337,,2.1.0
uniform_operational,2,0,2447,1223.5,-0.04156390882541065,,2.1.0
uniform_operational,2,0,2448,1224.0,-0.04040445255155129,,2.1.0
uniform_operational,2,0,2449,1224.5,-0.03928141758712872,,2.1.0
uniform_operational,2,0,2450,1225.0,-0.041130038253363685,,2.1.0
uniform_operational,2,0,2451,1225.5,-0.04115889757115913,0.002436335418196288,2.1.0
uniform_operational,2,0,2452,1226.0,-0.04085682515298427,,2.1.0
uniform_operational,2,0,2453,1226.5,-0.042521765180774836,,2.1.0
uniform_operational,2,0,2454,1227.0,-0.04351173579185541,,2.1.0
uniform_operational,2,0,2455,1227.5,-0.04488522132194008,,2.1.0
uniform_operational,2,0,2456,1228.0,-0.04531381415952469,,2.1.0
uniform_operational,2,0,2457,1228.5,-0.043483860011139894,,2.1.0
uniform_operational,2,0,2458,1229.0,-0.043855353725238404,,2.1.0
uniform_operational,2,0,2459,1229.5,-0.043582426273016193,,2.1.0
uniform_operational,2,0,2460,1230.0,-0.04319561377969798,,2.1.0
uniform_operational,2,0,2461,1230.5,-0.04316355849106758,-0.0020046609199084534,2.1.0
uniform_operational,2,0,2462,1231.0,-0.040559986482496035,,2.1.0
uniform_operational,2,0,2463,1231.5,-0.040746892982400286,,2.1.0
uniform_operational,2,0,2464,1232.0,-0.04108335163477141,,2.1.0
uniform_operational,2,0,2465,1232.5,-0.040072905059382984,,2.1.0
uniform_operational,2,0,2466,1233.0,-0.041394906139213074,,2.1.0
uniform_operational,2,0,2467,1233.5,-0.043256432948684365,,2.1.0
uniform_operational,2,0,2468,1234.0,-0.042145589165528775,,2.1.0
uniform_operational,2,0,2469,1234.5,-0.04181978446214817,,2.1.0
uniform_operational,2,0,2470,1235.0,-0.0401115445924697,,2.1.0
uniform_operational,2,0,2471,1235.5,-0.03840648274011174,0.004757075750955839,2.1.0
uniform_operational,2,0,2472,1236.0,-0.039648201405290774,,2.1.0
uniform_operational,2,0,2473,1236.5,-0.038415665198436595,,2.1.0
uniform_operational,2,0,2474,1237.0,-0.03861698659903828,,2.1.0
uniform_operational,2,0,2475,1237.5,-0.0403106453951056,,2.1.0
uniform_operational,2,0,2476,1238.0,-0.04122749752404018,,2.1.0
uniform_operational,2,0,2477,1238.5,-0.04216341387079788,,2.1.0
uniform_operational,2,0,2478,1239.0,-0.04180296868946722,,2.1.0
uniform_operational,2,0,2479,1239.5,-0.042100841108574684,,2.1.0
uniform_operational,2,0,2480,1240.0,-0.040456955546124024,,2.1.0
uniform_operational,2,0,2481,1240.5,-0.04032032811444417,-0.0019138453743324305,2.1.0
uniform_operational,2,0,2482,1241.0,-0.04104203981627358,,2.1.0
uniform_operational,2,0,2483,1241.5,-0.04169779363343628,,2.1.0
uniform_operational,2,0,2484,1242.0,-0.0425385209173403,,2.1.0
uniform_operational,2,0,2485,1242.5,-0.04238882693883522,,2.1.0
uniform_operational,2,0,2486,1243.0,-0.043252958069541825,,2.1.0
uniform_operational,2,0,2487,1243.5,-0.04327990860198244,,2.1.0
uniform_operational,2,0,2488,1244.0,-0.044973032060959525,,2.1.0
uniform_operational,2,0,2489,1244.5,-0.04590000101969786,,2.1.0
uniform_operational,2,0,2490,1245.0,-0.047659394028538395,,2.1.0
uniform_operational,2,0,2491,1245.5,-0.04925019087594721,-0.008929862761503038,2.1.0
uniform_operational,2,0,2492,1246.0,-0.04746019889090908,,2.1.0
uniform_operational,2,0,2493,1246.5,-0.04588538318941836,,2.1.0
uniform_operational,2,0,2494,1247.0,-0.045373528698158624,,2.1.0
uniform_operational,2,0,2495,1247.5,-0.04423167442967642,,2.1.0
uniform_operational,2,0,2496,1248.0,-0.04518375639846939,,2.1.0
uniform_operational,2,0,2497,1248.5,-0.04528471565604552,,2.1.0
uniform_operational,2,0,2498,1249.0,-0.045155960899631246,,2.1.0
uniform_operational,2,0,2499,1249.5,-0.04531650058960637,,2.1.0
uniform_operational,2,0,2500,1250.0,-0.045325625374173485,,2.1.0
uniform_operational,2,0,2501,1250.5,-0.04487046120956684,0.004379729666380366,2.1.0
uniform_operational,2,0,2502,1251.0,-0.04462650005556918,,2.1.0
uniform_operational,2,0,2503,1251.5,-0.04536781500843424,,2.1.0
uniform_operational,2,0,2504,1252.0,-0.04779643918742043,,2.1.0
uniform_operational,2,0,2505,1252.5,-0.04855088731540991,,2.1.0
uniform_operational,2,0,2506,1253.0,-0.048927372621587965,,2.1.0
uniform_operational,2,0,2507,1253.5,-0.048044081100538795,,2.1.0
uniform_operational,2,0,2508,1254.0,-0.04872273031382574,,2.1.0
uniform_operational,2,0,2509,1254.5,-0.04916589206459483,,2.1.0
uniform_operational,2,0,2510,1255.0,-0.049376201192213226,,2.1.0
uniform_operational,2,0,2511,1255.5,-0.04877114710976005,-0.0039006859001932057,2.1.0
uniform_operational,2,0,2512,1256.0,-0.049876018953502736,,2.1.0
uniform_operational,2,0,2513,1256.5,-0.0510752056912783,,2.1.0
uniform_operational,2,0,2514,1257.0,-0.051665901568358936,,2.1.0
uniform_operational,2,0,2515,1257.5,-0.05301535486223805,,2.1.0
uniform_operational,2,0,2516,1258.0,-0.05400852644634038,,2.1.0
uniform_operational,2,0,2517,1258.5,-0.05327084940301539,,2.1.0
uniform_operational,2,0,2518,1259.0,-0.05365337343422587,,2.1.0
uniform_operational,2,0,2519,1259.5,-0.055692277449096904,,2.1.0
uniform_operational,2,0,2520,1260.0,-0.05658891142893511,,2.1.0
uniform_operational,2,0,2521,1260.5,-0.055175844384150644,-0.0064046972743905944,2.1.0
uniform_operational,2,0,2522,1261.0,-0.05493800103240227,,2.1.0
uniform_operational,2,0,2523,1261.5,-0.057627551645833476,,2.1.0
uniform_operational,2,0,2524,1262.0,-0.0570387065851522,,2.1.0
uniform_operational,2,0,2525,1262.5,-0.05640822610492482,,2.1.0
uniform_operational,2,0,2526,1263.0,-0.05646438743389393,,2.1.0
uniform_operational,2,0,2527,1263.5,-0.05523274706123525,,2.1.0
uniform_operational,2,0,2528,1264.0,-0.056350810602595114,,2.1.0
uniform_operational,2,0,2529,1264.5,-0.05706092278201022,,2.1.0
uniform_operational,2,0,2530,1265.0,-0.056174739174963774,,2.1.0
uniform_operational,2,0,2531,1265.5,-0.05820109523870255,-0.0030252508545519086,2.1.0
uniform_operational,2,0,2532,1266.0,-0.05768170852334768,,2.1.0
uniform_operational,2,0,2533,1266.5,-0.05671139363434489,,2.1.0
uniform_operational,2,0,2534,1267.0,-0.0563679887002419,,2.1.0
uniform_operational,2,0,2535,1267.5,-0.05770710516228375,,2.1.0
uniform_operational,2,0,2536,1268.0,-0.05655302442827982,,2.1.0
uniform_operational,2,0,2537,1268.5,-0.05615531256834629,,2.1.0
uniform_operational,2,0,2538,1269.0,-0.05649125248295391,,2.1.0
uniform_operational,2,0,2539,1269.5,-0.05602205999541078,,2.1.0
uniform_operational,2,0,2540,1270.0,-0.05561343402900918,,2.1.0
uniform_operational,2,0,2541,1270.5,-0.05542609476218132,0.002775000476521232,2.1.0
uniform_operational,2,0,2542,1271.0,-0.05709961032385449,,2.1.0
uniform_operational,2,0,2543,1271.5,-0.056070342529433555,,2.1.0
uniform_operational,2,0,2544,1272.0,-0.0548776344671986,,2.1.0
uniform_operational,2,0,2545,1272.5,-0.054033838288246275,,2.1.0
uniform_operational,2,0,2546,1273.0,-0.05294678687880136,,2.1.0
uniform_operational,2,0,2547,1273.5,-0.052310399660045304,,2.1.0
uniform_operational,2,0,2548,1274.0,-0.05298688881684562,,2.1.0
uniform_operational,2,0,2549,1274.5,-0.051526504208272,,2.1.0
uniform_operational,2,0,2550,1275.0,-0.051535296045949516,,2.1.0
uniform_operational,2,0,2551,1275.5,-0.05154658489593854,0.003879509866242782,2.1.0
uniform_operational,2,0,2552,1276.0,-0.04952135004014058,,2.1.0
uniform_operational,2,0,2553,1276.5,-0.04897812731068078,,2.1.0
uniform_operational,2,0,2554,1277.0,-0.04980201205705012,,2.1.0
uniform_operational,2,0,2555,1277.5,-0.049736873856898255,,2.1.0
uniform_operational,2,0,2556,1278.0,-0.05006896884053848,,2.1.0
uniform_operational,2,0,2557,1278.5,-0.05054716036223678,,2.1.0
uniform_operational,2,0,2558,1279.0,-0.052077631905498134,,2.1.0
uniform_operational,2,0,2559,1279.5,-0.05176536988137514,,2.1.0
uniform_operational,2,0,2560,1280.0,-0.05035480848869194,,2.1.0
uniform_operational,2,0,2561,1280.5,-0.04915358187625092,0.0023930030196876173,2.1.0
uniform_operational,2,0,2562,1281.0,-0.04925116614378541,,2.1.0
uniform_operational,2,0,2563,1281.5,-0.049432408712661635,,2.1.0
uniform_operational,2,0,2564,1282.0,-0.04969999358265567,,2.1.0
uniform_operational,2,0,2565,1282.5,-0.05006772399327065,,2.1.0
uniform_operational,2,0,2566,1283.0,-0.05134002603178663,,2.1.0
uniform_operational,2,0,2567,1283.5,-0.052656586239623986,,2.1.0
uniform_operational,2,0,2568,1284.0,-0.05254575436791002,,2.1.0
uniform_operational,2,0,2569,1284.5,-0.050933008967913175,,2.1.0
uniform_operational,2,0,2570,1285.0,-0.05218273844098804,,2.1.0
uniform_operational,2,0,2571,1285.5,-0.051977338582106014,-0.0028237567058550933,2.1.0
uniform_operational,2,0,2572,1286.0,-0.052088507862426546,,2.1.0
uniform_operational,2,0,2573,1286.5,-0.05262972634760203,,2.1.0
uniform_operational,2,0,2574,1287.0,-0.054122985982444693,,2.1.0
uniform_operational,2,0,2575,1287.5,-0.051950091382393815,,2.1.0
uniform_operational,2,0,2576,1288.0,-0.05232980348147843,,2.1.0
uniform_operational,2,0,2577,1288.5,-0.05159846998903948,,2.1.0
uniform_operational,2,0,2578,1289.0,-0.05211498192818989,,2.1.0
uniform_operational,2,0,2579,1289.5,-0.05116095066868579,,2.1.0
uniform_operational,2,0,2580,1290.0,-0.050969846513769165,,2.1.0
uniform_operational,2,0,2581,1290.5,-0.05199193792906657,-1.4599346960554593e-05,2.1.0
uniform_operational,2,0,2582,1291.0,-0.0523311409455535,,2.1.0
uniform_operational,2,0,2583,1291.5,-0.05332331356008174,,2.1.0
uniform_operational,2,0,2584,1292.0,-0.05140525452970396,,2.1.0
uniform_operational,2,0,2585,1292.5,-0.05037470778455621,,2.1.0
uniform_operational,2,0,2586,1293.0,-0.04934972575380043,,2.1.0
uniform_operational,2,0,2587,1293.5,-0.0510050169470475,,2.1.0
uniform_operational,2,0,2588,1294.0,-0.05132612394011015,,2.1.0
uniform_operational,2,0,2589,1294.5,-0.05246543751526558,,2.1.0
uniform_operational,2,0,2590,1295.0,-0.05276114903884837,,2.1.0
uniform_operational,2,0,2591,1295.5,-0.05311591754811948,-0.0011239796190529103,2.1.0
uniform_operational,2,0,2592,1296.0,-0.053316846562382614,,2.1.0
uniform_operational,2,0,2593,1296.5,-0.05248223620400395,,2.1.0
uniform_operational,2,0,2594,1297.0,-0.052386168486909745,,2.1.0
uniform_operational,2,0,2595,1297.5,-0.05127262109053547,,2.1.0
uniform_operational,2,0,2596,1298.0,-0.05111844011727739,,2.1.0
uniform_operational,2,0,2597,1298.5,-0.05211665355994994,,2.1.0
uniform_operational,2,0,2598,1299.0,-0.05294704535283791,,2.1.0
uniform_operational,2,0,2599,1299.5,-0.05259876150895234,,2.1.0
uniform_operational,2,0,2600,1300.0,-0.051673980160310745,,2.1.0
uniform_operational,2,0,2601,1300.5,-0.05299178159909697,0.0001241359490225108,2.1.0
uniform_operational,2,0,2602,1301.0,-0.05169905278377939,,2.1.0
uniform_operational,2,0,2603,1301.5,-0.05271671173344804,,2.1.0
uniform_operational,2,0,2604,1302.0,-0.05232919190307886,,2.1.0
uniform_operational,2,0,2605,1302.5,-0.05275897131006871,,2.1.0
uniform_operational,2,0,2606,1303.0,-0.05234152521211536,,2.1.0
uniform_operational,2,0,2607,1303.5,-0.05094798411694471,,2.1.0
uniform_operational,2,0,2608,1304.0,-0.05018819621734485,,2.1.0
uniform_operational,2,0,2609,1304.5,-0.049501626209724786,,2.1.0
uniform_operational,2,0,2610,1305.0,-0.04957105038700862,,2.1.0
uniform_operational,2,0,2611,1305.5,-0.049502334243573004,0.003489447355523964,2.1.0
uniform_operational,2,0,2612,1306.0,-0.04955847555263946,,2.1.0
uniform_operational,2,0,2613,1306.5,-0.05060994823078859,,2.1.0
uniform_operational,2,0,2614,1307.0,-0.05063884628688661,,2.1.0
uniform_operational,2,0,2615,1307.5,-0.05144974969100929,,2.1.0
uniform_operational,2,0,2616,1308.0,-0.0526809200842922,,2.1.0
uniform_operational,2,0,2617,1308.5,-0.05244048519739818,,2.1.0
uniform_operational,2,0,2618,1309.0,-0.05353198893558768,,2.1.0
uniform_operational,2,0,2619,1309.5,-0.05289871956445367,,2.1.0
uniform_operational,2,0,2620,1310.0,-0.053432780106534614,,2.1.0
uniform_operational,2,0,2621,1310.5,-0.05368723081213673,-0.004184896568563724,2.1.0
uniform_operational,2,0,2622,1311.0,-0.05493594056507835,,2.1.0
uniform_operational,2,0,2623,1311.5,-0.053390364040785836,,2.1.0
uniform_operational,2,0,2624,1312.0,-0.054297949700047914,,2.1.0
uniform_operational,2,0,2625,1312.5,-0.05371711165908156,,2.1.0
uniform_operational,2,0,2626,1313.0,-0.05353155373019991,,2.1.0
uniform_operational,2,0,2627,1313.5,-0.052852285401822914,,2.1.0
uniform_operational,2,0,2628,1314.0,-0.05383268768805627,,2.1.0
uniform_operational,2,0,2629,1314.5,-0.054902543500322504,,2.1.0
uniform_operational,2,0,2630,1315.0,-0.05507477350391538,,2.1.0
uniform_operational,2,0,2631,1315.5,-0.057540045381217195,-0.0038528145690804663,2.1.0
uniform_operational,2,0,2632,1316.0,-0.0570153740513188,,2.1.0
uniform_operational,2,0,2633,1316.5,-0.05555717431141037,,2.1.0
uniform_operational,2,0,2634,1317.0,-0.05640680435944069,,2.1.0
uniform_operational,2,0,2635,1317.5,-0.05664805194276052,,2.1.0
uniform_operational,2,0,2636,1318.0,-0.05701281918370527,,2.1.0
uniform_operational,2,0,2637,1318.5,-0.05637139316990964,,2.1.0
uniform_operational,2,0,2638,1319.0,-0.05679348861522426,,2.1.0
uniform_operational,2,0,2639,1319.5,-0.05760201957665764,,2.1.0
uniform_operational,2,0,2640,1320.0,-0.05865493718672888,,2.1.0
uniform_operational,2,0,2641,1320.5,-0.057890002508288914,-0.00034995712707171917,2.1.0
uniform_operational,2,0,2642,1321.0,-0.057828259636990266,,2.1.0
uniform_operational,2,0,2643,1321.5,-0.05855271314743343,,2.1.0
uniform_operational,2,0,2644,1322.0,-0.06031717234529067,,2.1.0
uniform_operational,2,0,2645,1322.5,-0.05923501860952052,,2.1.0
uniform_operational,2,0,2646,1323.0,-0.060715760467887396,,2.1.0
uniform_operational,2,0,2647,1323.5,-0.059109989031706334,,2.1.0
uniform_operational,2,0,2648,1324.0,-0.06030410045379084,,2.1.0
uniform_operational,2,0,2649,1324.5,-0.06120642704183709,,2.1.0
uniform_operational,2,0,2650,1325.0,-0.059084595201106954,,2.1.0
uniform_operational,2,0,2651,1325.5,-0.05765963334637526,0.0002303691619136572,2.1.0
uniform_operational,2,0,2652,1326.0,-0.0592565735809721,,2.1.0
uniform_operational,2,0,2653,1326.5,-0.06010028328194039,,2.1.0
uniform_operational,2,0,2654,1327.0,-0.05848104752062506,,2.1.0
uniform_operational,2,0,2655,1327.5,-0.05665480133729141,,2.1.0
uniform_operational,2,0,2656,1328.0,-0.055135733983046116,,2.1.0
uniform_operational,2,0,2657,1328.5,-0.05398740907180162,,2.1.0
uniform_operational,2,0,2658,1329.0,-0.05338130731289892,,2.1.0
uniform_operational,2,0,2659,1329.5,-0.05577002545559915,,2.1.0
uniform_operational,2,0,2660,1330.0,-0.054238589184255705,,2.1.0
uniform_operational,2,0,2661,1330.5,-0.05488250026344294,0.002777133082932315,2.1.0
uniform_operational,2,0,2662,1331.0,-0.05464243902606626,,2.1.0
uniform_operational,2,0,2663,1331.5,-0.055995171632100896,,2.1.0
uniform_operational,2,0,2664,1332.0,-0.0560426912749399,,2.1.0
uniform_operational,2,0,2665,1332.5,-0.05757373160389032,,2.1.0
uniform_operational,2,0,2666,1333.0,-0.05855895634249692,,2.1.0
uniform_operational,2,0,2667,1333.5,-0.059076476795271025,,2.1.0
uniform_operational,2,0,2668,1334.0,-0.058600590948963124,,2.1.0
uniform_operational,2,0,2669,1334.5,-0.05825674507365038,,2.1.0
uniform_operational,2,0,2670,1335.0,-0.057000489872889346,,2.1.0
uniform_operational,2,0,2671,1335.5,-0.056908842443378335,-0.0020263421799353934,2.1.0
uniform_operational,2,0,2672,1336.0,-0.05616034543859882,,2.1.0
uniform_operational,2,0,2673,1336.5,-0.05657032343891703,,2.1.0
uniform_operational,2,0,2674,1337.0,-0.058597275008563016,,2.1.0
uniform_operational,2,0,2675,1337.5,-0.0568852445873561,,2.1.0
uniform_operational,2,0,2676,1338.0,-0.05633212433371514,,2.1.0
uniform_operational,2,0,2677,1338.5,-0.05492245131988511,,2.1.0
uniform_operational,2,0,2678,1339.0,-0.056321695379002126,,2.1.0
uniform_operational,2,0,2679,1339.5,-0.05504924619518779,,2.1.0
uniform_operational,2,0,2680,1340.0,-0.0522688201139471,,2.1.0
uniform_operational,2,0,2681,1340.5,-0.05397027791272761,0.0029385645306507224,2.1.0
uniform_operational,2,0,2682,1341.0,-0.052005162072014104,,2.1.0
uniform_operational,2,0,2683,1341.5,-0.052968409611304834,,2.1.0
uniform_operational,2,0,2684,1342.0,-0.05387874348830245,,2.1.0
uniform_operational,2,0,2685,1342.5,-0.053838438300668215,,2.1.0
uniform_operational,2,0,2686,1343.0,-0.0520171835355475,,2.1.0
uniform_operational,2,0,2687,1343.5,-0.05273572758256716,,2.1.0
uniform_operational,2,0,2688,1344.0,-0.05199870744255185,,2.1.0
uniform_operational,2,0,2689,1344.5,-0.053353620763876876,,2.1.0
uniform_operational,2,0,2690,1345.0,-0.05318198277918509,,2.1.0
uniform_operational,2,0,2691,1345.5,-0.052800610584275626,0.001169667328451987,2.1.0
uniform_operational,2,0,2692,1346.0,-0.052784403310906815,,2.1.0
uniform_operational,2,0,2693,1346.5,-0.051360112941623806,,2.1.0
uniform_operational,2,0,2694,1347.0,-0.05190604893851219,,2.1.0
uniform_operational,2,0,2695,1347.5,-0.05202316484896137,,2.1.0
uniform_operational,2,0,2696,1348.0,-0.05371312128373994,,2.1.0
uniform_operational,2,0,2697,1348.5,-0.05378767242857626,,2.1.0
uniform_operational,2,0,2698,1349.0,-0.052013792530290995,,2.1.0
uniform_operational,2,0,2699,1349.5,-0.05286333806439869,,2.1.0
uniform_operational,2,0,2700,1350.0,-0.051446697770997585,,2.1.0
uniform_operational,2,0,2701,1350.5,-0.051322897859929266,0.0014777127243463598,2.1.0
uniform_operational,2,0,2702,1351.0,-0.05074329339994096,,2.1.0
uniform_operational,2,0,2703,1351.5,-0.05074537013666701,,2.1.0
uniform_operational,2,0,2704,1352.0,-0.05181429219657372,,2.1.0
uniform_operational,2,0,2705,1352.5,-0.05199508297224157,,2.1.0
uniform_operational,2,0,2706,1353.0,-0.05225510953184001,,2.1.0
uniform_operational,2,0,2707,1353.5,-0.05264933977408437,,2.1.0
uniform_operational,2,0,2708,1354.0,-0.053039670086767646,,2.1.0
uniform_operational,2,0,2709,1354.5,-0.05354856061104951,,2.1.0
uniform_operational,2,0,2710,1355.0,-0.05457419808057798,,2.1.0
uniform_operational,2,0,2711,1355.5,-0.05433699120637731,-0.0030140933464480463,2.1.0
uniform_operational,2,0,2712,1356.0,-0.05338465884969262,,2.1.0
uniform_operational,2,0,2713,1356.5,-0.05429238917236724,,2.1.0
uniform_operational,2,0,2714,1357.0,-0.053782684854208604,,2.1.0
uniform_operational,2,0,2715,1357.5,-0.05391020939247611,,2.1.0
uniform_operational,2,0,2716,1358.0,-0.053703109419921694,,2.1.0
uniform_operational,2,0,2717,1358.5,-0.053057252655448105,,2.1.0
uniform_operational,2,0,2718,1359.0,-0.05364280909291987,,2.1.0
uniform_operational,2,0,2719,1359.5,-0.055099664702198944,,2.1.0
uniform_operational,2,0,2720,1360.0,-0.05619413405480168,,2.1.0
uniform_operational,2,0,2721,1360.5,-0.05629360517308467,-0.001956613966707356,2.1.0
uniform_operational,2,0,2722,1361.0,-0.05618261936640937,,2.1.0
uniform_operational,2,0,2723,1361.5,-0.055087603553392615,,2.1.0
uniform_operational,2,0,2724,1362.0,-0.05426097301695608,,2.1.0
uniform_operational,2,0,2725,1362.5,-0.054128823408546745,,2.1.0
uniform_operational,2,0,2726,1363.0,-0.05674685382129245,,2.1.0
uniform_operational,2,0,2727,1363.5,-0.056005368474297657,,2.1.0
uniform_operational,2,0,2728,1364.0,-0.05566014712935059,,2.1.0
uniform_operational,2,0,2729,1364.5,-0.056746014062215515,,2.1.0
uniform_operational,2,0,2730,1365.0,-0.05706071180115068,,2.1.0
uniform_operational,2,0,2731,1365.5,-0.05772947831263563,-0.0014358731395509652,2.1.0
uniform_operational,2,0,2732,1366.0,-0.05715503107952122,,2.1.0
uniform_operational,2,0,2733,1366.5,-0.05669117196942458,,2.1.0
uniform_operational,2,0,2734,1367.0,-0.05817141854045106,,2.1.0
uniform_operational,2,0,2735,1367.5,-0.055919110509594985,,2.1.0
uniform_operational,2,0,2736,1368.0,-0.05641126007157109,,2.1.0
uniform_operational,2,0,2737,1368.5,-0.056142436874127795,,2.1.0
uniform_operational,2,0,2738,1369.0,-0.05732035723310614,,2.1.0
uniform_operational,2,0,2739,1369.5,-0.056320560838250384,,2.1.0
uniform_operational,2,0,2740,1370.0,-0.05704719488886419,,2.1.0
uniform_operational,2,0,2741,1370.5,-0.0560224659188871,0.0017070123937485346,2.1.0
uniform_operational,2,0,2742,1371.0,-0.05532190077902257,,2.1.0
uniform_operational,2,0,2743,1371.5,-0.05400689295302304,,2.1.0
uniform_operational,2,0,2744,1372.0,-0.05408444030873651,,2.1.0
uniform_operational,2,0,2745,1372.5,-0.05260223835603594,,2.1.0
uniform_operational,2,0,2746,1373.0,-0.052862769561168296,,2.1.0
uniform_operational,2,0,2747,1373.5,-0.05460393322419028,,2.1.0
uniform_operational,2,0,2748,1374.0,-0.05253155989654919,,2.1.0
uniform_operational,2,0,2749,1374.5,-0.05167371060250998,,2.1.0
uniform_operational,2,0,2750,1375.0,-0.05195891620861012,,2.1.0
uniform_operational,2,0,2751,1375.5,-0.0531973503999557,0.002825115518931401,2.1.0
uniform_operational,2,0,2752,1376.0,-0.05396428789246214,,2.1.0
uniform_operational,2,0,2753,1376.5,-0.05347618387964347,,2.1.0
uniform_operational,2,0,2754,1377.0,-0.05437787901198487,,2.1.0
uniform_operational,2,0,2755,1377.5,-0.052920108851189286,,2.1.0
uniform_operational,2,0,2756,1378.0,-0.0527702354843378,,2.1.0
uniform_operational,2,0,2757,1378.5,-0.05290562347122521,,2.1.0
uniform_operational,2,0,2758,1379.0,-0.05342847748157634,,2.1.0
uniform_operational,2,0,2759,1379.5,-0.05354111634890116,,2.1.0
uniform_operational,2,0,2760,1380.0,-0.054064211655909904,,2.1.0
uniform_operational,2,0,2761,1380.5,-0.05369884840937223,-0.000501498009416533,2.1.0
uniform_operational,2,0,2762,1381.0,-0.05350815739371304,,2.1.0
uniform_operational,2,0,2763,1381.5,-0.05391809792974402,,2.1.0
uniform_operational,2,0,2764,1382.0,-0.055080610055277826,,2.1.0
uniform_operational,2,0,2765,1382.5,-0.053955529139152025,,2.1.0
uniform_operational,2,0,2766,1383.0,-0.05477026054427807,,2.1.0
uniform_operational,2,0,2767,1383.5,-0.05474055368702414,,2.1.0
uniform_operational,2,0,2768,1384.0,-0.05605808932339709,,2.1.0
uniform_operational,2,0,2769,1384.5,-0.05728453545707901,,2.1.0
uniform_operational,2,0,2770,1385.0,-0.05742443563444269,,2.1.0
uniform_operational,2,0,2771,1385.5,-0.05668633405667603,-0.002987485647303799,2.1.0
uniform_operational,2,0,2772,1386.0,-0.05574888559195749,,2.1.0
uniform_operational,2,0,2773,1386.5,-0.054874570418412726,,2.1.0
uniform_operational,2,0,2774,1387.0,-0.055386579881434445,,2.1.0
uniform_operational,2,0,2775,1387.5,-0.05582175617762012,,2.1.0
uniform_operational,2,0,2776,1388.0,-0.054465369068041974,,2.1.0
uniform_operational,2,0,2777,1388.5,-0.05526350083776365,,2.1.0
uniform_operational,2,0,2778,1389.0,-0.05501430370631654,,2.1.0
uniform_operational,2,0,2779,1389.5,-0.05437246529025176,,2.1.0
uniform_operational,2,0,2780,1390.0,-0.055077436654295,,2.1.0
uniform_operational,2,0,2781,1390.5,-0.05566028375606067,0.0010260503006153596,2.1.0
uniform_operational,2,0,2782,1391.0,-0.0551817500044857,,2.1.0
uniform_operational,2,0,2783,1391.5,-0.05531055726574287,,2.1.0
uniform_operational,2,0,2784,1392.0,-0.05512180940081686,,2.1.0
uniform_operational,2,0,2785,1392.5,-0.05408880832921631,,2.1.0
uniform_operational,2,0,2786,1393.0,-0.05294528217423574,,2.1.0
uniform_operational,2,0,2787,1393.5,-0.05458135724914454,,2.1.0
uniform_operational,2,0,2788,1394.0,-0.05503940533759798,,2.1.0
uniform_operational,2,0,2789,1394.5,-0.05440296919671456,,2.1.0
uniform_operational,2,0,2790,1395.0,-0.053989808400161196,,2.1.0
uniform_operational,2,0,2791,1395.5,-0.05341819838033997,0.0022420853757207024,2.1.0
uniform_operational,2,0,2792,1396.0,-0.05324329250602505,,2.1.0
uniform_operational,2,0,2793,1396.5,-0.05477802325258221,,2.1.0
uniform_operational,2,0,2794,1397.0,-0.055041336670092304,,2.1.0
uniform_operational,2,0,2795,1397.5,-0.05567371378187507,,2.1.0
uniform_operational,2,0,2796,1398.0,-0.052966486149171585,,2.1.0
uniform_operational,2,0,2797,1398.5,-0.05234458140312922,,2.1.0
uniform_operational,2,0,2798,1399.0,-0.05241793961417117,,2.1.0
uniform_operational,2,0,2799,1399.5,-0.052902869902784096,,2.1.0
uniform_operational,2,0,2800,1400.0,-0.052636001082313554,,2.1.0
uniform_operational,2,0,2801,1400.5,-0.052642196868896936,0.0007760015114430321,2.1.0
uniform_operational,2,0,2802,1401.0,-0.052588153022528936,,2.1.0
uniform_operational,2,0,2803,1401.5,-0.05394903299901948,,2.1.0
uniform_operational,2,0,2804,1402.0,-0.05388421374693316,,2.1.0
uniform_operational,2,0,2805,1402.5,-0.053650843231292336,,2.1.0
uniform_operational,2,0,2806,1403.0,-0.054869544045181816,,2.1.0
uniform_operational,2,0,2807,1403.5,-0.055807097586658146,,2.1.0
uniform_operational,2,0,2808,1404.0,-0.05713534039361654,,2.1.0
uniform_operational,2,0,2809,1404.5,-0.05739653580772744,,2.1.0
uniform_operational,2,0,2810,1405.0,-0.056423352191341175,,2.1.0
uniform_operational,2,0,2811,1405.5,-0.05668506344047344,-0.0040428665715765075,2.1.0
uniform_operational,2,0,2812,1406.0,-0.056179783300947514,,2.1.0
uniform_operational,2,0,2813,1406.5,-0.0576803913168502,,2.1.0
uniform_operational,2,0,2814,1407.0,-0.05785099957732633,,2.1.0
uniform_operational,2,0,2815,1407.5,-0.059207168376732615,,2.1.0
uniform_operational,2,0,2816,1408.0,-0.05783398087934267,,2.1.0
uniform_operational,2,0,2817,1408.5,-0.05968447575409527,,2.1.0
uniform_operational,2,0,2818,1409.0,-0.05929610817372385,,2.1.0
uniform_operational,2,0,2819,1409.5,-0.05922307182248241,,2.1.0
uniform_operational,2,0,2820,1410.0,-0.05895505880324201,,2.1.0
uniform_operational,2,0,2821,1410.5,-0.056419504122104905,0.0002655593183685384,2.1.0
uniform_operational,2,0,2822,1411.0,-0.05675416323435903,,2.1.0
uniform_operational,2,0,2823,1411.5,-0.05748229176855257,,2.1.0
uniform_operational,2,0,2824,1412.0,-0.05777899251256848,,2.1.0
uniform_operational,2,0,2825,1412.5,-0.057725459559551696,,2.1.0
uniform_operational,2,0,2826,1413.0,-0.05820303898933498,,2.1.0
uniform_operational,2,0,2827,1413.5,-0.057889088627781665,,2.1.0
uniform_operational,2,0,2828,1414.0,-0.05753741804780859,,2.1.0
uniform_operational,2,0,2829,1414.5,-0.05693668910092489,,2.1.0
uniform_operational,2,0,2830,1415.0,-0.05683366642298248,,2.1.0
uniform_operational,2,0,2831,1415.5,-0.05620362099532587,0.00021588312677903176,2.1.0
uniform_operational,2,0,2832,1416.0,-0.05679645926007108,,2.1.0
uniform_operational,2,0,2833,1416.5,-0.056252451957042746,,2.1.0
uniform_operational,2,0,2834,1417.0,-0.05722241006240219,,2.1.0
uniform_operational,2,0,2835,1417.5,-0.058467473448097634,,2.1.0
uniform_operational,2,0,2836,1418.0,-0.05774417018059967,,2.1.0
uniform_operational,2,0,2837,1418.5,-0.05587410811012691,,2.1.0
uniform_operational,2,0,2838,1419.0,-0.05416792625807074,,2.1.0
uniform_operational,2,0,2839,1419.5,-0.053965628393157085,,2.1.0
uniform_operational,2,0,2840,1420.0,-0.05551830075622316,,2.1.0
uniform_operational,2,0,2841,1420.5,-0.05381366071672276,0.0023899602786031163,2.1.0
uniform_operational,2,0,2842,1421.0,-0.052569163029929256,,2.1.0
uniform_operational,2,0,2843,1421.5,-0.05210898661897378,,2.1.0
uniform_operational,2,0,2844,1422.0,-0.051179252633459446,,2.1.0
uniform_operational,2,0,2845,1422.5,-0.0505451907843688,,2.1.0
uniform_operational,2,0,2846,1423.0,-0.050686711967889785,,2.1.0
uniform_operational,2,0,2847,1423.5,-0.050915993312660314,,2.1.0
uniform_operational,2,0,2848,1424.0,-0.04973398064906161,,2.1.0
uniform_operational,2,0,2849,1424.5,-0.049913308277695655,,2.1.0
uniform_operational,2,0,2850,1425.0,-0.05011873260426146,,2.1.0
uniform_operational,2,0,2851,1425.5,-0.049999843539491454,0.003813817177231303,2.1.0
uniform_operational,2,0,2852,1426.0,-0.05143272777502797,,2.1.0
uniform_operational,2,0,2853,1426.5,-0.05070558535521515,,2.1.0
uniform_operational,2,0,2854,1427.0,-0.0511342362807201,,2.1.0
uniform_operational,2,0,2855,1427.5,-0.04991712135281659,,2.1.0
uniform_operational,2,0,2856,1428.0,-0.049855348825872225,,2.1.0
uniform_operational,2,0,2857,1428.5,-0.0516534587652764,,2.1.0
uniform_operational,2,0,2858,1429.0,-0.05177070519023121,,2.1.0
uniform_operational,2,0,2859,1429.5,-0.05301662410541001,,2.1.0
uniform_operational,2,0,2860,1430.0,-0.05153116112646559,,2.1.0
uniform_operational,2,0,2861,1430.5,-0.05083517562676032,-0.0008353320872688669,2.1.0
uniform_operational,2,0,2862,1431.0,-0.051082457864920564,,2.1.0
uniform_operational,2,0,2863,1431.5,-0.0516171806735919,,2.1.0
uniform_operational,2,0,2864,1432.0,-0.05116044601724029,,2.1.0
uniform_operational,2,0,2865,1432.5,-0.04865583628717434,,2.1.0
uniform_operational,2,0,2866,1433.0,-0.048909579949695726,,2.1.0
uniform_operational,2,0,2867,1433.5,-0.0491461532043426,,2.1.0
uniform_operational,2,0,2868,1434.0,-0.050385413134393084,,2.1.0
uniform_operational,2,0,2869,1434.5,-0.049828816725410265,,2.1.0
uniform_operational,2,0,2870,1435.0,-0.04917992915187628,,2.1.0
uniform_operational,2,0,2871,1435.5,-0.0477955999234039,0.0030395757033564175,2.1.0
uniform_operational,2,0,2872,1436.0,-0.048753390175279965,,2.1.0
uniform_operational,2,0,2873,1436.5,-0.047203916777991385,,2.1.0
uniform_operational,2,0,2874,1437.0,-0.04705533781494669,,2.1.0
uniform_operational,2,0,2875,1437.5,-0.0465169890699872,,2.1.0
uniform_operational,2,0,2876,1438.0,-0.04551915001345797,,2.1.0
uniform_operational,2,0,2877,1438.5,-0.04540404530056378,,2.1.0
uniform_operational,2,0,2878,1439.0,-0.04392093515822709,,2.1.0
uniform_operational,2,0,2879,1439.5,-0.04326167149121365,,2.1.0
uniform_operational,2,0,2880,1440.0,-0.04437866116786124,,2.1.0
uniform_operational,2,0,2881,1440.5,-0.043576435163999915,0.0042191647594039886,2.1.0
uniform_operational,2,0,2882,1441.0,-0.044781657684775066,,2.1.0
uniform_operational,2,0,2883,1441.5,-0.04366518992060279,,2.1.0
uniform_operational,2,0,2884,1442.0,-0.044770262029580676,,2.1.0
uniform_operational,2,0,2885,1442.5,-0.04338799533065459,,2.1.0
uniform_operational,2,0,2886,1443.0,-0.044412563136580444,,2.1.0
uniform_operational,2,0,2887,1443.5,-0.0461760405400912,,2.1.0
uniform_operational,2,0,2888,1444.0,-0.04473819178714683,,2.1.0
uniform_operational,2,0,2889,1444.5,-0.04273022996019304,,2.1.0
uniform_operational,2,0,2890,1445.0,-0.043030043095459596,,2.1.0
uniform_operational,2,0,2891,1445.5,-0.04259733064194843,0.0009791045220514868,2.1.0
uniform_operational,2,0,2892,1446.0,-0.04284240695858073,,2.1.0
uniform_operational,2,0,2893,1446.5,-0.04281913675711719,,2.1.0
uniform_operational,2,0,2894,1447.0,-0.042440131923904015,,2.1.0
uniform_operational,2,0,2895,1447.5,-0.042446410321584374,,2.1.0
uniform_operational,2,0,2896,1448.0,-0.041751888221249,,2.1.0
uniform_operational,2,0,2897,1448.5,-0.039812082569606264,,2.1.0
uniform_operational,2,0,2898,1449.0,-0.04017418902793151,,2.1.0
uniform_operational,2,0,2899,1449.5,-0.039863161600498874,,2.1.0
uniform_operational,2,0,2900,1450.0,-0.039694045657145904,,2.1.0
uniform_operational,2,0,2901,1450.5,-0.03832612458474277,0.0042712060572056565,2.1.0
uniform_operational,2,0,2902,1451.0,-0.0368236955726116,,2.1.0
uniform_operational,2,0,2903,1451.5,-0.036561047461905485,,2.1.0
uniform_operational,2,0,2904,1452.0,-0.03694453176776373,,2.1.0
uniform_operational,2,0,2905,1452.5,-0.036611074846033015,,2.1.0
uniform_operational,2,0,2906,1453.0,-0.037800616853820905,,2.1.0
uniform_operational,2,0,2907,1453.5,-0.03767017306875957,,2.1.0
uniform_operational,2,0,2908,1454.0,-0.03869270246409446,,2.1.0
uniform_operational,2,0,2909,1454.5,-0.03948153708104781,,2.1.0
uniform_operational,2,0,2910,1455.0,-0.039543940490241285,,2.1.0
uniform_operational,2,0,2911,1455.5,-0.040101464700433576,-0.0017753401156908044,2.1.0
uniform_operational,2,0,2912,1456.0,-0.04006396618632812,,2.1.0
uniform_operational,2,0,2913,1456.5,-0.040610052126310824,,2.1.0
uniform_operational,2,0,2914,1457.0,-0.041190065182706466,,2.1.0
uniform_operational,2,0,2915,1457.5,-0.04216860478481249,,2.1.0
uniform_operational,2,0,2916,1458.0,-0.04347787802073313,,2.1.0
uniform_operational,2,0,2917,1458.5,-0.0443499694654478,,2.1.0
uniform_operational,2,0,2918,1459.0,-0.044040897740226216,,2.1.0
uniform_operational,2,0,2919,1459.5,-0.04385171540159354,,2.1.0
uniform_operational,2,0,2920,1460.0,-0.04346246579678805,,2.1.0
uniform_operational,2,0,2921,1460.5,-0.042383472255000214,-0.0022820075545666382,2.1.0
uniform_operational,2,0,2922,1461.0,-0.04130938500620777,,2.1.0
uniform_operational,2,0,2923,1461.5,-0.04131146973958388,,2.1.0
uniform_operational,2,0,2924,1462.0,-0.041653357942393915,,2.1.0
uniform_operational,2,0,2925,1462.5,-0.04367378191727418,,2.1.0
uniform_operational,2,0,2926,1463.0,-0.04340111168898375,,2.1.0
uniform_operational,2,0,2927,1463.5,-0.0440592258818174,,2.1.0
uniform_operational,2,0,2928,1464.0,-0.043842698149083426,,2.1.0
uniform_operational,2,0,2929,1464.5,-0.04416988351716638,,2.1.0
uniform_operational,2,0,2930,1465.0,-0.04400485407160111,,2.1.0
uniform_operational,2,0,2931,1465.5,-0.0429253086201098,-0.0005418363651095853,2.1.0
uniform_operational,2,0,2932,1466.0,-0.040849905151896966,,2.1.0
uniform_operational,2,0,2933,1466.5,-0.03948080078440942,,2.1.0
uniform_operational,2,0,2934,1467.0,-0.040643731934143106,,2.1.0
uniform_operational,2,0,2935,1467.5,-0.0411748791419252,,2.1.0
uniform_operational,2,0,2936,1468.0,-0.04048555345545434,,2.1.0
uniform_operational,2,0,2937,1468.5,-0.03902907659285932,,2.1.0
uniform_operational,2,0,2938,1469.0,-0.03945835944551518,,2.1.0
uniform_operational,2,0,2939,1469.5,-0.0380714340836059,,2.1.0
uniform_operational,2,0,2940,1470.0,-0.039855530076746214,,2.1.0
uniform_operational,2,0,2941,1470.5,-0.04241082320837367,0.0005144854117361264,2.1.0
uniform_operational,2,0,2942,1471.0,-0.04113245076827577,,2.1.0
uniform_operational,2,0,2943,1471.5,-0.04198894910474891,,2.1.0
uniform_operational,2,0,2944,1472.0,-0.0411157404764176,,2.1.0
uniform_operational,2,0,2945,1472.5,-0.04167838224402749,,2.1.0
uniform_operational,2,0,2946,1473.0,-0.04142407669852096,,2.1.0
uniform_operational,2,0,2947,1473.5,-0.03963798180155686,,2.1.0
uniform_operational,2,0,2948,1474.0,-0.04019199229316309,,2.1.0
uniform_operational,2,0,2949,1474.5,-0.040542419893430263,,2.1.0
uniform_operational,2,0,2950,1475.0,-0.0408654758924435,,2.1.0
uniform_operational,2,0,2951,1475.5,-0.04152251505868882,0.0008883081496848522,2.1.0
uniform_operational,2,0,2952,1476.0,-0.04215831504125005,,2.1.0
uniform_operational,2,0,2953,1476.5,-0.043252622453485906,,2.1.0
uniform_operational,2,0,2954,1477.0,-0.04308142814734655,,2.1.0
uniform_operational,2,0,2955,1477.5,-0.0435473933394004,,2.1.0
uniform_operational,2,0,2956,1478.0,-0.046937744134698624,,2.1.0
uniform_operational,2,0,2957,1478.5,-0.04702932453211232,,2.1.0
uniform_operational,2,0,2958,1479.0,-0.04761555304138882,,2.1.0
uniform_operational,2,0,2959,1479.5,-0.04563898923038961,,2.1.0
uniform_operational,2,0,2960,1480.0,-0.04657787871337093,,2.1.0
uniform_operational,2,0,2961,1480.5,-0.0459230759208641,-0.00440056086217528,2.1.0
uniform_operational,2,0,2962,1481.0,-0.04604435936346509,,2.1.0
uniform_operational,2,0,2963,1481.5,-0.045773038672045976,,2.1.0
uniform_operational,2,0,2964,1482.0,-0.04650567179440722,,2.1.0
uniform_operational,2,0,2965,1482.5,-0.046302837845531485,,2.1.0
uniform_operational,2,0,2966,1483.0,-0.046349913274916506,,2.1.0
uniform_operational,2,0,2967,1483.5,-0.04551881121298766,,2.1.0
uniform_operational,2,0,2968,1484.0,-0.04587289418304631,,2.1.0
uniform_operational,2,0,2969,1484.5,-0.044453604065070554,,2.1.0
uniform_operational,2,0,2970,1485.0,-0.04329205239528738,,2.1.0
uniform_operational,2,0,2971,1485.5,-0.04420456594114591,0.0017185099797181885,2.1.0
uniform_operational,2,0,2972,1486.0,-0.04497367192714439,,2.1.0
uniform_operational,2,0,2973,1486.5,-0.04497466350349492,,2.1.0
uniform_operational,2,0,2974,1487.0,-0.045553733975301894,,2.1.0
uniform_operational,2,0,2975,1487.5,-0.04574300235169966,,2.1.0
uniform_operational,2,0,2976,1488.0,-0.04217055411823445,,2.1.0
uniform_operational,2,0,2977,1488.5,-0.04326607333623001,,2.1.0
uniform_operational,2,0,2978,1489.0,-0.043423213645597356,,2.1.0
uniform_operational,2,0,2979,1489.5,-0.04383502425564057,,2.1.0
uniform_operational,2,0,2980,1490.0,-0.04467874574928827,,2.1.0
uniform_operational,2,0,2981,1490.5,-0.0441788355415536,2.5730399592312214e-05,2.1.0
uniform_operational,2,0,2982,1491.0,-0.04543012947465218,,2.1.0
uniform_operational,2,0,2983,1491.5,-0.045704588220847976,,2.1.0
uniform_operational,2,0,2984,1492.0,-0.04495781379507596,,2.1.0
uniform_operational,2,0,2985,1492.5,-0.04547584028276755,,2.1.0
uniform_operational,2,0,2986,1493.0,-0.046108274094626776,,2.1.0
uniform_operational,2,0,2987,1493.5,-0.046623307844216345,,2.1.0
uniform_operational,2,0,2988,1494.0,-0.045772474106815224,,2.1.0
uniform_operational,2,0,2989,1494.5,-0.045659827670500565,,2.1.0
uniform_operational,2,0,2990,1495.0,-0.04582188466186915,,2.1.0
uniform_operational,2,0,2991,1495.5,-0.04533783768077532,-0.0011590021392217167,2.1.0
uniform_operational,2,0,2992,1496.0,-0.04455529155489567,,2.1.0
uniform_operational,2,0,2993,1496.5,-0.04696293173654775,,2.1.0
uniform_operational,2,0,2994,1497.0,-0.0474265530505241,,2.1.0
uniform_operational,2,0,2995,1497.5,-0.04782175895545163,,2.1.0
uniform_operational,2,0,2996,1498.0,-0.04850540574626386,,2.1.0
uniform_operational,2,0,2997,1498.5,-0.046884245703773454,,2.1.0
uniform_operational,2,0,2998,1499.0,-0.04741389712093707,,2.1.0
uniform_operational,2,0,2999,1499.5,-0.04745244308711831,,2.1.0
uniform_operational,2,0,3000,1500.0,-0.047220903807489216,,2.1.0
uniform_operational,2,0,3001,1500.5,-0.04689573368318838,-0.0015578960024130659,2.1.0
uniform_operational,2,0,3002,1501.0,-0.04729427829810053,,2.1.0
uniform_operational,2,0,3003,1501.5,-0.04696985547686097,,2.1.0
uniform_operational,2,0,3004,1502.0,-0.047286758787882945,,2.1.0
uniform_operational,2,0,3005,1502.5,-0.04917517228196611,,2.1.0
uniform_operational,2,0,3006,1503.0,-0.0479440890927765,,2.1.0
uniform_operational,2,0,3007,1503.5,-0.04730701808120834,,2.1.0
uniform_operational,2,0,3008,1504.0,-0.04873508666108869,,2.1.0
uniform_operational,2,0,3009,1504.5,-0.04929750966287468,,2.1.0
uniform_operational,2,0,3010,1505.0,-0.05030625231396671,,2.1.0
uniform_operational,2,0,3011,1505.5,-0.04970264152468423,-0.0028069078414958495,2.1.0
uniform_operational,2,0,3012,1506.0,-0.04901392914915152,,2.1.0
uniform_operational,2,0,3013,1506.5,-0.04935306379984275,,2.1.0
uniform_operational,2,0,3014,1507.0,-0.049026852802949196,,2.1.0
uniform_operational,2,0,3015,1507.5,-0.04948887293279917,,2.1.0
uniform_operational,2,0,3016,1508.0,-0.049607873601021577,,2.1.0
uniform_operational,2,0,3017,1508.5,-0.05105931052633428,,2.1.0
uniform_operational,2,0,3018,1509.0,-0.0500855744459801,,2.1.0
uniform_operational,2,0,3019,1509.5,-0.04993282842636644,,2.1.0
uniform_operational,2,0,3020,1510.0,-0.04977647897519997,,2.1.0
uniform_operational,2,0,3021,1510.5,-0.049863407940044166,-0.00016076641535993363,2.1.0
uniform_operational,2,0,3022,1511.0,-0.0488226390295235,,2.1.0
uniform_operational,2,0,3023,1511.5,-0.04753663969108763,,2.1.0
uniform_operational,2,0,3024,1512.0,-0.04682916813581211,,2.1.0
uniform_operational,2,0,3025,1512.5,-0.04745465113421523,,2.1.0
uniform_operational,2,0,3026,1513.0,-0.0463606094718838,,2.1.0
uniform_operational,2,0,3027,1513.5,-0.04622787142172486,,2.1.0
uniform_operational,2,0,3028,1514.0,-0.04687608273958218,,2.1.0
uniform_operational,2,0,3029,1514.5,-0.046217674647842884,,2.1.0
uniform_operational,2,0,3030,1515.0,-0.04741220340980991,,2.1.0
uniform_operational,2,0,3031,1515.5,-0.047306163233356256,0.0025572447066879098,2.1.0
uniform_operational,2,0,3032,1516.0,-0.046734592087367785,,2.1.0
uniform_operational,2,0,3033,1516.5,-0.04535763932242605,,2.1.0
uniform_operational,2,0,3034,1517.0,-0.04644706148779827,,2.1.0
uniform_operational,2,0,3035,1517.5,-0.045895120536977155,,2.1.0
uniform_operational,2,0,3036,1518.0,-0.04605976861226818,,2.1.0
uniform_operational,2,0,3037,1518.5,-0.046832960773082404,,2.1.0
uniform_operational,2,0,3038,1519.0,-0.04851902478414385,,2.1.0
uniform_operational,2,0,3039,1519.5,-0.04723112340022942,,2.1.0
uniform_operational,2,0,3040,1520.0,-0.04626648707690306,,2.1.0
uniform_operational,2,0,3041,1520.5,-0.046618496445550175,0.0006876667878060808,2.1.0
uniform_operational,2,0,3042,1521.0,-0.046271388195538624,,2.1.0
uniform_operational,2,0,3043,1521.5,-0.04727888166204104,,2.1.0
uniform_operational,2,0,3044,1522.0,-0.04627249376496327,,2.1.0
uniform_operational,2,0,3045,1522.5,-0.04460544762100044,,2.1.0
uniform_operational,2,0,3046,1523.0,-0.044782472932072805,,2.1.0
uniform_operational,2,0,3047,1523.5,-0.04331972003944522,,2.1.0
uniform_operational,2,0,3048,1524.0,-0.045208606532146714,,2.1.0
uniform_operational,2,0,3049,1524.5,-0.04480047842580787,,2.1.0
uniform_operational,2,0,3050,1525.0,-0.04499793489929059,,2.1.0
uniform_operational,2,0,3051,1525.5,-0.04595548236186164,0.0006630140836885387,2.1.0
uniform_operational,2,0,3052,1526.0,-0.04519465997116091,,2.1.0
uniform_operational,2,0,3053,1526.5,-0.043360184211749184,,2.1.0
uniform_operational,2,0,3054,1527.0,-0.04485358614503872,,2.1.0
uniform_operational,2,0,3055,1527.5,-0.044571081361392366,,2.1.0
uniform_operational,2,0,3056,1528.0,-0.04365198897547316,,2.1.0
uniform_operational,2,0,3057,1528.5,-0.042553315718885404,,2.1.0
uniform_operational,2,0,3058,1529.0,-0.0416802031597057,,2.1.0
uniform_operational,2,0,3059,1529.5,-0.042894583015612546,,2.1.0
uniform_operational,2,0,3060,1530.0,-0.04335463108151251,,2.1.0
uniform_operational,2,0,3061,1530.5,-0.042780154738486294,0.003175327623375343,2.1.0
uniform_operational,2,0,3062,1531.0,-0.04144504473326526,,2.1.0
uniform_operational,2,0,3063,1531.5,-0.044027637428547935,,2.1.0
uniform_operational,2,0,3064,1532.0,-0.044322541931618914,,2.1.0
uniform_operational,2,0,3065,1532.5,-0.04399894495526755,,2.1.0
uniform_operational,2,0,3066,1533.0,-0.04345350099460581,,2.1.0
uniform_operational,2,0,3067,1533.5,-0.045522390086501406,,2.1.0
uniform_operational,2,0,3068,1534.0,-0.04583008241622148,,2.1.0
uniform_operational,2,0,3069,1534.5,-0.04519984289427826,,2.1.0
uniform_operational,2,0,3070,1535.0,-0.04622578299891288,,2.1.0
uniform_operational,2,0,3071,1535.5,-0.04462849432607774,-0.0018483395875914452,2.1.0
uniform_operational,2,0,3072,1536.0,-0.04479827018730265,,2.1.0
uniform_operational,2,0,3073,1536.5,-0.04550166127243049,,2.1.0
uniform_operational,2,0,3074,1537.0,-0.045117316816845825,,2.1.0
uniform_operational,2,0,3075,1537.5,-0.04410462322763168,,2.1.0
uniform_operational,2,0,3076,1538.0,-0.043844911273390116,,2.1.0
uniform_operational,2,0,3077,1538.5,-0.04277132575437719,,2.1.0
uniform_operational,2,0,3078,1539.0,-0.041794373791369674,,2.1.0
uniform_operational,2,0,3079,1539.5,-0.04057534876526337,,2.1.0
uniform_operational,2,0,3080,1540.0,-0.03958373900170405,,2.1.0
uniform_operational,2,0,3081,1540.5,-0.038811548434811195,0.005816945891266544,2.1.0
uniform_operational,2,0,3082,1541.0,-0.0388220057948772,,2.1.0
uniform_operational,2,0,3083,1541.5,-0.03658330452671939,,2.1.0
uniform_operational,2,0,3084,1542.0,-0.03677739258178611,,2.1.0
uniform_operational,2,0,3085,1542.5,-0.035671476381859524,,2.1.0
uniform_operational,2,0,3086,1543.0,-0.03771192705946416,,2.1.0
uniform_operational,2,0,3087,1543.5,-0.038014995975706754,,2.1.0
uniform_operational,2,0,3088,1544.0,-0.038874542838906935,,2.1.0
uniform_operational,2,0,3089,1544.5,-0.038668260443305895,,2.1.0
uniform_operational,2,0,3090,1545.0,-0.037636367520702686,,2.1.0
uniform_operational,2,0,3091,1545.5,-0.036763254594707126,0.0020482938401040693,2.1.0
uniform_operational,2,0,3092,1546.0,-0.03616477836846636,,2.1.0
uniform_operational,2,0,3093,1546.5,-0.03630512846447799,,2.1.0
uniform_operational,2,0,3094,1547.0,-0.0378882649327054,,2.1.0
uniform_operational,2,0,3095,1547.5,-0.036506115191505636,,2.1.0
uniform_operational,2,0,3096,1548.0,-0.03599364650978473,,2.1.0
uniform_operational,2,0,3097,1548.5,-0.03521786370681233,,2.1.0
uniform_operational,2,0,3098,1549.0,-0.03559731824374357,,2.1.0
uniform_operational,2,0,3099,1549.5,-0.03483968030669367,,2.1.0
uniform_operational,2,0,3100,1550.0,-0.03381323896551197,,2.1.0
uniform_operational,2,0,3101,1550.5,-0.03515353669435636,0.0016097179003507628,2.1.0
uniform_operational,2,0,3102,1551.0,-0.034736087120529766,,2.1.0
uniform_operational,2,0,3103,1551.5,-0.03307862634649368,,2.1.0
uniform_operational,2,0,3104,1552.0,-0.03244592222231586,,2.1.0
uniform_operational,2,0,3105,1552.5,-0.031064068146988172,,2.1.0
uniform_operational,2,0,3106,1553.0,-0.028431296053007662,,2.1.0
uniform_operational,2,0,3107,1553.5,-0.028805165744557187,,2.1.0
uniform_operational,2,0,3108,1554.0,-0.030717595462450634,,2.1.0
uniform_operational,2,0,3109,1554.5,-0.031613341069030784,,2.1.0
uniform_operational,2,0,3110,1555.0,-0.031496008562889824,,2.1.0
uniform_operational,2,0,3111,1555.5,-0.029999598206897585,0.0051539384874587785,2.1.0
uniform_operational,2,0,3112,1556.0,-0.029883974680593575,,2.1.0
uniform_operational,2,0,3113,1556.5,-0.029551755775482996,,2.1.0
uniform_operational,2,0,3114,1557.0,-0.028533536542560814,,2.1.0
uniform_operational,2,0,3115,1557.5,-0.028134626348253464,,2.1.0
uniform_operational,2,0,3116,1558.0,-0.029871840016709353,,2.1.0
uniform_operational,2,0,3117,1558.5,-0.03241177894849734,,2.1.0
uniform_operational,2,0,3118,1559.0,-0.032597032723436434,,2.1.0
uniform_operational,2,0,3119,1559.5,-0.034771238873560054,,2.1.0
uniform_operational,2,0,3120,1560.0,-0.03335981950025314,,2.1.0
uniform_operational,2,0,3121,1560.5,-0.03393734939498906,-0.003937751188091476,2.1.0
uniform_operational,2,0,3122,1561.0,-0.03408790318794638,,2.1.0
uniform_operational,2,0,3123,1561.5,-0.03315705303455818,,2.1.0
uniform_operational,2,0,3124,1562.0,-0.03335900325121921,,2.1.0
uniform_operational,2,0,3125,1562.5,-0.034569617591243176,,2.1.0
uniform_operational,2,0,3126,1563.0,-0.03592605691033829,,2.1.0
uniform_operational,2,0,3127,1563.5,-0.03757142767229402,,2.1.0
uniform_operational,2,0,3128,1564.0,-0.03796037156679241,,2.1.0
uniform_operational,2,0,3129,1564.5,-0.037342783087791875,,2.1.0
uniform_operational,2,0,3130,1565.0,-0.0387521496137653,,2.1.0
uniform_operational,2,0,3131,1565.5,-0.038956712425146534,-0.005019363030157473,2.1.0
uniform_operational,2,0,3132,1566.0,-0.038170066378507325,,2.1.0
uniform_operational,2,0,3133,1566.5,-0.03777074256208319,,2.1.0
uniform_operational,2,0,3134,1567.0,-0.03774290386380382,,2.1.0
uniform_operational,2,0,3135,1567.5,-0.03846842857247626,,2.1.0
uniform_operational,2,0,3136,1568.0,-0.03753994769103526,,2.1.0
uniform_operational,2,0,3137,1568.5,-0.039121211480471284,,2.1.0
uniform_operational,2,0,3138,1569.0,-0.04049460363182392,,2.1.0
uniform_operational,2,0,3139,1569.5,-0.040496008965952075,,2.1.0
uniform_operational,2,0,3140,1570.0,-0.041332712629066286,,2.1.0
uniform_operational,2,0,3141,1570.5,-0.04195615017343816,-0.0029994377482916237,2.1.0
uniform_operational,2,0,3142,1571.0,-0.04285886357942609,,2.1.0
uniform_operational,2,0,3143,1571.5,-0.04494110978624163,,2.1.0
uniform_operational,2,0,3144,1572.0,-0.046384595112610796,,2.1.0
uniform_operational,2,0,3145,1572.5,-0.04575658743028838,,2.1.0
uniform_operational,2,0,3146,1573.0,-0.045128091223720516,,2.1.0
uniform_operational,2,0,3147,1573.5,-0.043121737487738836,,2.1.0
uniform_operational,2,0,3148,1574.0,-0.043370277521436865,,2.1.0
uniform_operational,2,0,3149,1574.5,-0.04280271561624916,,2.1.0
uniform_operational,2,0,3150,1575.0,-0.04331921017476805,,2.1.0
uniform_operational,2,0,3151,1575.5,-0.04337521911995531,-0.0014190689465171519,2.1.0
uniform_operational,2,0,3152,1576.0,-0.04401869874042211,,2.1.0
uniform_operational,2,0,3153,1576.5,-0.04511236874900906,,2.1.0
uniform_operational,2,0,3154,1577.0,-0.04335273822537065,,2.1.0
uniform_operational,2,0,3155,1577.5,-0.04252892494313145,,2.1.0
uniform_operational,2,0,3156,1578.0,-0.04229160413282218,,2.1.0
uniform_operational,2,0,3157,1578.5,-0.04301606483309971,,2.1.0
uniform_operational,2,0,3158,1579.0,-0.04324006850183156,,2.1.0
uniform_operational,2,0,3159,1579.5,-0.04044128479586012,,2.1.0
uniform_operational,2,0,3160,1580.0,-0.040957293549180936,,2.1.0
uniform_operational,2,0,3161,1580.5,-0.04019407583477095,0.0031811432851843596,2.1.0
uniform_operational,2,0,3162,1581.0,-0.04230185182654893,,2.1.0
uniform_operational,2,0,3163,1581.5,-0.044986900035332365,,2.1.0
uniform_operational,2,0,3164,1582.0,-0.04339250339330093,,2.1.0
uniform_operational,2,0,3165,1582.5,-0.04259725173872284,,2.1.0
uniform_operational,2,0,3166,1583.0,-0.040173303941573466,,2.1.0
uniform_operational,2,0,3167,1583.5,-0.03887554572156583,,2.1.0
uniform_operational,2,0,3168,1584.0,-0.0399195005723666,,2.1.0
uniform_operational,2,0,3169,1584.5,-0.040457932258969154,,2.1.0
uniform_operational,2,0,3170,1585.0,-0.04074895900884564,,2.1.0
uniform_operational,2,0,3171,1585.5,-0.03943705208837567,0.0007570237463952814,2.1.0
uniform_operational,2,0,3172,1586.0,-0.03976732731398844,,2.1.0
uniform_operational,2,0,3173,1586.5,-0.038153412274536544,,2.1.0
uniform_operational,2,0,3174,1587.0,-0.03647875908621402,,2.1.0
uniform_operational,2,0,3175,1587.5,-0.03625320437165483,,2.1.0
uniform_operational,2,0,3176,1588.0,-0.03520505016280234,,2.1.0
uniform_operational,2,0,3177,1588.5,-0.03553587047313675,,2.1.0
uniform_operational,2,0,3178,1589.0,-0.03551948031571593,,2.1.0
uniform_operational,2,0,3179,1589.5,-0.037967809655565156,,2.1.0
uniform_operational,2,0,3180,1590.0,-0.03746198102614327,,2.1.0
uniform_operational,2,0,3181,1590.5,-0.036474110730881956,0.002962941357493712,2.1.0
uniform_operational,2,0,3182,1591.0,-0.038341827857872615,,2.1.0
uniform_operational,2,0,3183,1591.5,-0.03871567067125264,,2.1.0
uniform_operational,2,0,3184,1592.0,-0.03671076750756318,,2.1.0
uniform_operational,2,0,3185,1592.5,-0.035124165952236386,,2.1.0
uniform_operational,2,0,3186,1593.0,-0.034308416990748866,,2.1.0
uniform_operational,2,0,3187,1593.5,-0.03640666664601826,,2.1.0
uniform_operational,2,0,3188,1594.0,-0.0360378227290193,,2.1.0
uniform_operational,2,0,3189,1594.5,-0.03569450709507409,,2.1.0
uniform_operational,2,0,3190,1595.0,-0.03711887383585505,,2.1.0
uniform_operational,2,0,3191,1595.5,-0.03824396823124029,-0.0017698575003583308,2.1.0
uniform_operational,2,0,3192,1596.0,-0.039150342469246174,,2.1.0
uniform_operational,2,0,3193,1596.5,-0.038886947793652954,,2.1.0
uniform_operational,2,0,3194,1597.0,-0.03910884087960081,,2.1.0
uniform_operational,2,0,3195,1597.5,-0.040738908089413266,,2.1.0
uniform_operational,2,0,3196,1598.0,-0.04083032694321337,,2.1.0
uniform_operational,2,0,3197,1598.5,-0.040519335112756925,,2.1.0
uniform_operational,2,0,3198,1599.0,-0.0406275838347827,,2.1.0
uniform_operational,2,0,3199,1599.5,-0.04152688513520695,,2.1.0
uniform_operational,2,0,3200,1600.0,-0.04026539667093111,,2.1.0
uniform_operational,2,0,3201,1600.5,-0.04149793433958049,-0.003253966108340202,2.1.0
uniform_operational,2,0,3202,1601.0,-0.04215730523075058,,2.1.0
uniform_operational,2,0,3203,1601.5,-0.04233423759462232,,2.1.0
uniform_operational,2,0,3204,1602.0,-0.04048451568662164,,2.1.0
uniform_operational,2,0,3205,1602.5,-0.03972526562484352,,2.1.0
uniform_operational,2,0,3206,1603.0,-0.039123814146229154,,2.1.0
uniform_operational,2,0,3207,1603.5,-0.03750108221773086,,2.1.0
uniform_operational,2,0,3208,1604.0,-0.038150181084565214,,2.1.0
uniform_operational,2,0,3209,1604.5,-0.03750697989903189,,2.1.0
uniform_operational,2,0,3210,1605.0,-0.03818402260131604,,2.1.0
uniform_operational,2,0,3211,1605.5,-0.03893933309966105,0.002558601239919439,2.1.0
uniform_operational,2,0,3212,1606.0,-0.040418661745594345,,2.1.0
uniform_operational,2,0,3213,1606.5,-0.04221829488331749,,2.1.0
uniform_operational,2,0,3214,1607.0,-0.04229996865519917,,2.1.0
uniform_operational,2,0,3215,1607.5,-0.042982456187917115,,2.1.0
uniform_operational,2,0,3216,1608.0,-0.04393565440687931,,2.1.0
uniform_operational,2,0,3217,1608.5,-0.04198004432604431,,2.1.0
uniform_operational,2,0,3218,1609.0,-0.04166010763639953,,2.1.0
uniform_operational,2,0,3219,1609.5,-0.04280997163381128,,2.1.0
uniform_operational,2,0,3220,1610.0,-0.04403412612450206,,2.1.0
uniform_operational,2,0,3221,1610.5,-0.04454758598767482,-0.005608252888013768,2.1.0
uniform_operational,2,0,3222,1611.0,-0.04310256067583483,,2.1.0
uniform_operational,2,0,3223,1611.5,-0.04393029069469421,,2.1.0
uniform_operational,2,0,3224,1612.0,-0.043190469959693854,,2.1.0
uniform_operational,2,0,3225,1612.5,-0.04392542629686686,,2.1.0
uniform_operational,2,0,3226,1613.0,-0.042797066389108025,,2.1.0
uniform_operational,2,0,3227,1613.5,-0.041936721538058164,,2.1.0
uniform_operational,2,0,3228,1614.0,-0.04228316565766379,,2.1.0
uniform_operational,2,0,3229,1614.5,-0.042213648079107866,,2.1.0
uniform_operational,2,0,3230,1615.0,-0.042412419567347405,,2.1.0
uniform_operational,2,0,3231,1615.5,-0.04003902346198554,0.0045085625256892775,2.1.0
uniform_operational,2,0,3232,1616.0,-0.04049980434603624,,2.1.0
uniform_operational,2,0,3233,1616.5,-0.041230439750189585,,2.1.0
uniform_operational,2,0,3234,1617.0,-0.04099484986570799,,2.1.0
uniform_operational,2,0,3235,1617.5,-0.041050471945832515,,2.1.0
uniform_operational,2,0,3236,1618.0,-0.041142801784099764,,2.1.0
uniform_operational,2,0,3237,1618.5,-0.040902699634650146,,2.1.0
uniform_operational,2,0,3238,1619.0,-0.04020144039331109,,2.1.0
uniform_operational,2,0,3239,1619.5,-0.04141168086231565,,2.1.0
uniform_operational,2,0,3240,1620.0,-0.042523576520656796,,2.1.0
uniform_operational,2,0,3241,1620.5,-0.04436668820244559,-0.004327664740460049,2.1.0
uniform_operational,2,0,3242,1621.0,-0.04540262814185573,,2.1.0
uniform_operational,2,0,3243,1621.5,-0.04406235920212007,,2.1.0
uniform_operational,2,0,3244,1622.0,-0.044664915732988295,,2.1.0
uniform_operational,2,0,3245,1622.5,-0.0441661424547189,,2.1.0
uniform_operational,2,0,3246,1623.0,-0.0442168901633068,,2.1.0
uniform_operational,2,0,3247,1623.5,-0.04389443111043817,,2.1.0
uniform_operational,2,0,3248,1624.0,-0.04409410613374411,,2.1.0
uniform_operational,2,0,3249,1624.5,-0.04391798082913886,,2.1.0
uniform_operational,2,0,3250,1625.0,-0.04486217581501016,,2.1.0
uniform_operational,2,0,3251,1625.5,-0.04506782025724074,-0.0007011320547951477,2.1.0
uniform_operational,2,0,3252,1626.0,-0.04549305699559896,,2.1.0
uniform_operational,2,0,3253,1626.5,-0.04389411701136352,,2.1.0
uniform_operational,2,0,3254,1627.0,-0.044605833024601714,,2.1.0
uniform_operational,2,0,3255,1627.5,-0.04602285266862419,,2.1.0
uniform_operational,2,0,3256,1628.0,-0.04545759984041119,,2.1.0
uniform_operational,2,0,3257,1628.5,-0.045078378493275645,,2.1.0
uniform_operational,2,0,3258,1629.0,-0.04568350244897938,,2.1.0
uniform_operational,2,0,3259,1629.5,-0.04527277617767778,,2.1.0
uniform_operational,2,0,3260,1630.0,-0.04518146815254617,,2.1.0
uniform_operational,2,0,3261,1630.5,-0.047052599148335594,-0.001984778891094857,2.1.0
uniform_operational,2,0,3262,1631.0,-0.04811106270921364,,2.1.0
uniform_operational,2,0,3263,1631.5,-0.04882102430103084,,2.1.0
uniform_operational,2,0,3264,1632.0,-0.04733749159754968,,2.1.0
uniform_operational,2,0,3265,1632.5,-0.04618753652700208,,2.1.0
uniform_operational,2,0,3266,1633.0,-0.045137777569232866,,2.1.0
uniform_operational,2,0,3267,1633.5,-0.04520013623756634,,2.1.0
uniform_operational,2,0,3268,1634.0,-0.04516774556420401,,2.1.0
uniform_operational,2,0,3269,1634.5,-0.043699310687799114,,2.1.0
uniform_operational,2,0,3270,1635.0,-0.044147395472925455,,2.1.0
uniform_operational,2,0,3271,1635.5,-0.04252442358837172,0.004528175559963876,2.1.0
uniform_operational,2,0,3272,1636.0,-0.04225149488858896,,2.1.0
uniform_operational,2,0,3273,1636.5,-0.04447793117792829,,2.1.0
uniform_operational,2,0,3274,1637.0,-0.04424267298116335,,2.1.0
uniform_operational,2,0,3275,1637.5,-0.044467237836704775,,2.1.0
uniform_operational,2,0,3276,1638.0,-0.04634745252755058,,2.1.0
uniform_operational,2,0,3277,1638.5,-0.04666036590947261,,2.1.0
uniform_operational,2,0,3278,1639.0,-0.046466226823368595,,2.1.0
uniform_operational,2,0,3279,1639.5,-0.047382037372125124,,2.1.0
uniform_operational,2,0,3280,1640.0,-0.04871538253687879,,2.1.0
uniform_operational,2,0,3281,1640.5,-0.0499618000293356,-0.007437376440963879,2.1.0
uniform_operational,2,0,3282,1641.0,-0.04878534743011723,,2.1.0
uniform_operational,2,0,3283,1641.5,-0.04867321470984354,,2.1.0
uniform_operational,2,0,3284,1642.0,-0.04833074707135611,,2.1.0
uniform_operational,2,0,3285,1642.5,-0.049399525091077416,,2.1.0
uniform_operational,2,0,3286,1643.0,-0.0511618789210082,,2.1.0
uniform_operational,2,0,3287,1643.5,-0.05224656201898066,,2.1.0
uniform_operational,2,0,3288,1644.0,-0.05151397970083652,,2.1.0
uniform_operational,2,0,3289,1644.5,-0.05159516011418796,,2.1.0
uniform_operational,2,0,3290,1645.0,-0.051819648421658336,,2.1.0
uniform_operational,2,0,3291,1645.5,-0.052462145545586134,-0.0025003455162505364,2.1.0
uniform_operational,2,0,3292,1646.0,-0.05198044041487482,,2.1.0
uniform_operational,2,0,3293,1646.5,-0.05149038211749617,,2.1.0
uniform_operational,2,0,3294,1647.0,-0.05116198145630611,,2.1.0
uniform_operational,2,0,3295,1647.5,-0.05143535550214788,,2.1.0
uniform_operational,2,0,3296,1648.0,-0.04984315558091891,,2.1.0
uniform_operational,2,0,3297,1648.5,-0.049331761423712865,,2.1.0
uniform_operational,2,0,3298,1649.0,-0.049217810427271365,,2.1.0
uniform_operational,2,0,3299,1649.5,-0.050064027180932814,,2.1.0
uniform_operational,2,0,3300,1650.0,-0.049971816855169784,,2.1.0
uniform_operational,2,0,3301,1650.5,-0.04876336824021227,0.0036987773053738654,2.1.0
uniform_operational,2,0,3302,1651.0,-0.04780713367096686,,2.1.0
uniform_operational,2,0,3303,1651.5,-0.0499670527241898,,2.1.0
uniform_operational,2,0,3304,1652.0,-0.049711899581094454,,2.1.0
uniform_operational,2,0,3305,1652.5,-0.05009623127258036,,2.1.0
uniform_operational,2,0,3306,1653.0,-0.051397181248714605,,2.1.0
uniform_operational,2,0,3307,1653.5,-0.05257372133970918,,2.1.0
uniform_operational,2,0,3308,1654.0,-0.053217879882356954,,2.1.0
uniform_operational,2,0,3309,1654.5,-0.05353391993288009,,2.1.0
uniform_operational,2,0,3310,1655.0,-0.053298735246751876,,2.1.0
uniform_operational,2,0,3311,1655.5,-0.05390066258342179,-0.005137294343209524,2.1.0
uniform_operational,2,0,3312,1656.0,-0.05474053795210812,,2.1.0
uniform_operational,2,0,3313,1656.5,-0.05578729964987502,,2.1.0
uniform_operational,2,0,3314,1657.0,-0.05654048330765575,,2.1.0
uniform_operational,2,0,3315,1657.5,-0.055494455320735776,,2.1.0
uniform_operational,2,0,3316,1658.0,-0.05474776098502722,,2.1.0
uniform_operational,2,0,3317,1658.5,-0.05467723885262832,,2.1.0
uniform_operational,2,0,3318,1659.0,-0.05417660025110193,,2.1.0
uniform_operational,2,0,3319,1659.5,-0.05376157790686928,,2.1.0
uniform_operational,2,0,3320,1660.0,-0.05260849849750113,,2.1.0
uniform_operational,2,0,3321,1660.5,-0.05298733067767617,0.0009133319057456207,2.1.0
uniform_operational,2,0,3322,1661.0,-0.05251861597934127,,2.1.0
uniform_operational,2,0,3323,1661.5,-0.05244681108946871,,2.1.0
uniform_operational,2,0,3324,1662.0,-0.0532190740059065,,2.1.0
uniform_operational,2,0,3325,1662.5,-0.05345248597815038,,2.1.0
uniform_operational,2,0,3326,1663.0,-0.052948965632981806,,2.1.0
uniform_operational,2,0,3327,1663.5,-0.0545311295488062,,2.1.0
uniform_operational,2,0,3328,1664.0,-0.05587152797197353,,2.1.0
uniform_operational,2,0,3329,1664.5,-0.05639307421852853,,2.1.0
uniform_operational,2,0,3330,1665.0,-0.056831634898533455,,2.1.0
uniform_operational,2,0,3331,1665.5,-0.05837164934120652,-0.005384318663530348,2.1.0
uniform_operational,2,0,3332,1666.0,-0.057879261996295735,,2.1.0
uniform_operational,2,0,3333,1666.5,-0.058566295820370984,,2.1.0
uniform_operational,2,0,3334,1667.0,-0.05785739506207896,,2.1.0
uniform_operational,2,0,3335,1667.5,-0.05778417636275029,,2.1.0
uniform_operational,2,0,3336,1668.0,-0.05817160240518819,,2.1.0
uniform_operational,2,0,3337,1668.5,-0.05857134385916638,,2.1.0
uniform_operational,2,0,3338,1669.0,-0.05875285644735236,,2.1.0
uniform_operational,2,0,3339,1669.5,-0.058602058358366946,,2.1.0
uniform_operational,2,0,3340,1670.0,-0.058712922379438516,,2.1.0
uniform_operational,2,0,3341,1670.5,-0.058770803305169726,-0.0003991539639632072,2.1.0
uniform_operational,2,0,3342,1671.0,-0.058117173650738,,2.1.0
uniform_operational,2,0,3343,1671.5,-0.06177123624514924,,2.1.0
uniform_operational,2,0,3344,1672.0,-0.06286831140380061,,2.1.0
uniform_operational,2,0,3345,1672.5,-0.06453328048440632,,2.1.0
uniform_operational,2,0,3346,1673.0,-0.06466003554832886,,2.1.0
uniform_operational,2,0,3347,1673.5,-0.06412582556783733,,2.1.0
uniform_operational,2,0,3348,1674.0,-0.06374075967859019,,2.1.0
uniform_operational,2,0,3349,1674.5,-0.06308103605998369,,2.1.0
uniform_operational,2,0,3350,1675.0,-0.06398176378508356,,2.1.0
uniform_operational,2,0,3351,1675.5,-0.06331615347112267,-0.0045453501659529424,2.1.0
uniform_operational,2,0,3352,1676.0,-0.06488831823322741,,2.1.0
uniform_operational,2,0,3353,1676.5,-0.06558964407852486,,2.1.0
uniform_operational,2,0,3354,1677.0,-0.06522930463921964,,2.1.0
uniform_operational,2,0,3355,1677.5,-0.06417170621494729,,2.1.0
uniform_operational,2,0,3356,1678.0,-0.06367823358555336,,2.1.0
uniform_operational,2,0,3357,1678.5,-0.06354352675237314,,2.1.0
uniform_operational,2,0,3358,1679.0,-0.06391397058548923,,2.1.0
uniform_operational,2,0,3359,1679.5,-0.06381505894991388,,2.1.0
uniform_operational,2,0,3360,1680.0,-0.06387984285699819,,2.1.0
uniform_operational,2,0,3361,1680.5,-0.0654978655471934,-0.0021817120760707354,2.1.0
uniform_operational,2,0,3362,1681.0,-0.06552385890528861,,2.1.0
uniform_operational,2,0,3363,1681.5,-0.06482971672301752,,2.1.0
uniform_operational,2,0,3364,1682.0,-0.06527833110058673,,2.1.0
uniform_operational,2,0,3365,1682.5,-0.06590663690549953,,2.1.0
uniform_operational,2,0,3366,1683.0,-0.0662555680904806,,2.1.0
uniform_operational,2,0,3367,1683.5,-0.06739605576417765,,2.1.0
uniform_operational,2,0,3368,1684.0,-0.06724918652723533,,2.1.0
uniform_operational,2,0,3369,1684.5,-0.06676996838963689,,2.1.0
uniform_operational,2,0,3370,1685.0,-0.06723465393412471,,2.1.0
uniform_operational,2,0,3371,1685.5,-0.06633880666761982,-0.0008409411204264167,2.1.0
uniform_operational,2,0,3372,1686.0,-0.06630987871400187,,2.1.0
uniform_operational,2,0,3373,1686.5,-0.06589063993292296,,2.1.0
uniform_operational,2,0,3374,1687.0,-0.06484954475903906,,2.1.0
uniform_operational,2,0,3375,1687.5,-0.0656366104137824,,2.1.0
uniform_operational,2,0,3376,1688.0,-0.06532670612416036,,2.1.0
uniform_operational,2,0,3377,1688.5,-0.06726312903759246,,2.1.0
uniform_operational,2,0,3378,1689.0,-0.06561067893466124,,2.1.0
uniform_operational,2,0,3379,1689.5,-0.06617028516381687,,2.1.0
uniform_operational,2,0,3380,1690.0,-0.06530810363558087,,2.1.0
uniform_operational,2,0,3381,1690.5,-0.06472609499855039,0.0016127116690694276,2.1.0
uniform_operational,2,0,3382,1691.0,-0.06603503403020716,,2.1.0
uniform_operational,2,0,3383,1691.5,-0.06591745103150412,,2.1.0
uniform_operational,2,0,3384,1692.0,-0.06698412864315267,,2.1.0
uniform_operational,2,0,3385,1692.5,-0.06814788519072643,,2.1.0
uniform_operational,2,0,3386,1693.0,-0.06744868271668351,,2.1.0
uniform_operational,2,0,3387,1693.5,-0.06604784749904362,,2.1.0
uniform_operational,2,0,3388,1694.0,-0.06488459481711051,,2.1.0
uniform_operational,2,0,3389,1694.5,-0.06402071270834514,,2.1.0
uniform_operational,2,0,3390,1695.0,-0.06568073386441828,,2.1.0
uniform_operational,2,0,3391,1695.5,-0.06571550481734931,-0.0009894098187989142,2.1.0
uniform_operational,2,0,3392,1696.0,-0.06557981882731626,,2.1.0
uniform_operational,2,0,3393,1696.5,-0.06300989682383415,,2.1.0
uniform_operational,2,0,3394,1697.0,-0.06437890217407455,,2.1.0
uniform_operational,2,0,3395,1697.5,-0.0634573142997858,,2.1.0
uniform_operational,2,0,3396,1698.0,-0.06523528875400525,,2.1.0
uniform_operational,2,0,3397,1698.5,-0.06483654496847169,,2.1.0
uniform_operational,2,0,3398,1699.0,-0.06525539152466503,,2.1.0
uniform_operational,2,0,3399,1699.5,-0.0655546756006187,,2.1.0
uniform_operational,2,0,3400,1700.0,-0.06428552660903473,,2.1.0
uniform_operational,2,0,3401,1700.5,-0.06404744308765856,0.0016680617296907507,2.1.0
uniform_operational,2,0,3402,1701.0,-0.06508447200073877,,2.1.0
uniform_operational,2,0,3403,1701.5,-0.06419365942967661,,2.1.0
uniform_operational,2,0,3404,1702.0,-0.06366921731092287,,2.1.0
uniform_operational,2,0,3405,1702.5,-0.06121398925983779,,2.1.0
uniform_operational,2,0,3406,1703.0,-0.06065869179906896,,2.1.0
uniform_operational,2,0,3407,1703.5,-0.06274072039521814,,2.1.0
uniform_operational,2,0,3408,1704.0,-0.0633034819950949,,2.1.0
uniform_operational,2,0,3409,1704.5,-0.06142463595307567,,2.1.0
uniform_operational,2,0,3410,1705.0,-0.0625911208631481,,2.1.0
uniform_operational,2,0,3411,1705.5,-0.06276252382287273,0.0012849192647858276,2.1.0
uniform_operational,2,0,3412,1706.0,-0.06273948184592779,,2.1.0
uniform_operational,2,0,3413,1706.5,-0.06350720755587522,,2.1.0
uniform_operational,2,0,3414,1707.0,-0.0634906788947116,,2.1.0
uniform_operational,2,0,3415,1707.5,-0.06339645962001506,,2.1.0
uniform_operational,2,0,3416,1708.0,-0.06318169053634286,,2.1.0
uniform_operational,2,0,3417,1708.5,-0.06250910088456291,,2.1.0
uniform_operational,2,0,3418,1709.0,-0.06144153658330043,,2.1.0
uniform_operational,2,0,3419,1709.5,-0.0602731749512711,,2.1.0
uniform_operational,2,0,3420,1710.0,-0.0593882314478269,,2.1.0
uniform_operational,2,0,3421,1710.5,-0.06130258603503261,0.001459937787840121,2.1.0
uniform_operational,2,0,3422,1711.0,-0.06303200904948056,,2.1.0
uniform_operational,2,0,3423,1711.5,-0.061336633928020606,,2.1.0
uniform_operational,2,0,3424,1712.0,-0.06117893175929777,,2.1.0
uniform_operational,2,0,3425,1712.5,-0.061720846263552176,,2.1.0
uniform_operational,2,0,3426,1713.0,-0.061270718632258525,,2.1.0
uniform_operational,2,0,3427,1713.5,-0.06151029264189276,,2.1.0
uniform_operational,2,0,3428,1714.0,-0.06155074446880104,,2.1.0
uniform_operational,2,0,3429,1714.5,-0.06117782885698342,,2.1.0
uniform_operational,2,0,3430,1715.0,-0.061071215110141554,,2.1.0
uniform_operational,2,0,3431,1715.5,-0.06314445001716384,-0.0018418639821312366,2.1.0
uniform_operational,2,0,3432,1716.0,-0.06272603199260635,,2.1.0
uniform_operational,2,0,3433,1716.5,-0.06308164963301935,,2.1.0
uniform_operational,2,0,3434,1717.0,-0.06229681971685661,,2.1.0
uniform_operational,2,0,3435,1717.5,-0.06398668964085777,,2.1.0
uniform_operational,2,0,3436,1718.0,-0.062397839883353415,,2.1.0
uniform_operational,2,0,3437,1718.5,-0.06106707950198862,,2.1.0
uniform_operational,2,0,3438,1719.0,-0.059851508971275454,,2.1.0
uniform_operational,2,0,3439,1719.5,-0.05990776672182936,,2.1.0
uniform_operational,2,0,3440,1720.0,-0.05938717923516037,,2.1.0
uniform_operational,2,0,3441,1720.5,-0.060448388074938506,0.002696061942225339,2.1.0
uniform_operational,2,0,3442,1721.0,-0.06064412189303216,,2.1.0
uniform_operational,2,0,3443,1721.5,-0.06041461276601653,,2.1.0
uniform_operational,2,0,3444,1722.0,-0.06133349046585523,,2.1.0
uniform_operational,2,0,3445,1722.5,-0.061509640351956475,,2.1.0
uniform_operational,2,0,3446,1723.0,-0.06251691917525165,,2.1.0
uniform_operational,2,0,3447,1723.5,-0.0626204112893311,,2.1.0
uniform_operational,2,0,3448,1724.0,-0.06376298990197633,,2.1.0
uniform_operational,2,0,3449,1724.5,-0.06137245345402202,,2.1.0
uniform_operational,2,0,3450,1725.0,-0.06040094484981558,,2.1.0
uniform_operational,2,0,3451,1725.5,-0.06213480763663216,-0.0016864195616936514,2.1.0
uniform_operational,2,0,3452,1726.0,-0.061648648176981596,,2.1.0
uniform_operational,2,0,3453,1726.5,-0.06148512828841881,,2.1.0
uniform_operational,2,0,3454,1727.0,-0.0625269110255273,,2.1.0
uniform_operational,2,0,3455,1727.5,-0.06379380534304618,,2.1.0
uniform_operational,2,0,3456,1728.0,-0.06363933735397125,,2.1.0
uniform_operational,2,0,3457,1728.5,-0.062061808589369376,,2.1.0
uniform_operational,2,0,3458,1729.0,-0.06284937521809833,,2.1.0
uniform_operational,2,0,3459,1729.5,-0.062008971591340355,,2.1.0
uniform_operational,2,0,3460,1730.0,-0.06232689220624469,,2.1.0
uniform_operational,2,0,3461,1730.5,-0.06225276650407352,-0.00011795886744136314,2.1.0
uniform_operational,2,0,3462,1731.0,-0.06375613778466832,,2.1.0
uniform_operational,2,0,3463,1731.5,-0.06425021534003111,,2.1.0
uniform_operational,2,0,3464,1732.0,-0.06476958598133431,,2.1.0
uniform_operational,2,0,3465,1732.5,-0.06408905394964681,,2.1.0
uniform_operational,2,0,3466,1733.0,-0.06241499901951388,,2.1.0
uniform_operational,2,0,3467,1733.5,-0.06076923349290588,,2.1.0
uniform_operational,2,0,3468,1734.0,-0.059305056046054475,,2.1.0
uniform_operational,2,0,3469,1734.5,-0.05971558472987116,,2.1.0
uniform_operational,2,0,3470,1735.0,-0.059163340920343324,,2.1.0
uniform_operational,2,0,3471,1735.5,-0.05898087080832678,0.003271895695746742,2.1.0
uniform_operational,2,0,3472,1736.0,-0.05968832253111439,,2.1.0
uniform_operational,2,0,3473,1736.5,-0.058010631888639384,,2.1.0
uniform_operational,2,0,3474,1737.0,-0.05929539692507382,,2.1.0
uniform_operational,2,0,3475,1737.5,-0.06161227316767217,,2.1.0
uniform_operational,2,0,3476,1738.0,-0.06240238614934706,,2.1.0
uniform_operational,2,0,3477,1738.5,-0.06262871236440049,,2.1.0
uniform_operational,2,0,3478,1739.0,-0.06423230998779905,,2.1.0
uniform_operational,2,0,3479,1739.5,-0.06362474856268355,,2.1.0
uniform_operational,2,0,3480,1740.0,-0.06262829795065722,,2.1.0
uniform_operational,2,0,3481,1740.5,-0.06235653220220092,-0.0033756613938741437,2.1.0
uniform_operational,2,0,3482,1741.0,-0.06383473870256846,,2.1.0
uniform_operational,2,0,3483,1741.5,-0.06272647902022851,,2.1.0
uniform_operational,2,0,3484,1742.0,-0.06364835110992362,,2.1.0
uniform_operational,2,0,3485,1742.5,-0.06353501456505636,,2.1.0
uniform_operational,2,0,3486,1743.0,-0.06459567449757389,,2.1.0
uniform_operational,2,0,3487,1743.5,-0.06475229099241461,,2.1.0
uniform_operational,2,0,3488,1744.0,-0.06402281824129002,,2.1.0
uniform_operational,2,0,3489,1744.5,-0.06642484765729692,,2.1.0
uniform_operational,2,0,3490,1745.0,-0.0679312302805902,,2.1.0
uniform_operational,2,0,3491,1745.5,-0.06829673832898484,-0.005940206126783913,2.1.0
uniform_operational,2,0,3492,1746.0,-0.06939247751207098,,2.1.0
uniform_operational,2,0,3493,1746.5,-0.07142024137481154,,2.1.0
uniform_operational,2,0,3494,1747.0,-0.07133769075702391,,2.1.0
uniform_operational,2,0,3495,1747.5,-0.07096971034737931,,2.1.0
uniform_operational,2,0,3496,1748.0,-0.07216749699673539,,2.1.0
uniform_operational,2,0,3497,1748.5,-0.07201884849194737,,2.1.0
uniform_operational,2,0,3498,1749.0,-0.07080187050830852,,2.1.0
uniform_operational,2,0,3499,1749.5,-0.06985830831010517,,2.1.0
uniform_operational,2,0,3500,1750.0,-0.07007326407478713,,2.1.0
uniform_operational,2,0,3501,1750.5,-0.0697237759621597,-0.0014270376331748658,2.1.0
uniform_operational,2,0,3502,1751.0,-0.0702110582053163,,2.1.0
uniform_operational,2,0,3503,1751.5,-0.07025160463518855,,2.1.0
uniform_operational,2,0,3504,1752.0,-0.06961656985748454,,2.1.0
uniform_operational,2,0,3505,1752.5,-0.06811785206494939,,2.1.0
uniform_operational,2,0,3506,1753.0,-0.06780109233569898,,2.1.0
uniform_operational,2,0,3507,1753.5,-0.06710649228867488,,2.1.0
uniform_operational,2,0,3508,1754.0,-0.06751680201928745,,2.1.0
uniform_operational,2,0,3509,1754.5,-0.06623904315441168,,2.1.0
uniform_operational,2,0,3510,1755.0,-0.06703529501235697,,2.1.0
uniform_operational,2,0,3511,1755.5,-0.068658331009948,0.001065444952211697,2.1.0
uniform_operational,2,0,3512,1756.0,-0.06767805903913568,,2.1.0
uniform_operational,2,0,3513,1756.5,-0.06649598200899294,,2.1.0
uniform_operational,2,0,3514,1757.0,-0.0677461079918397,,2.1.0
uniform_operational,2,0,3515,1757.5,-0.06818976390153024,,2.1.0
uniform_operational,2,0,3516,1758.0,-0.06812895665274443,,2.1.0
uniform_operational,2,0,3517,1758.5,-0.06728701285547442,,2.1.0
uniform_operational,2,0,3518,1759.0,-0.06690330806580815,,2.1.0
uniform_operational,2,0,3519,1759.5,-0.06847238292776286,,2.1.0
uniform_operational,2,0,3520,1760.0,-0.06908278973001333,,2.1.0
uniform_operational,2,0,3521,1760.5,-0.0702474856408658,-0.0015891546309177995,2.1.0
uniform_operational,2,0,3522,1761.0,-0.0672130904433001,,2.1.0
uniform_operational,2,0,3523,1761.5,-0.0685760473441589,,2.1.0
uniform_operational,2,0,3524,1762.0,-0.0675588401335043,,2.1.0
uniform_operational,2,0,3525,1762.5,-0.06829310081138823,,2.1.0
uniform_operational,2,0,3526,1763.0,-0.06844915246311872,,2.1.0
uniform_operational,2,0,3527,1763.5,-0.06832299986050894,,2.1.0
uniform_operational,2,0,3528,1764.0,-0.06782378960486679,,2.1.0
uniform_operational,2,0,3529,1764.5,-0.06798349287265384,,2.1.0
uniform_operational,2,0,3530,1765.0,-0.06795057252416419,,2.1.0
uniform_operational,2,0,3531,1765.5,-0.06656777527821031,0.0036797103626554917,2.1.0
uniform_operational,2,0,3532,1766.0,-0.06586166186332537,,2.1.0
uniform_operational,2,0,3533,1766.5,-0.06475425784331255,,2.1.0
uniform_operational,2,0,3534,1767.0,-0.06333185700236017,,2.1.0
uniform_operational,2,0,3535,1767.5,-0.06285057085658784,,2.1.0
uniform_operational,2,0,3536,1768.0,-0.06203649567099342,,2.1.0
uniform_operational,2,0,3537,1768.5,-0.061662686371628125,,2.1.0
uniform_operational,2,0,3538,1769.0,-0.06099497505077266,,2.1.0
uniform_operational,2,0,3539,1769.5,-0.06031508714071544,,2.1.0
uniform_operational,2,0,3540,1770.0,-0.06016386900932323,,2.1.0
uniform_operational,2,0,3541,1770.5,-0.059365522151222504,0.007202253126987808,2.1.0
uniform_operational,2,0,3542,1771.0,-0.05882738099796557,,2.1.0
uniform_operational,2,0,3543,1771.5,-0.05949449928795945,,2.1.0
uniform_operational,2,0,3544,1772.0,-0.05756534839276521,,2.1.0
uniform_operational,2,0,3545,1772.5,-0.05760236574407319,,2.1.0
uniform_operational,2,0,3546,1773.0,-0.05838222412278666,,2.1.0
uniform_operational,2,0,3547,1773.5,-0.05869228238705191,,2.1.0
uniform_operational,2,0,3548,1774.0,-0.0585486196386593,,2.1.0
uniform_operational,2,0,3549,1774.5,-0.057490309377942646,,2.1.0
uniform_operational,2,0,3550,1775.0,-0.05625381129080501,,2.1.0
uniform_operational,2,0,3551,1775.5,-0.05403533112025708,0.005330191030965423,2.1.0
uniform_operational,2,0,3552,1776.0,-0.0559370553351117,,2.1.0
uniform_operational,2,0,3553,1776.5,-0.054940117737729964,,2.1.0
uniform_operational,2,0,3554,1777.0,-0.05571700037131793,,2.1.0
uniform_operational,2,0,3555,1777.5,-0.05517960158651382,,2.1.0
uniform_operational,2,0,3556,1778.0,-0.057209242040384925,,2.1.0
uniform_operational,2,0,3557,1778.5,-0.0584084621491361,,2.1.0
uniform_operational,2,0,3558,1779.0,-0.0560857388407485,,2.1.0
uniform_operational,2,0,3559,1779.5,-0.056881098328753835,,2.1.0
uniform_operational,2,0,3560,1780.0,-0.057331306772634365,,2.1.0
uniform_operational,2,0,3561,1780.5,-0.05688460297723011,-0.0028492718569730277,2.1.0
uniform_operational,2,0,3562,1781.0,-0.05769745385292795,,2.1.0
uniform_operational,2,0,3563,1781.5,-0.05823757222483308,,2.1.0
uniform_operational,2,0,3564,1782.0,-0.05788168265767005,,2.1.0
uniform_operational,2,0,3565,1782.5,-0.05750100869956967,,2.1.0
uniform_operational,2,0,3566,1783.0,-0.05712555602797405,,2.1.0
uniform_operational,2,0,3567,1783.5,-0.05716552490253869,,2.1.0
uniform_operational,2,0,3568,1784.0,-0.054993585167571246,,2.1.0
uniform_operational,2,0,3569,1784.5,-0.05530162859376573,,2.1.0
uniform_operational,2,0,3570,1785.0,-0.05525375996525233,,2.1.0
uniform_operational,2,0,3571,1785.5,-0.055437658298232544,0.0014469446789975651,2.1.0
uniform_operational,2,0,3572,1786.0,-0.05591638511260138,,2.1.0
uniform_operational,2,0,3573,1786.5,-0.05628761706183268,,2.1.0
uniform_operational,2,0,3574,1787.0,-0.05622979703676951,,2.1.0
uniform_operational,2,0,3575,1787.5,-0.05590269863799368,,2.1.0
uniform_operational,2,0,3576,1788.0,-0.05678834432405141,,2.1.0
uniform_operational,2,0,3577,1788.5,-0.057391239818429356,,2.1.0
uniform_operational,2,0,3578,1789.0,-0.05783013926519371,,2.1.0
uniform_operational,2,0,3579,1789.5,-0.05803421208986419,,2.1.0
uniform_operational,2,0,3580,1790.0,-0.058353933688425855,,2.1.0
uniform_operational,2,0,3581,1790.5,-0.05760664994361206,-0.0021689916453795158,2.1.0
uniform_operational,2,0,3582,1791.0,-0.05885826441730203,,2.1.0
uniform_operational,2,0,3583,1791.5,-0.0587222138078951,,2.1.0
uniform_operational,2,0,3584,1792.0,-0.05880996238514963,,2.1.0
uniform_operational,2,0,3585,1792.5,-0.05994557983517829,,2.1.0
uniform_operational,2,0,3586,1793.0,-0.05921161607050067,,2.1.0
uniform_operational,2,0,3587,1793.5,-0.05972871416487043,,2.1.0
uniform_operational,2,0,3588,1794.0,-0.05838596304512974,,2.1.0
uniform_operational,2,0,3589,1794.5,-0.05919657024130006,,2.1.0
uniform_operational,2,0,3590,1795.0,-0.05906150122359861,,2.1.0
uniform_operational,2,0,3591,1795.5,-0.06023099853322234,-0.0026243485896102828,2.1.0
uniform_operational,2,0,3592,1796.0,-0.05997336576481544,,2.1.0
uniform_operational,2,0,3593,1796.5,-0.0600711649700003,,2.1.0
uniform_operational,2,0,3594,1797.0,-0.06301135433176128,,2.1.0
uniform_operational,2,0,3595,1797.5,-0.0631711406283921,,2.1.0
uniform_operational,2,0,3596,1798.0,-0.06308262771974726,,2.1.0
uniform_operational,2,0,3597,1798.5,-0.06477677023983544,,2.1.0
uniform_operational,2,0,3598,1799.0,-0.06435104147009235,,2.1.0
uniform_operational,2,0,3599,1799.5,-0.06321840674765176,,2.1.0
uniform_operational,2,0,3600,1800.0,-0.06416413153326303,,2.1.0
uniform_operational,2,0,3601,1800.5,-0.06436332506869233,-0.0041323265354699865,2.1.0
uniform_operational,2,0,3602,1801.0,-0.06491731024114668,,2.1.0
uniform_operational,2,0,3603,1801.5,-0.06614383729249179,,2.1.0
uniform_operational,2,0,3604,1802.0,-0.06589742796510592,,2.1.0
uniform_operational,2,0,3605,1802.5,-0.06406058512717418,,2.1.0
uniform_operational,2,0,3606,1803.0,-0.06559627279163949,,2.1.0
uniform_operational,2,0,3607,1803.5,-0.06412927380446468,,2.1.0
uniform_operational,2,0,3608,1804.0,-0.06416507399200985,,2.1.0
uniform_operational,2,0,3609,1804.5,-0.06376287565492852,,2.1.0
uniform_operational,2,0,3610,1805.0,-0.061883889830776556,,2.1.0
uniform_operational,2,0,3611,1805.5,-0.06407167381172948,0.0002916512569628438,2.1.0
uniform_operational,2,0,3612,1806.0,-0.06531104390701672,,2.1.0
uniform_operational,2,0,3613,1806.5,-0.0652084495872671,,2.1.0
uniform_operational,2,0,3614,1807.0,-0.06398299130287376,,2.1.0
uniform_operational,2,0,3615,1807.5,-0.0649797514598485,,2.1.0
uniform_operational,2,0,3616,1808.0,-0.06421898792998529,,2.1.0
uniform_operational,2,0,3617,1808.5,-0.06371322635770957,,2.1.0
uniform_operational,2,0,3618,1809.0,-0.06319271863487559,,2.1.0
uniform_operational,2,0,3619,1809.5,-0.06367781881341913,,2.1.0
uniform_operational,2,0,3620,1810.0,-0.06167125434176157,,2.1.0
uniform_operational,2,0,3621,1810.5,-0.061018751224740604,0.0030529225869888807,2.1.0
uniform_operational,2,0,3622,1811.0,-0.06044320137759968,,2.1.0
uniform_operational,2,0,3623,1811.5,-0.05816720765805606,,2.1.0
uniform_operational,2,0,3624,1812.0,-0.056150928051407756,,2.1.0
uniform_operational,2,0,3625,1812.5,-0.05506272579365178,,2.1.0
uniform_operational,2,0,3626,1813.0,-0.05543470153636939,,2.1.0
uniform_operational,2,0,3627,1813.5,-0.05769955909799887,,2.1.0
uniform_operational,2,0,3628,1814.0,-0.05845396198718378,,2.1.0
uniform_operational,2,0,3629,1814.5,-0.05786010300921666,,2.1.0
uniform_operational,2,0,3630,1815.0,-0.05839519413042965,,2.1.0
uniform_operational,2,0,3631,1815.5,-0.059253539406075716,0.0017652118186648885,2.1.0
uniform_operational,2,0,3632,1816.0,-0.05904602845193255,,2.1.0
uniform_operational,2,0,3633,1816.5,-0.06033125410411672,,2.1.0
uniform_operational,2,0,3634,1817.0,-0.05936577122597905,,2.1.0
uniform_operational,2,0,3635,1817.5,-0.0594951879065482,,2.1.0
uniform_operational,2,0,3636,1818.0,-0.05934571228987382,,2.1.0
uniform_operational,2,0,3637,1818.5,-0.06025839618122169,,2.1.0
uniform_operational,2,0,3638,1819.0,-0.061938692034243265,,2.1.0
uniform_operational,2,0,3639,1819.5,-0.059838041926502016,,2.1.0
uniform_operational,2,0,3640,1820.0,-0.05937901919311999,,2.1.0
uniform_operational,2,0,3641,1820.5,-0.05702328897563751,0.002230250430438209,2.1.0
uniform_operational,2,0,3642,1821.0,-0.05913005865671316,,2.1.0
uniform_operational,2,0,3643,1821.5,-0.05824647968393611,,2.1.0
uniform_operational,2,0,3644,1822.0,-0.05955636085555084,,2.1.0
uniform_operational,2,0,3645,1822.5,-0.06035139750023094,,2.1.0
uniform_operational,2,0,3646,1823.0,-0.0599956406689657,,2.1.0
uniform_operational,2,0,3647,1823.5,-0.06044063858257446,,2.1.0
uniform_operational,2,0,3648,1824.0,-0.06124981719337083,,2.1.0
uniform_operational,2,0,3649,1824.5,-0.06172190805349042,,2.1.0
uniform_operational,2,0,3650,1825.0,-0.06183351444437947,,2.1.0
uniform_operational,2,0,3651,1825.5,-0.06267827228767375,-0.005654983312036246,2.1.0
uniform_operational,2,0,3652,1826.0,-0.06242643388963379,,2.1.0
uniform_operational,2,0,3653,1826.5,-0.06198076430335833,,2.1.0
uniform_operational,2,0,3654,1827.0,-0.06273640703725808,,2.1.0
uniform_operational,2,0,3655,1827.5,-0.06369575321751283,,2.1.0
uniform_operational,2,0,3656,1828.0,-0.060914577359455,,2.1.0
uniform_operational,2,0,3657,1828.5,-0.05944209656255369,,2.1.0
uniform_operational,2,0,3658,1829.0,-0.059681067107589844,,2.1.0
uniform_operational,2,0,3659,1829.5,-0.060171420471307545,,2.1.0
uniform_operational,2,0,3660,1830.0,-0.06142137215776909,,2.1.0
uniform_operational,2,0,3661,1830.5,-0.06062669979980122,0.0020515724878725355,2.1.0
uniform_operational,2,0,3662,1831.0,-0.06041482806394758,,2.1.0
uniform_operational,2,0,3663,1831.5,-0.05900322811790175,,2.1.0
uniform_operational,2,0,3664,1832.0,-0.05998693852998894,,2.1.0
uniform_operational,2,0,3665,1832.5,-0.05873405967818269,,2.1.0
uniform_operational,2,0,3666,1833.0,-0.06115171936021932,,2.1.0
uniform_operational,2,0,3667,1833.5,-0.06334431326975482,,2.1.0
uniform_operational,2,0,3668,1834.0,-0.06307708791411915,,2.1.0
uniform_operational,2,0,3669,1834.5,-0.06257695986962747,,2.1.0
uniform_operational,2,0,3670,1835.0,-0.06327326114550856,,2.1.0
uniform_operational,2,0,3671,1835.5,-0.06368460960443756,-0.003057909804636341,2.1.0
uniform_operational,2,0,3672,1836.0,-0.06436955556576737,,2.1.0
uniform_operational,2,0,3673,1836.5,-0.06471254605726079,,2.1.0
uniform_operational,2,0,3674,1837.0,-0.06299134468775208,,2.1.0
uniform_operational,2,0,3675,1837.5,-0.06258949553993426,,2.1.0
uniform_operational,2,0,3676,1838.0,-0.06362555017868822,,2.1.0
uniform_operational,2,0,3677,1838.5,-0.061596588169706666,,2.1.0
uniform_operational,2,0,3678,1839.0,-0.0631275558483318,,2.1.0
uniform_operational,2,0,3679,1839.5,-0.0652779432332718,,2.1.0
uniform_operational,2,0,3680,1840.0,-0.06602316094032967,,2.1.0
uniform_operational,2,0,3681,1840.5,-0.0655125092177736,-0.0018278996133360426,2.1.0
uniform_operational,2,0,3682,1841.0,-0.06669763872795703,,2.1.0
uniform_operational,2,0,3683,1841.5,-0.06683247545941082,,2.1.0
uniform_operational,2,0,3684,1842.0,-0.06759000205092786,,2.1.0
uniform_operational,2,0,3685,1842.5,-0.06636915046545078,,2.1.0
uniform_operational,2,0,3686,1843.0,-0.06727102444226718,,2.1.0
uniform_operational,2,0,3687,1843.5,-0.06835049351402657,,2.1.0
uniform_operational,2,0,3688,1844.0,-0.06722391219686694,,2.1.0
uniform_operational,2,0,3689,1844.5,-0.06802096138054378,,2.1.0
uniform_operational,2,0,3690,1845.0,-0.06945033940185703,,2.1.0
uniform_operational,2,0,3691,1845.5,-0.06834392744775383,-0.0028314182299802315,2.1.0
uniform_operational,2,0,3692,1846.0,-0.0683325522678774,,2.1.0
uniform_operational,2,0,3693,1846.5,-0.0683304703155143,,2.1.0
uniform_operational,2,0,3694,1847.0,-0.06782652836187485,,2.1.0
uniform_operational,2,0,3695,1847.5,-0.06839323341521791,,2.1.0
uniform_operational,2,0,3696,1848.0,-0.06940608457549863,,2.1.0
uniform_operational,2,0,3697,1848.5,-0.06870168145414093,,2.1.0
uniform_operational,2,0,3698,1849.0,-0.06856211150094005,,2.1.0
uniform_operational,2,0,3699,1849.5,-0.06827605933746579,,2.1.0
uniform_operational,2,0,3700,1850.0,-0.06670846856947794,,2.1.0
uniform_operational,2,0,3701,1850.5,-0.06631507639390712,0.002028851053846717,2.1.0
uniform_operational,2,0,3702,1851.0,-0.0669799568818864,,2.1.0
uniform_operational,2,0,3703,1851.5,-0.06646274248522298,,2.1.0
uniform_operational,2,0,3704,1852.0,-0.06745747307102766,,2.1.0
uniform_operational,2,0,3705,1852.5,-0.06653564534485742,,2.1.0
uniform_operational,2,0,3706,1853.0,-0.06804763380667209,,2.1.0
uniform_operational,2,0,3707,1853.5,-0.06869623412304657,,2.1.0
uniform_operational,2,0,3708,1854.0,-0.06847093400681714,,2.1.0
uniform_operational,2,0,3709,1854.5,-0.0683153777194157,,2.1.0
uniform_operational,2,0,3710,1855.0,-0.07056280579021132,,2.1.0
uniform_operational,2,0,3711,1855.5,-0.06925243402021404,-0.0029373576263069245,2.1.0
uniform_operational,2,0,3712,1856.0,-0.06920678106846616,,2.1.0
uniform_operational,2,0,3713,1856.5,-0.06780521887364285,,2.1.0
uniform_operational,2,0,3714,1857.0,-0.06907327976954214,,2.1.0
uniform_operational,2,0,3715,1857.5,-0.07001283142415649,,2.1.0
uniform_operational,2,0,3716,1858.0,-0.06961509700130182,,2.1.0
uniform_operational,2,0,3717,1858.5,-0.06753400951593147,,2.1.0
uniform_operational,2,0,3718,1859.0,-0.06702622660057142,,2.1.0
uniform_operational,2,0,3719,1859.5,-0.06649793358488834,,2.1.0
uniform_operational,2,0,3720,1860.0,-0.06570037018957381,,2.1.0
uniform_operational,2,0,3721,1860.5,-0.0661892234234823,0.003063210596731744,2.1.0
uniform_operational,2,0,3722,1861.0,-0.06660024605322261,,2.1.0
uniform_operational,2,0,3723,1861.5,-0.06719517929268262,,2.1.0
uniform_operational,2,0,3724,1862.0,-0.06740744495031972,,2.1.0
uniform_operational,2,0,3725,1862.5,-0.06795422118850226,,2.1.0
uniform_operational,2,0,3726,1863.0,-0.06863025026702022,,2.1.0
uniform_operational,2,0,3727,1863.5,-0.06880997152939414,,2.1.0
uniform_operational,2,0,3728,1864.0,-0.0688146093966856,,2.1.0
uniform_operational,2,0,3729,1864.5,-0.06781915508850941,,2.1.0
uniform_operational,2,0,3730,1865.0,-0.07001018829541886,,2.1.0
uniform_operational,2,0,3731,1865.5,-0.0705981145791656,-0.004408891155683298,2.1.0
uniform_operational,2,0,3732,1866.0,-0.0721884718069469,,2.1.0
uniform_operational,2,0,3733,1866.5,-0.0712116164964503,,2.1.0
uniform_operational,2,0,3734,1867.0,-0.07235475444383149,,2.1.0
uniform_operational,2,0,3735,1867.5,-0.07286036772846446,,2.1.0
uniform_operational,2,0,3736,1868.0,-0.0725558963643906,,2.1.0
uniform_operational,2,0,3737,1868.5,-0.07183924063789307,,2.1.0
uniform_operational,2,0,3738,1869.0,-0.0691510024640728,,2.1.0
uniform_operational,2,0,3739,1869.5,-0.06907444477318704,,2.1.0
uniform_operational,2,0,3740,1870.0,-0.06970281474337929,,2.1.0
uniform_operational,2,0,3741,1870.5,-0.0680758028110873,0.0025223117680782947,2.1.0
uniform_operational,2,0,3742,1871.0,-0.06825114574101829,,2.1.0
uniform_operational,2,0,3743,1871.5,-0.06876877612562861,,2.1.0
uniform_operational,2,0,3744,1872.0,-0.06781992899763692,,2.1.0
uniform_operational,2,0,3745,1872.5,-0.06701146265377983,,2.1.0
uniform_operational,2,0,3746,1873.0,-0.06528285950740692,,2.1.0
uniform_operational,2,0,3747,1873.5,-0.06588266250745212,,2.1.0
uniform_operational,2,0,3748,1874.0,-0.06573442799351298,,2.1.0
uniform_operational,2,0,3749,1874.5,-0.06505594643546173,,2.1.0
uniform_operational,2,0,3750,1875.0,-0.06519958183117679,,2.1.0
uniform_operational,2,0,3751,1875.5,-0.06435436210423667,0.003721440706850626,2.1.0
uniform_operational,2,0,3752,1876.0,-0.06422069734111913,,2.1.0
uniform_operational,2,0,3753,1876.5,-0.06501616141181316,,2.1.0
uniform_operational,2,0,3754,1877.0,-0.06408651746867157,,2.1.0
uniform_operational,2,0,3755,1877.5,-0.0631776108275922,,2.1.0
uniform_operational,2,0,3756,1878.0,-0.06209431388930884,,2.1.0
uniform_operational,2,0,3757,1878.5,-0.06363784456069782,,2.1.0
uniform_operational,2,0,3758,1879.0,-0.06468638867604021,,2.1.0
uniform_operational,2,0,3759,1879.5,-0.06536171293065675,,2.1.0
uniform_operational,2,0,3760,1880.0,-0.06562311308740958,,2.1.0
uniform_operational,2,0,3761,1880.5,-0.06495445716100301,-0.0006000950567663366,2.1.0
uniform_operational,2,0,3762,1881.0,-0.06499376568167922,,2.1.0
uniform_operational,2,0,3763,1881.5,-0.06571644135188892,,2.1.0
uniform_operational,2,0,3764,1882.0,-0.0671266933740456,,2.1.0
uniform_operational,2,0,3765,1882.5,-0.06757565146030375,,2.1.0
uniform_operational,2,0,3766,1883.0,-0.06710959956966256,,2.1.0
uniform_operational,2,0,3767,1883.5,-0.06626677845292486,,2.1.0
uniform_operational,2,0,3768,1884.0,-0.06535828485948375,,2.1.0
uniform_operational,2,0,3769,1884.5,-0.06449475675384794,,2.1.0
uniform_operational,2,0,3770,1885.0,-0.06399708469608448,,2.1.0
uniform_operational,2,0,3771,1885.5,-0.0634992007712257,0.0014552563897773096,2.1.0
uniform_operational,2,0,3772,1886.0,-0.062333563914033246,,2.1.0
uniform_operational,2,0,3773,1886.5,-0.06356531128404724,,2.1.0
uniform_operational,2,0,3774,1887.0,-0.06384984355424342,,2.1.0
uniform_operational,2,0,3775,1887.5,-0.06458628278279265,,2.1.0
uniform_operational,2,0,3776,1888.0,-0.06449320979166198,,2.1.0
uniform_operational,2,0,3777,1888.5,-0.0638153178210378,,2.1.0
uniform_operational,2,0,3778,1889.0,-0.06392221950824425,,2.1.0
uniform_operational,2,0,3779,1889.5,-0.06379355776057423,,2.1.0
uniform_operational,2,0,3780,1890.0,-0.06133105507669398,,2.1.0
uniform_operational,2,0,3781,1890.5,-0.061125365836939,0.002373834934286702,2.1.0
uniform_operational,2,0,3782,1891.0,-0.061440481480957536,,2.1.0
uniform_operational,2,0,3783,1891.5,-0.06073967403234207,,2.1.0
uniform_operational,2,0,3784,1892.0,-0.06090287691148029,,2.1.0
uniform_operational,2,0,3785,1892.5,-0.05855001881911694,,2.1.0
uniform_operational,2,0,3786,1893.0,-0.05750799912712785,,2.1.0
uniform_operational,2,0,3787,1893.5,-0.057902506607575094,,2.1.0
uniform_operational,2,0,3788,1894.0,-0.058062810990179514,,2.1.0
uniform_operational,2,0,3789,1894.5,-0.05784417880461761,,2.1.0
uniform_operational,2,0,3790,1895.0,-0.057483098854475945,,2.1.0
uniform_operational,2,0,3791,1895.5,-0.057952522215795894,0.003172843621143104,2.1.0
uniform_operational,2,0,3792,1896.0,-0.059770590421473174,,2.1.0
uniform_operational,2,0,3793,1896.5,-0.058797409439057806,,2.1.0
uniform_operational,2,0,3794,1897.0,-0.05721871833375965,,2.1.0
uniform_operational,2,0,3795,1897.5,-0.05712112235983682,,2.1.0
uniform_operational,2,0,3796,1898.0,-0.058396543171803095,,2.1.0
uniform_operational,2,0,3797,1898.5,-0.059590234441267424,,2.1.0
uniform_operational,2,0,3798,1899.0,-0.05837639205222515,,2.1.0
uniform_operational,2,0,3799,1899.5,-0.05838752948112332,,2.1.0
uniform_operational,2,0,3800,1900.0,-0.05833690509613017,,2.1.0
uniform_operational,2,0,3801,1900.5,-0.058824759056402845,-0.0008722368406069506,2.1.0
uniform_operational,2,0,3802,1901.0,-0.05954157745800052,,2.1.0
uniform_operational,2,0,3803,1901.5,-0.06031379355498763,,2.1.0
uniform_operational,2,0,3804,1902.0,-0.06034059332545755,,2.1.0
uniform_operational,2,0,3805,1902.5,-0.0587150339938316,,2.1.0
uniform_operational,2,0,3806,1903.0,-0.05875501853098242,,2.1.0
uniform_operational,2,0,3807,1903.5,-0.05736345142971078,,2.1.0
uniform_operational,2,0,3808,1904.0,-0.057559829265712605,,2.1.0
uniform_operational,2,0,3809,1904.5,-0.058247295922170914,,2.1.0
uniform_operational,2,0,3810,1905.0,-0.058676423388091,,2.1.0
uniform_operational,2,0,3811,1905.5,-0.05876276382982854,6.199522657430317e-05,2.1.0
uniform_operational,2,0,3812,1906.0,-0.05887487121463454,,2.1.0
uniform_operational,2,0,3813,1906.5,-0.05875234317899801,,2.1.0
uniform_operational,2,0,3814,1907.0,-0.0580484402957281,,2.1.0
uniform_operational,2,0,3815,1907.5,-0.05806130092403061,,2.1.0
uniform_operational,2,0,3816,1908.0,-0.058025432136118514,,2.1.0
uniform_operational,2,0,3817,1908.5,-0.05745685812581788,,2.1.0
uniform_operational,2,0,3818,1909.0,-0.05758243349378591,,2.1.0
uniform_operational,2,0,3819,1909.5,-0.05742860970091503,,2.1.0
uniform_operational,2,0,3820,1910.0,-0.05817702828951575,,2.1.0
uniform_operational,2,0,3821,1910.5,-0.056704631808230994,0.0020581320215975474,2.1.0
uniform_operational,2,0,3822,1911.0,-0.0557628018052324,,2.1.0
uniform_operational,2,0,3823,1911.5,-0.05627681826352072,,2.1.0
uniform_operational,2,0,3824,1912.0,-0.055614607569538635,,2.1.0
uniform_operational,2,0,3825,1912.5,-0.05680662474160905,,2.1.0
uniform_operational,2,0,3826,1913.0,-0.05778248595114098,,2.1.0
uniform_operational,2,0,3827,1913.5,-0.058282211586215216,,2.1.0
uniform_operational,2,0,3828,1914.0,-0.05693369600351737,,2.1.0
uniform_operational,2,0,3829,1914.5,-0.05845755710650503,,2.1.0
uniform_operational,2,0,3830,1915.0,-0.05935509157420777,,2.1.0
uniform_operational,2,0,3831,1915.5,-0.06020829363248218,-0.0035036618242511863,2.1.0
uniform_operational,2,0,3832,1916.0,-0.05919050321061387,,2.1.0
uniform_operational,2,0,3833,1916.5,-0.058818563704309205,,2.1.0
uniform_operational,2,0,3834,1917.0,-0.06035354204393766,,2.1.0
uniform_operational,2,0,3835,1917.5,-0.06103994459904211,,2.1.0
uniform_operational,2,0,3836,1918.0,-0.06067984445627167,,2.1.0
uniform_operational,2,0,3837,1918.5,-0.060390299733165564,,2.1.0
uniform_operational,2,0,3838,1919.0,-0.05922663274061108,,2.1.0
uniform_operational,2,0,3839,1919.5,-0.05821836476293987,,2.1.0
uniform_operational,2,0,3840,1920.0,-0.058401334704760416,,2.1.0
uniform_operational,2,0,3841,1920.5,-0.05832683027754763,0.0018814633549345539,2.1.0
uniform_operational,2,0,3842,1921.0,-0.05790304909013601,,2.1.0
uniform_operational,2,0,3843,1921.5,-0.05780415403008842,,2.1.0
uniform_operational,2,0,3844,1922.0,-0.05782619204400384,,2.1.0
uniform_operational,2,0,3845,1922.5,-0.05771404453522019,,2.1.0
uniform_operational,2,0,3846,1923.0,-0.057984345635848644,,2.1.0
uniform_operational,2,0,3847,1923.5,-0.05803227149004463,,2.1.0
uniform_operational,2,0,3848,1924.0,-0.05793668949963187,,2.1.0
uniform_operational,2,0,3849,1924.5,-0.057642424888510325,,2.1.0
uniform_operational,2,0,3850,1925.0,-0.05587121531144274,,2.1.0
uniform_operational,2,0,3851,1925.5,-0.05659962199214662,0.0017272082854010093,2.1.0
uniform_operational,2,0,3852,1926.0,-0.05639399412054243,,2.1.0
uniform_operational,2,0,3853,1926.5,-0.056271323048172804,,2.1.0
uniform_operational,2,0,3854,1927.0,-0.054745906153067604,,2.1.0
uniform_operational,2,0,3855,1927.5,-0.05607436620462159,,2.1.0
uniform_operational,2,0,3856,1928.0,-0.05518659972440469,,2.1.0
uniform_operational,2,0,3857,1928.5,-0.05521429842925369,,2.1.0
uniform_operational,2,0,3858,1929.0,-0.05672901370072501,,2.1.0
uniform_operational,2,0,3859,1929.5,-0.05849194695486725,,2.1.0
uniform_operational,2,0,3860,1930.0,-0.05836059556331613,,2.1.0
uniform_operational,2,0,3861,1930.5,-0.05883070782106092,-0.002231085828914299,2.1.0
uniform_operational,2,0,3862,1931.0,-0.05888217144802103,,2.1.0
uniform_operational,2,0,3863,1931.5,-0.05942803294178712,,2.1.0
uniform_operational,2,0,3864,1932.0,-0.06056330366143984,,2.1.0
uniform_operational,2,0,3865,1932.5,-0.061013211631187614,,2.1.0
uniform_operational,2,0,3866,1933.0,-0.06072499670598756,,2.1.0
uniform_operational,2,0,3867,1933.5,-0.061328824509356845,,2.1.0
uniform_operational,2,0,3868,1934.0,-0.06128382020522587,,2.1.0
uniform_operational,2,0,3869,1934.5,-0.06206409152673131,,2.1.0
uniform_operational,2,0,3870,1935.0,-0.06428195408594933,,2.1.0
uniform_operational,2,0,3871,1935.5,-0.06645597346980625,-0.007625265648745334,2.1.0
uniform_operational,2,0,3872,1936.0,-0.06576493399223261,,2.1.0
uniform_operational,2,0,3873,1936.5,-0.06596404013201074,,2.1.0
uniform_operational,2,0,3874,1937.0,-0.06611283285659363,,2.1.0
uniform_operational,2,0,3875,1937.5,-0.06575171626348475,,2.1.0
uniform_operational,2,0,3876,1938.0,-0.06420088312400479,,2.1.0
uniform_operational,2,0,3877,1938.5,-0.06527311700181912,,2.1.0
uniform_operational,2,0,3878,1939.0,-0.0651288571433572,,2.1.0
uniform_operational,2,0,3879,1939.5,-0.06539664591491656,,2.1.0
uniform_operational,2,0,3880,1940.0,-0.06522473327210374,,2.1.0
uniform_operational,2,0,3881,1940.5,-0.06419729764080362,0.002258675829002632,2.1.0
uniform_operational,2,0,3882,1941.0,-0.06393205851516143,,2.1.0
uniform_operational,2,0,3883,1941.5,-0.06450110103746602,,2.1.0
uniform_operational,2,0,3884,1942.0,-0.06688526367030512,,2.1.0
uniform_operational,2,0,3885,1942.5,-0.06545497919444702,,2.1.0
uniform_operational,2,0,3886,1943.0,-0.06427873393637971,,2.1.0
uniform_operational,2,0,3887,1943.5,-0.06468042488777961,,2.1.0
uniform_operational,2,0,3888,1944.0,-0.06262360708209758,,2.1.0
uniform_operational,2,0,3889,1944.5,-0.061114188156401704,,2.1.0
uniform_operational,2,0,3890,1945.0,-0.06085207599823052,,2.1.0
uniform_operational,2,0,3891,1945.5,-0.0619878039483824,0.0022094936924212175,2.1.0
uniform_operational,2,0,3892,1946.0,-0.06388078940560823,,2.1.0
uniform_operational,2,0,3893,1946.5,-0.06270605514425495,,2.1.0
uniform_operational,2,0,3894,1947.0,-0.06264899512518463,,2.1.0
uniform_operational,2,0,3895,1947.5,-0.06376955691249347,,2.1.0
uniform_operational,2,0,3896,1948.0,-0.06487639029409015,,2.1.0
uniform_operational,2,0,3897,1948.5,-0.06530539637558705,,2.1.0
uniform_operational,2,0,3898,1949.0,-0.06479000251674892,,2.1.0
uniform_operational,2,0,3899,1949.5,-0.06604740591562852,,2.1.0
uniform_operational,2,0,3900,1950.0,-0.06601004614974389,,2.1.0
uniform_operational,2,0,3901,1950.5,-0.06813206643971938,-0.006144262491336976,2.1.0
uniform_operational,2,0,3902,1951.0,-0.06854390891087343,,2.1.0
uniform_operational,2,0,3903,1951.5,-0.06984618519084049,,2.1.0
uniform_operational,2,0,3904,1952.0,-0.06946457144591416,,2.1.0
uniform_operational,2,0,3905,1952.5,-0.0670173914774265,,2.1.0
uniform_operational,2,0,3906,1953.0,-0.06644504772833035,,2.1.0
uniform_operational,2,0,3907,1953.5,-0.06849246741073964,,2.1.0
uniform_operational,2,0,3908,1954.0,-0.06855045247930035,,2.1.0
uniform_operational,2,0,3909,1954.5,-0.06862561308199328,,2.1.0
uniform_operational,2,0,3910,1955.0,-0.06888834555626844,,2.1.0
uniform_operational,2,0,3911,1955.5,-0.06954999866082502,-0.0014179322211056444,2.1.0
uniform_operational,2,0,3912,1956.0,-0.0683977444378275,,2.1.0
uniform_operational,2,0,3913,1956.5,-0.06742825900545277,,2.1.0
uniform_operational,2,0,3914,1957.0,-0.06748436642275824,,2.1.0
uniform_operational,2,0,3915,1957.5,-0.06877177948559385,,2.1.0
uniform_operational,2,0,3916,1958.0,-0.06819503607473056,,2.1.0
uniform_operational,2,0,3917,1958.5,-0.06865987033665177,,2.1.0
uniform_operational,2,0,3918,1959.0,-0.06719683395384798,,2.1.0
uniform_operational,2,0,3919,1959.5,-0.0653223584788514,,2.1.0
uniform_operational,2,0,3920,1960.0,-0.06532905637718059,,2.1.0
uniform_operational,2,0,3921,1960.5,-0.066249527353135,0.0033004713076900255,2.1.0
uniform_operational,2,0,3922,1961.0,-0.06771085641868042,,2.1.0
uniform_operational,2,0,3923,1961.5,-0.06787286172165871,,2.1.0
uniform_operational,2,0,3924,1962.0,-0.06731943597166921,,2.1.0
uniform_operational,2,0,3925,1962.5,-0.06805651766375818,,2.1.0
uniform_operational,2,0,3926,1963.0,-0.06730321364267497,,2.1.0
uniform_operational,2,0,3927,1963.5,-0.06732663459466891,,2.1.0
uniform_operational,2,0,3928,1964.0,-0.06634971469675126,,2.1.0
uniform_operational,2,0,3929,1964.5,-0.0674632343406093,,2.1.0
uniform_operational,2,0,3930,1965.0,-0.06881074910051801,,2.1.0
uniform_operational,2,0,3931,1965.5,-0.06768906283412218,-0.0014395354809871863,2.1.0
uniform_operational,2,0,3932,1966.0,-0.06739873232103005,,2.1.0
uniform_operational,2,0,3933,1966.5,-0.06911744722597735,,2.1.0
uniform_operational,2,0,3934,1967.0,-0.06890550315615618,,2.1.0
uniform_operational,2,0,3935,1967.5,-0.06666606231748222,,2.1.0
uniform_operational,2,0,3936,1968.0,-0.06608211252372295,,2.1.0
uniform_operational,2,0,3937,1968.5,-0.0658198538188633,,2.1.0
uniform_operational,2,0,3938,1969.0,-0.06434678083619194,,2.1.0
uniform_operational,2,0,3939,1969.5,-0.06313434158197753,,2.1.0
uniform_operational,2,0,3940,1970.0,-0.06288848741220765,,2.1.0
uniform_operational,2,0,3941,1970.5,-0.0624769123618517,0.005212150472270485,2.1.0
uniform_operational,2,0,3942,1971.0,-0.06340761429353806,,2.1.0
uniform_operational,2,0,3943,1971.5,-0.06384913431353884,,2.1.0
uniform_operational,2,0,3944,1972.0,-0.06491820431579523,,2.1.0
uniform_operational,2,0,3945,1972.5,-0.0655159273165897,,2.1.0
uniform_operational,2,0,3946,1973.0,-0.065037094825413,,2.1.0
uniform_operational,2,0,3947,1973.5,-0.06549939927683711,,2.1.0
uniform_operational,2,0,3948,1974.0,-0.06673673050340506,,2.1.0
uniform_operational,2,0,3949,1974.5,-0.06714693268883473,,2.1.0
uniform_operational,2,0,3950,1975.0,-0.06734054204193528,,2.1.0
uniform_operational,2,0,3951,1975.5,-0.06762939198688923,-0.005152479625037537,2.1.0
uniform_operational,2,0,3952,1976.0,-0.06773807111928784,,2.1.0
uniform_operational,2,0,3953,1976.5,-0.06704286399438728,,2.1.0
uniform_operational,2,0,3954,1977.0,-0.06834548795121717,,2.1.0
uniform_operational,2,0,3955,1977.5,-0.06772942790167327,,2.1.0
uniform_operational,2,0,3956,1978.0,-0.07052210300444223,,2.1.0
uniform_operational,2,0,3957,1978.5,-0.07100909056026361,,2.1.0
uniform_operational,2,0,3958,1979.0,-0.0701628839152662,,2.1.0
uniform_operational,2,0,3959,1979.5,-0.06925810759979473,,2.1.0
uniform_operational,2,0,3960,1980.0,-0.06800745846930278,,2.1.0
uniform_operational,2,0,3961,1980.5,-0.06934538122964912,-0.0017159892427598827,2.1.0
uniform_operational,2,0,3962,1981.0,-0.06816320389854952,,2.1.0
uniform_operational,2,0,3963,1981.5,-0.06926112325668908,,2.1.0
uniform_operational,2,0,3964,1982.0,-0.06977353258552829,,2.1.0
uniform_operational,2,0,3965,1982.5,-0.06949754136006778,,2.1.0
uniform_operational,2,0,3966,1983.0,-0.06889914763497476,,2.1.0
uniform_operational,2,0,3967,1983.5,-0.06837634153817583,,2.1.0
uniform_operational,2,0,3968,1984.0,-0.06891352046970128,,2.1.0
uniform_operational,2,0,3969,1984.5,-0.06919494703932497,,2.1.0
uniform_operational,2,0,3970,1985.0,-0.0696051858022778,,2.1.0
uniform_operational,2,0,3971,1985.5,-0.06880576358077525,0.0005396176488738635,2.1.0
uniform_operational,2,0,3972,1986.0,-0.06971507952397862,,2.1.0
uniform_operational,2,0,3973,1986.5,-0.06756923225340733,,2.1.0
uniform_operational,2,0,3974,1987.0,-0.06637519297272795,,2.1.0
uniform_operational,2,0,3975,1987.5,-0.06616511777700573,,2.1.0
uniform_operational,2,0,3976,1988.0,-0.06624824749226976,,2.1.0
uniform_operational,2,0,3977,1988.5,-0.06742475079000668,,2.1.0
uniform_operational,2,0,3978,1989.0,-0.06881039478411942,,2.1.0
uniform_operational,2,0,3979,1989.5,-0.06879716823525397,,2.1.0
uniform_operational,2,0,3980,1990.0,-0.07016740847885221,,2.1.0
uniform_operational,2,0,3981,1990.5,-0.06979147995162457,-0.000985716370849321,2.1.0
uniform_operational,2,0,3982,1991.0,-0.06984164264552381,,2.1.0
uniform_operational,2,0,3983,1991.5,-0.0707699678385032,,2.1.0
uniform_operational,2,0,3984,1992.0,-0.07108209756585784,,2.1.0
uniform_operational,2,0,3985,1992.5,-0.07139842247840175,,2.1.0
uniform_operational,2,0,3986,1993.0,-0.07119362494312341,,2.1.0
uniform_operational,2,0,3987,1993.5,-0.0713782063761692,,2.1.0
uniform_operational,2,0,3988,1994.0,-0.07141610102677369,,2.1.0
uniform_operational,2,0,3989,1994.5,-0.07074444634543381,,2.1.0
uniform_operational,2,0,3990,1995.0,-0.07262966026165393,,2.1.0
uniform_operational,2,0,3991,1995.5,-0.07335578435541665,-0.0035643044037920735,2.1.0
uniform_operational,2,0,3992,1996.0,-0.07352536660531925,,2.1.0
uniform_operational,2,0,3993,1996.5,-0.07348844157170237,,2.1.0
uniform_operational,2,0,3994,1997.0,-0.07261867809977719,,2.1.0
uniform_operational,2,0,3995,1997.5,-0.0701109378849693,,2.1.0
uniform_operational,2,0,3996,1998.0,-0.07001210503229618,,2.1.0
uniform_operational,2,0,3997,1998.5,-0.06915445196509365,,2.1.0
uniform_operational,2,0,3998,1999.0,-0.07038698317484615,,2.1.0
uniform_operational,2,0,3999,1999.5,-0.07221292407363392,,2.1.0
uniform_operational,2,0,4000,2000.0,-0.07223163164553609,,2.1.0
uniform_operational,2,0,4001,2000.5,-0.07204732634429406,0.0013084580111225874,2.1.0
uniform_operational,2,0,4002,2001.0,-0.07308961939455175,,2.1.0
uniform_operational,2,0,4003,2001.5,-0.07422769942693216,,2.1.0
uniform_operational,2,0,4004,2002.0,-0.07379233202241517,,2.1.0
uniform_operational,2,0,4005,2002.5,-0.07372828006064626,,2.1.0
uniform_operational,2,0,4006,2003.0,-0.0750530633191516,,2.1.0
uniform_operational,2,0,4007,2003.5,-0.07522538926335828,,2.1.0
uniform_operational,2,0,4008,2004.0,-0.07330059242434228,,2.1.0
uniform_operational,2,0,4009,2004.5,-0.07332443701267374,,2.1.0
uniform_operational,2,0,4010,2005.0,-0.073515417506615,,2.1.0
uniform_operational,2,0,4011,2005.5,-0.07304845783344452,-0.0010011314891504586,2.1.0
uniform_operational,2,0,4012,2006.0,-0.07237849816795824,,2.1.0
uniform_operational,2,0,4013,2006.5,-0.0716191601403075,,2.1.0
uniform_operational,2,0,4014,2007.0,-0.07118407651578776,,2.1.0
uniform_operational,2,0,4015,2007.5,-0.07129064942762746,,2.1.0
uniform_operational,2,0,4016,2008.0,-0.07067432724973727,,2.1.0
uniform_operational,2,0,4017,2008.5,-0.07023456535101902,,2.1.0
uniform_operational,2,0,4018,2009.0,-0.06981970465828942,,2.1.0
uniform_operational,2,0,4019,2009.5,-0.06831266032829268,,2.1.0
uniform_operational,2,0,4020,2010.0,-0.06875767237415442,,2.1.0
uniform_operational,2,0,4021,2010.5,-0.06806198225368448,0.004986475579760036,2.1.0
uniform_operational,2,0,4022,2011.0,-0.06832850938875416,,2.1.0
uniform_operational,2,0,4023,2011.5,-0.06794007219218859,,2.1.0
uniform_operational,2,0,4024,2012.0,-0.06986873027959295,,2.1.0
uniform_operational,2,0,4025,2012.5,-0.06821987994038992,,2.1.0
uniform_operational,2,0,4026,2013.0,-0.07045707448206323,,2.1.0
uniform_operational,2,0,4027,2013.5,-0.0707106895534921,,2.1.0
uniform_operational,2,0,4028,2014.0,-0.07027560564748751,,2.1.0
uniform_operational,2,0,4029,2014.5,-0.06934270281762656,,2.1.0
uniform_operational,2,0,4030,2015.0,-0.06890680130126955,,2.1.0
uniform_operational,2,0,4031,2015.5,-0.06885082992701755,-0.0007888476733330652,2.1.0
uniform_operational,2,0,4032,2016.0,-0.06849922573474183,,2.1.0
uniform_operational,2,0,4033,2016.5,-0.06930076532955615,,2.1.0
uniform_operational,2,0,4034,2017.0,-0.06856256057833798,,2.1.0
uniform_operational,2,0,4035,2017.5,-0.06916929058341115,,2.1.0
uniform_operational,2,0,4036,2018.0,-0.06836968053039164,,2.1.0
uniform_operational,2,0,4037,2018.5,-0.06875363056284403,,2.1.0
uniform_operational,2,0,4038,2019.0,-0.06962221989688722,,2.1.0
uniform_operational,2,0,4039,2019.5,-0.07010700548538042,,2.1.0
uniform_operational,2,0,4040,2020.0,-0.07207896956763324,,2.1.0
uniform_operational,2,0,4041,2020.5,-0.07245078897689194,-0.003599959049874396,2.1.0
uniform_operational,2,0,4042,2021.0,-0.07238247910474183,,2.1.0
uniform_operational,2,0,4043,2021.5,-0.07311979084092174,,2.1.0
uniform_operational,2,0,4044,2022.0,-0.07279366380139285,,2.1.0
uniform_operational,2,0,4045,2022.5,-0.07396750075023552,,2.1.0
uniform_operational,2,0,4046,2023.0,-0.07410350011359779,,2.1.0
uniform_operational,2,0,4047,2023.5,-0.07396549834068882,,2.1.0
uniform_operational,2,0,4048,2024.0,-0.07390371081395808,,2.1.0
uniform_operational,2,0,4049,2024.5,-0.07449520168433586,,2.1.0
uniform_operational,2,0,4050,2025.0,-0.07441931195467877,,2.1.0
uniform_operational,2,0,4051,2025.5,-0.07576824297715262,-0.003317454000260678,2.1.0
uniform_operational,2,0,4052,2026.0,-0.07637393179298282,,2.1.0
uniform_operational,2,0,4053,2026.5,-0.07545573409231635,,2.1.0
uniform_operational,2,0,4054,2027.0,-0.07598038546450167,,2.1.0
uniform_operational,2,0,4055,2027.5,-0.07552820905974754,,2.1.0
uniform_operational,2,0,4056,2028.0,-0.07364202718221226,,2.1.0
uniform_operational,2,0,4057,2028.5,-0.07379306764405728,,2.1.0
uniform_operational,2,0,4058,2029.0,-0.0740621781798385,,2.1.0
uniform_operational,2,0,4059,2029.5,-0.07528641858432555,,2.1.0
uniform_operational,2,0,4060,2030.0,-0.07469502596829773,,2.1.0
uniform_operational,2,0,4061,2030.5,-0.07424569763877845,0.001522545338374176,2.1.0
uniform_operational,2,0,4062,2031.0,-0.0747842704004068,,2.1.0
uniform_operational,2,0,4063,2031.5,-0.07488707449929297,,2.1.0
uniform_operational,2,0,4064,2032.0,-0.07508194575858913,,2.1.0
uniform_operational,2,0,4065,2032.5,-0.0758870331972262,,2.1.0
uniform_operational,2,0,4066,2033.0,-0.07593412128261222,,2.1.0
uniform_operational,2,0,4067,2033.5,-0.07454654199190364,,2.1.0
uniform_operational,2,0,4068,2034.0,-0.07493826158562067,,2.1.0
uniform_operational,2,0,4069,2034.5,-0.07412645261363926,,2.1.0
uniform_operational,2,0,4070,2035.0,-0.0751083433808238,,2.1.0
uniform_operational,2,0,4071,2035.5,-0.07667919741464681,-0.0024334997758683613,2.1.0
uniform_operational,2,0,4072,2036.0,-0.07611969833679515,,2.1.0
uniform_operational,2,0,4073,2036.5,-0.07556282104370744,,2.1.0
uniform_operational,2,0,4074,2037.0,-0.07442899871172538,,2.1.0
uniform_operational,2,0,4075,2037.5,-0.0743367547966014,,2.1.0
uniform_operational,2,0,4076,2038.0,-0.07183169549309817,,2.1.0
uniform_operational,2,0,4077,2038.5,-0.07033565472439278,,2.1.0
uniform_operational,2,0,4078,2039.0,-0.0719188131337113,,2.1.0
uniform_operational,2,0,4079,2039.5,-0.0702573504321412,,2.1.0
uniform_operational,2,0,4080,2040.0,-0.06941215220686901,,2.1.0
uniform_operational,2,0,4081,2040.5,-0.06809552507506836,0.00858367233957845,2.1.0
uniform_operational,2,0,4082,2041.0,-0.06969767137099714,,2.1.0
uniform_operational,2,0,4083,2041.5,-0.06968279062277141,,2.1.0
uniform_operational,2,0,4084,2042.0,-0.0705429371916919,,2.1.0
uniform_operational,2,0,4085,2042.5,-0.07008891617834057,,2.1.0
uniform_operational,2,0,4086,2043.0,-0.07092539123088408,,2.1.0
uniform_operational,2,0,4087,2043.5,-0.07136687760547196,,2.1.0
uniform_operational,2,0,4088,2044.0,-0.07249965329066489,,2.1.0
uniform_operational,2,0,4089,2044.5,-0.07235503954318102,,2.1.0
uniform_operational,2,0,4090,2045.0,-0.07066263978500684,,2.1.0
uniform_operational,2,0,4091,2045.5,-0.07055007230199373,-0.0024545472269253688,2.1.0
uniform_operational,2,0,4092,2046.0,-0.07135832873694181,,2.1.0
uniform_operational,2,0,4093,2046.5,-0.07187615436918665,,2.1.0
uniform_operational,2,0,4094,2047.0,-0.07252460841262594,,2.1.0
uniform_operational,2,0,4095,2047.5,-0.07303321062449418,,2.1.0
uniform_operational,2,0,4096,2048.0,-0.07408657042326364,,2.1.0
uniform_operational,2,0,4097,2048.5,-0.07342710199634866,,2.1.0
uniform_operational,2,0,4098,2049.0,-0.0725711426068998,,2.1.0
uniform_operational,2,0,4099,2049.5,-0.07246749317292117,,2.1.0
uniform_operational,2,0,4100,2050.0,-0.07310105595436164,,2.1.0
uniform_operational,2,0,4101,2050.5,-0.07300012542824302,-0.0024500531262492964,2.1.0
uniform_operational,2,0,4102,2051.0,-0.07456989992942843,,2.1.0
uniform_operational,2,0,4103,2051.5,-0.07553422528089054,,2.1.0
uniform_operational,2,0,4104,2052.0,-0.07433620556333309,,2.1.0
uniform_operational,2,0,4105,2052.5,-0.07505859249916143,,2.1.0
uniform_operational,2,0,4106,2053.0,-0.07431752684620455,,2.1.0
uniform_operational,2,0,4107,2053.5,-0.0761829226476878,,2.1.0
uniform_operational,2,0,4108,2054.0,-0.07550813787975397,,2.1.0
uniform_operational,2,0,4109,2054.5,-0.07455077970537419,,2.1.0
uniform_operational,2,0,4110,2055.0,-0.07437247504639012,,2.1.0
uniform_operational,2,0,4111,2055.5,-0.07415657874231282,-0.0011564533140697997,2.1.0
uniform_operational,2,0,4112,2056.0,-0.07435070129049372,,2.1.0
uniform_operational,2,0,4113,2056.5,-0.07246864508132052,,2.1.0
uniform_operational,2,0,4114,2057.0,-0.07308721608158675,,2.1.0
uniform_operational,2,0,4115,2057.5,-0.07314733263036789,,2.1.0
uniform_operational,2,0,4116,2058.0,-0.07370453293269977,,2.1.0
uniform_operational,2,0,4117,2058.5,-0.07309668255999098,,2.1.0
uniform_operational,2,0,4118,2059.0,-0.07327871641653211,,2.1.0
uniform_operational,2,0,4119,2059.5,-0.07256814522316335,,2.1.0
uniform_operational,2,0,4120,2060.0,-0.07349011213007334,,2.1.0
uniform_operational,2,0,4121,2060.5,-0.07363120011389064,0.0005253786284221823,2.1.0
uniform_operational,2,0,4122,2061.0,-0.07465912199759411,,2.1.0
uniform_operational,2,0,4123,2061.5,-0.07487637501917403,,2.1.0
uniform_operational,2,0,4124,2062.0,-0.07415236470471182,,2.1.0
uniform_operational,2,0,4125,2062.5,-0.07526449491331785,,2.1.0
uniform_operational,2,0,4126,2063.0,-0.07606698960364915,,2.1.0
uniform_operational,2,0,4127,2063.5,-0.07394600513980785,,2.1.0
uniform_operational,2,0,4128,2064.0,-0.07540453555208548,,2.1.0
uniform_operational,2,0,4129,2064.5,-0.07758308031196962,,2.1.0
uniform_operational,2,0,4130,2065.0,-0.07719595422785389,,2.1.0
uniform_operational,2,0,4131,2065.5,-0.07930825562355226,-0.005677055509661619,2.1.0
uniform_operational,2,0,4132,2066.0,-0.07907226575513535,,2.1.0
uniform_operational,2,0,4133,2066.5,-0.07877366756785532,,2.1.0
uniform_operational,2,0,4134,2067.0,-0.07895970999294173,,2.1.0
uniform_operational,2,0,4135,2067.5,-0.0792737938169297,,2.1.0
uniform_operational,2,0,4136,2068.0,-0.07823647294095631,,2.1.0
uniform_operational,2,0,4137,2068.5,-0.07665210284308574,,2.1.0
uniform_operational,2,0,4138,2069.0,-0.07703911108103192,,2.1.0
uniform_operational,2,0,4139,2069.5,-0.0757957769088342,,2.1.0
uniform_operational,2,0,4140,2070.0,-0.0753992150723456,,2.1.0
uniform_operational,2,0,4141,2070.5,-0.07552519453582336,0.003783061087728898,2.1.0
uniform_operational,2,0,4142,2071.0,-0.07660326066136439,,2.1.0
uniform_operational,2,0,4143,2071.5,-0.07641969001136535,,2.1.0
uniform_operational,2,0,4144,2072.0,-0.07549522242599757,,2.1.0
uniform_operational,2,0,4145,2072.5,-0.07370618970184539,,2.1.0
uniform_operational,2,0,4146,2073.0,-0.07343785052400068,,2.1.0
uniform_operational,2,0,4147,2073.5,-0.0728208593373781,,2.1.0
uniform_operational,2,0,4148,2074.0,-0.07204379036963364,,2.1.0
uniform_operational,2,0,4149,2074.5,-0.07091190631178258,,2.1.0
uniform_operational,2,0,4150,2075.0,-0.06909944551033118,,2.1.0
uniform_operational,2,0,4151,2075.5,-0.0676651150541783,0.007860079481645063,2.1.0
uniform_operational,2,0,4152,2076.0,-0.06647112534125783,,2.1.0
uniform_operational,2,0,4153,2076.5,-0.06737500779728575,,2.1.0
uniform_operational,2,0,4154,2077.0,-0.06764793631422246,,2.1.0
uniform_operational,2,0,4155,2077.5,-0.06810971944269353,,2.1.0
uniform_operational,2,0,4156,2078.0,-0.06991175181815398,,2.1.0
uniform_operational,2,0,4157,2078.5,-0.0697994272237306,,2.1.0
uniform_operational,2,0,4158,2079.0,-0.06859576070137546,,2.1.0
uniform_operational,2,0,4159,2079.5,-0.06965685985430477,,2.1.0
uniform_operational,2,0,4160,2080.0,-0.06861903895123257,,2.1.0
uniform_operational,2,0,4161,2080.5,-0.06821076699187158,-0.0005456519376932784,2.1.0
uniform_operational,2,0,4162,2081.0,-0.0680678523433861,,2.1.0
uniform_operational,2,0,4163,2081.5,-0.06682307098124561,,2.1.0
uniform_operational,2,0,4164,2082.0,-0.06776969970628144,,2.1.0
uniform_operational,2,0,4165,2082.5,-0.06837817049748639,,2.1.0
uniform_operational,2,0,4166,2083.0,-0.0686794326930367,,2.1.0
uniform_operational,2,0,4167,2083.5,-0.06953423625582832,,2.1.0
uniform_operational,2,0,4168,2084.0,-0.06890387827187162,,2.1.0
uniform_operational,2,0,4169,2084.5,-0.06953741658737722,,2.1.0
uniform_operational,2,0,4170,2085.0,-0.07026979952384746,,2.1.0
uniform_operational,2,0,4171,2085.5,-0.07043634728272424,-0.002225580290852666,2.1.0
uniform_operational,2,0,4172,2086.0,-0.0700876781424247,,2.1.0
uniform_operational,2,0,4173,2086.5,-0.07002698001533808,,2.1.0
uniform_operational,2,0,4174,2087.0,-0.07294975675085415,,2.1.0
uniform_operational,2,0,4175,2087.5,-0.0729818729760928,,2.1.0
uniform_operational,2,0,4176,2088.0,-0.07252155760504764,,2.1.0
uniform_operational,2,0,4177,2088.5,-0.07188749691416557,,2.1.0
uniform_operational,2,0,4178,2089.0,-0.07139186182199571,,2.1.0
uniform_operational,2,0,4179,2089.5,-0.0710771009546709,,2.1.0
uniform_operational,2,0,4180,2090.0,-0.07045983249214761,,2.1.0
uniform_operational,2,0,4181,2090.5,-0.0678751120908399,0.002561235191884337,2.1.0
uniform_operational,2,0,4182,2091.0,-0.06785601494740084,,2.1.0
uniform_operational,2,0,4183,2091.5,-0.06762686114042768,,2.1.0
uniform_operational,2,0,4184,2092.0,-0.06999535831278103,,2.1.0
uniform_operational,2,0,4185,2092.5,-0.06966729760719777,,2.1.0
uniform_operational,2,0,4186,2093.0,-0.06981399931323515,,2.1.0
uniform_operational,2,0,4187,2093.5,-0.06858017572097165,,2.1.0
uniform_operational,2,0,4188,2094.0,-0.06762588890770639,,2.1.0
uniform_operational,2,0,4189,2094.5,-0.06621693416510989,,2.1.0
uniform_operational,2,0,4190,2095.0,-0.06677456859497816,,2.1.0
uniform_operational,2,0,4191,2095.5,-0.06642903011889711,0.001446081971942792,2.1.0
uniform_operational,2,0,4192,2096.0,-0.06703913867273112,,2.1.0
uniform_operational,2,0,4193,2096.5,-0.06569871282017856,,2.1.0
uniform_operational,2,0,4194,2097.0,-0.06680542618270569,,2.1.0
uniform_operational,2,0,4195,2097.5,-0.0676795140905608,,2.1.0
uniform_operational,2,0,4196,2098.0,-0.069217112400505,,2.1.0
uniform_operational,2,0,4197,2098.5,-0.06878545760696167,,2.1.0
uniform_operational,2,0,4198,2099.0,-0.06834069137289558,,2.1.0
uniform_operational,2,0,4199,2099.5,-0.07004582124551523,,2.1.0
uniform_operational,2,0,4200,2100.0,-0.06979301420385925,,2.1.0
uniform_operational,2,0,4201,2100.5,-0.0694334050156545,-0.003004374896757381,2.1.0
uniform_operational,2,0,4202,2101.0,-0.06764257174395129,,2.1.0
uniform_operational,2,0,4203,2101.5,-0.068803021085792,,2.1.0
uniform_operational,2,0,4204,2102.0,-0.06847997599790479,,2.1.0
uniform_operational,2,0,4205,2102.5,-0.06935245710069787,,2.1.0
uniform_operational,2,0,4206,2103.0,-0.0685889718117645,,2.1.0
uniform_operational,2,0,4207,2103.5,-0.06716123046473682,,2.1.0
uniform_operational,2,0,4208,2104.0,-0.0659916642625947,,2.1.0
uniform_operational,2,0,4209,2104.5,-0.06644126185348341,,2.1.0
uniform_operational,2,0,4210,2105.0,-0.06694934250409923,,2.1.0
uniform_operational,2,0,4211,2105.5,-0.06652049846866803,0.002912906546986463,2.1.0
uniform_operational,2,0,4212,2106.0,-0.06701219014235195,,2.1.0
uniform_operational,2,0,4213,2106.5,-0.06675704698417115,,2.1.0
uniform_operational,2,0,4214,2107.0,-0.06739325396776627,,2.1.0
uniform_operational,2,0,4215,2107.5,-0.0674828212347246,,2.1.0
uniform_operational,2,0,4216,2108.0,-0.06667216860361383,,2.1.0
uniform_operational,2,0,4217,2108.5,-0.06680090337373534,,2.1.0
uniform_operational,2,0,4218,2109.0,-0.06655676026095322,,2.1.0
uniform_operational,2,0,4219,2109.5,-0.06433558100717311,,2.1.0
uniform_operational,2,0,4220,2110.0,-0.06474200056525031,,2.1.0
uniform_operational,2,0,4221,2110.5,-0.06438858225609845,0.0021319162125695845,2.1.0
uniform_operational,2,0,4222,2111.0,-0.06433520301518808,,2.1.0
uniform_operational,2,0,4223,2111.5,-0.06576598246624402,,2.1.0
uniform_operational,2,0,4224,2112.0,-0.06462545837865019,,2.1.0
uniform_operational,2,0,4225,2112.5,-0.0637890972901013,,2.1.0
uniform_operational,2,0,4226,2113.0,-0.06426425081205296,,2.1.0
uniform_operational,2,0,4227,2113.5,-0.065066307395451,,2.1.0
uniform_operational,2,0,4228,2114.0,-0.06482888411253812,,2.1.0
uniform_operational,2,0,4229,2114.5,-0.06309611870083773,,2.1.0
uniform_operational,2,0,4230,2115.0,-0.06331004356767822,,2.1.0
uniform_operational,2,0,4231,2115.5,-0.06195213379246873,0.0024364484636297187,2.1.0
uniform_operational,2,0,4232,2116.0,-0.062177657148890564,,2.1.0
uniform_operational,2,0,4233,2116.5,-0.06227574242339702,,2.1.0
uniform_operational,2,0,4234,2117.0,-0.06141755046975994,,2.1.0
uniform_operational,2,0,4235,2117.5,-0.06216672742685288,,2.1.0
uniform_operational,2,0,4236,2118.0,-0.06147018908099317,,2.1.0
uniform_operational,2,0,4237,2118.5,-0.06219972482747681,,2.1.0
uniform_operational,2,0,4238,2119.0,-0.06164934900292535,,2.1.0
uniform_operational,2,0,4239,2119.5,-0.061377440949254465,,2.1.0
uniform_operational,2,0,4240,2120.0,-0.061796071289634824,,2.1.0
uniform_operational,2,0,4241,2120.5,-0.06212998143033987,-0.00017784763787113966,2.1.0
uniform_operational,2,0,4242,2121.0,-0.0613357396066196,,2.1.0
uniform_operational,2,0,4243,2121.5,-0.06374752245107274,,2.1.0
uniform_operational,2,0,4244,2122.0,-0.06212597004148039,,2.1.0
uniform_operational,2,0,4245,2122.5,-0.061876443410667316,,2.1.0
uniform_operational,2,0,4246,2123.0,-0.061794717349556466,,2.1.0
uniform_operational,2,0,4247,2123.5,-0.06199212965400365,,2.1.0
uniform_operational,2,0,4248,2124.0,-0.06258138415934442,,2.1.0
uniform_operational,2,0,4249,2124.5,-0.06279560800329972,,2.1.0
uniform_operational,2,0,4250,2125.0,-0.06466642522192637,,2.1.0
uniform_operational,2,0,4251,2125.5,-0.06534544676348499,-0.0032154653331451163,2.1.0
uniform_operational,2,0,4252,2126.0,-0.06566919422673781,,2.1.0
uniform_operational,2,0,4253,2126.5,-0.0651404916676509,,2.1.0
uniform_operational,2,0,4254,2127.0,-0.06597460234968795,,2.1.0
uniform_operational,2,0,4255,2127.5,-0.0659621483735108,,2.1.0
uniform_operational,2,0,4256,2128.0,-0.06620344138622113,,2.1.0
uniform_operational,2,0,4257,2128.5,-0.06495672084726402,,2.1.0
uniform_operational,2,0,4258,2129.0,-0.06521831519243831,,2.1.0
uniform_operational,2,0,4259,2129.5,-0.06519040562004685,,2.1.0
uniform_operational,2,0,4260,2130.0,-0.06590047971244932,,2.1.0
uniform_operational,2,0,4261,2130.5,-0.06587613675011447,-0.0005306899866294873,2.1.0
uniform_operational,2,0,4262,2131.0,-0.06671378069484901,,2.1.0
uniform_operational,2,0,4263,2131.5,-0.06524370958676713,,2.1.0
uniform_operational,2,0,4264,2132.0,-0.06655611681683798,,2.1.0
uniform_operational,2,0,4265,2132.5,-0.06814934219534527,,2.1.0
uniform_operational,2,0,4266,2133.0,-0.06875358876942916,,2.1.0
uniform_operational,2,0,4267,2133.5,-0.06598128214291542,,2.1.0
uniform_operational,2,0,4268,2134.0,-0.06606716349830855,,2.1.0
uniform_operational,2,0,4269,2134.5,-0.06626936017769189,,2.1.0
uniform_operational,2,0,4270,2135.0,-0.06748088438959715,,2.1.0
uniform_operational,2,0,4271,2135.5,-0.06749766077374458,-0.001621524023630111,2.1.0
uniform_operational,2,0,4272,2136.0,-0.06630268079092069,,2.1.0
uniform_operational,2,0,4273,2136.5,-0.06619417372954486,,2.1.0
uniform_operational,2,0,4274,2137.0,-0.06590941313196969,,2.1.0
uniform_operational,2,0,4275,2137.5,-0.06647263442713133,,2.1.0
uniform_operational,2,0,4276,2138.0,-0.06644784375304505,,2.1.0
uniform_operational,2,0,4277,2138.5,-0.06562505894170424,,2.1.0
uniform_operational,2,0,4278,2139.0,-0.06555389567003592,,2.1.0
uniform_operational,2,0,4279,2139.5,-0.06506288129097004,,2.1.0
uniform_operational,2,0,4280,2140.0,-0.06474593607871283,,2.1.0
uniform_operational,2,0,4281,2140.5,-0.06398041424870377,0.003517246525040818,2.1.0
uniform_operational,2,0,4282,2141.0,-0.06240584179048523,,2.1.0
uniform_operational,2,0,4283,2141.5,-0.06320169246154571,,2.1.0
uniform_operational,2,0,4284,2142.0,-0.061884655145992715,,2.1.0
uniform_operational,2,0,4285,2142.5,-0.06021569779531028,,2.1.0
uniform_operational,2,0,4286,2143.0,-0.05929168967613001,,2.1.0
uniform_operational,2,0,4287,2143.5,-0.0578273561134883,,2.1.0
uniform_operational,2,0,4288,2144.0,-0.05865251968540348,,2.1.0
uniform_operational,2,0,4289,2144.5,-0.05843016296634446,,2.1.0
uniform_operational,2,0,4290,2145.0,-0.058051437001840366,,2.1.0
uniform_operational,2,0,4291,2145.5,-0.05917860787133394,0.004801806377369829,2.1.0
uniform_operational,2,0,4292,2146.0,-0.06079754777144092,,2.1.0
uniform_operational,2,0,4293,2146.5,-0.06148607082609708,,2.1.0
uniform_operational,2,0,4294,2147.0,-0.06390690555357903,,2.1.0
uniform_operational,2,0,4295,2147.5,-0.06505743571715483,,2.1.0
uniform_operational,2,0,4296,2148.0,-0.06559539531138245,,2.1.0
uniform_operational,2,0,4297,2148.5,-0.06624962506995019,,2.1.0
uniform_operational,2,0,4298,2149.0,-0.06621870065877589,,2.1.0
uniform_operational,2,0,4299,2149.5,-0.06585823264267972,,2.1.0
uniform_operational,2,0,4300,2150.0,-0.06524293059550978,,2.1.0
uniform_operational,2,0,4301,2150.5,-0.06671148119664683,-0.00753287332531289,2.1.0
uniform_operational,2,0,4302,2151.0,-0.06528017386810954,,2.1.0
uniform_operational,2,0,4303,2151.5,-0.06589496711178318,,2.1.0
uniform_operational,2,0,4304,2152.0,-0.06658777980509809,,2.1.0
uniform_operational,2,0,4305,2152.5,-0.065819434779214,,2.1.0
uniform_operational,2,0,4306,2153.0,-0.06689135820874677,,2.1.0
uniform_operational,2,0,4307,2153.5,-0.06582163588800069,,2.1.0
uniform_operational,2,0,4308,2154.0,-0.06386834159382104,,2.1.0
uniform_operational,2,0,4309,2154.5,-0.06292360011320651,,2.1.0
uniform_operational,2,0,4310,2155.0,-0.06176157079759009,,2.1.0
uniform_operational,2,0,4311,2155.5,-0.060671669852844556,0.0060398113438022705,2.1.0
uniform_operational,2,0,4312,2156.0,-0.0608483783115146,,2.1.0
uniform_operational,2,0,4313,2156.5,-0.06332180836936527,,2.1.0
uniform_operational,2,0,4314,2157.0,-0.0629738260050332,,2.1.0
uniform_operational,2,0,4315,2157.5,-0.06422517989193882,,2.1.0
uniform_operational,2,0,4316,2158.0,-0.06393344653328935,,2.1.0
uniform_operational,2,0,4317,2158.5,-0.06336506763947473,,2.1.0
uniform_operational,2,0,4318,2159.0,-0.06311002984805517,,2.1.0
uniform_operational,2,0,4319,2159.5,-0.063110743627796,,2.1.0
uniform_operational,2,0,4320,2160.0,-0.06383161759341421,,2.1.0
uniform_operational,2,0,4321,2160.5,-0.064131888197966,-0.0034602183451214463,2.1.0
uniform_operational,2,0,4322,2161.0,-0.06465029128281997,,2.1.0
uniform_operational,2,0,4323,2161.5,-0.0641509217167953,,2.1.0
uniform_operational,2,0,4324,2162.0,-0.06473314732626835,,2.1.0
uniform_operational,2,0,4325,2162.5,-0.06505927145255853,,2.1.0
uniform_operational,2,0,4326,2163.0,-0.0658023185401233,,2.1.0
uniform_operational,2,0,4327,2163.5,-0.06521338025591918,,2.1.0
uniform_operational,2,0,4328,2164.0,-0.06563158669952132,,2.1.0
uniform_operational,2,0,4329,2164.5,-0.06617002530615426,,2.1.0
uniform_operational,2,0,4330,2165.0,-0.0664498995858076,,2.1.0
uniform_operational,2,0,4331,2165.5,-0.06567267586304004,-0.0015407876650740393,2.1.0
uniform_operational,2,0,4332,2166.0,-0.06615074263955682,,2.1.0
uniform_operational,2,0,4333,2166.5,-0.06683448652561413,,2.1.0
uniform_operational,2,0,4334,2167.0,-0.06718917105433464,,2.1.0
uniform_operational,2,0,4335,2167.5,-0.06623760169022024,,2.1.0
uniform_operational,2,0,4336,2168.0,-0.06571025118073937,,2.1.0
uniform_operational,2,0,4337,2168.5,-0.06517659153797614,,2.1.0
uniform_operational,2,0,4338,2169.0,-0.06596387896775809,,2.1.0
uniform_operational,2,0,4339,2169.5,-0.06344182467209752,,2.1.0
uniform_operational,2,0,4340,2170.0,-0.06214628093467127,,2.1.0
uniform_operational,2,0,4341,2170.5,-0.06216227605903142,0.003510399804008621,2.1.0
uniform_operational,2,0,4342,2171.0,-0.06125092892319207,,2.1.0
uniform_operational,2,0,4343,2171.5,-0.06215517079412583,,2.1.0
uniform_operational,2,0,4344,2172.0,-0.06300381095553467,,2.1.0
uniform_operational,2,0,4345,2172.5,-0.06319204703559429,,2.1.0
uniform_operational,2,0,4346,2173.0,-0.06222885594406428,,2.1.0
uniform_operational,2,0,4347,2173.5,-0.06237753755031207,,2.1.0
uniform_operational,2,0,4348,2174.0,-0.06316750077172778,,2.1.0
uniform_operational,2,0,4349,2174.5,-0.06290148964038683,,2.1.0
uniform_operational,2,0,4350,2175.0,-0.060678941712288596,,2.1.0
uniform_operational,2,0,4351,2175.5,-0.061765023020767064,0.00039725303826435715,2.1.0
uniform_operational,2,0,4352,2176.0,-0.06298816850045606,,2.1.0
uniform_operational,2,0,4353,2176.5,-0.062311759014557704,,2.1.0
uniform_operational,2,0,4354,2177.0,-0.06373026336754745,,2.1.0
uniform_operational,2,0,4355,2177.5,-0.06364431544515357,,2.1.0
uniform_operational,2,0,4356,2178.0,-0.06473145744434106,,2.1.0
uniform_operational,2,0,4357,2178.5,-0.06467446854991635,,2.1.0
uniform_operational,2,0,4358,2179.0,-0.06262633802837198,,2.1.0
uniform_operational,2,0,4359,2179.5,-0.06256188567737955,,2.1.0
uniform_operational,2,0,4360,2180.0,-0.06036990182409777,,2.1.0
uniform_operational,2,0,4361,2180.5,-0.06121329056487052,0.000551732455896542,2.1.0
uniform_operational,2,0,4362,2181.0,-0.061318548782497824,,2.1.0
uniform_operational,2,0,4363,2181.5,-0.0604678369116179,,2.1.0
uniform_operational,2,0,4364,2182.0,-0.05869818153086227,,2.1.0
uniform_operational,2,0,4365,2182.5,-0.059464115986683844,,2.1.0
uniform_operational,2,0,4366,2183.0,-0.0603935607494137,,2.1.0
uniform_operational,2,0,4367,2183.5,-0.06219654822474275,,2.1.0
uniform_operational,2,0,4368,2184.0,-0.06241822447244332,,2.1.0
uniform_operational,2,0,4369,2184.5,-0.06063461550103387,,2.1.0
uniform_operational,2,0,4370,2185.0,-0.06104906826910195,,2.1.0
uniform_operational,2,0,4371,2185.5,-0.06102798420143618,0.00018530636343434131,2.1.0
uniform_operational,2,0,4372,2186.0,-0.06109825925049557,,2.1.0
uniform_operational,2,0,4373,2186.5,-0.060895232631547766,,2.1.0
uniform_operational,2,0,4374,2187.0,-0.059703323604351724,,2.1.0
uniform_operational,2,0,4375,2187.5,-0.0609022425512975,,2.1.0
uniform_operational,2,0,4376,2188.0,-0.060053692710098736,,2.1.0
uniform_operational,2,0,4377,2188.5,-0.060178726206890965,,2.1.0
uniform_operational,2,0,4378,2189.0,-0.061009020815142825,,2.1.0
uniform_operational,2,0,4379,2189.5,-0.0598705420601609,,2.1.0
uniform_operational,2,0,4380,2190.0,-0.05946945451242395,,2.1.0
uniform_operational,2,0,4381,2190.5,-0.05925571112733218,0.0017722730741039985,2.1.0
uniform_operational,2,0,4382,2191.0,-0.058885180351901746,,2.1.0
uniform_operational,2,0,4383,2191.5,-0.06010883815911087,,2.1.0
uniform_operational,2,0,4384,2192.0,-0.0606836856156799,,2.1.0
uniform_operational,2,0,4385,2192.5,-0.061033362618492265,,2.1.0
uniform_operational,2,0,4386,2193.0,-0.06118044411466713,,2.1.0
uniform_operational,2,0,4387,2193.5,-0.06128897444787209,,2.1.0
uniform_operational,2,0,4388,2194.0,-0.06329886365066245,,2.1.0
uniform_operational,2,0,4389,2194.5,-0.06193667780726898,,2.1.0
uniform_operational,2,0,4390,2195.0,-0.06284174127802183,,2.1.0
uniform_operational,2,0,4391,2195.5,-0.060905924702478534,-0.0016502135751463518,2.1.0
uniform_operational,2,0,4392,2196.0,-0.061572806654677396,,2.1.0
uniform_operational,2,0,4393,2196.5,-0.06142687593279776,,2.1.0
uniform_operational,2,0,4394,2197.0,-0.0597919356796066,,2.1.0
uniform_operational,2,0,4395,2197.5,-0.060511087107642914,,2.1.0
uniform_operational,2,0,4396,2198.0,-0.0596546088779344,,2.1.0
uniform_operational,2,0,4397,2198.5,-0.059843540446192105,,2.1.0
uniform_operational,2,0,4398,2199.0,-0.05847525821893977,,2.1.0
uniform_operational,2,0,4399,2199.5,-0.059579806963151294,,2.1.0
uniform_operational,2,0,4400,2200.0,-0.06039183542041822,,2.1.0
uniform_operational,2,0,4401,2200.5,-0.060526653069454144,0.0003792716330243903,2.1.0
uniform_operational,2,0,4402,2201.0,-0.06140241201789868,,2.1.0
uniform_operational,2,0,4403,2201.5,-0.06243532544810796,,2.1.0
uniform_operational,2,0,4404,2202.0,-0.062275293660206586,,2.1.0
uniform_operational,2,0,4405,2202.5,-0.06119989381139316,,2.1.0
uniform_operational,2,0,4406,2203.0,-0.06108157619901279,,2.1.0
uniform_operational,2,0,4407,2203.5,-0.061558579068056264,,2.1.0
uniform_operational,2,0,4408,2204.0,-0.06301314995680837,,2.1.0
uniform_operational,2,0,4409,2204.5,-0.06482082837435793,,2.1.0
uniform_operational,2,0,4410,2205.0,-0.0651549352597201,,2.1.0
uniform_operational,2,0,4411,2205.5,-0.0653161524782076,-0.004789499408753457,2.1.0
uniform_operational,2,0,4412,2206.0,-0.0662421370985146,,2.1.0
uniform_operational,2,0,4413,2206.5,-0.0664596500056747,,2.1.0
uniform_operational,2,0,4414,2207.0,-0.0648598846923635,,2.1.0
uniform_operational,2,0,4415,2207.5,-0.06708778582487643,,2.1.0
uniform_operational,2,0,4416,2208.0,-0.06840880701016422,,2.1.0
uniform_operational,2,0,4417,2208.5,-0.06607941610117224,,2.1.0
uniform_operational,2,0,4418,2209.0,-0.06656046008473702,,2.1.0
uniform_operational,2,0,4419,2209.5,-0.06591986797090771,,2.1.0
uniform_operational,2,0,4420,2210.0,-0.06569833937833591,,2.1.0
uniform_operational,2,0,4421,2210.5,-0.06382977964316575,0.0014863728350418548,2.1.0
uniform_operational,2,0,4422,2211.0,-0.062194013873931,,2.1.0
uniform_operational,2,0,4423,2211.5,-0.06341224438079748,,2.1.0
uniform_operational,2,0,4424,2212.0,-0.06396491738452356,,2.1.0
uniform_operational,2,0,4425,2212.5,-0.06293395129880677,,2.1.0
uniform_operational,2,0,4426,2213.0,-0.06251239380460547,,2.1.0
uniform_operational,2,0,4427,2213.5,-0.061656580324419896,,2.1.0
uniform_operational,2,0,4428,2214.0,-0.05993236949238648,,2.1.0
uniform_operational,2,0,4429,2214.5,-0.05992029478894455,,2.1.0
uniform_operational,2,0,4430,2215.0,-0.058804996704058476,,2.1.0
uniform_operational,2,0,4431,2215.5,-0.05842744209323162,0.005402337549934126,2.1.0
uniform_operational,2,0,4432,2216.0,-0.059589547752873735,,2.1.0
uniform_operational,2,0,4433,2216.5,-0.0605201579543337,,2.1.0
uniform_operational,2,0,4434,2217.0,-0.0617311079913763,,2.1.0
uniform_operational,2,0,4435,2217.5,-0.06291861754504804,,2.1.0
uniform_operational,2,0,4436,2218.0,-0.0645313955488889,,2.1.0
uniform_operational,2,0,4437,2218.5,-0.06501991433947596,,2.1.0
uniform_operational,2,0,4438,2219.0,-0.06534357147837339,,2.1.0
uniform_operational,2,0,4439,2219.5,-0.06522913431854382,,2.1.0
uniform_operational,2,0,4440,2220.0,-0.06430432852629689,,2.1.0
uniform_operational,2,0,4441,2220.5,-0.06370981004131937,-0.00528236794808775,2.1.0
uniform_operational,2,0,4442,2221.0,-0.06511320850265272,,2.1.0
uniform_operational,2,0,4443,2221.5,-0.06422114777219413,,2.1.0
uniform_operational,2,0,4444,2222.0,-0.06502905867592734,,2.1.0
uniform_operational,2,0,4445,2222.5,-0.06630028344680308,,2.1.0
uniform_operational,2,0,4446,2223.0,-0.06575246176939786,,2.1.0
uniform_operational,2,0,4447,2223.5,-0.06535889276323041,,2.1.0
uniform_operational,2,0,4448,2224.0,-0.06458388416968194,,2.1.0
uniform_operational,2,0,4449,2224.5,-0.06388058248129355,,2.1.0
uniform_operational,2,0,4450,2225.0,-0.06300842711466725,,2.1.0
uniform_operational,2,0,4451,2225.5,-0.06257233788097308,0.0011374721603462923,2.1.0
uniform_operational,2,0,4452,2226.0,-0.0635983228896186,,2.1.0
uniform_operational,2,0,4453,2226.5,-0.0641822080170027,,2.1.0
uniform_operational,2,0,4454,2227.0,-0.0627485732347472,,2.1.0
uniform_operational,2,0,4455,2227.5,-0.0625462586766247,,2.1.0
uniform_operational,2,0,4456,2228.0,-0.062373466567506246,,2.1.0
uniform_operational,2,0,4457,2228.5,-0.06254596810590515,,2.1.0
uniform_operational,2,0,4458,2229.0,-0.06310940994110908,,2.1.0
uniform_operational,2,0,4459,2229.5,-0.0645345633123254,,2.1.0
uniform_operational,2,0,4460,2230.0,-0.06491289204934375,,2.1.0
uniform_operational,2,0,4461,2230.5,-0.06347146741879738,-0.0008991295378242975,2.1.0
uniform_operational,2,0,4462,2231.0,-0.06178945838033243,,2.1.0
uniform_operational,2,0,4463,2231.5,-0.062332270600193675,,2.1.0
uniform_operational,2,0,4464,2232.0,-0.06383009250680072,,2.1.0
uniform_operational,2,0,4465,2232.5,-0.06472759838223474,,2.1.0
uniform_operational,2,0,4466,2233.0,-0.06516266036363223,,2.1.0
uniform_operational,2,0,4467,2233.5,-0.06475755285148901,,2.1.0
uniform_operational,2,0,4468,2234.0,-0.0627309772421878,,2.1.0
uniform_operational,2,0,4469,2234.5,-0.06324568045937724,,2.1.0
uniform_operational,2,0,4470,2235.0,-0.0639882146376459,,2.1.0
uniform_operational,2,0,4471,2235.5,-0.06358937221942179,-0.000117904800624416,2.1.0
uniform_operational,2,0,4472,2236.0,-0.06544255822241113,,2.1.0
uniform_operational,2,0,4473,2236.5,-0.06611805666743373,,2.1.0
uniform_operational,2,0,4474,2237.0,-0.06730804907078351,,2.1.0
uniform_operational,2,0,4475,2237.5,-0.06588697681625769,,2.1.0
uniform_operational,2,0,4476,2238.0,-0.06488292408823065,,2.1.0
uniform_operational,2,0,4477,2238.5,-0.0660519854724273,,2.1.0
uniform_operational,2,0,4478,2239.0,-0.06777684865529326,,2.1.0
uniform_operational,2,0,4479,2239.5,-0.0679919605576107,,2.1.0
uniform_operational,2,0,4480,2240.0,-0.06548409402366032,,2.1.0
uniform_operational,2,0,4481,2240.5,-0.06446345223564684,-0.0008740800162250484,2.1.0
uniform_operational,2,0,4482,2241.0,-0.06669494539940829,,2.1.0
uniform_operational,2,0,4483,2241.5,-0.06605007797093798,,2.1.0
uniform_operational,2,0,4484,2242.0,-0.06631783923427204,,2.1.0
uniform_operational,2,0,4485,2242.5,-0.06547672292232234,,2.1.0
uniform_operational,2,0,4486,2243.0,-0.06344392158913509,,2.1.0
uniform_operational,2,0,4487,2243.5,-0.06339515750056413,,2.1.0
uniform_operational,2,0,4488,2244.0,-0.06305081255632422,,2.1.0
uniform_operational,2,0,4489,2244.5,-0.06198653316298316,,2.1.0
uniform_operational,2,0,4490,2245.0,-0.05994110792667103,,2.1.0
uniform_operational,2,0,4491,2245.5,-0.0594858027255424,0.0049776495101044385,2.1.0
uniform_operational,2,0,4492,2246.0,-0.05942675517622192,,2.1.0
uniform_operational,2,0,4493,2246.5,-0.05827693911227215,,2.1.0
uniform_operational,2,0,4494,2247.0,-0.059393055576313816,,2.1.0
uniform_operational,2,0,4495,2247.5,-0.061957906132383105,,2.1.0
uniform_operational,2,0,4496,2248.0,-0.062299896978039865,,2.1.0
uniform_operational,2,0,4497,2248.5,-0.06234145730896709,,2.1.0
uniform_operational,2,0,4498,2249.0,-0.06424223734487307,,2.1.0
uniform_operational,2,0,4499,2249.5,-0.06551441868113916,,2.1.0
uniform_operational,2,0,4500,2250.0,-0.06545477114331943,,2.1.0
uniform_operational,2,0,4501,2250.5,-0.06468191687480107,-0.00519611414925867,2.1.0
uniform_operational,2,0,4502,2251.0,-0.06371254848456981,,2.1.0
uniform_operational,2,0,4503,2251.5,-0.06553941180605129,,2.1.0
uniform_operational,2,0,4504,2252.0,-0.0652548122240208,,2.1.0
uniform_operational,2,0,4505,2252.5,-0.06592968480613855,,2.1.0
uniform_operational,2,0,4506,2253.0,-0.06620007552899719,,2.1.0
uniform_operational,2,0,4507,2253.5,-0.06534304202609151,,2.1.0
uniform_operational,2,0,4508,2254.0,-0.06395288141577256,,2.1.0
uniform_operational,2,0,4509,2254.5,-0.06595775274665724,,2.1.0
uniform_operational,2,0,4510,2255.0,-0.06453149671311395,,2.1.0
uniform_operational,2,0,4511,2255.5,-0.06460132707489727,8.058979990380188e-05,2.1.0
uniform_operational,2,0,4512,2256.0,-0.06658248280289655,,2.1.0
uniform_operational,2,0,4513,2256.5,-0.06602858103567619,,2.1.0
uniform_operational,2,0,4514,2257.0,-0.06623869187329076,,2.1.0
uniform_operational,2,0,4515,2257.5,-0.06672074919967724,,2.1.0
uniform_operational,2,0,4516,2258.0,-0.0668619080699237,,2.1.0
uniform_operational,2,0,4517,2258.5,-0.06556626010894621,,2.1.0
uniform_operational,2,0,4518,2259.0,-0.06578586825954519,,2.1.0
uniform_operational,2,0,4519,2259.5,-0.06685034694705005,,2.1.0
uniform_operational,2,0,4520,2260.0,-0.06503328849696152,,2.1.0
uniform_operational,2,0,4521,2260.5,-0.06519437207281173,-0.0005930449979144603,2.1.0
uniform_operational,2,0,4522,2261.0,-0.06609916185011189,,2.1.0
uniform_operational,2,0,4523,2261.5,-0.0670679912333011,,2.1.0
uniform_operational,2,0,4524,2262.0,-0.0674694883859584,,2.1.0
uniform_operational,2,0,4525,2262.5,-0.06738085904548535,,2.1.0
uniform_operational,2,0,4526,2263.0,-0.06853951185025649,,2.1.0
uniform_operational,2,0,4527,2263.5,-0.06873503021075893,,2.1.0
uniform_operational,2,0,4528,2264.0,-0.06751989068683519,,2.1.0
uniform_operational,2,0,4529,2264.5,-0.06733913493265778,,2.1.0
uniform_operational,2,0,4530,2265.0,-0.0652664152458583,,2.1.0
uniform_operational,2,0,4531,2265.5,-0.06444138388377679,0.0007529881890349366,2.1.0
uniform_operational,2,0,4532,2266.0,-0.0635860540769922,,2.1.0
uniform_operational,2,0,4533,2266.5,-0.0642927362330216,,2.1.0
uniform_operational,2,0,4534,2267.0,-0.06331002044286432,,2.1.0
uniform_operational,2,0,4535,2267.5,-0.06449052124797439,,2.1.0
uniform_operational,2,0,4536,2268.0,-0.06412363935418469,,2.1.0
uniform_operational,2,0,4537,2268.5,-0.06440683732091709,,2.1.0
uniform_operational,2,0,4538,2269.0,-0.0639018119832119,,2.1.0
uniform_operational,2,0,4539,2269.5,-0.06335188444228423,,2.1.0
uniform_operational,2,0,4540,2270.0,-0.061796276240931945,,2.1.0
uniform_operational,2,0,4541,2270.5,-0.062830843577652,0.0016105403061247858,2.1.0
uniform_operational,2,0,4542,2271.0,-0.06184393273922457,,2.1.0
uniform_operational,2,0,4543,2271.5,-0.06168113950581664,,2.1.0
uniform_operational,2,0,4544,2272.0,-0.06013445187822268,,2.1.0
uniform_operational,2,0,4545,2272.5,-0.05846140048982872,,2.1.0
uniform_operational,2,0,4546,2273.0,-0.06036325118224119,,2.1.0
uniform_operational,2,0,4547,2273.5,-0.060582823621607294,,2.1.0
uniform_operational,2,0,4548,2274.0,-0.060811953338893145,,2.1.0
uniform_operational,2,0,4549,2274.5,-0.06217807632551544,,2.1.0
uniform_operational,2,0,4550,2275.0,-0.06346487205674237,,2.1.0
uniform_operational,2,0,4551,2275.5,-0.06351306877262729,-0.0006822251949752806,2.1.0
uniform_operational,2,0,4552,2276.0,-0.06350147142274133,,2.1.0
uniform_operational,2,0,4553,2276.5,-0.0649787084330755,,2.1.0
uniform_operational,2,0,4554,2277.0,-0.06698322280604682,,2.1.0
uniform_operational,2,0,4555,2277.5,-0.06723820985253395,,2.1.0
uniform_operational,2,0,4556,2278.0,-0.06678276000137075,,2.1.0
uniform_operational,2,0,4557,2278.5,-0.06688430687127384,,2.1.0
uniform_operational,2,0,4558,2279.0,-0.06680321240329418,,2.1.0
uniform_operational,2,0,4559,2279.5,-0.06609874340791214,,2.1.0
uniform_operational,2,0,4560,2280.0,-0.06635332004724227,,2.1.0
uniform_operational,2,0,4561,2280.5,-0.06777969349871799,-0.004266624726090698,2.1.0
uniform_operational,2,0,4562,2281.0,-0.06926957037801615,,2.1.0
uniform_operational,2,0,4563,2281.5,-0.06850786504121312,,2.1.0
uniform_operational,2,0,4564,2282.0,-0.06857626240695364,,2.1.0
uniform_operational,2,0,4565,2282.5,-0.06777231217231111,,2.1.0
uniform_operational,2,0,4566,2283.0,-0.06743735970540371,,2.1.0
uniform_operational,2,0,4567,2283.5,-0.06669245146440364,,2.1.0
uniform_operational,2,0,4568,2284.0,-0.0660441066161201,,2.1.0
uniform_operational,2,0,4569,2284.5,-0.0665634588681088,,2.1.0
uniform_operational,2,0,4570,2285.0,-0.06593157630415133,,2.1.0
uniform_operational,2,0,4571,2285.5,-0.06801208083544832,-0.00023238733673033862,2.1.0
uniform_operational,2,0,4572,2286.0,-0.06815656047627733,,2.1.0
uniform_operational,2,0,4573,2286.5,-0.06678207036940878,,2.1.0
uniform_operational,2,0,4574,2287.0,-0.06737490273519639,,2.1.0
uniform_operational,2,0,4575,2287.5,-0.06700283913212732,,2.1.0
uniform_operational,2,0,4576,2288.0,-0.0671499992886754,,2.1.0
uniform_operational,2,0,4577,2288.5,-0.06637930104692621,,2.1.0
uniform_operational,2,0,4578,2289.0,-0.06574727865922358,,2.1.0
uniform_operational,2,0,4579,2289.5,-0.0645203077367775,,2.1.0
uniform_operational,2,0,4580,2290.0,-0.0630298362007076,,2.1.0
uniform_operational,2,0,4581,2290.5,-0.06424066883508443,0.0037714120003638912,2.1.0
uniform_operational,2,0,4582,2291.0,-0.06615272547661741,,2.1.0
uniform_operational,2,0,4583,2291.5,-0.06486416080931567,,2.1.0
uniform_operational,2,0,4584,2292.0,-0.06563092171385729,,2.1.0
uniform_operational,2,0,4585,2292.5,-0.06650089058978262,,2.1.0
uniform_operational,2,0,4586,2293.0,-0.06616185806904673,,2.1.0
uniform_operational,2,0,4587,2293.5,-0.06650369337332696,,2.1.0
uniform_operational,2,0,4588,2294.0,-0.06427006917454912,,2.1.0
uniform_operational,2,0,4589,2294.5,-0.06496698814777269,,2.1.0
uniform_operational,2,0,4590,2295.0,-0.06561550598419312,,2.1.0
uniform_operational,2,0,4591,2295.5,-0.06683272392339376,-0.002592055088309328,2.1.0
uniform_operational,2,0,4592,2296.0,-0.06530900270821945,,2.1.0
uniform_operational,2,0,4593,2296.5,-0.06620396661120323,,2.1.0
uniform_operational,2,0,4594,2297.0,-0.06874002454254899,,2.1.0
uniform_operational,2,0,4595,2297.5,-0.06820973710060549,,2.1.0
uniform_operational,2,0,4596,2298.0,-0.06830449974129815,,2.1.0
uniform_operational,2,0,4597,2298.5,-0.06978927514421532,,2.1.0
uniform_operational,2,0,4598,2299.0,-0.0692918407845517,,2.1.0
uniform_operational,2,0,4599,2299.5,-0.06880675928380897,,2.1.0
uniform_operational,2,0,4600,2300.0,-0.06958875024680944,,2.1.0
uniform_operational,2,0,4601,2300.5,-0.0696295497604377,-0.002796825837043937,2.1.0
uniform_operational,2,0,4602,2301.0,-0.07048756391417635,,2.1.0
uniform_operational,2,0,4603,2301.5,-0.07100387248399685,,2.1.0
uniform_operational,2,0,4604,2302.0,-0.06969897391969965,,2.1.0
uniform_operational,2,0,4605,2302.5,-0.0684040971219356,,2.1.0
uniform_operational,2,0,4606,2303.0,-0.07095054698671083,,2.1.0
uniform_operational,2,0,4607,2303.5,-0.07085449633137925,,2.1.0
uniform_operational,2,0,4608,2304.0,-0.07174106279932839,,2.1.0
uniform_operational,2,0,4609,2304.5,-0.07125424994540155,,2.1.0
uniform_operational,2,0,4610,2305.0,-0.07059067059190399,,2.1.0
uniform_operational,2,0,4611,2305.5,-0.0700018204927898,-0.0003722707323521035,2.1.0
uniform_operational,2,0,4612,2306.0,-0.06868835455322606,,2.1.0
uniform_operational,2,0,4613,2306.5,-0.06876840867292415,,2.1.0
uniform_operational,2,0,4614,2307.0,-0.06933936694687978,,2.1.0
uniform_operational,2,0,4615,2307.5,-0.07030155247717194,,2.1.0
uniform_operational,2,0,4616,2308.0,-0.06992199754141212,,2.1.0
uniform_operational,2,0,4617,2308.5,-0.06921503440801086,,2.1.0
uniform_operational,2,0,4618,2309.0,-0.06952924592345858,,2.1.0
uniform_operational,2,0,4619,2309.5,-0.0696748691078942,,2.1.0
uniform_operational,2,0,4620,2310.0,-0.06864535798708131,,2.1.0
uniform_operational,2,0,4621,2310.5,-0.06818066151791863,0.0018211589748711732,2.1.0
uniform_operational,2,0,4622,2311.0,-0.06864909209180911,,2.1.0
uniform_operational,2,0,4623,2311.5,-0.06786529215119182,,2.1.0
uniform_operational,2,0,4624,2312.0,-0.06689320294434245,,2.1.0
uniform_operational,2,0,4625,2312.5,-0.0675830479722376,,2.1.0
uniform_operational,2,0,4626,2313.0,-0.06674586533402574,,2.1.0
uniform_operational,2,0,4627,2313.5,-0.0667924587046311,,2.1.0
uniform_operational,2,0,4628,2314.0,-0.06988957508485197,,2.1.0
uniform_operational,2,0,4629,2314.5,-0.0688316851676974,,2.1.0
uniform_operational,2,0,4630,2315.0,-0.06799850894790838,,2.1.0
uniform_operational,2,0,4631,2315.5,-0.06959917823501298,-0.0014185167170943508,2.1.0
uniform_operational,2,0,4632,2316.0,-0.0681758830129656,,2.1.0
uniform_operational,2,0,4633,2316.5,-0.07002451651709468,,2.1.0
uniform_operational,2,0,4634,2317.0,-0.06948207260979843,,2.1.0
uniform_operational,2,0,4635,2317.5,-0.0681738294511236,,2.1.0
uniform_operational,2,0,4636,2318.0,-0.06897090778580808,,2.1.0
uniform_operational,2,0,4637,2318.5,-0.06886613387300501,,2.1.0
uniform_operational,2,0,4638,2319.0,-0.06953397606807965,,2.1.0
uniform_operational,2,0,4639,2319.5,-0.06837240740453585,,2.1.0
uniform_operational,2,0,4640,2320.0,-0.06818669289049867,,2.1.0
uniform_operational,2,0,4641,2320.5,-0.06873605553118886,0.0008631227038241179,2.1.0
uniform_operational,2,0,4642,2321.0,-0.06675824482963047,,2.1.0
uniform_operational,2,0,4643,2321.5,-0.06643942552092391,,2.1.0
uniform_operational,2,0,4644,2322.0,-0.06706340339902944,,2.1.0
uniform_operational,2,0,4645,2322.5,-0.06710053276616976,,2.1.0
uniform_operational,2,0,4646,2323.0,-0.06534895053431736,,2.1.0
uniform_operational,2,0,4647,2323.5,-0.06510326250578573,,2.1.0
uniform_operational,2,0,4648,2324.0,-0.06464097091603763,,2.1.0
uniform_operational,2,0,4649,2324.5,-0.064255183991761,,2.1.0
uniform_operational,2,0,4650,2325.0,-0.06508745930102192,,2.1.0
uniform_operational,2,0,4651,2325.5,-0.06601718987656084,0.0027188656546280193,2.1.0
uniform_operational,2,0,4652,2326.0,-0.06491157351245996,,2.1.0
uniform_operational,2,0,4653,2326.5,-0.06577699928559742,,2.1.0
uniform_operational,2,0,4654,2327.0,-0.06451632700081011,,2.1.0
uniform_operational,2,0,4655,2327.5,-0.06298789806986993,,2.1.0
uniform_operational,2,0,4656,2328.0,-0.06286272253188979,,2.1.0
uniform_operational,2,0,4657,2328.5,-0.06272184683288601,,2.1.0
uniform_operational,2,0,4658,2329.0,-0.06258997829867113,,2.1.0
uniform_operational,2,0,4659,2329.5,-0.06278043061083347,,2.1.0
uniform_operational,2,0,4660,2330.0,-0.06077792008342374,,2.1.0
uniform_operational,2,0,4661,2330.5,-0.060464638394351136,0.0055525514822097055,2.1.0
uniform_operational,2,0,4662,2331.0,-0.06083687428019833,,2.1.0
uniform_operational,2,0,4663,2331.5,-0.06044530886792452,,2.1.0
uniform_operational,2,0,4664,2332.0,-0.06171770309589283,,2.1.0
uniform_operational,2,0,4665,2332.5,-0.0620101706751289,,2.1.0
uniform_operational,2,0,4666,2333.0,-0.06191976767281723,,2.1.0
uniform_operational,2,0,4667,2333.5,-0.06324710574640101,,2.1.0
uniform_operational,2,0,4668,2334.0,-0.06284908308271253,,2.1.0
uniform_operational,2,0,4669,2334.5,-0.06167949625238638,,2.1.0
uniform_operational,2,0,4670,2335.0,-0.06279602392161066,,2.1.0
uniform_operational,2,0,4671,2335.5,-0.062368877538660016,-0.0019042391443088794,2.1.0
uniform_operational,2,0,4672,2336.0,-0.0618558596262672,,2.1.0
uniform_operational,2,0,4673,2336.5,-0.0614756871792821,,2.1.0
uniform_operational,2,0,4674,2337.0,-0.06047051631868143,,2.1.0
uniform_operational,2,0,4675,2337.5,-0.06216968852778631,,2.1.0
uniform_operational,2,0,4676,2338.0,-0.06253067753202565,,2.1.0
uniform_operational,2,0,4677,2338.5,-0.061930807554731654,,2.1.0
uniform_operational,2,0,4678,2339.0,-0.06250492786145541,,2.1.0
uniform_operational,2,0,4679,2339.5,-0.0635197100769899,,2.1.0
uniform_operational,2,0,4680,2340.0,-0.06281329447437728,,2.1.0
uniform_operational,2,0,4681,2340.5,-0.06312398367886589,-0.0007551061402058731,2.1.0
uniform_operational,2,0,4682,2341.0,-0.06345356994957602,,2.1.0
uniform_operational,2,0,4683,2341.5,-0.06327449452242236,,2.1.0
uniform_operational,2,0,4684,2342.0,-0.06250179183959778,,2.1.0
uniform_operational,2,0,4685,2342.5,-0.06179922925174635,,2.1.0
uniform_operational,2,0,4686,2343.0,-0.06269352686712981,,2.1.0
uniform_operational,2,0,4687,2343.5,-0.0621058307275796,,2.1.0
uniform_operational,2,0,4688,2344.0,-0.06354943322133108,,2.1.0
uniform_operational,2,0,4689,2344.5,-0.06391066624512938,,2.1.0
uniform_operational,2,0,4690,2345.0,-0.06389452843508195,,2.1.0
uniform_operational,2,0,4691,2345.5,-0.06511670013842835,-0.001992716459562463,2.1.0
uniform_operational,2,0,4692,2346.0,-0.0648345471794331,,2.1.0
uniform_operational,2,0,4693,2346.5,-0.06514235951369943,,2.1.0
uniform_operational,2,0,4694,2347.0,-0.06232840472316135,,2.1.0
uniform_operational,2,0,4695,2347.5,-0.06453909227010954,,2.1.0
uniform_operational,2,0,4696,2348.0,-0.06576968128333095,,2.1.0
uniform_operational,2,0,4697,2348.5,-0.06564439032301297,,2.1.0
uniform_operational,2,0,4698,2349.0,-0.06514806395816139,,2.1.0
uniform_operational,2,0,4699,2349.5,-0.06549710431229487,,2.1.0
uniform_operational,2,0,4700,2350.0,-0.06562346524705424,,2.1.0
uniform_operational,2,0,4701,2350.5,-0.06423852315434403,0.0008781769840843223,2.1.0
uniform_operational,2,0,4702,2351.0,-0.06349483696109734,,2.1.0
uniform_operational,2,0,4703,2351.5,-0.06375465047494089,,2.1.0
uniform_operational,2,0,4704,2352.0,-0.06459891670942247,,2.1.0
uniform_operational,2,0,4705,2352.5,-0.06590317956646752,,2.1.0
uniform_operational,2,0,4706,2353.0,-0.06616483809032375,,2.1.0
uniform_operational,2,0,4707,2353.5,-0.0646350600801506,,2.1.0
uniform_operational,2,0,4708,2354.0,-0.06460658769369002,,2.1.0
uniform_operational,2,0,4709,2354.5,-0.06337218626562888,,2.1.0
uniform_operational,2,0,4710,2355.0,-0.06322888785392418,,2.1.0
uniform_operational,2,0,4711,2355.5,-0.06277729657833214,0.001461226576011887,2.1.0
uniform_operational,2,0,4712,2356.0,-0.06416640903944582,,2.1.0
uniform_operational,2,0,4713,2356.5,-0.06249587175257433,,2.1.0
uniform_operational,2,0,4714,2357.0,-0.06421634765367629,,2.1.0
uniform_operational,2,0,4715,2357.5,-0.06314330948989799,,2.1.0
uniform_operational,2,0,4716,2358.0,-0.06275106832888129,,2.1.0
uniform_operational,2,0,4717,2358.5,-0.061512861489068975,,2.1.0
uniform_operational,2,0,4718,2359.0,-0.06071619445587493,,2.1.0
uniform_operational,2,0,4719,2359.5,-0.059575243622461665,,2.1.0
uniform_operational,2,0,4720,2360.0,-0.058581430204499546,,2.1.0
uniform_operational,2,0,4721,2360.5,-0.060078560695360675,0.0026987358829714675,2.1.0
uniform_operational,2,0,4722,2361.0,-0.06191833766329743,,2.1.0
uniform_operational,2,0,4723,2361.5,-0.06149951865228013,,2.1.0
uniform_operational,2,0,4724,2362.0,-0.06228304517717443,,2.1.0
uniform_operational,2,0,4725,2362.5,-0.06265935004382438,,2.1.0
uniform_operational,2,0,4726,2363.0,-0.06282513542487234,,2.1.0
uniform_operational,2,0,4727,2363.5,-0.06314522043186976,,2.1.0
uniform_operational,2,0,4728,2364.0,-0.06286152686430904,,2.1.0
uniform_operational,2,0,4729,2364.5,-0.06389465566107566,,2.1.0
uniform_operational,2,0,4730,2365.0,-0.06476946286233334,,2.1.0
uniform_operational,2,0,4731,2365.5,-0.06430196265662227,-0.0042234019612616,2.1.0
uniform_operational,2,0,4732,2366.0,-0.06345478523078552,,2.1.0
uniform_operational,2,0,4733,2366.5,-0.06296479489071238,,2.1.0
uniform_operational,2,0,4734,2367.0,-0.06286950617118206,,2.1.0
uniform_operational,2,0,4735,2367.5,-0.062994875756291,,2.1.0
uniform_operational,2,0,4736,2368.0,-0.0629517725019465,,2.1.0
uniform_operational,2,0,4737,2368.5,-0.06502070671699478,,2.1.0
uniform_operational,2,0,4738,2369.0,-0.06506070897606944,,2.1.0
uniform_operational,2,0,4739,2369.5,-0.06571892967831208,,2.1.0
uniform_operational,2,0,4740,2370.0,-0.06514072033597555,,2.1.0
uniform_operational,2,0,4741,2370.5,-0.0672362411089403,-0.0029342784523180288,2.1.0
uniform_operational,2,0,4742,2371.0,-0.0674722232548031,,2.1.0
uniform_operational,2,0,4743,2371.5,-0.06904487118753545,,2.1.0
uniform_operational,2,0,4744,2372.0,-0.06759275969215928,,2.1.0
uniform_operational,2,0,4745,2372.5,-0.06829134371867387,,2.1.0
uniform_operational,2,0,4746,2373.0,-0.06726378996829682,,2.1.0
uniform_operational,2,0,4747,2373.5,-0.06685792440220835,,2.1.0
uniform_operational,2,0,4748,2374.0,-0.06556709756231463,,2.1.0
uniform_operational,2,0,4749,2374.5,-0.0655000853842408,,2.1.0
uniform_operational,2,0,4750,2375.0,-0.06429859275716793,,2.1.0
uniform_operational,2,0,4751,2375.5,-0.06362779833050226,0.0036084427784380396,2.1.0
uniform_operational,2,0,4752,2376.0,-0.06294441234246431,,2.1.0
uniform_operational,2,0,4753,2376.5,-0.062057549264626,,2.1.0
uniform_operational,2,0,4754,2377.0,-0.06172592745056607,,2.1.0
uniform_operational,2,0,4755,2377.5,-0.06089194902326198,,2.1.0
uniform_operational,2,0,4756,2378.0,-0.06102812655004375,,2.1.0
uniform_operational,2,0,4757,2378.5,-0.06151039785296247,,2.1.0
uniform_operational,2,0,4758,2379.0,-0.06249137513380652,,2.1.0
uniform_operational,2,0,4759,2379.5,-0.06161850367894026,,2.1.0
uniform_operational,2,0,4760,2380.0,-0.0610254765963671,,2.1.0
uniform_operational,2,0,4761,2380.5,-0.05854534763130134,0.005082450699200922,2.1.0
uniform_operational,2,0,4762,2381.0,-0.058542586213176706,,2.1.0
uniform_operational,2,0,4763,2381.5,-0.0594176128427309,,2.1.0
uniform_operational,2,0,4764,2382.0,-0.05992914968733734,,2.1.0
uniform_operational,2,0,4765,2382.5,-0.05976453298104114,,2.1.0
uniform_operational,2,0,4766,2383.0,-0.05892976699228581,,2.1.0
uniform_operational,2,0,4767,2383.5,-0.05955651072714089,,2.1.0
uniform_operational,2,0,4768,2384.0,-0.0572976801338889,,2.1.0
uniform_operational,2,0,4769,2384.5,-0.05909122375083078,,2.1.0
uniform_operational,2,0,4770,2385.0,-0.05899636985638124,,2.1.0
uniform_operational,2,0,4771,2385.5,-0.05889251779798564,-0.0003471701666842991,2.1.0
uniform_operational,2,0,4772,2386.0,-0.06083693666613482,,2.1.0
uniform_operational,2,0,4773,2386.5,-0.06089221925935688,,2.1.0
uniform_operational,2,0,4774,2387.0,-0.06093034292794552,,2.1.0
uniform_operational,2,0,4775,2387.5,-0.061090262124810904,,2.1.0
uniform_operational,2,0,4776,2388.0,-0.05975282498096566,,2.1.0
uniform_operational,2,0,4777,2388.5,-0.06161234489979887,,2.1.0
uniform_operational,2,0,4778,2389.0,-0.06084975479847627,,2.1.0
uniform_operational,2,0,4779,2389.5,-0.05909226816041826,,2.1.0
uniform_operational,2,0,4780,2390.0,-0.06010003879426008,,2.1.0
uniform_operational,2,0,4781,2390.5,-0.06017254435163208,-0.0012800265536464378,2.1.0
uniform_operational,2,0,4782,2391.0,-0.06165737327829055,,2.1.0
uniform_operational,2,0,4783,2391.5,-0.06150970406673177,,2.1.0
uniform_operational,2,0,4784,2392.0,-0.06306686750700535,,2.1.0
uniform_operational,2,0,4785,2392.5,-0.06164191426525757,,2.1.0
uniform_operational,2,0,4786,2393.0,-0.06239006873746521,,2.1.0
uniform_operational,2,0,4787,2393.5,-0.06244484446689758,,2.1.0
uniform_operational,2,0,4788,2394.0,-0.06020095729180029,,2.1.0
uniform_operational,2,0,4789,2394.5,-0.06158676385981371,,2.1.0
uniform_operational,2,0,4790,2395.0,-0.06177566321213287,,2.1.0
uniform_operational,2,0,4791,2395.5,-0.06127388502946613,-0.001101340677834052,2.1.0
uniform_operational,2,0,4792,2396.0,-0.06175718720930859,,2.1.0
uniform_operational,2,0,4793,2396.5,-0.0609666348462921,,2.1.0
uniform_operational,2,0,4794,2397.0,-0.05999168443353658,,2.1.0
uniform_operational,2,0,4795,2397.5,-0.060455398012085146,,2.1.0
uniform_operational,2,0,4796,2398.0,-0.06043942104535801,,2.1.0
uniform_operational,2,0,4797,2398.5,-0.061417485196647914,,2.1.0
uniform_operational,2,0,4798,2399.0,-0.06153256133394242,,2.1.0
uniform_operational,2,0,4799,2399.5,-0.06259756972862487,,2.1.0
uniform_operational,2,0,4800,2400.0,-0.06244534837486151,,2.1.0
uniform_operational,2,0,4801,2400.5,-0.06252948238237684,-0.0012555973529107048,2.1.0
uniform_operational,2,0,4802,2401.0,-0.06414209200800638,,2.1.0
uniform_operational,2,0,4803,2401.5,-0.06258594048296111,,2.1.0
uniform_operational,2,0,4804,2402.0,-0.06281884745048084,,2.1.0
uniform_operational,2,0,4805,2402.5,-0.06080460143713824,,2.1.0
uniform_operational,2,0,4806,2403.0,-0.06081482630497085,,2.1.0
uniform_operational,2,0,4807,2403.5,-0.060158993565065016,,2.1.0
uniform_operational,2,0,4808,2404.0,-0.06008324810556798,,2.1.0
uniform_operational,2,0,4809,2404.5,-0.05998903838825114,,2.1.0
uniform_operational,2,0,4810,2405.0,-0.05961376588728737,,2.1.0
uniform_operational,2,0,4811,2405.5,-0.05985508115242395,0.002674401229952883,2.1.0
uniform_operational,2,0,4812,2406.0,-0.06043317790010351,,2.1.0
uniform_operational,2,0,4813,2406.5,-0.061379718794243726,,2.1.0
uniform_operational,2,0,4814,2407.0,-0.0607712752454778,,2.1.0
uniform_operational,2,0,4815,2407.5,-0.05967087046857585,,2.1.0
uniform_operational,2,0,4816,2408.0,-0.060456666063539236,,2.1.0
uniform_operational,2,0,4817,2408.5,-0.06117128664340067,,2.1.0
uniform_operational,2,0,4818,2409.0,-0.06206288461871811,,2.1.0
uniform_operational,2,0,4819,2409.5,-0.06249579723404397,,2.1.0
uniform_operational,2,0,4820,2410.0,-0.06162761811527186,,2.1.0
uniform_operational,2,0,4821,2410.5,-0.06229428233417084,-0.0024392011817468903,2.1.0
uniform_operational,2,0,4822,2411.0,-0.06312448684926665,,2.1.0
uniform_operational,2,0,4823,2411.5,-0.06426640646959474,,2.1.0
uniform_operational,2,0,4824,2412.0,-0.06371876300366269,,2.1.0
uniform_operational,2,0,4825,2412.5,-0.06466905946756937,,2.1.0
uniform_operational,2,0,4826,2413.0,-0.06513335273603044,,2.1.0
uniform_operational,2,0,4827,2413.5,-0.06555501225078131,,2.1.0
uniform_operational,2,0,4828,2414.0,-0.06543969053453919,,2.1.0
uniform_operational,2,0,4829,2414.5,-0.06364554199839983,,2.1.0
uniform_operational,2,0,4830,2415.0,-0.06271228765220774,,2.1.0
uniform_operational,2,0,4831,2415.5,-0.06198020486611748,0.00031407746805336284,2.1.0
uniform_operational,2,0,4832,2416.0,-0.06080151294636561,,2.1.0
uniform_operational,2,0,4833,2416.5,-0.06046045010661834,,2.1.0
uniform_operational,2,0,4834,2417.0,-0.06040867734185053,,2.1.0
uniform_operational,2,0,4835,2417.5,-0.060513562075889656,,2.1.0
uniform_operational,2,0,4836,2418.0,-0.06016313754971229,,2.1.0
uniform_operational,2,0,4837,2418.5,-0.06219789492852368,,2.1.0
uniform_operational,2,0,4838,2419.0,-0.06285663251852933,,2.1.0
uniform_operational,2,0,4839,2419.5,-0.06398954256708146,,2.1.0
uniform_operational,2,0,4840,2420.0,-0.065042814313889,,2.1.0
uniform_operational,2,0,4841,2420.5,-0.06373831541318248,-0.0017581105470649977,2.1.0
uniform_operational,2,0,4842,2421.0,-0.06373289152296266,,2.1.0
uniform_operational,2,0,4843,2421.5,-0.06399851449930014,,2.1.0
uniform_operational,2,0,4844,2422.0,-0.06328038493631391,,2.1.0
uniform_operational,2,0,4845,2422.5,-0.06448642066608302,,2.1.0
uniform_operational,2,0,4846,2423.0,-0.06547657800349828,,2.1.0
uniform_operational,2,0,4847,2423.5,-0.06633802447527049,,2.1.0
uniform_operational,2,0,4848,2424.0,-0.066886814509577,,2.1.0
uniform_operational,2,0,4849,2424.5,-0.0690242706166631,,2.1.0
uniform_operational,2,0,4850,2425.0,-0.06786318098595596,,2.1.0
uniform_operational,2,0,4851,2425.5,-0.06878962882729649,-0.005051313414114009,2.1.0
uniform_operational,2,0,4852,2426.0,-0.06804602308891072,,2.1.0
uniform_operational,2,0,4853,2426.5,-0.06812488918106459,,2.1.0
uniform_operational,2,0,4854,2427.0,-0.06715138726311538,,2.1.0
uniform_operational,2,0,4855,2427.5,-0.06559059605626068,,2.1.0
uniform_operational,2,0,4856,2428.0,-0.06549263517912968,,2.1.0
uniform_operational,2,0,4857,2428.5,-0.06583428676648886,,2.1.0
uniform_operational,2,0,4858,2429.0,-0.06533803434752218,,2.1.0
uniform_operational,2,0,4859,2429.5,-0.0654188026272341,,2.1.0
uniform_operational,2,0,4860,2430.0,-0.06513151609149243,,2.1.0
uniform_operational,2,0,4861,2430.5,-0.06577157130310846,0.003018057524188031,2.1.0
uniform_operational,2,0,4862,2431.0,-0.06502685619960526,,2.1.0
uniform_operational,2,0,4863,2431.5,-0.06417607219410487,,2.1.0
uniform_operational,2,0,4864,2432.0,-0.06378264449237914,,2.1.0
uniform_operational,2,0,4865,2432.5,-0.06387298485667078,,2.1.0
uniform_operational,2,0,4866,2433.0,-0.0620622173694562,,2.1.0
uniform_operational,2,0,4867,2433.5,-0.0636928442750977,,2.1.0
uniform_operational,2,0,4868,2434.0,-0.06429198821569154,,2.1.0
uniform_operational,2,0,4869,2434.5,-0.06345630201762008,,2.1.0
uniform_operational,2,0,4870,2435.0,-0.06147933673895828,,2.1.0
uniform_operational,2,0,4871,2435.5,-0.06072462850504173,0.0050469427980667225,2.1.0
uniform_operational,2,0,4872,2436.0,-0.059325549767140356,,2.1.0
uniform_operational,2,0,4873,2436.5,-0.060524834082529504,,2.1.0
uniform_operational,2,0,4874,2437.0,-0.06033739124220643,,2.1.0
uniform_operational,2,0,4875,2437.5,-0.060727206770238615,,2.1.0
uniform_operational,2,0,4876,2438.0,-0.05984727229371943,,2.1.0
uniform_operational,2,0,4877,2438.5,-0.05964950360299998,,2.1.0
uniform_operational,2,0,4878,2439.0,-0.05870141387983111,,2.1.0
uniform_operational,2,0,4879,2439.5,-0.05890100603689949,,2.1.0
uniform_operational,2,0,4880,2440.0,-0.05909479617860356,,2.1.0
uniform_operational,2,0,4881,2440.5,-0.05622315264312524,0.004501475861916494,2.1.0
uniform_operational,2,0,4882,2441.0,-0.05810227237151796,,2.1.0
uniform_operational,2,0,4883,2441.5,-0.058982770272969325,,2.1.0
uniform_operational,2,0,4884,2442.0,-0.05762969696131703,,2.1.0
uniform_operational,2,0,4885,2442.5,-0.05756243120443397,,2.1.0
uniform_operational,2,0,4886,2443.0,-0.05643932606175423,,2.1.0
uniform_operational,2,0,4887,2443.5,-0.056940887046654905,,2.1.0
uniform_operational,2,0,4888,2444.0,-0.056588220288746424,,2.1.0
uniform_operational,2,0,4889,2444.5,-0.056961222795421505,,2.1.0
uniform_operational,2,0,4890,2445.0,-0.05773903290000081,,2.1.0
uniform_operational,2,0,4891,2445.5,-0.05848840062158415,-0.002265247978458909,2.1.0
uniform_operational,2,0,4892,2446.0,-0.05819638010434078,,2.1.0
uniform_operational,2,0,4893,2446.5,-0.05678596836455792,,2.1.0
uniform_operational,2,0,4894,2447.0,-0.057153728900808665,,2.1.0
uniform_operational,2,0,4895,2447.5,-0.0579971731862067,,2.1.0
uniform_operational,2,0,4896,2448.0,-0.06042035851106816,,2.1.0
uniform_operational,2,0,4897,2448.5,-0.05989485988244903,,2.1.0
uniform_operational,2,0,4898,2449.0,-0.05990544837825022,,2.1.0
uniform_operational,2,0,4899,2449.5,-0.05918354266178639,,2.1.0
uniform_operational,2,0,4900,2450.0,-0.059789996702057736,,2.1.0
uniform_operational,2,0,4901,2450.5,-0.060699901056683374,-0.0022115004350992257,2.1.0
uniform_operational,2,0,4902,2451.0,-0.05776942374465132,,2.1.0
uniform_operational,2,0,4903,2451.5,-0.057704457084753365,,2.1.0
uniform_operational,2,0,4904,2452.0,-0.05877361202266666,,2.1.0
uniform_operational,2,0,4905,2452.5,-0.05841377907424182,,2.1.0
uniform_operational,2,0,4906,2453.0,-0.0601873601069657,,2.1.0
uniform_operational,2,0,4907,2453.5,-0.060044028264702703,,2.1.0
uniform_operational,2,0,4908,2454.0,-0.060909413919887315,,2.1.0
uniform_operational,2,0,4909,2454.5,-0.06137814724298968,,2.1.0
uniform_operational,2,0,4910,2455.0,-0.06175971038987369,,2.1.0
uniform_operational,2,0,4911,2455.5,-0.06190254217749391,-0.0012026411208105395,2.1.0
uniform_operational,2,0,4912,2456.0,-0.06160882545602154,,2.1.0
uniform_operational,2,0,4913,2456.5,-0.0612541663514383,,2.1.0
uniform_operational,2,0,4914,2457.0,-0.06219683764852495,,2.1.0
uniform_operational,2,0,4915,2457.5,-0.061378911207152206,,2.1.0
uniform_operational,2,0,4916,2458.0,-0.06194093229333485,,2.1.0
uniform_operational,2,0,4917,2458.5,-0.06341712257031784,,2.1.0
uniform_operational,2,0,4918,2459.0,-0.0648402170055879,,2.1.0
uniform_operational,2,0,4919,2459.5,-0.06319893038075736,,2.1.0
uniform_operational,2,0,4920,2460.0,-0.06234216416156688,,2.1.0
uniform_operational,2,0,4921,2460.5,-0.06402107350014699,-0.0021185313226530778,2.1.0
uniform_operational,2,0,4922,2461.0,-0.06380262923804203,,2.1.0
uniform_operational,2,0,4923,2461.5,-0.0626576792476066,,2.1.0
uniform_operational,2,0,4924,2462.0,-0.06296777609382109,,2.1.0
uniform_operational,2,0,4925,2462.5,-0.06406538617260962,,2.1.0
uniform_operational,2,0,4926,2463.0,-0.06484175391706888,,2.1.0
uniform_operational,2,0,4927,2463.5,-0.0640809631145218,,2.1.0
uniform_operational,2,0,4928,2464.0,-0.0649726190110328,,2.1.0
uniform_operational,2,0,4929,2464.5,-0.06597914298153347,,2.1.0
uniform_operational,2,0,4930,2465.0,-0.06473846019954281,,2.1.0
uniform_operational,2,0,4931,2465.5,-0.06590154704216698,-0.001880473542019992,2.1.0
uniform_operational,2,0,4932,2466.0,-0.06686585609228293,,2.1.0
uniform_operational,2,0,4933,2466.5,-0.06694580388951024,,2.1.0
uniform_operational,2,0,4934,2467.0,-0.06805398734567213,,2.1.0
uniform_operational,2,0,4935,2467.5,-0.06745468957803251,,2.1.0
uniform_operational,2,0,4936,2468.0,-0.06807670309724684,,2.1.0
uniform_operational,2,0,4937,2468.5,-0.0670512699242734,,2.1.0
uniform_operational,2,0,4938,2469.0,-0.0685630505161123,,2.1.0
uniform_operational,2,0,4939,2469.5,-0.06932269886811696,,2.1.0
uniform_operational,2,0,4940,2470.0,-0.06784489291054906,,2.1.0
uniform_operational,2,0,4941,2470.5,-0.06855566360348403,-0.0026541165613170464,2.1.0
uniform_operational,2,0,4942,2471.0,-0.06903305902113924,,2.1.0
uniform_operational,2,0,4943,2471.5,-0.06799532587844087,,2.1.0
uniform_operational,2,0,4944,2472.0,-0.06699344446670337,,2.1.0
uniform_operational,2,0,4945,2472.5,-0.0657332786013218,,2.1.0
uniform_operational,2,0,4946,2473.0,-0.06443522219515432,,2.1.0
uniform_operational,2,0,4947,2473.5,-0.0637282711927495,,2.1.0
uniform_operational,2,0,4948,2474.0,-0.06227945727243767,,2.1.0
uniform_operational,2,0,4949,2474.5,-0.06171602034623562,,2.1.0
uniform_operational,2,0,4950,2475.0,-0.061496670814574286,,2.1.0
uniform_operational,2,0,4951,2475.5,-0.06203267143030109,0.0065229921731829385,2.1.0
uniform_operational,2,0,4952,2476.0,-0.06205589515511215,,2.1.0
uniform_operational,2,0,4953,2476.5,-0.06168469494475199,,2.1.0
uniform_operational,2,0,4954,2477.0,-0.06206192940747404,,2.1.0
uniform_operational,2,0,4955,2477.5,-0.06293674747801209,,2.1.0
uniform_operational,2,0,4956,2478.0,-0.06302654440656502,,2.1.0
uniform_operational,2,0,4957,2478.5,-0.06288775666983268,,2.1.0
uniform_operational,2,0,4958,2479.0,-0.0631967202448904,,2.1.0
uniform_operational,2,0,4959,2479.5,-0.06256155334582303,,2.1.0
uniform_operational,2,0,4960,2480.0,-0.06146381169500107,,2.1.0
uniform_operational,2,0,4961,2480.5,-0.061668972901948414,0.0003636985283526767,2.1.0
uniform_operational,2,0,4962,2481.0,-0.06083859432931012,,2.1.0
uniform_operational,2,0,4963,2481.5,-0.06049538486236777,,2.1.0
uniform_operational,2,0,4964,2482.0,-0.06277086143033091,,2.1.0
uniform_operational,2,0,4965,2482.5,-0.06120278235221361,,2.1.0
uniform_operational,2,0,4966,2483.0,-0.06044765381742588,,2.1.0
uniform_operational,2,0,4967,2483.5,-0.06049221741230831,,2.1.0
uniform_operational,2,0,4968,2484.0,-0.06004615968125656,,2.1.0
uniform_operational,2,0,4969,2484.5,-0.05953164151531855,,2.1.0
uniform_operational,2,0,4970,2485.0,-0.05896520381865679,,2.1.0
uniform_operational,2,0,4971,2485.5,-0.05903631747661467,0.002632655425333745,2.1.0
uniform_operational,2,0,4972,2486.0,-0.05959162840144475,,2.1.0
uniform_operational,2,0,4973,2486.5,-0.06152349915721215,,2.1.0
uniform_operational,2,0,4974,2487.0,-0.059988959865964066,,2.1.0
uniform_operational,2,0,4975,2487.5,-0.05987986425912101,,2.1.0
uniform_operational,2,0,4976,2488.0,-0.05972523889683226,,2.1.0
uniform_operational,2,0,4977,2488.5,-0.061073243519819805,,2.1.0
uniform_operational,2,0,4978,2489.0,-0.0599474540866615,,2.1.0
uniform_operational,2,0,4979,2489.5,-0.06036753597495955,,2.1.0
uniform_operational,2,0,4980,2490.0,-0.05982648106232566,,2.1.0
uniform_operational,2,0,4981,2490.5,-0.058470592683794106,0.0005657247928205628,2.1.0
uniform_operational,2,0,4982,2491.0,-0.05794514297668792,,2.1.0
uniform_operational,2,0,4983,2491.5,-0.058045239524874864,,2.1.0
uniform_operational,2,0,4984,2492.0,-0.05996409798284895,,2.1.0
uniform_operational,2,0,4985,2492.5,-0.06011438386865337,,2.1.0
uniform_operational,2,0,4986,2493.0,-0.058141114603161514,,2.1.0
uniform_operational,2,0,4987,2493.5,-0.057227247387672535,,2.1.0
uniform_operational,2,0,4988,2494.0,-0.056239686275403294,,2.1.0
uniform_operational,2,0,4989,2494.5,-0.053401652089756634,,2.1.0
uniform_operational,2,0,4990,2495.0,-0.05314918656685828,,2.1.0
uniform_operational,2,0,4991,2495.5,-0.05239920977690135,0.0060713829068927555,2.1.0
uniform_operational,2,0,4992,2496.0,-0.05501019629203563,,2.1.0
uniform_operational,2,0,4993,2496.5,-0.05288858460257764,,2.1.0
uniform_operational,2,0,4994,2497.0,-0.05622043084528317,,2.1.0
uniform_operational,2,0,4995,2497.5,-0.05551542575484372,,2.1.0
uniform_operational,2,0,4996,2498.0,-0.05597090036262204,,2.1.0
uniform_operational,2,0,4997,2498.5,-0.05649974225023202,,2.1.0
uniform_operational,2,0,4998,2499.0,-0.05601882439733629,,2.1.0
uniform_operational,2,0,4999,2499.5,-0.05667051982353672,,2.1.0
uniform_operational,2,0,5000,2500.0,-0.05757133429903882,,2.1.0
uniform_operational,2,0,5001,2500.5,-0.05770449643143321,-0.005305286654531859,2.1.0
uniform_operational,2,0,5002,2501.0,-0.057755892698435146,,2.1.0
uniform_operational,2,0,5003,2501.5,-0.056697837256894534,,2.1.0
uniform_operational,2,0,5004,2502.0,-0.05795698269975208,,2.1.0
uniform_operational,2,0,5005,2502.5,-0.0567218899367874,,2.1.0
uniform_operational,2,0,5006,2503.0,-0.056478314729006614,,2.1.0
uniform_operational,2,0,5007,2503.5,-0.05635021005286955,,2.1.0
uniform_operational,2,0,5008,2504.0,-0.0544218324967164,,2.1.0
uniform_operational,2,0,5009,2504.5,-0.05336474400541377,,2.1.0
uniform_operational,2,0,5010,2505.0,-0.05208279595209677,,2.1.0
uniform_operational,2,0,5011,2505.5,-0.051726116337877506,0.005978380093555703,2.1.0
uniform_operational,2,0,5012,2506.0,-0.052669952833447796,,2.1.0
uniform_operational,2,0,5013,2506.5,-0.052944044959740325,,2.1.0
uniform_operational,2,0,5014,2507.0,-0.05325123663303403,,2.1.0
uniform_operational,2,0,5015,2507.5,-0.05393804610483898,,2.1.0
uniform_operational,2,0,5016,2508.0,-0.055450047280858374,,2.1.0
uniform_operational,2,0,5017,2508.5,-0.055671847447443454,,2.1.0
uniform_operational,2,0,5018,2509.0,-0.055882111813409234,,2.1.0
uniform_operational,2,0,5019,2509.5,-0.05672029052681914,,2.1.0
uniform_operational,2,0,5020,2510.0,-0.057404198401121875,,2.1.0
uniform_operational,2,0,5021,2510.5,-0.05740609325762209,-0.005679976919744582,2.1.0
uniform_operational,2,0,5022,2511.0,-0.057748179602594485,,2.1.0
uniform_operational,2,0,5023,2511.5,-0.05840945772804013,,2.1.0
uniform_operational,2,0,5024,2512.0,-0.05825733948406762,,2.1.0
uniform_operational,2,0,5025,2512.5,-0.05749056997959657,,2.1.0
uniform_operational,2,0,5026,2513.0,-0.05773532308052856,,2.1.0
uniform_operational,2,0,5027,2513.5,-0.058143889035913866,,2.1.0
uniform_operational,2,0,5028,2514.0,-0.059758809177290456,,2.1.0
uniform_operational,2,0,5029,2514.5,-0.05945721025475182,,2.1.0
uniform_operational,2,0,5030,2515.0,-0.05805077537690654,,2.1.0
uniform_operational,2,0,5031,2515.5,-0.05798220817411587,-0.0005761149164937793,2.1.0
uniform_operational,2,0,5032,2516.0,-0.05922416372388144,,2.1.0
uniform_operational,2,0,5033,2516.5,-0.058160322554649695,,2.1.0
uniform_operational,2,0,5034,2517.0,-0.05760639426052218,,2.1.0
uniform_operational,2,0,5035,2517.5,-0.05859973946426701,,2.1.0
uniform_operational,2,0,5036,2518.0,-0.05974890662125844,,2.1.0
uniform_operational,2,0,5037,2518.5,-0.05869249351241501,,2.1.0
uniform_operational,2,0,5038,2519.0,-0.05875123987194169,,2.1.0
uniform_operational,2,0,5039,2519.5,-0.05889057251578947,,2.1.0
uniform_operational,2,0,5040,2520.0,-0.06063968801315678,,2.1.0
uniform_operational,2,0,5041,2520.5,-0.06057824808512025,-0.0025960399110043844,2.1.0
uniform_operational,2,0,5042,2521.0,-0.06092245334013382,,2.1.0
uniform_operational,2,0,5043,2521.5,-0.06183238126773926,,2.1.0
uniform_operational,2,0,5044,2522.0,-0.06174142657351132,,2.1.0
uniform_operational,2,0,5045,2522.5,-0.06210722505117769,,2.1.0
uniform_operational,2,0,5046,2523.0,-0.06183906880539368,,2.1.0
uniform_operational,2,0,5047,2523.5,-0.06161241237030382,,2.1.0
uniform_operational,2,0,5048,2524.0,-0.06131898303147192,,2.1.0
uniform_operational,2,0,5049,2524.5,-0.06146016192054924,,2.1.0
uniform_operational,2,0,5050,2525.0,-0.06264599407971541,,2.1.0
uniform_operational,2,0,5051,2525.5,-0.06127429098372223,-0.0006960428986019784,2.1.0
uniform_operational,2,0,5052,2526.0,-0.06071260471475852,,2.1.0
uniform_operational,2,0,5053,2526.5,-0.06148380256775751,,2.1.0
uniform_operational,2,0,5054,2527.0,-0.0624061181522956,,2.1.0
uniform_operational,2,0,5055,2527.5,-0.061627313874279645,,2.1.0
uniform_operational,2,0,5056,2528.0,-0.06137795799323878,,2.1.0
uniform_operational,2,0,5057,2528.5,-0.06217479094399005,,2.1.0
uniform_operational,2,0,5058,2529.0,-0.06123351702478593,,2.1.0
uniform_operational,2,0,5059,2529.5,-0.062225839768755266,,2.1.0
uniform_operational,2,0,5060,2530.0,-0.06070298102349053,,2.1.0
uniform_operational,2,0,5061,2530.5,-0.05926703489158315,0.00200725609213908,2.1.0
uniform_operational,2,0,5062,2531.0,-0.059593589797589844,,2.1.0
uniform_operational,2,0,5063,2531.5,-0.0597157470553122,,2.1.0
uniform_operational,2,0,5064,2532.0,-0.05952996107874707,,2.1.0
uniform_operational,2,0,5065,2532.5,-0.05894600960724667,,2.1.0
uniform_operational,2,0,5066,2533.0,-0.06027162986013672,,2.1.0
uniform_operational,2,0,5067,2533.5,-0.06114969446653533,,2.1.0
uniform_operational,2,0,5068,2534.0,-0.06313518343227453,,2.1.0
uniform_operational,2,0,5069,2534.5,-0.06240747067841134,,2.1.0
uniform_operational,2,0,5070,2535.0,-0.0654923207030953,,2.1.0
uniform_operational,2,0,5071,2535.5,-0.0653367497108105,-0.006069714819227343,2.1.0
uniform_operational,2,0,5072,2536.0,-0.0663485740841196,,2.1.0
uniform_operational,2,0,5073,2536.5,-0.06686949522157881,,2.1.0
uniform_operational,2,0,5074,2537.0,-0.06536088651480498,,2.1.0
uniform_operational,2,0,5075,2537.5,-0.0641678392808419,,2.1.0
uniform_operational,2,0,5076,2538.0,-0.06395207943050174,,2.1.0
uniform_operational,2,0,5077,2538.5,-0.06165660273913432,,2.1.0
uniform_operational,2,0,5078,2539.0,-0.06094612247125706,,2.1.0
uniform_operational,2,0,5079,2539.5,-0.06197581330954473,,2.1.0
uniform_operational,2,0,5080,2540.0,-0.062272744462883056,,2.1.0
uniform_operational,2,0,5081,2540.5,-0.06046563208745914,0.004871117623351351,2.1.0
uniform_operational,2,0,5082,2541.0,-0.06262584050176657,,2.1.0
uniform_operational,2,0,5083,2541.5,-0.0622848796767891,,2.1.0
uniform_operational,2,0,5084,2542.0,-0.06185987289835522,,2.1.0
uniform_operational,2,0,5085,2542.5,-0.0634609429662255,,2.1.0
uniform_operational,2,0,5086,2543.0,-0.06340613606084489,,2.1.0
uniform_operational,2,0,5087,2543.5,-0.06273053762947212,,2.1.0
uniform_operational,2,0,5088,2544.0,-0.06387383159141509,,2.1.0
uniform_operational,2,0,5089,2544.5,-0.06201495980885344,,2.1.0
uniform_operational,2,0,5090,2545.0,-0.062336325733562375,,2.1.0
uniform_operational,2,0,5091,2545.5,-0.06155475329786378,-0.0010891212104046366,2.1.0
uniform_operational,2,0,5092,2546.0,-0.062306802300236254,,2.1.0
uniform_operational,2,0,5093,2546.5,-0.06320194257011474,,2.1.0
uniform_operational,2,0,5094,2547.0,-0.06208160056437025,,2.1.0
uniform_operational,2,0,5095,2547.5,-0.06454290550639569,,2.1.0
uniform_operational,2,0,5096,2548.0,-0.06569142453459502,,2.1.0
uniform_operational,2,0,5097,2548.5,-0.06544587987403819,,2.1.0
uniform_operational,2,0,5098,2549.0,-0.06702709878812929,,2.1.0
uniform_operational,2,0,5099,2549.5,-0.066283795990323,,2.1.0
uniform_operational,2,0,5100,2550.0,-0.06704122751780175,,2.1.0
uniform_operational,2,0,5101,2550.5,-0.06760843806240523,-0.006053684764541448,2.1.0
uniform_operational,2,0,5102,2551.0,-0.06678187305981734,,2.1.0
uniform_operational,2,0,5103,2551.5,-0.06503424135113192,,2.1.0
uniform_operational,2,0,5104,2552.0,-0.0659064081255681,,2.1.0
uniform_operational,2,0,5105,2552.5,-0.06649384311630606,,2.1.0
uniform_operational,2,0,5106,2553.0,-0.06783135471040892,,2.1.0
uniform_operational,2,0,5107,2553.5,-0.06858785534070108,,2.1.0
uniform_operational,2,0,5108,2554.0,-0.06904623784517855,,2.1.0
uniform_operational,2,0,5109,2554.5,-0.06932990038579478,,2.1.0
uniform_operational,2,0,5110,2555.0,-0.0683423642269653,,2.1.0
uniform_operational,2,0,5111,2555.5,-0.06766566154689638,-5.722348449115067e-05,2.1.0
uniform_operational,2,0,5112,2556.0,-0.06628797196754951,,2.1.0
uniform_operational,2,0,5113,2556.5,-0.06650810117066643,,2.1.0
uniform_operational,2,0,5114,2557.0,-0.06550445829352877,,2.1.0
uniform_operational,2,0,5115,2557.5,-0.06595045679284794,,2.1.0
uniform_operational,2,0,5116,2558.0,-0.06605111829263072,,2.1.0
uniform_operational,2,0,5117,2558.5,-0.06698774046239575,,2.1.0
uniform_operational,2,0,5118,2559.0,-0.06697194562975364,,2.1.0
uniform_operational,2,0,5119,2559.5,-0.065674044369713,,2.1.0
uniform_operational,2,0,5120,2560.0,-0.06456422208017118,,2.1.0
uniform_operational,2,0,5121,2560.5,-0.0655884183073788,0.002077243239517579,2.1.0
uniform_operational,2,0,5122,2561.0,-0.06541361017396305,,2.1.0
uniform_operational,2,0,5123,2561.5,-0.0647784875271225,,2.1.0
uniform_operational,2,0,5124,2562.0,-0.06632356455449369,,2.1.0
uniform_operational,2,0,5125,2562.5,-0.06626943464636013,,2.1.0
uniform_operational,2,0,5126,2563.0,-0.06781188193559144,,2.1.0
uniform_operational,2,0,5127,2563.5,-0.06785968728408462,,2.1.0
uniform_operational,2,0,5128,2564.0,-0.06853257761186049,,2.1.0
uniform_operational,2,0,5129,2564.5,-0.07037611125470174,,2.1.0
uniform_operational,2,0,5130,2565.0,-0.0698690157380551,,2.1.0
uniform_operational,2,0,5131,2565.5,-0.06947896026398791,-0.0038905419566091087,2.1.0
uniform_operational,2,0,5132,2566.0,-0.0698238106924191,,2.1.0
uniform_operational,2,0,5133,2566.5,-0.06905903227779059,,2.1.0
uniform_operational,2,0,5134,2567.0,-0.070029875401696,,2.1.0
uniform_operational,2,0,5135,2567.5,-0.06809317081486303,,2.1.0
uniform_operational,2,0,5136,2568.0,-0.0681954246537286,,2.1.0
uniform_operational,2,0,5137,2568.5,-0.07023763573551892,,2.1.0
uniform_operational,2,0,5138,2569.0,-0.0717607061446762,,2.1.0
uniform_operational,2,0,5139,2569.5,-0.07004097887674657,,2.1.0
uniform_operational,2,0,5140,2570.0,-0.07059394415499665,,2.1.0
uniform_operational,2,0,5141,2570.5,-0.07148699370447392,-0.002008033440486015,2.1.0
uniform_operational,2,0,5142,2571.0,-0.07094621874768474,,2.1.0
uniform_operational,2,0,5143,2571.5,-0.06870711865571416,,2.1.0
uniform_operational,2,0,5144,2572.0,-0.0681981663315227,,2.1.0
uniform_operational,2,0,5145,2572.5,-0.06723812928562119,,2.1.0
uniform_operational,2,0,5146,2573.0,-0.0666870012860954,,2.1.0
uniform_operational,2,0,5147,2573.5,-0.06748109794157811,,2.1.0
uniform_operational,2,0,5148,2574.0,-0.06626716545250927,,2.1.0
uniform_operational,2,0,5149,2574.5,-0.06774478004565623,,2.1.0
uniform_operational,2,0,5150,2575.0,-0.06685387117308092,,2.1.0
uniform_operational,2,0,5151,2575.5,-0.06717177124512749,0.0043152224593464295,2.1.0
uniform_operational,2,0,5152,2576.0,-0.06910075351662281,,2.1.0
uniform_operational,2,0,5153,2576.5,-0.06920318522094965,,2.1.0
uniform_operational,2,0,5154,2577.0,-0.06758472560605683,,2.1.0
uniform_operational,2,0,5155,2577.5,-0.06792140068462019,,2.1.0
uniform_operational,2,0,5156,2578.0,-0.06709145833766086,,2.1.0
uniform_operational,2,0,5157,2578.5,-0.06573423344192625,,2.1.0
uniform_operational,2,0,5158,2579.0,-0.06499201756270137,,2.1.0
uniform_operational,2,0,5159,2579.5,-0.06467507103934933,,2.1.0
uniform_operational,2,0,5160,2580.0,-0.06662503336260074,,2.1.0
uniform_operational,2,0,5161,2580.5,-0.0668260155459785,0.00034575569914899185,2.1.0
uniform_operational,2,0,5162,2581.0,-0.0677028483525424,,2.1.0
uniform_operational,2,0,5163,2581.5,-0.06767158138311935,,2.1.0
uniform_operational,2,0,5164,2582.0,-0.06954014467317082,,2.1.0
uniform_operational,2,0,5165,2582.5,-0.06816014066279602,,2.1.0
uniform_operational,2,0,5166,2583.0,-0.06857738890958139,,2.1.0
uniform_operational,2,0,5167,2583.5,-0.06991705655748864,,2.1.0
uniform_operational,2,0,5168,2584.0,-0.07009190400114595,,2.1.0
uniform_operational,2,0,5169,2584.5,-0.07200347841647413,,2.1.0
uniform_operational,2,0,5170,2585.0,-0.0731054068814119,,2.1.0
uniform_operational,2,0,5171,2585.5,-0.07415250483854728,-0.00732648929256878,2.1.0
uniform_operational,2,0,5172,2586.0,-0.07463280546778622,,2.1.0
uniform_operational,2,0,5173,2586.5,-0.0740112329457968,,2.1.0
uniform_operational,2,0,5174,2587.0,-0.07240872247235566,,2.1.0
uniform_operational,2,0,5175,2587.5,-0.07174119751316077,,2.1.0
uniform_operational,2,0,5176,2588.0,-0.07220606908471044,,2.1.0
uniform_operational,2,0,5177,2588.5,-0.0697488276300625,,2.1.0
uniform_operational,2,0,5178,2589.0,-0.07088966820384643,,2.1.0
uniform_operational,2,0,5179,2589.5,-0.07214477001252156,,2.1.0
uniform_operational,2,0,5180,2590.0,-0.07119305732149533,,2.1.0
uniform_operational,2,0,5181,2590.5,-0.07144075382631687,0.0027117510122304095,2.1.0
uniform_operational,2,0,5182,2591.0,-0.07116343361070832,,2.1.0
uniform_operational,2,0,5183,2591.5,-0.07166420350608059,,2.1.0
uniform_operational,2,0,5184,2592.0,-0.07289984421855439,,2.1.0
uniform_operational,2,0,5185,2592.5,-0.07370844188444474,,2.1.0
uniform_operational,2,0,5186,2593.0,-0.07374804540929042,,2.1.0
uniform_operational,2,0,5187,2593.5,-0.07456830628311589,,2.1.0
uniform_operational,2,0,5188,2594.0,-0.07563381650304676,,2.1.0
uniform_operational,2,0,5189,2594.5,-0.07585437872952203,,2.1.0
uniform_operational,2,0,5190,2595.0,-0.07553415843450166,,2.1.0
uniform_operational,2,0,5191,2595.5,-0.07492010357085843,-0.00347934974454156,2.1.0
uniform_operational,2,0,5192,2596.0,-0.07384056322648205,,2.1.0
uniform_operational,2,0,5193,2596.5,-0.07287265347947466,,2.1.0
uniform_operational,2,0,5194,2597.0,-0.07145335602361262,,2.1.0
uniform_operational,2,0,5195,2597.5,-0.07149158089839414,,2.1.0
uniform_operational,2,0,5196,2598.0,-0.07149717727420427,,2.1.0
uniform_operational,2,0,5197,2598.5,-0.07418364095948608,,2.1.0
uniform_operational,2,0,5198,2599.0,-0.0745388330059602,,2.1.0
uniform_operational,2,0,5199,2599.5,-0.07388282790108144,,2.1.0
uniform_operational,2,0,5200,2600.0,-0.07410505518532731,,2.1.0
uniform_operational,2,0,5201,2600.5,-0.07442037402134703,0.000499729549511399,2.1.0
uniform_operational,2,0,5202,2601.0,-0.07601965397506161,,2.1.0
uniform_operational,2,0,5203,2601.5,-0.07752687124278107,,2.1.0
uniform_operational,2,0,5204,2602.0,-0.07957238457848333,,2.1.0
uniform_operational,2,0,5205,2602.5,-0.07984316227344983,,2.1.0
uniform_operational,2,0,5206,2603.0,-0.08008676913067911,,2.1.0
uniform_operational,2,0,5207,2603.5,-0.0805873549554179,,2.1.0
uniform_operational,2,0,5208,2604.0,-0.0817293726133561,,2.1.0
uniform_operational,2,0,5209,2604.5,-0.08171997255244967,,2.1.0
uniform_operational,2,0,5210,2605.0,-0.0828878364387407,,2.1.0
uniform_operational,2,0,5211,2605.5,-0.0824410845898052,-0.00802071056845817,2.1.0
uniform_operational,2,0,5212,2606.0,-0.08102202408546617,,2.1.0
uniform_operational,2,0,5213,2606.5,-0.08057011161518676,,2.1.0
uniform_operational,2,0,5214,2607.0,-0.08076275761361164,,2.1.0
uniform_operational,2,0,5215,2607.5,-0.08060394037044409,,2.1.0
uniform_operational,2,0,5216,2608.0,-0.08146407324793026,,2.1.0
uniform_operational,2,0,5217,2608.5,-0.08042084371702304,,2.1.0
uniform_operational,2,0,5218,2609.0,-0.08146449413492023,,2.1.0
uniform_operational,2,0,5219,2609.5,-0.08131461978283726,,2.1.0
uniform_operational,2,0,5220,2610.0,-0.08185749366325551,,2.1.0
uniform_operational,2,0,5221,2610.5,-0.08165041664588457,0.000790667943920631,2.1.0
uniform_operational,2,0,5222,2611.0,-0.07974770275244454,,2.1.0
uniform_operational,2,0,5223,2611.5,-0.07984653190543427,,2.1.0
uniform_operational,2,0,5224,2612.0,-0.0791392202126453,,2.1.0
uniform_operational,2,0,5225,2612.5,-0.0806758153523035,,2.1.0
uniform_operational,2,0,5226,2613.0,-0.08104090643016744,,2.1.0
uniform_operational,2,0,5227,2613.5,-0.08095664081792313,,2.1.0
uniform_operational,2,0,5228,2614.0,-0.08108369415900929,,2.1.0
uniform_operational,2,0,5229,2614.5,-0.08139494053670705,,2.1.0
uniform_operational,2,0,5230,2615.0,-0.08019840190518254,,2.1.0
uniform_operational,2,0,5231,2615.5,-0.08019772888717974,0.0014526877587048292,2.1.0
uniform_operational,2,0,5232,2616.0,-0.08040239263348631,,2.1.0
uniform_operational,2,0,5233,2616.5,-0.08069929029539319,,2.1.0
uniform_operational,2,0,5234,2617.0,-0.08070408118259415,,2.1.0
uniform_operational,2,0,5235,2617.5,-0.07958830285854242,,2.1.0
uniform_operational,2,0,5236,2618.0,-0.08010453910172477,,2.1.0
uniform_operational,2,0,5237,2618.5,-0.08075419968913528,,2.1.0
uniform_operational,2,0,5238,2619.0,-0.08073365578031845,,2.1.0
uniform_operational,2,0,5239,2619.5,-0.08126736510359546,,2.1.0
uniform_operational,2,0,5240,2620.0,-0.07996853802679975,,2.1.0
uniform_operational,2,0,5241,2620.5,-0.07881936010041486,0.0013783687867648803,2.1.0
uniform_operational,2,0,5242,2621.0,-0.07878342268520555,,2.1.0
uniform_operational,2,0,5243,2621.5,-0.07889276336361348,,2.1.0
uniform_operational,2,0,5244,2622.0,-0.0767992204943168,,2.1.0
uniform_operational,2,0,5245,2622.5,-0.07847519426438124,,2.1.0
uniform_operational,2,0,5246,2623.0,-0.07830047606788496,,2.1.0
uniform_operational,2,0,5247,2623.5,-0.07703322212392395,,2.1.0
uniform_operational,2,0,5248,2624.0,-0.07562207469418304,,2.1.0
uniform_operational,2,0,5249,2624.5,-0.07518713712590412,,2.1.0
uniform_operational,2,0,5250,2625.0,-0.0769997219126765,,2.1.0
uniform_operational,2,0,5251,2625.5,-0.07602393822030949,0.00279542188010537,2.1.0
uniform_operational,2,0,5252,2626.0,-0.07518788943254875,,2.1.0
uniform_operational,2,0,5253,2626.5,-0.0765113514861078,,2.1.0
uniform_operational,2,0,5254,2627.0,-0.07552963635453226,,2.1.0
uniform_operational,2,0,5255,2627.5,-0.07741576554540967,,2.1.0
uniform_operational,2,0,5256,2628.0,-0.07575751462911633,,2.1.0
uniform_operational,2,0,5257,2628.5,-0.0757838408446079,,2.1.0
uniform_operational,2,0,5258,2629.0,-0.07512261539413906,,2.1.0
uniform_operational,2,0,5259,2629.5,-0.07489020323851461,,2.1.0
uniform_operational,2,0,5260,2630.0,-0.07531375106589346,,2.1.0
uniform_operational,2,0,5261,2630.5,-0.07495042071884102,0.001073517501468474,2.1.0
uniform_operational,2,0,5262,2631.0,-0.0740469965267544,,2.1.0
uniform_operational,2,0,5263,2631.5,-0.07400035518211763,,2.1.0
uniform_operational,2,0,5264,2632.0,-0.07348852096017112,,2.1.0
uniform_operational,2,0,5265,2632.5,-0.0741720861118708,,2.1.0
uniform_operational,2,0,5266,2633.0,-0.07207866438326307,,2.1.0
uniform_operational,2,0,5267,2633.5,-0.07376566388896025,,2.1.0
uniform_operational,2,0,5268,2634.0,-0.073699011575446,,2.1.0
uniform_operational,2,0,5269,2634.5,-0.07581216367835741,,2.1.0
uniform_operational,2,0,5270,2635.0,-0.07546063036876091,,2.1.0
uniform_operational,2,0,5271,2635.5,-0.07727518154823142,-0.0023247608293903987,2.1.0
uniform_operational,2,0,5272,2636.0,-0.0762531304191131,,2.1.0
uniform_operational,2,0,5273,2636.5,-0.0748493620233236,,2.1.0
uniform_operational,2,0,5274,2637.0,-0.07646010511942687,,2.1.0
uniform_operational,2,0,5275,2637.5,-0.07578458952785186,,2.1.0
uniform_operational,2,0,5276,2638.0,-0.07501279110806199,,2.1.0
uniform_operational,2,0,5277,2638.5,-0.07549332448652246,,2.1.0
uniform_operational,2,0,5278,2639.0,-0.07698417872162816,,2.1.0
uniform_operational,2,0,5279,2639.5,-0.07851513146157685,,2.1.0
uniform_operational,2,0,5280,2640.0,-0.07886151431811278,,2.1.0
uniform_operational,2,0,5281,2640.5,-0.07934365017496216,-0.0020684686267307406,2.1.0
uniform_operational,2,0,5282,2641.0,-0.08028845226248782,,2.1.0
uniform_operational,2,0,5283,2641.5,-0.08217717663681291,,2.1.0
uniform_operational,2,0,5284,2642.0,-0.08378609307077764,,2.1.0
uniform_operational,2,0,5285,2642.5,-0.08320434264043051,,2.1.0
uniform_operational,2,0,5286,2643.0,-0.081137387270493,,2.1.0
uniform_operational,2,0,5287,2643.5,-0.08181761341413224,,2.1.0
uniform_operational,2,0,5288,2644.0,-0.08443476305136058,,2.1.0
uniform_operational,2,0,5289,2644.5,-0.08435916876354499,,2.1.0
uniform_operational,2,0,5290,2645.0,-0.08413389982514652,,2.1.0
uniform_operational,2,0,5291,2645.5,-0.08309526953911958,-0.003751619364157424,2.1.0
uniform_operational,2,0,5292,2646.0,-0.08162005563920517,,2.1.0
uniform_operational,2,0,5293,2646.5,-0.0833287114177495,,2.1.0
uniform_operational,2,0,5294,2647.0,-0.08421395149021998,,2.1.0
uniform_operational,2,0,5295,2647.5,-0.08467491530054617,,2.1.0
uniform_operational,2,0,5296,2648.0,-0.085052920803254,,2.1.0
uniform_operational,2,0,5297,2648.5,-0.08462117983896707,,2.1.0
uniform_operational,2,0,5298,2649.0,-0.08340509778838824,,2.1.0
uniform_operational,2,0,5299,2649.5,-0.0828262134149535,,2.1.0
uniform_operational,2,0,5300,2650.0,-0.08363079221245909,,2.1.0
uniform_operational,2,0,5301,2650.5,-0.08364951082070127,-0.0005542412815816855,2.1.0
uniform_operational,2,0,5302,2651.0,-0.08502294042982578,,2.1.0
uniform_operational,2,0,5303,2651.5,-0.08322646955849798,,2.1.0
uniform_operational,2,0,5304,2652.0,-0.08428610052929458,,2.1.0
uniform_operational,2,0,5305,2652.5,-0.0858152939869975,,2.1.0
uniform_operational,2,0,5306,2653.0,-0.08603990074512732,,2.1.0
uniform_operational,2,0,5307,2653.5,-0.08710177499386193,,2.1.0
uniform_operational,2,0,5308,2654.0,-0.08603963607252611,,2.1.0
uniform_operational,2,0,5309,2654.5,-0.08766343505149282,,2.1.0
uniform_operational,2,0,5310,2655.0,-0.0879649104704216,,2.1.0
uniform_operational,2,0,5311,2655.5,-0.08962318184311516,-0.00597367102241389,2.1.0
uniform_operational,2,0,5312,2656.0,-0.08829501099103708,,2.1.0
uniform_operational,2,0,5313,2656.5,-0.08977305126543865,,2.1.0
uniform_operational,2,0,5314,2657.0,-0.08988093714079032,,2.1.0
uniform_operational,2,0,5315,2657.5,-0.0906449720661224,,2.1.0
uniform_operational,2,0,5316,2658.0,-0.09017588824675528,,2.1.0
uniform_operational,2,0,5317,2658.5,-0.09005704595167616,,2.1.0
uniform_operational,2,0,5318,2659.0,-0.08929324668731276,,2.1.0
uniform_operational,2,0,5319,2659.5,-0.0906481828949429,,2.1.0
uniform_operational,2,0,5320,2660.0,-0.09233092467537238,,2.1.0
uniform_operational,2,0,5321,2660.5,-0.09306154463060672,-0.0034383627874915584,2.1.0
uniform_operational,2,0,5322,2661.0,-0.09425933950555038,,2.1.0
uniform_operational,2,0,5323,2661.5,-0.09553700950180545,,2.1.0
uniform_operational,2,0,5324,2662.0,-0.09453923172258796,,2.1.0
uniform_operational,2,0,5325,2662.5,-0.09280152377910912,,2.1.0
uniform_operational,2,0,5326,2663.0,-0.09445686934976584,,2.1.0
uniform_operational,2,0,5327,2663.5,-0.09408468382570993,,2.1.0
uniform_operational,2,0,5328,2664.0,-0.0949114396147076,,2.1.0
uniform_operational,2,0,5329,2664.5,-0.09586103351040261,,2.1.0
uniform_operational,2,0,5330,2665.0,-0.09442756203458261,,2.1.0
uniform_operational,2,0,5331,2665.5,-0.09476838832389411,-0.0017068436932873993,2.1.0
uniform_operational,2,0,5332,2666.0,-0.09648852171436277,,2.1.0
uniform_operational,2,0,5333,2666.5,-0.0969326867035543,,2.1.0
uniform_operational,2,0,5334,2667.0,-0.09633584896562175,,2.1.0
uniform_operational,2,0,5335,2667.5,-0.0987948337827407,,2.1.0
uniform_operational,2,0,5336,2668.0,-0.09795934479397646,,2.1.0
uniform_operational,2,0,5337,2668.5,-0.09971467697010822,,2.1.0
uniform_operational,2,0,5338,2669.0,-0.09974033614216124,,2.1.0
uniform_operational,2,0,5339,2669.5,-0.09867603998624556,,2.1.0
uniform_operational,2,0,5340,2670.0,-0.09845804193986951,,2.1.0
uniform_operational,2,0,5341,2670.5,-0.09930683798168699,-0.004538449657792876,2.1.0
uniform_operational,2,0,5342,2671.0,-0.09818987079730891,,2.1.0
uniform_operational,2,0,5343,2671.5,-0.09759286619083593,,2.1.0
uniform_operational,2,0,5344,2672.0,-0.09710414254376945,,2.1.0
uniform_operational,2,0,5345,2672.5,-0.0974623154932427,,2.1.0
uniform_operational,2,0,5346,2673.0,-0.09819752886807775,,2.1.0
uniform_operational,2,0,5347,2673.5,-0.09738601237118144,,2.1.0
uniform_operational,2,0,5348,2674.0,-0.09838531134631294,,2.1.0
uniform_operational,2,0,5349,2674.5,-0.09690013219600321,,2.1.0
uniform_operational,2,0,5350,2675.0,-0.0972974947339709,,2.1.0
uniform_operational,2,0,5351,2675.5,-0.09752782179992125,0.0017790161817657357,2.1.0
uniform_operational,2,0,5352,2676.0,-0.09939708820685207,,2.1.0
uniform_operational,2,0,5353,2676.5,-0.10268059846305456,,2.1.0
uniform_operational,2,0,5354,2677.0,-0.10263667494277456,,2.1.0
uniform_operational,2,0,5355,2677.5,-0.10169739483951157,,2.1.0
uniform_operational,2,0,5356,2678.0,-0.10187033463956485,,2.1.0
uniform_operational,2,0,5357,2678.5,-0.10357174228185775,,2.1.0
uniform_operational,2,0,5358,2679.0,-0.1033588442625737,,2.1.0
uniform_operational,2,0,5359,2679.5,-0.10245866052637283,,2.1.0
uniform_operational,2,0,5360,2680.0,-0.10140085041110268,,2.1.0
uniform_operational,2,0,5361,2680.5,-0.10289732451249343,-0.00536950271257218,2.1.0
uniform_operational,2,0,5362,2681.0,-0.10098930488115648,,2.1.0
uniform_operational,2,0,5363,2681.5,-0.10113128096814446,,2.1.0
uniform_operational,2,0,5364,2682.0,-0.10095955838551794,,2.1.0
uniform_operational,2,0,5365,2682.5,-0.10086925407338619,,2.1.0
uniform_operational,2,0,5366,2683.0,-0.10105359890096859,,2.1.0
uniform_operational,2,0,5367,2683.5,-0.10171816338655751,,2.1.0
uniform_operational,2,0,5368,2684.0,-0.10079227812303282,,2.1.0
uniform_operational,2,0,5369,2684.5,-0.10148025888695865,,2.1.0
uniform_operational,2,0,5370,2685.0,-0.10186891149865476,,2.1.0
uniform_operational,2,0,5371,2685.5,-0.10199548735761972,0.0009018371548737136,2.1.0
uniform_operational,2,0,5372,2686.0,-0.1015900939068223,,2.1.0
uniform_operational,2,0,5373,2686.5,-0.10071735250551392,,2.1.0
uniform_operational,2,0,5374,2687.0,-0.10069941664187805,,2.1.0
uniform_operational,2,0,5375,2687.5,-0.10017050894767936,,2.1.0
uniform_operational,2,0,5376,2688.0,-0.0992330132430159,,2.1.0
uniform_operational,2,0,5377,2688.5,-0.09828450777330938,,2.1.0
uniform_operational,2,0,5378,2689.0,-0.09724529198669513,,2.1.0
uniform_operational,2,0,5379,2689.5,-0.09778107123289638,,2.1.0
uniform_operational,2,0,5380,2690.0,-0.09832908557812545,,2.1.0
uniform_operational,2,0,5381,2690.5,-0.09713317372494033,0.004862313632679388,2.1.0
uniform_operational,2,0,5382,2691.0,-0.09612475362417883,,2.1.0
uniform_operational,2,0,5383,2691.5,-0.09621570539885627,,2.1.0
uniform_operational,2,0,5384,2692.0,-0.09680512461037699,,2.1.0
uniform_operational,2,0,5385,2692.5,-0.09582422076297246,,2.1.0
uniform_operational,2,0,5386,2693.0,-0.09316975762373594,,2.1.0
uniform_operational,2,0,5387,2693.5,-0.09292437990144563,,2.1.0
uniform_operational,2,0,5388,2694.0,-0.0930422641485914,,2.1.0
uniform_operational,2,0,5389,2694.5,-0.0938310253496314,,2.1.0
uniform_operational,2,0,5390,2695.0,-0.09419188173449444,,2.1.0
uniform_operational,2,0,5391,2695.5,-0.09344762125971111,0.003685552465229225,2.1.0
uniform_operational,2,0,5392,2696.0,-0.09183236354652557,,2.1.0
uniform_operational,2,0,5393,2696.5,-0.09169217687023558,,2.1.0
uniform_operational,2,0,5394,2697.0,-0.09279164202376974,,2.1.0
uniform_operational,2,0,5395,2697.5,-0.09272355229472382,,2.1.0
uniform_operational,2,0,5396,2698.0,-0.09124211803918875,,2.1.0
uniform_operational,2,0,5397,2698.5,-0.08967081621852613,,2.1.0
uniform_operational,2,0,5398,2699.0,-0.09047916694332064,,2.1.0
uniform_operational,2,0,5399,2699.5,-0.09001432816209877,,2.1.0
uniform_operational,2,0,5400,2700.0,-0.09041326067136943,,2.1.0
uniform_operational,2,0,5401,2700.5,-0.09000135657848758,0.0034462646812235265,2.1.0
uniform_operational,2,0,5402,2701.0,-0.08981485251491034,,2.1.0
uniform_operational,2,0,5403,2701.5,-0.08985907228418201,,2.1.0
uniform_operational,2,0,5404,2702.0,-0.08921195931002314,,2.1.0
uniform_operational,2,0,5405,2702.5,-0.0896062922951575,,2.1.0
uniform_operational,2,0,5406,2703.0,-0.09252570468944853,,2.1.0
uniform_operational,2,0,5407,2703.5,-0.09245216182121413,,2.1.0
uniform_operational,2,0,5408,2704.0,-0.09182654167192451,,2.1.0
uniform_operational,2,0,5409,2704.5,-0.0905138555208398,,2.1.0
uniform_operational,2,0,5410,2705.0,-0.09077344510238683,,2.1.0
uniform_operational,2,0,5411,2705.5,-0.09046288655030682,-0.0004615299718192384,2.1.0
uniform_operational,2,0,5412,2706.0,-0.08972699646900974,,2.1.0
uniform_operational,2,0,5413,2706.5,-0.09010022926437346,,2.1.0
uniform_operational,2,0,5414,2707.0,-0.08964218095429377,,2.1.0
uniform_operational,2,0,5415,2707.5,-0.0902312246324137,,2.1.0
uniform_operational,2,0,5416,2708.0,-0.09060321811437128,,2.1.0
uniform_operational,2,0,5417,2708.5,-0.09080487391576232,,2.1.0
uniform_operational,2,0,5418,2709.0,-0.0929078875573292,,2.1.0
uniform_operational,2,0,5419,2709.5,-0.09332099982778538,,2.1.0
uniform_operational,2,0,5420,2710.0,-0.09453102353829909,,2.1.0
uniform_operational,2,0,5421,2710.5,-0.09512506083246014,-0.00466217428215332,2.1.0
uniform_operational,2,0,5422,2711.0,-0.09512847582513825,,2.1.0
uniform_operational,2,0,5423,2711.5,-0.09361300658565107,,2.1.0
uniform_operational,2,0,5424,2712.0,-0.09590016842395038,,2.1.0
uniform_operational,2,0,5425,2712.5,-0.09565615046215231,,2.1.0
uniform_operational,2,0,5426,2713.0,-0.09605293210361407,,2.1.0
uniform_operational,2,0,5427,2713.5,-0.09552893987518465,,2.1.0
uniform_operational,2,0,5428,2714.0,-0.09492548844715597,,2.1.0
uniform_operational,2,0,5429,2714.5,-0.09380753811801103,,2.1.0
uniform_operational,2,0,5430,2715.0,-0.09603745320645957,,2.1.0
uniform_operational,2,0,5431,2715.5,-0.09614598377282865,-0.0010209229403685127,2.1.0
uniform_operational,2,0,5432,2716.0,-0.0968552375169508,,2.1.0
uniform_operational,2,0,5433,2716.5,-0.09551226643376191,,2.1.0
uniform_operational,2,0,5434,2717.0,-0.09571482973514404,,2.1.0
uniform_operational,2,0,5435,2717.5,-0.09649804458286487,,2.1.0
uniform_operational,2,0,5436,2718.0,-0.09666979259677037,,2.1.0
uniform_operational,2,0,5437,2718.5,-0.09654157071818775,,2.1.0
uniform_operational,2,0,5438,2719.0,-0.09426325757573356,,2.1.0
uniform_operational,2,0,5439,2719.5,-0.09480259348291348,,2.1.0
uniform_operational,2,0,5440,2720.0,-0.09329023694362458,,2.1.0
uniform_operational,2,0,5441,2720.5,-0.09308900032310954,0.0030569834497191084,2.1.0
uniform_operational,2,0,5442,2721.0,-0.09377798191280112,,2.1.0
uniform_operational,2,0,5443,2721.5,-0.09373763315367833,,2.1.0
uniform_operational,2,0,5444,2722.0,-0.09406512744129857,,2.1.0
uniform_operational,2,0,5445,2722.5,-0.0955154687090007,,2.1.0
uniform_operational,2,0,5446,2723.0,-0.09559786858050955,,2.1.0
uniform_operational,2,0,5447,2723.5,-0.09467111652642558,,2.1.0
uniform_operational,2,0,5448,2724.0,-0.09359918739442574,,2.1.0
uniform_operational,2,0,5449,2724.5,-0.09378914737887951,,2.1.0
uniform_operational,2,0,5450,2725.0,-0.09284488218606578,,2.1.0
uniform_operational,2,0,5451,2725.5,-0.09146084754559267,0.001628152777516878,2.1.0
uniform_operational,2,0,5452,2726.0,-0.09166399621787698,,2.1.0
uniform_operational,2,0,5453,2726.5,-0.09244035777893839,,2.1.0
uniform_operational,2,0,5454,2727.0,-0.09071393975466699,,2.1.0
uniform_operational,2,0,5455,2727.5,-0.09096233157948813,,2.1.0
uniform_operational,2,0,5456,2728.0,-0.09231299030136539,,2.1.0
uniform_operational,2,0,5457,2728.5,-0.09344607203184437,,2.1.0
uniform_operational,2,0,5458,2729.0,-0.09510113619404575,,2.1.0
uniform_operational,2,0,5459,2729.5,-0.09552152192419269,,2.1.0
uniform_operational,2,0,5460,2730.0,-0.09598984267060527,,2.1.0
uniform_operational,2,0,5461,2730.5,-0.09373655455576707,-0.002275707010174405,2.1.0
uniform_operational,2,0,5462,2731.0,-0.09416056688758026,,2.1.0
uniform_operational,2,0,5463,2731.5,-0.09233345256594423,,2.1.0
uniform_operational,2,0,5464,2732.0,-0.09336711153369531,,2.1.0
uniform_operational,2,0,5465,2732.5,-0.09491932474375041,,2.1.0
uniform_operational,2,0,5466,2733.0,-0.09630808914209216,,2.1.0
uniform_operational,2,0,5467,2733.5,-0.09664742963563008,,2.1.0
uniform_operational,2,0,5468,2734.0,-0.09664820703970813,,2.1.0
uniform_operational,2,0,5469,2734.5,-0.09607177186094701,,2.1.0
uniform_operational,2,0,5470,2735.0,-0.09555033247781393,,2.1.0
uniform_operational,2,0,5471,2735.5,-0.09529149776080742,-0.0015549432050403489,2.1.0
uniform_operational,2,0,5472,2736.0,-0.09459473147121919,,2.1.0
uniform_operational,2,0,5473,2736.5,-0.09493815835916364,,2.1.0
uniform_operational,2,0,5474,2737.0,-0.09363035234970081,,2.1.0
uniform_operational,2,0,5475,2737.5,-0.0917728520509879,,2.1.0
uniform_operational,2,0,5476,2738.0,-0.09046529277551407,,2.1.0
uniform_operational,2,0,5477,2738.5,-0.08962932533371581,,2.1.0
uniform_operational,2,0,5478,2739.0,-0.09036184432738786,,2.1.0
uniform_operational,2,0,5479,2739.5,-0.09170581014933657,,2.1.0
uniform_operational,2,0,5480,2740.0,-0.09035383044784008,,2.1.0
uniform_operational,2,0,5481,2740.5,-0.08972544794927458,0.005566049811532844,2.1.0
uniform_operational,2,0,5482,2741.0,-0.09099513982999963,,2.1.0
uniform_operational,2,0,5483,2741.5,-0.09131394576939189,,2.1.0
uniform_operational,2,0,5484,2742.0,-0.09065863983985334,,2.1.0
uniform_operational,2,0,5485,2742.5,-0.0910877221306392,,2.1.0
uniform_operational,2,0,5486,2743.0,-0.0901611590239873,,2.1.0
uniform_operational,2,0,5487,2743.5,-0.09048461563910042,,2.1.0
uniform_operational,2,0,5488,2744.0,-0.09244275293205069,,2.1.0
uniform_operational,2,0,5489,2744.5,-0.09201003674360886,,2.1.0
uniform_operational,2,0,5490,2745.0,-0.09194665793187189,,2.1.0
uniform_operational,2,0,5491,2745.5,-0.09464840931156274,-0.004922961362288161,2.1.0
uniform_operational,2,0,5492,2746.0,-0.09259393391921862,,2.1.0
uniform_operational,2,0,5493,2746.5,-0.09221325938355354,,2.1.0
uniform_operational,2,0,5494,2747.0,-0.09169794411565171,,2.1.0
uniform_operational,2,0,5495,2747.5,-0.09380056502106658,,2.1.0
uniform_operational,2,0,5496,2748.0,-0.094078826622869,,2.1.0
uniform_operational,2,0,5497,2748.5,-0.09222455717388874,,2.1.0
uniform_operational,2,0,5498,2749.0,-0.0920748128096192,,2.1.0
uniform_operational,2,0,5499,2749.5,-0.09302595807843858,,2.1.0
uniform_operational,2,0,5500,2750.0,-0.09372262263153146,,2.1.0
uniform_operational,2,0,5501,2750.5,-0.0935968677342281,0.0010515415773346415,2.1.0
uniform_operational,2,0,5502,2751.0,-0.09396840561550987,,2.1.0
uniform_operational,2,0,5503,2751.5,-0.09347010726721275,,2.1.0
uniform_operational,2,0,5504,2752.0,-0.0945574744094861,,2.1.0
uniform_operational,2,0,5505,2752.5,-0.0973605024746664,,2.1.0
uniform_operational,2,0,5506,2753.0,-0.09628261697516734,,2.1.0
uniform_operational,2,0,5507,2753.5,-0.09817377956534934,,2.1.0
uniform_operational,2,0,5508,2754.0,-0.09954500491654397,,2.1.0
uniform_operational,2,0,5509,2754.5,-0.09797416787814615,,2.1.0
uniform_operational,2,0,5510,2755.0,-0.09665449258541096,,2.1.0
uniform_operational,2,0,5511,2755.5,-0.09567557828637975,-0.0020787105521516552,2.1.0
uniform_operational,2,0,5512,2756.0,-0.09559501813917912,,2.1.0
uniform_operational,2,0,5513,2756.5,-0.09654424391725315,,2.1.0
uniform_operational,2,0,5514,2757.0,-0.09612023845078396,,2.1.0
uniform_operational,2,0,5515,2757.5,-0.09418546562237916,,2.1.0
uniform_operational,2,0,5516,2758.0,-0.09414627722314639,,2.1.0
uniform_operational,2,0,5517,2758.5,-0.09330165576898433,,2.1.0
uniform_operational,2,0,5518,2759.0,-0.09303289648704093,,2.1.0
uniform_operational,2,0,5519,2759.5,-0.09292460341758747,,2.1.0
uniform_operational,2,0,5520,2760.0,-0.09090039907476412,,2.1.0
uniform_operational,2,0,5521,2760.5,-0.08977577924955751,0.005899799036822237,2.1.0
uniform_operational,2,0,5522,2761.0,-0.0896227686565384,,2.1.0
uniform_operational,2,0,5523,2761.5,-0.09038762591791301,,2.1.0
uniform_operational,2,0,5524,2762.0,-0.09057575613081559,,2.1.0
uniform_operational,2,0,5525,2762.5,-0.09217987047763652,,2.1.0
uniform_operational,2,0,5526,2763.0,-0.09206162097185332,,2.1.0
uniform_operational,2,0,5527,2763.5,-0.09275697689939044,,2.1.0
uniform_operational,2,0,5528,2764.0,-0.09435673203534134,,2.1.0
uniform_operational,2,0,5529,2764.5,-0.09559543389479266,,2.1.0
uniform_operational,2,0,5530,2765.0,-0.09616528404558358,,2.1.0
uniform_operational,2,0,5531,2765.5,-0.09554840469275241,-0.005772625443194901,2.1.0
uniform_operational,2,0,5532,2766.0,-0.0980505672671261,,2.1.0
uniform_operational,2,0,5533,2766.5,-0.0973228724509817,,2.1.0
uniform_operational,2,0,5534,2767.0,-0.0969518213889068,,2.1.0
uniform_operational,2,0,5535,2767.5,-0.09586652098834535,,2.1.0
uniform_operational,2,0,5536,2768.0,-0.09575795545566886,,2.1.0
uniform_operational,2,0,5537,2768.5,-0.09475714259588804,,2.1.0
uniform_operational,2,0,5538,2769.0,-0.09416801260042182,,2.1.0
uniform_operational,2,0,5539,2769.5,-0.09345304094982394,,2.1.0
uniform_operational,2,0,5540,2770.0,-0.09334197021824177,,2.1.0
uniform_operational,2,0,5541,2770.5,-0.09296609602450334,0.0025823086682490726,2.1.0
uniform_operational,2,0,5542,2771.0,-0.09340941264177724,,2.1.0
uniform_operational,2,0,5543,2771.5,-0.09312263250845916,,2.1.0
uniform_operational,2,0,5544,2772.0,-0.09243633715876047,,2.1.0
uniform_operational,2,0,5545,2772.5,-0.09341887069559875,,2.1.0
uniform_operational,2,0,5546,2773.0,-0.09512714377589,,2.1.0
uniform_operational,2,0,5547,2773.5,-0.09434016518162316,,2.1.0
uniform_operational,2,0,5548,2774.0,-0.09425113742468179,,2.1.0
uniform_operational,2,0,5549,2774.5,-0.09363649921026786,,2.1.0
uniform_operational,2,0,5550,2775.0,-0.09203010641156553,,2.1.0
uniform_operational,2,0,5551,2775.5,-0.09243869726293066,0.0005273987615726783,2.1.0
uniform_operational,2,0,5552,2776.0,-0.09297583010802962,,2.1.0
uniform_operational,2,0,5553,2776.5,-0.09282980998038493,,2.1.0
uniform_operational,2,0,5554,2777.0,-0.0929754057934767,,2.1.0
uniform_operational,2,0,5555,2777.5,-0.09271377341787213,,2.1.0
uniform_operational,2,0,5556,2778.0,-0.09192734362712728,,2.1.0
uniform_operational,2,0,5557,2778.5,-0.09230758096154336,,2.1.0
uniform_operational,2,0,5558,2779.0,-0.09219222457545946,,2.1.0
uniform_operational,2,0,5559,2779.5,-0.09086658992289746,,2.1.0
uniform_operational,2,0,5560,2780.0,-0.09197232551695059,,2.1.0
uniform_operational,2,0,5561,2780.5,-0.08940211954925885,0.0030365777136718147,2.1.0
uniform_operational,2,0,5562,2781.0,-0.08819139244244305,,2.1.0
uniform_operational,2,0,5563,2781.5,-0.08843580542140321,,2.1.0
uniform_operational,2,0,5564,2782.0,-0.09048634928486492,,2.1.0
uniform_operational,2,0,5565,2782.5,-0.09066091541434426,,2.1.0
uniform_operational,2,0,5566,2783.0,-0.0917488325828062,,2.1.0
uniform_operational,2,0,5567,2783.5,-0.09149141088899913,,2.1.0
uniform_operational,2,0,5568,2784.0,-0.09214752668414565,,2.1.0
uniform_operational,2,0,5569,2784.5,-0.09241664651774699,,2.1.0
uniform_operational,2,0,5570,2785.0,-0.09127488211149845,,2.1.0
uniform_operational,2,0,5571,2785.5,-0.09049797076280978,-0.0010958512135509357,2.1.0
uniform_operational,2,0,5572,2786.0,-0.09004196814052136,,2.1.0
uniform_operational,2,0,5573,2786.5,-0.08986247967351249,,2.1.0
uniform_operational,2,0,5574,2787.0,-0.0904565540016353,,2.1.0
uniform_operational,2,0,5575,2787.5,-0.08968517822051184,,2.1.0
uniform_operational,2,0,5576,2788.0,-0.08980294314826237,,2.1.0
uniform_operational,2,0,5577,2788.5,-0.09161603869484748,,2.1.0
uniform_operational,2,0,5578,2789.0,-0.09128230054082538,,2.1.0
uniform_operational,2,0,5579,2789.5,-0.08940731357163727,,2.1.0
uniform_operational,2,0,5580,2790.0,-0.08896213720991873,,2.1.0
uniform_operational,2,0,5581,2790.5,-0.08898514404917185,0.0015128267136379353,2.1.0
uniform_operational,2,0,5582,2791.0,-0.08847948040883491,,2.1.0
uniform_operational,2,0,5583,2791.5,-0.08854674295463306,,2.1.0
uniform_operational,2,0,5584,2792.0,-0.08943255426535665,,2.1.0
uniform_operational,2,0,5585,2792.5,-0.089418123620567,,2.1.0
uniform_operational,2,0,5586,2793.0,-0.08841229234993403,,2.1.0
uniform_operational,2,0,5587,2793.5,-0.08706871461481556,,2.1.0
uniform_operational,2,0,5588,2794.0,-0.08739620016084407,,2.1.0
uniform_operational,2,0,5589,2794.5,-0.0894431223219154,,2.1.0
uniform_operational,2,0,5590,2795.0,-0.09016016058342512,,2.1.0
uniform_operational,2,0,5591,2795.5,-0.09046991725512767,-0.0014847732059558166,2.1.0
uniform_operational,2,0,5592,2796.0,-0.0901326371018889,,2.1.0
uniform_operational,2,0,5593,2796.5,-0.09062604939443979,,2.1.0
uniform_operational,2,0,5594,2797.0,-0.09005642244402366,,2.1.0
uniform_operational,2,0,5595,2797.5,-0.09097469142487112,,2.1.0
uniform_operational,2,0,5596,2798.0,-0.09065242716122533,,2.1.0
uniform_operational,2,0,5597,2798.5,-0.09025178630902253,,2.1.0
uniform_operational,2,0,5598,2799.0,-0.08994914941114643,,2.1.0
uniform_operational,2,0,5599,2799.5,-0.09118963605843845,,2.1.0
uniform_operational,2,0,5600,2800.0,-0.09051023585203877,,2.1.0
