figure_id,panel,scenario,selector_resolution_ratio_sqrt_epsilon_over_dx,epsilon,lattice_spacing,alignment_offset_cells,requested_domain_halfwidth,realised_domain_halfwidth,grid_nodes,moment_ratio,effective_response_rate,aggregation_scale,mechanism,normalized_correlation,lower_envelope,upper_envelope,software_version
F5,moment_ratio,centred_full,0.5,0.0625,0.5,0.0,6.0,6.0,25,0.9999999999999989,0.9999999999999988,,boundary_moment,,,,1.0.0
F5,moment_ratio,half_cell_shifted_full,0.5,0.0625,0.5,0.5,6.0,6.0,25,0.9615521440630038,0.9615521440630037,,boundary_moment,,,,1.0.0
F5,moment_ratio,centred_truncated,0.5,0.0625,0.5,0.0,1.5,1.5,7,0.902396292907622,0.9023962929076219,,boundary_moment,,,,1.0.0
F5,moment_ratio,centred_full,1.0,0.25,0.5,0.0,6.0,6.0,25,0.9999999999999989,0.9999999999999988,,boundary_moment,,,,1.0.0
F5,moment_ratio,half_cell_shifted_full,1.0,0.25,0.5,0.5,6.0,6.0,25,0.8967784654239683,0.8967784654239682,,boundary_moment,,,,1.0.0
F5,moment_ratio,centred_truncated,1.0,0.25,0.5,0.0,1.5,1.5,7,0.902396292907622,0.9023962929076219,,boundary_moment,,,,1.0.0
F5,moment_ratio,centred_full,2.0,1.0,0.5,0.0,6.0,6.0,25,0.9999999999999989,0.9999999999999988,,boundary_moment,,,,1.0.0
F5,moment_ratio,half_cell_shifted_full,2.0,1.0,0.5,0.5,6.0,6.0,25,0.9528474128287012,0.9528474128287011,,boundary_moment,,,,1.0.0
F5,moment_ratio,centred_truncated,2.0,1.0,0.5,0.0,1.5,1.5,7,0.902396292907622,0.9023962929076219,,boundary_moment,,,,1.0.0
F5,moment_ratio,centred_full,4.0,4.0,0.5,0.0,6.0,6.0,25,0.9999999999999991,0.999999999999999,,boundary_moment,,,,1.0.0
F5,moment_ratio,half_cell_shifted_full,4.0,4.0,0.5,0.5,6.0,6.0,25,0.9875473219726544,0.9875473219726543,,boundary_moment,,,,1.0.0
F5,moment_ratio,centred_truncated,4.0,4.0,0.5,0.0,1.5,1.5,7,0.9023962929076221,0.902396292907622,,boundary_moment,,,,1.0.0
F5,moment_ratio,centred_full,8.0,16.0,0.5,0.0,6.0,6.0,25,0.9999999999999989,0.9999999999999988,,boundary_moment,,,,1.0.0
F5,moment_ratio,half_cell_shifted_full,8.0,16.0,0.5,0.5,6.0,6.0,25,0.9968757423941531,0.996875742394153,,boundary_moment,,,,1.0.0
F5,moment_ratio,centred_truncated,8.0,16.0,0.5,0.0,1.5,1.5,7,0.9023962929076221,0.902396292907622,,boundary_moment,,,,1.0.0
F5,moment_ratio,centred_full,0.5,0.015625,0.25,0.0,6.0,6.0,49,0.9999999999999998,0.9999999999999997,,boundary_moment,,,,1.0.0
F5,moment_ratio,half_cell_shifted_full,0.5,0.015625,0.25,0.5,6.0,6.0,49,0.9986974141886608,0.9986974141886606,,boundary_moment,,,,1.0.0
F5,moment_ratio,centred_truncated,0.5,0.015625,0.25,0.0,1.5,1.5,13,0.8499300781199126,0.8499300781199125,,boundary_moment,,,,1.0.0
F5,moment_ratio,centred_full,1.0,0.0625,0.25,0.0,6.0,6.0,49,0.9999999999999998,0.9999999999999997,,boundary_moment,,,,1.0.0
F5,moment_ratio,half_cell_shifted_full,1.0,0.0625,0.25,0.5,6.0,6.0,49,0.9820005432959044,0.9820005432959042,,boundary_moment,,,,1.0.0
F5,moment_ratio,centred_truncated,1.0,0.0625,0.25,0.0,1.5,1.5,13,0.8499300781199126,0.8499300781199125,,boundary_moment,,,,1.0.0
F5,moment_ratio,centred_full,2.0,0.25,0.25,0.0,6.0,6.0,49,0.9999999999999999,0.9999999999999998,,boundary_moment,,,,1.0.0
F5,moment_ratio,half_cell_shifted_full,2.0,0.25,0.25,0.5,6.0,6.0,49,0.9484626091863456,0.9484626091863455,,boundary_moment,,,,1.0.0
F5,moment_ratio,centred_truncated,2.0,0.25,0.25,0.0,1.5,1.5,13,0.8499300781199126,0.8499300781199125,,boundary_moment,,,,1.0.0
F5,moment_ratio,centred_full,4.0,1.0,0.25,0.0,6.0,6.0,49,0.9999999999999998,0.9999999999999997,,boundary_moment,,,,1.0.0
F5,moment_ratio,half_cell_shifted_full,4.0,1.0,0.25,0.5,6.0,6.0,49,0.9764113750723312,0.9764113750723311,,boundary_moment,,,,1.0.0
F5,moment_ratio,centred_truncated,4.0,1.0,0.25,0.0,1.5,1.5,13,0.8499300781199126,0.8499300781199125,,boundary_moment,,,,1.0.0
F5,moment_ratio,centred_full,8.0,4.0,0.25,0.0,6.0,6.0,49,0.9999999999999998,0.9999999999999997,,boundary_moment,,,,1.0.0
F5,moment_ratio,half_cell_shifted_full,8.0,4.0,0.25,0.5,6.0,6.0,49,0.9937734204941338,0.9937734204941336,,boundary_moment,,,,1.0.0
F5,moment_ratio,centred_truncated,8.0,4.0,0.25,0.0,1.5,1.5,13,0.8499300781199125,0.8499300781199124,,boundary_moment,,,,1.0.0
F5,moment_ratio,centred_full,0.5,0.00390625,0.125,0.0,6.0,6.0,97,0.9999999999999993,0.9999999999999992,,boundary_moment,,,,1.0.0
F5,moment_ratio,half_cell_shifted_full,0.5,0.00390625,0.125,0.5,6.0,6.0,97,0.9999928017498458,0.9999928017498457,,boundary_moment,,,,1.0.0
F5,moment_ratio,centred_truncated,0.5,0.00390625,0.125,0.0,1.5,1.5,25,0.8199954274329795,0.8199954274329794,,boundary_moment,,,,1.0.0
F5,moment_ratio,centred_full,1.0,0.015625,0.125,0.0,6.0,6.0,97,0.9999999999999993,0.9999999999999992,,boundary_moment,,,,1.0.0
F5,moment_ratio,half_cell_shifted_full,1.0,0.015625,0.125,0.5,6.0,6.0,97,0.9991649927888168,0.9991649927888167,,boundary_moment,,,,1.0.0
F5,moment_ratio,centred_truncated,1.0,0.015625,0.125,0.0,1.5,1.5,25,0.8199954274329794,0.8199954274329793,,boundary_moment,,,,1.0.0
F5,moment_ratio,centred_full,2.0,0.0625,0.125,0.0,6.0,6.0,97,0.9999999999999993,0.9999999999999992,,boundary_moment,,,,1.0.0
F5,moment_ratio,half_cell_shifted_full,2.0,0.0625,0.125,0.5,6.0,6.0,97,0.9913571892364041,0.991357189236404,,boundary_moment,,,,1.0.0
F5,moment_ratio,centred_truncated,2.0,0.0625,0.125,0.0,1.5,1.5,25,0.8199954274329794,0.8199954274329793,,boundary_moment,,,,1.0.0
F5,moment_ratio,centred_full,4.0,0.25,0.125,0.0,6.0,6.0,97,0.9999999999999993,0.9999999999999992,,boundary_moment,,,,1.0.0
F5,moment_ratio,half_cell_shifted_full,4.0,0.25,0.125,0.5,6.0,6.0,97,0.9742409042549052,0.9742409042549051,,boundary_moment,,,,1.0.0
F5,moment_ratio,centred_truncated,4.0,0.25,0.125,0.0,1.5,1.5,25,0.8199954274329794,0.8199954274329793,,boundary_moment,,,,1.0.0
F5,moment_ratio,centred_full,8.0,1.0,0.125,0.0,6.0,6.0,97,0.9999999999999993,0.9999999999999992,,boundary_moment,,,,1.0.0
F5,moment_ratio,half_cell_shifted_full,8.0,1.0,0.125,0.5,6.0,6.0,97,0.9882041450343361,0.988204145034336,,boundary_moment,,,,1.0.0
F5,moment_ratio,centred_truncated,8.0,1.0,0.125,0.0,1.5,1.5,25,0.8199954274329794,0.8199954274329793,,boundary_moment,,,,1.0.0
F5,moment_ratio,centred_full,0.5,0.0009765625,0.0625,0.0,6.0,6.0,193,0.999999999999999,0.9999999999999989,,boundary_moment,,,,1.0.0
F5,moment_ratio,half_cell_shifted_full,0.5,0.0009765625,0.0625,0.5,6.0,6.0,193,0.9999999984848404,0.9999999984848403,,boundary_moment,,,,1.0.0
F5,moment_ratio,centred_truncated,0.5,0.0009765625,0.0625,0.0,1.5,1.5,49,0.8041438025812699,0.8041438025812698,,boundary_moment,,,,1.0.0
F5,moment_ratio,centred_full,1.0,0.00390625,0.0625,0.0,6.0,6.0,193,0.999999999999999,0.9999999999999989,,boundary_moment,,,,1.0.0
F5,moment_ratio,half_cell_shifted_full,1.0,0.00390625,0.0625,0.5,6.0,6.0,193,0.999978395063709,0.9999783950637089,,boundary_moment,,,,1.0.0
F5,moment_ratio,centred_truncated,1.0,0.00390625,0.0625,0.0,1.5,1.5,49,0.8041438025812699,0.8041438025812698,,boundary_moment,,,,1.0.0
F5,moment_ratio,centred_full,2.0,0.015625,0.0625,0.0,6.0,6.0,193,0.999999999999999,0.9999999999999989,,boundary_moment,,,,1.0.0
F5,moment_ratio,half_cell_shifted_full,2.0,0.015625,0.0625,0.5,6.0,6.0,193,0.9996310346754217,0.9996310346754216,,boundary_moment,,,,1.0.0
F5,moment_ratio,centred_truncated,2.0,0.015625,0.0625,0.0,1.5,1.5,49,0.8041438025812699,0.8041438025812698,,boundary_moment,,,,1.0.0
F5,moment_ratio,centred_full,4.0,0.0625,0.0625,0.0,6.0,6.0,193,0.9999999999999989,0.9999999999999988,,boundary_moment,,,,1.0.0
F5,moment_ratio,half_cell_shifted_full,4.0,0.0625,0.0625,0.5,6.0,6.0,193,0.9957237986939066,0.9957237986939065,,boundary_moment,,,,1.0.0
F5,moment_ratio,centred_truncated,4.0,0.0625,0.0625,0.0,1.5,1.5,49,0.8041438025812698,0.8041438025812697,,boundary_moment,,,,1.0.0
F5,moment_ratio,centred_full,8.0,0.25,0.0625,0.0,6.0,6.0,193,0.9999999999999988,0.9999999999999987,,boundary_moment,,,,1.0.0
F5,moment_ratio,half_cell_shifted_full,8.0,0.25,0.0625,0.5,6.0,6.0,193,0.9871216655007145,0.9871216655007143,,boundary_moment,,,,1.0.0
F5,moment_ratio,centred_truncated,8.0,0.25,0.0625,0.0,1.5,1.5,49,0.8041438025812699,0.8041438025812698,,boundary_moment,,,,1.0.0
F5,epps_envelope,all_discrete_representation_profiles,,,,,,,,,0.9999999999999999,0.001,coupling,0.000499833374991668,0.00040196414841117006,0.000499833374991668,1.0.0
F5,epps_envelope,all_discrete_representation_profiles,,,,,,,,,0.9999999999999999,0.001039122303835169,coupling,0.0005193812361314887,0.00041768553240856233,0.0005193812361314887,1.0.0
F5,epps_envelope,all_discrete_representation_profiles,,,,,,,,,0.9999999999999999,0.0010797751623277093,coupling,0.0005396933145409566,0.0004340216238641238,0.0005396933145409566,1.0.0
F5,epps_envelope,all_discrete_representation_profiles,,,,,,,,,0.9999999999999999,0.001122018454301963,coupling,0.000560799465091466,0.00045099644369332785,0.000560799465091466,1.0.0
F5,epps_envelope,all_discrete_representation_profiles,,,,,,,,,0.9999999999999999,0.0011659144011798323,coupling,0.0005827307072132637,0.00046863495034407535,0.0005827307072132637,1.0.0
F5,epps_envelope,all_discrete_representation_profiles,,,,,,,,,0.9999999999999999,0.001211527658628589,coupling,0.0006055192701801548,0.0004869630762980691,0.0006055192701801548,1.0.0
F5,epps_envelope,all_discrete_representation_profiles,,,,,,,,,0.9999999999999999,0.0012589254117941675,coupling,0.0006291986401466554,0.0005060077659860829,0.0006291986401466554,1.0.0
F5,epps_envelope,all_discrete_representation_profiles,,,,,,,,,0.9999999999999999,0.0013081774742601943,coupling,0.0006538036090016908,0.0005257970151714142,0.0006538036090016908,1.0.0
F5,epps_envelope,all_discrete_representation_profiles,,,,,,,,,0.9999999999999999,0.0013593563908785254,coupling,0.0006793703251065653,0.0005463599118574747,0.0006793703251065653,1.0.0
F5,epps_envelope,all_discrete_representation_profiles,,,,,,,,,0.9999999999999999,0.001412537544622754,coupling,0.0007059363459915868,0.0005677266787784685,0.0007059363459915868,1.0.0
F5,epps_envelope,all_discrete_representation_profiles,,,,,,,,,0.9999999999999999,0.001467799267622069,coupling,0.0007335406930855104,0.0005899287175322732,0.0007335406930855104,1.0.0
F5,epps_envelope,all_discrete_representation_profiles,,,,,,,,,0.9999999999999999,0.0015252229565390183,coupling,0.0007622239085521842,0.000612998654420327,0.0007622239085521842,1.0.0
F5,epps_envelope,all_discrete_representation_profiles,,,,,,,,,0.9999999999999999,0.001584893192461114,coupling,0.0007920281143174446,0.0006369703880584332,0.0007920281143174446,1.0.0
F5,epps_envelope,all_discrete_representation_profiles,,,,,,,,,0.9999999999999999,0.0016468978654828688,coupling,0.0008229970733685255,0.0006618791388249834,0.0008229970733685255,1.0.0
F5,epps_envelope,all_discrete_representation_profiles,,,,,,,,,0.9999999999999999,0.001711328304161781,coupling,0.0008551762534099172,0.0006877615002187643,0.0008551762534099172,1.0.0
F5,epps_envelope,all_discrete_representation_profiles,,,,,,,,,0.9999999999999999,0.0017782794100389228,coupling,0.0008886128929683768,0.0007146554921972914,0.0008886128929683768,1.0.0
F5,epps_envelope,all_discrete_representation_profiles,,,,,,,,,0.9999999999999999,0.0018478497974222907,coupling,0.0009233560700339094,0.0007426006165723864,0.0009233560700339094,1.0.0
F5,epps_envelope,all_discrete_representation_profiles,,,,,,,,,0.9999999999999999,0.001920141938638801,coupling,0.0009594567733395287,0.0007716379145388252,0.0009594567733395287,1.0.0
F5,epps_envelope,all_discrete_representation_profiles,,,,,,,,,0.9999999999999999,0.001995262314968879,coupling,0.00099696797637161,0.0008018100264196582,0.00099696797637161,1.0.0
F5,epps_envelope,all_discrete_representation_profiles,,,,,,,,,0.9999999999999999,0.002073321573485954,coupling,0.0010359447142190836,0.000833161253709469,0.0010359447142190836,1.0.0
F5,epps_envelope,all_discrete_representation_profiles,,,,,,,,,0.9999999999999999,0.0021544346900318843,coupling,0.0010764441633641653,0.0008657376235049474,0.0010764441633641653,1.0.0
F5,epps_envelope,all_discrete_representation_profiles,,,,,,,,,0.9999999999999999,0.00223872113856834,coupling,0.0011185257245265312,0.0008995869554107028,0.0011185257245265312,1.0.0
F5,epps_envelope,all_discrete_representation_profiles,,,,,,,,,0.9999999999999999,0.0023263050671536263,coupling,0.0011622511086742948,0.0009347589310146898,0.0011622511086742948,1.0.0
F5,epps_envelope,all_discrete_representation_profiles,,,,,,,,,0.9999999999999999,0.0024173154808041037,coupling,0.0012076844263193554,0.0009713051660303895,0.0012076844263193554,1.0.0
F5,epps_envelope,all_discrete_representation_profiles,,,,,,,,,0.9999999999999999,0.0025118864315095794,coupling,0.0012548922802212426,0.0010092792852047783,0.0012548922802212426,1.0.0
F5,epps_envelope,all_discrete_representation_profiles,,,,,,,,,0.9999999999999999,0.0026101572156825357,coupling,0.0013039438616225807,0.0010487370000963336,0.0013039438616225807,1.0.0
F5,epps_envelope,all_discrete_representation_profiles,,,,,,,,,0.9999999999999999,0.0027122725793320298,coupling,0.001354911050150398,0.0010897361898322133,0.001354911050150398,1.0.0
F5,epps_envelope,all_discrete_representation_profiles,,,,,,,,,0.9999999999999999,0.002818382931264455,coupling,0.0014078685175159533,0.0011323369849514098,0.0014078685175159533,1.0.0
F5,epps_envelope,all_discrete_representation_profiles,,,,,,,,,0.9999999999999999,0.0029286445646252374,coupling,0.0014628938351549658,0.0011766018544553392,0.0014628938351549658,1.0.0
F5,epps_envelope,all_discrete_representation_profiles,,,,,,,,,0.9999999999999999,0.003043219887107722,coupling,0.001520067585952134,0.0012225956961801066,0.001520067585952134,1.0.0
F5,epps_envelope,all_discrete_representation_profiles,,,,,,,,,0.9999999999999999,0.0031622776601683794,coupling,0.0015794734802003774,0.0012703859306159027,0.0015794734802003774,1.0.0
F5,epps_envelope,all_discrete_representation_profiles,,,,,,,,,0.9999999999999999,0.003285993247600654,coupling,0.0016411984759479026,0.0013200425983017627,0.0016411984759479026,1.0.0
F5,epps_envelope,all_discrete_representation_profiles,,,,,,,,,0.9999999999999999,0.003414548873833601,coupling,0.001705332903895851,0.0013716384609275822,0.001705332903895851,1.0.0
F5,epps_envelope,all_discrete_representation_profiles,,,,,,,,,0.9999999999999999,0.0035481338923357532,coupling,0.001771970597009842,0.0014252491062793915,0.001771970597009842,1.0.0
F5,epps_envelope,all_discrete_representation_profiles,,,,,,,,,0.9999999999999999,0.0036869450645195733,coupling,0.0018412090250161661,0.001480953057170331,0.0018412090250161661,1.0.0
F5,epps_envelope,all_discrete_representation_profiles,,,,,,,,,0.9999999999999999,0.003831186849557289,coupling,0.0019131494339605926,0.0015388318845048765,0.0019131494339605926,1.0.0
F5,epps_envelope,all_discrete_representation_profiles,,,,,,,,,0.9999999999999999,0.003981071705534973,coupling,0.0019878969910105404,0.0015989703246234166,0.0019878969910105404,1.0.0
F5,epps_envelope,all_discrete_representation_profiles,,,,,,,,,0.9999999999999999,0.004136820402388507,coupling,0.0020655609346891257,0.0016614564010900557,0.0020655609346891257,1.0.0
F5,epps_envelope,all_discrete_representation_profiles,,,,,,,,,0.9999999999999999,0.004298662347082277,coupling,0.0021462547307362634,0.0017263815510785152,0.0021462547307362634,1.0.0
F5,epps_envelope,all_discrete_representation_profiles,,,,,,,,,0.9999999999999999,0.0044668359215096305,coupling,0.002230096233793666,0.0017938407565298853,0.002230096233793666,1.0.0
F5,epps_envelope,all_discrete_representation_profiles,,,,,,,,,0.9999999999999999,0.004641588833612777,coupling,0.002317207855124681,0.0018639326802479816,0.002317207855124681,1.0.0
F5,epps_envelope,all_discrete_representation_profiles,,,,,,,,,0.9999999999999999,0.004823178482239309,coupling,0.002407716736578469,0.001936759807117161,0.002407716736578469,1.0.0
F5,epps_envelope,all_discrete_representation_profiles,,,,,,,,,0.9999999999999999,0.005011872336272725,coupling,0.002501754931019562,0.002012428590621229,0.002501754931019562,1.0.0
F5,epps_envelope,all_discrete_representation_profiles,,,,,,,,,0.9999999999999999,0.005207948328595465,coupling,0.002599459589446851,0.002091049604857953,0.002599459589446851,1.0.0
F5,epps_envelope,all_discrete_representation_profiles,,,,,,,,,0.9999999999999999,0.0054116952654646375,coupling,0.0027009731550385885,0.002172737702240246,0.0027009731550385885,1.0.0
F5,epps_envelope,all_discrete_representation_profiles,,,,,,,,,0.9999999999999999,0.005623413251903491,coupling,0.0028064435643567753,0.002257612177091195,0.0028064435643567753,1.0.0
F5,epps_envelope,all_discrete_representation_profiles,,,,,,,,,0.9999999999999999,0.005843414133735175,coupling,0.0029160244559643944,0.002345796935337985,0.0029160244559643944,1.0.0
F5,epps_envelope,all_discrete_representation_profiles,,,,,,,,,0.9999999999999999,0.006072021956909884,coupling,0.0030298753867022965,0.0024374206705214396,0.0030298753867022965,1.0.0
F5,epps_envelope,all_discrete_representation_profiles,,,,,,,,,0.9999999999999999,0.006309573444801929,coupling,0.0031481620558916346,0.0025326170463407793,0.0031481620558917456,1.0.0
F5,epps_envelope,all_discrete_representation_profiles,,,,,,,,,0.9999999999999999,0.006556418494179785,coupling,0.003271056537725081,0.002631524885964409,0.003271056537725081,1.0.0
F5,epps_envelope,all_discrete_representation_profiles,,,,,,,,,0.9999999999999999,0.006812920690579615,coupling,0.0033987375221241622,0.0027342883683383334,0.0033987375221241622,1.0.0
F5,epps_envelope,all_discrete_representation_profiles,,,,,,,,,0.9999999999999999,0.00707945784384138,coupling,0.003531390564343817,0.0028410572317373317,0.003531390564343817,1.0.0
F5,epps_envelope,all_discrete_representation_profiles,,,,,,,,,0.9999999999999999,0.007356422544596414,coupling,0.0036692083436123957,0.0029519869848041447,0.0036692083436123957,1.0.0
F5,epps_envelope,all_discrete_representation_profiles,,,,,,,,,0.9999999999999999,0.007644222742526002,coupling,0.0038123909311047477,0.0030672391253349085,0.0038123909311047477,1.0.0
F5,epps_envelope,all_discrete_representation_profiles,,,,,,,,,0.9999999999999999,0.007943282347242814,coupling,0.0039611460675497145,0.0031869813670722946,0.0039611460675497145,1.0.0
F5,epps_envelope,all_discrete_representation_profiles,,,,,,,,,0.9999999999999999,0.008254041852680182,coupling,0.004115689450784332,0.0033113878747762504,0.004115689450784332,1.0.0
F5,epps_envelope,all_discrete_representation_profiles,,,,,,,,,0.9999999999999999,0.008576958985908946,coupling,0.004276245033569714,0.0034406395078493412,0.004276245033569714,1.0.0
F5,epps_envelope,all_discrete_representation_profiles,,,,,,,,,0.9999999999999999,0.008912509381337459,coupling,0.0044430453319959096,0.0035749240728006892,0.0044430453319959096,1.0.0
F5,epps_envelope,all_discrete_representation_profiles,,,,,,,,,0.9999999999999999,0.009261187281287938,coupling,0.004616331744801472,0.003714436584841274,0.004616331744801472,1.0.0
F5,epps_envelope,all_discrete_representation_profiles,,,,,,,,,0.9999999999999999,0.009623506263980888,coupling,0.004796354883950471,0.003859379538906027,0.004796354883950471,1.0.0
F5,epps_envelope,all_discrete_representation_profiles,,,,,,,,,0.9999999999999999,0.01,coupling,0.004983374916805339,0.0040099631904108035,0.004983374916805339,1.0.0
F5,epps_envelope,all_discrete_representation_profiles,,,,,,,,,0.9999999999999999,0.01039122303835169,coupling,0.0051776619202478225,0.00416640584605521,0.0051776619202478225,1.0.0
F5,epps_envelope,all_discrete_representation_profiles,,,,,,,,,0.9999999999999999,0.010797751623277093,coupling,0.005379496247101545,0.004328934164992693,0.005379496247101545,1.0.0
F5,epps_envelope,all_discrete_representation_profiles,,,,,,,,,0.9999999999999999,0.011220184543019636,coupling,0.005589168905216435,0.004497783470690853,0.005589168905216435,1.0.0
F5,epps_envelope,all_discrete_representation_profiles,,,,,,,,,0.9999999999999999,0.011659144011798317,coupling,0.005806981949578738,0.004673198073817608,0.005806981949578738,1.0.0
F5,epps_envelope,all_discrete_representation_profiles,,,,,,,,,0.9999999999999999,0.012115276586285882,coupling,0.006033248887817089,0.004855431606490823,0.006033248887817089,1.0.0
F5,epps_envelope,all_discrete_representation_profiles,,,,,,,,,0.9999999999999999,0.012589254117941675,coupling,0.0062682950994741304,0.0050447473682367905,0.0062682950994741304,1.0.0
F5,epps_envelope,all_discrete_representation_profiles,,,,,,,,,0.9999999999999999,0.013081774742601943,coupling,0.006512458269423038,0.0052414186840098465,0.006512458269423149,1.0.0
F5,epps_envelope,all_discrete_representation_profiles,,,,,,,,,0.9999999999999999,0.013593563908785255,coupling,0.0067660888358013205,0.005445729274626276,0.0067660888358013205,1.0.0
F5,epps_envelope,all_discrete_representation_profiles,,,,,,,,,0.9999999999999999,0.01412537544622754,coupling,0.007029550452843258,0.005657973639978553,0.007029550452843258,1.0.0
F5,epps_envelope,all_discrete_representation_profiles,,,,,,,,,0.9999999999999999,0.014677992676220698,coupling,0.00730322046899079,0.005878457455391062,0.00730322046899079,1.0.0
F5,epps_envelope,all_discrete_representation_profiles,,,,,,,,,0.9999999999999999,0.01525222956539019,coupling,0.007587490420657428,0.006107497981491905,0.007587490420657428,1.0.0
F5,epps_envelope,all_discrete_representation_profiles,,,,,,,,,0.9999999999999999,0.015848931924611134,coupling,0.007882766542022801,0.006345424487969709,0.007882766542022801,1.0.0
F5,epps_envelope,all_discrete_representation_profiles,,,,,,,,,0.9999999999999999,0.01646897865482868,coupling,0.008189470291232404,0.006592578691594464,0.008189470291232404,1.0.0
F5,epps_envelope,all_discrete_representation_profiles,,,,,,,,,0.9999999999999999,0.01711328304161781,coupling,0.008508038893366265,0.00684931520887877,0.008508038893366265,1.0.0
F5,epps_envelope,all_discrete_representation_profiles,,,,,,,,,0.9999999999999999,0.01778279410038923,coupling,0.008838925900540917,0.007116002023758394,0.008838925900540917,1.0.0
F5,epps_envelope,all_discrete_representation_profiles,,,,,,,,,0.9999999999999999,0.018478497974222907,coupling,0.009182601769496812,0.0073930209706711825,0.009182601769496812,1.0.0
F5,epps_envelope,all_discrete_representation_profiles,,,,,,,,,0.9999999999999999,0.01920141938638801,coupling,0.00953955445701371,0.007680768233410129,0.00953955445701371,1.0.0
F5,epps_envelope,all_discrete_representation_profiles,,,,,,,,,0.9999999999999999,0.0199526231496888,coupling,0.009910290033485203,0.007979654860128638,0.009910290033485203,1.0.0
F5,epps_envelope,all_discrete_representation_profiles,,,,,,,,,0.9999999999999999,0.02073321573485955,coupling,0.01029533331496657,0.008290107294865678,0.01029533331496657,1.0.0
F5,epps_envelope,all_discrete_representation_profiles,,,,,,,,,0.9999999999999999,0.021544346900318832,coupling,0.01069522851399718,0.00861256792595988,0.01069522851399718,1.0.0
F5,epps_envelope,all_discrete_representation_profiles,,,,,,,,,0.9999999999999999,0.0223872113856834,coupling,0.011110539909473083,0.008947495651707937,0.011110539909473194,1.0.0
F5,epps_envelope,all_discrete_representation_profiles,,,,,,,,,0.9999999999999999,0.02326305067153626,coupling,0.011541852535825847,0.009295366463621502,0.011541852535825847,1.0.0
F5,epps_envelope,all_discrete_representation_profiles,,,,,,,,,0.9999999999999999,0.024173154808041036,coupling,0.011989772891735528,0.00965667404761894,0.01198977289173564,1.0.0
F5,epps_envelope,all_discrete_representation_profiles,,,,,,,,,0.9999999999999999,0.025118864315095794,coupling,0.012454929668577419,0.010031930403476386,0.01245492966857753,1.0.0
F5,epps_envelope,all_discrete_representation_profiles,,,,,,,,,0.9999999999999999,0.026101572156825372,coupling,0.012937974498764104,0.010421666482855252,0.012937974498764104,1.0.0
F5,epps_envelope,all_discrete_representation_profiles,,,,,,,,,0.9999999999999999,0.02712272579332028,coupling,0.0134395827241095,0.010826432846188894,0.0134395827241095,1.0.0
F5,epps_envelope,all_discrete_representation_profiles,,,,,,,,,0.9999999999999999,0.028183829312644536,coupling,0.013960454184297255,0.011246800338708951,0.013960454184297255,1.0.0
F5,epps_envelope,all_discrete_representation_profiles,,,,,,,,,0.9999999999999999,0.02928644564625236,coupling,0.014501314025486711,0.011683360785851526,0.0145013140254866,1.0.0
F5,epps_envelope,all_discrete_representation_profiles,,,,,,,,,0.9999999999999999,0.03043219887107722,coupling,0.015062913529034438,0.012136727708265682,0.01506291352903455,1.0.0
F5,epps_envelope,all_discrete_representation_profiles,,,,,,,,,0.9999999999999999,0.03162277660168379,coupling,0.01564603096025652,0.012607537056610219,0.01564603096025652,1.0.0
F5,epps_envelope,all_discrete_representation_profiles,,,,,,,,,0.9999999999999999,0.03285993247600654,coupling,0.01625147243707936,0.013096447966293057,0.01625147243707936,1.0.0
F5,epps_envelope,all_discrete_representation_profiles,,,,,,,,,0.9999999999999999,0.034145488738336005,coupling,0.016880072818365566,0.013604143532261026,0.016880072818365566,1.0.0
F5,epps_envelope,all_discrete_representation_profiles,,,,,,,,,0.9999999999999999,0.03548133892335755,coupling,0.017532696611612608,0.014131331603912445,0.017532696611612608,1.0.0
F5,epps_envelope,all_discrete_representation_profiles,,,,,,,,,0.9999999999999999,0.03686945064519575,coupling,0.018210238899637576,0.014678745600144705,0.018210238899637687,1.0.0
F5,epps_envelope,all_discrete_representation_profiles,,,,,,,,,0.9999999999999999,0.03831186849557287,coupling,0.01891362628576365,0.015247145344501778,0.01891362628576365,1.0.0
F5,epps_envelope,all_discrete_representation_profiles,,,,,,,,,0.9999999999999999,0.039810717055349734,coupling,0.019643817856915935,0.015837317920319838,0.019643817856916046,1.0.0
F5,epps_envelope,all_discrete_representation_profiles,,,,,,,,,0.9999999999999999,0.04136820402388507,coupling,0.020401806163924285,0.016450078545702906,0.020401806163924285,1.0.0
F5,epps_envelope,all_discrete_representation_profiles,,,,,,,,,0.9999999999999999,0.042986623470822764,coupling,0.021188618218194177,0.017086271468083947,0.021188618218194177,1.0.0
F5,epps_envelope,all_discrete_representation_profiles,,,,,,,,,0.9999999999999999,0.0446683592150963,coupling,0.02200531650378068,0.017746770878047324,0.02200531650378068,1.0.0
F5,epps_envelope,all_discrete_representation_profiles,,,,,,,,,0.9999999999999999,0.046415888336127795,coupling,0.022853000003739243,0.01843248184199131,0.022853000003739354,1.0.0
F5,epps_envelope,all_discrete_representation_profiles,,,,,,,,,0.9999999999999999,0.04823178482239307,coupling,0.02373280523947563,0.019144341253115815,0.02373280523947563,1.0.0
F5,epps_envelope,all_discrete_representation_profiles,,,,,,,,,0.9999999999999999,0.05011872336272722,coupling,0.0246459073216293,0.01988331880010763,0.0246459073216293,1.0.0
F5,epps_envelope,all_discrete_representation_profiles,,,,,,,,,0.9999999999999999,0.052079483285954624,coupling,0.025593521010846,0.020650417952778444,0.02559352101084611,1.0.0
F5,epps_envelope,all_discrete_representation_profiles,,,,,,,,,0.9999999999999999,0.054116952654646375,coupling,0.026576901786577456,0.021446676963778,0.026576901786577456,1.0.0
F5,epps_envelope,all_discrete_representation_profiles,,,,,,,,,0.9999999999999999,0.056234132519034905,coupling,0.027597346921830246,0.022273169885365207,0.027597346921830357,1.0.0
F5,epps_envelope,all_discrete_representation_profiles,,,,,,,,,0.9999999999999999,0.05843414133735175,coupling,0.0286561965615465,0.023131007600068476,0.02865619656154661,1.0.0
F5,epps_envelope,all_discrete_representation_profiles,,,,,,,,,0.9999999999999999,0.060720219569098836,coupling,0.029754834802033114,0.02402133886389224,0.029754834802033114,1.0.0
F5,epps_envelope,all_discrete_representation_profiles,,,,,,,,,0.9999999999999999,0.06309573444801933,coupling,0.030894690768586974,0.024945351360556756,0.030894690768587085,1.0.0
F5,epps_envelope,all_discrete_representation_profiles,,,,,,,,,0.9999999999999999,0.06556418494179789,coupling,0.032077239688160675,0.025904272765049252,0.032077239688160675,1.0.0
F5,epps_envelope,all_discrete_representation_profiles,,,,,,,,,0.9999999999999999,0.06812920690579612,coupling,0.03330400395359234,0.026899371814566697,0.03330400395359234,1.0.0
F5,epps_envelope,all_discrete_representation_profiles,,,,,,,,,0.9999999999999999,0.07079457843841377,coupling,0.03457655417558336,0.027931959384691396,0.03457655417558336,1.0.0
F5,epps_envelope,all_discrete_representation_profiles,,,,,,,,,0.9999999999999999,0.07356422544596414,coupling,0.035896510218241584,0.02900338956839943,0.035896510218241584,1.0.0
F5,epps_envelope,all_discrete_representation_profiles,,,,,,,,,0.9999999999999999,0.07644222742526002,coupling,0.037265542213612446,0.030115060755237955,0.03726554221361256,1.0.0
F5,epps_envelope,all_discrete_representation_profiles,,,,,,,,,0.9999999999999999,0.07943282347242814,coupling,0.03868537155020979,0.03126841670772196,0.0386853715502099,1.0.0
F5,epps_envelope,all_discrete_representation_profiles,,,,,,,,,0.9999999999999999,0.08254041852680186,coupling,0.0401577718301086,0.03246494763169294,0.0401577718301086,1.0.0
F5,epps_envelope,all_discrete_representation_profiles,,,,,,,,,0.9999999999999999,0.08576958985908942,coupling,0.041684569788693615,0.033706191237061645,0.041684569788693726,1.0.0
F5,epps_envelope,all_discrete_representation_profiles,,,,,,,,,0.9999999999999999,0.08912509381337455,coupling,0.04326764617066026,0.03499373378499859,0.04326764617066026,1.0.0
F5,epps_envelope,all_discrete_representation_profiles,,,,,,,,,0.9999999999999999,0.09261187281287933,coupling,0.04490893655532402,0.036329211117271165,0.04490893655532402,1.0.0
F5,epps_envelope,all_discrete_representation_profiles,,,,,,,,,0.9999999999999999,0.09623506263980887,coupling,0.046610432123747936,0.037714309663016254,0.046610432123747936,1.0.0
F5,epps_envelope,all_discrete_representation_profiles,,,,,,,,,0.9999999999999999,0.1,coupling,0.04837418035959584,0.039150767417825305,0.04837418035959573,1.0.0
F5,epps_envelope,all_discrete_representation_profiles,,,,,,,,,0.9999999999999999,0.10391223038351691,coupling,0.050202285675000846,0.040640374889550857,0.050202285675000846,1.0.0
F5,epps_envelope,all_discrete_representation_profiles,,,,,,,,,0.9999999999999999,0.10797751623277094,coupling,0.05209690995208338,0.042184976004777774,0.05209690995208349,1.0.0
F5,epps_envelope,all_discrete_representation_profiles,,,,,,,,,0.9999999999999999,0.1122018454301963,coupling,0.054060272990063774,0.04378646896938154,0.054060272990063774,1.0.0
F5,epps_envelope,all_discrete_representation_profiles,,,,,,,,,0.9999999999999999,0.11659144011798311,coupling,0.05609465284719972,0.04544680707606208,0.05609465284719972,1.0.0
F5,epps_envelope,all_discrete_representation_profiles,,,,,,,,,0.9999999999999999,0.12115276586285889,coupling,0.05820238606602568,0.04716799945117167,0.05820238606602568,1.0.0
F5,epps_envelope,all_discrete_representation_profiles,,,,,,,,,0.9999999999999999,0.12589254117941676,coupling,0.06038586776959032,0.04895211173254865,0.06038586776959032,1.0.0
F5,epps_envelope,all_discrete_representation_profiles,,,,,,,,,0.9999999999999999,0.13081774742601943,coupling,0.06264755161558022,0.05080126666944473,0.06264755161558022,1.0.0
F5,epps_envelope,all_discrete_representation_profiles,,,,,,,,,0.9999999999999999,0.13593563908785256,coupling,0.06498994959437454,0.052717644634956984,0.06498994959437454,1.0.0
F5,epps_envelope,all_discrete_representation_profiles,,,,,,,,,0.9999999999999999,0.1412537544622754,coupling,0.06741563165621522,0.05470348404069081,0.06741563165621534,1.0.0
F5,epps_envelope,all_discrete_representation_profiles,,,,,,,,,0.9999999999999999,0.1467799267622069,coupling,0.06992722515178607,0.05676108164264049,0.06992722515178618,1.0.0
F5,epps_envelope,all_discrete_representation_profiles,,,,,,,,,0.9999999999999999,0.15252229565390182,coupling,0.07252741406958418,0.058892792726523036,0.0725274140695843,1.0.0
F5,epps_envelope,all_discrete_representation_profiles,,,,,,,,,0.9999999999999999,0.1584893192461114,coupling,0.07521893805254476,0.06110103116000132,0.07521893805254476,1.0.0
F5,epps_envelope,all_discrete_representation_profiles,,,,,,,,,0.9999999999999999,0.1646897865482869,coupling,0.07800459117543979,0.06338826929842134,0.07800459117543979,1.0.0
F5,epps_envelope,all_discrete_representation_profiles,,,,,,,,,0.9999999999999999,0.1711328304161781,coupling,0.08088722046363173,0.06575703772983499,0.08088722046363173,1.0.0
F5,epps_envelope,all_discrete_representation_profiles,,,,,,,,,0.9999999999999999,0.1778279410038923,coupling,0.08386972413281457,0.06820992484420774,0.08386972413281457,1.0.0
F5,epps_envelope,all_discrete_representation_profiles,,,,,,,,,0.9999999999999999,0.18478497974222907,coupling,0.08695504952844357,0.07074957621081901,0.08695504952844368,1.0.0
F5,epps_envelope,all_discrete_representation_profiles,,,,,,,,,0.9999999999999999,0.1920141938638801,coupling,0.09014619074263674,0.07337869374694261,0.09014619074263663,1.0.0
F5,epps_envelope,all_discrete_representation_profiles,,,,,,,,,0.9999999999999999,0.19952623149688786,coupling,0.09344618588543296,0.07610003465996928,0.09344618588543296,1.0.0
F5,epps_envelope,all_discrete_representation_profiles,,,,,,,,,0.9999999999999999,0.2073321573485954,coupling,0.09685811398644695,0.07891641014419104,0.09685811398644695,1.0.0
F5,epps_envelope,all_discrete_representation_profiles,,,,,,,,,0.9999999999999999,0.21544346900318845,coupling,0.10038509150214858,0.081830683812526,0.10038509150214858,1.0.0
F5,epps_envelope,all_discrete_representation_profiles,,,,,,,,,0.9999999999999999,0.223872113856834,coupling,0.1040302684032629,0.08484576984251335,0.1040302684032629,1.0.0
F5,epps_envelope,all_discrete_representation_profiles,,,,,,,,,0.9999999999999999,0.23263050671536262,coupling,0.10779682381613087,0.08796463081498884,0.10779682381613076,1.0.0
F5,epps_envelope,all_discrete_representation_profiles,,,,,,,,,0.9999999999999999,0.24173154808041036,coupling,0.11168796119130975,0.09119027522292755,0.11168796119130986,1.0.0
F5,epps_envelope,all_discrete_representation_profiles,,,,,,,,,0.9999999999999999,0.25118864315095796,coupling,0.1157069029722656,0.09452575462706903,0.1157069029722656,1.0.0
F5,epps_envelope,all_discrete_representation_profiles,,,,,,,,,0.9999999999999999,0.2610157215682536,coupling,0.11985688473670608,0.09797416043409235,0.11985688473670608,1.0.0
F5,epps_envelope,all_discrete_representation_profiles,,,,,,,,,0.9999999999999999,0.2712272579332027,coupling,0.12414114878298588,0.10153862027233496,0.12414114878298588,1.0.0
F5,epps_envelope,all_discrete_representation_profiles,,,,,,,,,0.9999999999999999,0.2818382931264455,coupling,0.12856293713407485,0.10522229393932381,0.12856293713407485,1.0.0
F5,epps_envelope,all_discrete_representation_profiles,,,,,,,,,0.9999999999999999,0.29286445646252374,coupling,0.13312548393187407,0.10902836889477197,0.13312548393187418,1.0.0
F5,epps_envelope,all_discrete_representation_profiles,,,,,,,,,0.9999999999999999,0.3043219887107722,coupling,0.13783200719520272,0.11296005527216935,0.13783200719520272,1.0.0
F5,epps_envelope,all_discrete_representation_profiles,,,,,,,,,0.9999999999999999,0.31622776601683794,coupling,0.14268569991561075,0.11702058038170304,0.14268569991561086,1.0.0
F5,epps_envelope,all_discrete_representation_profiles,,,,,,,,,0.9999999999999999,0.3285993247600654,coupling,0.1476897204663249,0.12121318267700187,0.1476897204663249,1.0.0
F5,epps_envelope,all_discrete_representation_profiles,,,,,,,,,0.9999999999999999,0.34145488738336005,coupling,0.1528471823011468,0.12554110515813188,0.1528471823011468,1.0.0
F5,epps_envelope,all_discrete_representation_profiles,,,,,,,,,0.9999999999999999,0.3548133892335753,coupling,0.1581611429220403,0.13000758818340308,0.15816114292204042,1.0.0
F5,epps_envelope,all_discrete_representation_profiles,,,,,,,,,0.9999999999999999,0.36869450645195734,coupling,0.16363459209650233,0.13461586166291295,0.16363459209650233,1.0.0
F5,epps_envelope,all_discrete_representation_profiles,,,,,,,,,0.9999999999999999,0.38311868495572887,coupling,0.1692704393086567,0.1393691366073878,0.1692704393086566,1.0.0
F5,epps_envelope,all_discrete_representation_profiles,,,,,,,,,0.9999999999999999,0.3981071705534973,coupling,0.17507150043139486,0.14427059600680192,0.17507150043139474,1.0.0
F5,epps_envelope,all_discrete_representation_profiles,,,,,,,,,0.9999999999999999,0.4136820402388507,coupling,0.1810404836108418,0.1493233850145328,0.1810404836108418,1.0.0
F5,epps_envelope,all_discrete_representation_profiles,,,,,,,,,0.9999999999999999,0.42986623470822766,coupling,0.18717997435900813,0.15453060041443167,0.18717997435900802,1.0.0
F5,epps_envelope,all_discrete_representation_profiles,,,,,,,,,0.9999999999999999,0.44668359215096304,coupling,0.19349241985574972,0.15989527935025527,0.19349241985574972,1.0.0
F5,epps_envelope,all_discrete_representation_profiles,,,,,,,,,0.9999999999999999,0.46415888336127775,coupling,0.19998011246712266,0.16542038729940678,0.19998011246712266,1.0.0
F5,epps_envelope,all_discrete_representation_profiles,,,,,,,,,0.9999999999999999,0.4823178482239304,coupling,0.20664517249395264,0.1711088052759494,0.20664517249395264,1.0.0
F5,epps_envelope,all_discrete_representation_profiles,,,,,,,,,0.9999999999999999,0.5011872336272725,coupling,0.2134895301719668,0.17696331625141504,0.2134895301719668,1.0.0
F5,epps_envelope,all_discrete_representation_profiles,,,,,,,,,0.9999999999999999,0.5207948328595465,coupling,0.2205149069531952,0.1829865907860826,0.2205149069531952,1.0.0
F5,epps_envelope,all_discrete_representation_profiles,,,,,,,,,0.9999999999999999,0.5411695265464638,coupling,0.22772279610757518,0.1891811718681995,0.22772279610757518,1.0.0
F5,epps_envelope,all_discrete_representation_profiles,,,,,,,,,0.9999999999999999,0.5623413251903491,coupling,0.23511444269379167,0.1955494589640906,0.23511444269379167,1.0.0
F5,epps_envelope,all_discrete_representation_profiles,,,,,,,,,0.9999999999999999,0.5843414133735175,coupling,0.24269082295939237,0.20209369128831656,0.24269082295939237,1.0.0
F5,epps_envelope,all_discrete_representation_profiles,,,,,,,,,0.9999999999999999,0.6072021956909883,coupling,0.2504526232421074,0.20881593031001988,0.2504526232421074,1.0.0
F5,epps_envelope,all_discrete_representation_profiles,,,,,,,,,0.9999999999999999,0.630957344480193,coupling,0.2584002184570767,0.21571804151939034,0.2584002184570767,1.0.0
F5,epps_envelope,all_discrete_representation_profiles,,,,,,,,,0.9999999999999999,0.6556418494179785,coupling,0.26653365026831366,0.2228016754868135,0.26653365026831366,1.0.0
F5,epps_envelope,all_discrete_representation_profiles,,,,,,,,,0.9999999999999999,0.6812920690579615,coupling,0.2748526050571576,0.23006824825677252,0.2748526050571576,1.0.0
F5,epps_envelope,all_discrete_representation_profiles,,,,,,,,,0.9999999999999999,0.707945784384138,coupling,0.2833563918156189,0.23751892112895867,0.2833563918156189,1.0.0
F5,epps_envelope,all_discrete_representation_profiles,,,,,,,,,0.9999999999999999,0.7356422544596414,coupling,0.29204392010831304,0.24515457989034095,0.29204392010831304,1.0.0
F5,epps_envelope,all_discrete_representation_profiles,,,,,,,,,0.9999999999999999,0.7644222742526002,coupling,0.3009136782629733,0.25297581357411447,0.3009136782629732,1.0.0
F5,epps_envelope,all_discrete_representation_profiles,,,,,,,,,0.9999999999999999,0.7943282347242814,coupling,0.30996371196619465,0.2609828928345027,0.30996371196619465,1.0.0
F5,epps_envelope,all_discrete_representation_profiles,,,,,,,,,0.9999999999999999,0.8254041852680182,coupling,0.31919160345788833,0.26917574804027333,0.31919160345788833,1.0.0
F5,epps_envelope,all_discrete_representation_profiles,,,,,,,,,0.9999999999999999,0.8576958985908937,coupling,0.3285944515347111,0.2775539472044939,0.32859445153471123,1.0.0
F5,epps_envelope,all_discrete_representation_profiles,,,,,,,,,0.9999999999999999,0.8912509381337459,coupling,0.33816885258920915,0.28611667388342166,0.33816885258920915,1.0.0
F5,epps_envelope,all_discrete_representation_profiles,,,,,,,,,0.9999999999999999,0.9261187281287937,coupling,0.34791088292728023,0.294862705193387,0.34791088292728023,1.0.0
F5,epps_envelope,all_discrete_representation_profiles,,,,,,,,,0.9999999999999999,0.9623506263980888,coupling,0.3578160826215,0.30379039011096653,0.3578160826215,1.0.0
F5,epps_envelope,all_discrete_representation_profiles,,,,,,,,,0.9999999999999999,1.0,coupling,0.3678794411714422,0.3128976282384692,0.36787944117144233,1.0.0
F5,epps_envelope,all_discrete_representation_profiles,,,,,,,,,0.9999999999999999,1.0391223038351691,coupling,0.3780953852540082,0.32218184923360693,0.3780953852540082,1.0.0
F5,epps_envelope,all_discrete_representation_profiles,,,,,,,,,0.9999999999999999,1.0797751623277094,coupling,0.3884577688564296,0.3316399931189309,0.3884577688564296,1.0.0
F5,epps_envelope,all_discrete_representation_profiles,,,,,,,,,0.9999999999999999,1.122018454301963,coupling,0.39895986609159884,0.3412684917029333,0.39895986609159884,1.0.0
F5,epps_envelope,all_discrete_representation_profiles,,,,,,,,,0.9999999999999999,1.165914401179831,coupling,0.4095943669991393,0.3510632513603198,0.4095943669991393,1.0.0
F5,epps_envelope,all_discrete_representation_profiles,,,,,,,,,0.9999999999999999,1.2115276586285888,coupling,0.4203533766356461,0.36101963743350596,0.4203533766356461,1.0.0
F5,epps_envelope,all_discrete_representation_profiles,,,,,,,,,0.9999999999999999,1.2589254117941675,coupling,0.43122841775322707,0.3711324605304853,0.43122841775322707,1.0.0
F5,epps_envelope,all_discrete_representation_profiles,,,,,,,,,0.9999999999999999,1.3081774742601942,coupling,0.44221043735631227,0.38139596500543405,0.44221043735631227,1.0.0
F5,epps_envelope,all_discrete_representation_profiles,,,,,,,,,0.9999999999999999,1.3593563908785256,coupling,0.4532898174121037,0.3918038199172664,0.4532898174121037,1.0.0
F5,epps_envelope,all_discrete_representation_profiles,,,,,,,,,0.9999999999999999,1.412537544622754,coupling,0.46445638996952343,0.40234911276737806,0.46445638996952343,1.0.0
F5,epps_envelope,all_discrete_representation_profiles,,,,,,,,,0.9999999999999999,1.467799267622069,coupling,0.4756994569145737,0.41302434632042495,0.4756994569145737,1.0.0
F5,epps_envelope,all_discrete_representation_profiles,,,,,,,,,0.9999999999999999,1.5252229565390183,coupling,0.48700781455627185,0.4238214388106939,0.48700781455627173,1.0.0
F5,epps_envelope,all_discrete_representation_profiles,,,,,,,,,0.9999999999999999,1.584893192461114,coupling,0.49836978319642966,0.43473172783081393,0.49836978319642966,1.0.0
F5,epps_envelope,all_discrete_representation_profiles,,,,,,,,,0.9999999999999999,1.6468978654828688,coupling,0.5097732417883298,0.4457459781887214,0.5097732417883298,1.0.0
F5,epps_envelope,all_discrete_representation_profiles,,,,,,,,,0.9999999999999999,1.711328304161781,coupling,0.5212056677337433,0.4568543940023616,0.5212056677337433,1.0.0
F5,epps_envelope,all_discrete_representation_profiles,,,,,,,,,0.9999999999999999,1.7782794100389228,coupling,0.5326541818048475,0.468046635279071,0.5326541818048475,1.0.0
F5,epps_envelope,all_discrete_representation_profiles,,,,,,,,,0.9999999999999999,1.8478497974222907,coupling,0.5441055981077745,0.4793118391975211,0.5441055981077745,1.0.0
F5,epps_envelope,all_discrete_representation_profiles,,,,,,,,,0.9999999999999999,1.920141938638801,coupling,0.5555464789282512,0.4906386462740808,0.555546478928251,1.0.0
F5,epps_envelope,all_discrete_representation_profiles,,,,,,,,,0.9999999999999999,1.9952623149688788,coupling,0.5669631942178965,0.5020152315522459,0.5669631942178965,1.0.0
F5,epps_envelope,all_discrete_representation_profiles,,,,,,,,,0.9999999999999999,2.073321573485954,coupling,0.578341985393255,0.5134293409031897,0.578341985393255,1.0.0
F5,epps_envelope,all_discrete_representation_profiles,,,,,,,,,0.9999999999999999,2.1544346900318843,coupling,0.5896690330298868,0.5248683324675367,0.5896690330298868,1.0.0
F5,epps_envelope,all_discrete_representation_profiles,,,,,,,,,0.9999999999999999,2.23872113856834,coupling,0.6009305279424364,0.5363192232033076,0.6009305279424364,1.0.0
F5,epps_envelope,all_discrete_representation_profiles,,,,,,,,,0.9999999999999999,2.3263050671536263,coupling,0.6121127450504412,0.547768740433025,0.6121127450504412,1.0.0
F5,epps_envelope,all_discrete_representation_profiles,,,,,,,,,0.9999999999999999,2.4173154808041035,coupling,0.6232021193408613,0.5592033782047998,0.6232021193408613,1.0.0
F5,epps_envelope,all_discrete_representation_profiles,,,,,,,,,0.9999999999999999,2.5118864315095797,coupling,0.6341853231543388,0.570609458198728,0.6341853231543388,1.0.0
F5,epps_envelope,all_discrete_representation_profiles,,,,,,,,,0.9999999999999999,2.610157215682536,coupling,0.645049343945574,0.5819731948222368,0.645049343945574,1.0.0
F5,epps_envelope,all_discrete_representation_profiles,,,,,,,,,0.9999999999999999,2.712272579332027,coupling,0.6557815616016738,0.5932807640475442,0.6557815616016738,1.0.0
F5,epps_envelope,all_discrete_representation_profiles,,,,,,,,,0.9999999999999999,2.818382931264452,coupling,0.6663698243486582,0.6045183754528582,0.6663698243486582,1.0.0
F5,epps_envelope,all_discrete_representation_profiles,,,,,,,,,0.9999999999999999,2.9286445646252375,coupling,0.6768025222382381,0.6156723468382921,0.6768025222382381,1.0.0
F5,epps_envelope,all_discrete_representation_profiles,,,,,,,,,0.9999999999999999,3.043219887107722,coupling,0.6870686571871245,0.626729180699962,0.6870686571871245,1.0.0
F5,epps_envelope,all_discrete_representation_profiles,,,,,,,,,0.9999999999999999,3.1622776601683795,coupling,0.6971579085418442,0.6376756417638336,0.6971579085418442,1.0.0
F5,epps_envelope,all_discrete_representation_profiles,,,,,,,,,0.9999999999999999,3.285993247600654,coupling,0.7070606931652865,0.6484988347071717,0.7070606931652865,1.0.0
F5,epps_envelope,all_discrete_representation_profiles,,,,,,,,,0.9999999999999999,3.4145488738336005,coupling,0.7167682190885005,0.6591862811327475,0.7167682190885005,1.0.0
F5,epps_envelope,all_discrete_representation_profiles,,,,,,,,,0.9999999999999999,3.5481338923357533,coupling,0.7262725318434002,0.669725994811978,0.7262725318434002,1.0.0
F5,epps_envelope,all_discrete_representation_profiles,,,,,,,,,0.9999999999999999,3.6869450645195734,coupling,0.7355665526891382,0.6801065541806576,0.7355665526891382,1.0.0
F5,epps_envelope,all_discrete_representation_profiles,,,,,,,,,0.9999999999999999,3.831186849557289,coupling,0.7446441080662156,0.6903171710574256,0.7446441080662156,1.0.0
F5,epps_envelope,all_discrete_representation_profiles,,,,,,,,,0.9999999999999999,3.981071705534973,coupling,0.7534999497562151,0.7003477545628525,0.7534999497562151,1.0.0
F5,epps_envelope,all_discrete_representation_profiles,,,,,,,,,0.9999999999999999,4.136820402388507,coupling,0.7621297653887515,0.7101889692478396,0.7621297653887515,1.0.0
F5,epps_envelope,all_discrete_representation_profiles,,,,,,,,,0.9999999999999999,4.298662347082277,coupling,0.7705301791171975,0.719832286495206,0.7705301791171975,1.0.0
F5,epps_envelope,all_discrete_representation_profiles,,,,,,,,,0.9999999999999999,4.46683592150963,coupling,0.7786987424764674,0.7292700283385023,0.7786987424764674,1.0.0
F5,epps_envelope,all_discrete_representation_profiles,,,,,,,,,0.9999999999999999,4.6415888336127775,coupling,0.7866339156342774,0.7384954029470598,0.7866339156342774,1.0.0
F5,epps_envelope,all_discrete_representation_profiles,,,,,,,,,0.9999999999999999,4.823178482239304,coupling,0.7943350394458597,0.7475025311550259,0.7943350394458597,1.0.0
F5,epps_envelope,all_discrete_representation_profiles,,,,,,,,,0.9999999999999999,5.011872336272719,coupling,0.8018022989146794,0.7562864635626516,0.8018022989146794,1.0.0
F5,epps_envelope,all_discrete_representation_profiles,,,,,,,,,0.9999999999999999,5.207948328595465,coupling,0.8090366788416429,0.7648431879074489,0.8090366788416429,1.0.0
F5,epps_envelope,all_discrete_representation_profiles,,,,,,,,,0.9999999999999999,5.411695265464638,coupling,0.8160399126061197,0.773169626587091,0.8160399126061197,1.0.0
F5,epps_envelope,all_discrete_representation_profiles,,,,,,,,,0.9999999999999999,5.62341325190349,coupling,0.8228144251577327,0.7812636244103296,0.8228144251577327,1.0.0
F5,epps_envelope,all_discrete_representation_profiles,,,,,,,,,0.9999999999999999,5.843414133735175,coupling,0.829363271403004,0.7891239268511366,0.829363271403004,1.0.0
F5,epps_envelope,all_discrete_representation_profiles,,,,,,,,,0.9999999999999999,6.072021956909884,coupling,0.835690071241349,0.7967501492786511,0.835690071241349,1.0.0
F5,epps_envelope,all_discrete_representation_profiles,,,,,,,,,0.9999999999999999,6.30957344480193,coupling,0.8417989425376793,0.8041427378247505,0.8417989425376793,1.0.0
F5,epps_envelope,all_discrete_representation_profiles,,,,,,,,,0.9999999999999999,6.556418494179785,coupling,0.8476944333127259,0.8113029227255913,0.8476944333127259,1.0.0
F5,epps_envelope,all_discrete_representation_profiles,,,,,,,,,0.9999999999999999,6.812920690579615,coupling,0.8533814543874902,0.8182326651268552,0.8533814543874902,1.0.0
F5,epps_envelope,all_discrete_representation_profiles,,,,,,,,,0.9999999999999999,7.07945784384138,coupling,0.8588652136371452,0.824934598468851,0.8588652136371452,1.0.0
F5,epps_envelope,all_discrete_representation_profiles,,,,,,,,,0.9999999999999999,7.3564225445964135,coupling,0.864151152896055,0.8314119656620367,0.864151152896055,1.0.0
F5,epps_envelope,all_discrete_representation_profiles,,,,,,,,,0.9999999999999999,7.644222742526002,coupling,0.8692448884147148,0.8376685533221285,0.8692448884147148,1.0.0
F5,epps_envelope,all_discrete_representation_profiles,,,,,,,,,0.9999999999999999,7.943282347242813,coupling,0.8741521556079044,0.8437086243543447,0.8741521556079044,1.0.0
F5,epps_envelope,all_discrete_representation_profiles,,,,,,,,,0.9999999999999999,8.254041852680182,coupling,0.8788787586586432,0.8495368501577119,0.8788787586586432,1.0.0
F5,epps_envelope,all_discrete_representation_profiles,,,,,,,,,0.9999999999999999,8.576958985908938,coupling,0.8834305253624954,0.8551582436637049,0.8834305253624954,1.0.0
F5,epps_envelope,all_discrete_representation_profiles,,,,,,,,,0.9999999999999999,8.91250938133745,coupling,0.887813267419244,0.8605780943314827,0.887813267419244,1.0.0
F5,epps_envelope,all_discrete_representation_profiles,,,,,,,,,0.9999999999999999,9.261187281287937,coupling,0.8920327462112507,0.8658019060989774,0.8920327462112507,1.0.0
F5,epps_envelope,all_discrete_representation_profiles,,,,,,,,,0.9999999999999999,9.623506263980888,coupling,0.8960946439563474,0.8708353391408544,0.8960946439563474,1.0.0
F5,epps_envelope,all_discrete_representation_profiles,,,,,,,,,0.9999999999999999,10.0,coupling,0.9000045399929762,0.8756841561177927,0.9000045399929762,1.0.0
F5,epps_envelope,all_discrete_representation_profiles,,,,,,,,,0.9999999999999999,10.39122303835169,coupling,0.9037678918500767,0.8803541734242527,0.9037678918500767,1.0.0
F5,epps_envelope,all_discrete_representation_profiles,,,,,,,,,0.9999999999999999,10.797751623277094,coupling,0.9073900206758295,0.8848512177618324,0.9073900206758295,1.0.0
F5,epps_envelope,all_discrete_representation_profiles,,,,,,,,,0.9999999999999999,11.220184543019629,coupling,0.910876100548047,0.8891810881901613,0.910876100548047,1.0.0
F5,epps_envelope,all_discrete_representation_profiles,,,,,,,,,0.9999999999999999,11.659144011798311,coupling,0.9142311511634624,0.893349523644137,0.9142311511634624,1.0.0
F5,epps_envelope,all_discrete_representation_profiles,,,,,,,,,0.9999999999999999,12.115276586285876,coupling,0.9174600334008327,0.8973621757611796,0.9174600334008327,1.0.0
F5,epps_envelope,all_discrete_representation_profiles,,,,,,,,,0.9999999999999999,12.589254117941662,coupling,0.9205674472700534,0.9012245867397125,0.9205674472700534,1.0.0
F5,epps_envelope,all_discrete_representation_profiles,,,,,,,,,0.9999999999999999,13.081774742601928,coupling,0.9235579317922211,0.9049421718533182,0.9235579317922211,1.0.0
F5,epps_envelope,all_discrete_representation_profiles,,,,,,,,,0.9999999999999999,13.593563908785242,coupling,0.926435866399322,0.9085202061753437,0.926435866399322,1.0.0
F5,epps_envelope,all_discrete_representation_profiles,,,,,,,,,0.9999999999999999,14.125375446227554,coupling,0.9292054734926704,0.9119638150258659,0.9292054734926704,1.0.0
F5,epps_envelope,all_discrete_representation_profiles,,,,,,,,,0.9999999999999999,14.677992676220706,coupling,0.931870821852431,0.9152779676351527,0.931870821852431,1.0.0
F5,epps_envelope,all_discrete_representation_profiles,,,,,,,,,0.9999999999999999,15.252229565390198,coupling,0.9344358306432281,0.918467473522123,0.9344358306432281,1.0.0
F5,epps_envelope,all_discrete_representation_profiles,,,,,,,,,0.9999999999999999,15.848931924611142,coupling,0.9369042738103884,0.9215369811090075,0.9369042738103884,1.0.0
F5,epps_envelope,all_discrete_representation_profiles,,,,,,,,,0.9999999999999999,16.46897865482869,coupling,0.9392797847060061,0.9244909781301615,0.9392797847060061,1.0.0
F5,epps_envelope,all_discrete_representation_profiles,,,,,,,,,0.9999999999999999,17.11328304161781,coupling,0.9415658608226907,0.927333793439319,0.9415658608226907,1.0.0
F5,epps_envelope,all_discrete_representation_profiles,,,,,,,,,0.9999999999999999,17.78279410038923,coupling,0.9437658685451832,0.9300695998713141,0.9437658685451832,1.0.0
F5,epps_envelope,all_discrete_representation_profiles,,,,,,,,,0.9999999999999999,18.478497974222908,coupling,0.9458830478561215,0.9327024178676544,0.9458830478561215,1.0.0
F5,epps_envelope,all_discrete_representation_profiles,,,,,,,,,0.9999999999999999,19.20141938638801,coupling,0.9479205169526046,0.9352361196272476,0.9479205169526046,1.0.0
F5,epps_envelope,all_discrete_representation_profiles,,,,,,,,,0.9999999999999999,19.952623149688787,coupling,0.9498812767455871,0.9376744335917127,0.9498812767455871,1.0.0
F5,epps_envelope,all_discrete_representation_profiles,,,,,,,,,0.9999999999999999,20.73321573485954,coupling,0.9517682152253611,0.9400209491175184,0.9517682152253611,1.0.0
F5,epps_envelope,all_discrete_representation_profiles,,,,,,,,,0.9999999999999999,21.54434690031882,coupling,0.9535841116842931,0.9422791212238517,0.9535841116842931,1.0.0
F5,epps_envelope,all_discrete_representation_profiles,,,,,,,,,0.9999999999999999,22.38721138568338,coupling,0.9553316407933634,0.9444522753354084,0.9553316407933634,1.0.0
F5,epps_envelope,all_discrete_representation_profiles,,,,,,,,,0.9999999999999999,23.263050671536238,coupling,0.9570133765325681,0.9465436119634998,0.9570133765325681,1.0.0
F5,epps_envelope,all_discrete_representation_profiles,,,,,,,,,0.9999999999999999,24.173154808041012,coupling,0.9586317959774283,0.9485562112875504,0.9586317959774283,1.0.0
F5,epps_envelope,all_discrete_representation_profiles,,,,,,,,,0.9999999999999999,25.11886431509582,coupling,0.9601892829451413,0.9504930376130215,0.9601892829451413,1.0.0
F5,epps_envelope,all_discrete_representation_profiles,,,,,,,,,0.9999999999999999,26.101572156825384,coupling,0.961688131504604,0.9523569436918695,0.961688131504604,1.0.0
F5,epps_envelope,all_discrete_representation_profiles,,,,,,,,,0.9999999999999999,27.122725793320296,coupling,0.9631305493548655,0.9541506748986727,0.9631305493548655,1.0.0
F5,epps_envelope,all_discrete_representation_profiles,,,,,,,,,0.9999999999999999,28.183829312644548,coupling,0.9645186610766628,0.95587687326027,0.9645186610766628,1.0.0
F5,epps_envelope,all_discrete_representation_profiles,,,,,,,,,0.9999999999999999,29.28644564625237,coupling,0.9658545112616705,0.957538081339793,0.9658545112616705,1.0.0
F5,epps_envelope,all_discrete_representation_profiles,,,,,,,,,0.9999999999999999,30.432198871077222,coupling,0.9671400675239954,0.9591367459778294,0.9671400675239954,1.0.0
F5,epps_envelope,all_discrete_representation_profiles,,,,,,,,,0.9999999999999999,31.622776601683793,coupling,0.9683772233983168,0.9606752218945293,0.9683772233983168,1.0.0
F5,epps_envelope,all_discrete_representation_profiles,,,,,,,,,0.9999999999999999,32.85993247600654,coupling,0.9695678011289229,0.9621557751570188,0.9695678011289229,1.0.0
F5,epps_envelope,all_discrete_representation_profiles,,,,,,,,,0.9999999999999999,34.145488738336006,coupling,0.9707135543537476,0.9635805865167284,0.9707135543537476,1.0.0
F5,epps_envelope,all_discrete_representation_profiles,,,,,,,,,0.9999999999999999,35.481338923357534,coupling,0.9718161706873555,0.9649517546212952,0.9718161706873555,1.0.0
F5,epps_envelope,all_discrete_representation_profiles,,,,,,,,,0.9999999999999999,36.869450645195734,coupling,0.9728772742066797,0.9662712991056402,0.9728772742066797,1.0.0
F5,epps_envelope,all_discrete_representation_profiles,,,,,,,,,0.9999999999999999,38.31186849557285,coupling,0.9738984278431746,0.9675411635667162,0.9738984278431746,1.0.0
F5,epps_envelope,all_discrete_representation_profiles,,,,,,,,,0.9999999999999999,39.81071705534969,coupling,0.9748811356849042,0.9687632184262753,0.9748811356849042,1.0.0
F5,epps_envelope,all_discrete_representation_profiles,,,,,,,,,0.9999999999999999,41.36820402388503,coupling,0.975826845191959,0.9699392636858655,0.975826845191959,1.0.0
F5,epps_envelope,all_discrete_representation_profiles,,,,,,,,,0.9999999999999999,42.98662347082272,coupling,0.9767369493284637,0.9710710315781048,0.9767369493284637,1.0.0
F5,epps_envelope,all_discrete_representation_profiles,,,,,,,,,0.9999999999999999,44.668359215096345,coupling,0.9776127886143167,0.9721601891181387,0.9776127886143167,1.0.0
F5,epps_envelope,all_discrete_representation_profiles,,,,,,,,,0.9999999999999999,46.41588833612782,coupling,0.9784556530996812,0.9732083405590364,0.9784556530996812,1.0.0
F5,epps_envelope,all_discrete_representation_profiles,,,,,,,,,0.9999999999999999,48.23178482239309,coupling,0.9792667842651405,0.9742170297547444,0.9792667842651405,1.0.0
F5,epps_envelope,all_discrete_representation_profiles,,,,,,,,,0.9999999999999999,50.118723362727245,coupling,0.9800473768503112,0.975187742434075,0.9800473768503112,1.0.0
F5,epps_envelope,all_discrete_representation_profiles,,,,,,,,,0.9999999999999999,52.07948328595465,coupling,0.980798580613612,0.9761219083890814,0.980798580613612,1.0.0
F5,epps_envelope,all_discrete_representation_profiles,,,,,,,,,0.9999999999999999,54.116952654646376,coupling,0.981521502025777,0.9770209035810415,0.981521502025777,1.0.0
F5,epps_envelope,all_discrete_representation_profiles,,,,,,,,,0.9999999999999999,56.23413251903491,coupling,0.9822172058996108,0.9778860521671532,0.9822172058996108,1.0.0
F5,epps_envelope,all_discrete_representation_profiles,,,,,,,,,0.9999999999999999,58.434141337351754,coupling,0.9828867169583821,0.9787186284509253,0.9828867169583821,1.0.0
F5,epps_envelope,all_discrete_representation_profiles,,,,,,,,,0.9999999999999999,60.72021956909884,coupling,0.9835310213451713,0.9795198587591375,0.9835310213451713,1.0.0
F5,epps_envelope,all_discrete_representation_profiles,,,,,,,,,0.9999999999999999,63.0957344480193,coupling,0.9841510680753889,0.9802909232481346,0.9841510680753889,1.0.0
F5,epps_envelope,all_discrete_representation_profiles,,,,,,,,,0.9999999999999999,65.56418494179785,coupling,0.9847477704346098,0.9810329576421143,0.9847477704346098,1.0.0
F5,epps_envelope,all_discrete_representation_profiles,,,,,,,,,0.9999999999999999,68.12920690579608,coupling,0.9853220073237793,0.9817470549059697,0.9853220073237793,1.0.0
F5,epps_envelope,all_discrete_representation_profiles,,,,,,,,,0.9999999999999999,70.79457843841374,coupling,0.9858746245537724,0.98243426685515,0.9858746245537724,1.0.0
F5,epps_envelope,all_discrete_representation_profiles,,,,,,,,,0.9999999999999999,73.56422544596406,coupling,0.9864064360912147,0.983095605704912,0.9864064360912147,1.0.0
F5,epps_envelope,all_discrete_representation_profiles,,,,,,,,,0.9999999999999999,76.44222742525994,coupling,0.986918225257398,0.9837320455612417,0.986918225257398,1.0.0
F5,epps_envelope,all_discrete_representation_profiles,,,,,,,,,0.9999999999999999,79.43282347242821,coupling,0.9874107458820583,0.9843445238556454,0.9874107458820583,1.0.0
F5,epps_envelope,all_discrete_representation_profiles,,,,,,,,,0.9999999999999999,82.5404185268019,coupling,0.9878847234137141,0.98493394272592,0.9878847234137141,1.0.0
F5,epps_envelope,all_discrete_representation_profiles,,,,,,,,,0.9999999999999999,85.76958985908946,coupling,0.9883408559882016,0.9855011703449397,0.9883408559882016,1.0.0
F5,epps_envelope,all_discrete_representation_profiles,,,,,,,,,0.9999999999999999,89.12509381337459,coupling,0.9887798154569803,0.9860470421994135,0.9887798154569803,1.0.0
F5,epps_envelope,all_discrete_representation_profiles,,,,,,,,,0.9999999999999999,92.61187281287937,coupling,0.9892022483767229,0.9865723623204995,0.9892022483767229,1.0.0
F5,epps_envelope,all_discrete_representation_profiles,,,,,,,,,0.9999999999999999,96.23506263980887,coupling,0.9896087769616483,0.9870779044680861,0.9896087769616483,1.0.0
F5,epps_envelope,all_discrete_representation_profiles,,,,,,,,,0.9999999999999999,100.0,coupling,0.99,0.9875644132704867,0.99,1.0.0
F5,epps_envelope,all_discrete_representation_profiles,,,,,,,,,0.9999999999999999,0.001,combined,2.4983340275556145e-07,2.009150969260069e-07,2.4983340275556145e-07,1.0.0
F5,epps_envelope,all_discrete_representation_profiles,,,,,,,,,0.9999999999999999,0.001039122303835169,combined,2.697568684454732e-07,2.1693802813659807e-07,2.697568684454732e-07,1.0.0
F5,epps_envelope,all_discrete_representation_profiles,,,,,,,,,0.9999999999999999,0.0010797751623277093,combined,2.912688737602039e-07,2.3423856876567732e-07,2.912688737602039e-07,1.0.0
F5,epps_envelope,all_discrete_representation_profiles,,,,,,,,,0.9999999999999999,0.001122018454301963,combined,3.1449604004687443e-07,2.5291856438137176e-07,3.1449604004687443e-07,1.0.0
F5,epps_envelope,all_discrete_representation_profiles,,,,,,,,,0.9999999999999999,0.0011659144011798323,combined,3.3957507712927047e-07,2.7308797603885577e-07,3.3957507712927047e-07,1.0.0
F5,epps_envelope,all_discrete_representation_profiles,,,,,,,,,0.9999999999999999,0.001211527658628589,combined,3.6665358655950735e-07,2.9486552656468983e-07,3.6665358655950735e-07,1.0.0
F5,epps_envelope,all_discrete_representation_profiles,,,,,,,,,0.9999999999999999,0.0012589254117941675,combined,3.9589092876240034e-07,3.1837939826209037e-07,3.9589092876240034e-07,1.0.0
F5,epps_envelope,all_discrete_representation_profiles,,,,,,,,,0.9999999999999999,0.0013081774742601943,combined,4.2745915914363573e-07,3.4376798612138735e-07,4.2745915914363573e-07,1.0.0
F5,epps_envelope,all_discrete_representation_profiles,,,,,,,,,0.9999999999999999,0.0013593563908785254,combined,4.6154403863540015e-07,3.711807109438069e-07,4.6154403863540015e-07,1.0.0
F5,epps_envelope,all_discrete_representation_profiles,,,,,,,,,0.9999999999999999,0.001412537544622754,combined,4.983461245919534e-07,4.0077889713881143e-07,4.983461245919534e-07,1.0.0
F5,epps_envelope,all_discrete_representation_profiles,,,,,,,,,0.9999999999999999,0.001467799267622069,combined,5.380819484123709e-07,4.3273672032966994e-07,5.380819484123709e-07,1.0.0
F5,epps_envelope,all_discrete_representation_profiles,,,,,,,,,0.9999999999999999,0.0015252229565390183,combined,5.809852867685685e-07,4.672422303094913e-07,5.809852867685685e-07,1.0.0
F5,epps_envelope,all_discrete_representation_profiles,,,,,,,,,0.9999999999999999,0.001584893192461114,combined,6.273085338692471e-07,5.044984553299717e-07,6.273085338692471e-07,1.0.0
F5,epps_envelope,all_discrete_representation_profiles,,,,,,,,,0.9999999999999999,0.0016468978654828688,combined,6.77324182773158e-07,5.447245941766413e-07,6.77324182773158e-07,1.0.0
F5,epps_envelope,all_discrete_representation_profiles,,,,,,,,,0.9999999999999999,0.001711328304161781,combined,7.31326424396223e-07,5.881573029966668e-07,7.31326424396223e-07,1.0.0
F5,epps_envelope,all_discrete_representation_profiles,,,,,,,,,0.9999999999999999,0.0017782794100389228,combined,7.896328735496278e-07,6.350520843971743e-07,7.896328735496278e-07,1.0.0
F5,epps_envelope,all_discrete_representation_profiles,,,,,,,,,0.9999999999999999,0.0018478497974222907,combined,8.525864320684658e-07,6.856847869230367e-07,8.525864320684658e-07,1.0.0
F5,epps_envelope,all_discrete_representation_profiles,,,,,,,,,0.9999999999999999,0.001920141938638801,combined,9.205572999070998e-07,7.403532236698643e-07,9.205572999070998e-07,1.0.0
F5,epps_envelope,all_discrete_representation_profiles,,,,,,,,,0.9999999999999999,0.001995262314968879,combined,9.93945145910503e-07,7.993789194740736e-07,9.93945145910503e-07,1.0.0
F5,epps_envelope,all_discrete_representation_profiles,,,,,,,,,0.9999999999999999,0.002073321573485954,combined,1.0731814509184588e-06,8.631089968724693e-07,1.0731814509184588e-06,1.0.0
F5,epps_envelope,all_discrete_representation_profiles,,,,,,,,,0.9999999999999999,0.0021544346900318843,combined,1.1587320368407778e-06,9.319182118266638e-07,1.1587320368407778e-06,1.0.0
F5,epps_envelope,all_discrete_representation_profiles,,,,,,,,,0.9999999999999999,0.00223872113856834,combined,1.2510997964276016e-06,1.0062111510753727e-06,1.2510997964276016e-06,1.0.0
F5,epps_envelope,all_discrete_representation_profiles,,,,,,,,,0.9999999999999999,0.0023263050671536263,combined,1.3508276396146275e-06,1.0864246039150218e-06,1.3508276396146275e-06,1.0.0
F5,epps_envelope,all_discrete_representation_profiles,,,,,,,,,0.9999999999999999,0.0024173154808041037,combined,1.4585016735743105e-06,1.1730301222184371e-06,1.4585016735743105e-06,1.0.0
F5,epps_envelope,all_discrete_representation_profiles,,,,,,,,,0.9999999999999999,0.0025118864315095794,combined,1.5747546349588696e-06,1.26653678359069e-06,1.5747546349588696e-06,1.0.0
F5,epps_envelope,all_discrete_representation_profiles,,,,,,,,,0.9999999999999999,0.0026101572156825357,combined,1.700269594263208e-06,1.3674941737320941e-06,1.700269594263208e-06,1.0.0
F5,epps_envelope,all_discrete_representation_profiles,,,,,,,,,0.9999999999999999,0.0027122725793320298,combined,1.8357839538196545e-06,1.4764956053524576e-06,1.8357839538196545e-06,1.0.0
F5,epps_envelope,all_discrete_representation_profiles,,,,,,,,,0.9999999999999999,0.002818382931264455,combined,1.9820937626125684e-06,1.5941815923320255e-06,1.9820937626125684e-06,1.0.0
F5,epps_envelope,all_discrete_representation_profiles,,,,,,,,,0.9999999999999999,0.0029286445646252374,combined,2.1400583729344042e-06,1.721243599314616e-06,2.1400583729344042e-06,1.0.0
F5,epps_envelope,all_discrete_representation_profiles,,,,,,,,,0.9999999999999999,0.003043219887107722,combined,2.3106054658623483e-06,1.8584280884879633e-06,2.3106054658623483e-06,1.0.0
F5,epps_envelope,all_discrete_representation_profiles,,,,,,,,,0.9999999999999999,0.0031622776601683794,combined,2.4947364746562917e-06,2.006540887027495e-06,2.4947364746562917e-06,1.0.0
F5,epps_envelope,all_discrete_representation_profiles,,,,,,,,,0.9999999999999999,0.003285993247600654,combined,2.6935324374537182e-06,2.1664519005191625e-06,2.6935324374537182e-06,1.0.0
F5,epps_envelope,all_discrete_representation_profiles,,,,,,,,,0.9999999999999999,0.003414548873833601,combined,2.9081603131098554e-06,2.3391001996688695e-06,2.9081603131098554e-06,1.0.0
F5,epps_envelope,all_discrete_representation_profiles,,,,,,,,,0.9999999999999999,0.0035481338923357532,combined,3.139879796667416e-06,2.525499509741637e-06,3.139879796667416e-06,1.0.0
F5,epps_envelope,all_discrete_representation_profiles,,,,,,,,,0.9999999999999999,0.0036869450645195733,combined,3.390050673800981e-06,2.726744134487296e-06,3.390050673800981e-06,1.0.0
F5,epps_envelope,all_discrete_representation_profiles,,,,,,,,,0.9999999999999999,0.003831186849557289,combined,3.660140756663736e-06,2.9440153488010165e-06,3.660140756663736e-06,1.0.0
F5,epps_envelope,all_discrete_representation_profiles,,,,,,,,,0.9999999999999999,0.003981071705534973,combined,3.951734446868761e-06,3.178588297034037e-06,3.951734446868761e-06,1.0.0
F5,epps_envelope,all_discrete_representation_profiles,,,,,,,,,0.9999999999999999,0.004136820402388507,combined,4.2665419749138144e-06,3.4318394367808062e-06,4.2665419749138144e-06,1.0.0
F5,epps_envelope,all_discrete_representation_profiles,,,,,,,,,0.9999999999999999,0.004298662347082277,combined,4.606409369207791e-06,3.7052545710580713e-06,4.606409369207791e-06,1.0.0
F5,epps_envelope,all_discrete_representation_profiles,,,,,,,,,0.9999999999999999,0.0044668359215096305,combined,4.973329211980693e-06,4.000437515162877e-06,4.973329211980693e-06,1.0.0
F5,epps_envelope,all_discrete_representation_profiles,,,,,,,,,0.9999999999999999,0.004641588833612777,combined,5.369452243851525e-06,4.319119448094223e-06,5.369452243851525e-06,1.0.0
F5,epps_envelope,all_discrete_representation_profiles,,,,,,,,,0.9999999999999999,0.004823178482239309,combined,5.797099883600073e-06,4.6631690023284765e-06,5.797099883600073e-06,1.0.0
F5,epps_envelope,all_discrete_representation_profiles,,,,,,,,,0.9999999999999999,0.005011872336272725,combined,6.258777734880693e-06,5.034603149911407e-06,6.258777734880693e-06,1.0.0
F5,epps_envelope,all_discrete_representation_profiles,,,,,,,,,0.9999999999999999,0.005207948328595465,combined,6.75719015716719e-06,5.435598947357054e-06,6.75719015716719e-06,1.0.0
F5,epps_envelope,all_discrete_representation_profiles,,,,,,,,,0.9999999999999999,0.0054116952654646375,combined,7.295255984239107e-06,5.868506206691131e-06,7.295255984239107e-06,1.0.0
F5,epps_envelope,all_discrete_representation_profiles,,,,,,,,,0.9999999999999999,0.005623413251903491,combined,7.876125479919561e-06,6.335861165211072e-06,7.876125479919561e-06,1.0.0
F5,epps_envelope,all_discrete_representation_profiles,,,,,,,,,0.9999999999999999,0.005843414133735175,combined,8.503198627782443e-06,6.840401232171891e-06,8.503198627782443e-06,1.0.0
F5,epps_envelope,all_discrete_representation_profiles,,,,,,,,,0.9999999999999999,0.006072021956909884,combined,9.180144858944391e-06,7.385080896652318e-06,9.180144858944391e-06,1.0.0
F5,epps_envelope,all_discrete_representation_profiles,,,,,,,,,0.9999999999999999,0.006309573444801929,combined,9.910924330155842e-06,7.973088887394386e-06,9.910924330156193e-06,1.0.0
F5,epps_envelope,all_discrete_representation_profiles,,,,,,,,,0.9999999999999999,0.006556418494179785,combined,1.0699810872993995e-05,8.607866682420129e-06,1.0699810872993995e-05,1.0.0
F5,epps_envelope,all_discrete_representation_profiles,,,,,,,,,0.9999999999999999,0.006812920690579615,combined,1.1551416744294691e-05,9.293128473779145e-06,1.1551416744294691e-05,1.0.0
F5,epps_envelope,all_discrete_representation_profiles,,,,,,,,,0.9999999999999999,0.00707945784384138,combined,1.2470719317936542e-05,1.003288270091798e-05,1.2470719317936542e-05,1.0.0
F5,epps_envelope,all_discrete_representation_profiles,,,,,,,,,0.9999999999999999,0.007356422544596414,combined,1.346308986883482e-05,1.0831455274878566e-05,1.346308986883482e-05,1.0.0
F5,epps_envelope,all_discrete_representation_profiles,,,,,,,,,0.9999999999999999,0.007644222742526002,combined,1.4534324611569726e-05,1.1693514624956464e-05,1.4534324611569726e-05,1.0.0
F5,epps_envelope,all_discrete_representation_profiles,,,,,,,,,0.9999999999999999,0.007943282347242814,combined,1.569067816846457e-05,1.2624098709532633e-05,1.569067816846457e-05,1.0.0
F5,epps_envelope,all_discrete_representation_profiles,,,,,,,,,0.9999999999999999,0.008254041852680182,combined,1.693889965529744e-05,1.3628644143671762e-05,1.693889965529744e-05,1.0.0
F5,epps_envelope,all_discrete_representation_profiles,,,,,,,,,0.9999999999999999,0.008576958985908946,combined,1.8286271587129648e-05,1.4713017607744492e-05,1.8286271587129648e-05,1.0.0
F5,epps_envelope,all_discrete_representation_profiles,,,,,,,,,0.9999999999999999,0.008912509381337459,combined,1.974065182217064e-05,1.5883549713896907e-05,1.974065182217064e-05,1.0.0
F5,epps_envelope,all_discrete_representation_profiles,,,,,,,,,0.9999999999999999,0.009261187281287938,combined,2.13105187780618e-05,1.714707152065474e-05,2.13105187780618e-05,1.0.0
F5,epps_envelope,all_discrete_representation_profiles,,,,,,,,,0.9999999999999999,0.009623506263980888,combined,2.3005020172795537e-05,1.851095390045044e-05,2.3005020172795537e-05,1.0.0
F5,epps_envelope,all_discrete_representation_profiles,,,,,,,,,0.9999999999999999,0.01,combined,2.4834025561444617e-05,1.9983149980405907e-05,2.4834025561444617e-05,1.0.0
F5,epps_envelope,all_discrete_representation_profiles,,,,,,,,,0.9999999999999999,0.01039122303835169,combined,2.680818296038437e-05,2.1572240893417972e-05,2.680818296038437e-05,1.0.0
F5,epps_envelope,all_discrete_representation_profiles,,,,,,,,,0.9999999999999999,0.010797751623277093,combined,2.8938979872579608e-05,2.328748509452785e-05,2.8938979872579608e-05,1.0.0
F5,epps_envelope,all_discrete_representation_profiles,,,,,,,,,0.9999999999999999,0.011220184543019636,combined,3.123880905103828e-05,2.513887151678177e-05,3.123880905103828e-05,1.0.0
F5,epps_envelope,all_discrete_representation_profiles,,,,,,,,,0.9999999999999999,0.011659144011798317,combined,3.372103936273328e-05,2.7137176861464975e-05,3.372103936273328e-05,1.0.0
F5,epps_envelope,all_discrete_representation_profiles,,,,,,,,,0.9999999999999999,0.012115276586285882,combined,3.640009214234614e-05,2.92940273397327e-05,3.640009214234614e-05,1.0.0
F5,epps_envelope,all_discrete_representation_profiles,,,,,,,,,0.9999999999999999,0.012589254117941675,combined,3.92915234540914e-05,3.162196520640369e-05,3.92915234540914e-05,1.0.0
F5,epps_envelope,all_discrete_representation_profiles,,,,,,,,,0.9999999999999999,0.013081774742601943,combined,4.241211271097651e-05,3.413452045218834e-05,4.2412112710977236e-05,1.0.0
F5,epps_envelope,all_discrete_representation_profiles,,,,,,,,,0.9999999999999999,0.013593563908785255,combined,4.577995813395527e-05,3.684628804784527e-05,4.577995813395527e-05,1.0.0
F5,epps_envelope,all_discrete_representation_profiles,,,,,,,,,0.9999999999999999,0.01412537544622754,combined,4.941457956906886e-05,3.9773011163086453e-05,4.941457956906886e-05,1.0.0
F5,epps_envelope,all_discrete_representation_profiles,,,,,,,,,0.9999999999999999,0.014677992676220698,combined,5.333702921868605e-05,4.293167081430352e-05,5.333702921868605e-05,1.0.0
F5,epps_envelope,all_discrete_representation_profiles,,,,,,,,,0.9999999999999999,0.01525222956539019,combined,5.757001088356823e-05,4.634058242875441e-05,5.757001088356823e-05,1.0.0
F5,epps_envelope,all_discrete_representation_profiles,,,,,,,,,0.9999999999999999,0.015848931924611134,combined,6.21380083560341e-05,5.001949984869978e-05,6.21380083560341e-05,1.0.0
F5,epps_envelope,all_discrete_representation_profiles,,,,,,,,,0.9999999999999999,0.01646897865482868,combined,6.706742365097815e-05,5.398972733742465e-05,6.706742365097815e-05,1.0.0
F5,epps_envelope,all_discrete_representation_profiles,,,,,,,,,0.9999999999999999,0.01711328304161781,combined,7.238672581103307e-05,5.827424019006566e-05,7.238672581103307e-05,1.0.0
F5,epps_envelope,all_discrete_representation_profiles,,,,,,,,,0.9999999999999999,0.01778279410038923,combined,7.812661107525307e-05,6.289781459609966e-05,7.812661107525307e-05,1.0.0
F5,epps_envelope,all_discrete_representation_profiles,,,,,,,,,0.9999999999999999,0.018478497974222907,combined,8.432017525716599e-05,6.788716744721223e-05,8.432017525716599e-05,1.0.0
F5,epps_envelope,all_discrete_representation_profiles,,,,,,,,,0.9999999999999999,0.01920141938638801,combined,9.100309923833014e-05,7.327110683431692e-05,9.100309923833014e-05,1.0.0
F5,epps_envelope,all_discrete_representation_profiles,,,,,,,,,0.9999999999999999,0.0199526231496888,combined,9.821384854779615e-05,7.90806940309846e-05,9.821384854779615e-05,1.0.0
F5,epps_envelope,all_discrete_representation_profiles,,,,,,,,,0.9999999999999999,0.02073321573485955,combined,0.00010599388806626056,8.534941781747802e-05,0.00010599388806626056,1.0.0
F5,epps_envelope,all_discrete_representation_profiles,,,,,,,,,0.9999999999999999,0.021544346900318832,combined,0.00011438791296661831,9.211338206046365e-05,0.00011438791296661831,1.0.0
F5,epps_envelope,all_discrete_representation_profiles,,,,,,,,,0.9999999999999999,0.0223872113856834,combined,0.00012344409707999414,9.941150752813791e-05,0.00012344409707999536,1.0.0
F5,epps_envelope,all_discrete_representation_profiles,,,,,,,,,0.9999999999999999,0.02326305067153626,combined,0.00013321435995874954,0.00010728574898958037,0.00013321435995874954,1.0.0
F5,epps_envelope,all_discrete_representation_profiles,,,,,,,,,0.9999999999999999,0.024173154808041036,combined,0.00014375465399539615,0.00011578132872046758,0.00014375465399539748,1.0.0
F5,epps_envelope,all_discrete_representation_profiles,,,,,,,,,0.9999999999999999,0.025118864315095794,combined,0.00015512527304921002,0.00012494698761536188,0.0001551252730492114,1.0.0
F5,epps_envelope,all_discrete_representation_profiles,,,,,,,,,0.9999999999999999,0.026101572156825372,combined,0.0001673911841306703,0.00013483525518980584,0.0001673911841306703,1.0.0
F5,epps_envelope,all_discrete_representation_profiles,,,,,,,,,0.9999999999999999,0.02712272579332028,combined,0.00018062238379818252,0.0001455027398433719,0.00018062238379818252,1.0.0
F5,epps_envelope,all_discrete_representation_profiles,,,,,,,,,0.9999999999999999,0.028183829312644536,combined,0.00019489428103186275,0.00015701044084848517,0.00019489428103186275,1.0.0
F5,epps_envelope,all_discrete_representation_profiles,,,,,,,,,0.9999999999999999,0.02928644564625236,combined,0.0002102881084657776,0.00016942408362869018,0.00021028810846577598,1.0.0
F5,epps_envelope,all_discrete_representation_profiles,,,,,,,,,0.9999999999999999,0.03043219887107722,combined,0.00022689136398316873,0.00018281447999504228,0.0002268913639831704,1.0.0
F5,epps_envelope,all_discrete_representation_profiles,,,,,,,,,0.9999999999999999,0.03162277660168379,combined,0.0002447982848093055,0.0001972579151203048,0.0002447982848093055,1.0.0
F5,epps_envelope,all_discrete_representation_profiles,,,,,,,,,0.9999999999999999,0.03285993247600654,combined,0.0002641103563731502,0.00021283656314785568,0.0002641103563731502,1.0.0
F5,epps_envelope,all_discrete_representation_profiles,,,,,,,,,0.9999999999999999,0.034145488738336005,combined,0.00028493685835332403,0.00022963893345606307,0.00028493685835332403,1.0.0
F5,epps_envelope,all_discrete_representation_profiles,,,,,,,,,0.9999999999999999,0.03548133892335755,combined,0.0003073954504748522,0.00024776034972948986,0.0003073954504748522,1.0.0
F5,epps_envelope,all_discrete_representation_profiles,,,,,,,,,0.9999999999999999,0.03686945064519575,combined,0.0003316128007818776,0.0002673034641256423,0.0003316128007818796,1.0.0
F5,epps_envelope,all_discrete_representation_profiles,,,,,,,,,0.9999999999999999,0.03831186849557287,combined,0.00035772525927752977,0.00028837880897062773,0.00035772525927752977,1.0.0
F5,epps_envelope,all_discrete_representation_profiles,,,,,,,,,0.9999999999999999,0.039810717055349734,combined,0.00038587957999568933,0.0003111053885688336,0.00038587957999569155,1.0.0
F5,epps_envelope,all_discrete_representation_profiles,,,,,,,,,0.9999999999999999,0.04136820402388507,combined,0.000416233694750339,0.0003356113138707602,0.000416233694750339,1.0.0
F5,epps_envelope,all_discrete_representation_profiles,,,,,,,,,0.9999999999999999,0.042986623470822764,combined,0.0004489575419963902,0.0003620344829096549,0.0004489575419963902,1.0.0
F5,epps_envelope,all_discrete_representation_profiles,,,,,,,,,0.9999999999999999,0.0446683592150963,combined,0.0004842339544315624,0.00039052331009150915,0.0004842339544315624,1.0.0
F5,epps_envelope,all_discrete_representation_profiles,,,,,,,,,0.9999999999999999,0.046415888336127795,combined,0.0005222596091709058,0.00042123750760395093,0.0005222596091709083,1.0.0
F5,epps_envelope,all_discrete_representation_profiles,,,,,,,,,0.9999999999999999,0.04823178482239307,combined,0.0005632460445348819,0.00045434892239825644,0.0005632460445348819,1.0.0
F5,epps_envelope,all_discrete_representation_profiles,,,,,,,,,0.9999999999999999,0.05011872336272722,combined,0.0006074207477063408,0.0004900424323938621,0.0006074207477063408,1.0.0
F5,epps_envelope,all_discrete_representation_profiles,,,,,,,,,0.9999999999999999,0.052079483285954624,combined,0.0006550283177326156,0.0005285169057571865,0.0006550283177326184,1.0.0
F5,epps_envelope,all_discrete_representation_profiles,,,,,,,,,0.9999999999999999,0.054116952654646375,combined,0.0007063317085733839,0.0005699862273147811,0.0007063317085733839,1.0.0
F5,epps_envelope,all_discrete_representation_profiles,,,,,,,,,0.9999999999999999,0.056234132519034905,combined,0.0007616135571238533,0.0006146803963752856,0.0007616135571238564,1.0.0
F5,epps_envelope,all_discrete_representation_profiles,,,,,,,,,0.9999999999999999,0.05843414133735175,combined,0.0008211776013739893,0.0006628467004541882,0.0008211776013739926,1.0.0
F5,epps_envelope,all_discrete_representation_profiles,,,,,,,,,0.9999999999999999,0.060720219569098836,combined,0.000885350194096281,0.0007147509696187713,0.000885350194096281,1.0.0
F5,epps_envelope,all_discrete_representation_profiles,,,,,,,,,0.9999999999999999,0.06309573444801933,combined,0.0009544819176866132,0.0007706789163981513,0.0009544819176866167,1.0.0
F5,epps_envelope,all_discrete_representation_profiles,,,,,,,,,0.9999999999999999,0.06556418494179789,combined,0.0010289493060117103,0.0008309375664319775,0.0010289493060117103,1.0.0
F5,epps_envelope,all_discrete_representation_profiles,,,,,,,,,0.9999999999999999,0.06812920690579612,combined,0.0011091566793408943,0.0008958567852614798,0.0011091566793408943,1.0.0
F5,epps_envelope,all_discrete_representation_profiles,,,,,,,,,0.9999999999999999,0.07079457843841377,combined,0.0011955380986570512,0.0009657909068949762,0.0011955380986570512,1.0.0
F5,epps_envelope,all_discrete_representation_profiles,,,,,,,,,0.9999999999999999,0.07356422544596414,combined,0.0012885594458483226,0.0010411204700056915,0.0012885594458483226,1.0.0
F5,epps_envelope,all_discrete_representation_profiles,,,,,,,,,0.9999999999999999,0.07644222742526002,combined,0.0013887206364745313,0.0011222540678398234,0.0013887206364745354,1.0.0
F5,epps_envelope,all_discrete_representation_profiles,,,,,,,,,0.9999999999999999,0.07943282347242814,combined,0.001496557971977781,0.0012096303181250115,0.0014965579719777853,1.0.0
F5,epps_envelope,all_discrete_representation_profiles,,,,,,,,,0.9999999999999999,0.08254041852680186,combined,0.0016126466383590639,0.0013037199594699497,0.0016126466383590639,1.0.0
F5,epps_envelope,all_discrete_representation_profiles,,,,,,,,,0.9999999999999999,0.08576958985908942,combined,0.0017376033584684686,0.0014050280809323494,0.0017376033584684731,1.0.0
F5,epps_envelope,all_discrete_representation_profiles,,,,,,,,,0.9999999999999999,0.08912509381337455,combined,0.001872089205149456,0.0015140964915996028,0.001872089205149456,1.0.0
F5,epps_envelope,all_discrete_representation_profiles,,,,,,,,,0.9999999999999999,0.09261187281287933,combined,0.002016812582530118,0.0016315062371705029,0.002016812582530118,1.0.0
F5,epps_envelope,all_discrete_representation_profiles,,,,,,,,,0.9999999999999999,0.09623506263980887,combined,0.0021725323827625135,0.00175788027064203,0.0021725323827625135,1.0.0
F5,epps_envelope,all_discrete_representation_profiles,,,,,,,,,0.9999999999999999,0.1,combined,0.002340061325462703,0.0018938862842864653,0.002340061325462697,1.0.0
F5,epps_envelope,all_discrete_representation_profiles,,,,,,,,,0.9999999999999999,0.10391223038351691,combined,0.0025202694869943952,0.002040239710144363,0.0025202694869943952,1.0.0
F5,epps_envelope,all_discrete_representation_profiles,,,,,,,,,0.9999999999999999,0.10797751623277094,combined,0.0027140880265554843,0.002197706896251706,0.0027140880265554904,1.0.0
F5,epps_envelope,all_discrete_representation_profiles,,,,,,,,,0.9999999999999999,0.1122018454301963,combined,0.002922513115760219,0.0023671084657557223,0.002922513115760219,1.0.0
F5,epps_envelope,all_discrete_representation_profiles,,,,,,,,,0.9999999999999999,0.11659144011798311,combined,0.003146610078047852,0.002549322865945362,0.003146610078047852,1.0.0
F5,epps_envelope,all_discrete_representation_profiles,,,,,,,,,0.9999999999999999,0.12115276586285889,combined,0.0033875177437787,0.002745290114019181,0.0033875177437787,1.0.0
F5,epps_envelope,all_discrete_representation_profiles,,,,,,,,,0.9999999999999999,0.12589254117941676,combined,0.0036464530262864535,0.0029560157461238994,0.0036464530262864535,1.0.0
F5,epps_envelope,all_discrete_representation_profiles,,,,,,,,,0.9999999999999999,0.13081774742601943,combined,0.003924715723426788,0.003182574975810894,0.003924715723426788,1.0.0
F5,epps_envelope,all_discrete_representation_profiles,,,,,,,,,0.9999999999999999,0.13593563908785256,combined,0.0042236935482793435,0.003426117067560004,0.0042236935482793435,1.0.0
F5,epps_envelope,all_discrete_representation_profiles,,,,,,,,,0.9999999999999999,0.1412537544622754,combined,0.004544867391606489,0.0036878699303988594,0.004544867391606496,1.0.0
F5,epps_envelope,all_discrete_representation_profiles,,,,,,,,,0.9999999999999999,0.1467799267622069,combined,0.004889816817428581,0.003969144935883832,0.004889816817428589,1.0.0
F5,epps_envelope,all_discrete_representation_profiles,,,,,,,,,0.9999999999999999,0.15252229565390182,combined,0.005260225791620918,0.004271341963790732,0.005260225791620926,1.0.0
F5,epps_envelope,all_discrete_representation_profiles,,,,,,,,,0.9999999999999999,0.1584893192461114,combined,0.005657888641752566,0.004595954677770746,0.005657888641752566,1.0.0
F5,epps_envelope,all_discrete_representation_profiles,,,,,,,,,0.9999999999999999,0.1646897865482869,combined,0.006084716244447498,0.0049445760319420376,0.006084716244447498,1.0.0
F5,epps_envelope,all_discrete_representation_profiles,,,,,,,,,0.9999999999999999,0.1711328304161781,combined,0.006542742434332172,0.00531890400788852,0.006542742434332172,1.0.0
F5,epps_envelope,all_discrete_representation_profiles,,,,,,,,,0.9999999999999999,0.1778279410038923,combined,0.0070341306261144185,0.005720747579803718,0.0070341306261144185,1.0.0
F5,epps_envelope,all_discrete_representation_profiles,,,,,,,,,0.9999999999999999,0.18478497974222907,combined,0.007561180638494075,0.00615203290352816,0.007561180638494085,1.0.0
F5,epps_envelope,all_discrete_representation_profiles,,,,,,,,,0.9999999999999999,0.1920141938638801,combined,0.008126335705407847,0.006614809722957415,0.008126335705407836,1.0.0
F5,epps_envelope,all_discrete_representation_profiles,,,,,,,,,0.9999999999999999,0.19952623149688786,combined,0.00873218965653489,0.007111257984723381,0.00873218965653489,1.0.0
F5,epps_envelope,all_discrete_representation_profiles,,,,,,,,,0.9999999999999999,0.2073321573485954,combined,0.00938149424501155,0.007643694649147254,0.00938149424501155,1.0.0
F5,epps_envelope,all_discrete_representation_profiles,,,,,,,,,0.9999999999999999,0.21544346900318845,combined,0.010077166595894744,0.008214580682203812,0.010077166595894744,1.0.0
F5,epps_envelope,all_discrete_representation_profiles,,,,,,,,,0.9999999999999999,0.223872113856834,combined,0.01082229674405492,0.008826528209598134,0.01082229674405492,1.0.0
F5,epps_envelope,all_discrete_representation_profiles,,,,,,,,,0.9999999999999999,0.23263050671536262,combined,0.011620155224845947,0.00948230781001434,0.011620155224845935,1.0.0
F5,epps_envelope,all_discrete_representation_profiles,,,,,,,,,0.9999999999999999,0.24173154808041036,combined,0.012474200675071512,0.010184855920123187,0.012474200675071524,1.0.0
F5,epps_envelope,all_discrete_representation_profiles,,,,,,,,,0.9999999999999999,0.25118864315095796,combined,0.013388087395433287,0.010937282319014462,0.013388087395433287,1.0.0
F5,epps_envelope,all_discrete_representation_profiles,,,,,,,,,0.9999999999999999,0.2610157215682536,combined,0.014365672818788061,0.011742877654324567,0.014365672818788061,1.0.0
F5,epps_envelope,all_discrete_representation_profiles,,,,,,,,,0.9999999999999999,0.2712272579332027,combined,0.015411024821159422,0.01260512096644703,0.015411024821159422,1.0.0
F5,epps_envelope,all_discrete_representation_profiles,,,,,,,,,0.9999999999999999,0.2818382931264455,combined,0.01652842880454008,0.013527687160824432,0.01652842880454008,1.0.0
F5,epps_envelope,all_discrete_representation_profiles,,,,,,,,,0.9999999999999999,0.29286445646252374,combined,0.01772239447209569,0.014514454371419428,0.017722394472095705,1.0.0
F5,epps_envelope,all_discrete_representation_profiles,,,,,,,,,0.9999999999999999,0.3043219887107722,combined,0.018997662207458414,0.015569511151044142,0.018997662207458414,1.0.0
F5,epps_envelope,all_discrete_representation_profiles,,,,,,,,,0.9999999999999999,0.31622776601683794,combined,0.02035920896040774,0.0166971634162943,0.020359208960407753,1.0.0
F5,epps_envelope,all_discrete_representation_profiles,,,,,,,,,0.9999999999999999,0.3285993247600654,combined,0.021812253531421185,0.01790194106639998,0.021812253531421185,1.0.0
F5,epps_envelope,all_discrete_representation_profiles,,,,,,,,,0.9999999999999999,0.34145488738336005,combined,0.023362261137400003,0.019188604186392424,0.023362261137400003,1.0.0
F5,epps_envelope,all_discrete_representation_profiles,,,,,,,,,0.9999999999999999,0.3548133892335753,combined,0.025014947130406077,0.020562148735624987,0.0250149471304061,1.0.0
F5,epps_envelope,all_discrete_representation_profiles,,,,,,,,,0.9999999999999999,0.36869450645195734,combined,0.026776279730588704,0.022027811612929948,0.026776279730588704,1.0.0
F5,epps_envelope,all_discrete_representation_profiles,,,,,,,,,0.9999999999999999,0.38311868495572887,combined,0.028652481623745615,0.02359107497960071,0.028652481623745597,1.0.0
F5,epps_envelope,all_discrete_representation_profiles,,,,,,,,,0.9999999999999999,0.3981071705534973,combined,0.03065003026329989,0.025257669711042416,0.03065003026329987,1.0.0
F5,epps_envelope,all_discrete_representation_profiles,,,,,,,,,0.9999999999999999,0.4136820402388507,combined,0.03277565670604748,0.027033577837438944,0.03277565670604748,1.0.0
F5,epps_envelope,all_discrete_representation_profiles,,,,,,,,,0.9999999999999999,0.42986623470822766,combined,0.03503634280103894,0.028925033823255453,0.03503634280103892,1.0.0
F5,epps_envelope,all_discrete_representation_profiles,,,,,,,,,0.9999999999999999,0.44668359215096304,combined,0.03743931654163373,0.030938524524991982,0.03743931654163373,1.0.0
F5,epps_envelope,all_discrete_representation_profiles,,,,,,,,,0.9999999999999999,0.46415888336127775,combined,0.03999204538236303,0.033080787656490356,0.03999204538236303,1.0.0
F5,epps_envelope,all_discrete_representation_profiles,,,,,,,,,0.9999999999999999,0.4823178482239304,combined,0.04270222731505544,0.03535880858148272,0.04270222731505544,1.0.0
F5,epps_envelope,all_discrete_representation_profiles,,,,,,,,,0.9999999999999999,0.5011872336272725,combined,0.04557777949304713,0.037779815244187775,0.04557777949304713,1.0.0
F5,epps_envelope,all_discrete_representation_profiles,,,,,,,,,0.9999999999999999,0.5207948328595465,combined,0.04862682418857636,0.04035127104087543,0.04862682418857636,1.0.0
F5,epps_envelope,all_discrete_representation_profiles,,,,,,,,,0.9999999999999999,0.5411695265464638,combined,0.05185767186705228,0.04308086542873415,0.05185767186705228,1.0.0
F5,epps_envelope,all_discrete_representation_profiles,,,,,,,,,0.9999999999999999,0.5623413251903491,combined,0.055278801163212245,0.045976502063414644,0.055278801163212245,1.0.0
F5,epps_envelope,all_discrete_representation_profiles,,,,,,,,,0.9999999999999999,0.5843414133735175,combined,0.05889883554870713,0.04904628425366293,0.05889883554870713,1.0.0
F5,epps_envelope,all_discrete_representation_profiles,,,,,,,,,0.9999999999999999,0.6072021956909883,combined,0.06272651648885298,0.052298497520885556,0.06272651648885298,1.0.0
F5,epps_envelope,all_discrete_representation_profiles,,,,,,,,,0.9999999999999999,0.630957344480193,combined,0.06677067289866498,0.05574158905374321,0.06677067289866498,1.0.0
F5,epps_envelope,all_discrete_representation_profiles,,,,,,,,,0.9999999999999999,0.6556418494179785,combined,0.07104018672535177,0.05938414385339669,0.07104018672535177,1.0.0
F5,epps_envelope,all_discrete_representation_profiles,,,,,,,,,0.9999999999999999,0.6812920690579615,combined,0.07554395450670588,0.06323485737431081,0.07554395450670588,1.0.0
F5,epps_envelope,all_discrete_representation_profiles,,,,,,,,,0.9999999999999999,0.707945784384138,combined,0.0802908447827665,0.06730250447904026,0.0802908447827665,1.0.0
F5,epps_envelope,all_discrete_representation_profiles,,,,,,,,,0.9999999999999999,0.7356422544596414,combined,0.08528965127223073,0.07159590454368178,0.08528965127223073,1.0.0
F5,epps_envelope,all_discrete_representation_profiles,,,,,,,,,0.9999999999999999,0.7644222742526002,combined,0.09054904176575222,0.076123882574155,0.0905490417657522,1.0.0
F5,epps_envelope,all_discrete_representation_profiles,,,,,,,,,0.9999999999999999,0.7943282347242814,combined,0.09607750273586212,0.08089522622265807,0.09607750273586212,1.0.0
F5,epps_envelope,all_discrete_representation_profiles,,,,,,,,,0.9999999999999999,0.8254041852680182,combined,0.10188327971801783,0.08591863862895138,0.10188327971801783,1.0.0
F5,epps_envelope,all_discrete_representation_profiles,,,,,,,,,0.9999999999999999,0.8576958985908937,combined,0.10797431357939766,0.09120268705295487,0.10797431357939768,1.0.0
F5,epps_envelope,all_discrete_representation_profiles,,,,,,,,,0.9999999999999999,0.8912509381337459,combined,0.11435817286150231,0.09675574731379767,0.11435817286150231,1.0.0
F5,epps_envelope,all_discrete_representation_profiles,,,,,,,,,0.9999999999999999,0.9261187281287937,combined,0.12104198245923972,0.10258594410615764,0.12104198245923972,1.0.0
F5,epps_envelope,all_discrete_representation_profiles,,,,,,,,,0.9999999999999999,0.9623506263980888,combined,0.12803234898259616,0.10870108732756335,0.12803234898259616,1.0.0
F5,epps_envelope,all_discrete_representation_profiles,,,,,,,,,0.9999999999999999,1.0,combined,0.13533528323661265,0.11510860462023777,0.1353352832366127,1.0.0
F5,epps_envelope,all_discrete_representation_profiles,,,,,,,,,0.9999999999999999,1.0391223038351691,combined,0.1429561203503769,0.1218154704078294,0.1429561203503769,1.0.0
F5,epps_envelope,all_discrete_representation_profiles,,,,,,,,,0.9999999999999999,1.0797751623277094,combined,0.15089943818491527,0.12882813179054156,0.15089943818491527,1.0.0
F5,epps_envelope,all_discrete_representation_profiles,,,,,,,,,0.9999999999999999,1.122018454301963,combined,0.15916897475182648,0.13615243175108416,0.15916897475182648,1.0.0
F5,epps_envelope,all_discrete_representation_profiles,,,,,,,,,0.9999999999999999,1.165914401179831,combined,0.16776754547742567,0.14379353021758995,0.16776754547742567,1.0.0
F5,epps_envelope,all_discrete_representation_profiles,,,,,,,,,0.9999999999999999,1.2115276586285888,combined,0.17669696124898934,0.15175582362695092,0.17669696124898934,1.0.0
F5,epps_envelope,all_discrete_representation_profiles,,,,,,,,,0.9999999999999999,1.2589254117941675,combined,0.18595794827795173,0.16004286373142318,0.18595794827795173,1.0.0
F5,epps_envelope,all_discrete_representation_profiles,,,,,,,,,0.9999999999999999,1.3081774742601942,combined,0.19555007090686102,0.1686572764909858,0.19555007090686102,1.0.0
F5,epps_envelope,all_discrete_representation_profiles,,,,,,,,,0.9999999999999999,1.3593563908785256,combined,0.20547165856949834,0.17760068199166246,0.20547165856949834,1.0.0
F5,epps_envelope,all_discrete_representation_profiles,,,,,,,,,0.9999999999999999,1.412537544622754,combined,0.21571973818352203,0.1868736164233771,0.21571973818352203,1.0.0
F5,epps_envelope,all_discrete_representation_profiles,,,,,,,,,0.9999999999999999,1.467799267622069,combined,0.22628997330882042,0.196475457237123,0.22628997330882042,1.0.0
F5,epps_envelope,all_discrete_representation_profiles,,,,,,,,,0.9999999999999999,1.5252229565390183,combined,0.23717661143887606,0.20640435267729074,0.237176611438876,1.0.0
F5,epps_envelope,all_discrete_representation_profiles,,,,,,,,,0.9999999999999999,1.584893192461114,combined,0.24837244080325635,0.21665715694765206,0.24837244080325635,1.0.0
F5,epps_envelope,all_discrete_representation_profiles,,,,,,,,,0.9999999999999999,1.6468978654828688,combined,0.259868758043383,0.22722937231537468,0.259868758043383,1.0.0
F5,epps_envelope,all_discrete_representation_profiles,,,,,,,,,0.9999999999999999,1.711328304161781,combined,0.27165534807777725,0.23811509948309553,0.27165534807777725,1.0.0
F5,epps_envelope,all_discrete_representation_profiles,,,,,,,,,0.9999999999999999,1.7782794100389228,combined,0.28372047739419154,0.24930699756108546,0.28372047739419154,1.0.0
F5,epps_envelope,all_discrete_representation_profiles,,,,,,,,,0.9999999999999999,1.8478497974222907,combined,0.29605090189221905,0.26079625494670466,0.29605090189221905,1.0.0
F5,epps_envelope,all_discrete_representation_profiles,,,,,,,,,0.9999999999999999,1.920141938638801,combined,0.3086318902495778,0.2725725723636893,0.30863189024957777,1.0.0
F5,epps_envelope,all_discrete_representation_profiles,,,,,,,,,0.9999999999999999,1.9952623149688788,combined,0.3214472635977603,0.2846241592268984,0.3214472635977603,1.0.0
F5,epps_envelope,all_discrete_representation_profiles,,,,,,,,,0.9999999999999999,2.073321573485954,combined,0.334479452068612,0.29693774437710113,0.334479452068612,1.0.0
F5,epps_envelope,all_discrete_representation_profiles,,,,,,,,,0.9999999999999999,2.1544346900318843,combined,0.34770956851440177,0.30949860207414154,0.34770956851440177,1.0.0
F5,epps_envelope,all_discrete_representation_profiles,,,,,,,,,0.9999999999999999,2.23872113856834,combined,0.36111749941317534,0.322290593945241,0.36111749941317534,1.0.0
F5,epps_envelope,all_discrete_representation_profiles,,,,,,,,,0.9999999999999999,2.3263050671536263,combined,0.3746820126531865,0.3352962273592816,0.3746820126531865,1.0.0
F5,epps_envelope,all_discrete_representation_profiles,,,,,,,,,0.9999999999999999,2.4173154808041035,combined,0.38838088155094125,0.34849673043980056,0.38838088155094125,1.0.0
F5,epps_envelope,all_discrete_representation_profiles,,,,,,,,,0.9999999999999999,2.5118864315095797,combined,0.4021910241043732,0.3618721436426825,0.4021910241043732,1.0.0
F5,epps_envelope,all_discrete_representation_profiles,,,,,,,,,0.9999999999999999,2.610157215682536,combined,0.41608865612461543,0.3754014275139935,0.41608865612461543,1.0.0
F5,epps_envelope,all_discrete_representation_profiles,,,,,,,,,0.9999999999999999,2.712272579332027,combined,0.43004945653672993,0.3890625859153327,0.43004945653672993,1.0.0
F5,epps_envelope,all_discrete_representation_profiles,,,,,,,,,0.9999999999999999,2.818382931264452,combined,0.4440487428024616,0.4028328036660574,0.4440487428024616,1.0.0
F5,epps_envelope,all_discrete_representation_profiles,,,,,,,,,0.9999999999999999,2.9286445646252375,combined,0.4580616541080408,0.4166885972124914,0.4580616541080408,1.0.0
F5,epps_envelope,all_discrete_representation_profiles,,,,,,,,,0.9999999999999999,3.043219887107722,combined,0.4720633396889184,0.4306059766035096,0.4720633396889184,1.0.0
F5,epps_envelope,all_discrete_representation_profiles,,,,,,,,,0.9999999999999999,3.1622776601683795,combined,0.48602914944243847,0.44456061674015257,0.48602914944243847,1.0.0
F5,epps_envelope,all_discrete_representation_profiles,,,,,,,,,0.9999999999999999,3.285993247600654,combined,0.4999348238193755,0.45852803558493344,0.4999348238193755,1.0.0
F5,epps_envelope,all_discrete_representation_profiles,,,,,,,,,0.9999999999999999,3.4145488738336005,combined,0.5137566798953007,0.4724837767750911,0.5137566798953007,1.0.0
F5,epps_envelope,all_discrete_representation_profiles,,,,,,,,,0.9999999999999999,3.5481338923357533,combined,0.5274717905102229,0.4864035938934353,0.5274717905102229,1.0.0
F5,epps_envelope,all_discrete_representation_profiles,,,,,,,,,0.9999999999999999,3.6869450645195734,combined,0.5410581534349828,0.500263633519955,0.5410581534349828,1.0.0
F5,epps_envelope,all_discrete_representation_profiles,,,,,,,,,0.9999999999999999,3.831186849557289,combined,0.5544948476777298,0.5140406141248499,0.5544948476777298,1.0.0
F5,epps_envelope,all_discrete_representation_profiles,,,,,,,,,0.9999999999999999,3.981071705534973,combined,0.5677621742826188,0.5277119978749875,0.5677621742826188,1.0.0
F5,epps_envelope,all_discrete_representation_profiles,,,,,,,,,0.9999999999999999,4.136820402388507,combined,0.5808417792915136,0.5412561525145353,0.5808417792915136,1.0.0
F5,epps_envelope,all_discrete_representation_profiles,,,,,,,,,0.9999999999999999,4.298662347082277,combined,0.5937167569303805,0.5546525006474929,0.5937167569303805,1.0.0
F5,epps_envelope,all_discrete_representation_profiles,,,,,,,,,0.9999999999999999,4.46683592150963,combined,0.6063717315344317,0.5678816539929695,0.6063717315344317,1.0.0
F5,epps_envelope,all_discrete_representation_profiles,,,,,,,,,0.9999999999999999,4.6415888336127775,combined,0.6187929172261155,0.5809255304981592,0.6187929172261155,1.0.0
F5,epps_envelope,all_discrete_representation_profiles,,,,,,,,,0.9999999999999999,4.823178482239304,combined,0.6309681548914555,0.5937674525709075,0.6309681548914555,1.0.0
F5,epps_envelope,all_discrete_representation_profiles,,,,,,,,,0.9999999999999999,5.011872336272719,combined,0.6428869265448648,0.606392225122587,0.6428869265448648,1.0.0
F5,epps_envelope,all_discrete_representation_profiles,,,,,,,,,0.9999999999999999,5.207948328595465,combined,0.6545403477111156,0.618786192579297,0.6545403477111156,1.0.0
F5,epps_envelope,all_discrete_representation_profiles,,,,,,,,,0.9999999999999999,5.411695265464638,combined,0.6659211389662035,0.6309372745098359,0.6659211389662035,1.0.0
F5,epps_envelope,all_discrete_representation_profiles,,,,,,,,,0.9999999999999999,5.62341325190349,combined,0.6770235782476501,0.6428349800158322,0.6770235782476501,1.0.0
F5,epps_envelope,all_discrete_representation_profiles,,,,,,,,,0.9999999999999999,5.843414133735175,combined,0.687843435952293,0.6544704015156436,0.687843435952293,1.0.0
F5,epps_envelope,all_discrete_representation_profiles,,,,,,,,,0.9999999999999999,6.072021956909884,combined,0.6983778951713709,0.6658361890122313,0.6983778951713709,1.0.0
F5,epps_envelope,all_discrete_representation_profiles,,,,,,,,,0.9999999999999999,6.30957344480193,combined,0.7086254596575551,0.6769265063502293,0.7086254596575551,1.0.0
F5,epps_envelope,all_discrete_representation_profiles,,,,,,,,,0.9999999999999999,6.556418494179785,combined,0.7185858522693834,0.6877369713248284,0.7185858522693834,1.0.0
F5,epps_envelope,all_discrete_representation_profiles,,,,,,,,,0.9999999999999999,6.812920690579615,combined,0.7282599066925081,0.698264581793308,0.7282599066925081,1.0.0
F5,epps_envelope,all_discrete_representation_profiles,,,,,,,,,0.9999999999999999,7.07945784384138,combined,0.737649455195979,0.7085076301506222,0.737649455195979,1.0.0
F5,epps_envelope,all_discrete_representation_profiles,,,,,,,,,0.9999999999999999,7.3564225445964135,combined,0.7467572150515811,0.7184656086584243,0.7467572150515811,1.0.0
F5,epps_envelope,all_discrete_representation_profiles,,,,,,,,,0.9999999999999999,7.644222742526002,combined,0.75558667603511,0.7281391081610092,0.75558667603511,1.0.0
F5,epps_envelope,all_discrete_representation_profiles,,,,,,,,,0.9999999999999999,7.943282347242813,combined,0.7641419911539459,0.7375297126843301,0.7641419911539459,1.0.0
F5,epps_envelope,all_discrete_representation_profiles,,,,,,,,,0.9999999999999999,8.254041852680182,combined,0.7724278724213576,0.7466398923013835,0.7724278724213576,1.0.0
F5,epps_envelope,all_discrete_representation_profiles,,,,,,,,,0.9999999999999999,8.576958985908938,combined,0.7804494931422548,0.7554728964678956,0.7804494931422548,1.0.0
F5,epps_envelope,all_discrete_representation_profiles,,,,,,,,,0.9999999999999999,8.91250938133745,combined,0.7882123978056341,0.7640326497978601,0.7882123978056341,1.0.0
F5,epps_envelope,all_discrete_representation_profiles,,,,,,,,,0.9999999999999999,9.261187281287937,combined,0.7957224203131856,0.7723236519724063,0.7957224203131856,1.0.0
F5,epps_envelope,all_discrete_representation_profiles,,,,,,,,,0.9999999999999999,9.623506263980888,combined,0.8029856109272531,0.780350883172029,0.8029856109272531,1.0.0
F5,epps_envelope,all_discrete_representation_profiles,,,,,,,,,0.9999999999999999,10.0,combined,0.8100081720079688,0.7881197161059317,0.8100081720079688,1.0.0
F5,epps_envelope,all_discrete_representation_profiles,,,,,,,,,0.9999999999999999,10.39122303835169,combined,0.8167964023391319,0.7956358353970536,0.8167964023391319,1.0.0
F5,epps_envelope,all_discrete_representation_profiles,,,,,,,,,0.9999999999999999,10.797751623277094,combined,0.8233566496220823,0.802905164779942,0.8233566496220823,1.0.0
F5,epps_envelope,all_discrete_representation_profiles,,,,,,,,,0.9999999999999999,11.220184543019629,combined,0.8296952705496159,0.8099338022917232,0.8296952705496159,1.0.0
F5,epps_envelope,all_discrete_representation_profiles,,,,,,,,,0.9999999999999999,11.659144011798311,combined,0.8358185977576696,0.8167279633925102,0.8358185977576696,1.0.0
F5,epps_envelope,all_discrete_representation_profiles,,,,,,,,,0.9999999999999999,12.115276586285876,combined,0.8417329128878571,0.8232939317464958,0.8417329128878571,1.0.0
F5,epps_envelope,all_discrete_representation_profiles,,,,,,,,,0.9999999999999999,12.589254117941662,combined,0.8474444249733024,0.8296380172319859,0.8474444249733024,1.0.0
F5,epps_envelope,all_discrete_representation_profiles,,,,,,,,,0.9999999999999999,13.081774742601928,combined,0.8529592533763249,0.8357665206284113,0.8529592533763249,1.0.0
F5,epps_envelope,all_discrete_representation_profiles,,,,,,,,,0.9999999999999999,13.593563908785242,combined,0.8582834145510624,0.8416857043493451,0.8582834145510624,1.0.0
F5,epps_envelope,all_discrete_representation_profiles,,,,,,,,,0.9999999999999999,14.125375446227554,combined,0.8634228119687377,0.8474017685492917,0.8634228119687377,1.0.0
F5,epps_envelope,all_discrete_representation_profiles,,,,,,,,,0.9999999999999999,14.677992676220706,combined,0.8683832286199251,0.8529208319235925,0.8683832286199251,1.0.0
F5,epps_envelope,all_discrete_representation_profiles,,,,,,,,,0.9999999999999999,15.252229565390198,combined,0.8731703215898997,0.8582489165394321,0.8731703215898997,1.0.0
F5,epps_envelope,all_discrete_representation_profiles,,,,,,,,,0.9999999999999999,15.848931924611142,combined,0.8777896182841713,0.8633919360753524,0.8777896182841713,1.0.0
F5,epps_envelope,all_discrete_representation_profiles,,,,,,,,,0.9999999999999999,16.46897865482869,combined,0.8822465139573613,0.868355686900743,0.8822465139573613,1.0.0
F5,epps_envelope,all_discrete_representation_profiles,,,,,,,,,0.9999999999999999,17.11328304161781,combined,0.8865462702667745,0.8731458414896636,0.8865462702667745,1.0.0
F5,epps_envelope,all_discrete_representation_profiles,,,,,,,,,0.9999999999999999,17.78279410038923,combined,0.890694014630844,0.8777679437300218,0.890694014630844,1.0.0
F5,epps_envelope,all_discrete_representation_profiles,,,,,,,,,0.9999999999999999,18.478497974222908,combined,0.8946947402215859,0.8822274057554308,0.8946947402215859,1.0.0
F5,epps_envelope,all_discrete_representation_profiles,,,,,,,,,0.9999999999999999,19.20141938638801,combined,0.8985533064596931,0.8865295059898085,0.8985533064596931,1.0.0
F5,epps_envelope,all_discrete_representation_profiles,,,,,,,,,0.9999999999999999,19.952623149688787,combined,0.9022744399118267,0.8906793881517913,0.9022744399118267,1.0.0
F5,epps_envelope,all_discrete_representation_profiles,,,,,,,,,0.9999999999999999,20.73321573485954,combined,0.9058627355132693,0.8946820610160305,0.9058627355132693,1.0.0
F5,epps_envelope,all_discrete_representation_profiles,,,,,,,,,0.9999999999999999,21.54434690031882,combined,0.9093226580567224,0.898542398770903,0.9093226580567224,1.0.0
F5,epps_envelope,all_discrete_representation_profiles,,,,,,,,,0.9999999999999999,22.38721138568338,combined,0.9126585439009399,0.9022651418472012,0.9126585439009399,1.0.0
F5,epps_envelope,all_discrete_representation_profiles,,,,,,,,,0.9999999999999999,23.263050671536238,combined,0.9158746028622671,0.9058548981205219,0.9158746028622671,1.0.0
F5,epps_envelope,all_discrete_representation_profiles,,,,,,,,,0.9999999999999999,24.173154808041012,combined,0.9189749202589097,0.9093161444121294,0.9189749202589097,1.0.0
F5,epps_envelope,all_discrete_representation_profiles,,,,,,,,,0.9999999999999999,25.11886431509582,combined,0.9219634590827046,0.9126532282299963,0.9219634590827046,1.0.0
F5,epps_envelope,all_discrete_representation_profiles,,,,,,,,,0.9999999999999999,26.101572156825384,combined,0.9248440622768165,0.9158703697044693,0.9248440622768165,1.0.0
F5,epps_envelope,all_discrete_representation_profiles,,,,,,,,,0.9999999999999999,27.122725793320296,combined,0.9276204551006051,0.9189716636824743,0.9276204551006051,1.0.0
F5,epps_envelope,all_discrete_representation_profiles,,,,,,,,,0.9999999999999999,28.183829312644548,combined,0.9302962475651184,0.9219610819511426,0.9302962475651184,1.0.0
F5,epps_envelope,all_discrete_representation_profiles,,,,,,,,,0.9999999999999999,29.28644564625237,combined,0.9328749369245205,0.9248424755668835,0.9328749369245205,1.0.0
F5,epps_envelope,all_discrete_representation_profiles,,,,,,,,,0.9999999999999999,30.432198871077222,combined,0.9353599102103185,0.9276195772697432,0.9353599102103185,1.0.0
F5,epps_envelope,all_discrete_representation_profiles,,,,,,,,,0.9999999999999999,31.622776601683793,combined,0.9377544467966336,0.930296003965786,0.9377544467966336,1.0.0
F5,epps_envelope,all_discrete_representation_profiles,,,,,,,,,0.9999999999999999,32.85993247600654,combined,0.9400617209859746,0.932875259262485,0.9400617209859746,1.0.0
F5,epps_envelope,all_discrete_representation_profiles,,,,,,,,,0.9999999999999999,34.145488738336006,combined,0.9422848046060861,0.9353607360439222,0.9422848046060861,1.0.0
F5,epps_envelope,all_discrete_representation_profiles,,,,,,,,,0.9999999999999999,35.481338923357534,combined,0.9444266696094352,0.9377557190741118,0.9444266696094352,1.0.0
F5,epps_envelope,all_discrete_representation_profiles,,,,,,,,,0.9999999999999999,36.869450645195734,combined,0.946490190667819,0.9400633876180425,0.946490190667819,1.0.0
F5,epps_envelope,all_discrete_representation_profiles,,,,,,,,,0.9999999999999999,38.31186849557285,combined,0.9484781477554072,0.9422868180711808,0.9484781477554072,1.0.0
F5,epps_envelope,all_discrete_representation_profiles,,,,,,,,,0.9999999999999999,39.81071705534969,combined,0.9503932287142886,0.9444289865891702,0.9503932287142886,1.0.0
F5,epps_envelope,all_discrete_representation_profiles,,,,,,,,,0.9999999999999999,41.36820402388503,combined,0.9522380317972914,0.9464927717103897,0.9522380317972914,1.0.0
F5,epps_envelope,all_discrete_representation_profiles,,,,,,,,,0.9999999999999999,42.98662347082272,combined,0.9540150681834738,0.9484809569648424,0.9540150681834738,1.0.0
F5,epps_envelope,all_discrete_representation_profiles,,,,,,,,,0.9999999999999999,44.668359215096345,combined,0.9557267644622606,0.950396233463605,0.9557267644622606,1.0.0
F5,epps_envelope,all_discrete_representation_profiles,,,,,,,,,0.9999999999999999,46.41588833612782,combined,0.9573754650827236,0.9522412024637489,0.9573754650827236,1.0.0
F5,epps_envelope,all_discrete_representation_profiles,,,,,,,,,0.9999999999999999,48.23178482239309,combined,0.9589634347649891,0.9540183779042652,0.9589634347649891,1.0.0
F5,epps_envelope,all_discrete_representation_profiles,,,,,,,,,0.9999999999999999,50.118723362727245,combined,0.9604928608711759,0.9557301889090921,0.9604928608711759,1.0.0
F5,epps_envelope,all_discrete_representation_profiles,,,,,,,,,0.9999999999999999,52.07948328595465,combined,0.961965855733676,0.9573789822538613,0.961965855733676,1.0.0
F5,epps_envelope,all_discrete_representation_profiles,,,,,,,,,0.9999999999999999,54.116952654646376,combined,0.9633844589389374,0.9589670247934458,0.9633844589389374,1.0.0
F5,epps_envelope,all_discrete_representation_profiles,,,,,,,,,0.9999999999999999,56.23413251903491,combined,0.9647506395652384,0.9604965058478223,0.9647506395652384,1.0.0
F5,epps_envelope,all_discrete_representation_profiles,,,,,,,,,0.9999999999999999,58.434141337351754,combined,0.9660662983732268,0.9619695395441406,0.9660662983732268,1.0.0
F5,epps_envelope,all_discrete_representation_profiles,,,,,,,,,0.9999999999999999,60.72021956909884,combined,0.9673332699482758,0.9633881671132525,0.9673332699482758,1.0.0
F5,epps_envelope,all_discrete_representation_profiles,,,,,,,,,0.9999999999999999,63.0957344480193,combined,0.9685533247939287,0.9647543591392608,0.9685533247939287,1.0.0
F5,epps_envelope,all_discrete_representation_profiles,,,,,,,,,0.9999999999999999,65.56418494179785,combined,0.969728171375935,0.966070017760943,0.969728171375935,1.0.0
F5,epps_envelope,all_discrete_representation_profiles,,,,,,,,,0.9999999999999999,68.12920690579608,combined,0.9708594581165617,0.9673369788241586,0.9708594581165617,1.0.0
F5,epps_envelope,all_discrete_representation_profiles,,,,,,,,,0.9999999999999999,70.79457843841374,combined,0.9719487753390417,0.9685570139845816,0.9719487753390417,1.0.0
F5,epps_envelope,all_discrete_representation_profiles,,,,,,,,,0.9999999999999999,73.56422544596406,combined,0.9729976571621717,0.9697318327603163,0.9729976571621717,1.0.0
F5,epps_envelope,all_discrete_representation_profiles,,,,,,,,,0.9999999999999999,76.44222742525994,combined,0.9740075833452122,0.9708630845341305,0.9740075833452122,1.0.0
F5,epps_envelope,all_discrete_representation_profiles,,,,,,,,,0.9999999999999999,79.43282347242821,combined,0.9749799810833628,0.9719523605052224,0.9749799810833628,1.0.0
F5,epps_envelope,all_discrete_representation_profiles,,,,,,,,,0.9999999999999999,82.5404185268019,combined,0.9759162267541904,0.9730011955905745,0.9759162267541904,1.0.0
F5,epps_envelope,all_discrete_representation_profiles,,,,,,,,,0.9999999999999999,85.76958985908946,combined,0.9768176476154912,0.9740110702760922,0.9768176476154912,1.0.0
F5,epps_envelope,all_discrete_representation_profiles,,,,,,,,,0.9999999999999999,89.12509381337459,combined,0.9776855234551401,0.9749834124178374,0.9776855234551401,1.0.0
F5,epps_envelope,all_discrete_representation_profiles,,,,,,,,,0.9999999999999999,92.61187281287937,combined,0.9785210881935638,0.975919598993773,0.9785210881935638,1.0.0
F5,epps_envelope,all_discrete_representation_profiles,,,,,,,,,0.9999999999999999,96.23506263980887,combined,0.9793255314395294,0.9768209578065293,0.9793255314395294,1.0.0
F5,epps_envelope,all_discrete_representation_profiles,,,,,,,,,0.9999999999999999,100.0,combined,0.9801,0.9776887691377818,0.9801,1.0.0
