figure_id,aggregation_scale,aggregation_unit,scenario,mechanism,sensitivity_parameter,local_elasticity,clock_rate,response_rate,software_version
F2,0.001,clock characteristic time,response_to_clock_rate_0.25,clock,clock_rate,0.9996667222185182,1.0,0.25,1.0.0
F2,0.001039122303835169,clock characteristic time,response_to_clock_rate_0.25,clock,clock_rate,0.9996536860645666,1.0,0.25,1.0.0
F2,0.0010797751623277093,clock characteristic time,response_to_clock_rate_0.25,clock,clock_rate,0.99964013963518,1.0,0.25,1.0.0
F2,0.001122018454301963,clock characteristic time,response_to_clock_rate_0.25,clock,clock_rate,0.9996260637894698,1.0,0.25,1.0.0
F2,0.0011659144011798323,clock characteristic time,response_to_clock_rate_0.25,clock,clock_rate,0.9996114374873651,1.0,0.25,1.0.0
F2,0.001211527658628589,clock characteristic time,response_to_clock_rate_0.25,clock,clock_rate,0.9995962388405651,1.0,0.25,1.0.0
F2,0.0012589254117941675,clock characteristic time,response_to_clock_rate_0.25,clock,clock_rate,0.9995804463652297,1.0,0.25,1.0.0
F2,0.0013081774742601943,clock characteristic time,response_to_clock_rate_0.25,clock,clock_rate,0.999564035861769,1.0,0.25,1.0.0
F2,0.0013593563908785254,clock characteristic time,response_to_clock_rate_0.25,clock,clock_rate,0.9995469839773949,1.0,0.25,1.0.0
F2,0.001412537544622754,clock characteristic time,response_to_clock_rate_0.25,clock,clock_rate,0.999529264923917,1.0,0.25,1.0.0
F2,0.001467799267622069,clock characteristic time,response_to_clock_rate_0.25,clock,clock_rate,0.9995108533103079,1.0,0.25,1.0.0
F2,0.0015252229565390183,clock characteristic time,response_to_clock_rate_0.25,clock,clock_rate,0.999491721591363,1.0,0.25,1.0.0
F2,0.001584893192461114,clock characteristic time,response_to_clock_rate_0.25,clock,clock_rate,0.9994718417867594,1.0,0.25,1.0.0
F2,0.0016468978654828688,clock characteristic time,response_to_clock_rate_0.25,clock,clock_rate,0.9994511847505186,1.0,0.25,1.0.0
F2,0.001711328304161781,clock characteristic time,response_to_clock_rate_0.25,clock,clock_rate,0.9994297199097899,1.0,0.25,1.0.0
F2,0.0017782794100389228,clock characteristic time,response_to_clock_rate_0.25,clock,clock_rate,0.9994074157814548,1.0,0.25,1.0.0
F2,0.0018478497974222907,clock characteristic time,response_to_clock_rate_0.25,clock,clock_rate,0.9993842396987053,1.0,0.25,1.0.0
F2,0.001920141938638801,clock characteristic time,response_to_clock_rate_0.25,clock,clock_rate,0.9993601575277128,1.0,0.25,1.0.0
F2,0.001995262314968879,clock characteristic time,response_to_clock_rate_0.25,clock,clock_rate,0.9993351337331874,1.0,0.25,1.0.0
F2,0.002073321573485954,clock characteristic time,response_to_clock_rate_0.25,clock,clock_rate,0.9993091315387014,1.0,0.25,1.0.0
F2,0.0021544346900318843,clock characteristic time,response_to_clock_rate_0.25,clock,clock_rate,0.999282112894143,1.0,0.25,1.0.0
F2,0.00223872113856834,clock characteristic time,response_to_clock_rate_0.25,clock,clock_rate,0.9992540380059758,1.0,0.25,1.0.0
F2,0.0023263050671536263,clock characteristic time,response_to_clock_rate_0.25,clock,clock_rate,0.9992248655923709,1.0,0.25,1.0.0
F2,0.0024173154808041037,clock characteristic time,response_to_clock_rate_0.25,clock,clock_rate,0.9991945527866255,1.0,0.25,1.0.0
F2,0.0025118864315095794,clock characteristic time,response_to_clock_rate_0.25,clock,clock_rate,0.999163054943894,1.0,0.25,1.0.0
F2,0.0026101572156825357,clock characteristic time,response_to_clock_rate_0.25,clock,clock_rate,0.9991303260539209,1.0,0.25,1.0.0
F2,0.0027122725793320298,clock characteristic time,response_to_clock_rate_0.25,clock,clock_rate,0.9990963177545479,1.0,0.25,1.0.0
F2,0.002818382931264455,clock characteristic time,response_to_clock_rate_0.25,clock,clock_rate,0.9990609802233535,1.0,0.25,1.0.0
F2,0.0029286445646252374,clock characteristic time,response_to_clock_rate_0.25,clock,clock_rate,0.9990242615435025,1.0,0.25,1.0.0
F2,0.003043219887107722,clock characteristic time,response_to_clock_rate_0.25,clock,clock_rate,0.9989861077638785,1.0,0.25,1.0.0
F2,0.0031622776601683794,clock characteristic time,response_to_clock_rate_0.25,clock,clock_rate,0.9989464629027429,1.0,0.25,1.0.0
F2,0.003285993247600654,clock characteristic time,response_to_clock_rate_0.25,clock,clock_rate,0.9989052686774693,1.0,0.25,1.0.0
F2,0.003414548873833601,clock characteristic time,response_to_clock_rate_0.25,clock,clock_rate,0.9988624646312955,1.0,0.25,1.0.0
F2,0.0035481338923357532,clock characteristic time,response_to_clock_rate_0.25,clock,clock_rate,0.9988179879362019,1.0,0.25,1.0.0
F2,0.0036869450645195733,clock characteristic time,response_to_clock_rate_0.25,clock,clock_rate,0.9987717733132687,1.0,0.25,1.0.0
F2,0.003831186849557289,clock characteristic time,response_to_clock_rate_0.25,clock,clock_rate,0.9987237529399475,1.0,0.25,1.0.0
F2,0.003981071705534973,clock characteristic time,response_to_clock_rate_0.25,clock,clock_rate,0.9986738563501154,1.0,0.25,1.0.0
F2,0.004136820402388507,clock characteristic time,response_to_clock_rate_0.25,clock,clock_rate,0.9986220103256258,1.0,0.25,1.0.0
F2,0.004298662347082277,clock characteristic time,response_to_clock_rate_0.25,clock,clock_rate,0.9985681388478146,1.0,0.25,1.0.0
F2,0.0044668359215096305,clock characteristic time,response_to_clock_rate_0.25,clock,clock_rate,0.9985121628317712,1.0,0.25,1.0.0
F2,0.004641588833612777,clock characteristic time,response_to_clock_rate_0.25,clock,clock_rate,0.9984540002465624,1.0,0.25,1.0.0
F2,0.004823178482239309,clock characteristic time,response_to_clock_rate_0.25,clock,clock_rate,0.9983935658169808,1.0,0.25,1.0.0
F2,0.005011872336272725,clock characteristic time,response_to_clock_rate_0.25,clock,clock_rate,0.9983307709188631,1.0,0.25,1.0.0
F2,0.005207948328595465,clock characteristic time,response_to_clock_rate_0.25,clock,clock_rate,0.9982655235244463,1.0,0.25,1.0.0
F2,0.0054116952654646375,clock characteristic time,response_to_clock_rate_0.25,clock,clock_rate,0.99819772801986,1.0,0.25,1.0.0
F2,0.005623413251903491,clock characteristic time,response_to_clock_rate_0.25,clock,clock_rate,0.9981272850753711,1.0,0.25,1.0.0
F2,0.005843414133735175,clock characteristic time,response_to_clock_rate_0.25,clock,clock_rate,0.9980540915251221,1.0,0.25,1.0.0
F2,0.006072021956909884,clock characteristic time,response_to_clock_rate_0.25,clock,clock_rate,0.9979780401530578,1.0,0.25,1.0.0
F2,0.006309573444801929,clock characteristic time,response_to_clock_rate_0.25,clock,clock_rate,0.9978990196236794,1.0,0.25,1.0.0
F2,0.006556418494179785,clock characteristic time,response_to_clock_rate_0.25,clock,clock_rate,0.9978169142687254,1.0,0.25,1.0.0
F2,0.006812920690579615,clock characteristic time,response_to_clock_rate_0.25,clock,clock_rate,0.9977316039266346,1.0,0.25,1.0.0
F2,0.00707945784384138,clock characteristic time,response_to_clock_rate_0.25,clock,clock_rate,0.9976429637798528,1.0,0.25,1.0.0
F2,0.007356422544596414,clock characteristic time,response_to_clock_rate_0.25,clock,clock_rate,0.9975508641779535,1.0,0.25,1.0.0
F2,0.007644222742526002,clock characteristic time,response_to_clock_rate_0.25,clock,clock_rate,0.9974551704363731,1.0,0.25,1.0.0
F2,0.007943282347242814,clock characteristic time,response_to_clock_rate_0.25,clock,clock_rate,0.9973557426802476,1.0,0.25,1.0.0
F2,0.008254041852680182,clock characteristic time,response_to_clock_rate_0.25,clock,clock_rate,0.9972524355863116,1.0,0.25,1.0.0
F2,0.008576958985908946,clock characteristic time,response_to_clock_rate_0.25,clock,clock_rate,0.9971450982309921,1.0,0.25,1.0.0
F2,0.008912509381337459,clock characteristic time,response_to_clock_rate_0.25,clock,clock_rate,0.9970335738531195,1.0,0.25,1.0.0
F2,0.009261187281287938,clock characteristic time,response_to_clock_rate_0.25,clock,clock_rate,0.9969176996026501,1.0,0.25,1.0.0
F2,0.009623506263980888,clock characteristic time,response_to_clock_rate_0.25,clock,clock_rate,0.9967973063793737,1.0,0.25,1.0.0
F2,0.01,clock characteristic time,response_to_clock_rate_0.25,clock,clock_rate,0.9966722185154808,1.0,0.25,1.0.0
F2,0.01039122303835169,clock characteristic time,response_to_clock_rate_0.25,clock,clock_rate,0.9965422535795327,1.0,0.25,1.0.0
F2,0.010797751623277093,clock characteristic time,response_to_clock_rate_0.25,clock,clock_rate,0.9964072220935061,1.0,0.25,1.0.0
F2,0.011220184543019636,clock characteristic time,response_to_clock_rate_0.25,clock,clock_rate,0.9962669272796546,1.0,0.25,1.0.0
F2,0.011659144011798317,clock characteristic time,response_to_clock_rate_0.25,clock,clock_rate,0.9961211647665246,1.0,0.25,1.0.0
F2,0.012115276586285882,clock characteristic time,response_to_clock_rate_0.25,clock,clock_rate,0.9959697223187375,1.0,0.25,1.0.0
F2,0.012589254117941675,clock characteristic time,response_to_clock_rate_0.25,clock,clock_rate,0.995812379524653,1.0,0.25,1.0.0
F2,0.013081774742601943,clock characteristic time,response_to_clock_rate_0.25,clock,clock_rate,0.9956489074973456,1.0,0.25,1.0.0
F2,0.013593563908785255,clock characteristic time,response_to_clock_rate_0.25,clock,clock_rate,0.9954790685499135,1.0,0.25,1.0.0
F2,0.01412537544622754,clock characteristic time,response_to_clock_rate_0.25,clock,clock_rate,0.9953026158575604,1.0,0.25,1.0.0
F2,0.014677992676220698,clock characteristic time,response_to_clock_rate_0.25,clock,clock_rate,0.9951192931308139,1.0,0.25,1.0.0
F2,0.01525222956539019,clock characteristic time,response_to_clock_rate_0.25,clock,clock_rate,0.9949288342359931,1.0,0.25,1.0.0
F2,0.015848931924611134,clock characteristic time,response_to_clock_rate_0.25,clock,clock_rate,0.9947309628524268,1.0,0.25,1.0.0
F2,0.01646897865482868,clock characteristic time,response_to_clock_rate_0.25,clock,clock_rate,0.9945253920632066,1.0,0.25,1.0.0
F2,0.01711328304161781,clock characteristic time,response_to_clock_rate_0.25,clock,clock_rate,0.9943118239780977,1.0,0.25,1.0.0
F2,0.01778279410038923,clock characteristic time,response_to_clock_rate_0.25,clock,clock_rate,0.9940899493174271,1.0,0.25,1.0.0
F2,0.018478497974222907,clock characteristic time,response_to_clock_rate_0.25,clock,clock_rate,0.9938594469861323,1.0,0.25,1.0.0
F2,0.01920141938638801,clock characteristic time,response_to_clock_rate_0.25,clock,clock_rate,0.9936199836371336,1.0,0.25,1.0.0
F2,0.0199526231496888,clock characteristic time,response_to_clock_rate_0.25,clock,clock_rate,0.9933712132135821,1.0,0.25,1.0.0
F2,0.02073321573485955,clock characteristic time,response_to_clock_rate_0.25,clock,clock_rate,0.9931127764795018,1.0,0.25,1.0.0
F2,0.021544346900318832,clock characteristic time,response_to_clock_rate_0.25,clock,clock_rate,0.992844300534238,1.0,0.25,1.0.0
F2,0.0223872113856834,clock characteristic time,response_to_clock_rate_0.25,clock,clock_rate,0.9925653983071123,1.0,0.25,1.0.0
F2,0.02326305067153626,clock characteristic time,response_to_clock_rate_0.25,clock,clock_rate,0.9922756680327462,1.0,0.25,1.0.0
F2,0.024173154808041036,clock characteristic time,response_to_clock_rate_0.25,clock,clock_rate,0.9919746927212236,1.0,0.25,1.0.0
F2,0.025118864315095794,clock characteristic time,response_to_clock_rate_0.25,clock,clock_rate,0.9916620395924632,1.0,0.25,1.0.0
F2,0.026101572156825372,clock characteristic time,response_to_clock_rate_0.25,clock,clock_rate,0.9913372595023598,1.0,0.25,1.0.0
F2,0.02712272579332028,clock characteristic time,response_to_clock_rate_0.25,clock,clock_rate,0.9909998863520866,1.0,0.25,1.0.0
F2,0.028183829312644536,clock characteristic time,response_to_clock_rate_0.25,clock,clock_rate,0.9906494364663772,1.0,0.25,1.0.0
F2,0.02928644564625236,clock characteristic time,response_to_clock_rate_0.25,clock,clock_rate,0.9902854079653032,1.0,0.25,1.0.0
F2,0.03043219887107722,clock characteristic time,response_to_clock_rate_0.25,clock,clock_rate,0.9899072801027612,1.0,0.25,1.0.0
F2,0.03162277660168379,clock characteristic time,response_to_clock_rate_0.25,clock,clock_rate,0.989514512593731,1.0,0.25,1.0.0
F2,0.03285993247600654,clock characteristic time,response_to_clock_rate_0.25,clock,clock_rate,0.989106544914213,1.0,0.25,1.0.0
F2,0.034145488738336005,clock characteristic time,response_to_clock_rate_0.25,clock,clock_rate,0.9886827955794936,1.0,0.25,1.0.0
F2,0.03548133892335755,clock characteristic time,response_to_clock_rate_0.25,clock,clock_rate,0.9882426614029461,1.0,0.25,1.0.0
F2,0.03686945064519575,clock characteristic time,response_to_clock_rate_0.25,clock,clock_rate,0.9877855167277725,1.0,0.25,1.0.0
F2,0.03831186849557287,clock characteristic time,response_to_clock_rate_0.25,clock,clock_rate,0.9873107126385844,1.0,0.25,1.0.0
F2,0.039810717055349734,clock characteristic time,response_to_clock_rate_0.25,clock,clock_rate,0.9868175761475962,1.0,0.25,1.0.0
F2,0.04136820402388507,clock characteristic time,response_to_clock_rate_0.25,clock,clock_rate,0.9863054093564092,1.0,0.25,1.0.0
F2,0.042986623470822764,clock characteristic time,response_to_clock_rate_0.25,clock,clock_rate,0.9857734885931083,1.0,0.25,1.0.0
F2,0.0446683592150963,clock characteristic time,response_to_clock_rate_0.25,clock,clock_rate,0.9852210635260288,1.0,0.25,1.0.0
F2,0.046415888336127795,clock characteristic time,response_to_clock_rate_0.25,clock,clock_rate,0.9846473562502175,1.0,0.25,1.0.0
F2,0.04823178482239307,clock characteristic time,response_to_clock_rate_0.25,clock,clock_rate,0.9840515603494837,1.0,0.25,1.0.0
F2,0.05011872336272722,clock characteristic time,response_to_clock_rate_0.25,clock,clock_rate,0.9834328399324673,1.0,0.25,1.0.0
F2,0.052079483285954624,clock characteristic time,response_to_clock_rate_0.25,clock,clock_rate,0.9827903286436537,1.0,0.25,1.0.0
F2,0.054116952654646375,clock characteristic time,response_to_clock_rate_0.25,clock,clock_rate,0.9821231286470254,1.0,0.25,1.0.0
F2,0.056234132519034905,clock characteristic time,response_to_clock_rate_0.25,clock,clock_rate,0.9814303095853893,1.0,0.25,1.0.0
F2,0.05843414133735175,clock characteristic time,response_to_clock_rate_0.25,clock,clock_rate,0.9807109075127282,1.0,0.25,1.0.0
F2,0.060720219569098836,clock characteristic time,response_to_clock_rate_0.25,clock,clock_rate,0.9799639238008038,1.0,0.25,1.0.0
F2,0.06309573444801933,clock characteristic time,response_to_clock_rate_0.25,clock,clock_rate,0.9791883240210942,1.0,0.25,1.0.0
F2,0.06556418494179789,clock characteristic time,response_to_clock_rate_0.25,clock,clock_rate,0.9783830368011525,1.0,0.25,1.0.0
F2,0.06812920690579612,clock characteristic time,response_to_clock_rate_0.25,clock,clock_rate,0.9775469526553984,1.0,0.25,1.0.0
F2,0.07079457843841377,clock characteristic time,response_to_clock_rate_0.25,clock,clock_rate,0.9766789227933896,1.0,0.25,1.0.0
F2,0.07356422544596414,clock characteristic time,response_to_clock_rate_0.25,clock,clock_rate,0.9757777579032394,1.0,0.25,1.0.0
F2,0.07644222742526002,clock characteristic time,response_to_clock_rate_0.25,clock,clock_rate,0.9748422269127424,1.0,0.25,1.0.0
F2,0.07943282347242814,clock characteristic time,response_to_clock_rate_0.25,clock,clock_rate,0.9738710557298477,1.0,0.25,1.0.0
F2,0.08254041852680186,clock characteristic time,response_to_clock_rate_0.25,clock,clock_rate,0.9728629259614626,1.0,0.25,1.0.0
F2,0.08576958985908942,clock characteristic time,response_to_clock_rate_0.25,clock,clock_rate,0.9718164736140739,1.0,0.25,1.0.0
F2,0.08912509381337455,clock characteristic time,response_to_clock_rate_0.25,clock,clock_rate,0.9707302877768262,1.0,0.25,1.0.0
F2,0.09261187281287933,clock characteristic time,response_to_clock_rate_0.25,clock,clock_rate,0.9696029092893393,1.0,0.25,1.0.0
F2,0.09623506263980887,clock characteristic time,response_to_clock_rate_0.25,clock,clock_rate,0.9684328293958263,1.0,0.25,1.0.0
F2,0.1,clock characteristic time,response_to_clock_rate_0.25,clock,clock_rate,0.9672184883885645,1.0,0.25,1.0.0
F2,0.10391223038351691,clock characteristic time,response_to_clock_rate_0.25,clock,clock_rate,0.9659582742429647,1.0,0.25,1.0.0
F2,0.10797751623277094,clock characteristic time,response_to_clock_rate_0.25,clock,clock_rate,0.9646505212474691,1.0,0.25,1.0.0
F2,0.1122018454301963,clock characteristic time,response_to_clock_rate_0.25,clock,clock_rate,0.9632935086317193,1.0,0.25,1.0.0
F2,0.11659144011798311,clock characteristic time,response_to_clock_rate_0.25,clock,clock_rate,0.9618854591967546,1.0,0.25,1.0.0
F2,0.12115276586285889,clock characteristic time,response_to_clock_rate_0.25,clock,clock_rate,0.9604245379511402,1.0,0.25,1.0.0
F2,0.12589254117941676,clock characteristic time,response_to_clock_rate_0.25,clock,clock_rate,0.9589088507584315,1.0,0.25,1.0.0
F2,0.13081774742601943,clock characteristic time,response_to_clock_rate_0.25,clock,clock_rate,0.9573364430002453,1.0,0.25,1.0.0
F2,0.13593563908785256,clock characteristic time,response_to_clock_rate_0.25,clock,clock_rate,0.955705298261314,1.0,0.25,1.0.0
F2,0.1412537544622754,clock characteristic time,response_to_clock_rate_0.25,clock,clock_rate,0.9540133370425047,1.0,0.25,1.0.0
F2,0.1467799267622069,clock characteristic time,response_to_clock_rate_0.25,clock,clock_rate,0.9522584155086634,1.0,0.25,1.0.0
F2,0.15252229565390182,clock characteristic time,response_to_clock_rate_0.25,clock,clock_rate,0.9504383242789785,1.0,0.25,1.0.0
F2,0.1584893192461114,clock characteristic time,response_to_clock_rate_0.25,clock,clock_rate,0.9485507872679835,1.0,0.25,1.0.0
F2,0.1646897865482869,clock characteristic time,response_to_clock_rate_0.25,clock,clock_rate,0.946593460586293,1.0,0.25,1.0.0
F2,0.1711328304161781,clock characteristic time,response_to_clock_rate_0.25,clock,clock_rate,0.9445639315107817,1.0,0.25,1.0.0
F2,0.1778279410038923,clock characteristic time,response_to_clock_rate_0.25,clock,clock_rate,0.9424597175352928,1.0,0.25,1.0.0
F2,0.18478497974222907,clock characteristic time,response_to_clock_rate_0.25,clock,clock_rate,0.9402782655128316,1.0,0.25,1.0.0
F2,0.1920141938638801,clock characteristic time,response_to_clock_rate_0.25,clock,clock_rate,0.9380169509026408,1.0,0.25,1.0.0
F2,0.19952623149688786,clock characteristic time,response_to_clock_rate_0.25,clock,clock_rate,0.93567307713526,1.0,0.25,1.0.0
F2,0.2073321573485954,clock characteristic time,response_to_clock_rate_0.25,clock,clock_rate,0.9332438751106712,1.0,0.25,1.0.0
F2,0.21544346900318845,clock characteristic time,response_to_clock_rate_0.25,clock,clock_rate,0.930726502845446,1.0,0.25,1.0.0
F2,0.223872113856834,clock characteristic time,response_to_clock_rate_0.25,clock,clock_rate,0.9281180452862368,1.0,0.25,1.0.0
F2,0.23263050671536262,clock characteristic time,response_to_clock_rate_0.25,clock,clock_rate,0.9254155143080444,1.0,0.25,1.0.0
F2,0.24173154808041036,clock characteristic time,response_to_clock_rate_0.25,clock,clock_rate,0.922615848917463,1.0,0.25,1.0.0
F2,0.25118864315095796,clock characteristic time,response_to_clock_rate_0.25,clock,clock_rate,0.9197159156822061,1.0,0.25,1.0.0
F2,0.2610157215682536,clock characteristic time,response_to_clock_rate_0.25,clock,clock_rate,0.9167125094101808,1.0,0.25,1.0.0
F2,0.2712272579332027,clock characteristic time,response_to_clock_rate_0.25,clock,clock_rate,0.9136023541025466,1.0,0.25,1.0.0
F2,0.2818382931264455,clock characteristic time,response_to_clock_rate_0.25,clock,clock_rate,0.9103821042072284,1.0,0.25,1.0.0
F2,0.29286445646252374,clock characteristic time,response_to_clock_rate_0.25,clock,clock_rate,0.9070483462011214,1.0,0.25,1.0.0
F2,0.3043219887107722,clock characteristic time,response_to_clock_rate_0.25,clock,clock_rate,0.9035976005307887,1.0,0.25,1.0.0
F2,0.31622776601683794,clock characteristic time,response_to_clock_rate_0.25,clock,clock_rate,0.9000263239435833,1.0,0.25,1.0.0
F2,0.3285993247600654,clock characteristic time,response_to_clock_rate_0.25,clock,clock_rate,0.896330912243059,1.0,0.25,1.0.0
F2,0.34145488738336005,clock characteristic time,response_to_clock_rate_0.25,clock,clock_rate,0.8925077035043768,1.0,0.25,1.0.0
F2,0.3548133892335753,clock characteristic time,response_to_clock_rate_0.25,clock,clock_rate,0.8885529817875778,1.0,0.25,1.0.0
F2,0.36869450645195734,clock characteristic time,response_to_clock_rate_0.25,clock,clock_rate,0.8844629813885272,1.0,0.25,1.0.0
F2,0.38311868495572887,clock characteristic time,response_to_clock_rate_0.25,clock,clock_rate,0.88023389166948,1.0,0.25,1.0.0
F2,0.3981071705534973,clock characteristic time,response_to_clock_rate_0.25,clock,clock_rate,0.8758618625131002,1.0,0.25,1.0.0
F2,0.4136820402388507,clock characteristic time,response_to_clock_rate_0.25,clock,clock_rate,0.871343010445874,1.0,0.25,1.0.0
F2,0.42986623470822766,clock characteristic time,response_to_clock_rate_0.25,clock,clock_rate,0.8666734254786649,1.0,0.25,1.0.0
F2,0.44668359215096304,clock characteristic time,response_to_clock_rate_0.25,clock,clock_rate,0.8618491787140112,1.0,0.25,1.0.0
F2,0.46415888336127775,clock characteristic time,response_to_clock_rate_0.25,clock,clock_rate,0.8568663307713869,1.0,0.25,1.0.0
F2,0.4823178482239304,clock characteristic time,response_to_clock_rate_0.25,clock,clock_rate,0.851720941083114,1.0,0.25,1.0.0
F2,0.5011872336272725,clock characteristic time,response_to_clock_rate_0.25,clock,clock_rate,0.846409078114871,1.0,0.25,1.0.0
F2,0.5207948328595465,clock characteristic time,response_to_clock_rate_0.25,clock,clock_rate,0.8409268305656208,1.0,0.25,1.0.0
F2,0.5411695265464638,clock characteristic time,response_to_clock_rate_0.25,clock,clock_rate,0.8352703196023502,1.0,0.25,1.0.0
F2,0.5623413251903491,clock characteristic time,response_to_clock_rate_0.25,clock,clock_rate,0.8294357121851522,1.0,0.25,1.0.0
F2,0.5843414133735175,clock characteristic time,response_to_clock_rate_0.25,clock,clock_rate,0.8234192355377561,1.0,0.25,1.0.0
F2,0.6072021956909883,clock characteristic time,response_to_clock_rate_0.25,clock,clock_rate,0.8172171928175453,1.0,0.25,1.0.0
F2,0.630957344480193,clock characteristic time,response_to_clock_rate_0.25,clock,clock_rate,0.8108259800373997,1.0,0.25,1.0.0
F2,0.6556418494179785,clock characteristic time,response_to_clock_rate_0.25,clock,clock_rate,0.8042421042890217,1.0,0.25,1.0.0
F2,0.6812920690579615,clock characteristic time,response_to_clock_rate_0.25,clock,clock_rate,0.7974622033138844,1.0,0.25,1.0.0
F2,0.707945784384138,clock characteristic time,response_to_clock_rate_0.25,clock,clock_rate,0.7904830664631763,1.0,0.25,1.0.0
F2,0.7356422544596414,clock characteristic time,response_to_clock_rate_0.25,clock,clock_rate,0.7833016570821807,1.0,0.25,1.0.0
F2,0.7644222742526002,clock characteristic time,response_to_clock_rate_0.25,clock,clock_rate,0.775915136347124,1.0,0.25,1.0.0
F2,0.7943282347242814,clock characteristic time,response_to_clock_rate_0.25,clock,clock_rate,0.768320888573456,1.0,0.25,1.0.0
F2,0.8254041852680182,clock characteristic time,response_to_clock_rate_0.25,clock,clock_rate,0.7605165480037631,1.0,0.25,1.0.0
F2,0.8576958985908937,clock characteristic time,response_to_clock_rate_0.25,clock,clock_rate,0.7525000270706523,1.0,0.25,1.0.0
F2,0.8912509381337459,clock characteristic time,response_to_clock_rate_0.25,clock,clock_rate,0.744269546114972,1.0,0.25,1.0.0
F2,0.9261187281287937,clock characteristic time,response_to_clock_rate_0.25,clock,clock_rate,0.7358236645222843,1.0,0.25,1.0.0
F2,0.9623506263980888,clock characteristic time,response_to_clock_rate_0.25,clock,clock_rate,0.7271613132205363,1.0,0.25,1.0.0
F2,1.0,clock characteristic time,response_to_clock_rate_0.25,clock,clock_rate,0.7182818284590451,1.0,0.25,1.0.0
F2,1.0391223038351691,clock characteristic time,response_to_clock_rate_0.25,clock,clock_rate,0.7091849867631445,1.0,0.25,1.0.0
F2,1.0797751623277094,clock characteristic time,response_to_clock_rate_0.25,clock,clock_rate,0.699871040929933,1.0,0.25,1.0.0
F2,1.122018454301963,clock characteristic time,response_to_clock_rate_0.25,clock,clock_rate,0.6903407568983789,1.0,0.25,1.0.0
F2,1.165914401179831,clock characteristic time,response_to_clock_rate_0.25,clock,clock_rate,0.6805954512915552,1.0,0.25,1.0.0
F2,1.2115276586285888,clock characteristic time,response_to_clock_rate_0.25,clock,clock_rate,0.6706370293898846,1.0,0.25,1.0.0
F2,1.2589254117941675,clock characteristic time,response_to_clock_rate_0.25,clock,clock_rate,0.6604680232521161,1.0,0.25,1.0.0
F2,1.3081774742601942,clock characteristic time,response_to_clock_rate_0.25,clock,clock_rate,0.6500916296554294,1.0,0.25,1.0.0
F2,1.3593563908785256,clock characteristic time,response_to_clock_rate_0.25,clock,clock_rate,0.6395117474778246,1.0,0.25,1.0.0
F2,1.412537544622754,clock characteristic time,response_to_clock_rate_0.25,clock,clock_rate,0.6287330140952377,1.0,0.25,1.0.0
F2,1.467799267622069,clock characteristic time,response_to_clock_rate_0.25,clock,clock_rate,0.6177608403131748,1.0,0.25,1.0.0
F2,1.5252229565390183,clock characteristic time,response_to_clock_rate_0.25,clock,clock_rate,0.6066014432987893,1.0,0.25,1.0.0
F2,1.584893192461114,clock characteristic time,response_to_clock_rate_0.25,clock,clock_rate,0.5952618769252598,1.0,0.25,1.0.0
F2,1.6468978654828688,clock characteristic time,response_to_clock_rate_0.25,clock,clock_rate,0.5837500588871991,1.0,0.25,1.0.0
F2,1.711328304161781,clock characteristic time,response_to_clock_rate_0.25,clock,clock_rate,0.5720747938951054,1.0,0.25,1.0.0
F2,1.7782794100389228,clock characteristic time,response_to_clock_rate_0.25,clock,clock_rate,0.5602457922102999,1.0,0.25,1.0.0
F2,1.8478497974222907,clock characteristic time,response_to_clock_rate_0.25,clock,clock_rate,0.5482736827413427,1.0,0.25,1.0.0
F2,1.920141938638801,clock characteristic time,response_to_clock_rate_0.25,clock,clock_rate,0.5361700198909324,1.0,0.25,1.0.0
F2,1.9952623149688788,clock characteristic time,response_to_clock_rate_0.25,clock,clock_rate,0.5239472833212968,1.0,0.25,1.0.0
F2,2.073321573485954,clock characteristic time,response_to_clock_rate_0.25,clock,clock_rate,0.5116188697989265,1.0,0.25,1.0.0
F2,2.1544346900318843,clock characteristic time,response_to_clock_rate_0.25,clock,clock_rate,0.499199076289178,1.0,0.25,1.0.0
F2,2.23872113856834,clock characteristic time,response_to_clock_rate_0.25,clock,clock_rate,0.4867030735009607,1.0,0.25,1.0.0
F2,2.3263050671536263,clock characteristic time,response_to_clock_rate_0.25,clock,clock_rate,0.4741468691345595,1.0,0.25,1.0.0
F2,2.4173154808041035,clock characteristic time,response_to_clock_rate_0.25,clock,clock_rate,0.4615472601647681,1.0,0.25,1.0.0
F2,2.5118864315095797,clock characteristic time,response_to_clock_rate_0.25,clock,clock_rate,0.44892177359969065,1.0,0.25,1.0.0
F2,2.610157215682536,clock characteristic time,response_to_clock_rate_0.25,clock,clock_rate,0.43628859529524827,1.0,0.25,1.0.0
F2,2.712272579332027,clock characteristic time,response_to_clock_rate_0.25,clock,clock_rate,0.42366648657827605,1.0,0.25,1.0.0
F2,2.818382931264452,clock characteristic time,response_to_clock_rate_0.25,clock,clock_rate,0.41107468863794133,1.0,0.25,1.0.0
F2,2.9286445646252375,clock characteristic time,response_to_clock_rate_0.25,clock,clock_rate,0.3985328148856782,1.0,0.25,1.0.0
F2,3.043219887107722,clock characteristic time,response_to_clock_rate_0.25,clock,clock_rate,0.3860607317560997,1.0,0.25,1.0.0
F2,3.1622776601683795,clock characteristic time,response_to_clock_rate_0.25,clock,clock_rate,0.3736784287218831,1.0,0.25,1.0.0
F2,3.285993247600654,clock characteristic time,response_to_clock_rate_0.25,clock,clock_rate,0.3614058786190544,1.0,0.25,1.0.0
F2,3.4145488738336005,clock characteristic time,response_to_clock_rate_0.25,clock,clock_rate,0.34926288971781905,1.0,0.25,1.0.0
F2,3.5481338923357533,clock characteristic time,response_to_clock_rate_0.25,clock,clock_rate,0.33726895131854273,1.0,0.25,1.0.0
F2,3.6869450645195734,clock characteristic time,response_to_clock_rate_0.25,clock,clock_rate,0.3254430749908062,1.0,0.25,1.0.0
F2,3.831186849557289,clock characteristic time,response_to_clock_rate_0.25,clock,clock_rate,0.3138036338920342,1.0,0.25,1.0.0
F2,3.981071705534973,clock characteristic time,response_to_clock_rate_0.25,clock,clock_rate,0.3023682028857185,1.0,0.25,1.0.0
F2,4.136820402388507,clock characteristic time,response_to_clock_rate_0.25,clock,clock_rate,0.2911534024114844,1.0,0.25,1.0.0
F2,4.298662347082277,clock characteristic time,response_to_clock_rate_0.25,clock,clock_rate,0.2801747492236562,1.0,0.25,1.0.0
F2,4.46683592150963,clock characteristic time,response_to_clock_rate_0.25,clock,clock_rate,0.2694465171956301,1.0,0.25,1.0.0
F2,4.6415888336127775,clock characteristic time,response_to_clock_rate_0.25,clock,clock_rate,0.25898161137010745,1.0,0.25,1.0.0
F2,4.823178482239304,clock characteristic time,response_to_clock_rate_0.25,clock,clock_rate,0.24879145830873828,1.0,0.25,1.0.0
F2,5.011872336272719,clock characteristic time,response_to_clock_rate_0.25,clock,clock_rate,0.23888591555169697,1.0,0.25,1.0.0
F2,5.207948328595465,clock characteristic time,response_to_clock_rate_0.25,clock,clock_rate,0.22927320263605613,1.0,0.25,1.0.0
F2,5.411695265464638,clock characteristic time,response_to_clock_rate_0.25,clock,clock_rate,0.2199598556454928,1.0,0.25,1.0.0
F2,5.62341325190349,clock characteristic time,response_to_clock_rate_0.25,clock,clock_rate,0.21095070668351124,1.0,0.25,1.0.0
F2,5.843414133735175,clock characteristic time,response_to_clock_rate_0.25,clock,clock_rate,0.20224888899560137,1.0,0.25,1.0.0
F2,6.072021956909884,clock characteristic time,response_to_clock_rate_0.25,clock,clock_rate,0.1938558677367505,1.0,0.25,1.0.0
F2,6.30957344480193,clock characteristic time,response_to_clock_rate_0.25,clock,clock_rate,0.18577149561953002,1.0,0.25,1.0.0
F2,6.556418494179785,clock characteristic time,response_to_clock_rate_0.25,clock,clock_rate,0.17799409191895396,1.0,0.25,1.0.0
F2,6.812920690579615,clock characteristic time,response_to_clock_rate_0.25,clock,clock_rate,0.17052054259031682,1.0,0.25,1.0.0
F2,7.07945784384138,clock characteristic time,response_to_clock_rate_0.25,clock,clock_rate,0.16334641861221755,1.0,0.25,1.0.0
F2,7.3564225445964135,clock characteristic time,response_to_clock_rate_0.25,clock,clock_rate,0.15646610913345732,1.0,0.25,1.0.0
F2,7.644222742526002,clock characteristic time,response_to_clock_rate_0.25,clock,clock_rate,0.14987296560885044,1.0,0.25,1.0.0
F2,7.943282347242813,clock characteristic time,response_to_clock_rate_0.25,clock,clock_rate,0.1435594528770778,1.0,0.25,1.0.0
F2,8.254041852680182,clock characteristic time,response_to_clock_rate_0.25,clock,clock_rate,0.13751730307596968,1.0,0.25,1.0.0
F2,8.576958985908938,clock characteristic time,response_to_clock_rate_0.25,clock,clock_rate,0.13173766840870615,1.0,0.25,1.0.0
F2,8.91250938133745,clock characteristic time,response_to_clock_rate_0.25,clock,clock_rate,0.12621126905893162,1.0,0.25,1.0.0
F2,9.261187281287937,clock characteristic time,response_to_clock_rate_0.25,clock,clock_rate,0.12092853298364743,1.0,0.25,1.0.0
F2,9.623506263980888,clock characteristic time,response_to_clock_rate_0.25,clock,clock_rate,0.11587972486081069,1.0,0.25,1.0.0
F2,10.0,clock characteristic time,response_to_clock_rate_0.25,clock,clock_rate,0.11105506209784374,1.0,0.25,1.0.0
F2,10.39122303835169,clock characteristic time,response_to_clock_rate_0.25,clock,clock_rate,0.10644481647785325,1.0,0.25,1.0.0
F2,10.797751623277094,clock characteristic time,response_to_clock_rate_0.25,clock,clock_rate,0.10203940069169927,1.0,0.25,1.0.0
F2,11.220184543019629,clock characteristic time,response_to_clock_rate_0.25,clock,clock_rate,0.09782943963814265,1.0,0.25,1.0.0
F2,11.659144011798311,clock characteristic time,response_to_clock_rate_0.25,clock,clock_rate,0.0938058269385691,1.0,0.25,1.0.0
F2,12.115276586285876,clock characteristic time,response_to_clock_rate_0.25,clock,clock_rate,0.08995976758239695,1.0,0.25,1.0.0
F2,12.589254117941662,clock characteristic time,response_to_clock_rate_0.25,clock,clock_rate,0.08628280797848399,1.0,0.25,1.0.0
F2,13.081774742601928,clock characteristic time,response_to_clock_rate_0.25,clock,clock_rate,0.08276685493049518,1.0,0.25,1.0.0
F2,13.593563908785242,clock characteristic time,response_to_clock_rate_0.25,clock,clock_rate,0.07940418518317909,1.0,0.25,1.0.0
F2,14.125375446227554,clock characteristic time,response_to_clock_rate_0.25,clock,clock_rate,0.07618744721247905,1.0,0.25,1.0.0
F2,14.677992676220706,clock characteristic time,response_to_clock_rate_0.25,clock,clock_rate,0.07310965687185265,1.0,0.25,1.0.0
F2,15.252229565390198,clock characteristic time,response_to_clock_rate_0.25,clock,clock_rate,0.07016418838011249,1.0,0.25,1.0.0
F2,15.848931924611142,clock characteristic time,response_to_clock_rate_0.25,clock,clock_rate,0.0673447619638449,1.0,0.25,1.0.0
F2,16.46897865482869,clock characteristic time,response_to_clock_rate_0.25,clock,clock_rate,0.06464542927045644,1.0,0.25,1.0.0
F2,17.11328304161781,clock characteristic time,response_to_clock_rate_0.25,clock,clock_rate,0.06206055746417557,1.0,0.25,1.0.0
F2,17.78279410038923,clock characteristic time,response_to_clock_rate_0.25,clock,clock_rate,0.0595848127213268,1.0,0.25,1.0.0
F2,18.478497974222908,clock characteristic time,response_to_clock_rate_0.25,clock,clock_rate,0.0572131436632807,1.0,0.25,1.0.0
F2,19.20141938638801,clock characteristic time,response_to_clock_rate_0.25,clock,clock_rate,0.05494076511198038,1.0,0.25,1.0.0
F2,19.952623149688787,clock characteristic time,response_to_clock_rate_0.25,clock,clock_rate,0.052763142426568536,1.0,0.25,1.0.0
F2,20.73321573485954,clock characteristic time,response_to_clock_rate_0.25,clock,clock_rate,0.05067597658020024,1.0,0.25,1.0.0
F2,21.54434690031882,clock characteristic time,response_to_clock_rate_0.25,clock,clock_rate,0.048675190061386216,1.0,0.25,1.0.0
F2,22.38721138568338,clock characteristic time,response_to_clock_rate_0.25,clock,clock_rate,0.046756913630695944,1.0,0.25,1.0.0
F2,23.263050671536238,clock characteristic time,response_to_clock_rate_0.25,clock,clock_rate,0.044917473927372664,1.0,0.25,1.0.0
F2,24.173154808041012,clock characteristic time,response_to_clock_rate_0.25,clock,clock_rate,0.04315338189741893,1.0,0.25,1.0.0
F2,25.11886431509582,clock characteristic time,response_to_clock_rate_0.25,clock,clock_rate,0.041461322001447275,1.0,0.25,1.0.0
F2,26.101572156825384,clock characteristic time,response_to_clock_rate_0.25,clock,clock_rate,0.03983814215408873,1.0,0.25,1.0.0
F2,27.122725793320296,clock characteristic time,response_to_clock_rate_0.25,clock,clock_rate,0.03828084434469271,1.0,0.25,1.0.0
F2,28.183829312644548,clock characteristic time,response_to_clock_rate_0.25,clock,clock_rate,0.036786575889734524,1.0,0.25,1.0.0
F2,29.28644564625237,clock characteristic time,response_to_clock_rate_0.25,clock,clock_rate,0.03535262126956897,1.0,0.25,1.0.0
F2,30.432198871077222,clock characteristic time,response_to_clock_rate_0.25,clock,clock_rate,0.033976394505161496,1.0,0.25,1.0.0
F2,31.622776601683793,clock characteristic time,response_to_clock_rate_0.25,clock,clock_rate,0.03265543203369782,1.0,0.25,1.0.0
F2,32.85993247600654,clock characteristic time,response_to_clock_rate_0.25,clock,clock_rate,0.031387386045243826,1.0,0.25,1.0.0
F2,34.145488738336006,clock characteristic time,response_to_clock_rate_0.25,clock,clock_rate,0.030170018245751495,1.0,0.25,1.0.0
F2,35.481338923357534,clock characteristic time,response_to_clock_rate_0.25,clock,clock_rate,0.02900119401461494,1.0,0.25,1.0.0
F2,36.869450645195734,clock characteristic time,response_to_clock_rate_0.25,clock,clock_rate,0.0278788769276547,1.0,0.25,1.0.0
F2,38.31186849557285,clock characteristic time,response_to_clock_rate_0.25,clock,clock_rate,0.026801123618846682,1.0,0.25,1.0.0
F2,39.81071705534969,clock characteristic time,response_to_clock_rate_0.25,clock,clock_rate,0.025766078956331963,1.0,0.25,1.0.0
F2,41.36820402388503,clock characteristic time,response_to_clock_rate_0.25,clock,clock_rate,0.024771971510258936,1.0,0.25,1.0.0
F2,42.98662347082272,clock characteristic time,response_to_clock_rate_0.25,clock,clock_rate,0.02381710929184192,1.0,0.25,1.0.0
F2,44.668359215096345,clock characteristic time,response_to_clock_rate_0.25,clock,clock_rate,0.022899875744685536,1.0,0.25,1.0.0
F2,46.41588833612782,clock characteristic time,response_to_clock_rate_0.25,clock,clock_rate,0.022018725970939804,1.0,0.25,1.0.0
F2,48.23178482239309,clock characteristic time,response_to_clock_rate_0.25,clock,clock_rate,0.021172183176230288,1.0,0.25,1.0.0
F2,50.118723362727245,clock characteristic time,response_to_clock_rate_0.25,clock,clock_rate,0.020358835318566727,1.0,0.25,1.0.0
F2,52.07948328595465,clock characteristic time,response_to_clock_rate_0.25,clock,clock_rate,0.019577331947580025,1.0,0.25,1.0.0
F2,54.116952654646376,clock characteristic time,response_to_clock_rate_0.25,clock,clock_rate,0.018826381221486086,1.0,0.25,1.0.0
F2,56.23413251903491,clock characteristic time,response_to_clock_rate_0.25,clock,clock_rate,0.01810474709013268,1.0,0.25,1.0.0
F2,58.434141337351754,clock characteristic time,response_to_clock_rate_0.25,clock,clock_rate,0.017411246633361948,1.0,0.25,1.0.0
F2,60.72021956909884,clock characteristic time,response_to_clock_rate_0.25,clock,clock_rate,0.016744747544723233,1.0,0.25,1.0.0
F2,63.0957344480193,clock characteristic time,response_to_clock_rate_0.25,clock,clock_rate,0.016104165751306247,1.0,0.25,1.0.0
F2,65.56418494179785,clock characteristic time,response_to_clock_rate_0.25,clock,clock_rate,0.01548846316113898,1.0,0.25,1.0.0
F2,68.12920690579608,clock characteristic time,response_to_clock_rate_0.25,clock,clock_rate,0.014896645530213434,1.0,0.25,1.0.0
F2,70.79457843841374,clock characteristic time,response_to_clock_rate_0.25,clock,clock_rate,0.014327760441771182,1.0,0.25,1.0.0
F2,73.56422544596406,clock characteristic time,response_to_clock_rate_0.25,clock,clock_rate,0.013780895391003155,1.0,0.25,1.0.0
F2,76.44222742525994,clock characteristic time,response_to_clock_rate_0.25,clock,clock_rate,0.013255175968799337,1.0,0.25,1.0.0
F2,79.43282347242821,clock characteristic time,response_to_clock_rate_0.25,clock,clock_rate,0.012749764138626656,1.0,0.25,1.0.0
F2,82.5404185268019,clock characteristic time,response_to_clock_rate_0.25,clock,clock_rate,0.012263856601021802,1.0,0.25,1.0.0
F2,85.76958985908946,clock characteristic time,response_to_clock_rate_0.25,clock,clock_rate,0.011796683240561585,1.0,0.25,1.0.0
F2,89.12509381337459,clock characteristic time,response_to_clock_rate_0.25,clock,clock_rate,0.011347505650521438,1.0,0.25,1.0.0
F2,92.61187281287937,clock characteristic time,response_to_clock_rate_0.25,clock,clock_rate,0.010915615730752901,1.0,0.25,1.0.0
F2,96.23506263980887,clock characteristic time,response_to_clock_rate_0.25,clock,clock_rate,0.010500334354607687,1.0,0.25,1.0.0
F2,100.0,clock characteristic time,response_to_clock_rate_0.25,clock,clock_rate,0.010101010101010102,1.0,0.25,1.0.0
F2,0.001,clock characteristic time,response_to_clock_rate_0.25,response,response_rate,0.999916670138831,1.0,0.25,1.0.0
F2,0.001039122303835169,clock characteristic time,response_to_clock_rate_0.25,response,response_rate,0.9999134102238347,1.0,0.25,1.0.0
F2,0.0010797751623277093,clock characteristic time,response_to_clock_rate_0.25,response,response_rate,0.9999100227847136,1.0,0.25,1.0.0
F2,0.001122018454301963,clock characteristic time,response_to_clock_rate_0.25,response,response_rate,0.9999065028333286,1.0,0.25,1.0.0
F2,0.0011659144011798323,clock characteristic time,response_to_clock_rate_0.25,response,response_rate,0.9999028451864642,1.0,0.25,1.0.0
F2,0.001211527658628589,clock characteristic time,response_to_clock_rate_0.25,response,response_rate,0.9998990444582031,1.0,0.25,1.0.0
F2,0.0012589254117941675,clock characteristic time,response_to_clock_rate_0.25,response,response_rate,0.9998950950520029,1.0,0.25,1.0.0
F2,0.0013081774742601943,clock characteristic time,response_to_clock_rate_0.25,response,response_rate,0.999890991152461,1.0,0.25,1.0.0
F2,0.0013593563908785254,clock characteristic time,response_to_clock_rate_0.25,response,response_rate,0.9998867267167599,1.0,0.25,1.0.0
F2,0.001412537544622754,clock characteristic time,response_to_clock_rate_0.25,response,response_rate,0.999882295465779,1.0,0.25,1.0.0
F2,0.001467799267622069,clock characteristic time,response_to_clock_rate_0.25,response,response_rate,0.9998776908748578,1.0,0.25,1.0.0
F2,0.0015252229565390183,clock characteristic time,response_to_clock_rate_0.25,response,response_rate,0.999872906164198,1.0,0.25,1.0.0
F2,0.001584893192461114,clock characteristic time,response_to_clock_rate_0.25,response,response_rate,0.9998679342888925,1.0,0.25,1.0.0
F2,0.0016468978654828688,clock characteristic time,response_to_clock_rate_0.25,response,response_rate,0.9998627679285644,1.0,0.25,1.0.0
F2,0.001711328304161781,clock characteristic time,response_to_clock_rate_0.25,response,response_rate,0.9998573994766012,1.0,0.25,1.0.0
F2,0.0017782794100389228,clock characteristic time,response_to_clock_rate_0.25,response,response_rate,0.9998518210289687,1.0,0.25,1.0.0
F2,0.0018478497974222907,clock characteristic time,response_to_clock_rate_0.25,response,response_rate,0.9998460243725888,1.0,0.25,1.0.0
F2,0.001920141938638801,clock characteristic time,response_to_clock_rate_0.25,response,response_rate,0.999840000973263,1.0,0.25,1.0.0
F2,0.001995262314968879,clock characteristic time,response_to_clock_rate_0.25,response,response_rate,0.9998337419631252,1.0,0.25,1.0.0
F2,0.002073321573485954,clock characteristic time,response_to_clock_rate_0.25,response,response_rate,0.9998272381276047,1.0,0.25,1.0.0
F2,0.0021544346900318843,clock characteristic time,response_to_clock_rate_0.25,response,response_rate,0.9998204798918797,1.0,0.25,1.0.0
F2,0.00223872113856834,clock characteristic time,response_to_clock_rate_0.25,response,response_rate,0.9998134573068045,1.0,0.25,1.0.0
F2,0.0023263050671536263,clock characteristic time,response_to_clock_rate_0.25,response,response_rate,0.999806160034284,1.0,0.25,1.0.0
F2,0.0024173154808041037,clock characteristic time,response_to_clock_rate_0.25,response,response_rate,0.9997985773320811,1.0,0.25,1.0.0
F2,0.0025118864315095794,clock characteristic time,response_to_clock_rate_0.25,response,response_rate,0.9997906980380316,1.0,0.25,1.0.0
F2,0.0026101572156825357,clock characteristic time,response_to_clock_rate_0.25,response,response_rate,0.9997825105536386,1.0,0.25,1.0.0
F2,0.0027122725793320298,clock characteristic time,response_to_clock_rate_0.25,response,response_rate,0.9997740028270348,1.0,0.25,1.0.0
F2,0.002818382931264455,clock characteristic time,response_to_clock_rate_0.25,response,response_rate,0.9997651623352738,1.0,0.25,1.0.0
F2,0.0029286445646252374,clock characteristic time,response_to_clock_rate_0.25,response,response_rate,0.9997559760659352,1.0,0.25,1.0.0
F2,0.003043219887107722,clock characteristic time,response_to_clock_rate_0.25,response,response_rate,0.9997464304980102,1.0,0.25,1.0.0
F2,0.0031622776601683794,clock characteristic time,response_to_clock_rate_0.25,response,response_rate,0.9997365115820447,1.0,0.25,1.0.0
F2,0.003285993247600654,clock characteristic time,response_to_clock_rate_0.25,response,response_rate,0.9997262047195062,1.0,0.25,1.0.0
F2,0.003414548873833601,clock characteristic time,response_to_clock_rate_0.25,response,response_rate,0.9997154947413489,1.0,0.25,1.0.0
F2,0.0035481338923357532,clock characteristic time,response_to_clock_rate_0.25,response,response_rate,0.9997043658857414,1.0,0.25,1.0.0
F2,0.0036869450645195733,clock characteristic time,response_to_clock_rate_0.25,response,response_rate,0.9996928017749309,1.0,0.25,1.0.0
F2,0.003831186849557289,clock characteristic time,response_to_clock_rate_0.25,response,response_rate,0.9996807853912014,1.0,0.25,1.0.0
F2,0.003981071705534973,clock characteristic time,response_to_clock_rate_0.25,response,response_rate,0.9996682990519006,1.0,0.25,1.0.0
F2,0.004136820402388507,clock characteristic time,response_to_clock_rate_0.25,response,response_rate,0.9996553244098427,1.0,0.25,1.0.0
F2,0.004298662347082277,clock characteristic time,response_to_clock_rate_0.25,response,response_rate,0.9996418422513196,1.0,0.25,1.0.0
F2,0.0044668359215096305,clock characteristic time,response_to_clock_rate_0.25,response,response_rate,0.9996278329250523,1.0,0.25,1.0.0
F2,0.004641588833612777,clock characteristic time,response_to_clock_rate_0.25,response,response_rate,0.9996132758696336,1.0,0.25,1.0.0
F2,0.004823178482239309,clock characteristic time,response_to_clock_rate_0.25,response,response_rate,0.999598149124665,1.0,0.25,1.0.0
F2,0.005011872336272725,clock characteristic time,response_to_clock_rate_0.25,response,response_rate,0.9995824310709146,1.0,0.25,1.0.0
F2,0.005207948328595465,clock characteristic time,response_to_clock_rate_0.25,response,response_rate,0.9995660984657422,1.0,0.25,1.0.0
F2,0.0054116952654646375,clock characteristic time,response_to_clock_rate_0.25,response,response_rate,0.9995491271390052,1.0,0.25,1.0.0
F2,0.005623413251903491,clock characteristic time,response_to_clock_rate_0.25,response,response_rate,0.9995314919871998,1.0,0.25,1.0.0
F2,0.005843414133735175,clock characteristic time,response_to_clock_rate_0.25,response,response_rate,0.9995131674146798,1.0,0.25,1.0.0
F2,0.006072021956909884,clock characteristic time,response_to_clock_rate_0.25,response,response_rate,0.9994941261654383,1.0,0.25,1.0.0
F2,0.006309573444801929,clock characteristic time,response_to_clock_rate_0.25,response,response_rate,0.9994743404974109,1.0,0.25,1.0.0
F2,0.006556418494179785,clock characteristic time,response_to_clock_rate_0.25,response,response_rate,0.999453781045986,1.0,0.25,1.0.0
F2,0.006812920690579615,clock characteristic time,response_to_clock_rate_0.25,response,response_rate,0.9994324177133749,1.0,0.25,1.0.0
F2,0.00707945784384138,clock characteristic time,response_to_clock_rate_0.25,response,response_rate,0.9994102192018494,1.0,0.25,1.0.0
F2,0.007356422544596414,clock characteristic time,response_to_clock_rate_0.25,response,response_rate,0.9993871526693288,1.0,0.25,1.0.0
F2,0.007644222742526002,clock characteristic time,response_to_clock_rate_0.25,response,response_rate,0.9993631843420961,1.0,0.25,1.0.0
F2,0.007943282347242814,clock characteristic time,response_to_clock_rate_0.25,response,response_rate,0.9993382788681193,1.0,0.25,1.0.0
F2,0.008254041852680182,clock characteristic time,response_to_clock_rate_0.25,response,response_rate,0.9993123996757128,1.0,0.25,1.0.0
F2,0.008576958985908946,clock characteristic time,response_to_clock_rate_0.25,response,response_rate,0.9992855087908111,1.0,0.25,1.0.0
F2,0.008912509381337459,clock characteristic time,response_to_clock_rate_0.25,response,response_rate,0.9992575666335838,1.0,0.25,1.0.0
F2,0.009261187281287938,clock characteristic time,response_to_clock_rate_0.25,response,response_rate,0.9992285321680574,1.0,0.25,1.0.0
F2,0.009623506263980888,clock characteristic time,response_to_clock_rate_0.25,response,response_rate,0.9991983627145496,1.0,0.25,1.0.0
F2,0.01,clock characteristic time,response_to_clock_rate_0.25,response,response_rate,0.9991670138627291,1.0,0.25,1.0.0
F2,0.01039122303835169,clock characteristic time,response_to_clock_rate_0.25,response,response_rate,0.9991344396213416,1.0,0.25,1.0.0
F2,0.010797751623277093,clock characteristic time,response_to_clock_rate_0.25,response,response_rate,0.9991005921387097,1.0,0.25,1.0.0
F2,0.011220184543019636,clock characteristic time,response_to_clock_rate_0.25,response,response_rate,0.9990654216475242,1.0,0.25,1.0.0
F2,0.011659144011798317,clock characteristic time,response_to_clock_rate_0.25,response,response_rate,0.999028876577262,1.0,0.25,1.0.0
F2,0.012115276586285882,clock characteristic time,response_to_clock_rate_0.25,response,response_rate,0.9989909031765921,1.0,0.25,1.0.0
F2,0.012589254117941675,clock characteristic time,response_to_clock_rate_0.25,response,response_rate,0.9989514456768666,1.0,0.25,1.0.0
F2,0.013081774742601943,clock characteristic time,response_to_clock_rate_0.25,response,response_rate,0.9989104461865221,1.0,0.25,1.0.0
F2,0.013593563908785255,clock characteristic time,response_to_clock_rate_0.25,response,response_rate,0.9988678444496931,1.0,0.25,1.0.0
F2,0.01412537544622754,clock characteristic time,response_to_clock_rate_0.25,response,response_rate,0.9988235780147728,1.0,0.25,1.0.0
F2,0.014677992676220698,clock characteristic time,response_to_clock_rate_0.25,response,response_rate,0.9987775818231075,1.0,0.25,1.0.0
F2,0.01525222956539019,clock characteristic time,response_to_clock_rate_0.25,response,response_rate,0.9987297884013713,1.0,0.25,1.0.0
F2,0.015848931924611134,clock characteristic time,response_to_clock_rate_0.25,response,response_rate,0.9986801276114786,1.0,0.25,1.0.0
F2,0.01646897865482868,clock characteristic time,response_to_clock_rate_0.25,response,response_rate,0.9986285265993589,1.0,0.25,1.0.0
F2,0.01711328304161781,clock characteristic time,response_to_clock_rate_0.25,response,response_rate,0.9985749096764669,1.0,0.25,1.0.0
F2,0.01778279410038923,clock characteristic time,response_to_clock_rate_0.25,response,response_rate,0.998519198176481,1.0,0.25,1.0.0
F2,0.018478497974222907,clock characteristic time,response_to_clock_rate_0.25,response,response_rate,0.9984613104135782,1.0,0.25,1.0.0
F2,0.01920141938638801,clock characteristic time,response_to_clock_rate_0.25,response,response_rate,0.9984011615067606,1.0,0.25,1.0.0
F2,0.0199526231496888,clock characteristic time,response_to_clock_rate_0.25,response,response_rate,0.9983386632538932,1.0,0.25,1.0.0
F2,0.02073321573485955,clock characteristic time,response_to_clock_rate_0.25,response,response_rate,0.998273724103239,1.0,0.25,1.0.0
F2,0.021544346900318832,clock characteristic time,response_to_clock_rate_0.25,response,response_rate,0.998206248842331,1.0,0.25,1.0.0
F2,0.0223872113856834,clock characteristic time,response_to_clock_rate_0.25,response,response_rate,0.998136138638252,1.0,0.25,1.0.0
F2,0.02326305067153626,clock characteristic time,response_to_clock_rate_0.25,response,response_rate,0.9980632907721597,1.0,0.25,1.0.0
F2,0.024173154808041036,clock characteristic time,response_to_clock_rate_0.25,response,response_rate,0.9979875985780566,1.0,0.25,1.0.0
F2,0.025118864315095794,clock characteristic time,response_to_clock_rate_0.25,response,response_rate,0.9979089512178129,1.0,0.25,1.0.0
F2,0.026101572156825372,clock characteristic time,response_to_clock_rate_0.25,response,response_rate,0.9978272335548367,1.0,0.25,1.0.0
F2,0.02712272579332028,clock characteristic time,response_to_clock_rate_0.25,response,response_rate,0.9977423260108993,1.0,0.25,1.0.0
F2,0.028183829312644536,clock characteristic time,response_to_clock_rate_0.25,response,response_rate,0.9976541043459011,1.0,0.25,1.0.0
F2,0.02928644564625236,clock characteristic time,response_to_clock_rate_0.25,response,response_rate,0.9975624395206146,1.0,0.25,1.0.0
F2,0.03043219887107722,clock characteristic time,response_to_clock_rate_0.25,response,response_rate,0.9974671974868318,1.0,0.25,1.0.0
F2,0.03162277660168379,clock characteristic time,response_to_clock_rate_0.25,response,response_rate,0.9973682390077041,1.0,0.25,1.0.0
F2,0.03285993247600654,clock characteristic time,response_to_clock_rate_0.25,response,response_rate,0.9972654194575362,1.0,0.25,1.0.0
F2,0.034145488738336005,clock characteristic time,response_to_clock_rate_0.25,response,response_rate,0.9971585886168876,1.0,0.25,1.0.0
F2,0.03548133892335755,clock characteristic time,response_to_clock_rate_0.25,response,response_rate,0.997047590437466,1.0,0.25,1.0.0
F2,0.03686945064519575,clock characteristic time,response_to_clock_rate_0.25,response,response_rate,0.9969322628624406,1.0,0.25,1.0.0
F2,0.03831186849557287,clock characteristic time,response_to_clock_rate_0.25,response,response_rate,0.9968124375618588,1.0,0.25,1.0.0
F2,0.039810717055349734,clock characteristic time,response_to_clock_rate_0.25,response,response_rate,0.9966879396941252,1.0,0.25,1.0.0
F2,0.04136820402388507,clock characteristic time,response_to_clock_rate_0.25,response,response_rate,0.9965585876762619,1.0,0.25,1.0.0
F2,0.042986623470822764,clock characteristic time,response_to_clock_rate_0.25,response,response_rate,0.9964241929235617,1.0,0.25,1.0.0
F2,0.0446683592150963,clock characteristic time,response_to_clock_rate_0.25,response,response_rate,0.9962845595640377,1.0,0.25,1.0.0
F2,0.046415888336127795,clock characteristic time,response_to_clock_rate_0.25,response,response_rate,0.9961394841890587,1.0,0.25,1.0.0
F2,0.04823178482239307,clock characteristic time,response_to_clock_rate_0.25,response,response_rate,0.9959887555459579,1.0,0.25,1.0.0
F2,0.05011872336272722,clock characteristic time,response_to_clock_rate_0.25,response,response_rate,0.9958321542538116,1.0,0.25,1.0.0
F2,0.052079483285954624,clock characteristic time,response_to_clock_rate_0.25,response,response_rate,0.99566945249011,1.0,0.25,1.0.0
F2,0.054116952654646375,clock characteristic time,response_to_clock_rate_0.25,response,response_rate,0.9955004136678535,1.0,0.25,1.0.0
F2,0.056234132519034905,clock characteristic time,response_to_clock_rate_0.25,response,response_rate,0.995324792118917,1.0,0.25,1.0.0
F2,0.05843414133735175,clock characteristic time,response_to_clock_rate_0.25,response,response_rate,0.9951423327345255,1.0,0.25,1.0.0
F2,0.060720219569098836,clock characteristic time,response_to_clock_rate_0.25,response,response_rate,0.9949527706238486,1.0,0.25,1.0.0
F2,0.06309573444801933,clock characteristic time,response_to_clock_rate_0.25,response,response_rate,0.9947558307398563,1.0,0.25,1.0.0
F2,0.06556418494179789,clock characteristic time,response_to_clock_rate_0.25,response,response_rate,0.9945512275000475,1.0,0.25,1.0.0
F2,0.06812920690579612,clock characteristic time,response_to_clock_rate_0.25,response,response_rate,0.9943386643923248,1.0,0.25,1.0.0
F2,0.07079457843841377,clock characteristic time,response_to_clock_rate_0.25,response,response_rate,0.9941178335678442,1.0,0.25,1.0.0
F2,0.07356422544596414,clock characteristic time,response_to_clock_rate_0.25,response,response_rate,0.9938884154140588,1.0,0.25,1.0.0
F2,0.07644222742526002,clock characteristic time,response_to_clock_rate_0.25,response,response_rate,0.9936500781227287,1.0,0.25,1.0.0
F2,0.07943282347242814,clock characteristic time,response_to_clock_rate_0.25,response,response_rate,0.9934024772339052,1.0,0.25,1.0.0
F2,0.08254041852680186,clock characteristic time,response_to_clock_rate_0.25,response,response_rate,0.9931452551658999,1.0,0.25,1.0.0
F2,0.08576958985908942,clock characteristic time,response_to_clock_rate_0.25,response,response_rate,0.9928780407335995,1.0,0.25,1.0.0
F2,0.08912509381337455,clock characteristic time,response_to_clock_rate_0.25,response,response_rate,0.9926004486454514,1.0,0.25,1.0.0
F2,0.09261187281287933,clock characteristic time,response_to_clock_rate_0.25,response,response_rate,0.9923120789833687,1.0,0.25,1.0.0
F2,0.09623506263980887,clock characteristic time,response_to_clock_rate_0.25,response,response_rate,0.9920125166671657,1.0,0.25,1.0.0
F2,0.1,clock characteristic time,response_to_clock_rate_0.25,response,response_rate,0.9917013308990312,1.0,0.25,1.0.0
F2,0.10391223038351691,clock characteristic time,response_to_clock_rate_0.25,response,response_rate,0.9913780745896514,1.0,0.25,1.0.0
F2,0.10797751623277094,clock characteristic time,response_to_clock_rate_0.25,response,response_rate,0.9910422837687268,1.0,0.25,1.0.0
F2,0.1122018454301963,clock characteristic time,response_to_clock_rate_0.25,response,response_rate,0.9906934769679561,1.0,0.25,1.0.0
F2,0.11659144011798311,clock characteristic time,response_to_clock_rate_0.25,response,response_rate,0.9903311545916774,1.0,0.25,1.0.0
F2,0.12115276586285889,clock characteristic time,response_to_clock_rate_0.25,response,response_rate,0.9899547982628222,1.0,0.25,1.0.0
F2,0.12589254117941676,clock characteristic time,response_to_clock_rate_0.25,response,response_rate,0.9895638701481205,1.0,0.25,1.0.0
F2,0.13081774742601943,clock characteristic time,response_to_clock_rate_0.25,response,response_rate,0.989157812263671,1.0,0.25,1.0.0
F2,0.13593563908785256,clock characteristic time,response_to_clock_rate_0.25,response,response_rate,0.9887360457552121,1.0,0.25,1.0.0
F2,0.1412537544622754,clock characteristic time,response_to_clock_rate_0.25,response,response_rate,0.9882979701593883,1.0,0.25,1.0.0
F2,0.1467799267622069,clock characteristic time,response_to_clock_rate_0.25,response,response_rate,0.9878429626395323,1.0,0.25,1.0.0
F2,0.15252229565390182,clock characteristic time,response_to_clock_rate_0.25,response,response_rate,0.9873703771986847,1.0,0.25,1.0.0
F2,0.1584893192461114,clock characteristic time,response_to_clock_rate_0.25,response,response_rate,0.9868795438686737,1.0,0.25,1.0.0
F2,0.1646897865482869,clock characteristic time,response_to_clock_rate_0.25,response,response_rate,0.9863697678764636,1.0,0.25,1.0.0
F2,0.1711328304161781,clock characteristic time,response_to_clock_rate_0.25,response,response_rate,0.9858403287834503,1.0,0.25,1.0.0
F2,0.1778279410038923,clock characteristic time,response_to_clock_rate_0.25,response,response_rate,0.9852904796021174,1.0,0.25,1.0.0
F2,0.18478497974222907,clock characteristic time,response_to_clock_rate_0.25,response,response_rate,0.9847194458853802,1.0,0.25,1.0.0
F2,0.1920141938638801,clock characteristic time,response_to_clock_rate_0.25,response,response_rate,0.9841264247929625,1.0,0.25,1.0.0
F2,0.19952623149688786,clock characteristic time,response_to_clock_rate_0.25,response,response_rate,0.9835105841296244,1.0,0.25,1.0.0
F2,0.2073321573485954,clock characteristic time,response_to_clock_rate_0.25,response,response_rate,0.9828710613595872,1.0,0.25,1.0.0
F2,0.21544346900318845,clock characteristic time,response_to_clock_rate_0.25,response,response_rate,0.9822069625941557,1.0,0.25,1.0.0
F2,0.223872113856834,clock characteristic time,response_to_clock_rate_0.25,response,response_rate,0.9815173615526026,1.0,0.25,1.0.0
F2,0.23263050671536262,clock characteristic time,response_to_clock_rate_0.25,response,response_rate,0.9808012984992273,1.0,0.25,1.0.0
F2,0.24173154808041036,clock characteristic time,response_to_clock_rate_0.25,response,response_rate,0.9800577791525623,1.0,0.25,1.0.0
F2,0.25118864315095796,clock characteristic time,response_to_clock_rate_0.25,response,response_rate,0.979285773570447,1.0,0.25,1.0.0
F2,0.2610157215682536,clock characteristic time,response_to_clock_rate_0.25,response,response_rate,0.9784842150094577,1.0,0.25,1.0.0
F2,0.2712272579332027,clock characteristic time,response_to_clock_rate_0.25,response,response_rate,0.9776519987590513,1.0,0.25,1.0.0
F2,0.2818382931264455,clock characteristic time,response_to_clock_rate_0.25,response,response_rate,0.9767879809519454,1.0,0.25,1.0.0
F2,0.29286445646252374,clock characteristic time,response_to_clock_rate_0.25,response,response_rate,0.9758909773514476,1.0,0.25,1.0.0
F2,0.3043219887107722,clock characteristic time,response_to_clock_rate_0.25,response,response_rate,0.974959762114886,1.0,0.25,1.0.0
F2,0.31622776601683794,clock characteristic time,response_to_clock_rate_0.25,response,response_rate,0.9739930665361383,1.0,0.25,1.0.0
F2,0.3285993247600654,clock characteristic time,response_to_clock_rate_0.25,response,response_rate,0.9729895777678895,1.0,0.25,1.0.0
F2,0.34145488738336005,clock characteristic time,response_to_clock_rate_0.25,response,response_rate,0.9719479375237576,1.0,0.25,1.0.0
F2,0.3548133892335753,clock characteristic time,response_to_clock_rate_0.25,response,response_rate,0.9708667407637551,1.0,0.25,1.0.0
F2,0.36869450645195734,clock characteristic time,response_to_clock_rate_0.25,response,response_rate,0.9697445343636851,1.0,0.25,1.0.0
F2,0.38311868495572887,clock characteristic time,response_to_clock_rate_0.25,response,response_rate,0.9685798157710527,1.0,0.25,1.0.0
F2,0.3981071705534973,clock characteristic time,response_to_clock_rate_0.25,response,response_rate,0.9673710316495541,1.0,0.25,1.0.0
F2,0.4136820402388507,clock characteristic time,response_to_clock_rate_0.25,response,response_rate,0.9661165765149841,1.0,0.25,1.0.0
F2,0.42986623470822766,clock characteristic time,response_to_clock_rate_0.25,response,response_rate,0.9648147913658859,1.0,0.25,1.0.0
F2,0.44668359215096304,clock characteristic time,response_to_clock_rate_0.25,response,response_rate,0.9634639623113457,1.0,0.25,1.0.0
F2,0.46415888336127775,clock characteristic time,response_to_clock_rate_0.25,response,response_rate,0.9620623192009664,1.0,0.25,1.0.0
F2,0.4823178482239304,clock characteristic time,response_to_clock_rate_0.25,response,response_rate,0.9606080342600292,1.0,0.25,1.0.0
F2,0.5011872336272725,clock characteristic time,response_to_clock_rate_0.25,response,response_rate,0.9590992207351285,1.0,0.25,1.0.0
F2,0.5207948328595465,clock characteristic time,response_to_clock_rate_0.25,response,response_rate,0.9575339315551025,1.0,0.25,1.0.0
F2,0.5411695265464638,clock characteristic time,response_to_clock_rate_0.25,response,response_rate,0.9559101580131102,1.0,0.25,1.0.0
F2,0.5623413251903491,clock characteristic time,response_to_clock_rate_0.25,response,response_rate,0.9542258284757379,1.0,0.25,1.0.0
F2,0.5843414133735175,clock characteristic time,response_to_clock_rate_0.25,response,response_rate,0.9524788071261943,1.0,0.25,1.0.0
F2,0.6072021956909883,clock characteristic time,response_to_clock_rate_0.25,response,response_rate,0.9506668927490018,1.0,0.25,1.0.0
F2,0.630957344480193,clock characteristic time,response_to_clock_rate_0.25,response,response_rate,0.9487878175641107,1.0,0.25,1.0.0
F2,0.6556418494179785,clock characteristic time,response_to_clock_rate_0.25,response,response_rate,0.9468392461199815,1.0,0.25,1.0.0
F2,0.6812920690579615,clock characteristic time,response_to_clock_rate_0.25,response,response_rate,0.9448187742544936,1.0,0.25,1.0.0
F2,0.707945784384138,clock characteristic time,response_to_clock_rate_0.25,response,response_rate,0.9427239281350257,1.0,0.25,1.0.0
F2,0.7356422544596414,clock characteristic time,response_to_clock_rate_0.25,response,response_rate,0.9405521633887988,1.0,0.25,1.0.0
F2,0.7644222742526002,clock characteristic time,response_to_clock_rate_0.25,response,response_rate,0.9383008643362137,1.0,0.25,1.0.0
F2,0.7943282347242814,clock characteristic time,response_to_clock_rate_0.25,response,response_rate,0.9359673433405389,1.0,0.25,1.0.0
F2,0.8254041852680182,clock characteristic time,response_to_clock_rate_0.25,response,response_rate,0.9335488402887723,1.0,0.25,1.0.0
F2,0.8576958985908937,clock characteristic time,response_to_clock_rate_0.25,response,response_rate,0.9310425222195277,1.0,0.25,1.0.0
F2,0.8912509381337459,clock characteristic time,response_to_clock_rate_0.25,response,response_rate,0.928445483114867,1.0,0.25,1.0.0
F2,0.9261187281287937,clock characteristic time,response_to_clock_rate_0.25,response,response_rate,0.9257547438747509,1.0,0.25,1.0.0
F2,0.9623506263980888,clock characteristic time,response_to_clock_rate_0.25,response,response_rate,0.9229672524937997,1.0,0.25,1.0.0
F2,1.0,clock characteristic time,response_to_clock_rate_0.25,response,response_rate,0.9200798844616718,1.0,0.25,1.0.0
F2,1.0391223038351691,clock characteristic time,response_to_clock_rate_0.25,response,response_rate,0.9170894434099208,1.0,0.25,1.0.0
F2,1.0797751623277094,clock characteristic time,response_to_clock_rate_0.25,response,response_rate,0.9139926620298443,1.0,0.25,1.0.0
F2,1.122018454301963,clock characteristic time,response_to_clock_rate_0.25,response,response_rate,0.9107862032873568,1.0,0.25,1.0.0
F2,1.165914401179831,clock characteristic time,response_to_clock_rate_0.25,response,response_rate,0.9074666619630101,1.0,0.25,1.0.0
F2,1.2115276586285888,clock characteristic time,response_to_clock_rate_0.25,response,response_rate,0.9040305665466513,1.0,0.25,1.0.0
F2,1.2589254117941675,clock characteristic time,response_to_clock_rate_0.25,response,response_rate,0.9004743815185113,1.0,0.25,1.0.0
F2,1.3081774742601942,clock characteristic time,response_to_clock_rate_0.25,response,response_rate,0.8967945100503131,1.0,0.25,1.0.0
F2,1.3593563908785256,clock characteristic time,response_to_clock_rate_0.25,response,response_rate,0.8929872971617736,1.0,0.25,1.0.0
F2,1.412537544622754,clock characteristic time,response_to_clock_rate_0.25,response,response_rate,0.8890490333702226,1.0,0.25,1.0.0
F2,1.467799267622069,clock characteristic time,response_to_clock_rate_0.25,response,response_rate,0.8849759588729036,1.0,0.25,1.0.0
F2,1.5252229565390183,clock characteristic time,response_to_clock_rate_0.25,response,response_rate,0.8807642683035103,1.0,0.25,1.0.0
F2,1.584893192461114,clock characteristic time,response_to_clock_rate_0.25,response,response_rate,0.8764101161067432,1.0,0.25,1.0.0
F2,1.6468978654828688,clock characteristic time,response_to_clock_rate_0.25,response,response_rate,0.8719096225764081,1.0,0.25,1.0.0
F2,1.711328304161781,clock characteristic time,response_to_clock_rate_0.25,response,response_rate,0.867258880604704,1.0,0.25,1.0.0
F2,1.7782794100389228,clock characteristic time,response_to_clock_rate_0.25,response,response_rate,0.8624539631919906,1.0,0.25,1.0.0
F2,1.8478497974222907,clock characteristic time,response_to_clock_rate_0.25,response,response_rate,0.8574909317681351,1.0,0.25,1.0.0
F2,1.920141938638801,clock characteristic time,response_to_clock_rate_0.25,response,response_rate,0.8523658453779089,1.0,0.25,1.0.0
F2,1.9952623149688788,clock characteristic time,response_to_clock_rate_0.25,response,response_rate,0.847074770784265,1.0,0.25,1.0.0
F2,2.073321573485954,clock characteristic time,response_to_clock_rate_0.25,response,response_rate,0.8416137935442107,1.0,0.25,1.0.0
F2,2.1544346900318843,clock characteristic time,response_to_clock_rate_0.25,response,response_rate,0.8359790301126407,1.0,0.25,1.0.0
F2,2.23872113856834,clock characteristic time,response_to_clock_rate_0.25,response,response_rate,0.8301666410296623,1.0,0.25,1.0.0
F2,2.3263050671536263,clock characteristic time,response_to_clock_rate_0.25,response,response_rate,0.824172845246576,1.0,0.25,1.0.0
F2,2.4173154808041035,clock characteristic time,response_to_clock_rate_0.25,response,response_rate,0.8179939356447757,1.0,0.25,1.0.0
F2,2.5118864315095797,clock characteristic time,response_to_clock_rate_0.25,response,response_rate,0.8116262958001067,1.0,0.25,1.0.0
F2,2.610157215682536,clock characteristic time,response_to_clock_rate_0.25,response,response_rate,0.8050664180427507,1.0,0.25,1.0.0
F2,2.712272579332027,clock characteristic time,response_to_clock_rate_0.25,response,response_rate,0.7983109228592586,1.0,0.25,1.0.0
F2,2.818382931264452,clock characteristic time,response_to_clock_rate_0.25,response,response_rate,0.7913565796787617,1.0,0.25,1.0.0
F2,2.9286445646252375,clock characteristic time,response_to_clock_rate_0.25,response,response_rate,0.7842003290796149,1.0,0.25,1.0.0
F2,3.043219887107722,clock characteristic time,response_to_clock_rate_0.25,response,response_rate,0.7768393064454866,1.0,0.25,1.0.0
F2,3.1622776601683795,clock characteristic time,response_to_clock_rate_0.25,response,response_rate,0.7692708670910922,1.0,0.25,1.0.0
F2,3.285993247600654,clock characteristic time,response_to_clock_rate_0.25,response,response_rate,0.7614926128671959,1.0,0.25,1.0.0
F2,3.4145488738336005,clock characteristic time,response_to_clock_rate_0.25,response,response_rate,0.7535024202419303,1.0,0.25,1.0.0
F2,3.5481338923357533,clock characteristic time,response_to_clock_rate_0.25,response,response_rate,0.7452984698407642,1.0,0.25,1.0.0
F2,3.6869450645195734,clock characteristic time,response_to_clock_rate_0.25,response,response_rate,0.7368792774103436,1.0,0.25,1.0.0
F2,3.831186849557289,clock characteristic time,response_to_clock_rate_0.25,response,response_rate,0.7282437261517517,1.0,0.25,1.0.0
F2,3.981071705534973,clock characteristic time,response_to_clock_rate_0.25,response,response_rate,0.7193911003462956,1.0,0.25,1.0.0
F2,4.136820402388507,clock characteristic time,response_to_clock_rate_0.25,response,response_rate,0.7103211201715153,1.0,0.25,1.0.0
F2,4.298662347082277,clock characteristic time,response_to_clock_rate_0.25,response,response_rate,0.701033977576593,1.0,0.25,1.0.0
F2,4.46683592150963,clock characteristic time,response_to_clock_rate_0.25,response,response_rate,0.6915303730545979,1.0,0.25,1.0.0
F2,4.6415888336127775,clock characteristic time,response_to_clock_rate_0.25,response,response_rate,0.6818115531138766,1.0,0.25,1.0.0
F2,4.823178482239304,clock characteristic time,response_to_clock_rate_0.25,response,response_rate,0.6718793482124849,1.0,0.25,1.0.0
F2,5.011872336272719,clock characteristic time,response_to_clock_rate_0.25,response,response_rate,0.6617362108777562,1.0,0.25,1.0.0
F2,5.207948328595465,clock characteristic time,response_to_clock_rate_0.25,response,response_rate,0.6513852536881666,1.0,0.25,1.0.0
F2,5.411695265464638,clock characteristic time,response_to_clock_rate_0.25,response,response_rate,0.6408302867467622,1.0,0.25,1.0.0
F2,5.62341325190349,clock characteristic time,response_to_clock_rate_0.25,response,response_rate,0.6300758542249852,1.0,0.25,1.0.0
F2,5.843414133735175,clock characteristic time,response_to_clock_rate_0.25,response,response_rate,0.6191272695032639,1.0,0.25,1.0.0
F2,6.072021956909884,clock characteristic time,response_to_clock_rate_0.25,response,response_rate,0.6079906483809974,1.0,0.25,1.0.0
F2,6.30957344480193,clock characteristic time,response_to_clock_rate_0.25,response,response_rate,0.5966729397744417,1.0,0.25,1.0.0
F2,6.556418494179785,clock characteristic time,response_to_clock_rate_0.25,response,response_rate,0.5851819532677004,1.0,0.25,1.0.0
F2,6.812920690579615,clock characteristic time,response_to_clock_rate_0.25,response,response_rate,0.5735263828309096,1.0,0.25,1.0.0
F2,7.07945784384138,clock characteristic time,response_to_clock_rate_0.25,response,response_rate,0.5617158259725332,1.0,0.25,1.0.0
F2,7.3564225445964135,clock characteristic time,response_to_clock_rate_0.25,response,response_rate,0.5497607975513438,1.0,0.25,1.0.0
F2,7.644222742526002,clock characteristic time,response_to_clock_rate_0.25,response,response_rate,0.5376727374405165,1.0,0.25,1.0.0
F2,7.943282347242813,clock characteristic time,response_to_clock_rate_0.25,response,response_rate,0.5254640112137422,1.0,0.25,1.0.0
F2,8.254041852680182,clock characteristic time,response_to_clock_rate_0.25,response,response_rate,0.51314790301425,1.0,0.25,1.0.0
F2,8.576958985908938,clock characteristic time,response_to_clock_rate_0.25,response,response_rate,0.500738599775048,1.0,0.25,1.0.0
F2,8.91250938133745,clock characteristic time,response_to_clock_rate_0.25,response,response_rate,0.48825116598574037,1.0,0.25,1.0.0
F2,9.261187281287937,clock characteristic time,response_to_clock_rate_0.25,response,response_rate,0.4757015082510795,1.0,0.25,1.0.0
F2,9.623506263980888,clock characteristic time,response_to_clock_rate_0.25,response,response_rate,0.4631063289621251,1.0,0.25,1.0.0
F2,10.0,clock characteristic time,response_to_clock_rate_0.25,response,response_rate,0.450483068505336,1.0,0.25,1.0.0
F2,10.39122303835169,clock characteristic time,response_to_clock_rate_0.25,response,response_rate,0.4378498355705992,1.0,0.25,1.0.0
F2,10.797751623277094,clock characteristic time,response_to_clock_rate_0.25,response,response_rate,0.42522532528787865,1.0,0.25,1.0.0
F2,11.220184543019629,clock characteristic time,response_to_clock_rate_0.25,response,response_rate,0.4126287251248111,1.0,0.25,1.0.0
F2,11.659144011798311,clock characteristic time,response_to_clock_rate_0.25,response,response_rate,0.4000796087139472,1.0,0.25,1.0.0
F2,12.115276586285876,clock characteristic time,response_to_clock_rate_0.25,response,response_rate,0.38759781804682397,1.0,0.25,1.0.0
F2,12.589254117941662,clock characteristic time,response_to_clock_rate_0.25,response,response_rate,0.37520333476935797,1.0,0.25,1.0.0
F2,13.081774742601928,clock characteristic time,response_to_clock_rate_0.25,response,response_rate,0.3629161416339952,1.0,0.25,1.0.0
F2,13.593563908785242,clock characteristic time,response_to_clock_rate_0.25,response,response_rate,0.35075607550138627,1.0,0.25,1.0.0
F2,14.125375446227554,clock characteristic time,response_to_clock_rate_0.25,response,response_rate,0.3387426736286758,1.0,0.25,1.0.0
F2,14.677992676220706,clock characteristic time,response_to_clock_rate_0.25,response,response_rate,0.32689501532130416,1.0,0.25,1.0.0
F2,15.252229565390198,clock characteristic time,response_to_clock_rate_0.25,response,response_rate,0.31523156134700636,1.0,0.25,1.0.0
F2,15.848931924611142,clock characteristic time,response_to_clock_rate_0.25,response,response_rate,0.3037699937994415,1.0,0.25,1.0.0
F2,16.46897865482869,clock characteristic time,response_to_clock_rate_0.25,response,response_rate,0.29252705933833134,1.0,0.25,1.0.0
F2,17.11328304161781,clock characteristic time,response_to_clock_rate_0.25,response,response_rate,0.2815184189066698,1.0,0.25,1.0.0
F2,17.78279410038923,clock characteristic time,response_to_clock_rate_0.25,response,response_rate,0.27075850711737953,1.0,0.25,1.0.0
F2,18.478497974222908,clock characteristic time,response_to_clock_rate_0.25,response,response_rate,0.2602604044973264,1.0,0.25,1.0.0
F2,19.20141938638801,clock characteristic time,response_to_clock_rate_0.25,response,response_rate,0.25003572566408017,1.0,0.25,1.0.0
F2,19.952623149688787,clock characteristic time,response_to_clock_rate_0.25,response,response_rate,0.24009452628242325,1.0,0.25,1.0.0
F2,20.73321573485954,clock characteristic time,response_to_clock_rate_0.25,response,response_rate,0.23044523130052438,1.0,0.25,1.0.0
F2,21.54434690031882,clock characteristic time,response_to_clock_rate_0.25,response,response_rate,0.22109458650310213,1.0,0.25,1.0.0
F2,22.38721138568338,clock characteristic time,response_to_clock_rate_0.25,response,response_rate,0.21204763485059755,1.0,0.25,1.0.0
F2,23.263050671536238,clock characteristic time,response_to_clock_rate_0.25,response,response_rate,0.2033077184161054,1.0,0.25,1.0.0
F2,24.173154808041012,clock characteristic time,response_to_clock_rate_0.25,response,response_rate,0.19487650600898893,1.0,0.25,1.0.0
F2,25.11886431509582,clock characteristic time,response_to_clock_rate_0.25,response,response_rate,0.1867540458150947,1.0,0.25,1.0.0
F2,26.101572156825384,clock characteristic time,response_to_clock_rate_0.25,response,response_rate,0.17893884162222562,1.0,0.25,1.0.0
F2,27.122725793320296,clock characteristic time,response_to_clock_rate_0.25,response,response_rate,0.1714279504726857,1.0,0.25,1.0.0
F2,28.183829312644548,clock characteristic time,response_to_clock_rate_0.25,response,response_rate,0.164217098929387,1.0,0.25,1.0.0
F2,29.28644564625237,clock characteristic time,response_to_clock_rate_0.25,response,response_rate,0.15730081459310186,1.0,0.25,1.0.0
F2,30.432198871077222,clock characteristic time,response_to_clock_rate_0.25,response,response_rate,0.15067256909615637,1.0,0.25,1.0.0
F2,31.622776601683793,clock characteristic time,response_to_clock_rate_0.25,response,response_rate,0.1443249285450794,1.0,0.25,1.0.0
F2,32.85993247600654,clock characteristic time,response_to_clock_rate_0.25,response,response_rate,0.13824970730513333,1.0,0.25,1.0.0
F2,34.145488738336006,clock characteristic time,response_to_clock_rate_0.25,response,response_rate,0.13243812111631117,1.0,0.25,1.0.0
F2,35.481338923357534,clock characteristic time,response_to_clock_rate_0.25,response,response_rate,0.12688093579520002,1.0,0.25,1.0.0
F2,36.869450645195734,clock characteristic time,response_to_clock_rate_0.25,response,response_rate,0.12156860819130769,1.0,0.25,1.0.0
F2,38.31186849557285,clock characteristic time,response_to_clock_rate_0.25,response,response_rate,0.11649141660186016,1.0,0.25,1.0.0
F2,39.81071705534969,clock characteristic time,response_to_clock_rate_0.25,response,response_rate,0.11163957847043075,1.0,0.25,1.0.0
F2,41.36820402388503,clock characteristic time,response_to_clock_rate_0.25,response,response_rate,0.10700335386246128,1.0,0.25,1.0.0
F2,42.98662347082272,clock characteristic time,response_to_clock_rate_0.25,response,response_rate,0.10257313388412746,1.0,0.25,1.0.0
F2,44.668359215096345,clock characteristic time,response_to_clock_rate_0.25,response,response_rate,0.09833951385158997,1.0,0.25,1.0.0
F2,46.41588833612782,clock characteristic time,response_to_clock_rate_0.25,response,response_rate,0.09429335159209286,1.0,0.25,1.0.0
F2,48.23178482239309,clock characteristic time,response_to_clock_rate_0.25,response,response_rate,0.09042581174072181,1.0,0.25,1.0.0
F2,50.118723362727245,clock characteristic time,response_to_clock_rate_0.25,response,response_rate,0.08672839727002096,1.0,0.25,1.0.0
F2,52.07948328595465,clock characteristic time,response_to_clock_rate_0.25,response,response_rate,0.0831929697467326,1.0,0.25,1.0.0
F2,54.116952654646376,clock characteristic time,response_to_clock_rate_0.25,response,response_rate,0.07981175995252451,1.0,0.25,1.0.0
F2,56.23413251903491,clock characteristic time,response_to_clock_rate_0.25,response,response_rate,0.07657737054348446,1.0,0.25,1.0.0
F2,58.434141337351754,clock characteristic time,response_to_clock_rate_0.25,response,response_rate,0.07348277237226812,1.0,0.25,1.0.0
F2,60.72021956909884,clock characteristic time,response_to_clock_rate_0.25,response,response_rate,0.07052129597680078,1.0,0.25,1.0.0
F2,63.0957344480193,clock characteristic time,response_to_clock_rate_0.25,response,response_rate,0.06768661957161412,1.0,0.25,1.0.0
F2,65.56418494179785,clock characteristic time,response_to_clock_rate_0.25,response,response_rate,0.06497275468291962,1.0,0.25,1.0.0
F2,68.12920690579608,clock characteristic time,response_to_clock_rate_0.25,response,response_rate,0.062374030364761454,1.0,0.25,1.0.0
F2,70.79457843841374,clock characteristic time,response_to_clock_rate_0.25,response,response_rate,0.05988507673598527,1.0,0.25,1.0.0
F2,73.56422544596406,clock characteristic time,response_to_clock_rate_0.25,response,response_rate,0.05750080839718406,1.0,0.25,1.0.0
F2,76.44222742525994,clock characteristic time,response_to_clock_rate_0.25,response,response_rate,0.05521640813005066,1.0,0.25,1.0.0
F2,79.43282347242821,clock characteristic time,response_to_clock_rate_0.25,response,response_rate,0.05302731115179481,1.0,0.25,1.0.0
F2,82.5404185268019,clock characteristic time,response_to_clock_rate_0.25,response,response_rate,0.050929190094602866,1.0,0.25,1.0.0
F2,85.76958985908946,clock characteristic time,response_to_clock_rate_0.25,response,response_rate,0.04891794080249413,1.0,0.25,1.0.0
F2,89.12509381337459,clock characteristic time,response_to_clock_rate_0.25,response,response_rate,0.04698966898200338,1.0,0.25,1.0.0
F2,92.61187281287937,clock characteristic time,response_to_clock_rate_0.25,response,response_rate,0.045140677704926926,1.0,0.25,1.0.0
F2,96.23506263980887,clock characteristic time,response_to_clock_rate_0.25,response,response_rate,0.04336745573693977,1.0,0.25,1.0.0
F2,100.0,clock characteristic time,response_to_clock_rate_0.25,response,response_rate,0.04166666665159729,1.0,0.25,1.0.0
F2,0.001,clock characteristic time,response_to_clock_rate_0.25,combined,common_rate_scale,1.9995833923573492,1.0,0.25,1.0.0
F2,0.001039122303835169,clock characteristic time,response_to_clock_rate_0.25,combined,common_rate_scale,1.9995670962884013,1.0,0.25,1.0.0
F2,0.0010797751623277093,clock characteristic time,response_to_clock_rate_0.25,combined,common_rate_scale,1.9995501624198937,1.0,0.25,1.0.0
F2,0.001122018454301963,clock characteristic time,response_to_clock_rate_0.25,combined,common_rate_scale,1.9995325666227983,1.0,0.25,1.0.0
F2,0.0011659144011798323,clock characteristic time,response_to_clock_rate_0.25,combined,common_rate_scale,1.9995142826738292,1.0,0.25,1.0.0
F2,0.001211527658628589,clock characteristic time,response_to_clock_rate_0.25,combined,common_rate_scale,1.9994952832987682,1.0,0.25,1.0.0
F2,0.0012589254117941675,clock characteristic time,response_to_clock_rate_0.25,combined,common_rate_scale,1.9994755414172327,1.0,0.25,1.0.0
F2,0.0013081774742601943,clock characteristic time,response_to_clock_rate_0.25,combined,common_rate_scale,1.9994550270142302,1.0,0.25,1.0.0
F2,0.0013593563908785254,clock characteristic time,response_to_clock_rate_0.25,combined,common_rate_scale,1.9994337106941549,1.0,0.25,1.0.0
F2,0.001412537544622754,clock characteristic time,response_to_clock_rate_0.25,combined,common_rate_scale,1.999411560389696,1.0,0.25,1.0.0
F2,0.001467799267622069,clock characteristic time,response_to_clock_rate_0.25,combined,common_rate_scale,1.9993885441851655,1.0,0.25,1.0.0
F2,0.0015252229565390183,clock characteristic time,response_to_clock_rate_0.25,combined,common_rate_scale,1.999364627755561,1.0,0.25,1.0.0
F2,0.001584893192461114,clock characteristic time,response_to_clock_rate_0.25,combined,common_rate_scale,1.999339776075652,1.0,0.25,1.0.0
F2,0.0016468978654828688,clock characteristic time,response_to_clock_rate_0.25,combined,common_rate_scale,1.999313952679083,1.0,0.25,1.0.0
F2,0.001711328304161781,clock characteristic time,response_to_clock_rate_0.25,combined,common_rate_scale,1.9992871193863913,1.0,0.25,1.0.0
F2,0.0017782794100389228,clock characteristic time,response_to_clock_rate_0.25,combined,common_rate_scale,1.9992592368104236,1.0,0.25,1.0.0
F2,0.0018478497974222907,clock characteristic time,response_to_clock_rate_0.25,combined,common_rate_scale,1.999230264071294,1.0,0.25,1.0.0
F2,0.001920141938638801,clock characteristic time,response_to_clock_rate_0.25,combined,common_rate_scale,1.9992001585009758,1.0,0.25,1.0.0
F2,0.001995262314968879,clock characteristic time,response_to_clock_rate_0.25,combined,common_rate_scale,1.9991688756963126,1.0,0.25,1.0.0
F2,0.002073321573485954,clock characteristic time,response_to_clock_rate_0.25,combined,common_rate_scale,1.999136369666306,1.0,0.25,1.0.0
F2,0.0021544346900318843,clock characteristic time,response_to_clock_rate_0.25,combined,common_rate_scale,1.9991025927860226,1.0,0.25,1.0.0
F2,0.00223872113856834,clock characteristic time,response_to_clock_rate_0.25,combined,common_rate_scale,1.9990674953127803,1.0,0.25,1.0.0
F2,0.0023263050671536263,clock characteristic time,response_to_clock_rate_0.25,combined,common_rate_scale,1.999031025626655,1.0,0.25,1.0.0
F2,0.0024173154808041037,clock characteristic time,response_to_clock_rate_0.25,combined,common_rate_scale,1.9989931301187065,1.0,0.25,1.0.0
F2,0.0025118864315095794,clock characteristic time,response_to_clock_rate_0.25,combined,common_rate_scale,1.9989537529819255,1.0,0.25,1.0.0
F2,0.0026101572156825357,clock characteristic time,response_to_clock_rate_0.25,combined,common_rate_scale,1.9989128366075595,1.0,0.25,1.0.0
F2,0.0027122725793320298,clock characteristic time,response_to_clock_rate_0.25,combined,common_rate_scale,1.9988703205815828,1.0,0.25,1.0.0
F2,0.002818382931264455,clock characteristic time,response_to_clock_rate_0.25,combined,common_rate_scale,1.9988261425586273,1.0,0.25,1.0.0
F2,0.0029286445646252374,clock characteristic time,response_to_clock_rate_0.25,combined,common_rate_scale,1.998780237609438,1.0,0.25,1.0.0
F2,0.003043219887107722,clock characteristic time,response_to_clock_rate_0.25,combined,common_rate_scale,1.9987325382618888,1.0,0.25,1.0.0
F2,0.0031622776601683794,clock characteristic time,response_to_clock_rate_0.25,combined,common_rate_scale,1.9986829744847876,1.0,0.25,1.0.0
F2,0.003285993247600654,clock characteristic time,response_to_clock_rate_0.25,combined,common_rate_scale,1.9986314733969754,1.0,0.25,1.0.0
F2,0.003414548873833601,clock characteristic time,response_to_clock_rate_0.25,combined,common_rate_scale,1.9985779593726445,1.0,0.25,1.0.0
F2,0.0035481338923357532,clock characteristic time,response_to_clock_rate_0.25,combined,common_rate_scale,1.9985223538219432,1.0,0.25,1.0.0
F2,0.0036869450645195733,clock characteristic time,response_to_clock_rate_0.25,combined,common_rate_scale,1.9984645750881995,1.0,0.25,1.0.0
F2,0.003831186849557289,clock characteristic time,response_to_clock_rate_0.25,combined,common_rate_scale,1.9984045383311488,1.0,0.25,1.0.0
F2,0.003981071705534973,clock characteristic time,response_to_clock_rate_0.25,combined,common_rate_scale,1.998342155402016,1.0,0.25,1.0.0
F2,0.004136820402388507,clock characteristic time,response_to_clock_rate_0.25,combined,common_rate_scale,1.9982773347354685,1.0,0.25,1.0.0
F2,0.004298662347082277,clock characteristic time,response_to_clock_rate_0.25,combined,common_rate_scale,1.998209981099134,1.0,0.25,1.0.0
F2,0.0044668359215096305,clock characteristic time,response_to_clock_rate_0.25,combined,common_rate_scale,1.9981399957568236,1.0,0.25,1.0.0
F2,0.004641588833612777,clock characteristic time,response_to_clock_rate_0.25,combined,common_rate_scale,1.998067276116196,1.0,0.25,1.0.0
F2,0.004823178482239309,clock characteristic time,response_to_clock_rate_0.25,combined,common_rate_scale,1.9979917149416457,1.0,0.25,1.0.0
F2,0.005011872336272725,clock characteristic time,response_to_clock_rate_0.25,combined,common_rate_scale,1.9979132019897778,1.0,0.25,1.0.0
F2,0.005207948328595465,clock characteristic time,response_to_clock_rate_0.25,combined,common_rate_scale,1.9978316219901884,1.0,0.25,1.0.0
F2,0.0054116952654646375,clock characteristic time,response_to_clock_rate_0.25,combined,common_rate_scale,1.9977468551588653,1.0,0.25,1.0.0
F2,0.005623413251903491,clock characteristic time,response_to_clock_rate_0.25,combined,common_rate_scale,1.997658777062571,1.0,0.25,1.0.0
F2,0.005843414133735175,clock characteristic time,response_to_clock_rate_0.25,combined,common_rate_scale,1.997567258939802,1.0,0.25,1.0.0
F2,0.006072021956909884,clock characteristic time,response_to_clock_rate_0.25,combined,common_rate_scale,1.997472166318496,1.0,0.25,1.0.0
F2,0.006309573444801929,clock characteristic time,response_to_clock_rate_0.25,combined,common_rate_scale,1.9973733601210903,1.0,0.25,1.0.0
F2,0.006556418494179785,clock characteristic time,response_to_clock_rate_0.25,combined,common_rate_scale,1.9972706953147115,1.0,0.25,1.0.0
F2,0.006812920690579615,clock characteristic time,response_to_clock_rate_0.25,combined,common_rate_scale,1.9971640216400095,1.0,0.25,1.0.0
F2,0.00707945784384138,clock characteristic time,response_to_clock_rate_0.25,combined,common_rate_scale,1.9970531829817022,1.0,0.25,1.0.0
F2,0.007356422544596414,clock characteristic time,response_to_clock_rate_0.25,combined,common_rate_scale,1.9969380168472823,1.0,0.25,1.0.0
F2,0.007644222742526002,clock characteristic time,response_to_clock_rate_0.25,combined,common_rate_scale,1.9968183547784693,1.0,0.25,1.0.0
F2,0.007943282347242814,clock characteristic time,response_to_clock_rate_0.25,combined,common_rate_scale,1.9966940215483668,1.0,0.25,1.0.0
F2,0.008254041852680182,clock characteristic time,response_to_clock_rate_0.25,combined,common_rate_scale,1.9965648352620244,1.0,0.25,1.0.0
F2,0.008576958985908946,clock characteristic time,response_to_clock_rate_0.25,combined,common_rate_scale,1.9964306070218032,1.0,0.25,1.0.0
F2,0.008912509381337459,clock characteristic time,response_to_clock_rate_0.25,combined,common_rate_scale,1.9962911404867034,1.0,0.25,1.0.0
F2,0.009261187281287938,clock characteristic time,response_to_clock_rate_0.25,combined,common_rate_scale,1.9961462317707075,1.0,0.25,1.0.0
F2,0.009623506263980888,clock characteristic time,response_to_clock_rate_0.25,combined,common_rate_scale,1.9959956690939233,1.0,0.25,1.0.0
F2,0.01,clock characteristic time,response_to_clock_rate_0.25,combined,common_rate_scale,1.99583923237821,1.0,0.25,1.0.0
F2,0.01039122303835169,clock characteristic time,response_to_clock_rate_0.25,combined,common_rate_scale,1.9956766932008745,1.0,0.25,1.0.0
F2,0.010797751623277093,clock characteristic time,response_to_clock_rate_0.25,combined,common_rate_scale,1.9955078142322158,1.0,0.25,1.0.0
F2,0.011220184543019636,clock characteristic time,response_to_clock_rate_0.25,combined,common_rate_scale,1.9953323489271788,1.0,0.25,1.0.0
F2,0.011659144011798317,clock characteristic time,response_to_clock_rate_0.25,combined,common_rate_scale,1.9951500413437866,1.0,0.25,1.0.0
F2,0.012115276586285882,clock characteristic time,response_to_clock_rate_0.25,combined,common_rate_scale,1.9949606254953296,1.0,0.25,1.0.0
F2,0.012589254117941675,clock characteristic time,response_to_clock_rate_0.25,combined,common_rate_scale,1.9947638252015194,1.0,0.25,1.0.0
F2,0.013081774742601943,clock characteristic time,response_to_clock_rate_0.25,combined,common_rate_scale,1.9945593536838677,1.0,0.25,1.0.0
F2,0.013593563908785255,clock characteristic time,response_to_clock_rate_0.25,combined,common_rate_scale,1.9943469129996068,1.0,0.25,1.0.0
F2,0.01412537544622754,clock characteristic time,response_to_clock_rate_0.25,combined,common_rate_scale,1.9941261938723334,1.0,0.25,1.0.0
F2,0.014677992676220698,clock characteristic time,response_to_clock_rate_0.25,combined,common_rate_scale,1.9938968749539214,1.0,0.25,1.0.0
F2,0.01525222956539019,clock characteristic time,response_to_clock_rate_0.25,combined,common_rate_scale,1.9936586226373643,1.0,0.25,1.0.0
F2,0.015848931924611134,clock characteristic time,response_to_clock_rate_0.25,combined,common_rate_scale,1.9934110904639053,1.0,0.25,1.0.0
F2,0.01646897865482868,clock characteristic time,response_to_clock_rate_0.25,combined,common_rate_scale,1.9931539186625655,1.0,0.25,1.0.0
F2,0.01711328304161781,clock characteristic time,response_to_clock_rate_0.25,combined,common_rate_scale,1.9928867336545646,1.0,0.25,1.0.0
F2,0.01778279410038923,clock characteristic time,response_to_clock_rate_0.25,combined,common_rate_scale,1.992609147493908,1.0,0.25,1.0.0
F2,0.018478497974222907,clock characteristic time,response_to_clock_rate_0.25,combined,common_rate_scale,1.9923207573997104,1.0,0.25,1.0.0
F2,0.01920141938638801,clock characteristic time,response_to_clock_rate_0.25,combined,common_rate_scale,1.992021145143894,1.0,0.25,1.0.0
F2,0.0199526231496888,clock characteristic time,response_to_clock_rate_0.25,combined,common_rate_scale,1.9917098764674752,1.0,0.25,1.0.0
F2,0.02073321573485955,clock characteristic time,response_to_clock_rate_0.25,combined,common_rate_scale,1.991386500582741,1.0,0.25,1.0.0
F2,0.021544346900318832,clock characteristic time,response_to_clock_rate_0.25,combined,common_rate_scale,1.9910505493765691,1.0,0.25,1.0.0
F2,0.0223872113856834,clock characteristic time,response_to_clock_rate_0.25,combined,common_rate_scale,1.9907015369453642,1.0,0.25,1.0.0
F2,0.02326305067153626,clock characteristic time,response_to_clock_rate_0.25,combined,common_rate_scale,1.990338958804906,1.0,0.25,1.0.0
F2,0.024173154808041036,clock characteristic time,response_to_clock_rate_0.25,combined,common_rate_scale,1.9899622912992803,1.0,0.25,1.0.0
F2,0.025118864315095794,clock characteristic time,response_to_clock_rate_0.25,combined,common_rate_scale,1.989570990810276,1.0,0.25,1.0.0
F2,0.026101572156825372,clock characteristic time,response_to_clock_rate_0.25,combined,common_rate_scale,1.9891644930571966,1.0,0.25,1.0.0
F2,0.02712272579332028,clock characteristic time,response_to_clock_rate_0.25,combined,common_rate_scale,1.9887422123629859,1.0,0.25,1.0.0
F2,0.028183829312644536,clock characteristic time,response_to_clock_rate_0.25,combined,common_rate_scale,1.9883035408122782,1.0,0.25,1.0.0
F2,0.02928644564625236,clock characteristic time,response_to_clock_rate_0.25,combined,common_rate_scale,1.9878478474859178,1.0,0.25,1.0.0
F2,0.03043219887107722,clock characteristic time,response_to_clock_rate_0.25,combined,common_rate_scale,1.987374477589593,1.0,0.25,1.0.0
F2,0.03162277660168379,clock characteristic time,response_to_clock_rate_0.25,combined,common_rate_scale,1.9868827516014351,1.0,0.25,1.0.0
F2,0.03285993247600654,clock characteristic time,response_to_clock_rate_0.25,combined,common_rate_scale,1.9863719643717492,1.0,0.25,1.0.0
F2,0.034145488738336005,clock characteristic time,response_to_clock_rate_0.25,combined,common_rate_scale,1.9858413841963811,1.0,0.25,1.0.0
F2,0.03548133892335755,clock characteristic time,response_to_clock_rate_0.25,combined,common_rate_scale,1.985290251840412,1.0,0.25,1.0.0
F2,0.03686945064519575,clock characteristic time,response_to_clock_rate_0.25,combined,common_rate_scale,1.9847177795902131,1.0,0.25,1.0.0
F2,0.03831186849557287,clock characteristic time,response_to_clock_rate_0.25,combined,common_rate_scale,1.984123150200443,1.0,0.25,1.0.0
F2,0.039810717055349734,clock characteristic time,response_to_clock_rate_0.25,combined,common_rate_scale,1.9835055158417214,1.0,0.25,1.0.0
F2,0.04136820402388507,clock characteristic time,response_to_clock_rate_0.25,combined,common_rate_scale,1.9828639970326711,1.0,0.25,1.0.0
F2,0.042986623470822764,clock characteristic time,response_to_clock_rate_0.25,combined,common_rate_scale,1.98219768151667,1.0,0.25,1.0.0
F2,0.0446683592150963,clock characteristic time,response_to_clock_rate_0.25,combined,common_rate_scale,1.9815056230900665,1.0,0.25,1.0.0
F2,0.046415888336127795,clock characteristic time,response_to_clock_rate_0.25,combined,common_rate_scale,1.980786840439276,1.0,0.25,1.0.0
F2,0.04823178482239307,clock characteristic time,response_to_clock_rate_0.25,combined,common_rate_scale,1.9800403158954416,1.0,0.25,1.0.0
F2,0.05011872336272722,clock characteristic time,response_to_clock_rate_0.25,combined,common_rate_scale,1.9792649941862788,1.0,0.25,1.0.0
F2,0.052079483285954624,clock characteristic time,response_to_clock_rate_0.25,combined,common_rate_scale,1.9784597811337636,1.0,0.25,1.0.0
F2,0.054116952654646375,clock characteristic time,response_to_clock_rate_0.25,combined,common_rate_scale,1.977623542314879,1.0,0.25,1.0.0
F2,0.056234132519034905,clock characteristic time,response_to_clock_rate_0.25,combined,common_rate_scale,1.9767551017043063,1.0,0.25,1.0.0
F2,0.05843414133735175,clock characteristic time,response_to_clock_rate_0.25,combined,common_rate_scale,1.9758532402472535,1.0,0.25,1.0.0
F2,0.060720219569098836,clock characteristic time,response_to_clock_rate_0.25,combined,common_rate_scale,1.9749166944246523,1.0,0.25,1.0.0
F2,0.06309573444801933,clock characteristic time,response_to_clock_rate_0.25,combined,common_rate_scale,1.9739441547609506,1.0,0.25,1.0.0
F2,0.06556418494179789,clock characteristic time,response_to_clock_rate_0.25,combined,common_rate_scale,1.9729342643012,1.0,0.25,1.0.0
F2,0.06812920690579612,clock characteristic time,response_to_clock_rate_0.25,combined,common_rate_scale,1.971885617047723,1.0,0.25,1.0.0
F2,0.07079457843841377,clock characteristic time,response_to_clock_rate_0.25,combined,common_rate_scale,1.9707967563612339,1.0,0.25,1.0.0
F2,0.07356422544596414,clock characteristic time,response_to_clock_rate_0.25,combined,common_rate_scale,1.9696661733172982,1.0,0.25,1.0.0
F2,0.07644222742526002,clock characteristic time,response_to_clock_rate_0.25,combined,common_rate_scale,1.968492305035471,1.0,0.25,1.0.0
F2,0.07943282347242814,clock characteristic time,response_to_clock_rate_0.25,combined,common_rate_scale,1.9672735329637527,1.0,0.25,1.0.0
F2,0.08254041852680186,clock characteristic time,response_to_clock_rate_0.25,combined,common_rate_scale,1.9660081811273624,1.0,0.25,1.0.0
F2,0.08576958985908942,clock characteristic time,response_to_clock_rate_0.25,combined,common_rate_scale,1.9646945143476735,1.0,0.25,1.0.0
F2,0.08912509381337455,clock characteristic time,response_to_clock_rate_0.25,combined,common_rate_scale,1.9633307364222776,1.0,0.25,1.0.0
F2,0.09261187281287933,clock characteristic time,response_to_clock_rate_0.25,combined,common_rate_scale,1.961914988272708,1.0,0.25,1.0.0
F2,0.09623506263980887,clock characteristic time,response_to_clock_rate_0.25,combined,common_rate_scale,1.960445346062992,1.0,0.25,1.0.0
F2,0.1,clock characteristic time,response_to_clock_rate_0.25,combined,common_rate_scale,1.9589198192875958,1.0,0.25,1.0.0
F2,0.10391223038351691,clock characteristic time,response_to_clock_rate_0.25,combined,common_rate_scale,1.957336348832616,1.0,0.25,1.0.0
F2,0.10797751623277094,clock characteristic time,response_to_clock_rate_0.25,combined,common_rate_scale,1.955692805016196,1.0,0.25,1.0.0
F2,0.1122018454301963,clock characteristic time,response_to_clock_rate_0.25,combined,common_rate_scale,1.9539869855996752,1.0,0.25,1.0.0
F2,0.11659144011798311,clock characteristic time,response_to_clock_rate_0.25,combined,common_rate_scale,1.952216613788432,1.0,0.25,1.0.0
F2,0.12115276586285889,clock characteristic time,response_to_clock_rate_0.25,combined,common_rate_scale,1.9503793362139623,1.0,0.25,1.0.0
F2,0.12589254117941676,clock characteristic time,response_to_clock_rate_0.25,combined,common_rate_scale,1.948472720906552,1.0,0.25,1.0.0
F2,0.13081774742601943,clock characteristic time,response_to_clock_rate_0.25,combined,common_rate_scale,1.9464942552639164,1.0,0.25,1.0.0
F2,0.13593563908785256,clock characteristic time,response_to_clock_rate_0.25,combined,common_rate_scale,1.9444413440165262,1.0,0.25,1.0.0
F2,0.1412537544622754,clock characteristic time,response_to_clock_rate_0.25,combined,common_rate_scale,1.942311307201893,1.0,0.25,1.0.0
F2,0.1467799267622069,clock characteristic time,response_to_clock_rate_0.25,combined,common_rate_scale,1.9401013781481957,1.0,0.25,1.0.0
F2,0.15252229565390182,clock characteristic time,response_to_clock_rate_0.25,combined,common_rate_scale,1.937808701477663,1.0,0.25,1.0.0
F2,0.1584893192461114,clock characteristic time,response_to_clock_rate_0.25,combined,common_rate_scale,1.9354303311366572,1.0,0.25,1.0.0
F2,0.1646897865482869,clock characteristic time,response_to_clock_rate_0.25,combined,common_rate_scale,1.9329632284627567,1.0,0.25,1.0.0
F2,0.1711328304161781,clock characteristic time,response_to_clock_rate_0.25,combined,common_rate_scale,1.930404260294232,1.0,0.25,1.0.0
F2,0.1778279410038923,clock characteristic time,response_to_clock_rate_0.25,combined,common_rate_scale,1.92775019713741,1.0,0.25,1.0.0
F2,0.18478497974222907,clock characteristic time,response_to_clock_rate_0.25,combined,common_rate_scale,1.9249977113982117,1.0,0.25,1.0.0
F2,0.1920141938638801,clock characteristic time,response_to_clock_rate_0.25,combined,common_rate_scale,1.9221433756956032,1.0,0.25,1.0.0
F2,0.19952623149688786,clock characteristic time,response_to_clock_rate_0.25,combined,common_rate_scale,1.9191836612648845,1.0,0.25,1.0.0
F2,0.2073321573485954,clock characteristic time,response_to_clock_rate_0.25,combined,common_rate_scale,1.9161149364702585,1.0,0.25,1.0.0
F2,0.21544346900318845,clock characteristic time,response_to_clock_rate_0.25,combined,common_rate_scale,1.9129334654396017,1.0,0.25,1.0.0
F2,0.223872113856834,clock characteristic time,response_to_clock_rate_0.25,combined,common_rate_scale,1.9096354068388393,1.0,0.25,1.0.0
F2,0.23263050671536262,clock characteristic time,response_to_clock_rate_0.25,combined,common_rate_scale,1.9062168128072716,1.0,0.25,1.0.0
F2,0.24173154808041036,clock characteristic time,response_to_clock_rate_0.25,combined,common_rate_scale,1.9026736280700254,1.0,0.25,1.0.0
F2,0.25118864315095796,clock characteristic time,response_to_clock_rate_0.25,combined,common_rate_scale,1.8990016892526531,1.0,0.25,1.0.0
F2,0.2610157215682536,clock characteristic time,response_to_clock_rate_0.25,combined,common_rate_scale,1.8951967244196384,1.0,0.25,1.0.0
F2,0.2712272579332027,clock characteristic time,response_to_clock_rate_0.25,combined,common_rate_scale,1.891254352861598,1.0,0.25,1.0.0
F2,0.2818382931264455,clock characteristic time,response_to_clock_rate_0.25,combined,common_rate_scale,1.8871700851591737,1.0,0.25,1.0.0
F2,0.29286445646252374,clock characteristic time,response_to_clock_rate_0.25,combined,common_rate_scale,1.882939323552569,1.0,0.25,1.0.0
F2,0.3043219887107722,clock characteristic time,response_to_clock_rate_0.25,combined,common_rate_scale,1.8785573626456746,1.0,0.25,1.0.0
F2,0.31622776601683794,clock characteristic time,response_to_clock_rate_0.25,combined,common_rate_scale,1.8740193904797215,1.0,0.25,1.0.0
F2,0.3285993247600654,clock characteristic time,response_to_clock_rate_0.25,combined,common_rate_scale,1.8693204900109486,1.0,0.25,1.0.0
F2,0.34145488738336005,clock characteristic time,response_to_clock_rate_0.25,combined,common_rate_scale,1.8644556410281345,1.0,0.25,1.0.0
F2,0.3548133892335753,clock characteristic time,response_to_clock_rate_0.25,combined,common_rate_scale,1.859419722551333,1.0,0.25,1.0.0
F2,0.36869450645195734,clock characteristic time,response_to_clock_rate_0.25,combined,common_rate_scale,1.8542075157522122,1.0,0.25,1.0.0
F2,0.38311868495572887,clock characteristic time,response_to_clock_rate_0.25,combined,common_rate_scale,1.8488137074405326,1.0,0.25,1.0.0
F2,0.3981071705534973,clock characteristic time,response_to_clock_rate_0.25,combined,common_rate_scale,1.8432328941626541,1.0,0.25,1.0.0
F2,0.4136820402388507,clock characteristic time,response_to_clock_rate_0.25,combined,common_rate_scale,1.837459586960858,1.0,0.25,1.0.0
F2,0.42986623470822766,clock characteristic time,response_to_clock_rate_0.25,combined,common_rate_scale,1.8314882168445508,1.0,0.25,1.0.0
F2,0.44668359215096304,clock characteristic time,response_to_clock_rate_0.25,combined,common_rate_scale,1.825313141025357,1.0,0.25,1.0.0
F2,0.46415888336127775,clock characteristic time,response_to_clock_rate_0.25,combined,common_rate_scale,1.8189286499723534,1.0,0.25,1.0.0
F2,0.4823178482239304,clock characteristic time,response_to_clock_rate_0.25,combined,common_rate_scale,1.812328975343143,1.0,0.25,1.0.0
F2,0.5011872336272725,clock characteristic time,response_to_clock_rate_0.25,combined,common_rate_scale,1.8055082988499995,1.0,0.25,1.0.0
F2,0.5207948328595465,clock characteristic time,response_to_clock_rate_0.25,combined,common_rate_scale,1.7984607621207234,1.0,0.25,1.0.0
F2,0.5411695265464638,clock characteristic time,response_to_clock_rate_0.25,combined,common_rate_scale,1.7911804776154603,1.0,0.25,1.0.0
F2,0.5623413251903491,clock characteristic time,response_to_clock_rate_0.25,combined,common_rate_scale,1.7836615406608902,1.0,0.25,1.0.0
F2,0.5843414133735175,clock characteristic time,response_to_clock_rate_0.25,combined,common_rate_scale,1.7758980426639503,1.0,0.25,1.0.0
F2,0.6072021956909883,clock characteristic time,response_to_clock_rate_0.25,combined,common_rate_scale,1.7678840855665472,1.0,0.25,1.0.0
F2,0.630957344480193,clock characteristic time,response_to_clock_rate_0.25,combined,common_rate_scale,1.7596137976015105,1.0,0.25,1.0.0
F2,0.6556418494179785,clock characteristic time,response_to_clock_rate_0.25,combined,common_rate_scale,1.7510813504090033,1.0,0.25,1.0.0
F2,0.6812920690579615,clock characteristic time,response_to_clock_rate_0.25,combined,common_rate_scale,1.7422809775683779,1.0,0.25,1.0.0
F2,0.707945784384138,clock characteristic time,response_to_clock_rate_0.25,combined,common_rate_scale,1.733206994598202,1.0,0.25,1.0.0
F2,0.7356422544596414,clock characteristic time,response_to_clock_rate_0.25,combined,common_rate_scale,1.7238538204709795,1.0,0.25,1.0.0
F2,0.7644222742526002,clock characteristic time,response_to_clock_rate_0.25,combined,common_rate_scale,1.7142160006833378,1.0,0.25,1.0.0
F2,0.7943282347242814,clock characteristic time,response_to_clock_rate_0.25,combined,common_rate_scale,1.704288231913995,1.0,0.25,1.0.0
F2,0.8254041852680182,clock characteristic time,response_to_clock_rate_0.25,combined,common_rate_scale,1.6940653882925354,1.0,0.25,1.0.0
F2,0.8576958985908937,clock characteristic time,response_to_clock_rate_0.25,combined,common_rate_scale,1.68354254929018,1.0,0.25,1.0.0
F2,0.8912509381337459,clock characteristic time,response_to_clock_rate_0.25,combined,common_rate_scale,1.672715029229839,1.0,0.25,1.0.0
F2,0.9261187281287937,clock characteristic time,response_to_clock_rate_0.25,combined,common_rate_scale,1.6615784083970353,1.0,0.25,1.0.0
F2,0.9623506263980888,clock characteristic time,response_to_clock_rate_0.25,combined,common_rate_scale,1.650128565714336,1.0,0.25,1.0.0
F2,1.0,clock characteristic time,response_to_clock_rate_0.25,combined,common_rate_scale,1.6383617129207169,1.0,0.25,1.0.0
F2,1.0391223038351691,clock characteristic time,response_to_clock_rate_0.25,combined,common_rate_scale,1.6262744301730652,1.0,0.25,1.0.0
F2,1.0797751623277094,clock characteristic time,response_to_clock_rate_0.25,combined,common_rate_scale,1.6138637029597773,1.0,0.25,1.0.0
F2,1.122018454301963,clock characteristic time,response_to_clock_rate_0.25,combined,common_rate_scale,1.6011269601857356,1.0,0.25,1.0.0
F2,1.165914401179831,clock characteristic time,response_to_clock_rate_0.25,combined,common_rate_scale,1.5880621132545651,1.0,0.25,1.0.0
F2,1.2115276586285888,clock characteristic time,response_to_clock_rate_0.25,combined,common_rate_scale,1.574667595936536,1.0,0.25,1.0.0
F2,1.2589254117941675,clock characteristic time,response_to_clock_rate_0.25,combined,common_rate_scale,1.5609424047706275,1.0,0.25,1.0.0
F2,1.3081774742601942,clock characteristic time,response_to_clock_rate_0.25,combined,common_rate_scale,1.5468861397057425,1.0,0.25,1.0.0
F2,1.3593563908785256,clock characteristic time,response_to_clock_rate_0.25,combined,common_rate_scale,1.5324990446395983,1.0,0.25,1.0.0
F2,1.412537544622754,clock characteristic time,response_to_clock_rate_0.25,combined,common_rate_scale,1.5177820474654604,1.0,0.25,1.0.0
F2,1.467799267622069,clock characteristic time,response_to_clock_rate_0.25,combined,common_rate_scale,1.5027367991860783,1.0,0.25,1.0.0
F2,1.5252229565390183,clock characteristic time,response_to_clock_rate_0.25,combined,common_rate_scale,1.4873657116022996,1.0,0.25,1.0.0
F2,1.584893192461114,clock characteristic time,response_to_clock_rate_0.25,combined,common_rate_scale,1.471671993032003,1.0,0.25,1.0.0
F2,1.6468978654828688,clock characteristic time,response_to_clock_rate_0.25,combined,common_rate_scale,1.4556596814636071,1.0,0.25,1.0.0
F2,1.711328304161781,clock characteristic time,response_to_clock_rate_0.25,combined,common_rate_scale,1.4393336744998093,1.0,0.25,1.0.0
F2,1.7782794100389228,clock characteristic time,response_to_clock_rate_0.25,combined,common_rate_scale,1.4226997554022907,1.0,0.25,1.0.0
F2,1.8478497974222907,clock characteristic time,response_to_clock_rate_0.25,combined,common_rate_scale,1.4057646145094778,1.0,0.25,1.0.0
F2,1.920141938638801,clock characteristic time,response_to_clock_rate_0.25,combined,common_rate_scale,1.3885358652688413,1.0,0.25,1.0.0
F2,1.9952623149688788,clock characteristic time,response_to_clock_rate_0.25,combined,common_rate_scale,1.3710220541055618,1.0,0.25,1.0.0
F2,2.073321573485954,clock characteristic time,response_to_clock_rate_0.25,combined,common_rate_scale,1.353232663343137,1.0,0.25,1.0.0
F2,2.1544346900318843,clock characteristic time,response_to_clock_rate_0.25,combined,common_rate_scale,1.3351781064018187,1.0,0.25,1.0.0
F2,2.23872113856834,clock characteristic time,response_to_clock_rate_0.25,combined,common_rate_scale,1.316869714530623,1.0,0.25,1.0.0
F2,2.3263050671536263,clock characteristic time,response_to_clock_rate_0.25,combined,common_rate_scale,1.2983197143811354,1.0,0.25,1.0.0
F2,2.4173154808041035,clock characteristic time,response_to_clock_rate_0.25,combined,common_rate_scale,1.2795411958095437,1.0,0.25,1.0.0
F2,2.5118864315095797,clock characteristic time,response_to_clock_rate_0.25,combined,common_rate_scale,1.2605480693997975,1.0,0.25,1.0.0
F2,2.610157215682536,clock characteristic time,response_to_clock_rate_0.25,combined,common_rate_scale,1.241355013337999,1.0,0.25,1.0.0
F2,2.712272579332027,clock characteristic time,response_to_clock_rate_0.25,combined,common_rate_scale,1.2219774094375346,1.0,0.25,1.0.0
F2,2.818382931264452,clock characteristic time,response_to_clock_rate_0.25,combined,common_rate_scale,1.202431268316703,1.0,0.25,1.0.0
F2,2.9286445646252375,clock characteristic time,response_to_clock_rate_0.25,combined,common_rate_scale,1.182733143965293,1.0,0.25,1.0.0
F2,3.043219887107722,clock characteristic time,response_to_clock_rate_0.25,combined,common_rate_scale,1.1629000382015864,1.0,0.25,1.0.0
F2,3.1622776601683795,clock characteristic time,response_to_clock_rate_0.25,combined,common_rate_scale,1.1429492958129752,1.0,0.25,1.0.0
F2,3.285993247600654,clock characteristic time,response_to_clock_rate_0.25,combined,common_rate_scale,1.1228984914862503,1.0,0.25,1.0.0
F2,3.4145488738336005,clock characteristic time,response_to_clock_rate_0.25,combined,common_rate_scale,1.1027653099597492,1.0,0.25,1.0.0
F2,3.5481338923357533,clock characteristic time,response_to_clock_rate_0.25,combined,common_rate_scale,1.082567421159307,1.0,0.25,1.0.0
F2,3.6869450645195734,clock characteristic time,response_to_clock_rate_0.25,combined,common_rate_scale,1.0623223524011498,1.0,0.25,1.0.0
F2,3.831186849557289,clock characteristic time,response_to_clock_rate_0.25,combined,common_rate_scale,1.0420473600437858,1.0,0.25,1.0.0
F2,3.981071705534973,clock characteristic time,response_to_clock_rate_0.25,combined,common_rate_scale,1.021759303232014,1.0,0.25,1.0.0
F2,4.136820402388507,clock characteristic time,response_to_clock_rate_0.25,combined,common_rate_scale,1.0014745225829997,1.0,0.25,1.0.0
F2,4.298662347082277,clock characteristic time,response_to_clock_rate_0.25,combined,common_rate_scale,0.9812087268002492,1.0,0.25,1.0.0
F2,4.46683592150963,clock characteristic time,response_to_clock_rate_0.25,combined,common_rate_scale,0.960976890250228,1.0,0.25,1.0.0
F2,4.6415888336127775,clock characteristic time,response_to_clock_rate_0.25,combined,common_rate_scale,0.9407931644839841,1.0,0.25,1.0.0
F2,4.823178482239304,clock characteristic time,response_to_clock_rate_0.25,combined,common_rate_scale,0.9206708065212231,1.0,0.25,1.0.0
F2,5.011872336272719,clock characteristic time,response_to_clock_rate_0.25,combined,common_rate_scale,0.9006221264294532,1.0,0.25,1.0.0
F2,5.207948328595465,clock characteristic time,response_to_clock_rate_0.25,combined,common_rate_scale,0.8806584563242227,1.0,0.25,1.0.0
F2,5.411695265464638,clock characteristic time,response_to_clock_rate_0.25,combined,common_rate_scale,0.860790142392255,1.0,0.25,1.0.0
F2,5.62341325190349,clock characteristic time,response_to_clock_rate_0.25,combined,common_rate_scale,0.8410265609084965,1.0,0.25,1.0.0
F2,5.843414133735175,clock characteristic time,response_to_clock_rate_0.25,combined,common_rate_scale,0.8213761584988652,1.0,0.25,1.0.0
F2,6.072021956909884,clock characteristic time,response_to_clock_rate_0.25,combined,common_rate_scale,0.8018465161177479,1.0,0.25,1.0.0
F2,6.30957344480193,clock characteristic time,response_to_clock_rate_0.25,combined,common_rate_scale,0.7824444353939717,1.0,0.25,1.0.0
F2,6.556418494179785,clock characteristic time,response_to_clock_rate_0.25,combined,common_rate_scale,0.7631760451866544,1.0,0.25,1.0.0
F2,6.812920690579615,clock characteristic time,response_to_clock_rate_0.25,combined,common_rate_scale,0.7440469254212264,1.0,0.25,1.0.0
F2,7.07945784384138,clock characteristic time,response_to_clock_rate_0.25,combined,common_rate_scale,0.7250622445847508,1.0,0.25,1.0.0
F2,7.3564225445964135,clock characteristic time,response_to_clock_rate_0.25,combined,common_rate_scale,0.706226906684801,1.0,0.25,1.0.0
F2,7.644222742526002,clock characteristic time,response_to_clock_rate_0.25,combined,common_rate_scale,0.6875457030493669,1.0,0.25,1.0.0
F2,7.943282347242813,clock characteristic time,response_to_clock_rate_0.25,combined,common_rate_scale,0.66902346409082,1.0,0.25,1.0.0
F2,8.254041852680182,clock characteristic time,response_to_clock_rate_0.25,combined,common_rate_scale,0.6506652060902196,1.0,0.25,1.0.0
F2,8.576958985908938,clock characteristic time,response_to_clock_rate_0.25,combined,common_rate_scale,0.6324762681837541,1.0,0.25,1.0.0
F2,8.91250938133745,clock characteristic time,response_to_clock_rate_0.25,combined,common_rate_scale,0.614462435044672,1.0,0.25,1.0.0
F2,9.261187281287937,clock characteristic time,response_to_clock_rate_0.25,combined,common_rate_scale,0.596630041234727,1.0,0.25,1.0.0
F2,9.623506263980888,clock characteristic time,response_to_clock_rate_0.25,combined,common_rate_scale,0.5789860538229358,1.0,0.25,1.0.0
F2,10.0,clock characteristic time,response_to_clock_rate_0.25,combined,common_rate_scale,0.5615381306031797,1.0,0.25,1.0.0
F2,10.39122303835169,clock characteristic time,response_to_clock_rate_0.25,combined,common_rate_scale,0.5442946520484524,1.0,0.25,1.0.0
F2,10.797751623277094,clock characteristic time,response_to_clock_rate_0.25,combined,common_rate_scale,0.527264725979578,1.0,0.25,1.0.0
F2,11.220184543019629,clock characteristic time,response_to_clock_rate_0.25,combined,common_rate_scale,0.5104581647629537,1.0,0.25,1.0.0
F2,11.659144011798311,clock characteristic time,response_to_clock_rate_0.25,combined,common_rate_scale,0.4938854356525163,1.0,0.25,1.0.0
F2,12.115276586285876,clock characteristic time,response_to_clock_rate_0.25,combined,common_rate_scale,0.4775575856292209,1.0,0.25,1.0.0
F2,12.589254117941662,clock characteristic time,response_to_clock_rate_0.25,combined,common_rate_scale,0.46148614274784194,1.0,0.25,1.0.0
F2,13.081774742601928,clock characteristic time,response_to_clock_rate_0.25,combined,common_rate_scale,0.4456829965644904,1.0,0.25,1.0.0
F2,13.593563908785242,clock characteristic time,response_to_clock_rate_0.25,combined,common_rate_scale,0.43016026068456537,1.0,0.25,1.0.0
F2,14.125375446227554,clock characteristic time,response_to_clock_rate_0.25,combined,common_rate_scale,0.4149301208411548,1.0,0.25,1.0.0
F2,14.677992676220706,clock characteristic time,response_to_clock_rate_0.25,combined,common_rate_scale,0.40000467219315683,1.0,0.25,1.0.0
F2,15.252229565390198,clock characteristic time,response_to_clock_rate_0.25,combined,common_rate_scale,0.3853957497271189,1.0,0.25,1.0.0
F2,15.848931924611142,clock characteristic time,response_to_clock_rate_0.25,combined,common_rate_scale,0.37111475576328634,1.0,0.25,1.0.0
F2,16.46897865482869,clock characteristic time,response_to_clock_rate_0.25,combined,common_rate_scale,0.3571724886087878,1.0,0.25,1.0.0
F2,17.11328304161781,clock characteristic time,response_to_clock_rate_0.25,combined,common_rate_scale,0.34357897637084533,1.0,0.25,1.0.0
F2,17.78279410038923,clock characteristic time,response_to_clock_rate_0.25,combined,common_rate_scale,0.33034331983870635,1.0,0.25,1.0.0
F2,18.478497974222908,clock characteristic time,response_to_clock_rate_0.25,combined,common_rate_scale,0.31747354816060713,1.0,0.25,1.0.0
F2,19.20141938638801,clock characteristic time,response_to_clock_rate_0.25,combined,common_rate_scale,0.30497649077606054,1.0,0.25,1.0.0
F2,19.952623149688787,clock characteristic time,response_to_clock_rate_0.25,combined,common_rate_scale,0.29285766870899177,1.0,0.25,1.0.0
F2,20.73321573485954,clock characteristic time,response_to_clock_rate_0.25,combined,common_rate_scale,0.28112120788072464,1.0,0.25,1.0.0
F2,21.54434690031882,clock characteristic time,response_to_clock_rate_0.25,combined,common_rate_scale,0.26976977656448836,1.0,0.25,1.0.0
F2,22.38721138568338,clock characteristic time,response_to_clock_rate_0.25,combined,common_rate_scale,0.2588045484812935,1.0,0.25,1.0.0
F2,23.263050671536238,clock characteristic time,response_to_clock_rate_0.25,combined,common_rate_scale,0.24822519234347806,1.0,0.25,1.0.0
F2,24.173154808041012,clock characteristic time,response_to_clock_rate_0.25,combined,common_rate_scale,0.23802988790640786,1.0,0.25,1.0.0
F2,25.11886431509582,clock characteristic time,response_to_clock_rate_0.25,combined,common_rate_scale,0.22821536781654198,1.0,0.25,1.0.0
F2,26.101572156825384,clock characteristic time,response_to_clock_rate_0.25,combined,common_rate_scale,0.21877698377631435,1.0,0.25,1.0.0
F2,27.122725793320296,clock characteristic time,response_to_clock_rate_0.25,combined,common_rate_scale,0.20970879481737842,1.0,0.25,1.0.0
F2,28.183829312644548,clock characteristic time,response_to_clock_rate_0.25,combined,common_rate_scale,0.20100367481912151,1.0,0.25,1.0.0
F2,29.28644564625237,clock characteristic time,response_to_clock_rate_0.25,combined,common_rate_scale,0.19265343586267084,1.0,0.25,1.0.0
F2,30.432198871077222,clock characteristic time,response_to_clock_rate_0.25,combined,common_rate_scale,0.18464896360131786,1.0,0.25,1.0.0
F2,31.622776601683793,clock characteristic time,response_to_clock_rate_0.25,combined,common_rate_scale,0.1769803605787772,1.0,0.25,1.0.0
F2,32.85993247600654,clock characteristic time,response_to_clock_rate_0.25,combined,common_rate_scale,0.16963709335037716,1.0,0.25,1.0.0
F2,34.145488738336006,clock characteristic time,response_to_clock_rate_0.25,combined,common_rate_scale,0.16260813936206267,1.0,0.25,1.0.0
F2,35.481338923357534,clock characteristic time,response_to_clock_rate_0.25,combined,common_rate_scale,0.15588212980981495,1.0,0.25,1.0.0
F2,36.869450645195734,clock characteristic time,response_to_clock_rate_0.25,combined,common_rate_scale,0.1494474851189624,1.0,0.25,1.0.0
F2,38.31186849557285,clock characteristic time,response_to_clock_rate_0.25,combined,common_rate_scale,0.14329254022070684,1.0,0.25,1.0.0
F2,39.81071705534969,clock characteristic time,response_to_clock_rate_0.25,combined,common_rate_scale,0.13740565742676272,1.0,0.25,1.0.0
F2,41.36820402388503,clock characteristic time,response_to_clock_rate_0.25,combined,common_rate_scale,0.13177532537272021,1.0,0.25,1.0.0
F2,42.98662347082272,clock characteristic time,response_to_clock_rate_0.25,combined,common_rate_scale,0.1263902431759694,1.0,0.25,1.0.0
F2,44.668359215096345,clock characteristic time,response_to_clock_rate_0.25,combined,common_rate_scale,0.1212393895962755,1.0,0.25,1.0.0
F2,46.41588833612782,clock characteristic time,response_to_clock_rate_0.25,combined,common_rate_scale,0.11631207756303266,1.0,0.25,1.0.0
F2,48.23178482239309,clock characteristic time,response_to_clock_rate_0.25,combined,common_rate_scale,0.1115979949169521,1.0,0.25,1.0.0
F2,50.118723362727245,clock characteristic time,response_to_clock_rate_0.25,combined,common_rate_scale,0.10708723258858768,1.0,0.25,1.0.0
F2,52.07948328595465,clock characteristic time,response_to_clock_rate_0.25,combined,common_rate_scale,0.10277030169431262,1.0,0.25,1.0.0
F2,54.116952654646376,clock characteristic time,response_to_clock_rate_0.25,combined,common_rate_scale,0.0986381411740106,1.0,0.25,1.0.0
F2,56.23413251903491,clock characteristic time,response_to_clock_rate_0.25,combined,common_rate_scale,0.09468211763361714,1.0,0.25,1.0.0
F2,58.434141337351754,clock characteristic time,response_to_clock_rate_0.25,combined,common_rate_scale,0.09089401900563007,1.0,0.25,1.0.0
F2,60.72021956909884,clock characteristic time,response_to_clock_rate_0.25,combined,common_rate_scale,0.087266043521524,1.0,0.25,1.0.0
F2,63.0957344480193,clock characteristic time,response_to_clock_rate_0.25,combined,common_rate_scale,0.08379078532292036,1.0,0.25,1.0.0
F2,65.56418494179785,clock characteristic time,response_to_clock_rate_0.25,combined,common_rate_scale,0.0804612178440586,1.0,0.25,1.0.0
F2,68.12920690579608,clock characteristic time,response_to_clock_rate_0.25,combined,common_rate_scale,0.07727067589497488,1.0,0.25,1.0.0
F2,70.79457843841374,clock characteristic time,response_to_clock_rate_0.25,combined,common_rate_scale,0.07421283717775645,1.0,0.25,1.0.0
F2,73.56422544596406,clock characteristic time,response_to_clock_rate_0.25,combined,common_rate_scale,0.07128170378818721,1.0,0.25,1.0.0
F2,76.44222742525994,clock characteristic time,response_to_clock_rate_0.25,combined,common_rate_scale,0.06847158409885,1.0,0.25,1.0.0
F2,79.43282347242821,clock characteristic time,response_to_clock_rate_0.25,combined,common_rate_scale,0.06577707529042147,1.0,0.25,1.0.0
F2,82.5404185268019,clock characteristic time,response_to_clock_rate_0.25,combined,common_rate_scale,0.06319304669562467,1.0,0.25,1.0.0
F2,85.76958985908946,clock characteristic time,response_to_clock_rate_0.25,combined,common_rate_scale,0.060714624043055714,1.0,0.25,1.0.0
F2,89.12509381337459,clock characteristic time,response_to_clock_rate_0.25,combined,common_rate_scale,0.058337174632524816,1.0,0.25,1.0.0
F2,92.61187281287937,clock characteristic time,response_to_clock_rate_0.25,combined,common_rate_scale,0.056056293435679826,1.0,0.25,1.0.0
F2,96.23506263980887,clock characteristic time,response_to_clock_rate_0.25,combined,common_rate_scale,0.05386779009154746,1.0,0.25,1.0.0
F2,100.0,clock characteristic time,response_to_clock_rate_0.25,combined,common_rate_scale,0.05176767675260739,1.0,0.25,1.0.0
F2,0.001,clock characteristic time,response_to_clock_rate_1,clock,clock_rate,0.9996667222185182,1.0,1.0,1.0.0
F2,0.001039122303835169,clock characteristic time,response_to_clock_rate_1,clock,clock_rate,0.9996536860645666,1.0,1.0,1.0.0
F2,0.0010797751623277093,clock characteristic time,response_to_clock_rate_1,clock,clock_rate,0.99964013963518,1.0,1.0,1.0.0
F2,0.001122018454301963,clock characteristic time,response_to_clock_rate_1,clock,clock_rate,0.9996260637894698,1.0,1.0,1.0.0
F2,0.0011659144011798323,clock characteristic time,response_to_clock_rate_1,clock,clock_rate,0.9996114374873651,1.0,1.0,1.0.0
F2,0.001211527658628589,clock characteristic time,response_to_clock_rate_1,clock,clock_rate,0.9995962388405651,1.0,1.0,1.0.0
F2,0.0012589254117941675,clock characteristic time,response_to_clock_rate_1,clock,clock_rate,0.9995804463652297,1.0,1.0,1.0.0
F2,0.0013081774742601943,clock characteristic time,response_to_clock_rate_1,clock,clock_rate,0.999564035861769,1.0,1.0,1.0.0
F2,0.0013593563908785254,clock characteristic time,response_to_clock_rate_1,clock,clock_rate,0.9995469839773949,1.0,1.0,1.0.0
F2,0.001412537544622754,clock characteristic time,response_to_clock_rate_1,clock,clock_rate,0.999529264923917,1.0,1.0,1.0.0
F2,0.001467799267622069,clock characteristic time,response_to_clock_rate_1,clock,clock_rate,0.9995108533103079,1.0,1.0,1.0.0
F2,0.0015252229565390183,clock characteristic time,response_to_clock_rate_1,clock,clock_rate,0.999491721591363,1.0,1.0,1.0.0
F2,0.001584893192461114,clock characteristic time,response_to_clock_rate_1,clock,clock_rate,0.9994718417867594,1.0,1.0,1.0.0
F2,0.0016468978654828688,clock characteristic time,response_to_clock_rate_1,clock,clock_rate,0.9994511847505186,1.0,1.0,1.0.0
F2,0.001711328304161781,clock characteristic time,response_to_clock_rate_1,clock,clock_rate,0.9994297199097899,1.0,1.0,1.0.0
F2,0.0017782794100389228,clock characteristic time,response_to_clock_rate_1,clock,clock_rate,0.9994074157814548,1.0,1.0,1.0.0
F2,0.0018478497974222907,clock characteristic time,response_to_clock_rate_1,clock,clock_rate,0.9993842396987053,1.0,1.0,1.0.0
F2,0.001920141938638801,clock characteristic time,response_to_clock_rate_1,clock,clock_rate,0.9993601575277128,1.0,1.0,1.0.0
F2,0.001995262314968879,clock characteristic time,response_to_clock_rate_1,clock,clock_rate,0.9993351337331874,1.0,1.0,1.0.0
F2,0.002073321573485954,clock characteristic time,response_to_clock_rate_1,clock,clock_rate,0.9993091315387014,1.0,1.0,1.0.0
F2,0.0021544346900318843,clock characteristic time,response_to_clock_rate_1,clock,clock_rate,0.999282112894143,1.0,1.0,1.0.0
F2,0.00223872113856834,clock characteristic time,response_to_clock_rate_1,clock,clock_rate,0.9992540380059758,1.0,1.0,1.0.0
F2,0.0023263050671536263,clock characteristic time,response_to_clock_rate_1,clock,clock_rate,0.9992248655923709,1.0,1.0,1.0.0
F2,0.0024173154808041037,clock characteristic time,response_to_clock_rate_1,clock,clock_rate,0.9991945527866255,1.0,1.0,1.0.0
F2,0.0025118864315095794,clock characteristic time,response_to_clock_rate_1,clock,clock_rate,0.999163054943894,1.0,1.0,1.0.0
F2,0.0026101572156825357,clock characteristic time,response_to_clock_rate_1,clock,clock_rate,0.9991303260539209,1.0,1.0,1.0.0
F2,0.0027122725793320298,clock characteristic time,response_to_clock_rate_1,clock,clock_rate,0.9990963177545479,1.0,1.0,1.0.0
F2,0.002818382931264455,clock characteristic time,response_to_clock_rate_1,clock,clock_rate,0.9990609802233535,1.0,1.0,1.0.0
F2,0.0029286445646252374,clock characteristic time,response_to_clock_rate_1,clock,clock_rate,0.9990242615435025,1.0,1.0,1.0.0
F2,0.003043219887107722,clock characteristic time,response_to_clock_rate_1,clock,clock_rate,0.9989861077638785,1.0,1.0,1.0.0
F2,0.0031622776601683794,clock characteristic time,response_to_clock_rate_1,clock,clock_rate,0.9989464629027429,1.0,1.0,1.0.0
F2,0.003285993247600654,clock characteristic time,response_to_clock_rate_1,clock,clock_rate,0.9989052686774693,1.0,1.0,1.0.0
F2,0.003414548873833601,clock characteristic time,response_to_clock_rate_1,clock,clock_rate,0.9988624646312955,1.0,1.0,1.0.0
F2,0.0035481338923357532,clock characteristic time,response_to_clock_rate_1,clock,clock_rate,0.9988179879362019,1.0,1.0,1.0.0
F2,0.0036869450645195733,clock characteristic time,response_to_clock_rate_1,clock,clock_rate,0.9987717733132687,1.0,1.0,1.0.0
F2,0.003831186849557289,clock characteristic time,response_to_clock_rate_1,clock,clock_rate,0.9987237529399475,1.0,1.0,1.0.0
F2,0.003981071705534973,clock characteristic time,response_to_clock_rate_1,clock,clock_rate,0.9986738563501154,1.0,1.0,1.0.0
F2,0.004136820402388507,clock characteristic time,response_to_clock_rate_1,clock,clock_rate,0.9986220103256258,1.0,1.0,1.0.0
F2,0.004298662347082277,clock characteristic time,response_to_clock_rate_1,clock,clock_rate,0.9985681388478146,1.0,1.0,1.0.0
F2,0.0044668359215096305,clock characteristic time,response_to_clock_rate_1,clock,clock_rate,0.9985121628317712,1.0,1.0,1.0.0
F2,0.004641588833612777,clock characteristic time,response_to_clock_rate_1,clock,clock_rate,0.9984540002465624,1.0,1.0,1.0.0
F2,0.004823178482239309,clock characteristic time,response_to_clock_rate_1,clock,clock_rate,0.9983935658169808,1.0,1.0,1.0.0
F2,0.005011872336272725,clock characteristic time,response_to_clock_rate_1,clock,clock_rate,0.9983307709188631,1.0,1.0,1.0.0
F2,0.005207948328595465,clock characteristic time,response_to_clock_rate_1,clock,clock_rate,0.9982655235244463,1.0,1.0,1.0.0
F2,0.0054116952654646375,clock characteristic time,response_to_clock_rate_1,clock,clock_rate,0.99819772801986,1.0,1.0,1.0.0
F2,0.005623413251903491,clock characteristic time,response_to_clock_rate_1,clock,clock_rate,0.9981272850753711,1.0,1.0,1.0.0
F2,0.005843414133735175,clock characteristic time,response_to_clock_rate_1,clock,clock_rate,0.9980540915251221,1.0,1.0,1.0.0
F2,0.006072021956909884,clock characteristic time,response_to_clock_rate_1,clock,clock_rate,0.9979780401530578,1.0,1.0,1.0.0
F2,0.006309573444801929,clock characteristic time,response_to_clock_rate_1,clock,clock_rate,0.9978990196236794,1.0,1.0,1.0.0
F2,0.006556418494179785,clock characteristic time,response_to_clock_rate_1,clock,clock_rate,0.9978169142687254,1.0,1.0,1.0.0
F2,0.006812920690579615,clock characteristic time,response_to_clock_rate_1,clock,clock_rate,0.9977316039266346,1.0,1.0,1.0.0
F2,0.00707945784384138,clock characteristic time,response_to_clock_rate_1,clock,clock_rate,0.9976429637798528,1.0,1.0,1.0.0
F2,0.007356422544596414,clock characteristic time,response_to_clock_rate_1,clock,clock_rate,0.9975508641779535,1.0,1.0,1.0.0
F2,0.007644222742526002,clock characteristic time,response_to_clock_rate_1,clock,clock_rate,0.9974551704363731,1.0,1.0,1.0.0
F2,0.007943282347242814,clock characteristic time,response_to_clock_rate_1,clock,clock_rate,0.9973557426802476,1.0,1.0,1.0.0
F2,0.008254041852680182,clock characteristic time,response_to_clock_rate_1,clock,clock_rate,0.9972524355863116,1.0,1.0,1.0.0
F2,0.008576958985908946,clock characteristic time,response_to_clock_rate_1,clock,clock_rate,0.9971450982309921,1.0,1.0,1.0.0
F2,0.008912509381337459,clock characteristic time,response_to_clock_rate_1,clock,clock_rate,0.9970335738531195,1.0,1.0,1.0.0
F2,0.009261187281287938,clock characteristic time,response_to_clock_rate_1,clock,clock_rate,0.9969176996026501,1.0,1.0,1.0.0
F2,0.009623506263980888,clock characteristic time,response_to_clock_rate_1,clock,clock_rate,0.9967973063793737,1.0,1.0,1.0.0
F2,0.01,clock characteristic time,response_to_clock_rate_1,clock,clock_rate,0.9966722185154808,1.0,1.0,1.0.0
F2,0.01039122303835169,clock characteristic time,response_to_clock_rate_1,clock,clock_rate,0.9965422535795327,1.0,1.0,1.0.0
F2,0.010797751623277093,clock characteristic time,response_to_clock_rate_1,clock,clock_rate,0.9964072220935061,1.0,1.0,1.0.0
F2,0.011220184543019636,clock characteristic time,response_to_clock_rate_1,clock,clock_rate,0.9962669272796546,1.0,1.0,1.0.0
F2,0.011659144011798317,clock characteristic time,response_to_clock_rate_1,clock,clock_rate,0.9961211647665246,1.0,1.0,1.0.0
F2,0.012115276586285882,clock characteristic time,response_to_clock_rate_1,clock,clock_rate,0.9959697223187375,1.0,1.0,1.0.0
F2,0.012589254117941675,clock characteristic time,response_to_clock_rate_1,clock,clock_rate,0.995812379524653,1.0,1.0,1.0.0
F2,0.013081774742601943,clock characteristic time,response_to_clock_rate_1,clock,clock_rate,0.9956489074973456,1.0,1.0,1.0.0
F2,0.013593563908785255,clock characteristic time,response_to_clock_rate_1,clock,clock_rate,0.9954790685499135,1.0,1.0,1.0.0
F2,0.01412537544622754,clock characteristic time,response_to_clock_rate_1,clock,clock_rate,0.9953026158575604,1.0,1.0,1.0.0
F2,0.014677992676220698,clock characteristic time,response_to_clock_rate_1,clock,clock_rate,0.9951192931308139,1.0,1.0,1.0.0
F2,0.01525222956539019,clock characteristic time,response_to_clock_rate_1,clock,clock_rate,0.9949288342359931,1.0,1.0,1.0.0
F2,0.015848931924611134,clock characteristic time,response_to_clock_rate_1,clock,clock_rate,0.9947309628524268,1.0,1.0,1.0.0
F2,0.01646897865482868,clock characteristic time,response_to_clock_rate_1,clock,clock_rate,0.9945253920632066,1.0,1.0,1.0.0
F2,0.01711328304161781,clock characteristic time,response_to_clock_rate_1,clock,clock_rate,0.9943118239780977,1.0,1.0,1.0.0
F2,0.01778279410038923,clock characteristic time,response_to_clock_rate_1,clock,clock_rate,0.9940899493174271,1.0,1.0,1.0.0
F2,0.018478497974222907,clock characteristic time,response_to_clock_rate_1,clock,clock_rate,0.9938594469861323,1.0,1.0,1.0.0
F2,0.01920141938638801,clock characteristic time,response_to_clock_rate_1,clock,clock_rate,0.9936199836371336,1.0,1.0,1.0.0
F2,0.0199526231496888,clock characteristic time,response_to_clock_rate_1,clock,clock_rate,0.9933712132135821,1.0,1.0,1.0.0
F2,0.02073321573485955,clock characteristic time,response_to_clock_rate_1,clock,clock_rate,0.9931127764795018,1.0,1.0,1.0.0
F2,0.021544346900318832,clock characteristic time,response_to_clock_rate_1,clock,clock_rate,0.992844300534238,1.0,1.0,1.0.0
F2,0.0223872113856834,clock characteristic time,response_to_clock_rate_1,clock,clock_rate,0.9925653983071123,1.0,1.0,1.0.0
F2,0.02326305067153626,clock characteristic time,response_to_clock_rate_1,clock,clock_rate,0.9922756680327462,1.0,1.0,1.0.0
F2,0.024173154808041036,clock characteristic time,response_to_clock_rate_1,clock,clock_rate,0.9919746927212236,1.0,1.0,1.0.0
F2,0.025118864315095794,clock characteristic time,response_to_clock_rate_1,clock,clock_rate,0.9916620395924632,1.0,1.0,1.0.0
F2,0.026101572156825372,clock characteristic time,response_to_clock_rate_1,clock,clock_rate,0.9913372595023598,1.0,1.0,1.0.0
F2,0.02712272579332028,clock characteristic time,response_to_clock_rate_1,clock,clock_rate,0.9909998863520866,1.0,1.0,1.0.0
F2,0.028183829312644536,clock characteristic time,response_to_clock_rate_1,clock,clock_rate,0.9906494364663772,1.0,1.0,1.0.0
F2,0.02928644564625236,clock characteristic time,response_to_clock_rate_1,clock,clock_rate,0.9902854079653032,1.0,1.0,1.0.0
F2,0.03043219887107722,clock characteristic time,response_to_clock_rate_1,clock,clock_rate,0.9899072801027612,1.0,1.0,1.0.0
F2,0.03162277660168379,clock characteristic time,response_to_clock_rate_1,clock,clock_rate,0.989514512593731,1.0,1.0,1.0.0
F2,0.03285993247600654,clock characteristic time,response_to_clock_rate_1,clock,clock_rate,0.989106544914213,1.0,1.0,1.0.0
F2,0.034145488738336005,clock characteristic time,response_to_clock_rate_1,clock,clock_rate,0.9886827955794936,1.0,1.0,1.0.0
F2,0.03548133892335755,clock characteristic time,response_to_clock_rate_1,clock,clock_rate,0.9882426614029461,1.0,1.0,1.0.0
F2,0.03686945064519575,clock characteristic time,response_to_clock_rate_1,clock,clock_rate,0.9877855167277725,1.0,1.0,1.0.0
F2,0.03831186849557287,clock characteristic time,response_to_clock_rate_1,clock,clock_rate,0.9873107126385844,1.0,1.0,1.0.0
F2,0.039810717055349734,clock characteristic time,response_to_clock_rate_1,clock,clock_rate,0.9868175761475962,1.0,1.0,1.0.0
F2,0.04136820402388507,clock characteristic time,response_to_clock_rate_1,clock,clock_rate,0.9863054093564092,1.0,1.0,1.0.0
F2,0.042986623470822764,clock characteristic time,response_to_clock_rate_1,clock,clock_rate,0.9857734885931083,1.0,1.0,1.0.0
F2,0.0446683592150963,clock characteristic time,response_to_clock_rate_1,clock,clock_rate,0.9852210635260288,1.0,1.0,1.0.0
F2,0.046415888336127795,clock characteristic time,response_to_clock_rate_1,clock,clock_rate,0.9846473562502175,1.0,1.0,1.0.0
F2,0.04823178482239307,clock characteristic time,response_to_clock_rate_1,clock,clock_rate,0.9840515603494837,1.0,1.0,1.0.0
F2,0.05011872336272722,clock characteristic time,response_to_clock_rate_1,clock,clock_rate,0.9834328399324673,1.0,1.0,1.0.0
F2,0.052079483285954624,clock characteristic time,response_to_clock_rate_1,clock,clock_rate,0.9827903286436537,1.0,1.0,1.0.0
F2,0.054116952654646375,clock characteristic time,response_to_clock_rate_1,clock,clock_rate,0.9821231286470254,1.0,1.0,1.0.0
F2,0.056234132519034905,clock characteristic time,response_to_clock_rate_1,clock,clock_rate,0.9814303095853893,1.0,1.0,1.0.0
F2,0.05843414133735175,clock characteristic time,response_to_clock_rate_1,clock,clock_rate,0.9807109075127282,1.0,1.0,1.0.0
F2,0.060720219569098836,clock characteristic time,response_to_clock_rate_1,clock,clock_rate,0.9799639238008038,1.0,1.0,1.0.0
F2,0.06309573444801933,clock characteristic time,response_to_clock_rate_1,clock,clock_rate,0.9791883240210942,1.0,1.0,1.0.0
F2,0.06556418494179789,clock characteristic time,response_to_clock_rate_1,clock,clock_rate,0.9783830368011525,1.0,1.0,1.0.0
F2,0.06812920690579612,clock characteristic time,response_to_clock_rate_1,clock,clock_rate,0.9775469526553984,1.0,1.0,1.0.0
F2,0.07079457843841377,clock characteristic time,response_to_clock_rate_1,clock,clock_rate,0.9766789227933896,1.0,1.0,1.0.0
F2,0.07356422544596414,clock characteristic time,response_to_clock_rate_1,clock,clock_rate,0.9757777579032394,1.0,1.0,1.0.0
F2,0.07644222742526002,clock characteristic time,response_to_clock_rate_1,clock,clock_rate,0.9748422269127424,1.0,1.0,1.0.0
F2,0.07943282347242814,clock characteristic time,response_to_clock_rate_1,clock,clock_rate,0.9738710557298477,1.0,1.0,1.0.0
F2,0.08254041852680186,clock characteristic time,response_to_clock_rate_1,clock,clock_rate,0.9728629259614626,1.0,1.0,1.0.0
F2,0.08576958985908942,clock characteristic time,response_to_clock_rate_1,clock,clock_rate,0.9718164736140739,1.0,1.0,1.0.0
F2,0.08912509381337455,clock characteristic time,response_to_clock_rate_1,clock,clock_rate,0.9707302877768262,1.0,1.0,1.0.0
F2,0.09261187281287933,clock characteristic time,response_to_clock_rate_1,clock,clock_rate,0.9696029092893393,1.0,1.0,1.0.0
F2,0.09623506263980887,clock characteristic time,response_to_clock_rate_1,clock,clock_rate,0.9684328293958263,1.0,1.0,1.0.0
F2,0.1,clock characteristic time,response_to_clock_rate_1,clock,clock_rate,0.9672184883885645,1.0,1.0,1.0.0
F2,0.10391223038351691,clock characteristic time,response_to_clock_rate_1,clock,clock_rate,0.9659582742429647,1.0,1.0,1.0.0
F2,0.10797751623277094,clock characteristic time,response_to_clock_rate_1,clock,clock_rate,0.9646505212474691,1.0,1.0,1.0.0
F2,0.1122018454301963,clock characteristic time,response_to_clock_rate_1,clock,clock_rate,0.9632935086317193,1.0,1.0,1.0.0
F2,0.11659144011798311,clock characteristic time,response_to_clock_rate_1,clock,clock_rate,0.9618854591967546,1.0,1.0,1.0.0
F2,0.12115276586285889,clock characteristic time,response_to_clock_rate_1,clock,clock_rate,0.9604245379511402,1.0,1.0,1.0.0
F2,0.12589254117941676,clock characteristic time,response_to_clock_rate_1,clock,clock_rate,0.9589088507584315,1.0,1.0,1.0.0
F2,0.13081774742601943,clock characteristic time,response_to_clock_rate_1,clock,clock_rate,0.9573364430002453,1.0,1.0,1.0.0
F2,0.13593563908785256,clock characteristic time,response_to_clock_rate_1,clock,clock_rate,0.955705298261314,1.0,1.0,1.0.0
F2,0.1412537544622754,clock characteristic time,response_to_clock_rate_1,clock,clock_rate,0.9540133370425047,1.0,1.0,1.0.0
F2,0.1467799267622069,clock characteristic time,response_to_clock_rate_1,clock,clock_rate,0.9522584155086634,1.0,1.0,1.0.0
F2,0.15252229565390182,clock characteristic time,response_to_clock_rate_1,clock,clock_rate,0.9504383242789785,1.0,1.0,1.0.0
F2,0.1584893192461114,clock characteristic time,response_to_clock_rate_1,clock,clock_rate,0.9485507872679835,1.0,1.0,1.0.0
F2,0.1646897865482869,clock characteristic time,response_to_clock_rate_1,clock,clock_rate,0.946593460586293,1.0,1.0,1.0.0
F2,0.1711328304161781,clock characteristic time,response_to_clock_rate_1,clock,clock_rate,0.9445639315107817,1.0,1.0,1.0.0
F2,0.1778279410038923,clock characteristic time,response_to_clock_rate_1,clock,clock_rate,0.9424597175352928,1.0,1.0,1.0.0
F2,0.18478497974222907,clock characteristic time,response_to_clock_rate_1,clock,clock_rate,0.9402782655128316,1.0,1.0,1.0.0
F2,0.1920141938638801,clock characteristic time,response_to_clock_rate_1,clock,clock_rate,0.9380169509026408,1.0,1.0,1.0.0
F2,0.19952623149688786,clock characteristic time,response_to_clock_rate_1,clock,clock_rate,0.93567307713526,1.0,1.0,1.0.0
F2,0.2073321573485954,clock characteristic time,response_to_clock_rate_1,clock,clock_rate,0.9332438751106712,1.0,1.0,1.0.0
F2,0.21544346900318845,clock characteristic time,response_to_clock_rate_1,clock,clock_rate,0.930726502845446,1.0,1.0,1.0.0
F2,0.223872113856834,clock characteristic time,response_to_clock_rate_1,clock,clock_rate,0.9281180452862368,1.0,1.0,1.0.0
F2,0.23263050671536262,clock characteristic time,response_to_clock_rate_1,clock,clock_rate,0.9254155143080444,1.0,1.0,1.0.0
F2,0.24173154808041036,clock characteristic time,response_to_clock_rate_1,clock,clock_rate,0.922615848917463,1.0,1.0,1.0.0
F2,0.25118864315095796,clock characteristic time,response_to_clock_rate_1,clock,clock_rate,0.9197159156822061,1.0,1.0,1.0.0
F2,0.2610157215682536,clock characteristic time,response_to_clock_rate_1,clock,clock_rate,0.9167125094101808,1.0,1.0,1.0.0
F2,0.2712272579332027,clock characteristic time,response_to_clock_rate_1,clock,clock_rate,0.9136023541025466,1.0,1.0,1.0.0
F2,0.2818382931264455,clock characteristic time,response_to_clock_rate_1,clock,clock_rate,0.9103821042072284,1.0,1.0,1.0.0
F2,0.29286445646252374,clock characteristic time,response_to_clock_rate_1,clock,clock_rate,0.9070483462011214,1.0,1.0,1.0.0
F2,0.3043219887107722,clock characteristic time,response_to_clock_rate_1,clock,clock_rate,0.9035976005307887,1.0,1.0,1.0.0
F2,0.31622776601683794,clock characteristic time,response_to_clock_rate_1,clock,clock_rate,0.9000263239435833,1.0,1.0,1.0.0
F2,0.3285993247600654,clock characteristic time,response_to_clock_rate_1,clock,clock_rate,0.896330912243059,1.0,1.0,1.0.0
F2,0.34145488738336005,clock characteristic time,response_to_clock_rate_1,clock,clock_rate,0.8925077035043768,1.0,1.0,1.0.0
F2,0.3548133892335753,clock characteristic time,response_to_clock_rate_1,clock,clock_rate,0.8885529817875778,1.0,1.0,1.0.0
F2,0.36869450645195734,clock characteristic time,response_to_clock_rate_1,clock,clock_rate,0.8844629813885272,1.0,1.0,1.0.0
F2,0.38311868495572887,clock characteristic time,response_to_clock_rate_1,clock,clock_rate,0.88023389166948,1.0,1.0,1.0.0
F2,0.3981071705534973,clock characteristic time,response_to_clock_rate_1,clock,clock_rate,0.8758618625131002,1.0,1.0,1.0.0
F2,0.4136820402388507,clock characteristic time,response_to_clock_rate_1,clock,clock_rate,0.871343010445874,1.0,1.0,1.0.0
F2,0.42986623470822766,clock characteristic time,response_to_clock_rate_1,clock,clock_rate,0.8666734254786649,1.0,1.0,1.0.0
F2,0.44668359215096304,clock characteristic time,response_to_clock_rate_1,clock,clock_rate,0.8618491787140112,1.0,1.0,1.0.0
F2,0.46415888336127775,clock characteristic time,response_to_clock_rate_1,clock,clock_rate,0.8568663307713869,1.0,1.0,1.0.0
F2,0.4823178482239304,clock characteristic time,response_to_clock_rate_1,clock,clock_rate,0.851720941083114,1.0,1.0,1.0.0
F2,0.5011872336272725,clock characteristic time,response_to_clock_rate_1,clock,clock_rate,0.846409078114871,1.0,1.0,1.0.0
F2,0.5207948328595465,clock characteristic time,response_to_clock_rate_1,clock,clock_rate,0.8409268305656208,1.0,1.0,1.0.0
F2,0.5411695265464638,clock characteristic time,response_to_clock_rate_1,clock,clock_rate,0.8352703196023502,1.0,1.0,1.0.0
F2,0.5623413251903491,clock characteristic time,response_to_clock_rate_1,clock,clock_rate,0.8294357121851522,1.0,1.0,1.0.0
F2,0.5843414133735175,clock characteristic time,response_to_clock_rate_1,clock,clock_rate,0.8234192355377561,1.0,1.0,1.0.0
F2,0.6072021956909883,clock characteristic time,response_to_clock_rate_1,clock,clock_rate,0.8172171928175453,1.0,1.0,1.0.0
F2,0.630957344480193,clock characteristic time,response_to_clock_rate_1,clock,clock_rate,0.8108259800373997,1.0,1.0,1.0.0
F2,0.6556418494179785,clock characteristic time,response_to_clock_rate_1,clock,clock_rate,0.8042421042890217,1.0,1.0,1.0.0
F2,0.6812920690579615,clock characteristic time,response_to_clock_rate_1,clock,clock_rate,0.7974622033138844,1.0,1.0,1.0.0
F2,0.707945784384138,clock characteristic time,response_to_clock_rate_1,clock,clock_rate,0.7904830664631763,1.0,1.0,1.0.0
F2,0.7356422544596414,clock characteristic time,response_to_clock_rate_1,clock,clock_rate,0.7833016570821807,1.0,1.0,1.0.0
F2,0.7644222742526002,clock characteristic time,response_to_clock_rate_1,clock,clock_rate,0.775915136347124,1.0,1.0,1.0.0
F2,0.7943282347242814,clock characteristic time,response_to_clock_rate_1,clock,clock_rate,0.768320888573456,1.0,1.0,1.0.0
F2,0.8254041852680182,clock characteristic time,response_to_clock_rate_1,clock,clock_rate,0.7605165480037631,1.0,1.0,1.0.0
F2,0.8576958985908937,clock characteristic time,response_to_clock_rate_1,clock,clock_rate,0.7525000270706523,1.0,1.0,1.0.0
F2,0.8912509381337459,clock characteristic time,response_to_clock_rate_1,clock,clock_rate,0.744269546114972,1.0,1.0,1.0.0
F2,0.9261187281287937,clock characteristic time,response_to_clock_rate_1,clock,clock_rate,0.7358236645222843,1.0,1.0,1.0.0
F2,0.9623506263980888,clock characteristic time,response_to_clock_rate_1,clock,clock_rate,0.7271613132205363,1.0,1.0,1.0.0
F2,1.0,clock characteristic time,response_to_clock_rate_1,clock,clock_rate,0.7182818284590451,1.0,1.0,1.0.0
F2,1.0391223038351691,clock characteristic time,response_to_clock_rate_1,clock,clock_rate,0.7091849867631445,1.0,1.0,1.0.0
F2,1.0797751623277094,clock characteristic time,response_to_clock_rate_1,clock,clock_rate,0.699871040929933,1.0,1.0,1.0.0
F2,1.122018454301963,clock characteristic time,response_to_clock_rate_1,clock,clock_rate,0.6903407568983789,1.0,1.0,1.0.0
F2,1.165914401179831,clock characteristic time,response_to_clock_rate_1,clock,clock_rate,0.6805954512915552,1.0,1.0,1.0.0
F2,1.2115276586285888,clock characteristic time,response_to_clock_rate_1,clock,clock_rate,0.6706370293898846,1.0,1.0,1.0.0
F2,1.2589254117941675,clock characteristic time,response_to_clock_rate_1,clock,clock_rate,0.6604680232521161,1.0,1.0,1.0.0
F2,1.3081774742601942,clock characteristic time,response_to_clock_rate_1,clock,clock_rate,0.6500916296554294,1.0,1.0,1.0.0
F2,1.3593563908785256,clock characteristic time,response_to_clock_rate_1,clock,clock_rate,0.6395117474778246,1.0,1.0,1.0.0
F2,1.412537544622754,clock characteristic time,response_to_clock_rate_1,clock,clock_rate,0.6287330140952377,1.0,1.0,1.0.0
F2,1.467799267622069,clock characteristic time,response_to_clock_rate_1,clock,clock_rate,0.6177608403131748,1.0,1.0,1.0.0
F2,1.5252229565390183,clock characteristic time,response_to_clock_rate_1,clock,clock_rate,0.6066014432987893,1.0,1.0,1.0.0
F2,1.584893192461114,clock characteristic time,response_to_clock_rate_1,clock,clock_rate,0.5952618769252598,1.0,1.0,1.0.0
F2,1.6468978654828688,clock characteristic time,response_to_clock_rate_1,clock,clock_rate,0.5837500588871991,1.0,1.0,1.0.0
F2,1.711328304161781,clock characteristic time,response_to_clock_rate_1,clock,clock_rate,0.5720747938951054,1.0,1.0,1.0.0
F2,1.7782794100389228,clock characteristic time,response_to_clock_rate_1,clock,clock_rate,0.5602457922102999,1.0,1.0,1.0.0
F2,1.8478497974222907,clock characteristic time,response_to_clock_rate_1,clock,clock_rate,0.5482736827413427,1.0,1.0,1.0.0
F2,1.920141938638801,clock characteristic time,response_to_clock_rate_1,clock,clock_rate,0.5361700198909324,1.0,1.0,1.0.0
F2,1.9952623149688788,clock characteristic time,response_to_clock_rate_1,clock,clock_rate,0.5239472833212968,1.0,1.0,1.0.0
F2,2.073321573485954,clock characteristic time,response_to_clock_rate_1,clock,clock_rate,0.5116188697989265,1.0,1.0,1.0.0
F2,2.1544346900318843,clock characteristic time,response_to_clock_rate_1,clock,clock_rate,0.499199076289178,1.0,1.0,1.0.0
F2,2.23872113856834,clock characteristic time,response_to_clock_rate_1,clock,clock_rate,0.4867030735009607,1.0,1.0,1.0.0
F2,2.3263050671536263,clock characteristic time,response_to_clock_rate_1,clock,clock_rate,0.4741468691345595,1.0,1.0,1.0.0
F2,2.4173154808041035,clock characteristic time,response_to_clock_rate_1,clock,clock_rate,0.4615472601647681,1.0,1.0,1.0.0
F2,2.5118864315095797,clock characteristic time,response_to_clock_rate_1,clock,clock_rate,0.44892177359969065,1.0,1.0,1.0.0
F2,2.610157215682536,clock characteristic time,response_to_clock_rate_1,clock,clock_rate,0.43628859529524827,1.0,1.0,1.0.0
F2,2.712272579332027,clock characteristic time,response_to_clock_rate_1,clock,clock_rate,0.42366648657827605,1.0,1.0,1.0.0
F2,2.818382931264452,clock characteristic time,response_to_clock_rate_1,clock,clock_rate,0.41107468863794133,1.0,1.0,1.0.0
F2,2.9286445646252375,clock characteristic time,response_to_clock_rate_1,clock,clock_rate,0.3985328148856782,1.0,1.0,1.0.0
F2,3.043219887107722,clock characteristic time,response_to_clock_rate_1,clock,clock_rate,0.3860607317560997,1.0,1.0,1.0.0
F2,3.1622776601683795,clock characteristic time,response_to_clock_rate_1,clock,clock_rate,0.3736784287218831,1.0,1.0,1.0.0
F2,3.285993247600654,clock characteristic time,response_to_clock_rate_1,clock,clock_rate,0.3614058786190544,1.0,1.0,1.0.0
F2,3.4145488738336005,clock characteristic time,response_to_clock_rate_1,clock,clock_rate,0.34926288971781905,1.0,1.0,1.0.0
F2,3.5481338923357533,clock characteristic time,response_to_clock_rate_1,clock,clock_rate,0.33726895131854273,1.0,1.0,1.0.0
F2,3.6869450645195734,clock characteristic time,response_to_clock_rate_1,clock,clock_rate,0.3254430749908062,1.0,1.0,1.0.0
F2,3.831186849557289,clock characteristic time,response_to_clock_rate_1,clock,clock_rate,0.3138036338920342,1.0,1.0,1.0.0
F2,3.981071705534973,clock characteristic time,response_to_clock_rate_1,clock,clock_rate,0.3023682028857185,1.0,1.0,1.0.0
F2,4.136820402388507,clock characteristic time,response_to_clock_rate_1,clock,clock_rate,0.2911534024114844,1.0,1.0,1.0.0
F2,4.298662347082277,clock characteristic time,response_to_clock_rate_1,clock,clock_rate,0.2801747492236562,1.0,1.0,1.0.0
F2,4.46683592150963,clock characteristic time,response_to_clock_rate_1,clock,clock_rate,0.2694465171956301,1.0,1.0,1.0.0
F2,4.6415888336127775,clock characteristic time,response_to_clock_rate_1,clock,clock_rate,0.25898161137010745,1.0,1.0,1.0.0
F2,4.823178482239304,clock characteristic time,response_to_clock_rate_1,clock,clock_rate,0.24879145830873828,1.0,1.0,1.0.0
F2,5.011872336272719,clock characteristic time,response_to_clock_rate_1,clock,clock_rate,0.23888591555169697,1.0,1.0,1.0.0
F2,5.207948328595465,clock characteristic time,response_to_clock_rate_1,clock,clock_rate,0.22927320263605613,1.0,1.0,1.0.0
F2,5.411695265464638,clock characteristic time,response_to_clock_rate_1,clock,clock_rate,0.2199598556454928,1.0,1.0,1.0.0
F2,5.62341325190349,clock characteristic time,response_to_clock_rate_1,clock,clock_rate,0.21095070668351124,1.0,1.0,1.0.0
F2,5.843414133735175,clock characteristic time,response_to_clock_rate_1,clock,clock_rate,0.20224888899560137,1.0,1.0,1.0.0
F2,6.072021956909884,clock characteristic time,response_to_clock_rate_1,clock,clock_rate,0.1938558677367505,1.0,1.0,1.0.0
F2,6.30957344480193,clock characteristic time,response_to_clock_rate_1,clock,clock_rate,0.18577149561953002,1.0,1.0,1.0.0
F2,6.556418494179785,clock characteristic time,response_to_clock_rate_1,clock,clock_rate,0.17799409191895396,1.0,1.0,1.0.0
F2,6.812920690579615,clock characteristic time,response_to_clock_rate_1,clock,clock_rate,0.17052054259031682,1.0,1.0,1.0.0
F2,7.07945784384138,clock characteristic time,response_to_clock_rate_1,clock,clock_rate,0.16334641861221755,1.0,1.0,1.0.0
F2,7.3564225445964135,clock characteristic time,response_to_clock_rate_1,clock,clock_rate,0.15646610913345732,1.0,1.0,1.0.0
F2,7.644222742526002,clock characteristic time,response_to_clock_rate_1,clock,clock_rate,0.14987296560885044,1.0,1.0,1.0.0
F2,7.943282347242813,clock characteristic time,response_to_clock_rate_1,clock,clock_rate,0.1435594528770778,1.0,1.0,1.0.0
F2,8.254041852680182,clock characteristic time,response_to_clock_rate_1,clock,clock_rate,0.13751730307596968,1.0,1.0,1.0.0
F2,8.576958985908938,clock characteristic time,response_to_clock_rate_1,clock,clock_rate,0.13173766840870615,1.0,1.0,1.0.0
F2,8.91250938133745,clock characteristic time,response_to_clock_rate_1,clock,clock_rate,0.12621126905893162,1.0,1.0,1.0.0
F2,9.261187281287937,clock characteristic time,response_to_clock_rate_1,clock,clock_rate,0.12092853298364743,1.0,1.0,1.0.0
F2,9.623506263980888,clock characteristic time,response_to_clock_rate_1,clock,clock_rate,0.11587972486081069,1.0,1.0,1.0.0
F2,10.0,clock characteristic time,response_to_clock_rate_1,clock,clock_rate,0.11105506209784374,1.0,1.0,1.0.0
F2,10.39122303835169,clock characteristic time,response_to_clock_rate_1,clock,clock_rate,0.10644481647785325,1.0,1.0,1.0.0
F2,10.797751623277094,clock characteristic time,response_to_clock_rate_1,clock,clock_rate,0.10203940069169927,1.0,1.0,1.0.0
F2,11.220184543019629,clock characteristic time,response_to_clock_rate_1,clock,clock_rate,0.09782943963814265,1.0,1.0,1.0.0
F2,11.659144011798311,clock characteristic time,response_to_clock_rate_1,clock,clock_rate,0.0938058269385691,1.0,1.0,1.0.0
F2,12.115276586285876,clock characteristic time,response_to_clock_rate_1,clock,clock_rate,0.08995976758239695,1.0,1.0,1.0.0
F2,12.589254117941662,clock characteristic time,response_to_clock_rate_1,clock,clock_rate,0.08628280797848399,1.0,1.0,1.0.0
F2,13.081774742601928,clock characteristic time,response_to_clock_rate_1,clock,clock_rate,0.08276685493049518,1.0,1.0,1.0.0
F2,13.593563908785242,clock characteristic time,response_to_clock_rate_1,clock,clock_rate,0.07940418518317909,1.0,1.0,1.0.0
F2,14.125375446227554,clock characteristic time,response_to_clock_rate_1,clock,clock_rate,0.07618744721247905,1.0,1.0,1.0.0
F2,14.677992676220706,clock characteristic time,response_to_clock_rate_1,clock,clock_rate,0.07310965687185265,1.0,1.0,1.0.0
F2,15.252229565390198,clock characteristic time,response_to_clock_rate_1,clock,clock_rate,0.07016418838011249,1.0,1.0,1.0.0
F2,15.848931924611142,clock characteristic time,response_to_clock_rate_1,clock,clock_rate,0.0673447619638449,1.0,1.0,1.0.0
F2,16.46897865482869,clock characteristic time,response_to_clock_rate_1,clock,clock_rate,0.06464542927045644,1.0,1.0,1.0.0
F2,17.11328304161781,clock characteristic time,response_to_clock_rate_1,clock,clock_rate,0.06206055746417557,1.0,1.0,1.0.0
F2,17.78279410038923,clock characteristic time,response_to_clock_rate_1,clock,clock_rate,0.0595848127213268,1.0,1.0,1.0.0
F2,18.478497974222908,clock characteristic time,response_to_clock_rate_1,clock,clock_rate,0.0572131436632807,1.0,1.0,1.0.0
F2,19.20141938638801,clock characteristic time,response_to_clock_rate_1,clock,clock_rate,0.05494076511198038,1.0,1.0,1.0.0
F2,19.952623149688787,clock characteristic time,response_to_clock_rate_1,clock,clock_rate,0.052763142426568536,1.0,1.0,1.0.0
F2,20.73321573485954,clock characteristic time,response_to_clock_rate_1,clock,clock_rate,0.05067597658020024,1.0,1.0,1.0.0
F2,21.54434690031882,clock characteristic time,response_to_clock_rate_1,clock,clock_rate,0.048675190061386216,1.0,1.0,1.0.0
F2,22.38721138568338,clock characteristic time,response_to_clock_rate_1,clock,clock_rate,0.046756913630695944,1.0,1.0,1.0.0
F2,23.263050671536238,clock characteristic time,response_to_clock_rate_1,clock,clock_rate,0.044917473927372664,1.0,1.0,1.0.0
F2,24.173154808041012,clock characteristic time,response_to_clock_rate_1,clock,clock_rate,0.04315338189741893,1.0,1.0,1.0.0
F2,25.11886431509582,clock characteristic time,response_to_clock_rate_1,clock,clock_rate,0.041461322001447275,1.0,1.0,1.0.0
F2,26.101572156825384,clock characteristic time,response_to_clock_rate_1,clock,clock_rate,0.03983814215408873,1.0,1.0,1.0.0
F2,27.122725793320296,clock characteristic time,response_to_clock_rate_1,clock,clock_rate,0.03828084434469271,1.0,1.0,1.0.0
F2,28.183829312644548,clock characteristic time,response_to_clock_rate_1,clock,clock_rate,0.036786575889734524,1.0,1.0,1.0.0
F2,29.28644564625237,clock characteristic time,response_to_clock_rate_1,clock,clock_rate,0.03535262126956897,1.0,1.0,1.0.0
F2,30.432198871077222,clock characteristic time,response_to_clock_rate_1,clock,clock_rate,0.033976394505161496,1.0,1.0,1.0.0
F2,31.622776601683793,clock characteristic time,response_to_clock_rate_1,clock,clock_rate,0.03265543203369782,1.0,1.0,1.0.0
F2,32.85993247600654,clock characteristic time,response_to_clock_rate_1,clock,clock_rate,0.031387386045243826,1.0,1.0,1.0.0
F2,34.145488738336006,clock characteristic time,response_to_clock_rate_1,clock,clock_rate,0.030170018245751495,1.0,1.0,1.0.0
F2,35.481338923357534,clock characteristic time,response_to_clock_rate_1,clock,clock_rate,0.02900119401461494,1.0,1.0,1.0.0
F2,36.869450645195734,clock characteristic time,response_to_clock_rate_1,clock,clock_rate,0.0278788769276547,1.0,1.0,1.0.0
F2,38.31186849557285,clock characteristic time,response_to_clock_rate_1,clock,clock_rate,0.026801123618846682,1.0,1.0,1.0.0
F2,39.81071705534969,clock characteristic time,response_to_clock_rate_1,clock,clock_rate,0.025766078956331963,1.0,1.0,1.0.0
F2,41.36820402388503,clock characteristic time,response_to_clock_rate_1,clock,clock_rate,0.024771971510258936,1.0,1.0,1.0.0
F2,42.98662347082272,clock characteristic time,response_to_clock_rate_1,clock,clock_rate,0.02381710929184192,1.0,1.0,1.0.0
F2,44.668359215096345,clock characteristic time,response_to_clock_rate_1,clock,clock_rate,0.022899875744685536,1.0,1.0,1.0.0
F2,46.41588833612782,clock characteristic time,response_to_clock_rate_1,clock,clock_rate,0.022018725970939804,1.0,1.0,1.0.0
F2,48.23178482239309,clock characteristic time,response_to_clock_rate_1,clock,clock_rate,0.021172183176230288,1.0,1.0,1.0.0
F2,50.118723362727245,clock characteristic time,response_to_clock_rate_1,clock,clock_rate,0.020358835318566727,1.0,1.0,1.0.0
F2,52.07948328595465,clock characteristic time,response_to_clock_rate_1,clock,clock_rate,0.019577331947580025,1.0,1.0,1.0.0
F2,54.116952654646376,clock characteristic time,response_to_clock_rate_1,clock,clock_rate,0.018826381221486086,1.0,1.0,1.0.0
F2,56.23413251903491,clock characteristic time,response_to_clock_rate_1,clock,clock_rate,0.01810474709013268,1.0,1.0,1.0.0
F2,58.434141337351754,clock characteristic time,response_to_clock_rate_1,clock,clock_rate,0.017411246633361948,1.0,1.0,1.0.0
F2,60.72021956909884,clock characteristic time,response_to_clock_rate_1,clock,clock_rate,0.016744747544723233,1.0,1.0,1.0.0
F2,63.0957344480193,clock characteristic time,response_to_clock_rate_1,clock,clock_rate,0.016104165751306247,1.0,1.0,1.0.0
F2,65.56418494179785,clock characteristic time,response_to_clock_rate_1,clock,clock_rate,0.01548846316113898,1.0,1.0,1.0.0
F2,68.12920690579608,clock characteristic time,response_to_clock_rate_1,clock,clock_rate,0.014896645530213434,1.0,1.0,1.0.0
F2,70.79457843841374,clock characteristic time,response_to_clock_rate_1,clock,clock_rate,0.014327760441771182,1.0,1.0,1.0.0
F2,73.56422544596406,clock characteristic time,response_to_clock_rate_1,clock,clock_rate,0.013780895391003155,1.0,1.0,1.0.0
F2,76.44222742525994,clock characteristic time,response_to_clock_rate_1,clock,clock_rate,0.013255175968799337,1.0,1.0,1.0.0
F2,79.43282347242821,clock characteristic time,response_to_clock_rate_1,clock,clock_rate,0.012749764138626656,1.0,1.0,1.0.0
F2,82.5404185268019,clock characteristic time,response_to_clock_rate_1,clock,clock_rate,0.012263856601021802,1.0,1.0,1.0.0
F2,85.76958985908946,clock characteristic time,response_to_clock_rate_1,clock,clock_rate,0.011796683240561585,1.0,1.0,1.0.0
F2,89.12509381337459,clock characteristic time,response_to_clock_rate_1,clock,clock_rate,0.011347505650521438,1.0,1.0,1.0.0
F2,92.61187281287937,clock characteristic time,response_to_clock_rate_1,clock,clock_rate,0.010915615730752901,1.0,1.0,1.0.0
F2,96.23506263980887,clock characteristic time,response_to_clock_rate_1,clock,clock_rate,0.010500334354607687,1.0,1.0,1.0.0
F2,100.0,clock characteristic time,response_to_clock_rate_1,clock,clock_rate,0.010101010101010102,1.0,1.0,1.0.0
F2,0.001,clock characteristic time,response_to_clock_rate_1,response,response_rate,0.9996667222185182,1.0,1.0,1.0.0
F2,0.001039122303835169,clock characteristic time,response_to_clock_rate_1,response,response_rate,0.9996536860645666,1.0,1.0,1.0.0
F2,0.0010797751623277093,clock characteristic time,response_to_clock_rate_1,response,response_rate,0.99964013963518,1.0,1.0,1.0.0
F2,0.001122018454301963,clock characteristic time,response_to_clock_rate_1,response,response_rate,0.9996260637894698,1.0,1.0,1.0.0
F2,0.0011659144011798323,clock characteristic time,response_to_clock_rate_1,response,response_rate,0.9996114374873651,1.0,1.0,1.0.0
F2,0.001211527658628589,clock characteristic time,response_to_clock_rate_1,response,response_rate,0.9995962388405651,1.0,1.0,1.0.0
F2,0.0012589254117941675,clock characteristic time,response_to_clock_rate_1,response,response_rate,0.9995804463652297,1.0,1.0,1.0.0
F2,0.0013081774742601943,clock characteristic time,response_to_clock_rate_1,response,response_rate,0.999564035861769,1.0,1.0,1.0.0
F2,0.0013593563908785254,clock characteristic time,response_to_clock_rate_1,response,response_rate,0.9995469839773949,1.0,1.0,1.0.0
F2,0.001412537544622754,clock characteristic time,response_to_clock_rate_1,response,response_rate,0.999529264923917,1.0,1.0,1.0.0
F2,0.001467799267622069,clock characteristic time,response_to_clock_rate_1,response,response_rate,0.9995108533103079,1.0,1.0,1.0.0
F2,0.0015252229565390183,clock characteristic time,response_to_clock_rate_1,response,response_rate,0.999491721591363,1.0,1.0,1.0.0
F2,0.001584893192461114,clock characteristic time,response_to_clock_rate_1,response,response_rate,0.9994718417867594,1.0,1.0,1.0.0
F2,0.0016468978654828688,clock characteristic time,response_to_clock_rate_1,response,response_rate,0.9994511847505186,1.0,1.0,1.0.0
F2,0.001711328304161781,clock characteristic time,response_to_clock_rate_1,response,response_rate,0.9994297199097899,1.0,1.0,1.0.0
F2,0.0017782794100389228,clock characteristic time,response_to_clock_rate_1,response,response_rate,0.9994074157814548,1.0,1.0,1.0.0
F2,0.0018478497974222907,clock characteristic time,response_to_clock_rate_1,response,response_rate,0.9993842396987053,1.0,1.0,1.0.0
F2,0.001920141938638801,clock characteristic time,response_to_clock_rate_1,response,response_rate,0.9993601575277128,1.0,1.0,1.0.0
F2,0.001995262314968879,clock characteristic time,response_to_clock_rate_1,response,response_rate,0.9993351337331874,1.0,1.0,1.0.0
F2,0.002073321573485954,clock characteristic time,response_to_clock_rate_1,response,response_rate,0.9993091315387014,1.0,1.0,1.0.0
F2,0.0021544346900318843,clock characteristic time,response_to_clock_rate_1,response,response_rate,0.999282112894143,1.0,1.0,1.0.0
F2,0.00223872113856834,clock characteristic time,response_to_clock_rate_1,response,response_rate,0.9992540380059758,1.0,1.0,1.0.0
F2,0.0023263050671536263,clock characteristic time,response_to_clock_rate_1,response,response_rate,0.9992248655923709,1.0,1.0,1.0.0
F2,0.0024173154808041037,clock characteristic time,response_to_clock_rate_1,response,response_rate,0.9991945527866255,1.0,1.0,1.0.0
F2,0.0025118864315095794,clock characteristic time,response_to_clock_rate_1,response,response_rate,0.999163054943894,1.0,1.0,1.0.0
F2,0.0026101572156825357,clock characteristic time,response_to_clock_rate_1,response,response_rate,0.9991303260539209,1.0,1.0,1.0.0
F2,0.0027122725793320298,clock characteristic time,response_to_clock_rate_1,response,response_rate,0.9990963177545479,1.0,1.0,1.0.0
F2,0.002818382931264455,clock characteristic time,response_to_clock_rate_1,response,response_rate,0.9990609802233535,1.0,1.0,1.0.0
F2,0.0029286445646252374,clock characteristic time,response_to_clock_rate_1,response,response_rate,0.9990242615435025,1.0,1.0,1.0.0
F2,0.003043219887107722,clock characteristic time,response_to_clock_rate_1,response,response_rate,0.9989861077638785,1.0,1.0,1.0.0
F2,0.0031622776601683794,clock characteristic time,response_to_clock_rate_1,response,response_rate,0.9989464629027429,1.0,1.0,1.0.0
F2,0.003285993247600654,clock characteristic time,response_to_clock_rate_1,response,response_rate,0.9989052686774693,1.0,1.0,1.0.0
F2,0.003414548873833601,clock characteristic time,response_to_clock_rate_1,response,response_rate,0.9988624646312955,1.0,1.0,1.0.0
F2,0.0035481338923357532,clock characteristic time,response_to_clock_rate_1,response,response_rate,0.9988179879362019,1.0,1.0,1.0.0
F2,0.0036869450645195733,clock characteristic time,response_to_clock_rate_1,response,response_rate,0.9987717733132687,1.0,1.0,1.0.0
F2,0.003831186849557289,clock characteristic time,response_to_clock_rate_1,response,response_rate,0.9987237529399475,1.0,1.0,1.0.0
F2,0.003981071705534973,clock characteristic time,response_to_clock_rate_1,response,response_rate,0.9986738563501154,1.0,1.0,1.0.0
F2,0.004136820402388507,clock characteristic time,response_to_clock_rate_1,response,response_rate,0.9986220103256258,1.0,1.0,1.0.0
F2,0.004298662347082277,clock characteristic time,response_to_clock_rate_1,response,response_rate,0.9985681388478146,1.0,1.0,1.0.0
F2,0.0044668359215096305,clock characteristic time,response_to_clock_rate_1,response,response_rate,0.9985121628317712,1.0,1.0,1.0.0
F2,0.004641588833612777,clock characteristic time,response_to_clock_rate_1,response,response_rate,0.9984540002465624,1.0,1.0,1.0.0
F2,0.004823178482239309,clock characteristic time,response_to_clock_rate_1,response,response_rate,0.9983935658169808,1.0,1.0,1.0.0
F2,0.005011872336272725,clock characteristic time,response_to_clock_rate_1,response,response_rate,0.9983307709188631,1.0,1.0,1.0.0
F2,0.005207948328595465,clock characteristic time,response_to_clock_rate_1,response,response_rate,0.9982655235244463,1.0,1.0,1.0.0
F2,0.0054116952654646375,clock characteristic time,response_to_clock_rate_1,response,response_rate,0.99819772801986,1.0,1.0,1.0.0
F2,0.005623413251903491,clock characteristic time,response_to_clock_rate_1,response,response_rate,0.9981272850753711,1.0,1.0,1.0.0
F2,0.005843414133735175,clock characteristic time,response_to_clock_rate_1,response,response_rate,0.9980540915251221,1.0,1.0,1.0.0
F2,0.006072021956909884,clock characteristic time,response_to_clock_rate_1,response,response_rate,0.9979780401530578,1.0,1.0,1.0.0
F2,0.006309573444801929,clock characteristic time,response_to_clock_rate_1,response,response_rate,0.9978990196236794,1.0,1.0,1.0.0
F2,0.006556418494179785,clock characteristic time,response_to_clock_rate_1,response,response_rate,0.9978169142687254,1.0,1.0,1.0.0
F2,0.006812920690579615,clock characteristic time,response_to_clock_rate_1,response,response_rate,0.9977316039266346,1.0,1.0,1.0.0
F2,0.00707945784384138,clock characteristic time,response_to_clock_rate_1,response,response_rate,0.9976429637798528,1.0,1.0,1.0.0
F2,0.007356422544596414,clock characteristic time,response_to_clock_rate_1,response,response_rate,0.9975508641779535,1.0,1.0,1.0.0
F2,0.007644222742526002,clock characteristic time,response_to_clock_rate_1,response,response_rate,0.9974551704363731,1.0,1.0,1.0.0
F2,0.007943282347242814,clock characteristic time,response_to_clock_rate_1,response,response_rate,0.9973557426802476,1.0,1.0,1.0.0
F2,0.008254041852680182,clock characteristic time,response_to_clock_rate_1,response,response_rate,0.9972524355863116,1.0,1.0,1.0.0
F2,0.008576958985908946,clock characteristic time,response_to_clock_rate_1,response,response_rate,0.9971450982309921,1.0,1.0,1.0.0
F2,0.008912509381337459,clock characteristic time,response_to_clock_rate_1,response,response_rate,0.9970335738531195,1.0,1.0,1.0.0
F2,0.009261187281287938,clock characteristic time,response_to_clock_rate_1,response,response_rate,0.9969176996026501,1.0,1.0,1.0.0
F2,0.009623506263980888,clock characteristic time,response_to_clock_rate_1,response,response_rate,0.9967973063793737,1.0,1.0,1.0.0
F2,0.01,clock characteristic time,response_to_clock_rate_1,response,response_rate,0.9966722185154808,1.0,1.0,1.0.0
F2,0.01039122303835169,clock characteristic time,response_to_clock_rate_1,response,response_rate,0.9965422535795327,1.0,1.0,1.0.0
F2,0.010797751623277093,clock characteristic time,response_to_clock_rate_1,response,response_rate,0.9964072220935061,1.0,1.0,1.0.0
F2,0.011220184543019636,clock characteristic time,response_to_clock_rate_1,response,response_rate,0.9962669272796546,1.0,1.0,1.0.0
F2,0.011659144011798317,clock characteristic time,response_to_clock_rate_1,response,response_rate,0.9961211647665246,1.0,1.0,1.0.0
F2,0.012115276586285882,clock characteristic time,response_to_clock_rate_1,response,response_rate,0.9959697223187375,1.0,1.0,1.0.0
F2,0.012589254117941675,clock characteristic time,response_to_clock_rate_1,response,response_rate,0.995812379524653,1.0,1.0,1.0.0
F2,0.013081774742601943,clock characteristic time,response_to_clock_rate_1,response,response_rate,0.9956489074973456,1.0,1.0,1.0.0
F2,0.013593563908785255,clock characteristic time,response_to_clock_rate_1,response,response_rate,0.9954790685499135,1.0,1.0,1.0.0
F2,0.01412537544622754,clock characteristic time,response_to_clock_rate_1,response,response_rate,0.9953026158575604,1.0,1.0,1.0.0
F2,0.014677992676220698,clock characteristic time,response_to_clock_rate_1,response,response_rate,0.9951192931308139,1.0,1.0,1.0.0
F2,0.01525222956539019,clock characteristic time,response_to_clock_rate_1,response,response_rate,0.9949288342359931,1.0,1.0,1.0.0
F2,0.015848931924611134,clock characteristic time,response_to_clock_rate_1,response,response_rate,0.9947309628524268,1.0,1.0,1.0.0
F2,0.01646897865482868,clock characteristic time,response_to_clock_rate_1,response,response_rate,0.9945253920632066,1.0,1.0,1.0.0
F2,0.01711328304161781,clock characteristic time,response_to_clock_rate_1,response,response_rate,0.9943118239780977,1.0,1.0,1.0.0
F2,0.01778279410038923,clock characteristic time,response_to_clock_rate_1,response,response_rate,0.9940899493174271,1.0,1.0,1.0.0
F2,0.018478497974222907,clock characteristic time,response_to_clock_rate_1,response,response_rate,0.9938594469861323,1.0,1.0,1.0.0
F2,0.01920141938638801,clock characteristic time,response_to_clock_rate_1,response,response_rate,0.9936199836371336,1.0,1.0,1.0.0
F2,0.0199526231496888,clock characteristic time,response_to_clock_rate_1,response,response_rate,0.9933712132135821,1.0,1.0,1.0.0
F2,0.02073321573485955,clock characteristic time,response_to_clock_rate_1,response,response_rate,0.9931127764795018,1.0,1.0,1.0.0
F2,0.021544346900318832,clock characteristic time,response_to_clock_rate_1,response,response_rate,0.992844300534238,1.0,1.0,1.0.0
F2,0.0223872113856834,clock characteristic time,response_to_clock_rate_1,response,response_rate,0.9925653983071123,1.0,1.0,1.0.0
F2,0.02326305067153626,clock characteristic time,response_to_clock_rate_1,response,response_rate,0.9922756680327462,1.0,1.0,1.0.0
F2,0.024173154808041036,clock characteristic time,response_to_clock_rate_1,response,response_rate,0.9919746927212236,1.0,1.0,1.0.0
F2,0.025118864315095794,clock characteristic time,response_to_clock_rate_1,response,response_rate,0.9916620395924632,1.0,1.0,1.0.0
F2,0.026101572156825372,clock characteristic time,response_to_clock_rate_1,response,response_rate,0.9913372595023598,1.0,1.0,1.0.0
F2,0.02712272579332028,clock characteristic time,response_to_clock_rate_1,response,response_rate,0.9909998863520866,1.0,1.0,1.0.0
F2,0.028183829312644536,clock characteristic time,response_to_clock_rate_1,response,response_rate,0.9906494364663772,1.0,1.0,1.0.0
F2,0.02928644564625236,clock characteristic time,response_to_clock_rate_1,response,response_rate,0.9902854079653032,1.0,1.0,1.0.0
F2,0.03043219887107722,clock characteristic time,response_to_clock_rate_1,response,response_rate,0.9899072801027612,1.0,1.0,1.0.0
F2,0.03162277660168379,clock characteristic time,response_to_clock_rate_1,response,response_rate,0.989514512593731,1.0,1.0,1.0.0
F2,0.03285993247600654,clock characteristic time,response_to_clock_rate_1,response,response_rate,0.989106544914213,1.0,1.0,1.0.0
F2,0.034145488738336005,clock characteristic time,response_to_clock_rate_1,response,response_rate,0.9886827955794936,1.0,1.0,1.0.0
F2,0.03548133892335755,clock characteristic time,response_to_clock_rate_1,response,response_rate,0.9882426614029461,1.0,1.0,1.0.0
F2,0.03686945064519575,clock characteristic time,response_to_clock_rate_1,response,response_rate,0.9877855167277725,1.0,1.0,1.0.0
F2,0.03831186849557287,clock characteristic time,response_to_clock_rate_1,response,response_rate,0.9873107126385844,1.0,1.0,1.0.0
F2,0.039810717055349734,clock characteristic time,response_to_clock_rate_1,response,response_rate,0.9868175761475962,1.0,1.0,1.0.0
F2,0.04136820402388507,clock characteristic time,response_to_clock_rate_1,response,response_rate,0.9863054093564092,1.0,1.0,1.0.0
F2,0.042986623470822764,clock characteristic time,response_to_clock_rate_1,response,response_rate,0.9857734885931083,1.0,1.0,1.0.0
F2,0.0446683592150963,clock characteristic time,response_to_clock_rate_1,response,response_rate,0.9852210635260288,1.0,1.0,1.0.0
F2,0.046415888336127795,clock characteristic time,response_to_clock_rate_1,response,response_rate,0.9846473562502175,1.0,1.0,1.0.0
F2,0.04823178482239307,clock characteristic time,response_to_clock_rate_1,response,response_rate,0.9840515603494837,1.0,1.0,1.0.0
F2,0.05011872336272722,clock characteristic time,response_to_clock_rate_1,response,response_rate,0.9834328399324673,1.0,1.0,1.0.0
F2,0.052079483285954624,clock characteristic time,response_to_clock_rate_1,response,response_rate,0.9827903286436537,1.0,1.0,1.0.0
F2,0.054116952654646375,clock characteristic time,response_to_clock_rate_1,response,response_rate,0.9821231286470254,1.0,1.0,1.0.0
F2,0.056234132519034905,clock characteristic time,response_to_clock_rate_1,response,response_rate,0.9814303095853893,1.0,1.0,1.0.0
F2,0.05843414133735175,clock characteristic time,response_to_clock_rate_1,response,response_rate,0.9807109075127282,1.0,1.0,1.0.0
F2,0.060720219569098836,clock characteristic time,response_to_clock_rate_1,response,response_rate,0.9799639238008038,1.0,1.0,1.0.0
F2,0.06309573444801933,clock characteristic time,response_to_clock_rate_1,response,response_rate,0.9791883240210942,1.0,1.0,1.0.0
F2,0.06556418494179789,clock characteristic time,response_to_clock_rate_1,response,response_rate,0.9783830368011525,1.0,1.0,1.0.0
F2,0.06812920690579612,clock characteristic time,response_to_clock_rate_1,response,response_rate,0.9775469526553984,1.0,1.0,1.0.0
F2,0.07079457843841377,clock characteristic time,response_to_clock_rate_1,response,response_rate,0.9766789227933896,1.0,1.0,1.0.0
F2,0.07356422544596414,clock characteristic time,response_to_clock_rate_1,response,response_rate,0.9757777579032394,1.0,1.0,1.0.0
F2,0.07644222742526002,clock characteristic time,response_to_clock_rate_1,response,response_rate,0.9748422269127424,1.0,1.0,1.0.0
F2,0.07943282347242814,clock characteristic time,response_to_clock_rate_1,response,response_rate,0.9738710557298477,1.0,1.0,1.0.0
F2,0.08254041852680186,clock characteristic time,response_to_clock_rate_1,response,response_rate,0.9728629259614626,1.0,1.0,1.0.0
F2,0.08576958985908942,clock characteristic time,response_to_clock_rate_1,response,response_rate,0.9718164736140739,1.0,1.0,1.0.0
F2,0.08912509381337455,clock characteristic time,response_to_clock_rate_1,response,response_rate,0.9707302877768262,1.0,1.0,1.0.0
F2,0.09261187281287933,clock characteristic time,response_to_clock_rate_1,response,response_rate,0.9696029092893393,1.0,1.0,1.0.0
F2,0.09623506263980887,clock characteristic time,response_to_clock_rate_1,response,response_rate,0.9684328293958263,1.0,1.0,1.0.0
F2,0.1,clock characteristic time,response_to_clock_rate_1,response,response_rate,0.9672184883885645,1.0,1.0,1.0.0
F2,0.10391223038351691,clock characteristic time,response_to_clock_rate_1,response,response_rate,0.9659582742429647,1.0,1.0,1.0.0
F2,0.10797751623277094,clock characteristic time,response_to_clock_rate_1,response,response_rate,0.9646505212474691,1.0,1.0,1.0.0
F2,0.1122018454301963,clock characteristic time,response_to_clock_rate_1,response,response_rate,0.9632935086317193,1.0,1.0,1.0.0
F2,0.11659144011798311,clock characteristic time,response_to_clock_rate_1,response,response_rate,0.9618854591967546,1.0,1.0,1.0.0
F2,0.12115276586285889,clock characteristic time,response_to_clock_rate_1,response,response_rate,0.9604245379511402,1.0,1.0,1.0.0
F2,0.12589254117941676,clock characteristic time,response_to_clock_rate_1,response,response_rate,0.9589088507584315,1.0,1.0,1.0.0
F2,0.13081774742601943,clock characteristic time,response_to_clock_rate_1,response,response_rate,0.9573364430002453,1.0,1.0,1.0.0
F2,0.13593563908785256,clock characteristic time,response_to_clock_rate_1,response,response_rate,0.955705298261314,1.0,1.0,1.0.0
F2,0.1412537544622754,clock characteristic time,response_to_clock_rate_1,response,response_rate,0.9540133370425047,1.0,1.0,1.0.0
F2,0.1467799267622069,clock characteristic time,response_to_clock_rate_1,response,response_rate,0.9522584155086634,1.0,1.0,1.0.0
F2,0.15252229565390182,clock characteristic time,response_to_clock_rate_1,response,response_rate,0.9504383242789785,1.0,1.0,1.0.0
F2,0.1584893192461114,clock characteristic time,response_to_clock_rate_1,response,response_rate,0.9485507872679835,1.0,1.0,1.0.0
F2,0.1646897865482869,clock characteristic time,response_to_clock_rate_1,response,response_rate,0.946593460586293,1.0,1.0,1.0.0
F2,0.1711328304161781,clock characteristic time,response_to_clock_rate_1,response,response_rate,0.9445639315107817,1.0,1.0,1.0.0
F2,0.1778279410038923,clock characteristic time,response_to_clock_rate_1,response,response_rate,0.9424597175352928,1.0,1.0,1.0.0
F2,0.18478497974222907,clock characteristic time,response_to_clock_rate_1,response,response_rate,0.9402782655128316,1.0,1.0,1.0.0
F2,0.1920141938638801,clock characteristic time,response_to_clock_rate_1,response,response_rate,0.9380169509026408,1.0,1.0,1.0.0
F2,0.19952623149688786,clock characteristic time,response_to_clock_rate_1,response,response_rate,0.93567307713526,1.0,1.0,1.0.0
F2,0.2073321573485954,clock characteristic time,response_to_clock_rate_1,response,response_rate,0.9332438751106712,1.0,1.0,1.0.0
F2,0.21544346900318845,clock characteristic time,response_to_clock_rate_1,response,response_rate,0.930726502845446,1.0,1.0,1.0.0
F2,0.223872113856834,clock characteristic time,response_to_clock_rate_1,response,response_rate,0.9281180452862368,1.0,1.0,1.0.0
F2,0.23263050671536262,clock characteristic time,response_to_clock_rate_1,response,response_rate,0.9254155143080444,1.0,1.0,1.0.0
F2,0.24173154808041036,clock characteristic time,response_to_clock_rate_1,response,response_rate,0.922615848917463,1.0,1.0,1.0.0
F2,0.25118864315095796,clock characteristic time,response_to_clock_rate_1,response,response_rate,0.9197159156822061,1.0,1.0,1.0.0
F2,0.2610157215682536,clock characteristic time,response_to_clock_rate_1,response,response_rate,0.9167125094101808,1.0,1.0,1.0.0
F2,0.2712272579332027,clock characteristic time,response_to_clock_rate_1,response,response_rate,0.9136023541025466,1.0,1.0,1.0.0
F2,0.2818382931264455,clock characteristic time,response_to_clock_rate_1,response,response_rate,0.9103821042072284,1.0,1.0,1.0.0
F2,0.29286445646252374,clock characteristic time,response_to_clock_rate_1,response,response_rate,0.9070483462011214,1.0,1.0,1.0.0
F2,0.3043219887107722,clock characteristic time,response_to_clock_rate_1,response,response_rate,0.9035976005307887,1.0,1.0,1.0.0
F2,0.31622776601683794,clock characteristic time,response_to_clock_rate_1,response,response_rate,0.9000263239435833,1.0,1.0,1.0.0
F2,0.3285993247600654,clock characteristic time,response_to_clock_rate_1,response,response_rate,0.896330912243059,1.0,1.0,1.0.0
F2,0.34145488738336005,clock characteristic time,response_to_clock_rate_1,response,response_rate,0.8925077035043768,1.0,1.0,1.0.0
F2,0.3548133892335753,clock characteristic time,response_to_clock_rate_1,response,response_rate,0.8885529817875778,1.0,1.0,1.0.0
F2,0.36869450645195734,clock characteristic time,response_to_clock_rate_1,response,response_rate,0.8844629813885272,1.0,1.0,1.0.0
F2,0.38311868495572887,clock characteristic time,response_to_clock_rate_1,response,response_rate,0.88023389166948,1.0,1.0,1.0.0
F2,0.3981071705534973,clock characteristic time,response_to_clock_rate_1,response,response_rate,0.8758618625131002,1.0,1.0,1.0.0
F2,0.4136820402388507,clock characteristic time,response_to_clock_rate_1,response,response_rate,0.871343010445874,1.0,1.0,1.0.0
F2,0.42986623470822766,clock characteristic time,response_to_clock_rate_1,response,response_rate,0.8666734254786649,1.0,1.0,1.0.0
F2,0.44668359215096304,clock characteristic time,response_to_clock_rate_1,response,response_rate,0.8618491787140112,1.0,1.0,1.0.0
F2,0.46415888336127775,clock characteristic time,response_to_clock_rate_1,response,response_rate,0.8568663307713869,1.0,1.0,1.0.0
F2,0.4823178482239304,clock characteristic time,response_to_clock_rate_1,response,response_rate,0.851720941083114,1.0,1.0,1.0.0
F2,0.5011872336272725,clock characteristic time,response_to_clock_rate_1,response,response_rate,0.846409078114871,1.0,1.0,1.0.0
F2,0.5207948328595465,clock characteristic time,response_to_clock_rate_1,response,response_rate,0.8409268305656208,1.0,1.0,1.0.0
F2,0.5411695265464638,clock characteristic time,response_to_clock_rate_1,response,response_rate,0.8352703196023502,1.0,1.0,1.0.0
F2,0.5623413251903491,clock characteristic time,response_to_clock_rate_1,response,response_rate,0.8294357121851522,1.0,1.0,1.0.0
F2,0.5843414133735175,clock characteristic time,response_to_clock_rate_1,response,response_rate,0.8234192355377561,1.0,1.0,1.0.0
F2,0.6072021956909883,clock characteristic time,response_to_clock_rate_1,response,response_rate,0.8172171928175453,1.0,1.0,1.0.0
F2,0.630957344480193,clock characteristic time,response_to_clock_rate_1,response,response_rate,0.8108259800373997,1.0,1.0,1.0.0
F2,0.6556418494179785,clock characteristic time,response_to_clock_rate_1,response,response_rate,0.8042421042890217,1.0,1.0,1.0.0
F2,0.6812920690579615,clock characteristic time,response_to_clock_rate_1,response,response_rate,0.7974622033138844,1.0,1.0,1.0.0
F2,0.707945784384138,clock characteristic time,response_to_clock_rate_1,response,response_rate,0.7904830664631763,1.0,1.0,1.0.0
F2,0.7356422544596414,clock characteristic time,response_to_clock_rate_1,response,response_rate,0.7833016570821807,1.0,1.0,1.0.0
F2,0.7644222742526002,clock characteristic time,response_to_clock_rate_1,response,response_rate,0.775915136347124,1.0,1.0,1.0.0
F2,0.7943282347242814,clock characteristic time,response_to_clock_rate_1,response,response_rate,0.768320888573456,1.0,1.0,1.0.0
F2,0.8254041852680182,clock characteristic time,response_to_clock_rate_1,response,response_rate,0.7605165480037631,1.0,1.0,1.0.0
F2,0.8576958985908937,clock characteristic time,response_to_clock_rate_1,response,response_rate,0.7525000270706523,1.0,1.0,1.0.0
F2,0.8912509381337459,clock characteristic time,response_to_clock_rate_1,response,response_rate,0.744269546114972,1.0,1.0,1.0.0
F2,0.9261187281287937,clock characteristic time,response_to_clock_rate_1,response,response_rate,0.7358236645222843,1.0,1.0,1.0.0
F2,0.9623506263980888,clock characteristic time,response_to_clock_rate_1,response,response_rate,0.7271613132205363,1.0,1.0,1.0.0
F2,1.0,clock characteristic time,response_to_clock_rate_1,response,response_rate,0.7182818284590451,1.0,1.0,1.0.0
F2,1.0391223038351691,clock characteristic time,response_to_clock_rate_1,response,response_rate,0.7091849867631445,1.0,1.0,1.0.0
F2,1.0797751623277094,clock characteristic time,response_to_clock_rate_1,response,response_rate,0.699871040929933,1.0,1.0,1.0.0
F2,1.122018454301963,clock characteristic time,response_to_clock_rate_1,response,response_rate,0.6903407568983789,1.0,1.0,1.0.0
F2,1.165914401179831,clock characteristic time,response_to_clock_rate_1,response,response_rate,0.6805954512915552,1.0,1.0,1.0.0
F2,1.2115276586285888,clock characteristic time,response_to_clock_rate_1,response,response_rate,0.6706370293898846,1.0,1.0,1.0.0
F2,1.2589254117941675,clock characteristic time,response_to_clock_rate_1,response,response_rate,0.6604680232521161,1.0,1.0,1.0.0
F2,1.3081774742601942,clock characteristic time,response_to_clock_rate_1,response,response_rate,0.6500916296554294,1.0,1.0,1.0.0
F2,1.3593563908785256,clock characteristic time,response_to_clock_rate_1,response,response_rate,0.6395117474778246,1.0,1.0,1.0.0
F2,1.412537544622754,clock characteristic time,response_to_clock_rate_1,response,response_rate,0.6287330140952377,1.0,1.0,1.0.0
F2,1.467799267622069,clock characteristic time,response_to_clock_rate_1,response,response_rate,0.6177608403131748,1.0,1.0,1.0.0
F2,1.5252229565390183,clock characteristic time,response_to_clock_rate_1,response,response_rate,0.6066014432987893,1.0,1.0,1.0.0
F2,1.584893192461114,clock characteristic time,response_to_clock_rate_1,response,response_rate,0.5952618769252598,1.0,1.0,1.0.0
F2,1.6468978654828688,clock characteristic time,response_to_clock_rate_1,response,response_rate,0.5837500588871991,1.0,1.0,1.0.0
F2,1.711328304161781,clock characteristic time,response_to_clock_rate_1,response,response_rate,0.5720747938951054,1.0,1.0,1.0.0
F2,1.7782794100389228,clock characteristic time,response_to_clock_rate_1,response,response_rate,0.5602457922102999,1.0,1.0,1.0.0
F2,1.8478497974222907,clock characteristic time,response_to_clock_rate_1,response,response_rate,0.5482736827413427,1.0,1.0,1.0.0
F2,1.920141938638801,clock characteristic time,response_to_clock_rate_1,response,response_rate,0.5361700198909324,1.0,1.0,1.0.0
F2,1.9952623149688788,clock characteristic time,response_to_clock_rate_1,response,response_rate,0.5239472833212968,1.0,1.0,1.0.0
F2,2.073321573485954,clock characteristic time,response_to_clock_rate_1,response,response_rate,0.5116188697989265,1.0,1.0,1.0.0
F2,2.1544346900318843,clock characteristic time,response_to_clock_rate_1,response,response_rate,0.499199076289178,1.0,1.0,1.0.0
F2,2.23872113856834,clock characteristic time,response_to_clock_rate_1,response,response_rate,0.4867030735009607,1.0,1.0,1.0.0
F2,2.3263050671536263,clock characteristic time,response_to_clock_rate_1,response,response_rate,0.4741468691345595,1.0,1.0,1.0.0
F2,2.4173154808041035,clock characteristic time,response_to_clock_rate_1,response,response_rate,0.4615472601647681,1.0,1.0,1.0.0
F2,2.5118864315095797,clock characteristic time,response_to_clock_rate_1,response,response_rate,0.44892177359969065,1.0,1.0,1.0.0
F2,2.610157215682536,clock characteristic time,response_to_clock_rate_1,response,response_rate,0.43628859529524827,1.0,1.0,1.0.0
F2,2.712272579332027,clock characteristic time,response_to_clock_rate_1,response,response_rate,0.42366648657827605,1.0,1.0,1.0.0
F2,2.818382931264452,clock characteristic time,response_to_clock_rate_1,response,response_rate,0.41107468863794133,1.0,1.0,1.0.0
F2,2.9286445646252375,clock characteristic time,response_to_clock_rate_1,response,response_rate,0.3985328148856782,1.0,1.0,1.0.0
F2,3.043219887107722,clock characteristic time,response_to_clock_rate_1,response,response_rate,0.3860607317560997,1.0,1.0,1.0.0
F2,3.1622776601683795,clock characteristic time,response_to_clock_rate_1,response,response_rate,0.3736784287218831,1.0,1.0,1.0.0
F2,3.285993247600654,clock characteristic time,response_to_clock_rate_1,response,response_rate,0.3614058786190544,1.0,1.0,1.0.0
F2,3.4145488738336005,clock characteristic time,response_to_clock_rate_1,response,response_rate,0.34926288971781905,1.0,1.0,1.0.0
F2,3.5481338923357533,clock characteristic time,response_to_clock_rate_1,response,response_rate,0.33726895131854273,1.0,1.0,1.0.0
F2,3.6869450645195734,clock characteristic time,response_to_clock_rate_1,response,response_rate,0.3254430749908062,1.0,1.0,1.0.0
F2,3.831186849557289,clock characteristic time,response_to_clock_rate_1,response,response_rate,0.3138036338920342,1.0,1.0,1.0.0
F2,3.981071705534973,clock characteristic time,response_to_clock_rate_1,response,response_rate,0.3023682028857185,1.0,1.0,1.0.0
F2,4.136820402388507,clock characteristic time,response_to_clock_rate_1,response,response_rate,0.2911534024114844,1.0,1.0,1.0.0
F2,4.298662347082277,clock characteristic time,response_to_clock_rate_1,response,response_rate,0.2801747492236562,1.0,1.0,1.0.0
F2,4.46683592150963,clock characteristic time,response_to_clock_rate_1,response,response_rate,0.2694465171956301,1.0,1.0,1.0.0
F2,4.6415888336127775,clock characteristic time,response_to_clock_rate_1,response,response_rate,0.25898161137010745,1.0,1.0,1.0.0
F2,4.823178482239304,clock characteristic time,response_to_clock_rate_1,response,response_rate,0.24879145830873828,1.0,1.0,1.0.0
F2,5.011872336272719,clock characteristic time,response_to_clock_rate_1,response,response_rate,0.23888591555169697,1.0,1.0,1.0.0
F2,5.207948328595465,clock characteristic time,response_to_clock_rate_1,response,response_rate,0.22927320263605613,1.0,1.0,1.0.0
F2,5.411695265464638,clock characteristic time,response_to_clock_rate_1,response,response_rate,0.2199598556454928,1.0,1.0,1.0.0
F2,5.62341325190349,clock characteristic time,response_to_clock_rate_1,response,response_rate,0.21095070668351124,1.0,1.0,1.0.0
F2,5.843414133735175,clock characteristic time,response_to_clock_rate_1,response,response_rate,0.20224888899560137,1.0,1.0,1.0.0
F2,6.072021956909884,clock characteristic time,response_to_clock_rate_1,response,response_rate,0.1938558677367505,1.0,1.0,1.0.0
F2,6.30957344480193,clock characteristic time,response_to_clock_rate_1,response,response_rate,0.18577149561953002,1.0,1.0,1.0.0
F2,6.556418494179785,clock characteristic time,response_to_clock_rate_1,response,response_rate,0.17799409191895396,1.0,1.0,1.0.0
F2,6.812920690579615,clock characteristic time,response_to_clock_rate_1,response,response_rate,0.17052054259031682,1.0,1.0,1.0.0
F2,7.07945784384138,clock characteristic time,response_to_clock_rate_1,response,response_rate,0.16334641861221755,1.0,1.0,1.0.0
F2,7.3564225445964135,clock characteristic time,response_to_clock_rate_1,response,response_rate,0.15646610913345732,1.0,1.0,1.0.0
F2,7.644222742526002,clock characteristic time,response_to_clock_rate_1,response,response_rate,0.14987296560885044,1.0,1.0,1.0.0
F2,7.943282347242813,clock characteristic time,response_to_clock_rate_1,response,response_rate,0.1435594528770778,1.0,1.0,1.0.0
F2,8.254041852680182,clock characteristic time,response_to_clock_rate_1,response,response_rate,0.13751730307596968,1.0,1.0,1.0.0
F2,8.576958985908938,clock characteristic time,response_to_clock_rate_1,response,response_rate,0.13173766840870615,1.0,1.0,1.0.0
F2,8.91250938133745,clock characteristic time,response_to_clock_rate_1,response,response_rate,0.12621126905893162,1.0,1.0,1.0.0
F2,9.261187281287937,clock characteristic time,response_to_clock_rate_1,response,response_rate,0.12092853298364743,1.0,1.0,1.0.0
F2,9.623506263980888,clock characteristic time,response_to_clock_rate_1,response,response_rate,0.11587972486081069,1.0,1.0,1.0.0
F2,10.0,clock characteristic time,response_to_clock_rate_1,response,response_rate,0.11105506209784374,1.0,1.0,1.0.0
F2,10.39122303835169,clock characteristic time,response_to_clock_rate_1,response,response_rate,0.10644481647785325,1.0,1.0,1.0.0
F2,10.797751623277094,clock characteristic time,response_to_clock_rate_1,response,response_rate,0.10203940069169927,1.0,1.0,1.0.0
F2,11.220184543019629,clock characteristic time,response_to_clock_rate_1,response,response_rate,0.09782943963814265,1.0,1.0,1.0.0
F2,11.659144011798311,clock characteristic time,response_to_clock_rate_1,response,response_rate,0.0938058269385691,1.0,1.0,1.0.0
F2,12.115276586285876,clock characteristic time,response_to_clock_rate_1,response,response_rate,0.08995976758239695,1.0,1.0,1.0.0
F2,12.589254117941662,clock characteristic time,response_to_clock_rate_1,response,response_rate,0.08628280797848399,1.0,1.0,1.0.0
F2,13.081774742601928,clock characteristic time,response_to_clock_rate_1,response,response_rate,0.08276685493049518,1.0,1.0,1.0.0
F2,13.593563908785242,clock characteristic time,response_to_clock_rate_1,response,response_rate,0.07940418518317909,1.0,1.0,1.0.0
F2,14.125375446227554,clock characteristic time,response_to_clock_rate_1,response,response_rate,0.07618744721247905,1.0,1.0,1.0.0
F2,14.677992676220706,clock characteristic time,response_to_clock_rate_1,response,response_rate,0.07310965687185265,1.0,1.0,1.0.0
F2,15.252229565390198,clock characteristic time,response_to_clock_rate_1,response,response_rate,0.07016418838011249,1.0,1.0,1.0.0
F2,15.848931924611142,clock characteristic time,response_to_clock_rate_1,response,response_rate,0.0673447619638449,1.0,1.0,1.0.0
F2,16.46897865482869,clock characteristic time,response_to_clock_rate_1,response,response_rate,0.06464542927045644,1.0,1.0,1.0.0
F2,17.11328304161781,clock characteristic time,response_to_clock_rate_1,response,response_rate,0.06206055746417557,1.0,1.0,1.0.0
F2,17.78279410038923,clock characteristic time,response_to_clock_rate_1,response,response_rate,0.0595848127213268,1.0,1.0,1.0.0
F2,18.478497974222908,clock characteristic time,response_to_clock_rate_1,response,response_rate,0.0572131436632807,1.0,1.0,1.0.0
F2,19.20141938638801,clock characteristic time,response_to_clock_rate_1,response,response_rate,0.05494076511198038,1.0,1.0,1.0.0
F2,19.952623149688787,clock characteristic time,response_to_clock_rate_1,response,response_rate,0.052763142426568536,1.0,1.0,1.0.0
F2,20.73321573485954,clock characteristic time,response_to_clock_rate_1,response,response_rate,0.05067597658020024,1.0,1.0,1.0.0
F2,21.54434690031882,clock characteristic time,response_to_clock_rate_1,response,response_rate,0.048675190061386216,1.0,1.0,1.0.0
F2,22.38721138568338,clock characteristic time,response_to_clock_rate_1,response,response_rate,0.046756913630695944,1.0,1.0,1.0.0
F2,23.263050671536238,clock characteristic time,response_to_clock_rate_1,response,response_rate,0.044917473927372664,1.0,1.0,1.0.0
F2,24.173154808041012,clock characteristic time,response_to_clock_rate_1,response,response_rate,0.04315338189741893,1.0,1.0,1.0.0
F2,25.11886431509582,clock characteristic time,response_to_clock_rate_1,response,response_rate,0.041461322001447275,1.0,1.0,1.0.0
F2,26.101572156825384,clock characteristic time,response_to_clock_rate_1,response,response_rate,0.03983814215408873,1.0,1.0,1.0.0
F2,27.122725793320296,clock characteristic time,response_to_clock_rate_1,response,response_rate,0.03828084434469271,1.0,1.0,1.0.0
F2,28.183829312644548,clock characteristic time,response_to_clock_rate_1,response,response_rate,0.036786575889734524,1.0,1.0,1.0.0
F2,29.28644564625237,clock characteristic time,response_to_clock_rate_1,response,response_rate,0.03535262126956897,1.0,1.0,1.0.0
F2,30.432198871077222,clock characteristic time,response_to_clock_rate_1,response,response_rate,0.033976394505161496,1.0,1.0,1.0.0
F2,31.622776601683793,clock characteristic time,response_to_clock_rate_1,response,response_rate,0.03265543203369782,1.0,1.0,1.0.0
F2,32.85993247600654,clock characteristic time,response_to_clock_rate_1,response,response_rate,0.031387386045243826,1.0,1.0,1.0.0
F2,34.145488738336006,clock characteristic time,response_to_clock_rate_1,response,response_rate,0.030170018245751495,1.0,1.0,1.0.0
F2,35.481338923357534,clock characteristic time,response_to_clock_rate_1,response,response_rate,0.02900119401461494,1.0,1.0,1.0.0
F2,36.869450645195734,clock characteristic time,response_to_clock_rate_1,response,response_rate,0.0278788769276547,1.0,1.0,1.0.0
F2,38.31186849557285,clock characteristic time,response_to_clock_rate_1,response,response_rate,0.026801123618846682,1.0,1.0,1.0.0
F2,39.81071705534969,clock characteristic time,response_to_clock_rate_1,response,response_rate,0.025766078956331963,1.0,1.0,1.0.0
F2,41.36820402388503,clock characteristic time,response_to_clock_rate_1,response,response_rate,0.024771971510258936,1.0,1.0,1.0.0
F2,42.98662347082272,clock characteristic time,response_to_clock_rate_1,response,response_rate,0.02381710929184192,1.0,1.0,1.0.0
F2,44.668359215096345,clock characteristic time,response_to_clock_rate_1,response,response_rate,0.022899875744685536,1.0,1.0,1.0.0
F2,46.41588833612782,clock characteristic time,response_to_clock_rate_1,response,response_rate,0.022018725970939804,1.0,1.0,1.0.0
F2,48.23178482239309,clock characteristic time,response_to_clock_rate_1,response,response_rate,0.021172183176230288,1.0,1.0,1.0.0
F2,50.118723362727245,clock characteristic time,response_to_clock_rate_1,response,response_rate,0.020358835318566727,1.0,1.0,1.0.0
F2,52.07948328595465,clock characteristic time,response_to_clock_rate_1,response,response_rate,0.019577331947580025,1.0,1.0,1.0.0
F2,54.116952654646376,clock characteristic time,response_to_clock_rate_1,response,response_rate,0.018826381221486086,1.0,1.0,1.0.0
F2,56.23413251903491,clock characteristic time,response_to_clock_rate_1,response,response_rate,0.01810474709013268,1.0,1.0,1.0.0
F2,58.434141337351754,clock characteristic time,response_to_clock_rate_1,response,response_rate,0.017411246633361948,1.0,1.0,1.0.0
F2,60.72021956909884,clock characteristic time,response_to_clock_rate_1,response,response_rate,0.016744747544723233,1.0,1.0,1.0.0
F2,63.0957344480193,clock characteristic time,response_to_clock_rate_1,response,response_rate,0.016104165751306247,1.0,1.0,1.0.0
F2,65.56418494179785,clock characteristic time,response_to_clock_rate_1,response,response_rate,0.01548846316113898,1.0,1.0,1.0.0
F2,68.12920690579608,clock characteristic time,response_to_clock_rate_1,response,response_rate,0.014896645530213434,1.0,1.0,1.0.0
F2,70.79457843841374,clock characteristic time,response_to_clock_rate_1,response,response_rate,0.014327760441771182,1.0,1.0,1.0.0
F2,73.56422544596406,clock characteristic time,response_to_clock_rate_1,response,response_rate,0.013780895391003155,1.0,1.0,1.0.0
F2,76.44222742525994,clock characteristic time,response_to_clock_rate_1,response,response_rate,0.013255175968799337,1.0,1.0,1.0.0
F2,79.43282347242821,clock characteristic time,response_to_clock_rate_1,response,response_rate,0.012749764138626656,1.0,1.0,1.0.0
F2,82.5404185268019,clock characteristic time,response_to_clock_rate_1,response,response_rate,0.012263856601021802,1.0,1.0,1.0.0
F2,85.76958985908946,clock characteristic time,response_to_clock_rate_1,response,response_rate,0.011796683240561585,1.0,1.0,1.0.0
F2,89.12509381337459,clock characteristic time,response_to_clock_rate_1,response,response_rate,0.011347505650521438,1.0,1.0,1.0.0
F2,92.61187281287937,clock characteristic time,response_to_clock_rate_1,response,response_rate,0.010915615730752901,1.0,1.0,1.0.0
F2,96.23506263980887,clock characteristic time,response_to_clock_rate_1,response,response_rate,0.010500334354607687,1.0,1.0,1.0.0
F2,100.0,clock characteristic time,response_to_clock_rate_1,response,response_rate,0.010101010101010102,1.0,1.0,1.0.0
F2,0.001,clock characteristic time,response_to_clock_rate_1,combined,common_rate_scale,1.9993334444370363,1.0,1.0,1.0.0
F2,0.001039122303835169,clock characteristic time,response_to_clock_rate_1,combined,common_rate_scale,1.9993073721291332,1.0,1.0,1.0.0
F2,0.0010797751623277093,clock characteristic time,response_to_clock_rate_1,combined,common_rate_scale,1.99928027927036,1.0,1.0,1.0.0
F2,0.001122018454301963,clock characteristic time,response_to_clock_rate_1,combined,common_rate_scale,1.9992521275789397,1.0,1.0,1.0.0
F2,0.0011659144011798323,clock characteristic time,response_to_clock_rate_1,combined,common_rate_scale,1.9992228749747303,1.0,1.0,1.0.0
F2,0.001211527658628589,clock characteristic time,response_to_clock_rate_1,combined,common_rate_scale,1.9991924776811303,1.0,1.0,1.0.0
F2,0.0012589254117941675,clock characteristic time,response_to_clock_rate_1,combined,common_rate_scale,1.9991608927304594,1.0,1.0,1.0.0
F2,0.0013081774742601943,clock characteristic time,response_to_clock_rate_1,combined,common_rate_scale,1.999128071723538,1.0,1.0,1.0.0
F2,0.0013593563908785254,clock characteristic time,response_to_clock_rate_1,combined,common_rate_scale,1.9990939679547899,1.0,1.0,1.0.0
F2,0.001412537544622754,clock characteristic time,response_to_clock_rate_1,combined,common_rate_scale,1.999058529847834,1.0,1.0,1.0.0
F2,0.001467799267622069,clock characteristic time,response_to_clock_rate_1,combined,common_rate_scale,1.9990217066206157,1.0,1.0,1.0.0
F2,0.0015252229565390183,clock characteristic time,response_to_clock_rate_1,combined,common_rate_scale,1.998983443182726,1.0,1.0,1.0.0
F2,0.001584893192461114,clock characteristic time,response_to_clock_rate_1,combined,common_rate_scale,1.9989436835735188,1.0,1.0,1.0.0
F2,0.0016468978654828688,clock characteristic time,response_to_clock_rate_1,combined,common_rate_scale,1.9989023695010373,1.0,1.0,1.0.0
F2,0.001711328304161781,clock characteristic time,response_to_clock_rate_1,combined,common_rate_scale,1.9988594398195798,1.0,1.0,1.0.0
F2,0.0017782794100389228,clock characteristic time,response_to_clock_rate_1,combined,common_rate_scale,1.9988148315629095,1.0,1.0,1.0.0
F2,0.0018478497974222907,clock characteristic time,response_to_clock_rate_1,combined,common_rate_scale,1.9987684793974105,1.0,1.0,1.0.0
F2,0.001920141938638801,clock characteristic time,response_to_clock_rate_1,combined,common_rate_scale,1.9987203150554256,1.0,1.0,1.0.0
F2,0.001995262314968879,clock characteristic time,response_to_clock_rate_1,combined,common_rate_scale,1.9986702674663748,1.0,1.0,1.0.0
F2,0.002073321573485954,clock characteristic time,response_to_clock_rate_1,combined,common_rate_scale,1.9986182630774028,1.0,1.0,1.0.0
F2,0.0021544346900318843,clock characteristic time,response_to_clock_rate_1,combined,common_rate_scale,1.998564225788286,1.0,1.0,1.0.0
F2,0.00223872113856834,clock characteristic time,response_to_clock_rate_1,combined,common_rate_scale,1.9985080760119516,1.0,1.0,1.0.0
F2,0.0023263050671536263,clock characteristic time,response_to_clock_rate_1,combined,common_rate_scale,1.9984497311847418,1.0,1.0,1.0.0
F2,0.0024173154808041037,clock characteristic time,response_to_clock_rate_1,combined,common_rate_scale,1.998389105573251,1.0,1.0,1.0.0
F2,0.0025118864315095794,clock characteristic time,response_to_clock_rate_1,combined,common_rate_scale,1.998326109887788,1.0,1.0,1.0.0
F2,0.0026101572156825357,clock characteristic time,response_to_clock_rate_1,combined,common_rate_scale,1.9982606521078419,1.0,1.0,1.0.0
F2,0.0027122725793320298,clock characteristic time,response_to_clock_rate_1,combined,common_rate_scale,1.9981926355090958,1.0,1.0,1.0.0
F2,0.002818382931264455,clock characteristic time,response_to_clock_rate_1,combined,common_rate_scale,1.998121960446707,1.0,1.0,1.0.0
F2,0.0029286445646252374,clock characteristic time,response_to_clock_rate_1,combined,common_rate_scale,1.998048523087005,1.0,1.0,1.0.0
F2,0.003043219887107722,clock characteristic time,response_to_clock_rate_1,combined,common_rate_scale,1.997972215527757,1.0,1.0,1.0.0
F2,0.0031622776601683794,clock characteristic time,response_to_clock_rate_1,combined,common_rate_scale,1.9978929258054858,1.0,1.0,1.0.0
F2,0.003285993247600654,clock characteristic time,response_to_clock_rate_1,combined,common_rate_scale,1.9978105373549386,1.0,1.0,1.0.0
F2,0.003414548873833601,clock characteristic time,response_to_clock_rate_1,combined,common_rate_scale,1.997724929262591,1.0,1.0,1.0.0
F2,0.0035481338923357532,clock characteristic time,response_to_clock_rate_1,combined,common_rate_scale,1.9976359758724038,1.0,1.0,1.0.0
F2,0.0036869450645195733,clock characteristic time,response_to_clock_rate_1,combined,common_rate_scale,1.9975435466265374,1.0,1.0,1.0.0
F2,0.003831186849557289,clock characteristic time,response_to_clock_rate_1,combined,common_rate_scale,1.997447505879895,1.0,1.0,1.0.0
F2,0.003981071705534973,clock characteristic time,response_to_clock_rate_1,combined,common_rate_scale,1.9973477127002308,1.0,1.0,1.0.0
F2,0.004136820402388507,clock characteristic time,response_to_clock_rate_1,combined,common_rate_scale,1.9972440206512516,1.0,1.0,1.0.0
F2,0.004298662347082277,clock characteristic time,response_to_clock_rate_1,combined,common_rate_scale,1.9971362776956292,1.0,1.0,1.0.0
F2,0.0044668359215096305,clock characteristic time,response_to_clock_rate_1,combined,common_rate_scale,1.9970243256635425,1.0,1.0,1.0.0
F2,0.004641588833612777,clock characteristic time,response_to_clock_rate_1,combined,common_rate_scale,1.9969080004931248,1.0,1.0,1.0.0
F2,0.004823178482239309,clock characteristic time,response_to_clock_rate_1,combined,common_rate_scale,1.9967871316339616,1.0,1.0,1.0.0
F2,0.005011872336272725,clock characteristic time,response_to_clock_rate_1,combined,common_rate_scale,1.9966615418377263,1.0,1.0,1.0.0
F2,0.005207948328595465,clock characteristic time,response_to_clock_rate_1,combined,common_rate_scale,1.9965310470488926,1.0,1.0,1.0.0
F2,0.0054116952654646375,clock characteristic time,response_to_clock_rate_1,combined,common_rate_scale,1.99639545603972,1.0,1.0,1.0.0
F2,0.005623413251903491,clock characteristic time,response_to_clock_rate_1,combined,common_rate_scale,1.9962545701507421,1.0,1.0,1.0.0
F2,0.005843414133735175,clock characteristic time,response_to_clock_rate_1,combined,common_rate_scale,1.9961081830502443,1.0,1.0,1.0.0
F2,0.006072021956909884,clock characteristic time,response_to_clock_rate_1,combined,common_rate_scale,1.9959560803061156,1.0,1.0,1.0.0
F2,0.006309573444801929,clock characteristic time,response_to_clock_rate_1,combined,common_rate_scale,1.9957980392473589,1.0,1.0,1.0.0
F2,0.006556418494179785,clock characteristic time,response_to_clock_rate_1,combined,common_rate_scale,1.9956338285374509,1.0,1.0,1.0.0
F2,0.006812920690579615,clock characteristic time,response_to_clock_rate_1,combined,common_rate_scale,1.9954632078532692,1.0,1.0,1.0.0
F2,0.00707945784384138,clock characteristic time,response_to_clock_rate_1,combined,common_rate_scale,1.9952859275597057,1.0,1.0,1.0.0
F2,0.007356422544596414,clock characteristic time,response_to_clock_rate_1,combined,common_rate_scale,1.995101728355907,1.0,1.0,1.0.0
F2,0.007644222742526002,clock characteristic time,response_to_clock_rate_1,combined,common_rate_scale,1.9949103408727462,1.0,1.0,1.0.0
F2,0.007943282347242814,clock characteristic time,response_to_clock_rate_1,combined,common_rate_scale,1.9947114853604953,1.0,1.0,1.0.0
F2,0.008254041852680182,clock characteristic time,response_to_clock_rate_1,combined,common_rate_scale,1.9945048711726232,1.0,1.0,1.0.0
F2,0.008576958985908946,clock characteristic time,response_to_clock_rate_1,combined,common_rate_scale,1.9942901964619841,1.0,1.0,1.0.0
F2,0.008912509381337459,clock characteristic time,response_to_clock_rate_1,combined,common_rate_scale,1.994067147706239,1.0,1.0,1.0.0
F2,0.009261187281287938,clock characteristic time,response_to_clock_rate_1,combined,common_rate_scale,1.9938353992053002,1.0,1.0,1.0.0
F2,0.009623506263980888,clock characteristic time,response_to_clock_rate_1,combined,common_rate_scale,1.9935946127587474,1.0,1.0,1.0.0
F2,0.01,clock characteristic time,response_to_clock_rate_1,combined,common_rate_scale,1.9933444370309616,1.0,1.0,1.0.0
F2,0.01039122303835169,clock characteristic time,response_to_clock_rate_1,combined,common_rate_scale,1.9930845071590655,1.0,1.0,1.0.0
F2,0.010797751623277093,clock characteristic time,response_to_clock_rate_1,combined,common_rate_scale,1.9928144441870121,1.0,1.0,1.0.0
F2,0.011220184543019636,clock characteristic time,response_to_clock_rate_1,combined,common_rate_scale,1.9925338545593092,1.0,1.0,1.0.0
F2,0.011659144011798317,clock characteristic time,response_to_clock_rate_1,combined,common_rate_scale,1.9922423295330491,1.0,1.0,1.0.0
F2,0.012115276586285882,clock characteristic time,response_to_clock_rate_1,combined,common_rate_scale,1.991939444637475,1.0,1.0,1.0.0
F2,0.012589254117941675,clock characteristic time,response_to_clock_rate_1,combined,common_rate_scale,1.991624759049306,1.0,1.0,1.0.0
F2,0.013081774742601943,clock characteristic time,response_to_clock_rate_1,combined,common_rate_scale,1.9912978149946912,1.0,1.0,1.0.0
F2,0.013593563908785255,clock characteristic time,response_to_clock_rate_1,combined,common_rate_scale,1.990958137099827,1.0,1.0,1.0.0
F2,0.01412537544622754,clock characteristic time,response_to_clock_rate_1,combined,common_rate_scale,1.9906052317151208,1.0,1.0,1.0.0
F2,0.014677992676220698,clock characteristic time,response_to_clock_rate_1,combined,common_rate_scale,1.9902385862616279,1.0,1.0,1.0.0
F2,0.01525222956539019,clock characteristic time,response_to_clock_rate_1,combined,common_rate_scale,1.9898576684719862,1.0,1.0,1.0.0
F2,0.015848931924611134,clock characteristic time,response_to_clock_rate_1,combined,common_rate_scale,1.9894619257048536,1.0,1.0,1.0.0
F2,0.01646897865482868,clock characteristic time,response_to_clock_rate_1,combined,common_rate_scale,1.9890507841264131,1.0,1.0,1.0.0
F2,0.01711328304161781,clock characteristic time,response_to_clock_rate_1,combined,common_rate_scale,1.9886236479561954,1.0,1.0,1.0.0
F2,0.01778279410038923,clock characteristic time,response_to_clock_rate_1,combined,common_rate_scale,1.9881798986348542,1.0,1.0,1.0.0
F2,0.018478497974222907,clock characteristic time,response_to_clock_rate_1,combined,common_rate_scale,1.9877188939722645,1.0,1.0,1.0.0
F2,0.01920141938638801,clock characteristic time,response_to_clock_rate_1,combined,common_rate_scale,1.987239967274267,1.0,1.0,1.0.0
F2,0.0199526231496888,clock characteristic time,response_to_clock_rate_1,combined,common_rate_scale,1.9867424264271643,1.0,1.0,1.0.0
F2,0.02073321573485955,clock characteristic time,response_to_clock_rate_1,combined,common_rate_scale,1.9862255529590036,1.0,1.0,1.0.0
F2,0.021544346900318832,clock characteristic time,response_to_clock_rate_1,combined,common_rate_scale,1.985688601068476,1.0,1.0,1.0.0
F2,0.0223872113856834,clock characteristic time,response_to_clock_rate_1,combined,common_rate_scale,1.9851307966142246,1.0,1.0,1.0.0
F2,0.02326305067153626,clock characteristic time,response_to_clock_rate_1,combined,common_rate_scale,1.9845513360654925,1.0,1.0,1.0.0
F2,0.024173154808041036,clock characteristic time,response_to_clock_rate_1,combined,common_rate_scale,1.9839493854424473,1.0,1.0,1.0.0
F2,0.025118864315095794,clock characteristic time,response_to_clock_rate_1,combined,common_rate_scale,1.9833240791849265,1.0,1.0,1.0.0
F2,0.026101572156825372,clock characteristic time,response_to_clock_rate_1,combined,common_rate_scale,1.9826745190047197,1.0,1.0,1.0.0
F2,0.02712272579332028,clock characteristic time,response_to_clock_rate_1,combined,common_rate_scale,1.9819997727041732,1.0,1.0,1.0.0
F2,0.028183829312644536,clock characteristic time,response_to_clock_rate_1,combined,common_rate_scale,1.9812988729327543,1.0,1.0,1.0.0
F2,0.02928644564625236,clock characteristic time,response_to_clock_rate_1,combined,common_rate_scale,1.9805708159306064,1.0,1.0,1.0.0
F2,0.03043219887107722,clock characteristic time,response_to_clock_rate_1,combined,common_rate_scale,1.9798145602055224,1.0,1.0,1.0.0
F2,0.03162277660168379,clock characteristic time,response_to_clock_rate_1,combined,common_rate_scale,1.979029025187462,1.0,1.0,1.0.0
F2,0.03285993247600654,clock characteristic time,response_to_clock_rate_1,combined,common_rate_scale,1.978213089828426,1.0,1.0,1.0.0
F2,0.034145488738336005,clock characteristic time,response_to_clock_rate_1,combined,common_rate_scale,1.9773655911589871,1.0,1.0,1.0.0
F2,0.03548133892335755,clock characteristic time,response_to_clock_rate_1,combined,common_rate_scale,1.9764853228058923,1.0,1.0,1.0.0
F2,0.03686945064519575,clock characteristic time,response_to_clock_rate_1,combined,common_rate_scale,1.975571033455545,1.0,1.0,1.0.0
F2,0.03831186849557287,clock characteristic time,response_to_clock_rate_1,combined,common_rate_scale,1.9746214252771688,1.0,1.0,1.0.0
F2,0.039810717055349734,clock characteristic time,response_to_clock_rate_1,combined,common_rate_scale,1.9736351522951925,1.0,1.0,1.0.0
F2,0.04136820402388507,clock characteristic time,response_to_clock_rate_1,combined,common_rate_scale,1.9726108187128184,1.0,1.0,1.0.0
F2,0.042986623470822764,clock characteristic time,response_to_clock_rate_1,combined,common_rate_scale,1.9715469771862166,1.0,1.0,1.0.0
F2,0.0446683592150963,clock characteristic time,response_to_clock_rate_1,combined,common_rate_scale,1.9704421270520576,1.0,1.0,1.0.0
F2,0.046415888336127795,clock characteristic time,response_to_clock_rate_1,combined,common_rate_scale,1.969294712500435,1.0,1.0,1.0.0
F2,0.04823178482239307,clock characteristic time,response_to_clock_rate_1,combined,common_rate_scale,1.9681031206989674,1.0,1.0,1.0.0
F2,0.05011872336272722,clock characteristic time,response_to_clock_rate_1,combined,common_rate_scale,1.9668656798649347,1.0,1.0,1.0.0
F2,0.052079483285954624,clock characteristic time,response_to_clock_rate_1,combined,common_rate_scale,1.9655806572873074,1.0,1.0,1.0.0
F2,0.054116952654646375,clock characteristic time,response_to_clock_rate_1,combined,common_rate_scale,1.964246257294051,1.0,1.0,1.0.0
F2,0.056234132519034905,clock characteristic time,response_to_clock_rate_1,combined,common_rate_scale,1.9628606191707787,1.0,1.0,1.0.0
F2,0.05843414133735175,clock characteristic time,response_to_clock_rate_1,combined,common_rate_scale,1.9614218150254563,1.0,1.0,1.0.0
F2,0.060720219569098836,clock characteristic time,response_to_clock_rate_1,combined,common_rate_scale,1.9599278476016075,1.0,1.0,1.0.0
F2,0.06309573444801933,clock characteristic time,response_to_clock_rate_1,combined,common_rate_scale,1.9583766480421885,1.0,1.0,1.0.0
F2,0.06556418494179789,clock characteristic time,response_to_clock_rate_1,combined,common_rate_scale,1.956766073602305,1.0,1.0,1.0.0
F2,0.06812920690579612,clock characteristic time,response_to_clock_rate_1,combined,common_rate_scale,1.9550939053107967,1.0,1.0,1.0.0
F2,0.07079457843841377,clock characteristic time,response_to_clock_rate_1,combined,common_rate_scale,1.9533578455867793,1.0,1.0,1.0.0
F2,0.07356422544596414,clock characteristic time,response_to_clock_rate_1,combined,common_rate_scale,1.9515555158064788,1.0,1.0,1.0.0
F2,0.07644222742526002,clock characteristic time,response_to_clock_rate_1,combined,common_rate_scale,1.9496844538254847,1.0,1.0,1.0.0
F2,0.07943282347242814,clock characteristic time,response_to_clock_rate_1,combined,common_rate_scale,1.9477421114596953,1.0,1.0,1.0.0
F2,0.08254041852680186,clock characteristic time,response_to_clock_rate_1,combined,common_rate_scale,1.9457258519229252,1.0,1.0,1.0.0
F2,0.08576958985908942,clock characteristic time,response_to_clock_rate_1,combined,common_rate_scale,1.9436329472281477,1.0,1.0,1.0.0
F2,0.08912509381337455,clock characteristic time,response_to_clock_rate_1,combined,common_rate_scale,1.9414605755536525,1.0,1.0,1.0.0
F2,0.09261187281287933,clock characteristic time,response_to_clock_rate_1,combined,common_rate_scale,1.9392058185786787,1.0,1.0,1.0.0
F2,0.09623506263980887,clock characteristic time,response_to_clock_rate_1,combined,common_rate_scale,1.9368656587916526,1.0,1.0,1.0.0
F2,0.1,clock characteristic time,response_to_clock_rate_1,combined,common_rate_scale,1.934436976777129,1.0,1.0,1.0.0
F2,0.10391223038351691,clock characteristic time,response_to_clock_rate_1,combined,common_rate_scale,1.9319165484859293,1.0,1.0,1.0.0
F2,0.10797751623277094,clock characteristic time,response_to_clock_rate_1,combined,common_rate_scale,1.9293010424949382,1.0,1.0,1.0.0
F2,0.1122018454301963,clock characteristic time,response_to_clock_rate_1,combined,common_rate_scale,1.9265870172634385,1.0,1.0,1.0.0
F2,0.11659144011798311,clock characteristic time,response_to_clock_rate_1,combined,common_rate_scale,1.9237709183935092,1.0,1.0,1.0.0
F2,0.12115276586285889,clock characteristic time,response_to_clock_rate_1,combined,common_rate_scale,1.9208490759022805,1.0,1.0,1.0.0
F2,0.12589254117941676,clock characteristic time,response_to_clock_rate_1,combined,common_rate_scale,1.917817701516863,1.0,1.0,1.0.0
F2,0.13081774742601943,clock characteristic time,response_to_clock_rate_1,combined,common_rate_scale,1.9146728860004907,1.0,1.0,1.0.0
F2,0.13593563908785256,clock characteristic time,response_to_clock_rate_1,combined,common_rate_scale,1.911410596522628,1.0,1.0,1.0.0
F2,0.1412537544622754,clock characteristic time,response_to_clock_rate_1,combined,common_rate_scale,1.9080266740850094,1.0,1.0,1.0.0
F2,0.1467799267622069,clock characteristic time,response_to_clock_rate_1,combined,common_rate_scale,1.9045168310173268,1.0,1.0,1.0.0
F2,0.15252229565390182,clock characteristic time,response_to_clock_rate_1,combined,common_rate_scale,1.900876648557957,1.0,1.0,1.0.0
F2,0.1584893192461114,clock characteristic time,response_to_clock_rate_1,combined,common_rate_scale,1.897101574535967,1.0,1.0,1.0.0
F2,0.1646897865482869,clock characteristic time,response_to_clock_rate_1,combined,common_rate_scale,1.893186921172586,1.0,1.0,1.0.0
F2,0.1711328304161781,clock characteristic time,response_to_clock_rate_1,combined,common_rate_scale,1.8891278630215633,1.0,1.0,1.0.0
F2,0.1778279410038923,clock characteristic time,response_to_clock_rate_1,combined,common_rate_scale,1.8849194350705856,1.0,1.0,1.0.0
F2,0.18478497974222907,clock characteristic time,response_to_clock_rate_1,combined,common_rate_scale,1.8805565310256631,1.0,1.0,1.0.0
F2,0.1920141938638801,clock characteristic time,response_to_clock_rate_1,combined,common_rate_scale,1.8760339018052816,1.0,1.0,1.0.0
F2,0.19952623149688786,clock characteristic time,response_to_clock_rate_1,combined,common_rate_scale,1.87134615427052,1.0,1.0,1.0.0
F2,0.2073321573485954,clock characteristic time,response_to_clock_rate_1,combined,common_rate_scale,1.8664877502213424,1.0,1.0,1.0.0
F2,0.21544346900318845,clock characteristic time,response_to_clock_rate_1,combined,common_rate_scale,1.861453005690892,1.0,1.0,1.0.0
F2,0.223872113856834,clock characteristic time,response_to_clock_rate_1,combined,common_rate_scale,1.8562360905724735,1.0,1.0,1.0.0
F2,0.23263050671536262,clock characteristic time,response_to_clock_rate_1,combined,common_rate_scale,1.8508310286160887,1.0,1.0,1.0.0
F2,0.24173154808041036,clock characteristic time,response_to_clock_rate_1,combined,common_rate_scale,1.845231697834926,1.0,1.0,1.0.0
F2,0.25118864315095796,clock characteristic time,response_to_clock_rate_1,combined,common_rate_scale,1.8394318313644122,1.0,1.0,1.0.0
F2,0.2610157215682536,clock characteristic time,response_to_clock_rate_1,combined,common_rate_scale,1.8334250188203616,1.0,1.0,1.0.0
F2,0.2712272579332027,clock characteristic time,response_to_clock_rate_1,combined,common_rate_scale,1.8272047082050933,1.0,1.0,1.0.0
F2,0.2818382931264455,clock characteristic time,response_to_clock_rate_1,combined,common_rate_scale,1.8207642084144569,1.0,1.0,1.0.0
F2,0.29286445646252374,clock characteristic time,response_to_clock_rate_1,combined,common_rate_scale,1.8140966924022428,1.0,1.0,1.0.0
F2,0.3043219887107722,clock characteristic time,response_to_clock_rate_1,combined,common_rate_scale,1.8071952010615775,1.0,1.0,1.0.0
F2,0.31622776601683794,clock characteristic time,response_to_clock_rate_1,combined,common_rate_scale,1.8000526478871666,1.0,1.0,1.0.0
F2,0.3285993247600654,clock characteristic time,response_to_clock_rate_1,combined,common_rate_scale,1.792661824486118,1.0,1.0,1.0.0
F2,0.34145488738336005,clock characteristic time,response_to_clock_rate_1,combined,common_rate_scale,1.7850154070087536,1.0,1.0,1.0.0
F2,0.3548133892335753,clock characteristic time,response_to_clock_rate_1,combined,common_rate_scale,1.7771059635751556,1.0,1.0,1.0.0
F2,0.36869450645195734,clock characteristic time,response_to_clock_rate_1,combined,common_rate_scale,1.7689259627770544,1.0,1.0,1.0.0
F2,0.38311868495572887,clock characteristic time,response_to_clock_rate_1,combined,common_rate_scale,1.76046778333896,1.0,1.0,1.0.0
F2,0.3981071705534973,clock characteristic time,response_to_clock_rate_1,combined,common_rate_scale,1.7517237250262003,1.0,1.0,1.0.0
F2,0.4136820402388507,clock characteristic time,response_to_clock_rate_1,combined,common_rate_scale,1.742686020891748,1.0,1.0,1.0.0
F2,0.42986623470822766,clock characteristic time,response_to_clock_rate_1,combined,common_rate_scale,1.7333468509573298,1.0,1.0,1.0.0
F2,0.44668359215096304,clock characteristic time,response_to_clock_rate_1,combined,common_rate_scale,1.7236983574280225,1.0,1.0,1.0.0
F2,0.46415888336127775,clock characteristic time,response_to_clock_rate_1,combined,common_rate_scale,1.7137326615427737,1.0,1.0,1.0.0
F2,0.4823178482239304,clock characteristic time,response_to_clock_rate_1,combined,common_rate_scale,1.703441882166228,1.0,1.0,1.0.0
F2,0.5011872336272725,clock characteristic time,response_to_clock_rate_1,combined,common_rate_scale,1.692818156229742,1.0,1.0,1.0.0
F2,0.5207948328595465,clock characteristic time,response_to_clock_rate_1,combined,common_rate_scale,1.6818536611312416,1.0,1.0,1.0.0
F2,0.5411695265464638,clock characteristic time,response_to_clock_rate_1,combined,common_rate_scale,1.6705406392047004,1.0,1.0,1.0.0
F2,0.5623413251903491,clock characteristic time,response_to_clock_rate_1,combined,common_rate_scale,1.6588714243703044,1.0,1.0,1.0.0
F2,0.5843414133735175,clock characteristic time,response_to_clock_rate_1,combined,common_rate_scale,1.6468384710755122,1.0,1.0,1.0.0
F2,0.6072021956909883,clock characteristic time,response_to_clock_rate_1,combined,common_rate_scale,1.6344343856350907,1.0,1.0,1.0.0
F2,0.630957344480193,clock characteristic time,response_to_clock_rate_1,combined,common_rate_scale,1.6216519600747994,1.0,1.0,1.0.0
F2,0.6556418494179785,clock characteristic time,response_to_clock_rate_1,combined,common_rate_scale,1.6084842085780433,1.0,1.0,1.0.0
F2,0.6812920690579615,clock characteristic time,response_to_clock_rate_1,combined,common_rate_scale,1.5949244066277688,1.0,1.0,1.0.0
F2,0.707945784384138,clock characteristic time,response_to_clock_rate_1,combined,common_rate_scale,1.5809661329263527,1.0,1.0,1.0.0
F2,0.7356422544596414,clock characteristic time,response_to_clock_rate_1,combined,common_rate_scale,1.5666033141643614,1.0,1.0,1.0.0
F2,0.7644222742526002,clock characteristic time,response_to_clock_rate_1,combined,common_rate_scale,1.551830272694248,1.0,1.0,1.0.0
F2,0.7943282347242814,clock characteristic time,response_to_clock_rate_1,combined,common_rate_scale,1.536641777146912,1.0,1.0,1.0.0
F2,0.8254041852680182,clock characteristic time,response_to_clock_rate_1,combined,common_rate_scale,1.5210330960075262,1.0,1.0,1.0.0
F2,0.8576958985908937,clock characteristic time,response_to_clock_rate_1,combined,common_rate_scale,1.5050000541413047,1.0,1.0,1.0.0
F2,0.8912509381337459,clock characteristic time,response_to_clock_rate_1,combined,common_rate_scale,1.488539092229944,1.0,1.0,1.0.0
F2,0.9261187281287937,clock characteristic time,response_to_clock_rate_1,combined,common_rate_scale,1.4716473290445686,1.0,1.0,1.0.0
F2,0.9623506263980888,clock characteristic time,response_to_clock_rate_1,combined,common_rate_scale,1.4543226264410727,1.0,1.0,1.0.0
F2,1.0,clock characteristic time,response_to_clock_rate_1,combined,common_rate_scale,1.4365636569180902,1.0,1.0,1.0.0
F2,1.0391223038351691,clock characteristic time,response_to_clock_rate_1,combined,common_rate_scale,1.418369973526289,1.0,1.0,1.0.0
F2,1.0797751623277094,clock characteristic time,response_to_clock_rate_1,combined,common_rate_scale,1.399742081859866,1.0,1.0,1.0.0
F2,1.122018454301963,clock characteristic time,response_to_clock_rate_1,combined,common_rate_scale,1.3806815137967579,1.0,1.0,1.0.0
F2,1.165914401179831,clock characteristic time,response_to_clock_rate_1,combined,common_rate_scale,1.3611909025831104,1.0,1.0,1.0.0
F2,1.2115276586285888,clock characteristic time,response_to_clock_rate_1,combined,common_rate_scale,1.3412740587797691,1.0,1.0,1.0.0
F2,1.2589254117941675,clock characteristic time,response_to_clock_rate_1,combined,common_rate_scale,1.3209360465042321,1.0,1.0,1.0.0
F2,1.3081774742601942,clock characteristic time,response_to_clock_rate_1,combined,common_rate_scale,1.3001832593108589,1.0,1.0,1.0.0
F2,1.3593563908785256,clock characteristic time,response_to_clock_rate_1,combined,common_rate_scale,1.2790234949556492,1.0,1.0,1.0.0
F2,1.412537544622754,clock characteristic time,response_to_clock_rate_1,combined,common_rate_scale,1.2574660281904755,1.0,1.0,1.0.0
F2,1.467799267622069,clock characteristic time,response_to_clock_rate_1,combined,common_rate_scale,1.2355216806263496,1.0,1.0,1.0.0
F2,1.5252229565390183,clock characteristic time,response_to_clock_rate_1,combined,common_rate_scale,1.2132028865975786,1.0,1.0,1.0.0
F2,1.584893192461114,clock characteristic time,response_to_clock_rate_1,combined,common_rate_scale,1.1905237538505196,1.0,1.0,1.0.0
F2,1.6468978654828688,clock characteristic time,response_to_clock_rate_1,combined,common_rate_scale,1.1675001177743982,1.0,1.0,1.0.0
F2,1.711328304161781,clock characteristic time,response_to_clock_rate_1,combined,common_rate_scale,1.1441495877902108,1.0,1.0,1.0.0
F2,1.7782794100389228,clock characteristic time,response_to_clock_rate_1,combined,common_rate_scale,1.1204915844205998,1.0,1.0,1.0.0
F2,1.8478497974222907,clock characteristic time,response_to_clock_rate_1,combined,common_rate_scale,1.0965473654826854,1.0,1.0,1.0.0
F2,1.920141938638801,clock characteristic time,response_to_clock_rate_1,combined,common_rate_scale,1.0723400397818648,1.0,1.0,1.0.0
F2,1.9952623149688788,clock characteristic time,response_to_clock_rate_1,combined,common_rate_scale,1.0478945666425936,1.0,1.0,1.0.0
F2,2.073321573485954,clock characteristic time,response_to_clock_rate_1,combined,common_rate_scale,1.023237739597853,1.0,1.0,1.0.0
F2,2.1544346900318843,clock characteristic time,response_to_clock_rate_1,combined,common_rate_scale,0.998398152578356,1.0,1.0,1.0.0
F2,2.23872113856834,clock characteristic time,response_to_clock_rate_1,combined,common_rate_scale,0.9734061470019214,1.0,1.0,1.0.0
F2,2.3263050671536263,clock characteristic time,response_to_clock_rate_1,combined,common_rate_scale,0.948293738269119,1.0,1.0,1.0.0
F2,2.4173154808041035,clock characteristic time,response_to_clock_rate_1,combined,common_rate_scale,0.9230945203295362,1.0,1.0,1.0.0
F2,2.5118864315095797,clock characteristic time,response_to_clock_rate_1,combined,common_rate_scale,0.8978435471993813,1.0,1.0,1.0.0
F2,2.610157215682536,clock characteristic time,response_to_clock_rate_1,combined,common_rate_scale,0.8725771905904965,1.0,1.0,1.0.0
F2,2.712272579332027,clock characteristic time,response_to_clock_rate_1,combined,common_rate_scale,0.8473329731565521,1.0,1.0,1.0.0
F2,2.818382931264452,clock characteristic time,response_to_clock_rate_1,combined,common_rate_scale,0.8221493772758827,1.0,1.0,1.0.0
F2,2.9286445646252375,clock characteristic time,response_to_clock_rate_1,combined,common_rate_scale,0.7970656297713564,1.0,1.0,1.0.0
F2,3.043219887107722,clock characteristic time,response_to_clock_rate_1,combined,common_rate_scale,0.7721214635121993,1.0,1.0,1.0.0
F2,3.1622776601683795,clock characteristic time,response_to_clock_rate_1,combined,common_rate_scale,0.7473568574437662,1.0,1.0,1.0.0
F2,3.285993247600654,clock characteristic time,response_to_clock_rate_1,combined,common_rate_scale,0.7228117572381088,1.0,1.0,1.0.0
F2,3.4145488738336005,clock characteristic time,response_to_clock_rate_1,combined,common_rate_scale,0.6985257794356381,1.0,1.0,1.0.0
F2,3.5481338923357533,clock characteristic time,response_to_clock_rate_1,combined,common_rate_scale,0.6745379026370855,1.0,1.0,1.0.0
F2,3.6869450645195734,clock characteristic time,response_to_clock_rate_1,combined,common_rate_scale,0.6508861499816124,1.0,1.0,1.0.0
F2,3.831186849557289,clock characteristic time,response_to_clock_rate_1,combined,common_rate_scale,0.6276072677840684,1.0,1.0,1.0.0
F2,3.981071705534973,clock characteristic time,response_to_clock_rate_1,combined,common_rate_scale,0.604736405771437,1.0,1.0,1.0.0
F2,4.136820402388507,clock characteristic time,response_to_clock_rate_1,combined,common_rate_scale,0.5823068048229688,1.0,1.0,1.0.0
F2,4.298662347082277,clock characteristic time,response_to_clock_rate_1,combined,common_rate_scale,0.5603494984473124,1.0,1.0,1.0.0
F2,4.46683592150963,clock characteristic time,response_to_clock_rate_1,combined,common_rate_scale,0.5388930343912602,1.0,1.0,1.0.0
F2,4.6415888336127775,clock characteristic time,response_to_clock_rate_1,combined,common_rate_scale,0.5179632227402149,1.0,1.0,1.0.0
F2,4.823178482239304,clock characteristic time,response_to_clock_rate_1,combined,common_rate_scale,0.49758291661747656,1.0,1.0,1.0.0
F2,5.011872336272719,clock characteristic time,response_to_clock_rate_1,combined,common_rate_scale,0.47777183110339394,1.0,1.0,1.0.0
F2,5.207948328595465,clock characteristic time,response_to_clock_rate_1,combined,common_rate_scale,0.45854640527211227,1.0,1.0,1.0.0
F2,5.411695265464638,clock characteristic time,response_to_clock_rate_1,combined,common_rate_scale,0.4399197112909856,1.0,1.0,1.0.0
F2,5.62341325190349,clock characteristic time,response_to_clock_rate_1,combined,common_rate_scale,0.42190141336702247,1.0,1.0,1.0.0
F2,5.843414133735175,clock characteristic time,response_to_clock_rate_1,combined,common_rate_scale,0.40449777799120273,1.0,1.0,1.0.0
F2,6.072021956909884,clock characteristic time,response_to_clock_rate_1,combined,common_rate_scale,0.387711735473501,1.0,1.0,1.0.0
F2,6.30957344480193,clock characteristic time,response_to_clock_rate_1,combined,common_rate_scale,0.37154299123906004,1.0,1.0,1.0.0
F2,6.556418494179785,clock characteristic time,response_to_clock_rate_1,combined,common_rate_scale,0.3559881838379079,1.0,1.0,1.0.0
F2,6.812920690579615,clock characteristic time,response_to_clock_rate_1,combined,common_rate_scale,0.34104108518063364,1.0,1.0,1.0.0
F2,7.07945784384138,clock characteristic time,response_to_clock_rate_1,combined,common_rate_scale,0.3266928372244351,1.0,1.0,1.0.0
F2,7.3564225445964135,clock characteristic time,response_to_clock_rate_1,combined,common_rate_scale,0.31293221826691464,1.0,1.0,1.0.0
F2,7.644222742526002,clock characteristic time,response_to_clock_rate_1,combined,common_rate_scale,0.2997459312177009,1.0,1.0,1.0.0
F2,7.943282347242813,clock characteristic time,response_to_clock_rate_1,combined,common_rate_scale,0.2871189057541556,1.0,1.0,1.0.0
F2,8.254041852680182,clock characteristic time,response_to_clock_rate_1,combined,common_rate_scale,0.27503460615193936,1.0,1.0,1.0.0
F2,8.576958985908938,clock characteristic time,response_to_clock_rate_1,combined,common_rate_scale,0.2634753368174123,1.0,1.0,1.0.0
F2,8.91250938133745,clock characteristic time,response_to_clock_rate_1,combined,common_rate_scale,0.25242253811786325,1.0,1.0,1.0.0
F2,9.261187281287937,clock characteristic time,response_to_clock_rate_1,combined,common_rate_scale,0.24185706596729487,1.0,1.0,1.0.0
F2,9.623506263980888,clock characteristic time,response_to_clock_rate_1,combined,common_rate_scale,0.23175944972162138,1.0,1.0,1.0.0
F2,10.0,clock characteristic time,response_to_clock_rate_1,combined,common_rate_scale,0.22211012419568749,1.0,1.0,1.0.0
F2,10.39122303835169,clock characteristic time,response_to_clock_rate_1,combined,common_rate_scale,0.2128896329557065,1.0,1.0,1.0.0
F2,10.797751623277094,clock characteristic time,response_to_clock_rate_1,combined,common_rate_scale,0.20407880138339854,1.0,1.0,1.0.0
F2,11.220184543019629,clock characteristic time,response_to_clock_rate_1,combined,common_rate_scale,0.1956588792762853,1.0,1.0,1.0.0
F2,11.659144011798311,clock characteristic time,response_to_clock_rate_1,combined,common_rate_scale,0.1876116538771382,1.0,1.0,1.0.0
F2,12.115276586285876,clock characteristic time,response_to_clock_rate_1,combined,common_rate_scale,0.1799195351647939,1.0,1.0,1.0.0
F2,12.589254117941662,clock characteristic time,response_to_clock_rate_1,combined,common_rate_scale,0.17256561595696798,1.0,1.0,1.0.0
F2,13.081774742601928,clock characteristic time,response_to_clock_rate_1,combined,common_rate_scale,0.16553370986099036,1.0,1.0,1.0.0
F2,13.593563908785242,clock characteristic time,response_to_clock_rate_1,combined,common_rate_scale,0.15880837036635817,1.0,1.0,1.0.0
F2,14.125375446227554,clock characteristic time,response_to_clock_rate_1,combined,common_rate_scale,0.1523748944249581,1.0,1.0,1.0.0
F2,14.677992676220706,clock characteristic time,response_to_clock_rate_1,combined,common_rate_scale,0.1462193137437053,1.0,1.0,1.0.0
F2,15.252229565390198,clock characteristic time,response_to_clock_rate_1,combined,common_rate_scale,0.14032837676022497,1.0,1.0,1.0.0
F2,15.848931924611142,clock characteristic time,response_to_clock_rate_1,combined,common_rate_scale,0.1346895239276898,1.0,1.0,1.0.0
F2,16.46897865482869,clock characteristic time,response_to_clock_rate_1,combined,common_rate_scale,0.12929085854091288,1.0,1.0,1.0.0
F2,17.11328304161781,clock characteristic time,response_to_clock_rate_1,combined,common_rate_scale,0.12412111492835114,1.0,1.0,1.0.0
F2,17.78279410038923,clock characteristic time,response_to_clock_rate_1,combined,common_rate_scale,0.1191696254426536,1.0,1.0,1.0.0
F2,18.478497974222908,clock characteristic time,response_to_clock_rate_1,combined,common_rate_scale,0.1144262873265614,1.0,1.0,1.0.0
F2,19.20141938638801,clock characteristic time,response_to_clock_rate_1,combined,common_rate_scale,0.10988153022396076,1.0,1.0,1.0.0
F2,19.952623149688787,clock characteristic time,response_to_clock_rate_1,combined,common_rate_scale,0.10552628485313707,1.0,1.0,1.0.0
F2,20.73321573485954,clock characteristic time,response_to_clock_rate_1,combined,common_rate_scale,0.10135195316040048,1.0,1.0,1.0.0
F2,21.54434690031882,clock characteristic time,response_to_clock_rate_1,combined,common_rate_scale,0.09735038012277243,1.0,1.0,1.0.0
F2,22.38721138568338,clock characteristic time,response_to_clock_rate_1,combined,common_rate_scale,0.09351382726139189,1.0,1.0,1.0.0
F2,23.263050671536238,clock characteristic time,response_to_clock_rate_1,combined,common_rate_scale,0.08983494785474533,1.0,1.0,1.0.0
F2,24.173154808041012,clock characteristic time,response_to_clock_rate_1,combined,common_rate_scale,0.08630676379483786,1.0,1.0,1.0.0
F2,25.11886431509582,clock characteristic time,response_to_clock_rate_1,combined,common_rate_scale,0.08292264400289455,1.0,1.0,1.0.0
F2,26.101572156825384,clock characteristic time,response_to_clock_rate_1,combined,common_rate_scale,0.07967628430817746,1.0,1.0,1.0.0
F2,27.122725793320296,clock characteristic time,response_to_clock_rate_1,combined,common_rate_scale,0.07656168868938543,1.0,1.0,1.0.0
F2,28.183829312644548,clock characteristic time,response_to_clock_rate_1,combined,common_rate_scale,0.07357315177946905,1.0,1.0,1.0.0
F2,29.28644564625237,clock characteristic time,response_to_clock_rate_1,combined,common_rate_scale,0.07070524253913794,1.0,1.0,1.0.0
F2,30.432198871077222,clock characteristic time,response_to_clock_rate_1,combined,common_rate_scale,0.06795278901032299,1.0,1.0,1.0.0
F2,31.622776601683793,clock characteristic time,response_to_clock_rate_1,combined,common_rate_scale,0.06531086406739564,1.0,1.0,1.0.0
F2,32.85993247600654,clock characteristic time,response_to_clock_rate_1,combined,common_rate_scale,0.06277477209048765,1.0,1.0,1.0.0
F2,34.145488738336006,clock characteristic time,response_to_clock_rate_1,combined,common_rate_scale,0.06034003649150299,1.0,1.0,1.0.0
F2,35.481338923357534,clock characteristic time,response_to_clock_rate_1,combined,common_rate_scale,0.05800238802922988,1.0,1.0,1.0.0
F2,36.869450645195734,clock characteristic time,response_to_clock_rate_1,combined,common_rate_scale,0.0557577538553094,1.0,1.0,1.0.0
F2,38.31186849557285,clock characteristic time,response_to_clock_rate_1,combined,common_rate_scale,0.053602247237693364,1.0,1.0,1.0.0
F2,39.81071705534969,clock characteristic time,response_to_clock_rate_1,combined,common_rate_scale,0.051532157912663926,1.0,1.0,1.0.0
F2,41.36820402388503,clock characteristic time,response_to_clock_rate_1,combined,common_rate_scale,0.04954394302051787,1.0,1.0,1.0.0
F2,42.98662347082272,clock characteristic time,response_to_clock_rate_1,combined,common_rate_scale,0.04763421858368384,1.0,1.0,1.0.0
F2,44.668359215096345,clock characteristic time,response_to_clock_rate_1,combined,common_rate_scale,0.04579975148937107,1.0,1.0,1.0.0
F2,46.41588833612782,clock characteristic time,response_to_clock_rate_1,combined,common_rate_scale,0.04403745194187961,1.0,1.0,1.0.0
F2,48.23178482239309,clock characteristic time,response_to_clock_rate_1,combined,common_rate_scale,0.042344366352460576,1.0,1.0,1.0.0
F2,50.118723362727245,clock characteristic time,response_to_clock_rate_1,combined,common_rate_scale,0.040717670637133455,1.0,1.0,1.0.0
F2,52.07948328595465,clock characteristic time,response_to_clock_rate_1,combined,common_rate_scale,0.03915466389516005,1.0,1.0,1.0.0
F2,54.116952654646376,clock characteristic time,response_to_clock_rate_1,combined,common_rate_scale,0.03765276244297217,1.0,1.0,1.0.0
F2,56.23413251903491,clock characteristic time,response_to_clock_rate_1,combined,common_rate_scale,0.03620949418026536,1.0,1.0,1.0.0
F2,58.434141337351754,clock characteristic time,response_to_clock_rate_1,combined,common_rate_scale,0.034822493266723896,1.0,1.0,1.0.0
F2,60.72021956909884,clock characteristic time,response_to_clock_rate_1,combined,common_rate_scale,0.033489495089446465,1.0,1.0,1.0.0
F2,63.0957344480193,clock characteristic time,response_to_clock_rate_1,combined,common_rate_scale,0.03220833150261249,1.0,1.0,1.0.0
F2,65.56418494179785,clock characteristic time,response_to_clock_rate_1,combined,common_rate_scale,0.03097692632227796,1.0,1.0,1.0.0
F2,68.12920690579608,clock characteristic time,response_to_clock_rate_1,combined,common_rate_scale,0.029793291060426868,1.0,1.0,1.0.0
F2,70.79457843841374,clock characteristic time,response_to_clock_rate_1,combined,common_rate_scale,0.028655520883542365,1.0,1.0,1.0.0
F2,73.56422544596406,clock characteristic time,response_to_clock_rate_1,combined,common_rate_scale,0.02756179078200631,1.0,1.0,1.0.0
F2,76.44222742525994,clock characteristic time,response_to_clock_rate_1,combined,common_rate_scale,0.026510351937598674,1.0,1.0,1.0.0
F2,79.43282347242821,clock characteristic time,response_to_clock_rate_1,combined,common_rate_scale,0.02549952827725331,1.0,1.0,1.0.0
F2,82.5404185268019,clock characteristic time,response_to_clock_rate_1,combined,common_rate_scale,0.024527713202043604,1.0,1.0,1.0.0
F2,85.76958985908946,clock characteristic time,response_to_clock_rate_1,combined,common_rate_scale,0.02359336648112317,1.0,1.0,1.0.0
F2,89.12509381337459,clock characteristic time,response_to_clock_rate_1,combined,common_rate_scale,0.022695011301042876,1.0,1.0,1.0.0
F2,92.61187281287937,clock characteristic time,response_to_clock_rate_1,combined,common_rate_scale,0.021831231461505802,1.0,1.0,1.0.0
F2,96.23506263980887,clock characteristic time,response_to_clock_rate_1,combined,common_rate_scale,0.021000668709215374,1.0,1.0,1.0.0
F2,100.0,clock characteristic time,response_to_clock_rate_1,combined,common_rate_scale,0.020202020202020204,1.0,1.0,1.0.0
F2,0.001,clock characteristic time,response_to_clock_rate_4,clock,clock_rate,0.9996667222185182,1.0,4.0,1.0.0
F2,0.001039122303835169,clock characteristic time,response_to_clock_rate_4,clock,clock_rate,0.9996536860645666,1.0,4.0,1.0.0
F2,0.0010797751623277093,clock characteristic time,response_to_clock_rate_4,clock,clock_rate,0.99964013963518,1.0,4.0,1.0.0
F2,0.001122018454301963,clock characteristic time,response_to_clock_rate_4,clock,clock_rate,0.9996260637894698,1.0,4.0,1.0.0
F2,0.0011659144011798323,clock characteristic time,response_to_clock_rate_4,clock,clock_rate,0.9996114374873651,1.0,4.0,1.0.0
F2,0.001211527658628589,clock characteristic time,response_to_clock_rate_4,clock,clock_rate,0.9995962388405651,1.0,4.0,1.0.0
F2,0.0012589254117941675,clock characteristic time,response_to_clock_rate_4,clock,clock_rate,0.9995804463652297,1.0,4.0,1.0.0
F2,0.0013081774742601943,clock characteristic time,response_to_clock_rate_4,clock,clock_rate,0.999564035861769,1.0,4.0,1.0.0
F2,0.0013593563908785254,clock characteristic time,response_to_clock_rate_4,clock,clock_rate,0.9995469839773949,1.0,4.0,1.0.0
F2,0.001412537544622754,clock characteristic time,response_to_clock_rate_4,clock,clock_rate,0.999529264923917,1.0,4.0,1.0.0
F2,0.001467799267622069,clock characteristic time,response_to_clock_rate_4,clock,clock_rate,0.9995108533103079,1.0,4.0,1.0.0
F2,0.0015252229565390183,clock characteristic time,response_to_clock_rate_4,clock,clock_rate,0.999491721591363,1.0,4.0,1.0.0
F2,0.001584893192461114,clock characteristic time,response_to_clock_rate_4,clock,clock_rate,0.9994718417867594,1.0,4.0,1.0.0
F2,0.0016468978654828688,clock characteristic time,response_to_clock_rate_4,clock,clock_rate,0.9994511847505186,1.0,4.0,1.0.0
F2,0.001711328304161781,clock characteristic time,response_to_clock_rate_4,clock,clock_rate,0.9994297199097899,1.0,4.0,1.0.0
F2,0.0017782794100389228,clock characteristic time,response_to_clock_rate_4,clock,clock_rate,0.9994074157814548,1.0,4.0,1.0.0
F2,0.0018478497974222907,clock characteristic time,response_to_clock_rate_4,clock,clock_rate,0.9993842396987053,1.0,4.0,1.0.0
F2,0.001920141938638801,clock characteristic time,response_to_clock_rate_4,clock,clock_rate,0.9993601575277128,1.0,4.0,1.0.0
F2,0.001995262314968879,clock characteristic time,response_to_clock_rate_4,clock,clock_rate,0.9993351337331874,1.0,4.0,1.0.0
F2,0.002073321573485954,clock characteristic time,response_to_clock_rate_4,clock,clock_rate,0.9993091315387014,1.0,4.0,1.0.0
F2,0.0021544346900318843,clock characteristic time,response_to_clock_rate_4,clock,clock_rate,0.999282112894143,1.0,4.0,1.0.0
F2,0.00223872113856834,clock characteristic time,response_to_clock_rate_4,clock,clock_rate,0.9992540380059758,1.0,4.0,1.0.0
F2,0.0023263050671536263,clock characteristic time,response_to_clock_rate_4,clock,clock_rate,0.9992248655923709,1.0,4.0,1.0.0
F2,0.0024173154808041037,clock characteristic time,response_to_clock_rate_4,clock,clock_rate,0.9991945527866255,1.0,4.0,1.0.0
F2,0.0025118864315095794,clock characteristic time,response_to_clock_rate_4,clock,clock_rate,0.999163054943894,1.0,4.0,1.0.0
F2,0.0026101572156825357,clock characteristic time,response_to_clock_rate_4,clock,clock_rate,0.9991303260539209,1.0,4.0,1.0.0
F2,0.0027122725793320298,clock characteristic time,response_to_clock_rate_4,clock,clock_rate,0.9990963177545479,1.0,4.0,1.0.0
F2,0.002818382931264455,clock characteristic time,response_to_clock_rate_4,clock,clock_rate,0.9990609802233535,1.0,4.0,1.0.0
F2,0.0029286445646252374,clock characteristic time,response_to_clock_rate_4,clock,clock_rate,0.9990242615435025,1.0,4.0,1.0.0
F2,0.003043219887107722,clock characteristic time,response_to_clock_rate_4,clock,clock_rate,0.9989861077638785,1.0,4.0,1.0.0
F2,0.0031622776601683794,clock characteristic time,response_to_clock_rate_4,clock,clock_rate,0.9989464629027429,1.0,4.0,1.0.0
F2,0.003285993247600654,clock characteristic time,response_to_clock_rate_4,clock,clock_rate,0.9989052686774693,1.0,4.0,1.0.0
F2,0.003414548873833601,clock characteristic time,response_to_clock_rate_4,clock,clock_rate,0.9988624646312955,1.0,4.0,1.0.0
F2,0.0035481338923357532,clock characteristic time,response_to_clock_rate_4,clock,clock_rate,0.9988179879362019,1.0,4.0,1.0.0
F2,0.0036869450645195733,clock characteristic time,response_to_clock_rate_4,clock,clock_rate,0.9987717733132687,1.0,4.0,1.0.0
F2,0.003831186849557289,clock characteristic time,response_to_clock_rate_4,clock,clock_rate,0.9987237529399475,1.0,4.0,1.0.0
F2,0.003981071705534973,clock characteristic time,response_to_clock_rate_4,clock,clock_rate,0.9986738563501154,1.0,4.0,1.0.0
F2,0.004136820402388507,clock characteristic time,response_to_clock_rate_4,clock,clock_rate,0.9986220103256258,1.0,4.0,1.0.0
F2,0.004298662347082277,clock characteristic time,response_to_clock_rate_4,clock,clock_rate,0.9985681388478146,1.0,4.0,1.0.0
F2,0.0044668359215096305,clock characteristic time,response_to_clock_rate_4,clock,clock_rate,0.9985121628317712,1.0,4.0,1.0.0
F2,0.004641588833612777,clock characteristic time,response_to_clock_rate_4,clock,clock_rate,0.9984540002465624,1.0,4.0,1.0.0
F2,0.004823178482239309,clock characteristic time,response_to_clock_rate_4,clock,clock_rate,0.9983935658169808,1.0,4.0,1.0.0
F2,0.005011872336272725,clock characteristic time,response_to_clock_rate_4,clock,clock_rate,0.9983307709188631,1.0,4.0,1.0.0
F2,0.005207948328595465,clock characteristic time,response_to_clock_rate_4,clock,clock_rate,0.9982655235244463,1.0,4.0,1.0.0
F2,0.0054116952654646375,clock characteristic time,response_to_clock_rate_4,clock,clock_rate,0.99819772801986,1.0,4.0,1.0.0
F2,0.005623413251903491,clock characteristic time,response_to_clock_rate_4,clock,clock_rate,0.9981272850753711,1.0,4.0,1.0.0
F2,0.005843414133735175,clock characteristic time,response_to_clock_rate_4,clock,clock_rate,0.9980540915251221,1.0,4.0,1.0.0
F2,0.006072021956909884,clock characteristic time,response_to_clock_rate_4,clock,clock_rate,0.9979780401530578,1.0,4.0,1.0.0
F2,0.006309573444801929,clock characteristic time,response_to_clock_rate_4,clock,clock_rate,0.9978990196236794,1.0,4.0,1.0.0
F2,0.006556418494179785,clock characteristic time,response_to_clock_rate_4,clock,clock_rate,0.9978169142687254,1.0,4.0,1.0.0
F2,0.006812920690579615,clock characteristic time,response_to_clock_rate_4,clock,clock_rate,0.9977316039266346,1.0,4.0,1.0.0
F2,0.00707945784384138,clock characteristic time,response_to_clock_rate_4,clock,clock_rate,0.9976429637798528,1.0,4.0,1.0.0
F2,0.007356422544596414,clock characteristic time,response_to_clock_rate_4,clock,clock_rate,0.9975508641779535,1.0,4.0,1.0.0
F2,0.007644222742526002,clock characteristic time,response_to_clock_rate_4,clock,clock_rate,0.9974551704363731,1.0,4.0,1.0.0
F2,0.007943282347242814,clock characteristic time,response_to_clock_rate_4,clock,clock_rate,0.9973557426802476,1.0,4.0,1.0.0
F2,0.008254041852680182,clock characteristic time,response_to_clock_rate_4,clock,clock_rate,0.9972524355863116,1.0,4.0,1.0.0
F2,0.008576958985908946,clock characteristic time,response_to_clock_rate_4,clock,clock_rate,0.9971450982309921,1.0,4.0,1.0.0
F2,0.008912509381337459,clock characteristic time,response_to_clock_rate_4,clock,clock_rate,0.9970335738531195,1.0,4.0,1.0.0
F2,0.009261187281287938,clock characteristic time,response_to_clock_rate_4,clock,clock_rate,0.9969176996026501,1.0,4.0,1.0.0
F2,0.009623506263980888,clock characteristic time,response_to_clock_rate_4,clock,clock_rate,0.9967973063793737,1.0,4.0,1.0.0
F2,0.01,clock characteristic time,response_to_clock_rate_4,clock,clock_rate,0.9966722185154808,1.0,4.0,1.0.0
F2,0.01039122303835169,clock characteristic time,response_to_clock_rate_4,clock,clock_rate,0.9965422535795327,1.0,4.0,1.0.0
F2,0.010797751623277093,clock characteristic time,response_to_clock_rate_4,clock,clock_rate,0.9964072220935061,1.0,4.0,1.0.0
F2,0.011220184543019636,clock characteristic time,response_to_clock_rate_4,clock,clock_rate,0.9962669272796546,1.0,4.0,1.0.0
F2,0.011659144011798317,clock characteristic time,response_to_clock_rate_4,clock,clock_rate,0.9961211647665246,1.0,4.0,1.0.0
F2,0.012115276586285882,clock characteristic time,response_to_clock_rate_4,clock,clock_rate,0.9959697223187375,1.0,4.0,1.0.0
F2,0.012589254117941675,clock characteristic time,response_to_clock_rate_4,clock,clock_rate,0.995812379524653,1.0,4.0,1.0.0
F2,0.013081774742601943,clock characteristic time,response_to_clock_rate_4,clock,clock_rate,0.9956489074973456,1.0,4.0,1.0.0
F2,0.013593563908785255,clock characteristic time,response_to_clock_rate_4,clock,clock_rate,0.9954790685499135,1.0,4.0,1.0.0
F2,0.01412537544622754,clock characteristic time,response_to_clock_rate_4,clock,clock_rate,0.9953026158575604,1.0,4.0,1.0.0
F2,0.014677992676220698,clock characteristic time,response_to_clock_rate_4,clock,clock_rate,0.9951192931308139,1.0,4.0,1.0.0
F2,0.01525222956539019,clock characteristic time,response_to_clock_rate_4,clock,clock_rate,0.9949288342359931,1.0,4.0,1.0.0
F2,0.015848931924611134,clock characteristic time,response_to_clock_rate_4,clock,clock_rate,0.9947309628524268,1.0,4.0,1.0.0
F2,0.01646897865482868,clock characteristic time,response_to_clock_rate_4,clock,clock_rate,0.9945253920632066,1.0,4.0,1.0.0
F2,0.01711328304161781,clock characteristic time,response_to_clock_rate_4,clock,clock_rate,0.9943118239780977,1.0,4.0,1.0.0
F2,0.01778279410038923,clock characteristic time,response_to_clock_rate_4,clock,clock_rate,0.9940899493174271,1.0,4.0,1.0.0
F2,0.018478497974222907,clock characteristic time,response_to_clock_rate_4,clock,clock_rate,0.9938594469861323,1.0,4.0,1.0.0
F2,0.01920141938638801,clock characteristic time,response_to_clock_rate_4,clock,clock_rate,0.9936199836371336,1.0,4.0,1.0.0
F2,0.0199526231496888,clock characteristic time,response_to_clock_rate_4,clock,clock_rate,0.9933712132135821,1.0,4.0,1.0.0
F2,0.02073321573485955,clock characteristic time,response_to_clock_rate_4,clock,clock_rate,0.9931127764795018,1.0,4.0,1.0.0
F2,0.021544346900318832,clock characteristic time,response_to_clock_rate_4,clock,clock_rate,0.992844300534238,1.0,4.0,1.0.0
F2,0.0223872113856834,clock characteristic time,response_to_clock_rate_4,clock,clock_rate,0.9925653983071123,1.0,4.0,1.0.0
F2,0.02326305067153626,clock characteristic time,response_to_clock_rate_4,clock,clock_rate,0.9922756680327462,1.0,4.0,1.0.0
F2,0.024173154808041036,clock characteristic time,response_to_clock_rate_4,clock,clock_rate,0.9919746927212236,1.0,4.0,1.0.0
F2,0.025118864315095794,clock characteristic time,response_to_clock_rate_4,clock,clock_rate,0.9916620395924632,1.0,4.0,1.0.0
F2,0.026101572156825372,clock characteristic time,response_to_clock_rate_4,clock,clock_rate,0.9913372595023598,1.0,4.0,1.0.0
F2,0.02712272579332028,clock characteristic time,response_to_clock_rate_4,clock,clock_rate,0.9909998863520866,1.0,4.0,1.0.0
F2,0.028183829312644536,clock characteristic time,response_to_clock_rate_4,clock,clock_rate,0.9906494364663772,1.0,4.0,1.0.0
F2,0.02928644564625236,clock characteristic time,response_to_clock_rate_4,clock,clock_rate,0.9902854079653032,1.0,4.0,1.0.0
F2,0.03043219887107722,clock characteristic time,response_to_clock_rate_4,clock,clock_rate,0.9899072801027612,1.0,4.0,1.0.0
F2,0.03162277660168379,clock characteristic time,response_to_clock_rate_4,clock,clock_rate,0.989514512593731,1.0,4.0,1.0.0
F2,0.03285993247600654,clock characteristic time,response_to_clock_rate_4,clock,clock_rate,0.989106544914213,1.0,4.0,1.0.0
F2,0.034145488738336005,clock characteristic time,response_to_clock_rate_4,clock,clock_rate,0.9886827955794936,1.0,4.0,1.0.0
F2,0.03548133892335755,clock characteristic time,response_to_clock_rate_4,clock,clock_rate,0.9882426614029461,1.0,4.0,1.0.0
F2,0.03686945064519575,clock characteristic time,response_to_clock_rate_4,clock,clock_rate,0.9877855167277725,1.0,4.0,1.0.0
F2,0.03831186849557287,clock characteristic time,response_to_clock_rate_4,clock,clock_rate,0.9873107126385844,1.0,4.0,1.0.0
F2,0.039810717055349734,clock characteristic time,response_to_clock_rate_4,clock,clock_rate,0.9868175761475962,1.0,4.0,1.0.0
F2,0.04136820402388507,clock characteristic time,response_to_clock_rate_4,clock,clock_rate,0.9863054093564092,1.0,4.0,1.0.0
F2,0.042986623470822764,clock characteristic time,response_to_clock_rate_4,clock,clock_rate,0.9857734885931083,1.0,4.0,1.0.0
F2,0.0446683592150963,clock characteristic time,response_to_clock_rate_4,clock,clock_rate,0.9852210635260288,1.0,4.0,1.0.0
F2,0.046415888336127795,clock characteristic time,response_to_clock_rate_4,clock,clock_rate,0.9846473562502175,1.0,4.0,1.0.0
F2,0.04823178482239307,clock characteristic time,response_to_clock_rate_4,clock,clock_rate,0.9840515603494837,1.0,4.0,1.0.0
F2,0.05011872336272722,clock characteristic time,response_to_clock_rate_4,clock,clock_rate,0.9834328399324673,1.0,4.0,1.0.0
F2,0.052079483285954624,clock characteristic time,response_to_clock_rate_4,clock,clock_rate,0.9827903286436537,1.0,4.0,1.0.0
F2,0.054116952654646375,clock characteristic time,response_to_clock_rate_4,clock,clock_rate,0.9821231286470254,1.0,4.0,1.0.0
F2,0.056234132519034905,clock characteristic time,response_to_clock_rate_4,clock,clock_rate,0.9814303095853893,1.0,4.0,1.0.0
F2,0.05843414133735175,clock characteristic time,response_to_clock_rate_4,clock,clock_rate,0.9807109075127282,1.0,4.0,1.0.0
F2,0.060720219569098836,clock characteristic time,response_to_clock_rate_4,clock,clock_rate,0.9799639238008038,1.0,4.0,1.0.0
F2,0.06309573444801933,clock characteristic time,response_to_clock_rate_4,clock,clock_rate,0.9791883240210942,1.0,4.0,1.0.0
F2,0.06556418494179789,clock characteristic time,response_to_clock_rate_4,clock,clock_rate,0.9783830368011525,1.0,4.0,1.0.0
F2,0.06812920690579612,clock characteristic time,response_to_clock_rate_4,clock,clock_rate,0.9775469526553984,1.0,4.0,1.0.0
F2,0.07079457843841377,clock characteristic time,response_to_clock_rate_4,clock,clock_rate,0.9766789227933896,1.0,4.0,1.0.0
F2,0.07356422544596414,clock characteristic time,response_to_clock_rate_4,clock,clock_rate,0.9757777579032394,1.0,4.0,1.0.0
F2,0.07644222742526002,clock characteristic time,response_to_clock_rate_4,clock,clock_rate,0.9748422269127424,1.0,4.0,1.0.0
F2,0.07943282347242814,clock characteristic time,response_to_clock_rate_4,clock,clock_rate,0.9738710557298477,1.0,4.0,1.0.0
F2,0.08254041852680186,clock characteristic time,response_to_clock_rate_4,clock,clock_rate,0.9728629259614626,1.0,4.0,1.0.0
F2,0.08576958985908942,clock characteristic time,response_to_clock_rate_4,clock,clock_rate,0.9718164736140739,1.0,4.0,1.0.0
F2,0.08912509381337455,clock characteristic time,response_to_clock_rate_4,clock,clock_rate,0.9707302877768262,1.0,4.0,1.0.0
F2,0.09261187281287933,clock characteristic time,response_to_clock_rate_4,clock,clock_rate,0.9696029092893393,1.0,4.0,1.0.0
F2,0.09623506263980887,clock characteristic time,response_to_clock_rate_4,clock,clock_rate,0.9684328293958263,1.0,4.0,1.0.0
F2,0.1,clock characteristic time,response_to_clock_rate_4,clock,clock_rate,0.9672184883885645,1.0,4.0,1.0.0
F2,0.10391223038351691,clock characteristic time,response_to_clock_rate_4,clock,clock_rate,0.9659582742429647,1.0,4.0,1.0.0
F2,0.10797751623277094,clock characteristic time,response_to_clock_rate_4,clock,clock_rate,0.9646505212474691,1.0,4.0,1.0.0
F2,0.1122018454301963,clock characteristic time,response_to_clock_rate_4,clock,clock_rate,0.9632935086317193,1.0,4.0,1.0.0
F2,0.11659144011798311,clock characteristic time,response_to_clock_rate_4,clock,clock_rate,0.9618854591967546,1.0,4.0,1.0.0
F2,0.12115276586285889,clock characteristic time,response_to_clock_rate_4,clock,clock_rate,0.9604245379511402,1.0,4.0,1.0.0
F2,0.12589254117941676,clock characteristic time,response_to_clock_rate_4,clock,clock_rate,0.9589088507584315,1.0,4.0,1.0.0
F2,0.13081774742601943,clock characteristic time,response_to_clock_rate_4,clock,clock_rate,0.9573364430002453,1.0,4.0,1.0.0
F2,0.13593563908785256,clock characteristic time,response_to_clock_rate_4,clock,clock_rate,0.955705298261314,1.0,4.0,1.0.0
F2,0.1412537544622754,clock characteristic time,response_to_clock_rate_4,clock,clock_rate,0.9540133370425047,1.0,4.0,1.0.0
F2,0.1467799267622069,clock characteristic time,response_to_clock_rate_4,clock,clock_rate,0.9522584155086634,1.0,4.0,1.0.0
F2,0.15252229565390182,clock characteristic time,response_to_clock_rate_4,clock,clock_rate,0.9504383242789785,1.0,4.0,1.0.0
F2,0.1584893192461114,clock characteristic time,response_to_clock_rate_4,clock,clock_rate,0.9485507872679835,1.0,4.0,1.0.0
F2,0.1646897865482869,clock characteristic time,response_to_clock_rate_4,clock,clock_rate,0.946593460586293,1.0,4.0,1.0.0
F2,0.1711328304161781,clock characteristic time,response_to_clock_rate_4,clock,clock_rate,0.9445639315107817,1.0,4.0,1.0.0
F2,0.1778279410038923,clock characteristic time,response_to_clock_rate_4,clock,clock_rate,0.9424597175352928,1.0,4.0,1.0.0
F2,0.18478497974222907,clock characteristic time,response_to_clock_rate_4,clock,clock_rate,0.9402782655128316,1.0,4.0,1.0.0
F2,0.1920141938638801,clock characteristic time,response_to_clock_rate_4,clock,clock_rate,0.9380169509026408,1.0,4.0,1.0.0
F2,0.19952623149688786,clock characteristic time,response_to_clock_rate_4,clock,clock_rate,0.93567307713526,1.0,4.0,1.0.0
F2,0.2073321573485954,clock characteristic time,response_to_clock_rate_4,clock,clock_rate,0.9332438751106712,1.0,4.0,1.0.0
F2,0.21544346900318845,clock characteristic time,response_to_clock_rate_4,clock,clock_rate,0.930726502845446,1.0,4.0,1.0.0
F2,0.223872113856834,clock characteristic time,response_to_clock_rate_4,clock,clock_rate,0.9281180452862368,1.0,4.0,1.0.0
F2,0.23263050671536262,clock characteristic time,response_to_clock_rate_4,clock,clock_rate,0.9254155143080444,1.0,4.0,1.0.0
F2,0.24173154808041036,clock characteristic time,response_to_clock_rate_4,clock,clock_rate,0.922615848917463,1.0,4.0,1.0.0
F2,0.25118864315095796,clock characteristic time,response_to_clock_rate_4,clock,clock_rate,0.9197159156822061,1.0,4.0,1.0.0
F2,0.2610157215682536,clock characteristic time,response_to_clock_rate_4,clock,clock_rate,0.9167125094101808,1.0,4.0,1.0.0
F2,0.2712272579332027,clock characteristic time,response_to_clock_rate_4,clock,clock_rate,0.9136023541025466,1.0,4.0,1.0.0
F2,0.2818382931264455,clock characteristic time,response_to_clock_rate_4,clock,clock_rate,0.9103821042072284,1.0,4.0,1.0.0
F2,0.29286445646252374,clock characteristic time,response_to_clock_rate_4,clock,clock_rate,0.9070483462011214,1.0,4.0,1.0.0
F2,0.3043219887107722,clock characteristic time,response_to_clock_rate_4,clock,clock_rate,0.9035976005307887,1.0,4.0,1.0.0
F2,0.31622776601683794,clock characteristic time,response_to_clock_rate_4,clock,clock_rate,0.9000263239435833,1.0,4.0,1.0.0
F2,0.3285993247600654,clock characteristic time,response_to_clock_rate_4,clock,clock_rate,0.896330912243059,1.0,4.0,1.0.0
F2,0.34145488738336005,clock characteristic time,response_to_clock_rate_4,clock,clock_rate,0.8925077035043768,1.0,4.0,1.0.0
F2,0.3548133892335753,clock characteristic time,response_to_clock_rate_4,clock,clock_rate,0.8885529817875778,1.0,4.0,1.0.0
F2,0.36869450645195734,clock characteristic time,response_to_clock_rate_4,clock,clock_rate,0.8844629813885272,1.0,4.0,1.0.0
F2,0.38311868495572887,clock characteristic time,response_to_clock_rate_4,clock,clock_rate,0.88023389166948,1.0,4.0,1.0.0
F2,0.3981071705534973,clock characteristic time,response_to_clock_rate_4,clock,clock_rate,0.8758618625131002,1.0,4.0,1.0.0
F2,0.4136820402388507,clock characteristic time,response_to_clock_rate_4,clock,clock_rate,0.871343010445874,1.0,4.0,1.0.0
F2,0.42986623470822766,clock characteristic time,response_to_clock_rate_4,clock,clock_rate,0.8666734254786649,1.0,4.0,1.0.0
F2,0.44668359215096304,clock characteristic time,response_to_clock_rate_4,clock,clock_rate,0.8618491787140112,1.0,4.0,1.0.0
F2,0.46415888336127775,clock characteristic time,response_to_clock_rate_4,clock,clock_rate,0.8568663307713869,1.0,4.0,1.0.0
F2,0.4823178482239304,clock characteristic time,response_to_clock_rate_4,clock,clock_rate,0.851720941083114,1.0,4.0,1.0.0
F2,0.5011872336272725,clock characteristic time,response_to_clock_rate_4,clock,clock_rate,0.846409078114871,1.0,4.0,1.0.0
F2,0.5207948328595465,clock characteristic time,response_to_clock_rate_4,clock,clock_rate,0.8409268305656208,1.0,4.0,1.0.0
F2,0.5411695265464638,clock characteristic time,response_to_clock_rate_4,clock,clock_rate,0.8352703196023502,1.0,4.0,1.0.0
F2,0.5623413251903491,clock characteristic time,response_to_clock_rate_4,clock,clock_rate,0.8294357121851522,1.0,4.0,1.0.0
F2,0.5843414133735175,clock characteristic time,response_to_clock_rate_4,clock,clock_rate,0.8234192355377561,1.0,4.0,1.0.0
F2,0.6072021956909883,clock characteristic time,response_to_clock_rate_4,clock,clock_rate,0.8172171928175453,1.0,4.0,1.0.0
F2,0.630957344480193,clock characteristic time,response_to_clock_rate_4,clock,clock_rate,0.8108259800373997,1.0,4.0,1.0.0
F2,0.6556418494179785,clock characteristic time,response_to_clock_rate_4,clock,clock_rate,0.8042421042890217,1.0,4.0,1.0.0
F2,0.6812920690579615,clock characteristic time,response_to_clock_rate_4,clock,clock_rate,0.7974622033138844,1.0,4.0,1.0.0
F2,0.707945784384138,clock characteristic time,response_to_clock_rate_4,clock,clock_rate,0.7904830664631763,1.0,4.0,1.0.0
F2,0.7356422544596414,clock characteristic time,response_to_clock_rate_4,clock,clock_rate,0.7833016570821807,1.0,4.0,1.0.0
F2,0.7644222742526002,clock characteristic time,response_to_clock_rate_4,clock,clock_rate,0.775915136347124,1.0,4.0,1.0.0
F2,0.7943282347242814,clock characteristic time,response_to_clock_rate_4,clock,clock_rate,0.768320888573456,1.0,4.0,1.0.0
F2,0.8254041852680182,clock characteristic time,response_to_clock_rate_4,clock,clock_rate,0.7605165480037631,1.0,4.0,1.0.0
F2,0.8576958985908937,clock characteristic time,response_to_clock_rate_4,clock,clock_rate,0.7525000270706523,1.0,4.0,1.0.0
F2,0.8912509381337459,clock characteristic time,response_to_clock_rate_4,clock,clock_rate,0.744269546114972,1.0,4.0,1.0.0
F2,0.9261187281287937,clock characteristic time,response_to_clock_rate_4,clock,clock_rate,0.7358236645222843,1.0,4.0,1.0.0
F2,0.9623506263980888,clock characteristic time,response_to_clock_rate_4,clock,clock_rate,0.7271613132205363,1.0,4.0,1.0.0
F2,1.0,clock characteristic time,response_to_clock_rate_4,clock,clock_rate,0.7182818284590451,1.0,4.0,1.0.0
F2,1.0391223038351691,clock characteristic time,response_to_clock_rate_4,clock,clock_rate,0.7091849867631445,1.0,4.0,1.0.0
F2,1.0797751623277094,clock characteristic time,response_to_clock_rate_4,clock,clock_rate,0.699871040929933,1.0,4.0,1.0.0
F2,1.122018454301963,clock characteristic time,response_to_clock_rate_4,clock,clock_rate,0.6903407568983789,1.0,4.0,1.0.0
F2,1.165914401179831,clock characteristic time,response_to_clock_rate_4,clock,clock_rate,0.6805954512915552,1.0,4.0,1.0.0
F2,1.2115276586285888,clock characteristic time,response_to_clock_rate_4,clock,clock_rate,0.6706370293898846,1.0,4.0,1.0.0
F2,1.2589254117941675,clock characteristic time,response_to_clock_rate_4,clock,clock_rate,0.6604680232521161,1.0,4.0,1.0.0
F2,1.3081774742601942,clock characteristic time,response_to_clock_rate_4,clock,clock_rate,0.6500916296554294,1.0,4.0,1.0.0
F2,1.3593563908785256,clock characteristic time,response_to_clock_rate_4,clock,clock_rate,0.6395117474778246,1.0,4.0,1.0.0
F2,1.412537544622754,clock characteristic time,response_to_clock_rate_4,clock,clock_rate,0.6287330140952377,1.0,4.0,1.0.0
F2,1.467799267622069,clock characteristic time,response_to_clock_rate_4,clock,clock_rate,0.6177608403131748,1.0,4.0,1.0.0
F2,1.5252229565390183,clock characteristic time,response_to_clock_rate_4,clock,clock_rate,0.6066014432987893,1.0,4.0,1.0.0
F2,1.584893192461114,clock characteristic time,response_to_clock_rate_4,clock,clock_rate,0.5952618769252598,1.0,4.0,1.0.0
F2,1.6468978654828688,clock characteristic time,response_to_clock_rate_4,clock,clock_rate,0.5837500588871991,1.0,4.0,1.0.0
F2,1.711328304161781,clock characteristic time,response_to_clock_rate_4,clock,clock_rate,0.5720747938951054,1.0,4.0,1.0.0
F2,1.7782794100389228,clock characteristic time,response_to_clock_rate_4,clock,clock_rate,0.5602457922102999,1.0,4.0,1.0.0
F2,1.8478497974222907,clock characteristic time,response_to_clock_rate_4,clock,clock_rate,0.5482736827413427,1.0,4.0,1.0.0
F2,1.920141938638801,clock characteristic time,response_to_clock_rate_4,clock,clock_rate,0.5361700198909324,1.0,4.0,1.0.0
F2,1.9952623149688788,clock characteristic time,response_to_clock_rate_4,clock,clock_rate,0.5239472833212968,1.0,4.0,1.0.0
F2,2.073321573485954,clock characteristic time,response_to_clock_rate_4,clock,clock_rate,0.5116188697989265,1.0,4.0,1.0.0
F2,2.1544346900318843,clock characteristic time,response_to_clock_rate_4,clock,clock_rate,0.499199076289178,1.0,4.0,1.0.0
F2,2.23872113856834,clock characteristic time,response_to_clock_rate_4,clock,clock_rate,0.4867030735009607,1.0,4.0,1.0.0
F2,2.3263050671536263,clock characteristic time,response_to_clock_rate_4,clock,clock_rate,0.4741468691345595,1.0,4.0,1.0.0
F2,2.4173154808041035,clock characteristic time,response_to_clock_rate_4,clock,clock_rate,0.4615472601647681,1.0,4.0,1.0.0
F2,2.5118864315095797,clock characteristic time,response_to_clock_rate_4,clock,clock_rate,0.44892177359969065,1.0,4.0,1.0.0
F2,2.610157215682536,clock characteristic time,response_to_clock_rate_4,clock,clock_rate,0.43628859529524827,1.0,4.0,1.0.0
F2,2.712272579332027,clock characteristic time,response_to_clock_rate_4,clock,clock_rate,0.42366648657827605,1.0,4.0,1.0.0
F2,2.818382931264452,clock characteristic time,response_to_clock_rate_4,clock,clock_rate,0.41107468863794133,1.0,4.0,1.0.0
F2,2.9286445646252375,clock characteristic time,response_to_clock_rate_4,clock,clock_rate,0.3985328148856782,1.0,4.0,1.0.0
F2,3.043219887107722,clock characteristic time,response_to_clock_rate_4,clock,clock_rate,0.3860607317560997,1.0,4.0,1.0.0
F2,3.1622776601683795,clock characteristic time,response_to_clock_rate_4,clock,clock_rate,0.3736784287218831,1.0,4.0,1.0.0
F2,3.285993247600654,clock characteristic time,response_to_clock_rate_4,clock,clock_rate,0.3614058786190544,1.0,4.0,1.0.0
F2,3.4145488738336005,clock characteristic time,response_to_clock_rate_4,clock,clock_rate,0.34926288971781905,1.0,4.0,1.0.0
F2,3.5481338923357533,clock characteristic time,response_to_clock_rate_4,clock,clock_rate,0.33726895131854273,1.0,4.0,1.0.0
F2,3.6869450645195734,clock characteristic time,response_to_clock_rate_4,clock,clock_rate,0.3254430749908062,1.0,4.0,1.0.0
F2,3.831186849557289,clock characteristic time,response_to_clock_rate_4,clock,clock_rate,0.3138036338920342,1.0,4.0,1.0.0
F2,3.981071705534973,clock characteristic time,response_to_clock_rate_4,clock,clock_rate,0.3023682028857185,1.0,4.0,1.0.0
F2,4.136820402388507,clock characteristic time,response_to_clock_rate_4,clock,clock_rate,0.2911534024114844,1.0,4.0,1.0.0
F2,4.298662347082277,clock characteristic time,response_to_clock_rate_4,clock,clock_rate,0.2801747492236562,1.0,4.0,1.0.0
F2,4.46683592150963,clock characteristic time,response_to_clock_rate_4,clock,clock_rate,0.2694465171956301,1.0,4.0,1.0.0
F2,4.6415888336127775,clock characteristic time,response_to_clock_rate_4,clock,clock_rate,0.25898161137010745,1.0,4.0,1.0.0
F2,4.823178482239304,clock characteristic time,response_to_clock_rate_4,clock,clock_rate,0.24879145830873828,1.0,4.0,1.0.0
F2,5.011872336272719,clock characteristic time,response_to_clock_rate_4,clock,clock_rate,0.23888591555169697,1.0,4.0,1.0.0
F2,5.207948328595465,clock characteristic time,response_to_clock_rate_4,clock,clock_rate,0.22927320263605613,1.0,4.0,1.0.0
F2,5.411695265464638,clock characteristic time,response_to_clock_rate_4,clock,clock_rate,0.2199598556454928,1.0,4.0,1.0.0
F2,5.62341325190349,clock characteristic time,response_to_clock_rate_4,clock,clock_rate,0.21095070668351124,1.0,4.0,1.0.0
F2,5.843414133735175,clock characteristic time,response_to_clock_rate_4,clock,clock_rate,0.20224888899560137,1.0,4.0,1.0.0
F2,6.072021956909884,clock characteristic time,response_to_clock_rate_4,clock,clock_rate,0.1938558677367505,1.0,4.0,1.0.0
F2,6.30957344480193,clock characteristic time,response_to_clock_rate_4,clock,clock_rate,0.18577149561953002,1.0,4.0,1.0.0
F2,6.556418494179785,clock characteristic time,response_to_clock_rate_4,clock,clock_rate,0.17799409191895396,1.0,4.0,1.0.0
F2,6.812920690579615,clock characteristic time,response_to_clock_rate_4,clock,clock_rate,0.17052054259031682,1.0,4.0,1.0.0
F2,7.07945784384138,clock characteristic time,response_to_clock_rate_4,clock,clock_rate,0.16334641861221755,1.0,4.0,1.0.0
F2,7.3564225445964135,clock characteristic time,response_to_clock_rate_4,clock,clock_rate,0.15646610913345732,1.0,4.0,1.0.0
F2,7.644222742526002,clock characteristic time,response_to_clock_rate_4,clock,clock_rate,0.14987296560885044,1.0,4.0,1.0.0
F2,7.943282347242813,clock characteristic time,response_to_clock_rate_4,clock,clock_rate,0.1435594528770778,1.0,4.0,1.0.0
F2,8.254041852680182,clock characteristic time,response_to_clock_rate_4,clock,clock_rate,0.13751730307596968,1.0,4.0,1.0.0
F2,8.576958985908938,clock characteristic time,response_to_clock_rate_4,clock,clock_rate,0.13173766840870615,1.0,4.0,1.0.0
F2,8.91250938133745,clock characteristic time,response_to_clock_rate_4,clock,clock_rate,0.12621126905893162,1.0,4.0,1.0.0
F2,9.261187281287937,clock characteristic time,response_to_clock_rate_4,clock,clock_rate,0.12092853298364743,1.0,4.0,1.0.0
F2,9.623506263980888,clock characteristic time,response_to_clock_rate_4,clock,clock_rate,0.11587972486081069,1.0,4.0,1.0.0
F2,10.0,clock characteristic time,response_to_clock_rate_4,clock,clock_rate,0.11105506209784374,1.0,4.0,1.0.0
F2,10.39122303835169,clock characteristic time,response_to_clock_rate_4,clock,clock_rate,0.10644481647785325,1.0,4.0,1.0.0
F2,10.797751623277094,clock characteristic time,response_to_clock_rate_4,clock,clock_rate,0.10203940069169927,1.0,4.0,1.0.0
F2,11.220184543019629,clock characteristic time,response_to_clock_rate_4,clock,clock_rate,0.09782943963814265,1.0,4.0,1.0.0
F2,11.659144011798311,clock characteristic time,response_to_clock_rate_4,clock,clock_rate,0.0938058269385691,1.0,4.0,1.0.0
F2,12.115276586285876,clock characteristic time,response_to_clock_rate_4,clock,clock_rate,0.08995976758239695,1.0,4.0,1.0.0
F2,12.589254117941662,clock characteristic time,response_to_clock_rate_4,clock,clock_rate,0.08628280797848399,1.0,4.0,1.0.0
F2,13.081774742601928,clock characteristic time,response_to_clock_rate_4,clock,clock_rate,0.08276685493049518,1.0,4.0,1.0.0
F2,13.593563908785242,clock characteristic time,response_to_clock_rate_4,clock,clock_rate,0.07940418518317909,1.0,4.0,1.0.0
F2,14.125375446227554,clock characteristic time,response_to_clock_rate_4,clock,clock_rate,0.07618744721247905,1.0,4.0,1.0.0
F2,14.677992676220706,clock characteristic time,response_to_clock_rate_4,clock,clock_rate,0.07310965687185265,1.0,4.0,1.0.0
F2,15.252229565390198,clock characteristic time,response_to_clock_rate_4,clock,clock_rate,0.07016418838011249,1.0,4.0,1.0.0
F2,15.848931924611142,clock characteristic time,response_to_clock_rate_4,clock,clock_rate,0.0673447619638449,1.0,4.0,1.0.0
F2,16.46897865482869,clock characteristic time,response_to_clock_rate_4,clock,clock_rate,0.06464542927045644,1.0,4.0,1.0.0
F2,17.11328304161781,clock characteristic time,response_to_clock_rate_4,clock,clock_rate,0.06206055746417557,1.0,4.0,1.0.0
F2,17.78279410038923,clock characteristic time,response_to_clock_rate_4,clock,clock_rate,0.0595848127213268,1.0,4.0,1.0.0
F2,18.478497974222908,clock characteristic time,response_to_clock_rate_4,clock,clock_rate,0.0572131436632807,1.0,4.0,1.0.0
F2,19.20141938638801,clock characteristic time,response_to_clock_rate_4,clock,clock_rate,0.05494076511198038,1.0,4.0,1.0.0
F2,19.952623149688787,clock characteristic time,response_to_clock_rate_4,clock,clock_rate,0.052763142426568536,1.0,4.0,1.0.0
F2,20.73321573485954,clock characteristic time,response_to_clock_rate_4,clock,clock_rate,0.05067597658020024,1.0,4.0,1.0.0
F2,21.54434690031882,clock characteristic time,response_to_clock_rate_4,clock,clock_rate,0.048675190061386216,1.0,4.0,1.0.0
F2,22.38721138568338,clock characteristic time,response_to_clock_rate_4,clock,clock_rate,0.046756913630695944,1.0,4.0,1.0.0
F2,23.263050671536238,clock characteristic time,response_to_clock_rate_4,clock,clock_rate,0.044917473927372664,1.0,4.0,1.0.0
F2,24.173154808041012,clock characteristic time,response_to_clock_rate_4,clock,clock_rate,0.04315338189741893,1.0,4.0,1.0.0
F2,25.11886431509582,clock characteristic time,response_to_clock_rate_4,clock,clock_rate,0.041461322001447275,1.0,4.0,1.0.0
F2,26.101572156825384,clock characteristic time,response_to_clock_rate_4,clock,clock_rate,0.03983814215408873,1.0,4.0,1.0.0
F2,27.122725793320296,clock characteristic time,response_to_clock_rate_4,clock,clock_rate,0.03828084434469271,1.0,4.0,1.0.0
F2,28.183829312644548,clock characteristic time,response_to_clock_rate_4,clock,clock_rate,0.036786575889734524,1.0,4.0,1.0.0
F2,29.28644564625237,clock characteristic time,response_to_clock_rate_4,clock,clock_rate,0.03535262126956897,1.0,4.0,1.0.0
F2,30.432198871077222,clock characteristic time,response_to_clock_rate_4,clock,clock_rate,0.033976394505161496,1.0,4.0,1.0.0
F2,31.622776601683793,clock characteristic time,response_to_clock_rate_4,clock,clock_rate,0.03265543203369782,1.0,4.0,1.0.0
F2,32.85993247600654,clock characteristic time,response_to_clock_rate_4,clock,clock_rate,0.031387386045243826,1.0,4.0,1.0.0
F2,34.145488738336006,clock characteristic time,response_to_clock_rate_4,clock,clock_rate,0.030170018245751495,1.0,4.0,1.0.0
F2,35.481338923357534,clock characteristic time,response_to_clock_rate_4,clock,clock_rate,0.02900119401461494,1.0,4.0,1.0.0
F2,36.869450645195734,clock characteristic time,response_to_clock_rate_4,clock,clock_rate,0.0278788769276547,1.0,4.0,1.0.0
F2,38.31186849557285,clock characteristic time,response_to_clock_rate_4,clock,clock_rate,0.026801123618846682,1.0,4.0,1.0.0
F2,39.81071705534969,clock characteristic time,response_to_clock_rate_4,clock,clock_rate,0.025766078956331963,1.0,4.0,1.0.0
F2,41.36820402388503,clock characteristic time,response_to_clock_rate_4,clock,clock_rate,0.024771971510258936,1.0,4.0,1.0.0
F2,42.98662347082272,clock characteristic time,response_to_clock_rate_4,clock,clock_rate,0.02381710929184192,1.0,4.0,1.0.0
F2,44.668359215096345,clock characteristic time,response_to_clock_rate_4,clock,clock_rate,0.022899875744685536,1.0,4.0,1.0.0
F2,46.41588833612782,clock characteristic time,response_to_clock_rate_4,clock,clock_rate,0.022018725970939804,1.0,4.0,1.0.0
F2,48.23178482239309,clock characteristic time,response_to_clock_rate_4,clock,clock_rate,0.021172183176230288,1.0,4.0,1.0.0
F2,50.118723362727245,clock characteristic time,response_to_clock_rate_4,clock,clock_rate,0.020358835318566727,1.0,4.0,1.0.0
F2,52.07948328595465,clock characteristic time,response_to_clock_rate_4,clock,clock_rate,0.019577331947580025,1.0,4.0,1.0.0
F2,54.116952654646376,clock characteristic time,response_to_clock_rate_4,clock,clock_rate,0.018826381221486086,1.0,4.0,1.0.0
F2,56.23413251903491,clock characteristic time,response_to_clock_rate_4,clock,clock_rate,0.01810474709013268,1.0,4.0,1.0.0
F2,58.434141337351754,clock characteristic time,response_to_clock_rate_4,clock,clock_rate,0.017411246633361948,1.0,4.0,1.0.0
F2,60.72021956909884,clock characteristic time,response_to_clock_rate_4,clock,clock_rate,0.016744747544723233,1.0,4.0,1.0.0
F2,63.0957344480193,clock characteristic time,response_to_clock_rate_4,clock,clock_rate,0.016104165751306247,1.0,4.0,1.0.0
F2,65.56418494179785,clock characteristic time,response_to_clock_rate_4,clock,clock_rate,0.01548846316113898,1.0,4.0,1.0.0
F2,68.12920690579608,clock characteristic time,response_to_clock_rate_4,clock,clock_rate,0.014896645530213434,1.0,4.0,1.0.0
F2,70.79457843841374,clock characteristic time,response_to_clock_rate_4,clock,clock_rate,0.014327760441771182,1.0,4.0,1.0.0
F2,73.56422544596406,clock characteristic time,response_to_clock_rate_4,clock,clock_rate,0.013780895391003155,1.0,4.0,1.0.0
F2,76.44222742525994,clock characteristic time,response_to_clock_rate_4,clock,clock_rate,0.013255175968799337,1.0,4.0,1.0.0
F2,79.43282347242821,clock characteristic time,response_to_clock_rate_4,clock,clock_rate,0.012749764138626656,1.0,4.0,1.0.0
F2,82.5404185268019,clock characteristic time,response_to_clock_rate_4,clock,clock_rate,0.012263856601021802,1.0,4.0,1.0.0
F2,85.76958985908946,clock characteristic time,response_to_clock_rate_4,clock,clock_rate,0.011796683240561585,1.0,4.0,1.0.0
F2,89.12509381337459,clock characteristic time,response_to_clock_rate_4,clock,clock_rate,0.011347505650521438,1.0,4.0,1.0.0
F2,92.61187281287937,clock characteristic time,response_to_clock_rate_4,clock,clock_rate,0.010915615730752901,1.0,4.0,1.0.0
F2,96.23506263980887,clock characteristic time,response_to_clock_rate_4,clock,clock_rate,0.010500334354607687,1.0,4.0,1.0.0
F2,100.0,clock characteristic time,response_to_clock_rate_4,clock,clock_rate,0.010101010101010102,1.0,4.0,1.0.0
F2,0.001,clock characteristic time,response_to_clock_rate_4,response,response_rate,0.9986675553182444,1.0,4.0,1.0.0
F2,0.001039122303835169,clock characteristic time,response_to_clock_rate_4,response,response_rate,0.9986154631210613,1.0,4.0,1.0.0
F2,0.0010797751623277093,clock characteristic time,response_to_clock_rate_4,response,response_rate,0.9985613358517063,1.0,4.0,1.0.0
F2,0.001122018454301963,clock characteristic time,response_to_clock_rate_4,response,response_rate,0.9985050940890444,1.0,4.0,1.0.0
F2,0.0011659144011798323,clock characteristic time,response_to_clock_rate_4,response,response_rate,0.99844665539424,1.0,4.0,1.0.0
F2,0.001211527658628589,clock characteristic time,response_to_clock_rate_4,response,response_rate,0.998385934075777,1.0,4.0,1.0.0
F2,0.0012589254117941675,clock characteristic time,response_to_clock_rate_4,response,response_rate,0.9983228411002154,1.0,4.0,1.0.0
F2,0.0013081774742601943,clock characteristic time,response_to_clock_rate_4,response,response_rate,0.9982572840089271,1.0,4.0,1.0.0
F2,0.0013593563908785254,clock characteristic time,response_to_clock_rate_4,response,response_rate,0.9981891667471032,1.0,4.0,1.0.0
F2,0.001412537544622754,clock characteristic time,response_to_clock_rate_4,response,response_rate,0.9981183895155717,1.0,4.0,1.0.0
F2,0.001467799267622069,clock characteristic time,response_to_clock_rate_4,response,response_rate,0.9980448486060325,1.0,4.0,1.0.0
F2,0.0015252229565390183,clock characteristic time,response_to_clock_rate_4,response,response_rate,0.9979684363791599,1.0,4.0,1.0.0
F2,0.001584893192461114,clock characteristic time,response_to_clock_rate_4,response,response_rate,0.9978890409169783,1.0,4.0,1.0.0
F2,0.0016468978654828688,clock characteristic time,response_to_clock_rate_4,response,response_rate,0.9978065460260749,1.0,4.0,1.0.0
F2,0.001711328304161781,clock characteristic time,response_to_clock_rate_4,response,response_rate,0.9977208309809187,1.0,4.0,1.0.0
F2,0.0017782794100389228,clock characteristic time,response_to_clock_rate_4,response,response_rate,0.9976317703663473,1.0,4.0,1.0.0
F2,0.0018478497974222907,clock characteristic time,response_to_clock_rate_4,response,response_rate,0.9975392339292402,1.0,4.0,1.0.0
F2,0.001920141938638801,clock characteristic time,response_to_clock_rate_4,response,response_rate,0.9974430863532681,1.0,4.0,1.0.0
F2,0.001995262314968879,clock characteristic time,response_to_clock_rate_4,response,response_rate,0.997343187092199,1.0,4.0,1.0.0
F2,0.002073321573485954,clock characteristic time,response_to_clock_rate_4,response,response_rate,0.9972393901572381,1.0,4.0,1.0.0
F2,0.0021544346900318843,clock characteristic time,response_to_clock_rate_4,response,response_rate,0.9971315438953826,1.0,4.0,1.0.0
F2,0.00223872113856834,clock characteristic time,response_to_clock_rate_4,response,response_rate,0.9970194908212544,1.0,4.0,1.0.0
F2,0.0023263050671536263,clock characteristic time,response_to_clock_rate_4,response,response_rate,0.996903067318134,1.0,4.0,1.0.0
F2,0.0024173154808041037,clock characteristic time,response_to_clock_rate_4,response,response_rate,0.9967821034900403,1.0,4.0,1.0.0
F2,0.0025118864315095794,clock characteristic time,response_to_clock_rate_4,response,response_rate,0.9966564228407773,1.0,4.0,1.0.0
F2,0.0026101572156825357,clock characteristic time,response_to_clock_rate_4,response,response_rate,0.9965258420905936,1.0,4.0,1.0.0
F2,0.0027122725793320298,clock characteristic time,response_to_clock_rate_4,response,response_rate,0.9963901708691546,1.0,4.0,1.0.0
F2,0.002818382931264455,clock characteristic time,response_to_clock_rate_4,response,response_rate,0.9962492114746743,1.0,4.0,1.0.0
F2,0.0029286445646252374,clock characteristic time,response_to_clock_rate_4,response,response_rate,0.996102758585089,1.0,4.0,1.0.0
F2,0.003043219887107722,clock characteristic time,response_to_clock_rate_4,response,response_rate,0.9959505989641514,1.0,4.0,1.0.0
F2,0.0031622776601683794,clock characteristic time,response_to_clock_rate_4,response,response_rate,0.995792511173876,1.0,4.0,1.0.0
F2,0.003285993247600654,clock characteristic time,response_to_clock_rate_4,response,response_rate,0.9956282652518611,1.0,4.0,1.0.0
F2,0.003414548873833601,clock characteristic time,response_to_clock_rate_4,response,response_rate,0.995457622405784,1.0,4.0,1.0.0
F2,0.0035481338923357532,clock characteristic time,response_to_clock_rate_4,response,response_rate,0.9952803346572728,1.0,4.0,1.0.0
F2,0.0036869450645195733,clock characteristic time,response_to_clock_rate_4,response,response_rate,0.9950961445217578,1.0,4.0,1.0.0
F2,0.003831186849557289,clock characteristic time,response_to_clock_rate_4,response,response_rate,0.99490478462568,1.0,4.0,1.0.0
F2,0.003981071705534973,clock characteristic time,response_to_clock_rate_4,response,response_rate,0.9947059773569435,1.0,4.0,1.0.0
F2,0.004136820402388507,clock characteristic time,response_to_clock_rate_4,response,response_rate,0.9944994344665994,1.0,4.0,1.0.0
F2,0.004298662347082277,clock characteristic time,response_to_clock_rate_4,response,response_rate,0.994284856681144,1.0,4.0,1.0.0
F2,0.0044668359215096305,clock characteristic time,response_to_clock_rate_4,response,response_rate,0.9940619332780695,1.0,4.0,1.0.0
F2,0.004641588833612777,clock characteristic time,response_to_clock_rate_4,response,response_rate,0.9938303416788443,1.0,4.0,1.0.0
F2,0.004823178482239309,clock characteristic time,response_to_clock_rate_4,response,response_rate,0.9935897469866571,1.0,4.0,1.0.0
F2,0.005011872336272725,clock characteristic time,response_to_clock_rate_4,response,response_rate,0.99333980154058,1.0,4.0,1.0.0
F2,0.005207948328595465,clock characteristic time,response_to_clock_rate_4,response,response_rate,0.9930801444451752,1.0,4.0,1.0.0
F2,0.0054116952654646375,clock characteristic time,response_to_clock_rate_4,response,response_rate,0.9928104010735134,1.0,4.0,1.0.0
F2,0.005623413251903491,clock characteristic time,response_to_clock_rate_4,response,response_rate,0.9925301825691467,1.0,4.0,1.0.0
F2,0.005843414133735175,clock characteristic time,response_to_clock_rate_4,response,response_rate,0.9922390853141413,1.0,4.0,1.0.0
F2,0.006072021956909884,clock characteristic time,response_to_clock_rate_4,response,response_rate,0.9919366903966279,1.0,4.0,1.0.0
F2,0.006309573444801929,clock characteristic time,response_to_clock_rate_4,response,response_rate,0.991622563045611,1.0,4.0,1.0.0
F2,0.006556418494179785,clock characteristic time,response_to_clock_rate_4,response,response_rate,0.9912962520556471,1.0,4.0,1.0.0
F2,0.006812920690579615,clock characteristic time,response_to_clock_rate_4,response,response_rate,0.9909572891867399,1.0,4.0,1.0.0
F2,0.00707945784384138,clock characteristic time,response_to_clock_rate_4,response,response_rate,0.9906051885500304,1.0,4.0,1.0.0
F2,0.007356422544596414,clock characteristic time,response_to_clock_rate_4,response,response_rate,0.9902394459692704,1.0,4.0,1.0.0
F2,0.007644222742526002,clock characteristic time,response_to_clock_rate_4,response,response_rate,0.9898595383203342,1.0,4.0,1.0.0
F2,0.007943282347242814,clock characteristic time,response_to_clock_rate_4,response,response_rate,0.9894649228552396,1.0,4.0,1.0.0
F2,0.008254041852680182,clock characteristic time,response_to_clock_rate_4,response,response_rate,0.9890550364985462,1.0,4.0,1.0.0
F2,0.008576958985908946,clock characteristic time,response_to_clock_rate_4,response,response_rate,0.9886292951238586,1.0,4.0,1.0.0
F2,0.008912509381337459,clock characteristic time,response_to_clock_rate_4,response,response_rate,0.9881870928085654,1.0,4.0,1.0.0
F2,0.009261187281287938,clock characteristic time,response_to_clock_rate_4,response,response_rate,0.9877278010656825,1.0,4.0,1.0.0
F2,0.009623506263980888,clock characteristic time,response_to_clock_rate_4,response,response_rate,0.9872507680484369,1.0,4.0,1.0.0
F2,0.01,clock characteristic time,response_to_clock_rate_4,response,response_rate,0.9867553177359343,1.0,4.0,1.0.0
F2,0.01039122303835169,clock characteristic time,response_to_clock_rate_4,response,response_rate,0.9862407490910813,1.0,4.0,1.0.0
F2,0.010797751623277093,clock characteristic time,response_to_clock_rate_4,response,response_rate,0.9857063351962553,1.0,4.0,1.0.0
F2,0.011220184543019636,clock characteristic time,response_to_clock_rate_4,response,response_rate,0.9851513223610447,1.0,4.0,1.0.0
F2,0.011659144011798317,clock characteristic time,response_to_clock_rate_4,response,response_rate,0.9845749292080119,1.0,4.0,1.0.0
F2,0.012115276586285882,clock characteristic time,response_to_clock_rate_4,response,response_rate,0.9839763457303792,1.0,4.0,1.0.0
F2,0.012589254117941675,clock characteristic time,response_to_clock_rate_4,response,response_rate,0.983354732325674,1.0,4.0,1.0.0
F2,0.013081774742601943,clock characteristic time,response_to_clock_rate_4,response,response_rate,0.9827092188029055,1.0,4.0,1.0.0
F2,0.013593563908785255,clock characteristic time,response_to_clock_rate_4,response,response_rate,0.9820389033638223,1.0,4.0,1.0.0
F2,0.01412537544622754,clock characteristic time,response_to_clock_rate_4,response,response_rate,0.9813428515575666,1.0,4.0,1.0.0
F2,0.014677992676220698,clock characteristic time,response_to_clock_rate_4,response,response_rate,0.9806200952109498,1.0,4.0,1.0.0
F2,0.01525222956539019,clock characteristic time,response_to_clock_rate_4,response,response_rate,0.97986963133248,1.0,4.0,1.0.0
F2,0.015848931924611134,clock characteristic time,response_to_clock_rate_4,response,response_rate,0.9790904209895482,1.0,4.0,1.0.0
F2,0.01646897865482868,clock characteristic time,response_to_clock_rate_4,response,response_rate,0.9782813881625972,1.0,4.0,1.0.0
F2,0.01711328304161781,clock characteristic time,response_to_clock_rate_4,response,response_rate,0.9774414185733417,1.0,4.0,1.0.0
F2,0.01778279410038923,clock characteristic time,response_to_clock_rate_4,response,response_rate,0.976569358489011,1.0,4.0,1.0.0
F2,0.018478497974222907,clock characteristic time,response_to_clock_rate_4,response,response_rate,0.9756640135037591,1.0,4.0,1.0.0
F2,0.01920141938638801,clock characteristic time,response_to_clock_rate_4,response,response_rate,0.9747241472969675,1.0,4.0,1.0.0
F2,0.0199526231496888,clock characteristic time,response_to_clock_rate_4,response,response_rate,0.9737484803706207,1.0,4.0,1.0.0
F2,0.02073321573485955,clock characteristic time,response_to_clock_rate_4,response,response_rate,0.9727356887662733,1.0,4.0,1.0.0
F2,0.021544346900318832,clock characteristic time,response_to_clock_rate_4,response,response_rate,0.9716844027630062,1.0,4.0,1.0.0
F2,0.0223872113856834,clock characteristic time,response_to_clock_rate_4,response,response_rate,0.9705932055588822,1.0,4.0,1.0.0
F2,0.02326305067153626,clock characteristic time,response_to_clock_rate_4,response,response_rate,0.9694606319366504,1.0,4.0,1.0.0
F2,0.024173154808041036,clock characteristic time,response_to_clock_rate_4,response,response_rate,0.9682851669165935,1.0,4.0,1.0.0
F2,0.025118864315095794,clock characteristic time,response_to_clock_rate_4,response,response_rate,0.9670652443987092,1.0,4.0,1.0.0
F2,0.026101572156825372,clock characteristic time,response_to_clock_rate_4,response,response_rate,0.9657992457969852,1.0,4.0,1.0.0
F2,0.02712272579332028,clock characteristic time,response_to_clock_rate_4,response,response_rate,0.9644854986688851,1.0,4.0,1.0.0
F2,0.028183829312644536,clock characteristic time,response_to_clock_rate_4,response,response_rate,0.9631222753436843,1.0,4.0,1.0.0
F2,0.02928644564625236,clock characteristic time,response_to_clock_rate_4,response,response_rate,0.9617077915528958,1.0,4.0,1.0.0
F2,0.03043219887107722,clock characteristic time,response_to_clock_rate_4,response,response_rate,0.9602402050679114,1.0,4.0,1.0.0
F2,0.03162277660168379,clock characteristic time,response_to_clock_rate_4,response,response_rate,0.9587176143487133,1.0,4.0,1.0.0
F2,0.03285993247600654,clock characteristic time,response_to_clock_rate_4,response,response_rate,0.9571380572095343,1.0,4.0,1.0.0
F2,0.034145488738336005,clock characteristic time,response_to_clock_rate_4,response,response_rate,0.9554995095070744,1.0,4.0,1.0.0
F2,0.03548133892335755,clock characteristic time,response_to_clock_rate_4,response,response_rate,0.9537998838573324,1.0,4.0,1.0.0
F2,0.03686945064519575,clock characteristic time,response_to_clock_rate_4,response,response_rate,0.9520370283882845,1.0,4.0,1.0.0
F2,0.03831186849557287,clock characteristic time,response_to_clock_rate_4,response,response_rate,0.9502087255361552,1.0,4.0,1.0.0
F2,0.039810717055349734,clock characteristic time,response_to_clock_rate_4,response,response_rate,0.9483126908931383,1.0,4.0,1.0.0
F2,0.04136820402388507,clock characteristic time,response_to_clock_rate_4,response,response_rate,0.9463465721162769,1.0,4.0,1.0.0
F2,0.042986623470822764,clock characteristic time,response_to_clock_rate_4,response,response_rate,0.9443079479070254,1.0,4.0,1.0.0
F2,0.0446683592150963,clock characteristic time,response_to_clock_rate_4,response,response_rate,0.942194327072453,1.0,4.0,1.0.0
F2,0.046415888336127795,clock characteristic time,response_to_clock_rate_4,response,response_rate,0.940003147679899,1.0,4.0,1.0.0
F2,0.04823178482239307,clock characteristic time,response_to_clock_rate_4,response,response_rate,0.9377317763177048,1.0,4.0,1.0.0
F2,0.05011872336272722,clock characteristic time,response_to_clock_rate_4,response,response_rate,0.9353775074759907,1.0,4.0,1.0.0
F2,0.052079483285954624,clock characteristic time,response_to_clock_rate_4,response,response_rate,0.9329375630622816,1.0,4.0,1.0.0
F2,0.054116952654646375,clock characteristic time,response_to_clock_rate_4,response,response_rate,0.9304090920683139,1.0,4.0,1.0.0
F2,0.056234132519034905,clock characteristic time,response_to_clock_rate_4,response,response_rate,0.9277891704052339,1.0,4.0,1.0.0
F2,0.05843414133735175,clock characteristic time,response_to_clock_rate_4,response,response_rate,0.9250748009261607,1.0,4.0,1.0.0
F2,0.060720219569098836,clock characteristic time,response_to_clock_rate_4,response,response_rate,0.9222629136561644,1.0,4.0,1.0.0
F2,0.06309573444801933,clock characteristic time,response_to_clock_rate_4,response,response_rate,0.9193503662514172,1.0,4.0,1.0.0
F2,0.06556418494179789,clock characteristic time,response_to_clock_rate_4,response,response_rate,0.9163339447106763,1.0,4.0,1.0.0
F2,0.06812920690579612,clock characteristic time,response_to_clock_rate_4,response,response_rate,0.913210364364062,1.0,4.0,1.0.0
F2,0.07079457843841377,clock characteristic time,response_to_clock_rate_4,response,response_rate,0.9099762711656701,1.0,4.0,1.0.0
F2,0.07356422544596414,clock characteristic time,response_to_clock_rate_4,response,response_rate,0.9066282433183429,1.0,4.0,1.0.0
F2,0.07644222742526002,clock characteristic time,response_to_clock_rate_4,response,response_rate,0.9031627932609145,1.0,4.0,1.0.0
F2,0.07943282347242814,clock characteristic time,response_to_clock_rate_4,response,response_rate,0.8995763700499138,1.0,4.0,1.0.0
F2,0.08254041852680186,clock characteristic time,response_to_clock_rate_4,response,response_rate,0.8958653621698055,1.0,4.0,1.0.0
F2,0.08576958985908942,clock characteristic time,response_to_clock_rate_4,response,response_rate,0.8920261008078706,1.0,4.0,1.0.0
F2,0.08912509381337455,clock characteristic time,response_to_clock_rate_4,response,response_rate,0.8880548636317435,1.0,4.0,1.0.0
F2,0.09261187281287933,clock characteristic time,response_to_clock_rate_4,response,response_rate,0.8839478791096658,1.0,4.0,1.0.0
F2,0.09623506263980887,clock characteristic time,response_to_clock_rate_4,response,response_rate,0.8797013314157016,1.0,4.0,1.0.0
F2,0.1,clock characteristic time,response_to_clock_rate_4,response,response_rate,0.875311365963974,1.0,4.0,1.0.0
F2,0.10391223038351691,clock characteristic time,response_to_clock_rate_4,response,response_rate,0.8707740956180815,1.0,4.0,1.0.0
F2,0.10797751623277094,clock characteristic time,response_to_clock_rate_4,response,response_rate,0.8660856076237125,1.0,4.0,1.0.0
F2,0.1122018454301963,clock characteristic time,response_to_clock_rate_4,response,response_rate,0.8612419713142231,1.0,4.0,1.0.0
F2,0.11659144011798311,clock characteristic time,response_to_clock_rate_4,response,response_rate,0.8562392466406369,1.0,4.0,1.0.0
F2,0.12115276586285889,clock characteristic time,response_to_clock_rate_4,response,response_rate,0.8510734935788987,1.0,4.0,1.0.0
F2,0.12589254117941676,clock characteristic time,response_to_clock_rate_4,response,response_rate,0.8457407824684449,1.0,4.0,1.0.0
F2,0.13081774742601943,clock characteristic time,response_to_clock_rate_4,response,response_rate,0.8402372053370248,1.0,4.0,1.0.0
F2,0.13593563908785256,clock characteristic time,response_to_clock_rate_4,response,response_rate,0.8345588882672149,1.0,4.0,1.0.0
F2,0.1412537544622754,clock characteristic time,response_to_clock_rate_4,response,response_rate,0.8287020048600968,1.0,4.0,1.0.0
F2,0.1467799267622069,clock characteristic time,response_to_clock_rate_4,response,response_rate,0.822662790851143,1.0,4.0,1.0.0
F2,0.15252229565390182,clock characteristic time,response_to_clock_rate_4,response,response_rate,0.8164375599321803,1.0,4.0,1.0.0
F2,0.1584893192461114,clock characteristic time,response_to_clock_rate_4,response,response_rate,0.8100227208314605,1.0,4.0,1.0.0
F2,0.1646897865482869,clock characteristic time,response_to_clock_rate_4,response,response_rate,0.8034147957011354,1.0,4.0,1.0.0
F2,0.1711328304161781,clock characteristic time,response_to_clock_rate_4,response,response_rate,0.7966104398577565,1.0,4.0,1.0.0
F2,0.1778279410038923,clock characteristic time,response_to_clock_rate_4,response,response_rate,0.7896064629164937,1.0,4.0,1.0.0
F2,0.18478497974222907,clock characteristic time,response_to_clock_rate_4,response,response_rate,0.7823998513536918,1.0,4.0,1.0.0
F2,0.1920141938638801,clock characteristic time,response_to_clock_rate_4,response,response_rate,0.7749877925247524,1.0,4.0,1.0.0
F2,0.19952623149688786,clock characteristic time,response_to_clock_rate_4,response,response_rate,0.7673677001551004,1.0,4.0,1.0.0
F2,0.2073321573485954,clock characteristic time,response_to_clock_rate_4,response,response_rate,0.7595372413109331,1.0,4.0,1.0.0
F2,0.21544346900318845,clock characteristic time,response_to_clock_rate_4,response,response_rate,0.751494364843382,1.0,4.0,1.0.0
F2,0.223872113856834,clock characteristic time,response_to_clock_rate_4,response,response_rate,0.7432373312844106,1.0,4.0,1.0.0
F2,0.23263050671536262,clock characteristic time,response_to_clock_rate_4,response,response_rate,0.7347647441550592,1.0,4.0,1.0.0
F2,0.24173154808041036,clock characteristic time,response_to_clock_rate_4,response,response_rate,0.7260755826263059,1.0,4.0,1.0.0
F2,0.25118864315095796,clock characteristic time,response_to_clock_rate_4,response,response_rate,0.7171692354496414,1.0,4.0,1.0.0
F2,0.2610157215682536,clock characteristic time,response_to_clock_rate_4,response,response_rate,0.7080455360483052,1.0,4.0,1.0.0
F2,0.2712272579332027,clock characteristic time,response_to_clock_rate_4,response,response_rate,0.6987047986308196,1.0,4.0,1.0.0
F2,0.2818382931264455,clock characteristic time,response_to_clock_rate_4,response,response_rate,0.6891478551558841,1.0,4.0,1.0.0
F2,0.29286445646252374,clock characteristic time,response_to_clock_rate_4,response,response_rate,0.6793760929417625,1.0,4.0,1.0.0
F2,0.3043219887107722,clock characteristic time,response_to_clock_rate_4,response,response_rate,0.6693914926740221,1.0,4.0,1.0.0
F2,0.31622776601683794,clock characteristic time,response_to_clock_rate_4,response,response_rate,0.6591966665229052,1.0,4.0,1.0.0
F2,0.3285993247600654,clock characteristic time,response_to_clock_rate_4,response,response_rate,0.6487948960359162,1.0,4.0,1.0.0
F2,0.34145488738336005,clock characteristic time,response_to_clock_rate_4,response,response_rate,0.6381901694226407,1.0,4.0,1.0.0
F2,0.3548133892335753,clock characteristic time,response_to_clock_rate_4,response,response_rate,0.6273872177978248,1.0,4.0,1.0.0
F2,0.36869450645195734,clock characteristic time,response_to_clock_rate_4,response,response_rate,0.6163915498958873,1.0,4.0,1.0.0
F2,0.38311868495572887,clock characteristic time,response_to_clock_rate_4,response,response_rate,0.6052094847161058,1.0,4.0,1.0.0
F2,0.3981071705534973,clock characteristic time,response_to_clock_rate_4,response,response_rate,0.5938481815036886,1.0,4.0,1.0.0
F2,0.4136820402388507,clock characteristic time,response_to_clock_rate_4,response,response_rate,0.5823156664190202,1.0,4.0,1.0.0
F2,0.42986623470822766,clock characteristic time,response_to_clock_rate_4,response,response_rate,0.5706208551970949,1.0,4.0,1.0.0
F2,0.44668359215096304,clock characteristic time,response_to_clock_rate_4,response,response_rate,0.5587735710531817,1.0,4.0,1.0.0
F2,0.46415888336127775,clock characteristic time,response_to_clock_rate_4,response,response_rate,0.5467845570512724,1.0,4.0,1.0.0
F2,0.4823178482239304,clock characteristic time,response_to_clock_rate_4,response,response_rate,0.5346654821210597,1.0,4.0,1.0.0
F2,0.5011872336272725,clock characteristic time,response_to_clock_rate_4,response,response_rate,0.5224289398897641,1.0,4.0,1.0.0
F2,0.5207948328595465,clock characteristic time,response_to_clock_rate_4,response,response_rate,0.5100884394898846,1.0,4.0,1.0.0
F2,0.5411695265464638,clock characteristic time,response_to_clock_rate_4,response,response_rate,0.49765838751591335,1.0,4.0,1.0.0
F2,0.5623413251903491,clock characteristic time,response_to_clock_rate_4,response,response_rate,0.485154060335449,1.0,4.0,1.0.0
F2,0.5843414133735175,clock characteristic time,response_to_clock_rate_4,response,response_rate,0.4725915660160542,1.0,4.0,1.0.0
F2,0.6072021956909883,clock characteristic time,response_to_clock_rate_4,response,response_rate,0.4599877952117708,1.0,4.0,1.0.0
F2,0.630957344480193,clock characteristic time,response_to_clock_rate_4,response,response_rate,0.4473603604651744,1.0,4.0,1.0.0
F2,0.6556418494179785,clock characteristic time,response_to_clock_rate_4,response,response_rate,0.4347275235245425,1.0,4.0,1.0.0
F2,0.6812920690579615,clock characteristic time,response_to_clock_rate_4,response,response_rate,0.4221081104527384,1.0,4.0,1.0.0
F2,0.707945784384138,clock characteristic time,response_to_clock_rate_4,response,response_rate,0.409521414515474,1.0,4.0,1.0.0
F2,0.7356422544596414,clock characteristic time,response_to_clock_rate_4,response,response_rate,0.39698708708111835,1.0,4.0,1.0.0
F2,0.7644222742526002,clock characteristic time,response_to_clock_rate_4,response,response_rate,0.38452501704022585,1.0,4.0,1.0.0
F2,0.7943282347242814,clock characteristic time,response_to_clock_rate_4,response,response_rate,0.3721551995566506,1.0,4.0,1.0.0
F2,0.8254041852680182,clock characteristic time,response_to_clock_rate_4,response,response_rate,0.3598975952878765,1.0,4.0,1.0.0
F2,0.8576958985908937,clock characteristic time,response_to_clock_rate_4,response,response_rate,0.34777198155220296,1.0,4.0,1.0.0
F2,0.8912509381337459,clock characteristic time,response_to_clock_rate_4,response,response_rate,0.3357977972647903,1.0,4.0,1.0.0
F2,0.9261187281287937,clock characteristic time,response_to_clock_rate_4,response,response_rate,0.32399398380124134,1.0,4.0,1.0.0
F2,0.9623506263980888,clock characteristic time,response_to_clock_rate_4,response,response_rate,0.31237882426247054,1.0,4.0,1.0.0
F2,1.0,clock characteristic time,response_to_clock_rate_4,response,response_rate,0.30096978389270995,1.0,4.0,1.0.0
F2,1.0391223038351691,clock characteristic time,response_to_clock_rate_4,response,response_rate,0.28978335462722216,1.0,4.0,1.0.0
F2,1.0797751623277094,clock characteristic time,response_to_clock_rate_4,response,response_rate,0.2788349069011894,1.0,4.0,1.0.0
F2,1.122018454301963,clock characteristic time,response_to_clock_rate_4,response,response_rate,0.2681385519205197,1.0,4.0,1.0.0
F2,1.165914401179831,clock characteristic time,response_to_clock_rate_4,response,response_rate,0.25770701756509723,1.0,4.0,1.0.0
F2,1.2115276586285888,clock characteristic time,response_to_clock_rate_4,response,response_rate,0.247551540954392,1.0,4.0,1.0.0
F2,1.2589254117941675,clock characteristic time,response_to_clock_rate_4,response,response_rate,0.23768178044765972,1.0,4.0,1.0.0
F2,1.3081774742601942,clock characteristic time,response_to_clock_rate_4,response,response_rate,0.22810574947478085,1.0,4.0,1.0.0
F2,1.3593563908785256,clock characteristic time,response_to_clock_rate_4,response,response_rate,0.2188297741038859,1.0,4.0,1.0.0
F2,1.412537544622754,clock characteristic time,response_to_clock_rate_4,response,response_rate,0.2098584756597922,1.0,4.0,1.0.0
F2,1.467799267622069,clock characteristic time,response_to_clock_rate_4,response,response_rate,0.20119477903137398,1.0,4.0,1.0.0
F2,1.5252229565390183,clock characteristic time,response_to_clock_rate_4,response,response_rate,0.1928399465712857,1.0,4.0,1.0.0
F2,1.584893192461114,clock characteristic time,response_to_clock_rate_4,response,response_rate,0.1847936367285925,1.0,4.0,1.0.0
F2,1.6468978654828688,clock characteristic time,response_to_clock_rate_4,response,response_rate,0.1770539857986429,1.0,4.0,1.0.0
F2,1.711328304161781,clock characteristic time,response_to_clock_rate_4,response,response_rate,0.16961771046194038,1.0,4.0,1.0.0
F2,1.7782794100389228,clock characteristic time,response_to_clock_rate_4,response,response_rate,0.16248022815164273,1.0,4.0,1.0.0
F2,1.8478497974222907,clock characteristic time,response_to_clock_rate_4,response,response_rate,0.15563579177162123,1.0,4.0,1.0.0
F2,1.920141938638801,clock characteristic time,response_to_clock_rate_4,response,response_rate,0.14907763491234433,1.0,4.0,1.0.0
F2,1.9952623149688788,clock characteristic time,response_to_clock_rate_4,response,response_rate,0.14279812350100857,1.0,4.0,1.0.0
F2,2.073321573485954,clock characteristic time,response_to_clock_rate_4,response,response_rate,0.136788909786461,1.0,4.0,1.0.0
F2,2.1544346900318843,clock characteristic time,response_to_clock_rate_4,response,response_rate,0.13104108469886339,1.0,4.0,1.0.0
F2,2.23872113856834,clock characteristic time,response_to_clock_rate_4,response,response_rate,0.12554532492793763,1.0,4.0,1.0.0
F2,2.3263050671536263,clock characteristic time,response_to_clock_rate_4,response,response_rate,0.12029203151072083,1.0,4.0,1.0.0
F2,2.4173154808041035,clock characteristic time,response_to_clock_rate_4,response,response_rate,0.11527145727992769,1.0,4.0,1.0.0
F2,2.5118864315095797,clock characteristic time,response_to_clock_rate_4,response,response_rate,0.11047382116059798,1.0,4.0,1.0.0
F2,2.610157215682536,clock characteristic time,response_to_clock_rate_4,response,response_rate,0.10588940797557493,1.0,4.0,1.0.0
F2,2.712272579332027,clock characteristic time,response_to_clock_rate_4,response,response_rate,0.1015086530890675,1.0,4.0,1.0.0
F2,2.818382931264452,clock characteristic time,response_to_clock_rate_4,response,response_rate,0.09732221184463538,1.0,4.0,1.0.0
F2,2.9286445646252375,clock characteristic time,response_to_clock_rate_4,response,response_rate,0.09332101430767442,1.0,4.0,1.0.0
F2,3.043219887107722,clock characteristic time,response_to_clock_rate_4,response,response_rate,0.0894963062791039,1.0,4.0,1.0.0
F2,3.1622776601683795,clock characteristic time,response_to_clock_rate_4,response,response_rate,0.08583967789189662,1.0,4.0,1.0.0
F2,3.285993247600654,clock characteristic time,response_to_clock_rate_4,response,response_rate,0.08234308133036534,1.0,4.0,1.0.0
F2,3.4145488738336005,clock characteristic time,response_to_clock_rate_4,response,response_rate,0.07899883932765421,1.0,4.0,1.0.0
F2,3.5481338923357533,clock characteristic time,response_to_clock_rate_4,response,response_rate,0.07579964611118266,1.0,4.0,1.0.0
F2,3.6869450645195734,clock characteristic time,response_to_clock_rate_4,response,response_rate,0.07273856239588199,1.0,4.0,1.0.0
F2,3.831186849557289,clock characteristic time,response_to_clock_rate_4,response,response_rate,0.06980900589126761,1.0,4.0,1.0.0
F2,3.981071705534973,clock characteristic time,response_to_clock_rate_4,response,response_rate,0.06700473861199586,1.0,4.0,1.0.0
F2,4.136820402388507,clock characteristic time,response_to_clock_rate_4,response,response_rate,0.06431985208281088,1.0,4.0,1.0.0
F2,4.298662347082277,clock characteristic time,response_to_clock_rate_4,response,response_rate,0.06174875132531452,1.0,4.0,1.0.0
F2,4.46683592150963,clock characteristic time,response_to_clock_rate_4,response,response_rate,0.059286138319740354,1.0,4.0,1.0.0
F2,4.6415888336127775,clock characteristic time,response_to_clock_rate_4,response,response_rate,0.056926995459752834,1.0,4.0,1.0.0
F2,4.823178482239304,clock characteristic time,response_to_clock_rate_4,response,response_rate,0.05466656936806335,1.0,4.0,1.0.0
F2,5.011872336272719,clock characteristic time,response_to_clock_rate_4,response,response_rate,0.05250035531766626,1.0,4.0,1.0.0
F2,5.207948328595465,clock characteristic time,response_to_clock_rate_4,response,response_rate,0.05042408240726692,1.0,4.0,1.0.0
F2,5.411695265464638,clock characteristic time,response_to_clock_rate_4,response,response_rate,0.04843369956756086,1.0,4.0,1.0.0
F2,5.62341325190349,clock characteristic time,response_to_clock_rate_4,response,response_rate,0.0465253624238579,1.0,4.0,1.0.0
F2,5.843414133735175,clock characteristic time,response_to_clock_rate_4,response,response_rate,0.04469542100611934,1.0,4.0,1.0.0
F2,6.072021956909884,clock characteristic time,response_to_clock_rate_4,response,response_rate,0.042940408275866586,1.0,4.0,1.0.0
F2,6.30957344480193,clock characteristic time,response_to_clock_rate_4,response,response_rate,0.04125702942713908,1.0,4.0,1.0.0
F2,6.556418494179785,clock characteristic time,response_to_clock_rate_4,response,response_rate,0.03964215191283866,1.0,4.0,1.0.0
F2,6.812920690579615,clock characteristic time,response_to_clock_rate_4,response,response_rate,0.038092796146160006,1.0,4.0,1.0.0
F2,7.07945784384138,clock characteristic time,response_to_clock_rate_4,response,response_rate,0.0366061268277321,1.0,4.0,1.0.0
F2,7.3564225445964135,clock characteristic time,response_to_clock_rate_4,response,response_rate,0.03517944485145056,1.0,4.0,1.0.0
F2,7.644222742526002,clock characteristic time,response_to_clock_rate_4,response,response_rate,0.0338101797450289,1.0,4.0,1.0.0
F2,7.943282347242813,clock characteristic time,response_to_clock_rate_4,response,response_rate,0.03249588260457734,1.0,4.0,1.0.0
F2,8.254041852680182,clock characteristic time,response_to_clock_rate_4,response,response_rate,0.031234219485777377,1.0,4.0,1.0.0
F2,8.576958985908938,clock characteristic time,response_to_clock_rate_4,response,response_rate,0.030022965217319356,1.0,4.0,1.0.0
F2,8.91250938133745,clock characteristic time,response_to_clock_rate_4,response,response_rate,0.028859997605151008,1.0,4.0,1.0.0
F2,9.261187281287937,clock characteristic time,response_to_clock_rate_4,response,response_rate,0.027743291998728454,1.0,4.0,1.0.0
F2,9.623506263980888,clock characteristic time,response_to_clock_rate_4,response,response_rate,0.026670916192872512,1.0,4.0,1.0.0
F2,10.0,clock characteristic time,response_to_clock_rate_4,response,response_rate,0.025641025641025637,1.0,4.0,1.0.0
F2,10.39122303835169,clock characteristic time,response_to_clock_rate_4,response,response_rate,0.02465185895769766,1.0,4.0,1.0.0
F2,10.797751623277094,clock characteristic time,response_to_clock_rate_4,response,response_rate,0.02370173368969862,1.0,4.0,1.0.0
F2,11.220184543019629,clock characteristic time,response_to_clock_rate_4,response,response_rate,0.022789042337403153,1.0,4.0,1.0.0
F2,11.659144011798311,clock characteristic time,response_to_clock_rate_4,response,response_rate,0.02191224860878892,1.0,4.0,1.0.0
F2,12.115276586285876,clock characteristic time,response_to_clock_rate_4,response,response_rate,0.02106988389035574,1.0,4.0,1.0.0
F2,12.589254117941662,clock characteristic time,response_to_clock_rate_4,response,response_rate,0.020260543920275712,1.0,4.0,1.0.0
F2,13.081774742601928,clock characteristic time,response_to_clock_rate_4,response,response_rate,0.019482885650259393,1.0,4.0,1.0.0
F2,13.593563908785242,clock characteristic time,response_to_clock_rate_4,response,response_rate,0.018735624283659557,1.0,4.0,1.0.0
F2,14.125375446227554,clock characteristic time,response_to_clock_rate_4,response,response_rate,0.01801753047828123,1.0,4.0,1.0.0
F2,14.677992676220706,clock characteristic time,response_to_clock_rate_4,response,response_rate,0.017327427703233728,1.0,4.0,1.0.0
F2,15.252229565390198,clock characteristic time,response_to_clock_rate_4,response,response_rate,0.01666418973995334,1.0,4.0,1.0.0
F2,15.848931924611142,clock characteristic time,response_to_clock_rate_4,response,response_rate,0.01602673831825394,1.0,4.0,1.0.0
F2,16.46897865482869,clock characteristic time,response_to_clock_rate_4,response,response_rate,0.01541404087892861,1.0,4.0,1.0.0
F2,17.11328304161781,clock characteristic time,response_to_clock_rate_4,response,response_rate,0.014825108455038767,1.0,4.0,1.0.0
F2,17.78279410038923,clock characteristic time,response_to_clock_rate_4,response,response_rate,0.014258993664589376,1.0,4.0,1.0.0
F2,18.478497974222908,clock characteristic time,response_to_clock_rate_4,response,response_rate,0.013714788807806733,1.0,4.0,1.0.0
F2,19.20141938638801,clock characteristic time,response_to_clock_rate_4,response,response_rate,0.013191624062710799,1.0,4.0,1.0.0
F2,19.952623149688787,clock characteristic time,response_to_clock_rate_4,response,response_rate,0.012688665773113002,1.0,4.0,1.0.0
F2,20.73321573485954,clock characteristic time,response_to_clock_rate_4,response,response_rate,0.012205114823574078,1.0,4.0,1.0.0
F2,21.54434690031882,clock characteristic time,response_to_clock_rate_4,response,response_rate,0.011740205096229412,1.0,4.0,1.0.0
F2,22.38721138568338,clock characteristic time,response_to_clock_rate_4,response,response_rate,0.011293202004733102,1.0,4.0,1.0.0
F2,23.263050671536238,clock characteristic time,response_to_clock_rate_4,response,response_rate,0.010863401100889822,1.0,4.0,1.0.0
F2,24.173154808041012,clock characteristic time,response_to_clock_rate_4,response,response_rate,0.010450126749836959,1.0,4.0,1.0.0
F2,25.11886431509582,clock characteristic time,response_to_clock_rate_4,response,response_rate,0.010052730869911328,1.0,4.0,1.0.0
F2,26.101572156825384,clock characteristic time,response_to_clock_rate_4,response,response_rate,0.009670591733586094,1.0,4.0,1.0.0
F2,27.122725793320296,clock characteristic time,response_to_clock_rate_4,response,response_rate,0.009303112826096043,1.0,4.0,1.0.0
F2,28.183829312644548,clock characteristic time,response_to_clock_rate_4,response,response_rate,0.008949721758585917,1.0,4.0,1.0.0
F2,29.28644564625237,clock characteristic time,response_to_clock_rate_4,response,response_rate,0.008609869232815917,1.0,4.0,1.0.0
F2,30.432198871077222,clock characteristic time,response_to_clock_rate_4,response,response_rate,0.008283028054644759,1.0,4.0,1.0.0
F2,31.622776601683793,clock characteristic time,response_to_clock_rate_4,response,response_rate,0.007968692193683053,1.0,4.0,1.0.0
F2,32.85993247600654,clock characteristic time,response_to_clock_rate_4,response,response_rate,0.0076663758866701995,1.0,4.0,1.0.0
F2,34.145488738336006,clock characteristic time,response_to_clock_rate_4,response,response_rate,0.0073756127822770835,1.0,4.0,1.0.0
F2,35.481338923357534,clock characteristic time,response_to_clock_rate_4,response,response_rate,0.007095955125175671,1.0,4.0,1.0.0
F2,36.869450645195734,clock characteristic time,response_to_clock_rate_4,response,response_rate,0.006826972977345814,1.0,4.0,1.0.0
F2,38.31186849557285,clock characteristic time,response_to_clock_rate_4,response,response_rate,0.006568253474709961,1.0,4.0,1.0.0
F2,39.81071705534969,clock characteristic time,response_to_clock_rate_4,response,response_rate,0.006319400117298763,1.0,4.0,1.0.0
F2,41.36820402388503,clock characteristic time,response_to_clock_rate_4,response,response_rate,0.006080032091255208,1.0,4.0,1.0.0
F2,42.98662347082272,clock characteristic time,response_to_clock_rate_4,response,response_rate,0.005849783621082764,1.0,4.0,1.0.0
F2,44.668359215096345,clock characteristic time,response_to_clock_rate_4,response,response_rate,0.005628303350634194,1.0,4.0,1.0.0
F2,46.41588833612782,clock characteristic time,response_to_clock_rate_4,response,response_rate,0.005415253751423183,1.0,4.0,1.0.0
F2,48.23178482239309,clock characteristic time,response_to_clock_rate_4,response,response_rate,0.005210310556920447,1.0,4.0,1.0.0
F2,50.118723362727245,clock characteristic time,response_to_clock_rate_4,response,response_rate,0.005013162221571014,1.0,4.0,1.0.0
F2,52.07948328595465,clock characteristic time,response_to_clock_rate_4,response,response_rate,0.004823509403338927,1.0,4.0,1.0.0
F2,54.116952654646376,clock characteristic time,response_to_clock_rate_4,response,response_rate,0.0046410644686512795,1.0,4.0,1.0.0
F2,56.23413251903491,clock characteristic time,response_to_clock_rate_4,response,response_rate,0.004465551018674777,1.0,4.0,1.0.0
F2,58.434141337351754,clock characteristic time,response_to_clock_rate_4,response,response_rate,0.0042967034359156315,1.0,4.0,1.0.0
F2,60.72021956909884,clock characteristic time,response_to_clock_rate_4,response,response_rate,0.004134266450187551,1.0,4.0,1.0.0
F2,63.0957344480193,clock characteristic time,response_to_clock_rate_4,response,response_rate,0.003977994723043279,1.0,4.0,1.0.0
F2,65.56418494179785,clock characteristic time,response_to_clock_rate_4,response,response_rate,0.003827652449812818,1.0,4.0,1.0.0
F2,68.12920690579608,clock characteristic time,response_to_clock_rate_4,response,response_rate,0.003683012978436154,1.0,4.0,1.0.0
F2,70.79457843841374,clock characteristic time,response_to_clock_rate_4,response,response_rate,0.0035438584443204663,1.0,4.0,1.0.0
F2,73.56422544596406,clock characteristic time,response_to_clock_rate_4,response,response_rate,0.00340997942049134,1.0,4.0,1.0.0
F2,76.44222742525994,clock characteristic time,response_to_clock_rate_4,response,response_rate,0.0032811745823448347,1.0,4.0,1.0.0
F2,79.43282347242821,clock characteristic time,response_to_clock_rate_4,response,response_rate,0.0031572503863423244,1.0,4.0,1.0.0
F2,82.5404185268019,clock characteristic time,response_to_clock_rate_4,response,response_rate,0.003038020762023166,1.0,4.0,1.0.0
F2,85.76958985908946,clock characteristic time,response_to_clock_rate_4,response,response_rate,0.002923306816741342,1.0,4.0,1.0.0
F2,89.12509381337459,clock characteristic time,response_to_clock_rate_4,response,response_rate,0.0028129365525617943,1.0,4.0,1.0.0
F2,92.61187281287937,clock characteristic time,response_to_clock_rate_4,response,response_rate,0.0027067445947797936,1.0,4.0,1.0.0
F2,96.23506263980887,clock characteristic time,response_to_clock_rate_4,response,response_rate,0.0026045719315529723,1.0,4.0,1.0.0
F2,100.0,clock characteristic time,response_to_clock_rate_4,response,response_rate,0.002506265664160401,1.0,4.0,1.0.0
F2,0.001,clock characteristic time,response_to_clock_rate_4,combined,common_rate_scale,1.9983342775367625,1.0,4.0,1.0.0
F2,0.001039122303835169,clock characteristic time,response_to_clock_rate_4,combined,common_rate_scale,1.998269149185628,1.0,4.0,1.0.0
F2,0.0010797751623277093,clock characteristic time,response_to_clock_rate_4,combined,common_rate_scale,1.9982014754868862,1.0,4.0,1.0.0
F2,0.001122018454301963,clock characteristic time,response_to_clock_rate_4,combined,common_rate_scale,1.9981311578785141,1.0,4.0,1.0.0
F2,0.0011659144011798323,clock characteristic time,response_to_clock_rate_4,combined,common_rate_scale,1.9980580928816052,1.0,4.0,1.0.0
F2,0.001211527658628589,clock characteristic time,response_to_clock_rate_4,combined,common_rate_scale,1.997982172916342,1.0,4.0,1.0.0
F2,0.0012589254117941675,clock characteristic time,response_to_clock_rate_4,combined,common_rate_scale,1.9979032874654452,1.0,4.0,1.0.0
F2,0.0013081774742601943,clock characteristic time,response_to_clock_rate_4,combined,common_rate_scale,1.9978213198706962,1.0,4.0,1.0.0
F2,0.0013593563908785254,clock characteristic time,response_to_clock_rate_4,combined,common_rate_scale,1.9977361507244982,1.0,4.0,1.0.0
F2,0.001412537544622754,clock characteristic time,response_to_clock_rate_4,combined,common_rate_scale,1.9976476544394888,1.0,4.0,1.0.0
F2,0.001467799267622069,clock characteristic time,response_to_clock_rate_4,combined,common_rate_scale,1.9975557019163404,1.0,4.0,1.0.0
F2,0.0015252229565390183,clock characteristic time,response_to_clock_rate_4,combined,common_rate_scale,1.997460157970523,1.0,4.0,1.0.0
F2,0.001584893192461114,clock characteristic time,response_to_clock_rate_4,combined,common_rate_scale,1.9973608827037377,1.0,4.0,1.0.0
F2,0.0016468978654828688,clock characteristic time,response_to_clock_rate_4,combined,common_rate_scale,1.9972577307765935,1.0,4.0,1.0.0
F2,0.001711328304161781,clock characteristic time,response_to_clock_rate_4,combined,common_rate_scale,1.9971505508907086,1.0,4.0,1.0.0
F2,0.0017782794100389228,clock characteristic time,response_to_clock_rate_4,combined,common_rate_scale,1.997039186147802,1.0,4.0,1.0.0
F2,0.0018478497974222907,clock characteristic time,response_to_clock_rate_4,combined,common_rate_scale,1.9969234736279455,1.0,4.0,1.0.0
F2,0.001920141938638801,clock characteristic time,response_to_clock_rate_4,combined,common_rate_scale,1.9968032438809808,1.0,4.0,1.0.0
F2,0.001995262314968879,clock characteristic time,response_to_clock_rate_4,combined,common_rate_scale,1.9966783208253864,1.0,4.0,1.0.0
F2,0.002073321573485954,clock characteristic time,response_to_clock_rate_4,combined,common_rate_scale,1.9965485216959395,1.0,4.0,1.0.0
F2,0.0021544346900318843,clock characteristic time,response_to_clock_rate_4,combined,common_rate_scale,1.9964136567895256,1.0,4.0,1.0.0
F2,0.00223872113856834,clock characteristic time,response_to_clock_rate_4,combined,common_rate_scale,1.9962735288272302,1.0,4.0,1.0.0
F2,0.0023263050671536263,clock characteristic time,response_to_clock_rate_4,combined,common_rate_scale,1.9961279329105048,1.0,4.0,1.0.0
F2,0.0024173154808041037,clock characteristic time,response_to_clock_rate_4,combined,common_rate_scale,1.9959766562766657,1.0,4.0,1.0.0
F2,0.0025118864315095794,clock characteristic time,response_to_clock_rate_4,combined,common_rate_scale,1.9958194777846714,1.0,4.0,1.0.0
F2,0.0026101572156825357,clock characteristic time,response_to_clock_rate_4,combined,common_rate_scale,1.9956561681445146,1.0,4.0,1.0.0
F2,0.0027122725793320298,clock characteristic time,response_to_clock_rate_4,combined,common_rate_scale,1.9954864886237025,1.0,4.0,1.0.0
F2,0.002818382931264455,clock characteristic time,response_to_clock_rate_4,combined,common_rate_scale,1.9953101916980278,1.0,4.0,1.0.0
F2,0.0029286445646252374,clock characteristic time,response_to_clock_rate_4,combined,common_rate_scale,1.9951270201285916,1.0,4.0,1.0.0
F2,0.003043219887107722,clock characteristic time,response_to_clock_rate_4,combined,common_rate_scale,1.99493670672803,1.0,4.0,1.0.0
F2,0.0031622776601683794,clock characteristic time,response_to_clock_rate_4,combined,common_rate_scale,1.9947389740766188,1.0,4.0,1.0.0
F2,0.003285993247600654,clock characteristic time,response_to_clock_rate_4,combined,common_rate_scale,1.9945335339293304,1.0,4.0,1.0.0
F2,0.003414548873833601,clock characteristic time,response_to_clock_rate_4,combined,common_rate_scale,1.9943200870370794,1.0,4.0,1.0.0
F2,0.0035481338923357532,clock characteristic time,response_to_clock_rate_4,combined,common_rate_scale,1.9940983225934747,1.0,4.0,1.0.0
F2,0.0036869450645195733,clock characteristic time,response_to_clock_rate_4,combined,common_rate_scale,1.9938679178350265,1.0,4.0,1.0.0
F2,0.003831186849557289,clock characteristic time,response_to_clock_rate_4,combined,common_rate_scale,1.9936285375656275,1.0,4.0,1.0.0
F2,0.003981071705534973,clock characteristic time,response_to_clock_rate_4,combined,common_rate_scale,1.993379833707059,1.0,4.0,1.0.0
F2,0.004136820402388507,clock characteristic time,response_to_clock_rate_4,combined,common_rate_scale,1.9931214447922252,1.0,4.0,1.0.0
F2,0.004298662347082277,clock characteristic time,response_to_clock_rate_4,combined,common_rate_scale,1.9928529955289584,1.0,4.0,1.0.0
F2,0.0044668359215096305,clock characteristic time,response_to_clock_rate_4,combined,common_rate_scale,1.9925740961098408,1.0,4.0,1.0.0
F2,0.004641588833612777,clock characteristic time,response_to_clock_rate_4,combined,common_rate_scale,1.9922843419254068,1.0,4.0,1.0.0
F2,0.004823178482239309,clock characteristic time,response_to_clock_rate_4,combined,common_rate_scale,1.991983312803638,1.0,4.0,1.0.0
F2,0.005011872336272725,clock characteristic time,response_to_clock_rate_4,combined,common_rate_scale,1.991670572459443,1.0,4.0,1.0.0
F2,0.005207948328595465,clock characteristic time,response_to_clock_rate_4,combined,common_rate_scale,1.9913456679696215,1.0,4.0,1.0.0
F2,0.0054116952654646375,clock characteristic time,response_to_clock_rate_4,combined,common_rate_scale,1.9910081290933732,1.0,4.0,1.0.0
F2,0.005623413251903491,clock characteristic time,response_to_clock_rate_4,combined,common_rate_scale,1.990657467644518,1.0,4.0,1.0.0
F2,0.005843414133735175,clock characteristic time,response_to_clock_rate_4,combined,common_rate_scale,1.9902931768392635,1.0,4.0,1.0.0
F2,0.006072021956909884,clock characteristic time,response_to_clock_rate_4,combined,common_rate_scale,1.9899147305496858,1.0,4.0,1.0.0
F2,0.006309573444801929,clock characteristic time,response_to_clock_rate_4,combined,common_rate_scale,1.9895215826692905,1.0,4.0,1.0.0
F2,0.006556418494179785,clock characteristic time,response_to_clock_rate_4,combined,common_rate_scale,1.9891131663243726,1.0,4.0,1.0.0
F2,0.006812920690579615,clock characteristic time,response_to_clock_rate_4,combined,common_rate_scale,1.9886888931133746,1.0,4.0,1.0.0
F2,0.00707945784384138,clock characteristic time,response_to_clock_rate_4,combined,common_rate_scale,1.9882481523298834,1.0,4.0,1.0.0
F2,0.007356422544596414,clock characteristic time,response_to_clock_rate_4,combined,common_rate_scale,1.9877903101472238,1.0,4.0,1.0.0
F2,0.007644222742526002,clock characteristic time,response_to_clock_rate_4,combined,common_rate_scale,1.9873147087567073,1.0,4.0,1.0.0
F2,0.007943282347242814,clock characteristic time,response_to_clock_rate_4,combined,common_rate_scale,1.9868206655354872,1.0,4.0,1.0.0
F2,0.008254041852680182,clock characteristic time,response_to_clock_rate_4,combined,common_rate_scale,1.986307472084858,1.0,4.0,1.0.0
F2,0.008576958985908946,clock characteristic time,response_to_clock_rate_4,combined,common_rate_scale,1.9857743933548506,1.0,4.0,1.0.0
F2,0.008912509381337459,clock characteristic time,response_to_clock_rate_4,combined,common_rate_scale,1.985220666661685,1.0,4.0,1.0.0
F2,0.009261187281287938,clock characteristic time,response_to_clock_rate_4,combined,common_rate_scale,1.9846455006683326,1.0,4.0,1.0.0
F2,0.009623506263980888,clock characteristic time,response_to_clock_rate_4,combined,common_rate_scale,1.9840480744278106,1.0,4.0,1.0.0
F2,0.01,clock characteristic time,response_to_clock_rate_4,combined,common_rate_scale,1.983427536251415,1.0,4.0,1.0.0
F2,0.01039122303835169,clock characteristic time,response_to_clock_rate_4,combined,common_rate_scale,1.982783002670614,1.0,4.0,1.0.0
F2,0.010797751623277093,clock characteristic time,response_to_clock_rate_4,combined,common_rate_scale,1.9821135572897615,1.0,4.0,1.0.0
F2,0.011220184543019636,clock characteristic time,response_to_clock_rate_4,combined,common_rate_scale,1.9814182496406993,1.0,4.0,1.0.0
F2,0.011659144011798317,clock characteristic time,response_to_clock_rate_4,combined,common_rate_scale,1.9806960939745366,1.0,4.0,1.0.0
F2,0.012115276586285882,clock characteristic time,response_to_clock_rate_4,combined,common_rate_scale,1.9799460680491165,1.0,4.0,1.0.0
F2,0.012589254117941675,clock characteristic time,response_to_clock_rate_4,combined,common_rate_scale,1.9791671118503271,1.0,4.0,1.0.0
F2,0.013081774742601943,clock characteristic time,response_to_clock_rate_4,combined,common_rate_scale,1.9783581263002512,1.0,4.0,1.0.0
F2,0.013593563908785255,clock characteristic time,response_to_clock_rate_4,combined,common_rate_scale,1.977517971913736,1.0,4.0,1.0.0
F2,0.01412537544622754,clock characteristic time,response_to_clock_rate_4,combined,common_rate_scale,1.976645467415127,1.0,4.0,1.0.0
F2,0.014677992676220698,clock characteristic time,response_to_clock_rate_4,combined,common_rate_scale,1.9757393883417638,1.0,4.0,1.0.0
F2,0.01525222956539019,clock characteristic time,response_to_clock_rate_4,combined,common_rate_scale,1.974798465568473,1.0,4.0,1.0.0
F2,0.015848931924611134,clock characteristic time,response_to_clock_rate_4,combined,common_rate_scale,1.9738213838419751,1.0,4.0,1.0.0
F2,0.01646897865482868,clock characteristic time,response_to_clock_rate_4,combined,common_rate_scale,1.9728067802258038,1.0,4.0,1.0.0
F2,0.01711328304161781,clock characteristic time,response_to_clock_rate_4,combined,common_rate_scale,1.9717532425514395,1.0,4.0,1.0.0
F2,0.01778279410038923,clock characteristic time,response_to_clock_rate_4,combined,common_rate_scale,1.970659307806438,1.0,4.0,1.0.0
F2,0.018478497974222907,clock characteristic time,response_to_clock_rate_4,combined,common_rate_scale,1.9695234604898912,1.0,4.0,1.0.0
F2,0.01920141938638801,clock characteristic time,response_to_clock_rate_4,combined,common_rate_scale,1.968344130934101,1.0,4.0,1.0.0
F2,0.0199526231496888,clock characteristic time,response_to_clock_rate_4,combined,common_rate_scale,1.9671196935842028,1.0,4.0,1.0.0
F2,0.02073321573485955,clock characteristic time,response_to_clock_rate_4,combined,common_rate_scale,1.965848465245775,1.0,4.0,1.0.0
F2,0.021544346900318832,clock characteristic time,response_to_clock_rate_4,combined,common_rate_scale,1.964528703297244,1.0,4.0,1.0.0
F2,0.0223872113856834,clock characteristic time,response_to_clock_rate_4,combined,common_rate_scale,1.9631586038659945,1.0,4.0,1.0.0
F2,0.02326305067153626,clock characteristic time,response_to_clock_rate_4,combined,common_rate_scale,1.9617362999693966,1.0,4.0,1.0.0
F2,0.024173154808041036,clock characteristic time,response_to_clock_rate_4,combined,common_rate_scale,1.9602598596378171,1.0,4.0,1.0.0
F2,0.025118864315095794,clock characteristic time,response_to_clock_rate_4,combined,common_rate_scale,1.9587272839911725,1.0,4.0,1.0.0
F2,0.026101572156825372,clock characteristic time,response_to_clock_rate_4,combined,common_rate_scale,1.957136505299345,1.0,4.0,1.0.0
F2,0.02712272579332028,clock characteristic time,response_to_clock_rate_4,combined,common_rate_scale,1.9554853850209717,1.0,4.0,1.0.0
F2,0.028183829312644536,clock characteristic time,response_to_clock_rate_4,combined,common_rate_scale,1.9537717118100615,1.0,4.0,1.0.0
F2,0.02928644564625236,clock characteristic time,response_to_clock_rate_4,combined,common_rate_scale,1.951993199518199,1.0,4.0,1.0.0
F2,0.03043219887107722,clock characteristic time,response_to_clock_rate_4,combined,common_rate_scale,1.9501474851706726,1.0,4.0,1.0.0
F2,0.03162277660168379,clock characteristic time,response_to_clock_rate_4,combined,common_rate_scale,1.9482321269424443,1.0,4.0,1.0.0
F2,0.03285993247600654,clock characteristic time,response_to_clock_rate_4,combined,common_rate_scale,1.9462446021237474,1.0,4.0,1.0.0
F2,0.034145488738336005,clock characteristic time,response_to_clock_rate_4,combined,common_rate_scale,1.944182305086568,1.0,4.0,1.0.0
F2,0.03548133892335755,clock characteristic time,response_to_clock_rate_4,combined,common_rate_scale,1.9420425452602785,1.0,4.0,1.0.0
F2,0.03686945064519575,clock characteristic time,response_to_clock_rate_4,combined,common_rate_scale,1.9398225451160571,1.0,4.0,1.0.0
F2,0.03831186849557287,clock characteristic time,response_to_clock_rate_4,combined,common_rate_scale,1.9375194381747396,1.0,4.0,1.0.0
F2,0.039810717055349734,clock characteristic time,response_to_clock_rate_4,combined,common_rate_scale,1.9351302670407344,1.0,4.0,1.0.0
F2,0.04136820402388507,clock characteristic time,response_to_clock_rate_4,combined,common_rate_scale,1.9326519814726861,1.0,4.0,1.0.0
F2,0.042986623470822764,clock characteristic time,response_to_clock_rate_4,combined,common_rate_scale,1.9300814365001338,1.0,4.0,1.0.0
F2,0.0446683592150963,clock characteristic time,response_to_clock_rate_4,combined,common_rate_scale,1.9274153905984819,1.0,4.0,1.0.0
F2,0.046415888336127795,clock characteristic time,response_to_clock_rate_4,combined,common_rate_scale,1.9246505039301165,1.0,4.0,1.0.0
F2,0.04823178482239307,clock characteristic time,response_to_clock_rate_4,combined,common_rate_scale,1.9217833366671884,1.0,4.0,1.0.0
F2,0.05011872336272722,clock characteristic time,response_to_clock_rate_4,combined,common_rate_scale,1.9188103474084581,1.0,4.0,1.0.0
F2,0.052079483285954624,clock characteristic time,response_to_clock_rate_4,combined,common_rate_scale,1.9157278917059353,1.0,4.0,1.0.0
F2,0.054116952654646375,clock characteristic time,response_to_clock_rate_4,combined,common_rate_scale,1.9125322207153395,1.0,4.0,1.0.0
F2,0.056234132519034905,clock characteristic time,response_to_clock_rate_4,combined,common_rate_scale,1.9092194799906232,1.0,4.0,1.0.0
F2,0.05843414133735175,clock characteristic time,response_to_clock_rate_4,combined,common_rate_scale,1.9057857084388887,1.0,4.0,1.0.0
F2,0.060720219569098836,clock characteristic time,response_to_clock_rate_4,combined,common_rate_scale,1.9022268374569682,1.0,4.0,1.0.0
F2,0.06309573444801933,clock characteristic time,response_to_clock_rate_4,combined,common_rate_scale,1.8985386902725114,1.0,4.0,1.0.0
F2,0.06556418494179789,clock characteristic time,response_to_clock_rate_4,combined,common_rate_scale,1.8947169815118288,1.0,4.0,1.0.0
F2,0.06812920690579612,clock characteristic time,response_to_clock_rate_4,combined,common_rate_scale,1.8907573170194603,1.0,4.0,1.0.0
F2,0.07079457843841377,clock characteristic time,response_to_clock_rate_4,combined,common_rate_scale,1.8866551939590597,1.0,4.0,1.0.0
F2,0.07356422544596414,clock characteristic time,response_to_clock_rate_4,combined,common_rate_scale,1.8824060012215824,1.0,4.0,1.0.0
F2,0.07644222742526002,clock characteristic time,response_to_clock_rate_4,combined,common_rate_scale,1.878005020173657,1.0,4.0,1.0.0
F2,0.07943282347242814,clock characteristic time,response_to_clock_rate_4,combined,common_rate_scale,1.8734474257797613,1.0,4.0,1.0.0
F2,0.08254041852680186,clock characteristic time,response_to_clock_rate_4,combined,common_rate_scale,1.8687282881312681,1.0,4.0,1.0.0
F2,0.08576958985908942,clock characteristic time,response_to_clock_rate_4,combined,common_rate_scale,1.8638425744219445,1.0,4.0,1.0.0
F2,0.08912509381337455,clock characteristic time,response_to_clock_rate_4,combined,common_rate_scale,1.8587851514085698,1.0,4.0,1.0.0
F2,0.09261187281287933,clock characteristic time,response_to_clock_rate_4,combined,common_rate_scale,1.853550788399005,1.0,4.0,1.0.0
F2,0.09623506263980887,clock characteristic time,response_to_clock_rate_4,combined,common_rate_scale,1.848134160811528,1.0,4.0,1.0.0
F2,0.1,clock characteristic time,response_to_clock_rate_4,combined,common_rate_scale,1.8425298543525384,1.0,4.0,1.0.0
F2,0.10391223038351691,clock characteristic time,response_to_clock_rate_4,combined,common_rate_scale,1.8367323698610463,1.0,4.0,1.0.0
F2,0.10797751623277094,clock characteristic time,response_to_clock_rate_4,combined,common_rate_scale,1.8307361288711816,1.0,4.0,1.0.0
F2,0.1122018454301963,clock characteristic time,response_to_clock_rate_4,combined,common_rate_scale,1.8245354799459423,1.0,4.0,1.0.0
F2,0.11659144011798311,clock characteristic time,response_to_clock_rate_4,combined,common_rate_scale,1.8181247058373915,1.0,4.0,1.0.0
F2,0.12115276586285889,clock characteristic time,response_to_clock_rate_4,combined,common_rate_scale,1.8114980315300389,1.0,4.0,1.0.0
F2,0.12589254117941676,clock characteristic time,response_to_clock_rate_4,combined,common_rate_scale,1.8046496332268762,1.0,4.0,1.0.0
F2,0.13081774742601943,clock characteristic time,response_to_clock_rate_4,combined,common_rate_scale,1.7975736483372702,1.0,4.0,1.0.0
F2,0.13593563908785256,clock characteristic time,response_to_clock_rate_4,combined,common_rate_scale,1.790264186528529,1.0,4.0,1.0.0
F2,0.1412537544622754,clock characteristic time,response_to_clock_rate_4,combined,common_rate_scale,1.7827153419026014,1.0,4.0,1.0.0
F2,0.1467799267622069,clock characteristic time,response_to_clock_rate_4,combined,common_rate_scale,1.7749212063598065,1.0,4.0,1.0.0
F2,0.15252229565390182,clock characteristic time,response_to_clock_rate_4,combined,common_rate_scale,1.7668758842111587,1.0,4.0,1.0.0
F2,0.1584893192461114,clock characteristic time,response_to_clock_rate_4,combined,common_rate_scale,1.758573508099444,1.0,4.0,1.0.0
F2,0.1646897865482869,clock characteristic time,response_to_clock_rate_4,combined,common_rate_scale,1.7500082562874284,1.0,4.0,1.0.0
F2,0.1711328304161781,clock characteristic time,response_to_clock_rate_4,combined,common_rate_scale,1.7411743713685381,1.0,4.0,1.0.0
F2,0.1778279410038923,clock characteristic time,response_to_clock_rate_4,combined,common_rate_scale,1.7320661804517865,1.0,4.0,1.0.0
F2,0.18478497974222907,clock characteristic time,response_to_clock_rate_4,combined,common_rate_scale,1.7226781168665233,1.0,4.0,1.0.0
F2,0.1920141938638801,clock characteristic time,response_to_clock_rate_4,combined,common_rate_scale,1.7130047434273932,1.0,4.0,1.0.0
F2,0.19952623149688786,clock characteristic time,response_to_clock_rate_4,combined,common_rate_scale,1.7030407772903604,1.0,4.0,1.0.0
F2,0.2073321573485954,clock characteristic time,response_to_clock_rate_4,combined,common_rate_scale,1.6927811164216044,1.0,4.0,1.0.0
F2,0.21544346900318845,clock characteristic time,response_to_clock_rate_4,combined,common_rate_scale,1.682220867688828,1.0,4.0,1.0.0
F2,0.223872113856834,clock characteristic time,response_to_clock_rate_4,combined,common_rate_scale,1.6713553765706473,1.0,4.0,1.0.0
F2,0.23263050671536262,clock characteristic time,response_to_clock_rate_4,combined,common_rate_scale,1.6601802584631036,1.0,4.0,1.0.0
F2,0.24173154808041036,clock characteristic time,response_to_clock_rate_4,combined,common_rate_scale,1.6486914315437688,1.0,4.0,1.0.0
F2,0.25118864315095796,clock characteristic time,response_to_clock_rate_4,combined,common_rate_scale,1.6368851511318474,1.0,4.0,1.0.0
F2,0.2610157215682536,clock characteristic time,response_to_clock_rate_4,combined,common_rate_scale,1.624758045458486,1.0,4.0,1.0.0
F2,0.2712272579332027,clock characteristic time,response_to_clock_rate_4,combined,common_rate_scale,1.6123071527333663,1.0,4.0,1.0.0
F2,0.2818382931264455,clock characteristic time,response_to_clock_rate_4,combined,common_rate_scale,1.5995299593631125,1.0,4.0,1.0.0
F2,0.29286445646252374,clock characteristic time,response_to_clock_rate_4,combined,common_rate_scale,1.586424439142884,1.0,4.0,1.0.0
F2,0.3043219887107722,clock characteristic time,response_to_clock_rate_4,combined,common_rate_scale,1.5729890932048107,1.0,4.0,1.0.0
F2,0.31622776601683794,clock characteristic time,response_to_clock_rate_4,combined,common_rate_scale,1.5592229904664885,1.0,4.0,1.0.0
F2,0.3285993247600654,clock characteristic time,response_to_clock_rate_4,combined,common_rate_scale,1.5451258082789754,1.0,4.0,1.0.0
F2,0.34145488738336005,clock characteristic time,response_to_clock_rate_4,combined,common_rate_scale,1.5306978729270175,1.0,4.0,1.0.0
F2,0.3548133892335753,clock characteristic time,response_to_clock_rate_4,combined,common_rate_scale,1.5159401995854025,1.0,4.0,1.0.0
F2,0.36869450645195734,clock characteristic time,response_to_clock_rate_4,combined,common_rate_scale,1.5008545312844146,1.0,4.0,1.0.0
F2,0.38311868495572887,clock characteristic time,response_to_clock_rate_4,combined,common_rate_scale,1.4854433763855859,1.0,4.0,1.0.0
F2,0.3981071705534973,clock characteristic time,response_to_clock_rate_4,combined,common_rate_scale,1.4697100440167887,1.0,4.0,1.0.0
F2,0.4136820402388507,clock characteristic time,response_to_clock_rate_4,combined,common_rate_scale,1.4536586768648943,1.0,4.0,1.0.0
F2,0.42986623470822766,clock characteristic time,response_to_clock_rate_4,combined,common_rate_scale,1.4372942806757598,1.0,4.0,1.0.0
F2,0.44668359215096304,clock characteristic time,response_to_clock_rate_4,combined,common_rate_scale,1.420622749767193,1.0,4.0,1.0.0
F2,0.46415888336127775,clock characteristic time,response_to_clock_rate_4,combined,common_rate_scale,1.4036508878226592,1.0,4.0,1.0.0
F2,0.4823178482239304,clock characteristic time,response_to_clock_rate_4,combined,common_rate_scale,1.3863864232041738,1.0,4.0,1.0.0
F2,0.5011872336272725,clock characteristic time,response_to_clock_rate_4,combined,common_rate_scale,1.3688380180046351,1.0,4.0,1.0.0
F2,0.5207948328595465,clock characteristic time,response_to_clock_rate_4,combined,common_rate_scale,1.3510152700555054,1.0,4.0,1.0.0
F2,0.5411695265464638,clock characteristic time,response_to_clock_rate_4,combined,common_rate_scale,1.3329287071182636,1.0,4.0,1.0.0
F2,0.5623413251903491,clock characteristic time,response_to_clock_rate_4,combined,common_rate_scale,1.3145897725206013,1.0,4.0,1.0.0
F2,0.5843414133735175,clock characteristic time,response_to_clock_rate_4,combined,common_rate_scale,1.2960108015538103,1.0,4.0,1.0.0
F2,0.6072021956909883,clock characteristic time,response_to_clock_rate_4,combined,common_rate_scale,1.2772049880293161,1.0,4.0,1.0.0
F2,0.630957344480193,clock characteristic time,response_to_clock_rate_4,combined,common_rate_scale,1.2581863405025742,1.0,4.0,1.0.0
F2,0.6556418494179785,clock characteristic time,response_to_clock_rate_4,combined,common_rate_scale,1.2389696278135642,1.0,4.0,1.0.0
F2,0.6812920690579615,clock characteristic time,response_to_clock_rate_4,combined,common_rate_scale,1.2195703137666227,1.0,4.0,1.0.0
F2,0.707945784384138,clock characteristic time,response_to_clock_rate_4,combined,common_rate_scale,1.2000044809786503,1.0,4.0,1.0.0
F2,0.7356422544596414,clock characteristic time,response_to_clock_rate_4,combined,common_rate_scale,1.180288744163299,1.0,4.0,1.0.0
F2,0.7644222742526002,clock characteristic time,response_to_clock_rate_4,combined,common_rate_scale,1.1604401533873498,1.0,4.0,1.0.0
F2,0.7943282347242814,clock characteristic time,response_to_clock_rate_4,combined,common_rate_scale,1.1404760881301066,1.0,4.0,1.0.0
F2,0.8254041852680182,clock characteristic time,response_to_clock_rate_4,combined,common_rate_scale,1.1204141432916397,1.0,4.0,1.0.0
F2,0.8576958985908937,clock characteristic time,response_to_clock_rate_4,combined,common_rate_scale,1.1002720086228552,1.0,4.0,1.0.0
F2,0.8912509381337459,clock characteristic time,response_to_clock_rate_4,combined,common_rate_scale,1.0800673433797623,1.0,4.0,1.0.0
F2,0.9261187281287937,clock characteristic time,response_to_clock_rate_4,combined,common_rate_scale,1.0598176483235258,1.0,4.0,1.0.0
F2,0.9623506263980888,clock characteristic time,response_to_clock_rate_4,combined,common_rate_scale,1.0395401374830069,1.0,4.0,1.0.0
F2,1.0,clock characteristic time,response_to_clock_rate_4,combined,common_rate_scale,1.019251612351755,1.0,4.0,1.0.0
F2,1.0391223038351691,clock characteristic time,response_to_clock_rate_4,combined,common_rate_scale,0.9989683413903666,1.0,4.0,1.0.0
F2,1.0797751623277094,clock characteristic time,response_to_clock_rate_4,combined,common_rate_scale,0.9787059478311224,1.0,4.0,1.0.0
F2,1.122018454301963,clock characteristic time,response_to_clock_rate_4,combined,common_rate_scale,0.9584793088188986,1.0,4.0,1.0.0
F2,1.165914401179831,clock characteristic time,response_to_clock_rate_4,combined,common_rate_scale,0.9383024688566524,1.0,4.0,1.0.0
F2,1.2115276586285888,clock characteristic time,response_to_clock_rate_4,combined,common_rate_scale,0.9181885703442766,1.0,4.0,1.0.0
F2,1.2589254117941675,clock characteristic time,response_to_clock_rate_4,combined,common_rate_scale,0.8981498036997758,1.0,4.0,1.0.0
F2,1.3081774742601942,clock characteristic time,response_to_clock_rate_4,combined,common_rate_scale,0.8781973791302102,1.0,4.0,1.0.0
F2,1.3593563908785256,clock characteristic time,response_to_clock_rate_4,combined,common_rate_scale,0.8583415215817105,1.0,4.0,1.0.0
F2,1.412537544622754,clock characteristic time,response_to_clock_rate_4,combined,common_rate_scale,0.83859148975503,1.0,4.0,1.0.0
F2,1.467799267622069,clock characteristic time,response_to_clock_rate_4,combined,common_rate_scale,0.8189556193445487,1.0,4.0,1.0.0
F2,1.5252229565390183,clock characteristic time,response_to_clock_rate_4,combined,common_rate_scale,0.799441389870075,1.0,4.0,1.0.0
F2,1.584893192461114,clock characteristic time,response_to_clock_rate_4,combined,common_rate_scale,0.7800555136538523,1.0,4.0,1.0.0
F2,1.6468978654828688,clock characteristic time,response_to_clock_rate_4,combined,common_rate_scale,0.760804044685842,1.0,4.0,1.0.0
F2,1.711328304161781,clock characteristic time,response_to_clock_rate_4,combined,common_rate_scale,0.7416925043570458,1.0,4.0,1.0.0
F2,1.7782794100389228,clock characteristic time,response_to_clock_rate_4,combined,common_rate_scale,0.7227260203619427,1.0,4.0,1.0.0
F2,1.8478497974222907,clock characteristic time,response_to_clock_rate_4,combined,common_rate_scale,0.7039094745129639,1.0,4.0,1.0.0
F2,1.920141938638801,clock characteristic time,response_to_clock_rate_4,combined,common_rate_scale,0.6852476548032767,1.0,4.0,1.0.0
F2,1.9952623149688788,clock characteristic time,response_to_clock_rate_4,combined,common_rate_scale,0.6667454068223053,1.0,4.0,1.0.0
F2,2.073321573485954,clock characteristic time,response_to_clock_rate_4,combined,common_rate_scale,0.6484077795853874,1.0,4.0,1.0.0
F2,2.1544346900318843,clock characteristic time,response_to_clock_rate_4,combined,common_rate_scale,0.6302401609880414,1.0,4.0,1.0.0
F2,2.23872113856834,clock characteristic time,response_to_clock_rate_4,combined,common_rate_scale,0.6122483984288983,1.0,4.0,1.0.0
F2,2.3263050671536263,clock characteristic time,response_to_clock_rate_4,combined,common_rate_scale,0.5944389006452804,1.0,4.0,1.0.0
F2,2.4173154808041035,clock characteristic time,response_to_clock_rate_4,combined,common_rate_scale,0.5768187174446958,1.0,4.0,1.0.0
F2,2.5118864315095797,clock characteristic time,response_to_clock_rate_4,combined,common_rate_scale,0.5593955947602887,1.0,4.0,1.0.0
F2,2.610157215682536,clock characteristic time,response_to_clock_rate_4,combined,common_rate_scale,0.5421780032708232,1.0,4.0,1.0.0
F2,2.712272579332027,clock characteristic time,response_to_clock_rate_4,combined,common_rate_scale,0.5251751396673435,1.0,4.0,1.0.0
F2,2.818382931264452,clock characteristic time,response_to_clock_rate_4,combined,common_rate_scale,0.5083969004825767,1.0,4.0,1.0.0
F2,2.9286445646252375,clock characteristic time,response_to_clock_rate_4,combined,common_rate_scale,0.49185382919335263,1.0,4.0,1.0.0
F2,3.043219887107722,clock characteristic time,response_to_clock_rate_4,combined,common_rate_scale,0.47555703803520355,1.0,4.0,1.0.0
F2,3.1622776601683795,clock characteristic time,response_to_clock_rate_4,combined,common_rate_scale,0.45951810661377973,1.0,4.0,1.0.0
F2,3.285993247600654,clock characteristic time,response_to_clock_rate_4,combined,common_rate_scale,0.4437489599494197,1.0,4.0,1.0.0
F2,3.4145488738336005,clock characteristic time,response_to_clock_rate_4,combined,common_rate_scale,0.42826172904547327,1.0,4.0,1.0.0
F2,3.5481338923357533,clock characteristic time,response_to_clock_rate_4,combined,common_rate_scale,0.4130685974297254,1.0,4.0,1.0.0
F2,3.6869450645195734,clock characteristic time,response_to_clock_rate_4,combined,common_rate_scale,0.3981816373866882,1.0,4.0,1.0.0
F2,3.831186849557289,clock characteristic time,response_to_clock_rate_4,combined,common_rate_scale,0.3836126397833018,1.0,4.0,1.0.0
F2,3.981071705534973,clock characteristic time,response_to_clock_rate_4,combined,common_rate_scale,0.3693729414977143,1.0,4.0,1.0.0
F2,4.136820402388507,clock characteristic time,response_to_clock_rate_4,combined,common_rate_scale,0.3554732544942953,1.0,4.0,1.0.0
F2,4.298662347082277,clock characteristic time,response_to_clock_rate_4,combined,common_rate_scale,0.34192350054897075,1.0,4.0,1.0.0
F2,4.46683592150963,clock characteristic time,response_to_clock_rate_4,combined,common_rate_scale,0.32873265551537045,1.0,4.0,1.0.0
F2,4.6415888336127775,clock characteristic time,response_to_clock_rate_4,combined,common_rate_scale,0.3159086068298603,1.0,4.0,1.0.0
F2,4.823178482239304,clock characteristic time,response_to_clock_rate_4,combined,common_rate_scale,0.30345802767680163,1.0,4.0,1.0.0
F2,5.011872336272719,clock characteristic time,response_to_clock_rate_4,combined,common_rate_scale,0.29138627086936325,1.0,4.0,1.0.0
F2,5.207948328595465,clock characteristic time,response_to_clock_rate_4,combined,common_rate_scale,0.27969728504332303,1.0,4.0,1.0.0
F2,5.411695265464638,clock characteristic time,response_to_clock_rate_4,combined,common_rate_scale,0.2683935552130537,1.0,4.0,1.0.0
F2,5.62341325190349,clock characteristic time,response_to_clock_rate_4,combined,common_rate_scale,0.25747606910736914,1.0,4.0,1.0.0
F2,5.843414133735175,clock characteristic time,response_to_clock_rate_4,combined,common_rate_scale,0.2469443100017207,1.0,4.0,1.0.0
F2,6.072021956909884,clock characteristic time,response_to_clock_rate_4,combined,common_rate_scale,0.2367962760126171,1.0,4.0,1.0.0
F2,6.30957344480193,clock characteristic time,response_to_clock_rate_4,combined,common_rate_scale,0.2270285250466691,1.0,4.0,1.0.0
F2,6.556418494179785,clock characteristic time,response_to_clock_rate_4,combined,common_rate_scale,0.21763624383179261,1.0,4.0,1.0.0
F2,6.812920690579615,clock characteristic time,response_to_clock_rate_4,combined,common_rate_scale,0.20861333873647683,1.0,4.0,1.0.0
F2,7.07945784384138,clock characteristic time,response_to_clock_rate_4,combined,common_rate_scale,0.19995254543994964,1.0,4.0,1.0.0
F2,7.3564225445964135,clock characteristic time,response_to_clock_rate_4,combined,common_rate_scale,0.19164555398490787,1.0,4.0,1.0.0
F2,7.644222742526002,clock characteristic time,response_to_clock_rate_4,combined,common_rate_scale,0.18368314535387933,1.0,4.0,1.0.0
F2,7.943282347242813,clock characteristic time,response_to_clock_rate_4,combined,common_rate_scale,0.17605533548165514,1.0,4.0,1.0.0
F2,8.254041852680182,clock characteristic time,response_to_clock_rate_4,combined,common_rate_scale,0.16875152256174705,1.0,4.0,1.0.0
F2,8.576958985908938,clock characteristic time,response_to_clock_rate_4,combined,common_rate_scale,0.1617606336260255,1.0,4.0,1.0.0
F2,8.91250938133745,clock characteristic time,response_to_clock_rate_4,combined,common_rate_scale,0.15507126666408264,1.0,4.0,1.0.0
F2,9.261187281287937,clock characteristic time,response_to_clock_rate_4,combined,common_rate_scale,0.14867182498237588,1.0,4.0,1.0.0
F2,9.623506263980888,clock characteristic time,response_to_clock_rate_4,combined,common_rate_scale,0.1425506410536832,1.0,4.0,1.0.0
F2,10.0,clock characteristic time,response_to_clock_rate_4,combined,common_rate_scale,0.13669608773886938,1.0,4.0,1.0.0
F2,10.39122303835169,clock characteristic time,response_to_clock_rate_4,combined,common_rate_scale,0.13109667543555092,1.0,4.0,1.0.0
F2,10.797751623277094,clock characteristic time,response_to_clock_rate_4,combined,common_rate_scale,0.1257411343813979,1.0,4.0,1.0.0
F2,11.220184543019629,clock characteristic time,response_to_clock_rate_4,combined,common_rate_scale,0.12061848197554581,1.0,4.0,1.0.0
F2,11.659144011798311,clock characteristic time,response_to_clock_rate_4,combined,common_rate_scale,0.11571807554735802,1.0,4.0,1.0.0
F2,12.115276586285876,clock characteristic time,response_to_clock_rate_4,combined,common_rate_scale,0.11102965147275269,1.0,4.0,1.0.0
F2,12.589254117941662,clock characteristic time,response_to_clock_rate_4,combined,common_rate_scale,0.1065433518987597,1.0,4.0,1.0.0
F2,13.081774742601928,clock characteristic time,response_to_clock_rate_4,combined,common_rate_scale,0.10224974058075458,1.0,4.0,1.0.0
F2,13.593563908785242,clock characteristic time,response_to_clock_rate_4,combined,common_rate_scale,0.09813980946683865,1.0,4.0,1.0.0
F2,14.125375446227554,clock characteristic time,response_to_clock_rate_4,combined,common_rate_scale,0.09420497769076028,1.0,4.0,1.0.0
F2,14.677992676220706,clock characteristic time,response_to_clock_rate_4,combined,common_rate_scale,0.09043708457508638,1.0,4.0,1.0.0
F2,15.252229565390198,clock characteristic time,response_to_clock_rate_4,combined,common_rate_scale,0.08682837812006583,1.0,4.0,1.0.0
F2,15.848931924611142,clock characteristic time,response_to_clock_rate_4,combined,common_rate_scale,0.08337150028209883,1.0,4.0,1.0.0
F2,16.46897865482869,clock characteristic time,response_to_clock_rate_4,combined,common_rate_scale,0.08005947014938505,1.0,4.0,1.0.0
F2,17.11328304161781,clock characteristic time,response_to_clock_rate_4,combined,common_rate_scale,0.07688566591921434,1.0,4.0,1.0.0
F2,17.78279410038923,clock characteristic time,response_to_clock_rate_4,combined,common_rate_scale,0.07384380638591617,1.0,4.0,1.0.0
F2,18.478497974222908,clock characteristic time,response_to_clock_rate_4,combined,common_rate_scale,0.07092793247108743,1.0,4.0,1.0.0
F2,19.20141938638801,clock characteristic time,response_to_clock_rate_4,combined,common_rate_scale,0.06813238917469118,1.0,4.0,1.0.0
F2,19.952623149688787,clock characteristic time,response_to_clock_rate_4,combined,common_rate_scale,0.06545180819968154,1.0,4.0,1.0.0
F2,20.73321573485954,clock characteristic time,response_to_clock_rate_4,combined,common_rate_scale,0.06288109140377432,1.0,4.0,1.0.0
F2,21.54434690031882,clock characteristic time,response_to_clock_rate_4,combined,common_rate_scale,0.060415395157615626,1.0,4.0,1.0.0
F2,22.38721138568338,clock characteristic time,response_to_clock_rate_4,combined,common_rate_scale,0.05805011563542904,1.0,4.0,1.0.0
F2,23.263050671536238,clock characteristic time,response_to_clock_rate_4,combined,common_rate_scale,0.05578087502826248,1.0,4.0,1.0.0
F2,24.173154808041012,clock characteristic time,response_to_clock_rate_4,combined,common_rate_scale,0.05360350864725589,1.0,4.0,1.0.0
F2,25.11886431509582,clock characteristic time,response_to_clock_rate_4,combined,common_rate_scale,0.0515140528713586,1.0,4.0,1.0.0
F2,26.101572156825384,clock characteristic time,response_to_clock_rate_4,combined,common_rate_scale,0.04950873388767482,1.0,4.0,1.0.0
F2,27.122725793320296,clock characteristic time,response_to_clock_rate_4,combined,common_rate_scale,0.047583957170788754,1.0,4.0,1.0.0
F2,28.183829312644548,clock characteristic time,response_to_clock_rate_4,combined,common_rate_scale,0.04573629764832044,1.0,4.0,1.0.0
F2,29.28644564625237,clock characteristic time,response_to_clock_rate_4,combined,common_rate_scale,0.04396249050238489,1.0,4.0,1.0.0
F2,30.432198871077222,clock characteristic time,response_to_clock_rate_4,combined,common_rate_scale,0.042259422559806255,1.0,4.0,1.0.0
F2,31.622776601683793,clock characteristic time,response_to_clock_rate_4,combined,common_rate_scale,0.040624124227380876,1.0,4.0,1.0.0
F2,32.85993247600654,clock characteristic time,response_to_clock_rate_4,combined,common_rate_scale,0.039053761931914024,1.0,4.0,1.0.0
F2,34.145488738336006,clock characteristic time,response_to_clock_rate_4,combined,common_rate_scale,0.037545631028028575,1.0,4.0,1.0.0
F2,35.481338923357534,clock characteristic time,response_to_clock_rate_4,combined,common_rate_scale,0.03609714913979061,1.0,4.0,1.0.0
F2,36.869450645195734,clock characteristic time,response_to_clock_rate_4,combined,common_rate_scale,0.034705849905000516,1.0,4.0,1.0.0
F2,38.31186849557285,clock characteristic time,response_to_clock_rate_4,combined,common_rate_scale,0.03336937709355664,1.0,4.0,1.0.0
F2,39.81071705534969,clock characteristic time,response_to_clock_rate_4,combined,common_rate_scale,0.03208547907363073,1.0,4.0,1.0.0
F2,41.36820402388503,clock characteristic time,response_to_clock_rate_4,combined,common_rate_scale,0.030852003601514143,1.0,4.0,1.0.0
F2,42.98662347082272,clock characteristic time,response_to_clock_rate_4,combined,common_rate_scale,0.029666892912924687,1.0,4.0,1.0.0
F2,44.668359215096345,clock characteristic time,response_to_clock_rate_4,combined,common_rate_scale,0.02852817909531973,1.0,4.0,1.0.0
F2,46.41588833612782,clock characteristic time,response_to_clock_rate_4,combined,common_rate_scale,0.027433979722362986,1.0,4.0,1.0.0
F2,48.23178482239309,clock characteristic time,response_to_clock_rate_4,combined,common_rate_scale,0.026382493733150734,1.0,4.0,1.0.0
F2,50.118723362727245,clock characteristic time,response_to_clock_rate_4,combined,common_rate_scale,0.02537199754013774,1.0,4.0,1.0.0
F2,52.07948328595465,clock characteristic time,response_to_clock_rate_4,combined,common_rate_scale,0.024400841350918953,1.0,4.0,1.0.0
F2,54.116952654646376,clock characteristic time,response_to_clock_rate_4,combined,common_rate_scale,0.023467445690137367,1.0,4.0,1.0.0
F2,56.23413251903491,clock characteristic time,response_to_clock_rate_4,combined,common_rate_scale,0.02257029810880746,1.0,4.0,1.0.0
F2,58.434141337351754,clock characteristic time,response_to_clock_rate_4,combined,common_rate_scale,0.02170795006927758,1.0,4.0,1.0.0
F2,60.72021956909884,clock characteristic time,response_to_clock_rate_4,combined,common_rate_scale,0.020879013994910784,1.0,4.0,1.0.0
F2,63.0957344480193,clock characteristic time,response_to_clock_rate_4,combined,common_rate_scale,0.020082160474349527,1.0,4.0,1.0.0
F2,65.56418494179785,clock characteristic time,response_to_clock_rate_4,combined,common_rate_scale,0.019316115610951798,1.0,4.0,1.0.0
F2,68.12920690579608,clock characteristic time,response_to_clock_rate_4,combined,common_rate_scale,0.018579658508649587,1.0,4.0,1.0.0
F2,70.79457843841374,clock characteristic time,response_to_clock_rate_4,combined,common_rate_scale,0.01787161888609165,1.0,4.0,1.0.0
F2,73.56422544596406,clock characteristic time,response_to_clock_rate_4,combined,common_rate_scale,0.017190874811494495,1.0,4.0,1.0.0
F2,76.44222742525994,clock characteristic time,response_to_clock_rate_4,combined,common_rate_scale,0.01653635055114417,1.0,4.0,1.0.0
F2,79.43282347242821,clock characteristic time,response_to_clock_rate_4,combined,common_rate_scale,0.01590701452496898,1.0,4.0,1.0.0
F2,82.5404185268019,clock characteristic time,response_to_clock_rate_4,combined,common_rate_scale,0.015301877363044968,1.0,4.0,1.0.0
F2,85.76958985908946,clock characteristic time,response_to_clock_rate_4,combined,common_rate_scale,0.014719990057302927,1.0,4.0,1.0.0
F2,89.12509381337459,clock characteristic time,response_to_clock_rate_4,combined,common_rate_scale,0.014160442203083233,1.0,4.0,1.0.0
F2,92.61187281287937,clock characteristic time,response_to_clock_rate_4,combined,common_rate_scale,0.013622360325532695,1.0,4.0,1.0.0
F2,96.23506263980887,clock characteristic time,response_to_clock_rate_4,combined,common_rate_scale,0.013104906286160659,1.0,4.0,1.0.0
F2,100.0,clock characteristic time,response_to_clock_rate_4,combined,common_rate_scale,0.012607275765170503,1.0,4.0,1.0.0
