figure_id,clock_rate_per_second,response_rate_per_second,clock_characteristic_time_seconds,response_characteristic_time_seconds,rho_inf,scenario,profile_status,software_version,panel,abscissa,abscissa_unit,mechanism,ordinate,ordinate_quantity,absolute_correlation
F6,0.1,0.025,10.0,40.0,1.0,calendar_reference_slow_response,illustrative reference convention; not calibrated,1.0.0,calendar_epps_curve,0.0,second,limiting_correlation,1.0,normalized_correlation,1.0
F6,0.1,0.025,10.0,40.0,1.0,calendar_reference_slow_response,illustrative reference convention; not calibrated,1.0.0,calendar_epps_curve,0.5,second,limiting_correlation,1.0,normalized_correlation,1.0
F6,0.1,0.025,10.0,40.0,1.0,calendar_reference_slow_response,illustrative reference convention; not calibrated,1.0.0,calendar_epps_curve,1.0,second,limiting_correlation,1.0,normalized_correlation,1.0
F6,0.1,0.025,10.0,40.0,1.0,calendar_reference_slow_response,illustrative reference convention; not calibrated,1.0.0,calendar_epps_curve,1.5,second,limiting_correlation,1.0,normalized_correlation,1.0
F6,0.1,0.025,10.0,40.0,1.0,calendar_reference_slow_response,illustrative reference convention; not calibrated,1.0.0,calendar_epps_curve,2.0,second,limiting_correlation,1.0,normalized_correlation,1.0
F6,0.1,0.025,10.0,40.0,1.0,calendar_reference_slow_response,illustrative reference convention; not calibrated,1.0.0,calendar_epps_curve,2.5,second,limiting_correlation,1.0,normalized_correlation,1.0
F6,0.1,0.025,10.0,40.0,1.0,calendar_reference_slow_response,illustrative reference convention; not calibrated,1.0.0,calendar_epps_curve,3.0,second,limiting_correlation,1.0,normalized_correlation,1.0
F6,0.1,0.025,10.0,40.0,1.0,calendar_reference_slow_response,illustrative reference convention; not calibrated,1.0.0,calendar_epps_curve,3.5,second,limiting_correlation,1.0,normalized_correlation,1.0
F6,0.1,0.025,10.0,40.0,1.0,calendar_reference_slow_response,illustrative reference convention; not calibrated,1.0.0,calendar_epps_curve,4.0,second,limiting_correlation,1.0,normalized_correlation,1.0
F6,0.1,0.025,10.0,40.0,1.0,calendar_reference_slow_response,illustrative reference convention; not calibrated,1.0.0,calendar_epps_curve,4.5,second,limiting_correlation,1.0,normalized_correlation,1.0
F6,0.1,0.025,10.0,40.0,1.0,calendar_reference_slow_response,illustrative reference convention; not calibrated,1.0.0,calendar_epps_curve,5.0,second,limiting_correlation,1.0,normalized_correlation,1.0
F6,0.1,0.025,10.0,40.0,1.0,calendar_reference_slow_response,illustrative reference convention; not calibrated,1.0.0,calendar_epps_curve,5.5,second,limiting_correlation,1.0,normalized_correlation,1.0
F6,0.1,0.025,10.0,40.0,1.0,calendar_reference_slow_response,illustrative reference convention; not calibrated,1.0.0,calendar_epps_curve,6.0,second,limiting_correlation,1.0,normalized_correlation,1.0
F6,0.1,0.025,10.0,40.0,1.0,calendar_reference_slow_response,illustrative reference convention; not calibrated,1.0.0,calendar_epps_curve,6.5,second,limiting_correlation,1.0,normalized_correlation,1.0
F6,0.1,0.025,10.0,40.0,1.0,calendar_reference_slow_response,illustrative reference convention; not calibrated,1.0.0,calendar_epps_curve,7.0,second,limiting_correlation,1.0,normalized_correlation,1.0
F6,0.1,0.025,10.0,40.0,1.0,calendar_reference_slow_response,illustrative reference convention; not calibrated,1.0.0,calendar_epps_curve,7.5,second,limiting_correlation,1.0,normalized_correlation,1.0
F6,0.1,0.025,10.0,40.0,1.0,calendar_reference_slow_response,illustrative reference convention; not calibrated,1.0.0,calendar_epps_curve,8.0,second,limiting_correlation,1.0,normalized_correlation,1.0
F6,0.1,0.025,10.0,40.0,1.0,calendar_reference_slow_response,illustrative reference convention; not calibrated,1.0.0,calendar_epps_curve,8.5,second,limiting_correlation,1.0,normalized_correlation,1.0
F6,0.1,0.025,10.0,40.0,1.0,calendar_reference_slow_response,illustrative reference convention; not calibrated,1.0.0,calendar_epps_curve,9.0,second,limiting_correlation,1.0,normalized_correlation,1.0
F6,0.1,0.025,10.0,40.0,1.0,calendar_reference_slow_response,illustrative reference convention; not calibrated,1.0.0,calendar_epps_curve,9.5,second,limiting_correlation,1.0,normalized_correlation,1.0
F6,0.1,0.025,10.0,40.0,1.0,calendar_reference_slow_response,illustrative reference convention; not calibrated,1.0.0,calendar_epps_curve,10.0,second,limiting_correlation,1.0,normalized_correlation,1.0
F6,0.1,0.025,10.0,40.0,1.0,calendar_reference_slow_response,illustrative reference convention; not calibrated,1.0.0,calendar_epps_curve,10.5,second,limiting_correlation,1.0,normalized_correlation,1.0
F6,0.1,0.025,10.0,40.0,1.0,calendar_reference_slow_response,illustrative reference convention; not calibrated,1.0.0,calendar_epps_curve,11.0,second,limiting_correlation,1.0,normalized_correlation,1.0
F6,0.1,0.025,10.0,40.0,1.0,calendar_reference_slow_response,illustrative reference convention; not calibrated,1.0.0,calendar_epps_curve,11.5,second,limiting_correlation,1.0,normalized_correlation,1.0
F6,0.1,0.025,10.0,40.0,1.0,calendar_reference_slow_response,illustrative reference convention; not calibrated,1.0.0,calendar_epps_curve,12.0,second,limiting_correlation,1.0,normalized_correlation,1.0
F6,0.1,0.025,10.0,40.0,1.0,calendar_reference_slow_response,illustrative reference convention; not calibrated,1.0.0,calendar_epps_curve,12.5,second,limiting_correlation,1.0,normalized_correlation,1.0
F6,0.1,0.025,10.0,40.0,1.0,calendar_reference_slow_response,illustrative reference convention; not calibrated,1.0.0,calendar_epps_curve,13.0,second,limiting_correlation,1.0,normalized_correlation,1.0
F6,0.1,0.025,10.0,40.0,1.0,calendar_reference_slow_response,illustrative reference convention; not calibrated,1.0.0,calendar_epps_curve,13.5,second,limiting_correlation,1.0,normalized_correlation,1.0
F6,0.1,0.025,10.0,40.0,1.0,calendar_reference_slow_response,illustrative reference convention; not calibrated,1.0.0,calendar_epps_curve,14.0,second,limiting_correlation,1.0,normalized_correlation,1.0
F6,0.1,0.025,10.0,40.0,1.0,calendar_reference_slow_response,illustrative reference convention; not calibrated,1.0.0,calendar_epps_curve,14.5,second,limiting_correlation,1.0,normalized_correlation,1.0
F6,0.1,0.025,10.0,40.0,1.0,calendar_reference_slow_response,illustrative reference convention; not calibrated,1.0.0,calendar_epps_curve,15.0,second,limiting_correlation,1.0,normalized_correlation,1.0
F6,0.1,0.025,10.0,40.0,1.0,calendar_reference_slow_response,illustrative reference convention; not calibrated,1.0.0,calendar_epps_curve,15.5,second,limiting_correlation,1.0,normalized_correlation,1.0
F6,0.1,0.025,10.0,40.0,1.0,calendar_reference_slow_response,illustrative reference convention; not calibrated,1.0.0,calendar_epps_curve,16.0,second,limiting_correlation,1.0,normalized_correlation,1.0
F6,0.1,0.025,10.0,40.0,1.0,calendar_reference_slow_response,illustrative reference convention; not calibrated,1.0.0,calendar_epps_curve,16.5,second,limiting_correlation,1.0,normalized_correlation,1.0
F6,0.1,0.025,10.0,40.0,1.0,calendar_reference_slow_response,illustrative reference convention; not calibrated,1.0.0,calendar_epps_curve,17.0,second,limiting_correlation,1.0,normalized_correlation,1.0
F6,0.1,0.025,10.0,40.0,1.0,calendar_reference_slow_response,illustrative reference convention; not calibrated,1.0.0,calendar_epps_curve,17.5,second,limiting_correlation,1.0,normalized_correlation,1.0
F6,0.1,0.025,10.0,40.0,1.0,calendar_reference_slow_response,illustrative reference convention; not calibrated,1.0.0,calendar_epps_curve,18.0,second,limiting_correlation,1.0,normalized_correlation,1.0
F6,0.1,0.025,10.0,40.0,1.0,calendar_reference_slow_response,illustrative reference convention; not calibrated,1.0.0,calendar_epps_curve,18.5,second,limiting_correlation,1.0,normalized_correlation,1.0
F6,0.1,0.025,10.0,40.0,1.0,calendar_reference_slow_response,illustrative reference convention; not calibrated,1.0.0,calendar_epps_curve,19.0,second,limiting_correlation,1.0,normalized_correlation,1.0
F6,0.1,0.025,10.0,40.0,1.0,calendar_reference_slow_response,illustrative reference convention; not calibrated,1.0.0,calendar_epps_curve,19.5,second,limiting_correlation,1.0,normalized_correlation,1.0
F6,0.1,0.025,10.0,40.0,1.0,calendar_reference_slow_response,illustrative reference convention; not calibrated,1.0.0,calendar_epps_curve,20.0,second,limiting_correlation,1.0,normalized_correlation,1.0
F6,0.1,0.025,10.0,40.0,1.0,calendar_reference_slow_response,illustrative reference convention; not calibrated,1.0.0,calendar_epps_curve,20.5,second,limiting_correlation,1.0,normalized_correlation,1.0
F6,0.1,0.025,10.0,40.0,1.0,calendar_reference_slow_response,illustrative reference convention; not calibrated,1.0.0,calendar_epps_curve,21.0,second,limiting_correlation,1.0,normalized_correlation,1.0
F6,0.1,0.025,10.0,40.0,1.0,calendar_reference_slow_response,illustrative reference convention; not calibrated,1.0.0,calendar_epps_curve,21.5,second,limiting_correlation,1.0,normalized_correlation,1.0
F6,0.1,0.025,10.0,40.0,1.0,calendar_reference_slow_response,illustrative reference convention; not calibrated,1.0.0,calendar_epps_curve,22.0,second,limiting_correlation,1.0,normalized_correlation,1.0
F6,0.1,0.025,10.0,40.0,1.0,calendar_reference_slow_response,illustrative reference convention; not calibrated,1.0.0,calendar_epps_curve,22.5,second,limiting_correlation,1.0,normalized_correlation,1.0
F6,0.1,0.025,10.0,40.0,1.0,calendar_reference_slow_response,illustrative reference convention; not calibrated,1.0.0,calendar_epps_curve,23.0,second,limiting_correlation,1.0,normalized_correlation,1.0
F6,0.1,0.025,10.0,40.0,1.0,calendar_reference_slow_response,illustrative reference convention; not calibrated,1.0.0,calendar_epps_curve,23.5,second,limiting_correlation,1.0,normalized_correlation,1.0
F6,0.1,0.025,10.0,40.0,1.0,calendar_reference_slow_response,illustrative reference convention; not calibrated,1.0.0,calendar_epps_curve,24.0,second,limiting_correlation,1.0,normalized_correlation,1.0
F6,0.1,0.025,10.0,40.0,1.0,calendar_reference_slow_response,illustrative reference convention; not calibrated,1.0.0,calendar_epps_curve,24.5,second,limiting_correlation,1.0,normalized_correlation,1.0
F6,0.1,0.025,10.0,40.0,1.0,calendar_reference_slow_response,illustrative reference convention; not calibrated,1.0.0,calendar_epps_curve,25.0,second,limiting_correlation,1.0,normalized_correlation,1.0
F6,0.1,0.025,10.0,40.0,1.0,calendar_reference_slow_response,illustrative reference convention; not calibrated,1.0.0,calendar_epps_curve,25.5,second,limiting_correlation,1.0,normalized_correlation,1.0
F6,0.1,0.025,10.0,40.0,1.0,calendar_reference_slow_response,illustrative reference convention; not calibrated,1.0.0,calendar_epps_curve,26.0,second,limiting_correlation,1.0,normalized_correlation,1.0
F6,0.1,0.025,10.0,40.0,1.0,calendar_reference_slow_response,illustrative reference convention; not calibrated,1.0.0,calendar_epps_curve,26.5,second,limiting_correlation,1.0,normalized_correlation,1.0
F6,0.1,0.025,10.0,40.0,1.0,calendar_reference_slow_response,illustrative reference convention; not calibrated,1.0.0,calendar_epps_curve,27.0,second,limiting_correlation,1.0,normalized_correlation,1.0
F6,0.1,0.025,10.0,40.0,1.0,calendar_reference_slow_response,illustrative reference convention; not calibrated,1.0.0,calendar_epps_curve,27.5,second,limiting_correlation,1.0,normalized_correlation,1.0
F6,0.1,0.025,10.0,40.0,1.0,calendar_reference_slow_response,illustrative reference convention; not calibrated,1.0.0,calendar_epps_curve,28.0,second,limiting_correlation,1.0,normalized_correlation,1.0
F6,0.1,0.025,10.0,40.0,1.0,calendar_reference_slow_response,illustrative reference convention; not calibrated,1.0.0,calendar_epps_curve,28.5,second,limiting_correlation,1.0,normalized_correlation,1.0
F6,0.1,0.025,10.0,40.0,1.0,calendar_reference_slow_response,illustrative reference convention; not calibrated,1.0.0,calendar_epps_curve,29.0,second,limiting_correlation,1.0,normalized_correlation,1.0
F6,0.1,0.025,10.0,40.0,1.0,calendar_reference_slow_response,illustrative reference convention; not calibrated,1.0.0,calendar_epps_curve,29.5,second,limiting_correlation,1.0,normalized_correlation,1.0
F6,0.1,0.025,10.0,40.0,1.0,calendar_reference_slow_response,illustrative reference convention; not calibrated,1.0.0,calendar_epps_curve,30.0,second,limiting_correlation,1.0,normalized_correlation,1.0
F6,0.1,0.025,10.0,40.0,1.0,calendar_reference_slow_response,illustrative reference convention; not calibrated,1.0.0,calendar_epps_curve,30.5,second,limiting_correlation,1.0,normalized_correlation,1.0
F6,0.1,0.025,10.0,40.0,1.0,calendar_reference_slow_response,illustrative reference convention; not calibrated,1.0.0,calendar_epps_curve,31.0,second,limiting_correlation,1.0,normalized_correlation,1.0
F6,0.1,0.025,10.0,40.0,1.0,calendar_reference_slow_response,illustrative reference convention; not calibrated,1.0.0,calendar_epps_curve,31.5,second,limiting_correlation,1.0,normalized_correlation,1.0
F6,0.1,0.025,10.0,40.0,1.0,calendar_reference_slow_response,illustrative reference convention; not calibrated,1.0.0,calendar_epps_curve,32.0,second,limiting_correlation,1.0,normalized_correlation,1.0
F6,0.1,0.025,10.0,40.0,1.0,calendar_reference_slow_response,illustrative reference convention; not calibrated,1.0.0,calendar_epps_curve,32.5,second,limiting_correlation,1.0,normalized_correlation,1.0
F6,0.1,0.025,10.0,40.0,1.0,calendar_reference_slow_response,illustrative reference convention; not calibrated,1.0.0,calendar_epps_curve,33.0,second,limiting_correlation,1.0,normalized_correlation,1.0
F6,0.1,0.025,10.0,40.0,1.0,calendar_reference_slow_response,illustrative reference convention; not calibrated,1.0.0,calendar_epps_curve,33.5,second,limiting_correlation,1.0,normalized_correlation,1.0
F6,0.1,0.025,10.0,40.0,1.0,calendar_reference_slow_response,illustrative reference convention; not calibrated,1.0.0,calendar_epps_curve,34.0,second,limiting_correlation,1.0,normalized_correlation,1.0
F6,0.1,0.025,10.0,40.0,1.0,calendar_reference_slow_response,illustrative reference convention; not calibrated,1.0.0,calendar_epps_curve,34.5,second,limiting_correlation,1.0,normalized_correlation,1.0
F6,0.1,0.025,10.0,40.0,1.0,calendar_reference_slow_response,illustrative reference convention; not calibrated,1.0.0,calendar_epps_curve,35.0,second,limiting_correlation,1.0,normalized_correlation,1.0
F6,0.1,0.025,10.0,40.0,1.0,calendar_reference_slow_response,illustrative reference convention; not calibrated,1.0.0,calendar_epps_curve,35.5,second,limiting_correlation,1.0,normalized_correlation,1.0
F6,0.1,0.025,10.0,40.0,1.0,calendar_reference_slow_response,illustrative reference convention; not calibrated,1.0.0,calendar_epps_curve,36.0,second,limiting_correlation,1.0,normalized_correlation,1.0
F6,0.1,0.025,10.0,40.0,1.0,calendar_reference_slow_response,illustrative reference convention; not calibrated,1.0.0,calendar_epps_curve,36.5,second,limiting_correlation,1.0,normalized_correlation,1.0
F6,0.1,0.025,10.0,40.0,1.0,calendar_reference_slow_response,illustrative reference convention; not calibrated,1.0.0,calendar_epps_curve,37.0,second,limiting_correlation,1.0,normalized_correlation,1.0
F6,0.1,0.025,10.0,40.0,1.0,calendar_reference_slow_response,illustrative reference convention; not calibrated,1.0.0,calendar_epps_curve,37.5,second,limiting_correlation,1.0,normalized_correlation,1.0
F6,0.1,0.025,10.0,40.0,1.0,calendar_reference_slow_response,illustrative reference convention; not calibrated,1.0.0,calendar_epps_curve,38.0,second,limiting_correlation,1.0,normalized_correlation,1.0
F6,0.1,0.025,10.0,40.0,1.0,calendar_reference_slow_response,illustrative reference convention; not calibrated,1.0.0,calendar_epps_curve,38.5,second,limiting_correlation,1.0,normalized_correlation,1.0
F6,0.1,0.025,10.0,40.0,1.0,calendar_reference_slow_response,illustrative reference convention; not calibrated,1.0.0,calendar_epps_curve,39.0,second,limiting_correlation,1.0,normalized_correlation,1.0
F6,0.1,0.025,10.0,40.0,1.0,calendar_reference_slow_response,illustrative reference convention; not calibrated,1.0.0,calendar_epps_curve,39.5,second,limiting_correlation,1.0,normalized_correlation,1.0
F6,0.1,0.025,10.0,40.0,1.0,calendar_reference_slow_response,illustrative reference convention; not calibrated,1.0.0,calendar_epps_curve,40.0,second,limiting_correlation,1.0,normalized_correlation,1.0
F6,0.1,0.025,10.0,40.0,1.0,calendar_reference_slow_response,illustrative reference convention; not calibrated,1.0.0,calendar_epps_curve,40.5,second,limiting_correlation,1.0,normalized_correlation,1.0
F6,0.1,0.025,10.0,40.0,1.0,calendar_reference_slow_response,illustrative reference convention; not calibrated,1.0.0,calendar_epps_curve,41.0,second,limiting_correlation,1.0,normalized_correlation,1.0
F6,0.1,0.025,10.0,40.0,1.0,calendar_reference_slow_response,illustrative reference convention; not calibrated,1.0.0,calendar_epps_curve,41.5,second,limiting_correlation,1.0,normalized_correlation,1.0
F6,0.1,0.025,10.0,40.0,1.0,calendar_reference_slow_response,illustrative reference convention; not calibrated,1.0.0,calendar_epps_curve,42.0,second,limiting_correlation,1.0,normalized_correlation,1.0
F6,0.1,0.025,10.0,40.0,1.0,calendar_reference_slow_response,illustrative reference convention; not calibrated,1.0.0,calendar_epps_curve,42.5,second,limiting_correlation,1.0,normalized_correlation,1.0
F6,0.1,0.025,10.0,40.0,1.0,calendar_reference_slow_response,illustrative reference convention; not calibrated,1.0.0,calendar_epps_curve,43.0,second,limiting_correlation,1.0,normalized_correlation,1.0
F6,0.1,0.025,10.0,40.0,1.0,calendar_reference_slow_response,illustrative reference convention; not calibrated,1.0.0,calendar_epps_curve,43.5,second,limiting_correlation,1.0,normalized_correlation,1.0
F6,0.1,0.025,10.0,40.0,1.0,calendar_reference_slow_response,illustrative reference convention; not calibrated,1.0.0,calendar_epps_curve,44.0,second,limiting_correlation,1.0,normalized_correlation,1.0
F6,0.1,0.025,10.0,40.0,1.0,calendar_reference_slow_response,illustrative reference convention; not calibrated,1.0.0,calendar_epps_curve,44.5,second,limiting_correlation,1.0,normalized_correlation,1.0
F6,0.1,0.025,10.0,40.0,1.0,calendar_reference_slow_response,illustrative reference convention; not calibrated,1.0.0,calendar_epps_curve,45.0,second,limiting_correlation,1.0,normalized_correlation,1.0
F6,0.1,0.025,10.0,40.0,1.0,calendar_reference_slow_response,illustrative reference convention; not calibrated,1.0.0,calendar_epps_curve,45.5,second,limiting_correlation,1.0,normalized_correlation,1.0
F6,0.1,0.025,10.0,40.0,1.0,calendar_reference_slow_response,illustrative reference convention; not calibrated,1.0.0,calendar_epps_curve,46.0,second,limiting_correlation,1.0,normalized_correlation,1.0
F6,0.1,0.025,10.0,40.0,1.0,calendar_reference_slow_response,illustrative reference convention; not calibrated,1.0.0,calendar_epps_curve,46.5,second,limiting_correlation,1.0,normalized_correlation,1.0
F6,0.1,0.025,10.0,40.0,1.0,calendar_reference_slow_response,illustrative reference convention; not calibrated,1.0.0,calendar_epps_curve,47.0,second,limiting_correlation,1.0,normalized_correlation,1.0
F6,0.1,0.025,10.0,40.0,1.0,calendar_reference_slow_response,illustrative reference convention; not calibrated,1.0.0,calendar_epps_curve,47.5,second,limiting_correlation,1.0,normalized_correlation,1.0
F6,0.1,0.025,10.0,40.0,1.0,calendar_reference_slow_response,illustrative reference convention; not calibrated,1.0.0,calendar_epps_curve,48.0,second,limiting_correlation,1.0,normalized_correlation,1.0
F6,0.1,0.025,10.0,40.0,1.0,calendar_reference_slow_response,illustrative reference convention; not calibrated,1.0.0,calendar_epps_curve,48.5,second,limiting_correlation,1.0,normalized_correlation,1.0
F6,0.1,0.025,10.0,40.0,1.0,calendar_reference_slow_response,illustrative reference convention; not calibrated,1.0.0,calendar_epps_curve,49.0,second,limiting_correlation,1.0,normalized_correlation,1.0
F6,0.1,0.025,10.0,40.0,1.0,calendar_reference_slow_response,illustrative reference convention; not calibrated,1.0.0,calendar_epps_curve,49.5,second,limiting_correlation,1.0,normalized_correlation,1.0
F6,0.1,0.025,10.0,40.0,1.0,calendar_reference_slow_response,illustrative reference convention; not calibrated,1.0.0,calendar_epps_curve,50.0,second,limiting_correlation,1.0,normalized_correlation,1.0
F6,0.1,0.025,10.0,40.0,1.0,calendar_reference_slow_response,illustrative reference convention; not calibrated,1.0.0,calendar_epps_curve,50.5,second,limiting_correlation,1.0,normalized_correlation,1.0
F6,0.1,0.025,10.0,40.0,1.0,calendar_reference_slow_response,illustrative reference convention; not calibrated,1.0.0,calendar_epps_curve,51.0,second,limiting_correlation,1.0,normalized_correlation,1.0
F6,0.1,0.025,10.0,40.0,1.0,calendar_reference_slow_response,illustrative reference convention; not calibrated,1.0.0,calendar_epps_curve,51.5,second,limiting_correlation,1.0,normalized_correlation,1.0
F6,0.1,0.025,10.0,40.0,1.0,calendar_reference_slow_response,illustrative reference convention; not calibrated,1.0.0,calendar_epps_curve,52.0,second,limiting_correlation,1.0,normalized_correlation,1.0
F6,0.1,0.025,10.0,40.0,1.0,calendar_reference_slow_response,illustrative reference convention; not calibrated,1.0.0,calendar_epps_curve,52.5,second,limiting_correlation,1.0,normalized_correlation,1.0
F6,0.1,0.025,10.0,40.0,1.0,calendar_reference_slow_response,illustrative reference convention; not calibrated,1.0.0,calendar_epps_curve,53.0,second,limiting_correlation,1.0,normalized_correlation,1.0
F6,0.1,0.025,10.0,40.0,1.0,calendar_reference_slow_response,illustrative reference convention; not calibrated,1.0.0,calendar_epps_curve,53.5,second,limiting_correlation,1.0,normalized_correlation,1.0
F6,0.1,0.025,10.0,40.0,1.0,calendar_reference_slow_response,illustrative reference convention; not calibrated,1.0.0,calendar_epps_curve,54.0,second,limiting_correlation,1.0,normalized_correlation,1.0
F6,0.1,0.025,10.0,40.0,1.0,calendar_reference_slow_response,illustrative reference convention; not calibrated,1.0.0,calendar_epps_curve,54.5,second,limiting_correlation,1.0,normalized_correlation,1.0
F6,0.1,0.025,10.0,40.0,1.0,calendar_reference_slow_response,illustrative reference convention; not calibrated,1.0.0,calendar_epps_curve,55.0,second,limiting_correlation,1.0,normalized_correlation,1.0
F6,0.1,0.025,10.0,40.0,1.0,calendar_reference_slow_response,illustrative reference convention; not calibrated,1.0.0,calendar_epps_curve,55.5,second,limiting_correlation,1.0,normalized_correlation,1.0
F6,0.1,0.025,10.0,40.0,1.0,calendar_reference_slow_response,illustrative reference convention; not calibrated,1.0.0,calendar_epps_curve,56.0,second,limiting_correlation,1.0,normalized_correlation,1.0
F6,0.1,0.025,10.0,40.0,1.0,calendar_reference_slow_response,illustrative reference convention; not calibrated,1.0.0,calendar_epps_curve,56.5,second,limiting_correlation,1.0,normalized_correlation,1.0
F6,0.1,0.025,10.0,40.0,1.0,calendar_reference_slow_response,illustrative reference convention; not calibrated,1.0.0,calendar_epps_curve,57.0,second,limiting_correlation,1.0,normalized_correlation,1.0
F6,0.1,0.025,10.0,40.0,1.0,calendar_reference_slow_response,illustrative reference convention; not calibrated,1.0.0,calendar_epps_curve,57.5,second,limiting_correlation,1.0,normalized_correlation,1.0
F6,0.1,0.025,10.0,40.0,1.0,calendar_reference_slow_response,illustrative reference convention; not calibrated,1.0.0,calendar_epps_curve,58.0,second,limiting_correlation,1.0,normalized_correlation,1.0
F6,0.1,0.025,10.0,40.0,1.0,calendar_reference_slow_response,illustrative reference convention; not calibrated,1.0.0,calendar_epps_curve,58.5,second,limiting_correlation,1.0,normalized_correlation,1.0
F6,0.1,0.025,10.0,40.0,1.0,calendar_reference_slow_response,illustrative reference convention; not calibrated,1.0.0,calendar_epps_curve,59.0,second,limiting_correlation,1.0,normalized_correlation,1.0
F6,0.1,0.025,10.0,40.0,1.0,calendar_reference_slow_response,illustrative reference convention; not calibrated,1.0.0,calendar_epps_curve,59.5,second,limiting_correlation,1.0,normalized_correlation,1.0
F6,0.1,0.025,10.0,40.0,1.0,calendar_reference_slow_response,illustrative reference convention; not calibrated,1.0.0,calendar_epps_curve,60.0,second,limiting_correlation,1.0,normalized_correlation,1.0
F6,0.1,0.025,10.0,40.0,1.0,calendar_reference_slow_response,illustrative reference convention; not calibrated,1.0.0,calendar_epps_curve,60.5,second,limiting_correlation,1.0,normalized_correlation,1.0
F6,0.1,0.025,10.0,40.0,1.0,calendar_reference_slow_response,illustrative reference convention; not calibrated,1.0.0,calendar_epps_curve,61.0,second,limiting_correlation,1.0,normalized_correlation,1.0
F6,0.1,0.025,10.0,40.0,1.0,calendar_reference_slow_response,illustrative reference convention; not calibrated,1.0.0,calendar_epps_curve,61.5,second,limiting_correlation,1.0,normalized_correlation,1.0
F6,0.1,0.025,10.0,40.0,1.0,calendar_reference_slow_response,illustrative reference convention; not calibrated,1.0.0,calendar_epps_curve,62.0,second,limiting_correlation,1.0,normalized_correlation,1.0
F6,0.1,0.025,10.0,40.0,1.0,calendar_reference_slow_response,illustrative reference convention; not calibrated,1.0.0,calendar_epps_curve,62.5,second,limiting_correlation,1.0,normalized_correlation,1.0
F6,0.1,0.025,10.0,40.0,1.0,calendar_reference_slow_response,illustrative reference convention; not calibrated,1.0.0,calendar_epps_curve,63.0,second,limiting_correlation,1.0,normalized_correlation,1.0
F6,0.1,0.025,10.0,40.0,1.0,calendar_reference_slow_response,illustrative reference convention; not calibrated,1.0.0,calendar_epps_curve,63.5,second,limiting_correlation,1.0,normalized_correlation,1.0
F6,0.1,0.025,10.0,40.0,1.0,calendar_reference_slow_response,illustrative reference convention; not calibrated,1.0.0,calendar_epps_curve,64.0,second,limiting_correlation,1.0,normalized_correlation,1.0
F6,0.1,0.025,10.0,40.0,1.0,calendar_reference_slow_response,illustrative reference convention; not calibrated,1.0.0,calendar_epps_curve,64.5,second,limiting_correlation,1.0,normalized_correlation,1.0
F6,0.1,0.025,10.0,40.0,1.0,calendar_reference_slow_response,illustrative reference convention; not calibrated,1.0.0,calendar_epps_curve,65.0,second,limiting_correlation,1.0,normalized_correlation,1.0
F6,0.1,0.025,10.0,40.0,1.0,calendar_reference_slow_response,illustrative reference convention; not calibrated,1.0.0,calendar_epps_curve,65.5,second,limiting_correlation,1.0,normalized_correlation,1.0
F6,0.1,0.025,10.0,40.0,1.0,calendar_reference_slow_response,illustrative reference convention; not calibrated,1.0.0,calendar_epps_curve,66.0,second,limiting_correlation,1.0,normalized_correlation,1.0
F6,0.1,0.025,10.0,40.0,1.0,calendar_reference_slow_response,illustrative reference convention; not calibrated,1.0.0,calendar_epps_curve,66.5,second,limiting_correlation,1.0,normalized_correlation,1.0
F6,0.1,0.025,10.0,40.0,1.0,calendar_reference_slow_response,illustrative reference convention; not calibrated,1.0.0,calendar_epps_curve,67.0,second,limiting_correlation,1.0,normalized_correlation,1.0
F6,0.1,0.025,10.0,40.0,1.0,calendar_reference_slow_response,illustrative reference convention; not calibrated,1.0.0,calendar_epps_curve,67.5,second,limiting_correlation,1.0,normalized_correlation,1.0
F6,0.1,0.025,10.0,40.0,1.0,calendar_reference_slow_response,illustrative reference convention; not calibrated,1.0.0,calendar_epps_curve,68.0,second,limiting_correlation,1.0,normalized_correlation,1.0
F6,0.1,0.025,10.0,40.0,1.0,calendar_reference_slow_response,illustrative reference convention; not calibrated,1.0.0,calendar_epps_curve,68.5,second,limiting_correlation,1.0,normalized_correlation,1.0
F6,0.1,0.025,10.0,40.0,1.0,calendar_reference_slow_response,illustrative reference convention; not calibrated,1.0.0,calendar_epps_curve,69.0,second,limiting_correlation,1.0,normalized_correlation,1.0
F6,0.1,0.025,10.0,40.0,1.0,calendar_reference_slow_response,illustrative reference convention; not calibrated,1.0.0,calendar_epps_curve,69.5,second,limiting_correlation,1.0,normalized_correlation,1.0
F6,0.1,0.025,10.0,40.0,1.0,calendar_reference_slow_response,illustrative reference convention; not calibrated,1.0.0,calendar_epps_curve,70.0,second,limiting_correlation,1.0,normalized_correlation,1.0
F6,0.1,0.025,10.0,40.0,1.0,calendar_reference_slow_response,illustrative reference convention; not calibrated,1.0.0,calendar_epps_curve,70.5,second,limiting_correlation,1.0,normalized_correlation,1.0
F6,0.1,0.025,10.0,40.0,1.0,calendar_reference_slow_response,illustrative reference convention; not calibrated,1.0.0,calendar_epps_curve,71.0,second,limiting_correlation,1.0,normalized_correlation,1.0
F6,0.1,0.025,10.0,40.0,1.0,calendar_reference_slow_response,illustrative reference convention; not calibrated,1.0.0,calendar_epps_curve,71.5,second,limiting_correlation,1.0,normalized_correlation,1.0
F6,0.1,0.025,10.0,40.0,1.0,calendar_reference_slow_response,illustrative reference convention; not calibrated,1.0.0,calendar_epps_curve,72.0,second,limiting_correlation,1.0,normalized_correlation,1.0
F6,0.1,0.025,10.0,40.0,1.0,calendar_reference_slow_response,illustrative reference convention; not calibrated,1.0.0,calendar_epps_curve,72.5,second,limiting_correlation,1.0,normalized_correlation,1.0
F6,0.1,0.025,10.0,40.0,1.0,calendar_reference_slow_response,illustrative reference convention; not calibrated,1.0.0,calendar_epps_curve,73.0,second,limiting_correlation,1.0,normalized_correlation,1.0
F6,0.1,0.025,10.0,40.0,1.0,calendar_reference_slow_response,illustrative reference convention; not calibrated,1.0.0,calendar_epps_curve,73.5,second,limiting_correlation,1.0,normalized_correlation,1.0
F6,0.1,0.025,10.0,40.0,1.0,calendar_reference_slow_response,illustrative reference convention; not calibrated,1.0.0,calendar_epps_curve,74.0,second,limiting_correlation,1.0,normalized_correlation,1.0
F6,0.1,0.025,10.0,40.0,1.0,calendar_reference_slow_response,illustrative reference convention; not calibrated,1.0.0,calendar_epps_curve,74.5,second,limiting_correlation,1.0,normalized_correlation,1.0
F6,0.1,0.025,10.0,40.0,1.0,calendar_reference_slow_response,illustrative reference convention; not calibrated,1.0.0,calendar_epps_curve,75.0,second,limiting_correlation,1.0,normalized_correlation,1.0
F6,0.1,0.025,10.0,40.0,1.0,calendar_reference_slow_response,illustrative reference convention; not calibrated,1.0.0,calendar_epps_curve,75.5,second,limiting_correlation,1.0,normalized_correlation,1.0
F6,0.1,0.025,10.0,40.0,1.0,calendar_reference_slow_response,illustrative reference convention; not calibrated,1.0.0,calendar_epps_curve,76.0,second,limiting_correlation,1.0,normalized_correlation,1.0
F6,0.1,0.025,10.0,40.0,1.0,calendar_reference_slow_response,illustrative reference convention; not calibrated,1.0.0,calendar_epps_curve,76.5,second,limiting_correlation,1.0,normalized_correlation,1.0
F6,0.1,0.025,10.0,40.0,1.0,calendar_reference_slow_response,illustrative reference convention; not calibrated,1.0.0,calendar_epps_curve,77.0,second,limiting_correlation,1.0,normalized_correlation,1.0
F6,0.1,0.025,10.0,40.0,1.0,calendar_reference_slow_response,illustrative reference convention; not calibrated,1.0.0,calendar_epps_curve,77.5,second,limiting_correlation,1.0,normalized_correlation,1.0
F6,0.1,0.025,10.0,40.0,1.0,calendar_reference_slow_response,illustrative reference convention; not calibrated,1.0.0,calendar_epps_curve,78.0,second,limiting_correlation,1.0,normalized_correlation,1.0
F6,0.1,0.025,10.0,40.0,1.0,calendar_reference_slow_response,illustrative reference convention; not calibrated,1.0.0,calendar_epps_curve,78.5,second,limiting_correlation,1.0,normalized_correlation,1.0
F6,0.1,0.025,10.0,40.0,1.0,calendar_reference_slow_response,illustrative reference convention; not calibrated,1.0.0,calendar_epps_curve,79.0,second,limiting_correlation,1.0,normalized_correlation,1.0
F6,0.1,0.025,10.0,40.0,1.0,calendar_reference_slow_response,illustrative reference convention; not calibrated,1.0.0,calendar_epps_curve,79.5,second,limiting_correlation,1.0,normalized_correlation,1.0
F6,0.1,0.025,10.0,40.0,1.0,calendar_reference_slow_response,illustrative reference convention; not calibrated,1.0.0,calendar_epps_curve,80.0,second,limiting_correlation,1.0,normalized_correlation,1.0
F6,0.1,0.025,10.0,40.0,1.0,calendar_reference_slow_response,illustrative reference convention; not calibrated,1.0.0,calendar_epps_curve,80.5,second,limiting_correlation,1.0,normalized_correlation,1.0
F6,0.1,0.025,10.0,40.0,1.0,calendar_reference_slow_response,illustrative reference convention; not calibrated,1.0.0,calendar_epps_curve,81.0,second,limiting_correlation,1.0,normalized_correlation,1.0
F6,0.1,0.025,10.0,40.0,1.0,calendar_reference_slow_response,illustrative reference convention; not calibrated,1.0.0,calendar_epps_curve,81.5,second,limiting_correlation,1.0,normalized_correlation,1.0
F6,0.1,0.025,10.0,40.0,1.0,calendar_reference_slow_response,illustrative reference convention; not calibrated,1.0.0,calendar_epps_curve,82.0,second,limiting_correlation,1.0,normalized_correlation,1.0
F6,0.1,0.025,10.0,40.0,1.0,calendar_reference_slow_response,illustrative reference convention; not calibrated,1.0.0,calendar_epps_curve,82.5,second,limiting_correlation,1.0,normalized_correlation,1.0
F6,0.1,0.025,10.0,40.0,1.0,calendar_reference_slow_response,illustrative reference convention; not calibrated,1.0.0,calendar_epps_curve,83.0,second,limiting_correlation,1.0,normalized_correlation,1.0
F6,0.1,0.025,10.0,40.0,1.0,calendar_reference_slow_response,illustrative reference convention; not calibrated,1.0.0,calendar_epps_curve,83.5,second,limiting_correlation,1.0,normalized_correlation,1.0
F6,0.1,0.025,10.0,40.0,1.0,calendar_reference_slow_response,illustrative reference convention; not calibrated,1.0.0,calendar_epps_curve,84.0,second,limiting_correlation,1.0,normalized_correlation,1.0
F6,0.1,0.025,10.0,40.0,1.0,calendar_reference_slow_response,illustrative reference convention; not calibrated,1.0.0,calendar_epps_curve,84.5,second,limiting_correlation,1.0,normalized_correlation,1.0
F6,0.1,0.025,10.0,40.0,1.0,calendar_reference_slow_response,illustrative reference convention; not calibrated,1.0.0,calendar_epps_curve,85.0,second,limiting_correlation,1.0,normalized_correlation,1.0
F6,0.1,0.025,10.0,40.0,1.0,calendar_reference_slow_response,illustrative reference convention; not calibrated,1.0.0,calendar_epps_curve,85.5,second,limiting_correlation,1.0,normalized_correlation,1.0
F6,0.1,0.025,10.0,40.0,1.0,calendar_reference_slow_response,illustrative reference convention; not calibrated,1.0.0,calendar_epps_curve,86.0,second,limiting_correlation,1.0,normalized_correlation,1.0
F6,0.1,0.025,10.0,40.0,1.0,calendar_reference_slow_response,illustrative reference convention; not calibrated,1.0.0,calendar_epps_curve,86.5,second,limiting_correlation,1.0,normalized_correlation,1.0
F6,0.1,0.025,10.0,40.0,1.0,calendar_reference_slow_response,illustrative reference convention; not calibrated,1.0.0,calendar_epps_curve,87.0,second,limiting_correlation,1.0,normalized_correlation,1.0
F6,0.1,0.025,10.0,40.0,1.0,calendar_reference_slow_response,illustrative reference convention; not calibrated,1.0.0,calendar_epps_curve,87.5,second,limiting_correlation,1.0,normalized_correlation,1.0
F6,0.1,0.025,10.0,40.0,1.0,calendar_reference_slow_response,illustrative reference convention; not calibrated,1.0.0,calendar_epps_curve,88.0,second,limiting_correlation,1.0,normalized_correlation,1.0
F6,0.1,0.025,10.0,40.0,1.0,calendar_reference_slow_response,illustrative reference convention; not calibrated,1.0.0,calendar_epps_curve,88.5,second,limiting_correlation,1.0,normalized_correlation,1.0
F6,0.1,0.025,10.0,40.0,1.0,calendar_reference_slow_response,illustrative reference convention; not calibrated,1.0.0,calendar_epps_curve,89.0,second,limiting_correlation,1.0,normalized_correlation,1.0
F6,0.1,0.025,10.0,40.0,1.0,calendar_reference_slow_response,illustrative reference convention; not calibrated,1.0.0,calendar_epps_curve,89.5,second,limiting_correlation,1.0,normalized_correlation,1.0
F6,0.1,0.025,10.0,40.0,1.0,calendar_reference_slow_response,illustrative reference convention; not calibrated,1.0.0,calendar_epps_curve,90.0,second,limiting_correlation,1.0,normalized_correlation,1.0
F6,0.1,0.025,10.0,40.0,1.0,calendar_reference_slow_response,illustrative reference convention; not calibrated,1.0.0,calendar_epps_curve,90.5,second,limiting_correlation,1.0,normalized_correlation,1.0
F6,0.1,0.025,10.0,40.0,1.0,calendar_reference_slow_response,illustrative reference convention; not calibrated,1.0.0,calendar_epps_curve,91.0,second,limiting_correlation,1.0,normalized_correlation,1.0
F6,0.1,0.025,10.0,40.0,1.0,calendar_reference_slow_response,illustrative reference convention; not calibrated,1.0.0,calendar_epps_curve,91.5,second,limiting_correlation,1.0,normalized_correlation,1.0
F6,0.1,0.025,10.0,40.0,1.0,calendar_reference_slow_response,illustrative reference convention; not calibrated,1.0.0,calendar_epps_curve,92.0,second,limiting_correlation,1.0,normalized_correlation,1.0
F6,0.1,0.025,10.0,40.0,1.0,calendar_reference_slow_response,illustrative reference convention; not calibrated,1.0.0,calendar_epps_curve,92.5,second,limiting_correlation,1.0,normalized_correlation,1.0
F6,0.1,0.025,10.0,40.0,1.0,calendar_reference_slow_response,illustrative reference convention; not calibrated,1.0.0,calendar_epps_curve,93.0,second,limiting_correlation,1.0,normalized_correlation,1.0
F6,0.1,0.025,10.0,40.0,1.0,calendar_reference_slow_response,illustrative reference convention; not calibrated,1.0.0,calendar_epps_curve,93.5,second,limiting_correlation,1.0,normalized_correlation,1.0
F6,0.1,0.025,10.0,40.0,1.0,calendar_reference_slow_response,illustrative reference convention; not calibrated,1.0.0,calendar_epps_curve,94.0,second,limiting_correlation,1.0,normalized_correlation,1.0
F6,0.1,0.025,10.0,40.0,1.0,calendar_reference_slow_response,illustrative reference convention; not calibrated,1.0.0,calendar_epps_curve,94.5,second,limiting_correlation,1.0,normalized_correlation,1.0
F6,0.1,0.025,10.0,40.0,1.0,calendar_reference_slow_response,illustrative reference convention; not calibrated,1.0.0,calendar_epps_curve,95.0,second,limiting_correlation,1.0,normalized_correlation,1.0
F6,0.1,0.025,10.0,40.0,1.0,calendar_reference_slow_response,illustrative reference convention; not calibrated,1.0.0,calendar_epps_curve,95.5,second,limiting_correlation,1.0,normalized_correlation,1.0
F6,0.1,0.025,10.0,40.0,1.0,calendar_reference_slow_response,illustrative reference convention; not calibrated,1.0.0,calendar_epps_curve,96.0,second,limiting_correlation,1.0,normalized_correlation,1.0
F6,0.1,0.025,10.0,40.0,1.0,calendar_reference_slow_response,illustrative reference convention; not calibrated,1.0.0,calendar_epps_curve,96.5,second,limiting_correlation,1.0,normalized_correlation,1.0
F6,0.1,0.025,10.0,40.0,1.0,calendar_reference_slow_response,illustrative reference convention; not calibrated,1.0.0,calendar_epps_curve,97.0,second,limiting_correlation,1.0,normalized_correlation,1.0
F6,0.1,0.025,10.0,40.0,1.0,calendar_reference_slow_response,illustrative reference convention; not calibrated,1.0.0,calendar_epps_curve,97.5,second,limiting_correlation,1.0,normalized_correlation,1.0
F6,0.1,0.025,10.0,40.0,1.0,calendar_reference_slow_response,illustrative reference convention; not calibrated,1.0.0,calendar_epps_curve,98.0,second,limiting_correlation,1.0,normalized_correlation,1.0
F6,0.1,0.025,10.0,40.0,1.0,calendar_reference_slow_response,illustrative reference convention; not calibrated,1.0.0,calendar_epps_curve,98.5,second,limiting_correlation,1.0,normalized_correlation,1.0
F6,0.1,0.025,10.0,40.0,1.0,calendar_reference_slow_response,illustrative reference convention; not calibrated,1.0.0,calendar_epps_curve,99.0,second,limiting_correlation,1.0,normalized_correlation,1.0
F6,0.1,0.025,10.0,40.0,1.0,calendar_reference_slow_response,illustrative reference convention; not calibrated,1.0.0,calendar_epps_curve,99.5,second,limiting_correlation,1.0,normalized_correlation,1.0
F6,0.1,0.025,10.0,40.0,1.0,calendar_reference_slow_response,illustrative reference convention; not calibrated,1.0.0,calendar_epps_curve,100.0,second,limiting_correlation,1.0,normalized_correlation,1.0
F6,0.1,0.025,10.0,40.0,1.0,calendar_reference_slow_response,illustrative reference convention; not calibrated,1.0.0,calendar_epps_curve,100.5,second,limiting_correlation,1.0,normalized_correlation,1.0
F6,0.1,0.025,10.0,40.0,1.0,calendar_reference_slow_response,illustrative reference convention; not calibrated,1.0.0,calendar_epps_curve,101.0,second,limiting_correlation,1.0,normalized_correlation,1.0
F6,0.1,0.025,10.0,40.0,1.0,calendar_reference_slow_response,illustrative reference convention; not calibrated,1.0.0,calendar_epps_curve,101.5,second,limiting_correlation,1.0,normalized_correlation,1.0
F6,0.1,0.025,10.0,40.0,1.0,calendar_reference_slow_response,illustrative reference convention; not calibrated,1.0.0,calendar_epps_curve,102.0,second,limiting_correlation,1.0,normalized_correlation,1.0
F6,0.1,0.025,10.0,40.0,1.0,calendar_reference_slow_response,illustrative reference convention; not calibrated,1.0.0,calendar_epps_curve,102.5,second,limiting_correlation,1.0,normalized_correlation,1.0
F6,0.1,0.025,10.0,40.0,1.0,calendar_reference_slow_response,illustrative reference convention; not calibrated,1.0.0,calendar_epps_curve,103.0,second,limiting_correlation,1.0,normalized_correlation,1.0
F6,0.1,0.025,10.0,40.0,1.0,calendar_reference_slow_response,illustrative reference convention; not calibrated,1.0.0,calendar_epps_curve,103.5,second,limiting_correlation,1.0,normalized_correlation,1.0
F6,0.1,0.025,10.0,40.0,1.0,calendar_reference_slow_response,illustrative reference convention; not calibrated,1.0.0,calendar_epps_curve,104.0,second,limiting_correlation,1.0,normalized_correlation,1.0
F6,0.1,0.025,10.0,40.0,1.0,calendar_reference_slow_response,illustrative reference convention; not calibrated,1.0.0,calendar_epps_curve,104.5,second,limiting_correlation,1.0,normalized_correlation,1.0
F6,0.1,0.025,10.0,40.0,1.0,calendar_reference_slow_response,illustrative reference convention; not calibrated,1.0.0,calendar_epps_curve,105.0,second,limiting_correlation,1.0,normalized_correlation,1.0
F6,0.1,0.025,10.0,40.0,1.0,calendar_reference_slow_response,illustrative reference convention; not calibrated,1.0.0,calendar_epps_curve,105.5,second,limiting_correlation,1.0,normalized_correlation,1.0
F6,0.1,0.025,10.0,40.0,1.0,calendar_reference_slow_response,illustrative reference convention; not calibrated,1.0.0,calendar_epps_curve,106.0,second,limiting_correlation,1.0,normalized_correlation,1.0
F6,0.1,0.025,10.0,40.0,1.0,calendar_reference_slow_response,illustrative reference convention; not calibrated,1.0.0,calendar_epps_curve,106.5,second,limiting_correlation,1.0,normalized_correlation,1.0
F6,0.1,0.025,10.0,40.0,1.0,calendar_reference_slow_response,illustrative reference convention; not calibrated,1.0.0,calendar_epps_curve,107.0,second,limiting_correlation,1.0,normalized_correlation,1.0
F6,0.1,0.025,10.0,40.0,1.0,calendar_reference_slow_response,illustrative reference convention; not calibrated,1.0.0,calendar_epps_curve,107.5,second,limiting_correlation,1.0,normalized_correlation,1.0
F6,0.1,0.025,10.0,40.0,1.0,calendar_reference_slow_response,illustrative reference convention; not calibrated,1.0.0,calendar_epps_curve,108.0,second,limiting_correlation,1.0,normalized_correlation,1.0
F6,0.1,0.025,10.0,40.0,1.0,calendar_reference_slow_response,illustrative reference convention; not calibrated,1.0.0,calendar_epps_curve,108.5,second,limiting_correlation,1.0,normalized_correlation,1.0
F6,0.1,0.025,10.0,40.0,1.0,calendar_reference_slow_response,illustrative reference convention; not calibrated,1.0.0,calendar_epps_curve,109.0,second,limiting_correlation,1.0,normalized_correlation,1.0
F6,0.1,0.025,10.0,40.0,1.0,calendar_reference_slow_response,illustrative reference convention; not calibrated,1.0.0,calendar_epps_curve,109.5,second,limiting_correlation,1.0,normalized_correlation,1.0
F6,0.1,0.025,10.0,40.0,1.0,calendar_reference_slow_response,illustrative reference convention; not calibrated,1.0.0,calendar_epps_curve,110.0,second,limiting_correlation,1.0,normalized_correlation,1.0
F6,0.1,0.025,10.0,40.0,1.0,calendar_reference_slow_response,illustrative reference convention; not calibrated,1.0.0,calendar_epps_curve,110.5,second,limiting_correlation,1.0,normalized_correlation,1.0
F6,0.1,0.025,10.0,40.0,1.0,calendar_reference_slow_response,illustrative reference convention; not calibrated,1.0.0,calendar_epps_curve,111.0,second,limiting_correlation,1.0,normalized_correlation,1.0
F6,0.1,0.025,10.0,40.0,1.0,calendar_reference_slow_response,illustrative reference convention; not calibrated,1.0.0,calendar_epps_curve,111.5,second,limiting_correlation,1.0,normalized_correlation,1.0
F6,0.1,0.025,10.0,40.0,1.0,calendar_reference_slow_response,illustrative reference convention; not calibrated,1.0.0,calendar_epps_curve,112.0,second,limiting_correlation,1.0,normalized_correlation,1.0
F6,0.1,0.025,10.0,40.0,1.0,calendar_reference_slow_response,illustrative reference convention; not calibrated,1.0.0,calendar_epps_curve,112.5,second,limiting_correlation,1.0,normalized_correlation,1.0
F6,0.1,0.025,10.0,40.0,1.0,calendar_reference_slow_response,illustrative reference convention; not calibrated,1.0.0,calendar_epps_curve,113.0,second,limiting_correlation,1.0,normalized_correlation,1.0
F6,0.1,0.025,10.0,40.0,1.0,calendar_reference_slow_response,illustrative reference convention; not calibrated,1.0.0,calendar_epps_curve,113.5,second,limiting_correlation,1.0,normalized_correlation,1.0
F6,0.1,0.025,10.0,40.0,1.0,calendar_reference_slow_response,illustrative reference convention; not calibrated,1.0.0,calendar_epps_curve,114.0,second,limiting_correlation,1.0,normalized_correlation,1.0
F6,0.1,0.025,10.0,40.0,1.0,calendar_reference_slow_response,illustrative reference convention; not calibrated,1.0.0,calendar_epps_curve,114.5,second,limiting_correlation,1.0,normalized_correlation,1.0
F6,0.1,0.025,10.0,40.0,1.0,calendar_reference_slow_response,illustrative reference convention; not calibrated,1.0.0,calendar_epps_curve,115.0,second,limiting_correlation,1.0,normalized_correlation,1.0
F6,0.1,0.025,10.0,40.0,1.0,calendar_reference_slow_response,illustrative reference convention; not calibrated,1.0.0,calendar_epps_curve,115.5,second,limiting_correlation,1.0,normalized_correlation,1.0
F6,0.1,0.025,10.0,40.0,1.0,calendar_reference_slow_response,illustrative reference convention; not calibrated,1.0.0,calendar_epps_curve,116.0,second,limiting_correlation,1.0,normalized_correlation,1.0
F6,0.1,0.025,10.0,40.0,1.0,calendar_reference_slow_response,illustrative reference convention; not calibrated,1.0.0,calendar_epps_curve,116.5,second,limiting_correlation,1.0,normalized_correlation,1.0
F6,0.1,0.025,10.0,40.0,1.0,calendar_reference_slow_response,illustrative reference convention; not calibrated,1.0.0,calendar_epps_curve,117.0,second,limiting_correlation,1.0,normalized_correlation,1.0
F6,0.1,0.025,10.0,40.0,1.0,calendar_reference_slow_response,illustrative reference convention; not calibrated,1.0.0,calendar_epps_curve,117.5,second,limiting_correlation,1.0,normalized_correlation,1.0
F6,0.1,0.025,10.0,40.0,1.0,calendar_reference_slow_response,illustrative reference convention; not calibrated,1.0.0,calendar_epps_curve,118.0,second,limiting_correlation,1.0,normalized_correlation,1.0
F6,0.1,0.025,10.0,40.0,1.0,calendar_reference_slow_response,illustrative reference convention; not calibrated,1.0.0,calendar_epps_curve,118.5,second,limiting_correlation,1.0,normalized_correlation,1.0
F6,0.1,0.025,10.0,40.0,1.0,calendar_reference_slow_response,illustrative reference convention; not calibrated,1.0.0,calendar_epps_curve,119.0,second,limiting_correlation,1.0,normalized_correlation,1.0
F6,0.1,0.025,10.0,40.0,1.0,calendar_reference_slow_response,illustrative reference convention; not calibrated,1.0.0,calendar_epps_curve,119.5,second,limiting_correlation,1.0,normalized_correlation,1.0
F6,0.1,0.025,10.0,40.0,1.0,calendar_reference_slow_response,illustrative reference convention; not calibrated,1.0.0,calendar_epps_curve,120.0,second,limiting_correlation,1.0,normalized_correlation,1.0
F6,0.1,0.025,10.0,40.0,1.0,calendar_reference_slow_response,illustrative reference convention; not calibrated,1.0.0,calendar_epps_curve,120.5,second,limiting_correlation,1.0,normalized_correlation,1.0
F6,0.1,0.025,10.0,40.0,1.0,calendar_reference_slow_response,illustrative reference convention; not calibrated,1.0.0,calendar_epps_curve,121.0,second,limiting_correlation,1.0,normalized_correlation,1.0
F6,0.1,0.025,10.0,40.0,1.0,calendar_reference_slow_response,illustrative reference convention; not calibrated,1.0.0,calendar_epps_curve,121.5,second,limiting_correlation,1.0,normalized_correlation,1.0
F6,0.1,0.025,10.0,40.0,1.0,calendar_reference_slow_response,illustrative reference convention; not calibrated,1.0.0,calendar_epps_curve,122.0,second,limiting_correlation,1.0,normalized_correlation,1.0
F6,0.1,0.025,10.0,40.0,1.0,calendar_reference_slow_response,illustrative reference convention; not calibrated,1.0.0,calendar_epps_curve,122.5,second,limiting_correlation,1.0,normalized_correlation,1.0
F6,0.1,0.025,10.0,40.0,1.0,calendar_reference_slow_response,illustrative reference convention; not calibrated,1.0.0,calendar_epps_curve,123.0,second,limiting_correlation,1.0,normalized_correlation,1.0
F6,0.1,0.025,10.0,40.0,1.0,calendar_reference_slow_response,illustrative reference convention; not calibrated,1.0.0,calendar_epps_curve,123.5,second,limiting_correlation,1.0,normalized_correlation,1.0
F6,0.1,0.025,10.0,40.0,1.0,calendar_reference_slow_response,illustrative reference convention; not calibrated,1.0.0,calendar_epps_curve,124.0,second,limiting_correlation,1.0,normalized_correlation,1.0
F6,0.1,0.025,10.0,40.0,1.0,calendar_reference_slow_response,illustrative reference convention; not calibrated,1.0.0,calendar_epps_curve,124.5,second,limiting_correlation,1.0,normalized_correlation,1.0
F6,0.1,0.025,10.0,40.0,1.0,calendar_reference_slow_response,illustrative reference convention; not calibrated,1.0.0,calendar_epps_curve,125.0,second,limiting_correlation,1.0,normalized_correlation,1.0
F6,0.1,0.025,10.0,40.0,1.0,calendar_reference_slow_response,illustrative reference convention; not calibrated,1.0.0,calendar_epps_curve,125.5,second,limiting_correlation,1.0,normalized_correlation,1.0
F6,0.1,0.025,10.0,40.0,1.0,calendar_reference_slow_response,illustrative reference convention; not calibrated,1.0.0,calendar_epps_curve,126.0,second,limiting_correlation,1.0,normalized_correlation,1.0
F6,0.1,0.025,10.0,40.0,1.0,calendar_reference_slow_response,illustrative reference convention; not calibrated,1.0.0,calendar_epps_curve,126.5,second,limiting_correlation,1.0,normalized_correlation,1.0
F6,0.1,0.025,10.0,40.0,1.0,calendar_reference_slow_response,illustrative reference convention; not calibrated,1.0.0,calendar_epps_curve,127.0,second,limiting_correlation,1.0,normalized_correlation,1.0
F6,0.1,0.025,10.0,40.0,1.0,calendar_reference_slow_response,illustrative reference convention; not calibrated,1.0.0,calendar_epps_curve,127.5,second,limiting_correlation,1.0,normalized_correlation,1.0
F6,0.1,0.025,10.0,40.0,1.0,calendar_reference_slow_response,illustrative reference convention; not calibrated,1.0.0,calendar_epps_curve,128.0,second,limiting_correlation,1.0,normalized_correlation,1.0
F6,0.1,0.025,10.0,40.0,1.0,calendar_reference_slow_response,illustrative reference convention; not calibrated,1.0.0,calendar_epps_curve,128.5,second,limiting_correlation,1.0,normalized_correlation,1.0
F6,0.1,0.025,10.0,40.0,1.0,calendar_reference_slow_response,illustrative reference convention; not calibrated,1.0.0,calendar_epps_curve,129.0,second,limiting_correlation,1.0,normalized_correlation,1.0
F6,0.1,0.025,10.0,40.0,1.0,calendar_reference_slow_response,illustrative reference convention; not calibrated,1.0.0,calendar_epps_curve,129.5,second,limiting_correlation,1.0,normalized_correlation,1.0
F6,0.1,0.025,10.0,40.0,1.0,calendar_reference_slow_response,illustrative reference convention; not calibrated,1.0.0,calendar_epps_curve,130.0,second,limiting_correlation,1.0,normalized_correlation,1.0
F6,0.1,0.025,10.0,40.0,1.0,calendar_reference_slow_response,illustrative reference convention; not calibrated,1.0.0,calendar_epps_curve,130.5,second,limiting_correlation,1.0,normalized_correlation,1.0
F6,0.1,0.025,10.0,40.0,1.0,calendar_reference_slow_response,illustrative reference convention; not calibrated,1.0.0,calendar_epps_curve,131.0,second,limiting_correlation,1.0,normalized_correlation,1.0
F6,0.1,0.025,10.0,40.0,1.0,calendar_reference_slow_response,illustrative reference convention; not calibrated,1.0.0,calendar_epps_curve,131.5,second,limiting_correlation,1.0,normalized_correlation,1.0
F6,0.1,0.025,10.0,40.0,1.0,calendar_reference_slow_response,illustrative reference convention; not calibrated,1.0.0,calendar_epps_curve,132.0,second,limiting_correlation,1.0,normalized_correlation,1.0
F6,0.1,0.025,10.0,40.0,1.0,calendar_reference_slow_response,illustrative reference convention; not calibrated,1.0.0,calendar_epps_curve,132.5,second,limiting_correlation,1.0,normalized_correlation,1.0
F6,0.1,0.025,10.0,40.0,1.0,calendar_reference_slow_response,illustrative reference convention; not calibrated,1.0.0,calendar_epps_curve,133.0,second,limiting_correlation,1.0,normalized_correlation,1.0
F6,0.1,0.025,10.0,40.0,1.0,calendar_reference_slow_response,illustrative reference convention; not calibrated,1.0.0,calendar_epps_curve,133.5,second,limiting_correlation,1.0,normalized_correlation,1.0
F6,0.1,0.025,10.0,40.0,1.0,calendar_reference_slow_response,illustrative reference convention; not calibrated,1.0.0,calendar_epps_curve,134.0,second,limiting_correlation,1.0,normalized_correlation,1.0
F6,0.1,0.025,10.0,40.0,1.0,calendar_reference_slow_response,illustrative reference convention; not calibrated,1.0.0,calendar_epps_curve,134.5,second,limiting_correlation,1.0,normalized_correlation,1.0
F6,0.1,0.025,10.0,40.0,1.0,calendar_reference_slow_response,illustrative reference convention; not calibrated,1.0.0,calendar_epps_curve,135.0,second,limiting_correlation,1.0,normalized_correlation,1.0
F6,0.1,0.025,10.0,40.0,1.0,calendar_reference_slow_response,illustrative reference convention; not calibrated,1.0.0,calendar_epps_curve,135.5,second,limiting_correlation,1.0,normalized_correlation,1.0
F6,0.1,0.025,10.0,40.0,1.0,calendar_reference_slow_response,illustrative reference convention; not calibrated,1.0.0,calendar_epps_curve,136.0,second,limiting_correlation,1.0,normalized_correlation,1.0
F6,0.1,0.025,10.0,40.0,1.0,calendar_reference_slow_response,illustrative reference convention; not calibrated,1.0.0,calendar_epps_curve,136.5,second,limiting_correlation,1.0,normalized_correlation,1.0
F6,0.1,0.025,10.0,40.0,1.0,calendar_reference_slow_response,illustrative reference convention; not calibrated,1.0.0,calendar_epps_curve,137.0,second,limiting_correlation,1.0,normalized_correlation,1.0
F6,0.1,0.025,10.0,40.0,1.0,calendar_reference_slow_response,illustrative reference convention; not calibrated,1.0.0,calendar_epps_curve,137.5,second,limiting_correlation,1.0,normalized_correlation,1.0
F6,0.1,0.025,10.0,40.0,1.0,calendar_reference_slow_response,illustrative reference convention; not calibrated,1.0.0,calendar_epps_curve,138.0,second,limiting_correlation,1.0,normalized_correlation,1.0
F6,0.1,0.025,10.0,40.0,1.0,calendar_reference_slow_response,illustrative reference convention; not calibrated,1.0.0,calendar_epps_curve,138.5,second,limiting_correlation,1.0,normalized_correlation,1.0
F6,0.1,0.025,10.0,40.0,1.0,calendar_reference_slow_response,illustrative reference convention; not calibrated,1.0.0,calendar_epps_curve,139.0,second,limiting_correlation,1.0,normalized_correlation,1.0
F6,0.1,0.025,10.0,40.0,1.0,calendar_reference_slow_response,illustrative reference convention; not calibrated,1.0.0,calendar_epps_curve,139.5,second,limiting_correlation,1.0,normalized_correlation,1.0
F6,0.1,0.025,10.0,40.0,1.0,calendar_reference_slow_response,illustrative reference convention; not calibrated,1.0.0,calendar_epps_curve,140.0,second,limiting_correlation,1.0,normalized_correlation,1.0
F6,0.1,0.025,10.0,40.0,1.0,calendar_reference_slow_response,illustrative reference convention; not calibrated,1.0.0,calendar_epps_curve,140.5,second,limiting_correlation,1.0,normalized_correlation,1.0
F6,0.1,0.025,10.0,40.0,1.0,calendar_reference_slow_response,illustrative reference convention; not calibrated,1.0.0,calendar_epps_curve,141.0,second,limiting_correlation,1.0,normalized_correlation,1.0
F6,0.1,0.025,10.0,40.0,1.0,calendar_reference_slow_response,illustrative reference convention; not calibrated,1.0.0,calendar_epps_curve,141.5,second,limiting_correlation,1.0,normalized_correlation,1.0
F6,0.1,0.025,10.0,40.0,1.0,calendar_reference_slow_response,illustrative reference convention; not calibrated,1.0.0,calendar_epps_curve,142.0,second,limiting_correlation,1.0,normalized_correlation,1.0
F6,0.1,0.025,10.0,40.0,1.0,calendar_reference_slow_response,illustrative reference convention; not calibrated,1.0.0,calendar_epps_curve,142.5,second,limiting_correlation,1.0,normalized_correlation,1.0
F6,0.1,0.025,10.0,40.0,1.0,calendar_reference_slow_response,illustrative reference convention; not calibrated,1.0.0,calendar_epps_curve,143.0,second,limiting_correlation,1.0,normalized_correlation,1.0
F6,0.1,0.025,10.0,40.0,1.0,calendar_reference_slow_response,illustrative reference convention; not calibrated,1.0.0,calendar_epps_curve,143.5,second,limiting_correlation,1.0,normalized_correlation,1.0
F6,0.1,0.025,10.0,40.0,1.0,calendar_reference_slow_response,illustrative reference convention; not calibrated,1.0.0,calendar_epps_curve,144.0,second,limiting_correlation,1.0,normalized_correlation,1.0
F6,0.1,0.025,10.0,40.0,1.0,calendar_reference_slow_response,illustrative reference convention; not calibrated,1.0.0,calendar_epps_curve,144.5,second,limiting_correlation,1.0,normalized_correlation,1.0
F6,0.1,0.025,10.0,40.0,1.0,calendar_reference_slow_response,illustrative reference convention; not calibrated,1.0.0,calendar_epps_curve,145.0,second,limiting_correlation,1.0,normalized_correlation,1.0
F6,0.1,0.025,10.0,40.0,1.0,calendar_reference_slow_response,illustrative reference convention; not calibrated,1.0.0,calendar_epps_curve,145.5,second,limiting_correlation,1.0,normalized_correlation,1.0
F6,0.1,0.025,10.0,40.0,1.0,calendar_reference_slow_response,illustrative reference convention; not calibrated,1.0.0,calendar_epps_curve,146.0,second,limiting_correlation,1.0,normalized_correlation,1.0
F6,0.1,0.025,10.0,40.0,1.0,calendar_reference_slow_response,illustrative reference convention; not calibrated,1.0.0,calendar_epps_curve,146.5,second,limiting_correlation,1.0,normalized_correlation,1.0
F6,0.1,0.025,10.0,40.0,1.0,calendar_reference_slow_response,illustrative reference convention; not calibrated,1.0.0,calendar_epps_curve,147.0,second,limiting_correlation,1.0,normalized_correlation,1.0
F6,0.1,0.025,10.0,40.0,1.0,calendar_reference_slow_response,illustrative reference convention; not calibrated,1.0.0,calendar_epps_curve,147.5,second,limiting_correlation,1.0,normalized_correlation,1.0
F6,0.1,0.025,10.0,40.0,1.0,calendar_reference_slow_response,illustrative reference convention; not calibrated,1.0.0,calendar_epps_curve,148.0,second,limiting_correlation,1.0,normalized_correlation,1.0
F6,0.1,0.025,10.0,40.0,1.0,calendar_reference_slow_response,illustrative reference convention; not calibrated,1.0.0,calendar_epps_curve,148.5,second,limiting_correlation,1.0,normalized_correlation,1.0
F6,0.1,0.025,10.0,40.0,1.0,calendar_reference_slow_response,illustrative reference convention; not calibrated,1.0.0,calendar_epps_curve,149.0,second,limiting_correlation,1.0,normalized_correlation,1.0
F6,0.1,0.025,10.0,40.0,1.0,calendar_reference_slow_response,illustrative reference convention; not calibrated,1.0.0,calendar_epps_curve,149.5,second,limiting_correlation,1.0,normalized_correlation,1.0
F6,0.1,0.025,10.0,40.0,1.0,calendar_reference_slow_response,illustrative reference convention; not calibrated,1.0.0,calendar_epps_curve,150.0,second,limiting_correlation,1.0,normalized_correlation,1.0
F6,0.1,0.025,10.0,40.0,1.0,calendar_reference_slow_response,illustrative reference convention; not calibrated,1.0.0,calendar_epps_curve,150.5,second,limiting_correlation,1.0,normalized_correlation,1.0
F6,0.1,0.025,10.0,40.0,1.0,calendar_reference_slow_response,illustrative reference convention; not calibrated,1.0.0,calendar_epps_curve,151.0,second,limiting_correlation,1.0,normalized_correlation,1.0
F6,0.1,0.025,10.0,40.0,1.0,calendar_reference_slow_response,illustrative reference convention; not calibrated,1.0.0,calendar_epps_curve,151.5,second,limiting_correlation,1.0,normalized_correlation,1.0
F6,0.1,0.025,10.0,40.0,1.0,calendar_reference_slow_response,illustrative reference convention; not calibrated,1.0.0,calendar_epps_curve,152.0,second,limiting_correlation,1.0,normalized_correlation,1.0
F6,0.1,0.025,10.0,40.0,1.0,calendar_reference_slow_response,illustrative reference convention; not calibrated,1.0.0,calendar_epps_curve,152.5,second,limiting_correlation,1.0,normalized_correlation,1.0
F6,0.1,0.025,10.0,40.0,1.0,calendar_reference_slow_response,illustrative reference convention; not calibrated,1.0.0,calendar_epps_curve,153.0,second,limiting_correlation,1.0,normalized_correlation,1.0
F6,0.1,0.025,10.0,40.0,1.0,calendar_reference_slow_response,illustrative reference convention; not calibrated,1.0.0,calendar_epps_curve,153.5,second,limiting_correlation,1.0,normalized_correlation,1.0
F6,0.1,0.025,10.0,40.0,1.0,calendar_reference_slow_response,illustrative reference convention; not calibrated,1.0.0,calendar_epps_curve,154.0,second,limiting_correlation,1.0,normalized_correlation,1.0
F6,0.1,0.025,10.0,40.0,1.0,calendar_reference_slow_response,illustrative reference convention; not calibrated,1.0.0,calendar_epps_curve,154.5,second,limiting_correlation,1.0,normalized_correlation,1.0
F6,0.1,0.025,10.0,40.0,1.0,calendar_reference_slow_response,illustrative reference convention; not calibrated,1.0.0,calendar_epps_curve,155.0,second,limiting_correlation,1.0,normalized_correlation,1.0
F6,0.1,0.025,10.0,40.0,1.0,calendar_reference_slow_response,illustrative reference convention; not calibrated,1.0.0,calendar_epps_curve,155.5,second,limiting_correlation,1.0,normalized_correlation,1.0
F6,0.1,0.025,10.0,40.0,1.0,calendar_reference_slow_response,illustrative reference convention; not calibrated,1.0.0,calendar_epps_curve,156.0,second,limiting_correlation,1.0,normalized_correlation,1.0
F6,0.1,0.025,10.0,40.0,1.0,calendar_reference_slow_response,illustrative reference convention; not calibrated,1.0.0,calendar_epps_curve,156.5,second,limiting_correlation,1.0,normalized_correlation,1.0
F6,0.1,0.025,10.0,40.0,1.0,calendar_reference_slow_response,illustrative reference convention; not calibrated,1.0.0,calendar_epps_curve,157.0,second,limiting_correlation,1.0,normalized_correlation,1.0
F6,0.1,0.025,10.0,40.0,1.0,calendar_reference_slow_response,illustrative reference convention; not calibrated,1.0.0,calendar_epps_curve,157.5,second,limiting_correlation,1.0,normalized_correlation,1.0
F6,0.1,0.025,10.0,40.0,1.0,calendar_reference_slow_response,illustrative reference convention; not calibrated,1.0.0,calendar_epps_curve,158.0,second,limiting_correlation,1.0,normalized_correlation,1.0
F6,0.1,0.025,10.0,40.0,1.0,calendar_reference_slow_response,illustrative reference convention; not calibrated,1.0.0,calendar_epps_curve,158.5,second,limiting_correlation,1.0,normalized_correlation,1.0
F6,0.1,0.025,10.0,40.0,1.0,calendar_reference_slow_response,illustrative reference convention; not calibrated,1.0.0,calendar_epps_curve,159.0,second,limiting_correlation,1.0,normalized_correlation,1.0
F6,0.1,0.025,10.0,40.0,1.0,calendar_reference_slow_response,illustrative reference convention; not calibrated,1.0.0,calendar_epps_curve,159.5,second,limiting_correlation,1.0,normalized_correlation,1.0
F6,0.1,0.025,10.0,40.0,1.0,calendar_reference_slow_response,illustrative reference convention; not calibrated,1.0.0,calendar_epps_curve,160.0,second,limiting_correlation,1.0,normalized_correlation,1.0
F6,0.1,0.025,10.0,40.0,1.0,calendar_reference_slow_response,illustrative reference convention; not calibrated,1.0.0,calendar_epps_curve,160.5,second,limiting_correlation,1.0,normalized_correlation,1.0
F6,0.1,0.025,10.0,40.0,1.0,calendar_reference_slow_response,illustrative reference convention; not calibrated,1.0.0,calendar_epps_curve,161.0,second,limiting_correlation,1.0,normalized_correlation,1.0
F6,0.1,0.025,10.0,40.0,1.0,calendar_reference_slow_response,illustrative reference convention; not calibrated,1.0.0,calendar_epps_curve,161.5,second,limiting_correlation,1.0,normalized_correlation,1.0
F6,0.1,0.025,10.0,40.0,1.0,calendar_reference_slow_response,illustrative reference convention; not calibrated,1.0.0,calendar_epps_curve,162.0,second,limiting_correlation,1.0,normalized_correlation,1.0
F6,0.1,0.025,10.0,40.0,1.0,calendar_reference_slow_response,illustrative reference convention; not calibrated,1.0.0,calendar_epps_curve,162.5,second,limiting_correlation,1.0,normalized_correlation,1.0
F6,0.1,0.025,10.0,40.0,1.0,calendar_reference_slow_response,illustrative reference convention; not calibrated,1.0.0,calendar_epps_curve,163.0,second,limiting_correlation,1.0,normalized_correlation,1.0
F6,0.1,0.025,10.0,40.0,1.0,calendar_reference_slow_response,illustrative reference convention; not calibrated,1.0.0,calendar_epps_curve,163.5,second,limiting_correlation,1.0,normalized_correlation,1.0
F6,0.1,0.025,10.0,40.0,1.0,calendar_reference_slow_response,illustrative reference convention; not calibrated,1.0.0,calendar_epps_curve,164.0,second,limiting_correlation,1.0,normalized_correlation,1.0
F6,0.1,0.025,10.0,40.0,1.0,calendar_reference_slow_response,illustrative reference convention; not calibrated,1.0.0,calendar_epps_curve,164.5,second,limiting_correlation,1.0,normalized_correlation,1.0
F6,0.1,0.025,10.0,40.0,1.0,calendar_reference_slow_response,illustrative reference convention; not calibrated,1.0.0,calendar_epps_curve,165.0,second,limiting_correlation,1.0,normalized_correlation,1.0
F6,0.1,0.025,10.0,40.0,1.0,calendar_reference_slow_response,illustrative reference convention; not calibrated,1.0.0,calendar_epps_curve,165.5,second,limiting_correlation,1.0,normalized_correlation,1.0
F6,0.1,0.025,10.0,40.0,1.0,calendar_reference_slow_response,illustrative reference convention; not calibrated,1.0.0,calendar_epps_curve,166.0,second,limiting_correlation,1.0,normalized_correlation,1.0
F6,0.1,0.025,10.0,40.0,1.0,calendar_reference_slow_response,illustrative reference convention; not calibrated,1.0.0,calendar_epps_curve,166.5,second,limiting_correlation,1.0,normalized_correlation,1.0
F6,0.1,0.025,10.0,40.0,1.0,calendar_reference_slow_response,illustrative reference convention; not calibrated,1.0.0,calendar_epps_curve,167.0,second,limiting_correlation,1.0,normalized_correlation,1.0
F6,0.1,0.025,10.0,40.0,1.0,calendar_reference_slow_response,illustrative reference convention; not calibrated,1.0.0,calendar_epps_curve,167.5,second,limiting_correlation,1.0,normalized_correlation,1.0
F6,0.1,0.025,10.0,40.0,1.0,calendar_reference_slow_response,illustrative reference convention; not calibrated,1.0.0,calendar_epps_curve,168.0,second,limiting_correlation,1.0,normalized_correlation,1.0
F6,0.1,0.025,10.0,40.0,1.0,calendar_reference_slow_response,illustrative reference convention; not calibrated,1.0.0,calendar_epps_curve,168.5,second,limiting_correlation,1.0,normalized_correlation,1.0
F6,0.1,0.025,10.0,40.0,1.0,calendar_reference_slow_response,illustrative reference convention; not calibrated,1.0.0,calendar_epps_curve,169.0,second,limiting_correlation,1.0,normalized_correlation,1.0
F6,0.1,0.025,10.0,40.0,1.0,calendar_reference_slow_response,illustrative reference convention; not calibrated,1.0.0,calendar_epps_curve,169.5,second,limiting_correlation,1.0,normalized_correlation,1.0
F6,0.1,0.025,10.0,40.0,1.0,calendar_reference_slow_response,illustrative reference convention; not calibrated,1.0.0,calendar_epps_curve,170.0,second,limiting_correlation,1.0,normalized_correlation,1.0
F6,0.1,0.025,10.0,40.0,1.0,calendar_reference_slow_response,illustrative reference convention; not calibrated,1.0.0,calendar_epps_curve,170.5,second,limiting_correlation,1.0,normalized_correlation,1.0
F6,0.1,0.025,10.0,40.0,1.0,calendar_reference_slow_response,illustrative reference convention; not calibrated,1.0.0,calendar_epps_curve,171.0,second,limiting_correlation,1.0,normalized_correlation,1.0
F6,0.1,0.025,10.0,40.0,1.0,calendar_reference_slow_response,illustrative reference convention; not calibrated,1.0.0,calendar_epps_curve,171.5,second,limiting_correlation,1.0,normalized_correlation,1.0
F6,0.1,0.025,10.0,40.0,1.0,calendar_reference_slow_response,illustrative reference convention; not calibrated,1.0.0,calendar_epps_curve,172.0,second,limiting_correlation,1.0,normalized_correlation,1.0
F6,0.1,0.025,10.0,40.0,1.0,calendar_reference_slow_response,illustrative reference convention; not calibrated,1.0.0,calendar_epps_curve,172.5,second,limiting_correlation,1.0,normalized_correlation,1.0
F6,0.1,0.025,10.0,40.0,1.0,calendar_reference_slow_response,illustrative reference convention; not calibrated,1.0.0,calendar_epps_curve,173.0,second,limiting_correlation,1.0,normalized_correlation,1.0
F6,0.1,0.025,10.0,40.0,1.0,calendar_reference_slow_response,illustrative reference convention; not calibrated,1.0.0,calendar_epps_curve,173.5,second,limiting_correlation,1.0,normalized_correlation,1.0
F6,0.1,0.025,10.0,40.0,1.0,calendar_reference_slow_response,illustrative reference convention; not calibrated,1.0.0,calendar_epps_curve,174.0,second,limiting_correlation,1.0,normalized_correlation,1.0
F6,0.1,0.025,10.0,40.0,1.0,calendar_reference_slow_response,illustrative reference convention; not calibrated,1.0.0,calendar_epps_curve,174.5,second,limiting_correlation,1.0,normalized_correlation,1.0
F6,0.1,0.025,10.0,40.0,1.0,calendar_reference_slow_response,illustrative reference convention; not calibrated,1.0.0,calendar_epps_curve,175.0,second,limiting_correlation,1.0,normalized_correlation,1.0
F6,0.1,0.025,10.0,40.0,1.0,calendar_reference_slow_response,illustrative reference convention; not calibrated,1.0.0,calendar_epps_curve,175.5,second,limiting_correlation,1.0,normalized_correlation,1.0
F6,0.1,0.025,10.0,40.0,1.0,calendar_reference_slow_response,illustrative reference convention; not calibrated,1.0.0,calendar_epps_curve,176.0,second,limiting_correlation,1.0,normalized_correlation,1.0
F6,0.1,0.025,10.0,40.0,1.0,calendar_reference_slow_response,illustrative reference convention; not calibrated,1.0.0,calendar_epps_curve,176.5,second,limiting_correlation,1.0,normalized_correlation,1.0
F6,0.1,0.025,10.0,40.0,1.0,calendar_reference_slow_response,illustrative reference convention; not calibrated,1.0.0,calendar_epps_curve,177.0,second,limiting_correlation,1.0,normalized_correlation,1.0
F6,0.1,0.025,10.0,40.0,1.0,calendar_reference_slow_response,illustrative reference convention; not calibrated,1.0.0,calendar_epps_curve,177.5,second,limiting_correlation,1.0,normalized_correlation,1.0
F6,0.1,0.025,10.0,40.0,1.0,calendar_reference_slow_response,illustrative reference convention; not calibrated,1.0.0,calendar_epps_curve,178.0,second,limiting_correlation,1.0,normalized_correlation,1.0
F6,0.1,0.025,10.0,40.0,1.0,calendar_reference_slow_response,illustrative reference convention; not calibrated,1.0.0,calendar_epps_curve,178.5,second,limiting_correlation,1.0,normalized_correlation,1.0
F6,0.1,0.025,10.0,40.0,1.0,calendar_reference_slow_response,illustrative reference convention; not calibrated,1.0.0,calendar_epps_curve,179.0,second,limiting_correlation,1.0,normalized_correlation,1.0
F6,0.1,0.025,10.0,40.0,1.0,calendar_reference_slow_response,illustrative reference convention; not calibrated,1.0.0,calendar_epps_curve,179.5,second,limiting_correlation,1.0,normalized_correlation,1.0
F6,0.1,0.025,10.0,40.0,1.0,calendar_reference_slow_response,illustrative reference convention; not calibrated,1.0.0,calendar_epps_curve,180.0,second,limiting_correlation,1.0,normalized_correlation,1.0
F6,0.1,0.025,10.0,40.0,1.0,calendar_reference_slow_response,illustrative reference convention; not calibrated,1.0.0,calendar_epps_curve,180.5,second,limiting_correlation,1.0,normalized_correlation,1.0
F6,0.1,0.025,10.0,40.0,1.0,calendar_reference_slow_response,illustrative reference convention; not calibrated,1.0.0,calendar_epps_curve,181.0,second,limiting_correlation,1.0,normalized_correlation,1.0
F6,0.1,0.025,10.0,40.0,1.0,calendar_reference_slow_response,illustrative reference convention; not calibrated,1.0.0,calendar_epps_curve,181.5,second,limiting_correlation,1.0,normalized_correlation,1.0
F6,0.1,0.025,10.0,40.0,1.0,calendar_reference_slow_response,illustrative reference convention; not calibrated,1.0.0,calendar_epps_curve,182.0,second,limiting_correlation,1.0,normalized_correlation,1.0
F6,0.1,0.025,10.0,40.0,1.0,calendar_reference_slow_response,illustrative reference convention; not calibrated,1.0.0,calendar_epps_curve,182.5,second,limiting_correlation,1.0,normalized_correlation,1.0
F6,0.1,0.025,10.0,40.0,1.0,calendar_reference_slow_response,illustrative reference convention; not calibrated,1.0.0,calendar_epps_curve,183.0,second,limiting_correlation,1.0,normalized_correlation,1.0
F6,0.1,0.025,10.0,40.0,1.0,calendar_reference_slow_response,illustrative reference convention; not calibrated,1.0.0,calendar_epps_curve,183.5,second,limiting_correlation,1.0,normalized_correlation,1.0
F6,0.1,0.025,10.0,40.0,1.0,calendar_reference_slow_response,illustrative reference convention; not calibrated,1.0.0,calendar_epps_curve,184.0,second,limiting_correlation,1.0,normalized_correlation,1.0
F6,0.1,0.025,10.0,40.0,1.0,calendar_reference_slow_response,illustrative reference convention; not calibrated,1.0.0,calendar_epps_curve,184.5,second,limiting_correlation,1.0,normalized_correlation,1.0
F6,0.1,0.025,10.0,40.0,1.0,calendar_reference_slow_response,illustrative reference convention; not calibrated,1.0.0,calendar_epps_curve,185.0,second,limiting_correlation,1.0,normalized_correlation,1.0
F6,0.1,0.025,10.0,40.0,1.0,calendar_reference_slow_response,illustrative reference convention; not calibrated,1.0.0,calendar_epps_curve,185.5,second,limiting_correlation,1.0,normalized_correlation,1.0
F6,0.1,0.025,10.0,40.0,1.0,calendar_reference_slow_response,illustrative reference convention; not calibrated,1.0.0,calendar_epps_curve,186.0,second,limiting_correlation,1.0,normalized_correlation,1.0
F6,0.1,0.025,10.0,40.0,1.0,calendar_reference_slow_response,illustrative reference convention; not calibrated,1.0.0,calendar_epps_curve,186.5,second,limiting_correlation,1.0,normalized_correlation,1.0
F6,0.1,0.025,10.0,40.0,1.0,calendar_reference_slow_response,illustrative reference convention; not calibrated,1.0.0,calendar_epps_curve,187.0,second,limiting_correlation,1.0,normalized_correlation,1.0
F6,0.1,0.025,10.0,40.0,1.0,calendar_reference_slow_response,illustrative reference convention; not calibrated,1.0.0,calendar_epps_curve,187.5,second,limiting_correlation,1.0,normalized_correlation,1.0
F6,0.1,0.025,10.0,40.0,1.0,calendar_reference_slow_response,illustrative reference convention; not calibrated,1.0.0,calendar_epps_curve,188.0,second,limiting_correlation,1.0,normalized_correlation,1.0
F6,0.1,0.025,10.0,40.0,1.0,calendar_reference_slow_response,illustrative reference convention; not calibrated,1.0.0,calendar_epps_curve,188.5,second,limiting_correlation,1.0,normalized_correlation,1.0
F6,0.1,0.025,10.0,40.0,1.0,calendar_reference_slow_response,illustrative reference convention; not calibrated,1.0.0,calendar_epps_curve,189.0,second,limiting_correlation,1.0,normalized_correlation,1.0
F6,0.1,0.025,10.0,40.0,1.0,calendar_reference_slow_response,illustrative reference convention; not calibrated,1.0.0,calendar_epps_curve,189.5,second,limiting_correlation,1.0,normalized_correlation,1.0
F6,0.1,0.025,10.0,40.0,1.0,calendar_reference_slow_response,illustrative reference convention; not calibrated,1.0.0,calendar_epps_curve,190.0,second,limiting_correlation,1.0,normalized_correlation,1.0
F6,0.1,0.025,10.0,40.0,1.0,calendar_reference_slow_response,illustrative reference convention; not calibrated,1.0.0,calendar_epps_curve,190.5,second,limiting_correlation,1.0,normalized_correlation,1.0
F6,0.1,0.025,10.0,40.0,1.0,calendar_reference_slow_response,illustrative reference convention; not calibrated,1.0.0,calendar_epps_curve,191.0,second,limiting_correlation,1.0,normalized_correlation,1.0
F6,0.1,0.025,10.0,40.0,1.0,calendar_reference_slow_response,illustrative reference convention; not calibrated,1.0.0,calendar_epps_curve,191.5,second,limiting_correlation,1.0,normalized_correlation,1.0
F6,0.1,0.025,10.0,40.0,1.0,calendar_reference_slow_response,illustrative reference convention; not calibrated,1.0.0,calendar_epps_curve,192.0,second,limiting_correlation,1.0,normalized_correlation,1.0
F6,0.1,0.025,10.0,40.0,1.0,calendar_reference_slow_response,illustrative reference convention; not calibrated,1.0.0,calendar_epps_curve,192.5,second,limiting_correlation,1.0,normalized_correlation,1.0
F6,0.1,0.025,10.0,40.0,1.0,calendar_reference_slow_response,illustrative reference convention; not calibrated,1.0.0,calendar_epps_curve,193.0,second,limiting_correlation,1.0,normalized_correlation,1.0
F6,0.1,0.025,10.0,40.0,1.0,calendar_reference_slow_response,illustrative reference convention; not calibrated,1.0.0,calendar_epps_curve,193.5,second,limiting_correlation,1.0,normalized_correlation,1.0
F6,0.1,0.025,10.0,40.0,1.0,calendar_reference_slow_response,illustrative reference convention; not calibrated,1.0.0,calendar_epps_curve,194.0,second,limiting_correlation,1.0,normalized_correlation,1.0
F6,0.1,0.025,10.0,40.0,1.0,calendar_reference_slow_response,illustrative reference convention; not calibrated,1.0.0,calendar_epps_curve,194.5,second,limiting_correlation,1.0,normalized_correlation,1.0
F6,0.1,0.025,10.0,40.0,1.0,calendar_reference_slow_response,illustrative reference convention; not calibrated,1.0.0,calendar_epps_curve,195.0,second,limiting_correlation,1.0,normalized_correlation,1.0
F6,0.1,0.025,10.0,40.0,1.0,calendar_reference_slow_response,illustrative reference convention; not calibrated,1.0.0,calendar_epps_curve,195.5,second,limiting_correlation,1.0,normalized_correlation,1.0
F6,0.1,0.025,10.0,40.0,1.0,calendar_reference_slow_response,illustrative reference convention; not calibrated,1.0.0,calendar_epps_curve,196.0,second,limiting_correlation,1.0,normalized_correlation,1.0
F6,0.1,0.025,10.0,40.0,1.0,calendar_reference_slow_response,illustrative reference convention; not calibrated,1.0.0,calendar_epps_curve,196.5,second,limiting_correlation,1.0,normalized_correlation,1.0
F6,0.1,0.025,10.0,40.0,1.0,calendar_reference_slow_response,illustrative reference convention; not calibrated,1.0.0,calendar_epps_curve,197.0,second,limiting_correlation,1.0,normalized_correlation,1.0
F6,0.1,0.025,10.0,40.0,1.0,calendar_reference_slow_response,illustrative reference convention; not calibrated,1.0.0,calendar_epps_curve,197.5,second,limiting_correlation,1.0,normalized_correlation,1.0
F6,0.1,0.025,10.0,40.0,1.0,calendar_reference_slow_response,illustrative reference convention; not calibrated,1.0.0,calendar_epps_curve,198.0,second,limiting_correlation,1.0,normalized_correlation,1.0
F6,0.1,0.025,10.0,40.0,1.0,calendar_reference_slow_response,illustrative reference convention; not calibrated,1.0.0,calendar_epps_curve,198.5,second,limiting_correlation,1.0,normalized_correlation,1.0
F6,0.1,0.025,10.0,40.0,1.0,calendar_reference_slow_response,illustrative reference convention; not calibrated,1.0.0,calendar_epps_curve,199.0,second,limiting_correlation,1.0,normalized_correlation,1.0
F6,0.1,0.025,10.0,40.0,1.0,calendar_reference_slow_response,illustrative reference convention; not calibrated,1.0.0,calendar_epps_curve,199.5,second,limiting_correlation,1.0,normalized_correlation,1.0
F6,0.1,0.025,10.0,40.0,1.0,calendar_reference_slow_response,illustrative reference convention; not calibrated,1.0.0,calendar_epps_curve,200.0,second,limiting_correlation,1.0,normalized_correlation,1.0
F6,0.1,0.025,10.0,40.0,1.0,calendar_reference_slow_response,illustrative reference convention; not calibrated,1.0.0,calendar_epps_curve,200.5,second,limiting_correlation,1.0,normalized_correlation,1.0
F6,0.1,0.025,10.0,40.0,1.0,calendar_reference_slow_response,illustrative reference convention; not calibrated,1.0.0,calendar_epps_curve,201.0,second,limiting_correlation,1.0,normalized_correlation,1.0
F6,0.1,0.025,10.0,40.0,1.0,calendar_reference_slow_response,illustrative reference convention; not calibrated,1.0.0,calendar_epps_curve,201.5,second,limiting_correlation,1.0,normalized_correlation,1.0
F6,0.1,0.025,10.0,40.0,1.0,calendar_reference_slow_response,illustrative reference convention; not calibrated,1.0.0,calendar_epps_curve,202.0,second,limiting_correlation,1.0,normalized_correlation,1.0
F6,0.1,0.025,10.0,40.0,1.0,calendar_reference_slow_response,illustrative reference convention; not calibrated,1.0.0,calendar_epps_curve,202.5,second,limiting_correlation,1.0,normalized_correlation,1.0
F6,0.1,0.025,10.0,40.0,1.0,calendar_reference_slow_response,illustrative reference convention; not calibrated,1.0.0,calendar_epps_curve,203.0,second,limiting_correlation,1.0,normalized_correlation,1.0
F6,0.1,0.025,10.0,40.0,1.0,calendar_reference_slow_response,illustrative reference convention; not calibrated,1.0.0,calendar_epps_curve,203.5,second,limiting_correlation,1.0,normalized_correlation,1.0
F6,0.1,0.025,10.0,40.0,1.0,calendar_reference_slow_response,illustrative reference convention; not calibrated,1.0.0,calendar_epps_curve,204.0,second,limiting_correlation,1.0,normalized_correlation,1.0
F6,0.1,0.025,10.0,40.0,1.0,calendar_reference_slow_response,illustrative reference convention; not calibrated,1.0.0,calendar_epps_curve,204.5,second,limiting_correlation,1.0,normalized_correlation,1.0
F6,0.1,0.025,10.0,40.0,1.0,calendar_reference_slow_response,illustrative reference convention; not calibrated,1.0.0,calendar_epps_curve,205.0,second,limiting_correlation,1.0,normalized_correlation,1.0
F6,0.1,0.025,10.0,40.0,1.0,calendar_reference_slow_response,illustrative reference convention; not calibrated,1.0.0,calendar_epps_curve,205.5,second,limiting_correlation,1.0,normalized_correlation,1.0
F6,0.1,0.025,10.0,40.0,1.0,calendar_reference_slow_response,illustrative reference convention; not calibrated,1.0.0,calendar_epps_curve,206.0,second,limiting_correlation,1.0,normalized_correlation,1.0
F6,0.1,0.025,10.0,40.0,1.0,calendar_reference_slow_response,illustrative reference convention; not calibrated,1.0.0,calendar_epps_curve,206.5,second,limiting_correlation,1.0,normalized_correlation,1.0
F6,0.1,0.025,10.0,40.0,1.0,calendar_reference_slow_response,illustrative reference convention; not calibrated,1.0.0,calendar_epps_curve,207.0,second,limiting_correlation,1.0,normalized_correlation,1.0
F6,0.1,0.025,10.0,40.0,1.0,calendar_reference_slow_response,illustrative reference convention; not calibrated,1.0.0,calendar_epps_curve,207.5,second,limiting_correlation,1.0,normalized_correlation,1.0
F6,0.1,0.025,10.0,40.0,1.0,calendar_reference_slow_response,illustrative reference convention; not calibrated,1.0.0,calendar_epps_curve,208.0,second,limiting_correlation,1.0,normalized_correlation,1.0
F6,0.1,0.025,10.0,40.0,1.0,calendar_reference_slow_response,illustrative reference convention; not calibrated,1.0.0,calendar_epps_curve,208.5,second,limiting_correlation,1.0,normalized_correlation,1.0
F6,0.1,0.025,10.0,40.0,1.0,calendar_reference_slow_response,illustrative reference convention; not calibrated,1.0.0,calendar_epps_curve,209.0,second,limiting_correlation,1.0,normalized_correlation,1.0
F6,0.1,0.025,10.0,40.0,1.0,calendar_reference_slow_response,illustrative reference convention; not calibrated,1.0.0,calendar_epps_curve,209.5,second,limiting_correlation,1.0,normalized_correlation,1.0
F6,0.1,0.025,10.0,40.0,1.0,calendar_reference_slow_response,illustrative reference convention; not calibrated,1.0.0,calendar_epps_curve,210.0,second,limiting_correlation,1.0,normalized_correlation,1.0
F6,0.1,0.025,10.0,40.0,1.0,calendar_reference_slow_response,illustrative reference convention; not calibrated,1.0.0,calendar_epps_curve,210.5,second,limiting_correlation,1.0,normalized_correlation,1.0
F6,0.1,0.025,10.0,40.0,1.0,calendar_reference_slow_response,illustrative reference convention; not calibrated,1.0.0,calendar_epps_curve,211.0,second,limiting_correlation,1.0,normalized_correlation,1.0
F6,0.1,0.025,10.0,40.0,1.0,calendar_reference_slow_response,illustrative reference convention; not calibrated,1.0.0,calendar_epps_curve,211.5,second,limiting_correlation,1.0,normalized_correlation,1.0
F6,0.1,0.025,10.0,40.0,1.0,calendar_reference_slow_response,illustrative reference convention; not calibrated,1.0.0,calendar_epps_curve,212.0,second,limiting_correlation,1.0,normalized_correlation,1.0
F6,0.1,0.025,10.0,40.0,1.0,calendar_reference_slow_response,illustrative reference convention; not calibrated,1.0.0,calendar_epps_curve,212.5,second,limiting_correlation,1.0,normalized_correlation,1.0
F6,0.1,0.025,10.0,40.0,1.0,calendar_reference_slow_response,illustrative reference convention; not calibrated,1.0.0,calendar_epps_curve,213.0,second,limiting_correlation,1.0,normalized_correlation,1.0
F6,0.1,0.025,10.0,40.0,1.0,calendar_reference_slow_response,illustrative reference convention; not calibrated,1.0.0,calendar_epps_curve,213.5,second,limiting_correlation,1.0,normalized_correlation,1.0
F6,0.1,0.025,10.0,40.0,1.0,calendar_reference_slow_response,illustrative reference convention; not calibrated,1.0.0,calendar_epps_curve,214.0,second,limiting_correlation,1.0,normalized_correlation,1.0
F6,0.1,0.025,10.0,40.0,1.0,calendar_reference_slow_response,illustrative reference convention; not calibrated,1.0.0,calendar_epps_curve,214.5,second,limiting_correlation,1.0,normalized_correlation,1.0
F6,0.1,0.025,10.0,40.0,1.0,calendar_reference_slow_response,illustrative reference convention; not calibrated,1.0.0,calendar_epps_curve,215.0,second,limiting_correlation,1.0,normalized_correlation,1.0
F6,0.1,0.025,10.0,40.0,1.0,calendar_reference_slow_response,illustrative reference convention; not calibrated,1.0.0,calendar_epps_curve,215.5,second,limiting_correlation,1.0,normalized_correlation,1.0
F6,0.1,0.025,10.0,40.0,1.0,calendar_reference_slow_response,illustrative reference convention; not calibrated,1.0.0,calendar_epps_curve,216.0,second,limiting_correlation,1.0,normalized_correlation,1.0
F6,0.1,0.025,10.0,40.0,1.0,calendar_reference_slow_response,illustrative reference convention; not calibrated,1.0.0,calendar_epps_curve,216.5,second,limiting_correlation,1.0,normalized_correlation,1.0
F6,0.1,0.025,10.0,40.0,1.0,calendar_reference_slow_response,illustrative reference convention; not calibrated,1.0.0,calendar_epps_curve,217.0,second,limiting_correlation,1.0,normalized_correlation,1.0
F6,0.1,0.025,10.0,40.0,1.0,calendar_reference_slow_response,illustrative reference convention; not calibrated,1.0.0,calendar_epps_curve,217.5,second,limiting_correlation,1.0,normalized_correlation,1.0
F6,0.1,0.025,10.0,40.0,1.0,calendar_reference_slow_response,illustrative reference convention; not calibrated,1.0.0,calendar_epps_curve,218.0,second,limiting_correlation,1.0,normalized_correlation,1.0
F6,0.1,0.025,10.0,40.0,1.0,calendar_reference_slow_response,illustrative reference convention; not calibrated,1.0.0,calendar_epps_curve,218.5,second,limiting_correlation,1.0,normalized_correlation,1.0
F6,0.1,0.025,10.0,40.0,1.0,calendar_reference_slow_response,illustrative reference convention; not calibrated,1.0.0,calendar_epps_curve,219.0,second,limiting_correlation,1.0,normalized_correlation,1.0
F6,0.1,0.025,10.0,40.0,1.0,calendar_reference_slow_response,illustrative reference convention; not calibrated,1.0.0,calendar_epps_curve,219.5,second,limiting_correlation,1.0,normalized_correlation,1.0
F6,0.1,0.025,10.0,40.0,1.0,calendar_reference_slow_response,illustrative reference convention; not calibrated,1.0.0,calendar_epps_curve,220.0,second,limiting_correlation,1.0,normalized_correlation,1.0
F6,0.1,0.025,10.0,40.0,1.0,calendar_reference_slow_response,illustrative reference convention; not calibrated,1.0.0,calendar_epps_curve,220.5,second,limiting_correlation,1.0,normalized_correlation,1.0
F6,0.1,0.025,10.0,40.0,1.0,calendar_reference_slow_response,illustrative reference convention; not calibrated,1.0.0,calendar_epps_curve,221.0,second,limiting_correlation,1.0,normalized_correlation,1.0
F6,0.1,0.025,10.0,40.0,1.0,calendar_reference_slow_response,illustrative reference convention; not calibrated,1.0.0,calendar_epps_curve,221.5,second,limiting_correlation,1.0,normalized_correlation,1.0
F6,0.1,0.025,10.0,40.0,1.0,calendar_reference_slow_response,illustrative reference convention; not calibrated,1.0.0,calendar_epps_curve,222.0,second,limiting_correlation,1.0,normalized_correlation,1.0
F6,0.1,0.025,10.0,40.0,1.0,calendar_reference_slow_response,illustrative reference convention; not calibrated,1.0.0,calendar_epps_curve,222.5,second,limiting_correlation,1.0,normalized_correlation,1.0
F6,0.1,0.025,10.0,40.0,1.0,calendar_reference_slow_response,illustrative reference convention; not calibrated,1.0.0,calendar_epps_curve,223.0,second,limiting_correlation,1.0,normalized_correlation,1.0
F6,0.1,0.025,10.0,40.0,1.0,calendar_reference_slow_response,illustrative reference convention; not calibrated,1.0.0,calendar_epps_curve,223.5,second,limiting_correlation,1.0,normalized_correlation,1.0
F6,0.1,0.025,10.0,40.0,1.0,calendar_reference_slow_response,illustrative reference convention; not calibrated,1.0.0,calendar_epps_curve,224.0,second,limiting_correlation,1.0,normalized_correlation,1.0
F6,0.1,0.025,10.0,40.0,1.0,calendar_reference_slow_response,illustrative reference convention; not calibrated,1.0.0,calendar_epps_curve,224.5,second,limiting_correlation,1.0,normalized_correlation,1.0
F6,0.1,0.025,10.0,40.0,1.0,calendar_reference_slow_response,illustrative reference convention; not calibrated,1.0.0,calendar_epps_curve,225.0,second,limiting_correlation,1.0,normalized_correlation,1.0
F6,0.1,0.025,10.0,40.0,1.0,calendar_reference_slow_response,illustrative reference convention; not calibrated,1.0.0,calendar_epps_curve,225.5,second,limiting_correlation,1.0,normalized_correlation,1.0
F6,0.1,0.025,10.0,40.0,1.0,calendar_reference_slow_response,illustrative reference convention; not calibrated,1.0.0,calendar_epps_curve,226.0,second,limiting_correlation,1.0,normalized_correlation,1.0
F6,0.1,0.025,10.0,40.0,1.0,calendar_reference_slow_response,illustrative reference convention; not calibrated,1.0.0,calendar_epps_curve,226.5,second,limiting_correlation,1.0,normalized_correlation,1.0
F6,0.1,0.025,10.0,40.0,1.0,calendar_reference_slow_response,illustrative reference convention; not calibrated,1.0.0,calendar_epps_curve,227.0,second,limiting_correlation,1.0,normalized_correlation,1.0
F6,0.1,0.025,10.0,40.0,1.0,calendar_reference_slow_response,illustrative reference convention; not calibrated,1.0.0,calendar_epps_curve,227.5,second,limiting_correlation,1.0,normalized_correlation,1.0
F6,0.1,0.025,10.0,40.0,1.0,calendar_reference_slow_response,illustrative reference convention; not calibrated,1.0.0,calendar_epps_curve,228.0,second,limiting_correlation,1.0,normalized_correlation,1.0
F6,0.1,0.025,10.0,40.0,1.0,calendar_reference_slow_response,illustrative reference convention; not calibrated,1.0.0,calendar_epps_curve,228.5,second,limiting_correlation,1.0,normalized_correlation,1.0
F6,0.1,0.025,10.0,40.0,1.0,calendar_reference_slow_response,illustrative reference convention; not calibrated,1.0.0,calendar_epps_curve,229.0,second,limiting_correlation,1.0,normalized_correlation,1.0
F6,0.1,0.025,10.0,40.0,1.0,calendar_reference_slow_response,illustrative reference convention; not calibrated,1.0.0,calendar_epps_curve,229.5,second,limiting_correlation,1.0,normalized_correlation,1.0
F6,0.1,0.025,10.0,40.0,1.0,calendar_reference_slow_response,illustrative reference convention; not calibrated,1.0.0,calendar_epps_curve,230.0,second,limiting_correlation,1.0,normalized_correlation,1.0
F6,0.1,0.025,10.0,40.0,1.0,calendar_reference_slow_response,illustrative reference convention; not calibrated,1.0.0,calendar_epps_curve,230.5,second,limiting_correlation,1.0,normalized_correlation,1.0
F6,0.1,0.025,10.0,40.0,1.0,calendar_reference_slow_response,illustrative reference convention; not calibrated,1.0.0,calendar_epps_curve,231.0,second,limiting_correlation,1.0,normalized_correlation,1.0
F6,0.1,0.025,10.0,40.0,1.0,calendar_reference_slow_response,illustrative reference convention; not calibrated,1.0.0,calendar_epps_curve,231.5,second,limiting_correlation,1.0,normalized_correlation,1.0
F6,0.1,0.025,10.0,40.0,1.0,calendar_reference_slow_response,illustrative reference convention; not calibrated,1.0.0,calendar_epps_curve,232.0,second,limiting_correlation,1.0,normalized_correlation,1.0
F6,0.1,0.025,10.0,40.0,1.0,calendar_reference_slow_response,illustrative reference convention; not calibrated,1.0.0,calendar_epps_curve,232.5,second,limiting_correlation,1.0,normalized_correlation,1.0
F6,0.1,0.025,10.0,40.0,1.0,calendar_reference_slow_response,illustrative reference convention; not calibrated,1.0.0,calendar_epps_curve,233.0,second,limiting_correlation,1.0,normalized_correlation,1.0
F6,0.1,0.025,10.0,40.0,1.0,calendar_reference_slow_response,illustrative reference convention; not calibrated,1.0.0,calendar_epps_curve,233.5,second,limiting_correlation,1.0,normalized_correlation,1.0
F6,0.1,0.025,10.0,40.0,1.0,calendar_reference_slow_response,illustrative reference convention; not calibrated,1.0.0,calendar_epps_curve,234.0,second,limiting_correlation,1.0,normalized_correlation,1.0
F6,0.1,0.025,10.0,40.0,1.0,calendar_reference_slow_response,illustrative reference convention; not calibrated,1.0.0,calendar_epps_curve,234.5,second,limiting_correlation,1.0,normalized_correlation,1.0
F6,0.1,0.025,10.0,40.0,1.0,calendar_reference_slow_response,illustrative reference convention; not calibrated,1.0.0,calendar_epps_curve,235.0,second,limiting_correlation,1.0,normalized_correlation,1.0
F6,0.1,0.025,10.0,40.0,1.0,calendar_reference_slow_response,illustrative reference convention; not calibrated,1.0.0,calendar_epps_curve,235.5,second,limiting_correlation,1.0,normalized_correlation,1.0
F6,0.1,0.025,10.0,40.0,1.0,calendar_reference_slow_response,illustrative reference convention; not calibrated,1.0.0,calendar_epps_curve,236.0,second,limiting_correlation,1.0,normalized_correlation,1.0
F6,0.1,0.025,10.0,40.0,1.0,calendar_reference_slow_response,illustrative reference convention; not calibrated,1.0.0,calendar_epps_curve,236.5,second,limiting_correlation,1.0,normalized_correlation,1.0
F6,0.1,0.025,10.0,40.0,1.0,calendar_reference_slow_response,illustrative reference convention; not calibrated,1.0.0,calendar_epps_curve,237.0,second,limiting_correlation,1.0,normalized_correlation,1.0
F6,0.1,0.025,10.0,40.0,1.0,calendar_reference_slow_response,illustrative reference convention; not calibrated,1.0.0,calendar_epps_curve,237.5,second,limiting_correlation,1.0,normalized_correlation,1.0
F6,0.1,0.025,10.0,40.0,1.0,calendar_reference_slow_response,illustrative reference convention; not calibrated,1.0.0,calendar_epps_curve,238.0,second,limiting_correlation,1.0,normalized_correlation,1.0
F6,0.1,0.025,10.0,40.0,1.0,calendar_reference_slow_response,illustrative reference convention; not calibrated,1.0.0,calendar_epps_curve,238.5,second,limiting_correlation,1.0,normalized_correlation,1.0
F6,0.1,0.025,10.0,40.0,1.0,calendar_reference_slow_response,illustrative reference convention; not calibrated,1.0.0,calendar_epps_curve,239.0,second,limiting_correlation,1.0,normalized_correlation,1.0
F6,0.1,0.025,10.0,40.0,1.0,calendar_reference_slow_response,illustrative reference convention; not calibrated,1.0.0,calendar_epps_curve,239.5,second,limiting_correlation,1.0,normalized_correlation,1.0
F6,0.1,0.025,10.0,40.0,1.0,calendar_reference_slow_response,illustrative reference convention; not calibrated,1.0.0,calendar_epps_curve,240.0,second,limiting_correlation,1.0,normalized_correlation,1.0
F6,0.1,0.025,10.0,40.0,1.0,calendar_reference_slow_response,illustrative reference convention; not calibrated,1.0.0,calendar_epps_curve,240.5,second,limiting_correlation,1.0,normalized_correlation,1.0
F6,0.1,0.025,10.0,40.0,1.0,calendar_reference_slow_response,illustrative reference convention; not calibrated,1.0.0,calendar_epps_curve,241.0,second,limiting_correlation,1.0,normalized_correlation,1.0
F6,0.1,0.025,10.0,40.0,1.0,calendar_reference_slow_response,illustrative reference convention; not calibrated,1.0.0,calendar_epps_curve,241.5,second,limiting_correlation,1.0,normalized_correlation,1.0
F6,0.1,0.025,10.0,40.0,1.0,calendar_reference_slow_response,illustrative reference convention; not calibrated,1.0.0,calendar_epps_curve,242.0,second,limiting_correlation,1.0,normalized_correlation,1.0
F6,0.1,0.025,10.0,40.0,1.0,calendar_reference_slow_response,illustrative reference convention; not calibrated,1.0.0,calendar_epps_curve,242.5,second,limiting_correlation,1.0,normalized_correlation,1.0
F6,0.1,0.025,10.0,40.0,1.0,calendar_reference_slow_response,illustrative reference convention; not calibrated,1.0.0,calendar_epps_curve,243.0,second,limiting_correlation,1.0,normalized_correlation,1.0
F6,0.1,0.025,10.0,40.0,1.0,calendar_reference_slow_response,illustrative reference convention; not calibrated,1.0.0,calendar_epps_curve,243.5,second,limiting_correlation,1.0,normalized_correlation,1.0
F6,0.1,0.025,10.0,40.0,1.0,calendar_reference_slow_response,illustrative reference convention; not calibrated,1.0.0,calendar_epps_curve,244.0,second,limiting_correlation,1.0,normalized_correlation,1.0
F6,0.1,0.025,10.0,40.0,1.0,calendar_reference_slow_response,illustrative reference convention; not calibrated,1.0.0,calendar_epps_curve,244.5,second,limiting_correlation,1.0,normalized_correlation,1.0
F6,0.1,0.025,10.0,40.0,1.0,calendar_reference_slow_response,illustrative reference convention; not calibrated,1.0.0,calendar_epps_curve,245.0,second,limiting_correlation,1.0,normalized_correlation,1.0
F6,0.1,0.025,10.0,40.0,1.0,calendar_reference_slow_response,illustrative reference convention; not calibrated,1.0.0,calendar_epps_curve,245.5,second,limiting_correlation,1.0,normalized_correlation,1.0
F6,0.1,0.025,10.0,40.0,1.0,calendar_reference_slow_response,illustrative reference convention; not calibrated,1.0.0,calendar_epps_curve,246.0,second,limiting_correlation,1.0,normalized_correlation,1.0
F6,0.1,0.025,10.0,40.0,1.0,calendar_reference_slow_response,illustrative reference convention; not calibrated,1.0.0,calendar_epps_curve,246.5,second,limiting_correlation,1.0,normalized_correlation,1.0
F6,0.1,0.025,10.0,40.0,1.0,calendar_reference_slow_response,illustrative reference convention; not calibrated,1.0.0,calendar_epps_curve,247.0,second,limiting_correlation,1.0,normalized_correlation,1.0
F6,0.1,0.025,10.0,40.0,1.0,calendar_reference_slow_response,illustrative reference convention; not calibrated,1.0.0,calendar_epps_curve,247.5,second,limiting_correlation,1.0,normalized_correlation,1.0
F6,0.1,0.025,10.0,40.0,1.0,calendar_reference_slow_response,illustrative reference convention; not calibrated,1.0.0,calendar_epps_curve,248.0,second,limiting_correlation,1.0,normalized_correlation,1.0
F6,0.1,0.025,10.0,40.0,1.0,calendar_reference_slow_response,illustrative reference convention; not calibrated,1.0.0,calendar_epps_curve,248.5,second,limiting_correlation,1.0,normalized_correlation,1.0
F6,0.1,0.025,10.0,40.0,1.0,calendar_reference_slow_response,illustrative reference convention; not calibrated,1.0.0,calendar_epps_curve,249.0,second,limiting_correlation,1.0,normalized_correlation,1.0
F6,0.1,0.025,10.0,40.0,1.0,calendar_reference_slow_response,illustrative reference convention; not calibrated,1.0.0,calendar_epps_curve,249.5,second,limiting_correlation,1.0,normalized_correlation,1.0
F6,0.1,0.025,10.0,40.0,1.0,calendar_reference_slow_response,illustrative reference convention; not calibrated,1.0.0,calendar_epps_curve,250.0,second,limiting_correlation,1.0,normalized_correlation,1.0
F6,0.1,0.025,10.0,40.0,1.0,calendar_reference_slow_response,illustrative reference convention; not calibrated,1.0.0,calendar_epps_curve,250.5,second,limiting_correlation,1.0,normalized_correlation,1.0
F6,0.1,0.025,10.0,40.0,1.0,calendar_reference_slow_response,illustrative reference convention; not calibrated,1.0.0,calendar_epps_curve,251.0,second,limiting_correlation,1.0,normalized_correlation,1.0
F6,0.1,0.025,10.0,40.0,1.0,calendar_reference_slow_response,illustrative reference convention; not calibrated,1.0.0,calendar_epps_curve,251.5,second,limiting_correlation,1.0,normalized_correlation,1.0
F6,0.1,0.025,10.0,40.0,1.0,calendar_reference_slow_response,illustrative reference convention; not calibrated,1.0.0,calendar_epps_curve,252.0,second,limiting_correlation,1.0,normalized_correlation,1.0
F6,0.1,0.025,10.0,40.0,1.0,calendar_reference_slow_response,illustrative reference convention; not calibrated,1.0.0,calendar_epps_curve,252.5,second,limiting_correlation,1.0,normalized_correlation,1.0
F6,0.1,0.025,10.0,40.0,1.0,calendar_reference_slow_response,illustrative reference convention; not calibrated,1.0.0,calendar_epps_curve,253.0,second,limiting_correlation,1.0,normalized_correlation,1.0
F6,0.1,0.025,10.0,40.0,1.0,calendar_reference_slow_response,illustrative reference convention; not calibrated,1.0.0,calendar_epps_curve,253.5,second,limiting_correlation,1.0,normalized_correlation,1.0
F6,0.1,0.025,10.0,40.0,1.0,calendar_reference_slow_response,illustrative reference convention; not calibrated,1.0.0,calendar_epps_curve,254.0,second,limiting_correlation,1.0,normalized_correlation,1.0
F6,0.1,0.025,10.0,40.0,1.0,calendar_reference_slow_response,illustrative reference convention; not calibrated,1.0.0,calendar_epps_curve,254.5,second,limiting_correlation,1.0,normalized_correlation,1.0
F6,0.1,0.025,10.0,40.0,1.0,calendar_reference_slow_response,illustrative reference convention; not calibrated,1.0.0,calendar_epps_curve,255.0,second,limiting_correlation,1.0,normalized_correlation,1.0
F6,0.1,0.025,10.0,40.0,1.0,calendar_reference_slow_response,illustrative reference convention; not calibrated,1.0.0,calendar_epps_curve,255.5,second,limiting_correlation,1.0,normalized_correlation,1.0
F6,0.1,0.025,10.0,40.0,1.0,calendar_reference_slow_response,illustrative reference convention; not calibrated,1.0.0,calendar_epps_curve,256.0,second,limiting_correlation,1.0,normalized_correlation,1.0
F6,0.1,0.025,10.0,40.0,1.0,calendar_reference_slow_response,illustrative reference convention; not calibrated,1.0.0,calendar_epps_curve,256.5,second,limiting_correlation,1.0,normalized_correlation,1.0
F6,0.1,0.025,10.0,40.0,1.0,calendar_reference_slow_response,illustrative reference convention; not calibrated,1.0.0,calendar_epps_curve,257.0,second,limiting_correlation,1.0,normalized_correlation,1.0
F6,0.1,0.025,10.0,40.0,1.0,calendar_reference_slow_response,illustrative reference convention; not calibrated,1.0.0,calendar_epps_curve,257.5,second,limiting_correlation,1.0,normalized_correlation,1.0
F6,0.1,0.025,10.0,40.0,1.0,calendar_reference_slow_response,illustrative reference convention; not calibrated,1.0.0,calendar_epps_curve,258.0,second,limiting_correlation,1.0,normalized_correlation,1.0
F6,0.1,0.025,10.0,40.0,1.0,calendar_reference_slow_response,illustrative reference convention; not calibrated,1.0.0,calendar_epps_curve,258.5,second,limiting_correlation,1.0,normalized_correlation,1.0
F6,0.1,0.025,10.0,40.0,1.0,calendar_reference_slow_response,illustrative reference convention; not calibrated,1.0.0,calendar_epps_curve,259.0,second,limiting_correlation,1.0,normalized_correlation,1.0
F6,0.1,0.025,10.0,40.0,1.0,calendar_reference_slow_response,illustrative reference convention; not calibrated,1.0.0,calendar_epps_curve,259.5,second,limiting_correlation,1.0,normalized_correlation,1.0
F6,0.1,0.025,10.0,40.0,1.0,calendar_reference_slow_response,illustrative reference convention; not calibrated,1.0.0,calendar_epps_curve,260.0,second,limiting_correlation,1.0,normalized_correlation,1.0
F6,0.1,0.025,10.0,40.0,1.0,calendar_reference_slow_response,illustrative reference convention; not calibrated,1.0.0,calendar_epps_curve,260.5,second,limiting_correlation,1.0,normalized_correlation,1.0
F6,0.1,0.025,10.0,40.0,1.0,calendar_reference_slow_response,illustrative reference convention; not calibrated,1.0.0,calendar_epps_curve,261.0,second,limiting_correlation,1.0,normalized_correlation,1.0
F6,0.1,0.025,10.0,40.0,1.0,calendar_reference_slow_response,illustrative reference convention; not calibrated,1.0.0,calendar_epps_curve,261.5,second,limiting_correlation,1.0,normalized_correlation,1.0
F6,0.1,0.025,10.0,40.0,1.0,calendar_reference_slow_response,illustrative reference convention; not calibrated,1.0.0,calendar_epps_curve,262.0,second,limiting_correlation,1.0,normalized_correlation,1.0
F6,0.1,0.025,10.0,40.0,1.0,calendar_reference_slow_response,illustrative reference convention; not calibrated,1.0.0,calendar_epps_curve,262.5,second,limiting_correlation,1.0,normalized_correlation,1.0
F6,0.1,0.025,10.0,40.0,1.0,calendar_reference_slow_response,illustrative reference convention; not calibrated,1.0.0,calendar_epps_curve,263.0,second,limiting_correlation,1.0,normalized_correlation,1.0
F6,0.1,0.025,10.0,40.0,1.0,calendar_reference_slow_response,illustrative reference convention; not calibrated,1.0.0,calendar_epps_curve,263.5,second,limiting_correlation,1.0,normalized_correlation,1.0
F6,0.1,0.025,10.0,40.0,1.0,calendar_reference_slow_response,illustrative reference convention; not calibrated,1.0.0,calendar_epps_curve,264.0,second,limiting_correlation,1.0,normalized_correlation,1.0
F6,0.1,0.025,10.0,40.0,1.0,calendar_reference_slow_response,illustrative reference convention; not calibrated,1.0.0,calendar_epps_curve,264.5,second,limiting_correlation,1.0,normalized_correlation,1.0
F6,0.1,0.025,10.0,40.0,1.0,calendar_reference_slow_response,illustrative reference convention; not calibrated,1.0.0,calendar_epps_curve,265.0,second,limiting_correlation,1.0,normalized_correlation,1.0
F6,0.1,0.025,10.0,40.0,1.0,calendar_reference_slow_response,illustrative reference convention; not calibrated,1.0.0,calendar_epps_curve,265.5,second,limiting_correlation,1.0,normalized_correlation,1.0
F6,0.1,0.025,10.0,40.0,1.0,calendar_reference_slow_response,illustrative reference convention; not calibrated,1.0.0,calendar_epps_curve,266.0,second,limiting_correlation,1.0,normalized_correlation,1.0
F6,0.1,0.025,10.0,40.0,1.0,calendar_reference_slow_response,illustrative reference convention; not calibrated,1.0.0,calendar_epps_curve,266.5,second,limiting_correlation,1.0,normalized_correlation,1.0
F6,0.1,0.025,10.0,40.0,1.0,calendar_reference_slow_response,illustrative reference convention; not calibrated,1.0.0,calendar_epps_curve,267.0,second,limiting_correlation,1.0,normalized_correlation,1.0
F6,0.1,0.025,10.0,40.0,1.0,calendar_reference_slow_response,illustrative reference convention; not calibrated,1.0.0,calendar_epps_curve,267.5,second,limiting_correlation,1.0,normalized_correlation,1.0
F6,0.1,0.025,10.0,40.0,1.0,calendar_reference_slow_response,illustrative reference convention; not calibrated,1.0.0,calendar_epps_curve,268.0,second,limiting_correlation,1.0,normalized_correlation,1.0
F6,0.1,0.025,10.0,40.0,1.0,calendar_reference_slow_response,illustrative reference convention; not calibrated,1.0.0,calendar_epps_curve,268.5,second,limiting_correlation,1.0,normalized_correlation,1.0
F6,0.1,0.025,10.0,40.0,1.0,calendar_reference_slow_response,illustrative reference convention; not calibrated,1.0.0,calendar_epps_curve,269.0,second,limiting_correlation,1.0,normalized_correlation,1.0
F6,0.1,0.025,10.0,40.0,1.0,calendar_reference_slow_response,illustrative reference convention; not calibrated,1.0.0,calendar_epps_curve,269.5,second,limiting_correlation,1.0,normalized_correlation,1.0
F6,0.1,0.025,10.0,40.0,1.0,calendar_reference_slow_response,illustrative reference convention; not calibrated,1.0.0,calendar_epps_curve,270.0,second,limiting_correlation,1.0,normalized_correlation,1.0
F6,0.1,0.025,10.0,40.0,1.0,calendar_reference_slow_response,illustrative reference convention; not calibrated,1.0.0,calendar_epps_curve,270.5,second,limiting_correlation,1.0,normalized_correlation,1.0
F6,0.1,0.025,10.0,40.0,1.0,calendar_reference_slow_response,illustrative reference convention; not calibrated,1.0.0,calendar_epps_curve,271.0,second,limiting_correlation,1.0,normalized_correlation,1.0
F6,0.1,0.025,10.0,40.0,1.0,calendar_reference_slow_response,illustrative reference convention; not calibrated,1.0.0,calendar_epps_curve,271.5,second,limiting_correlation,1.0,normalized_correlation,1.0
F6,0.1,0.025,10.0,40.0,1.0,calendar_reference_slow_response,illustrative reference convention; not calibrated,1.0.0,calendar_epps_curve,272.0,second,limiting_correlation,1.0,normalized_correlation,1.0
F6,0.1,0.025,10.0,40.0,1.0,calendar_reference_slow_response,illustrative reference convention; not calibrated,1.0.0,calendar_epps_curve,272.5,second,limiting_correlation,1.0,normalized_correlation,1.0
F6,0.1,0.025,10.0,40.0,1.0,calendar_reference_slow_response,illustrative reference convention; not calibrated,1.0.0,calendar_epps_curve,273.0,second,limiting_correlation,1.0,normalized_correlation,1.0
F6,0.1,0.025,10.0,40.0,1.0,calendar_reference_slow_response,illustrative reference convention; not calibrated,1.0.0,calendar_epps_curve,273.5,second,limiting_correlation,1.0,normalized_correlation,1.0
F6,0.1,0.025,10.0,40.0,1.0,calendar_reference_slow_response,illustrative reference convention; not calibrated,1.0.0,calendar_epps_curve,274.0,second,limiting_correlation,1.0,normalized_correlation,1.0
F6,0.1,0.025,10.0,40.0,1.0,calendar_reference_slow_response,illustrative reference convention; not calibrated,1.0.0,calendar_epps_curve,274.5,second,limiting_correlation,1.0,normalized_correlation,1.0
F6,0.1,0.025,10.0,40.0,1.0,calendar_reference_slow_response,illustrative reference convention; not calibrated,1.0.0,calendar_epps_curve,275.0,second,limiting_correlation,1.0,normalized_correlation,1.0
F6,0.1,0.025,10.0,40.0,1.0,calendar_reference_slow_response,illustrative reference convention; not calibrated,1.0.0,calendar_epps_curve,275.5,second,limiting_correlation,1.0,normalized_correlation,1.0
F6,0.1,0.025,10.0,40.0,1.0,calendar_reference_slow_response,illustrative reference convention; not calibrated,1.0.0,calendar_epps_curve,276.0,second,limiting_correlation,1.0,normalized_correlation,1.0
F6,0.1,0.025,10.0,40.0,1.0,calendar_reference_slow_response,illustrative reference convention; not calibrated,1.0.0,calendar_epps_curve,276.5,second,limiting_correlation,1.0,normalized_correlation,1.0
F6,0.1,0.025,10.0,40.0,1.0,calendar_reference_slow_response,illustrative reference convention; not calibrated,1.0.0,calendar_epps_curve,277.0,second,limiting_correlation,1.0,normalized_correlation,1.0
F6,0.1,0.025,10.0,40.0,1.0,calendar_reference_slow_response,illustrative reference convention; not calibrated,1.0.0,calendar_epps_curve,277.5,second,limiting_correlation,1.0,normalized_correlation,1.0
F6,0.1,0.025,10.0,40.0,1.0,calendar_reference_slow_response,illustrative reference convention; not calibrated,1.0.0,calendar_epps_curve,278.0,second,limiting_correlation,1.0,normalized_correlation,1.0
F6,0.1,0.025,10.0,40.0,1.0,calendar_reference_slow_response,illustrative reference convention; not calibrated,1.0.0,calendar_epps_curve,278.5,second,limiting_correlation,1.0,normalized_correlation,1.0
F6,0.1,0.025,10.0,40.0,1.0,calendar_reference_slow_response,illustrative reference convention; not calibrated,1.0.0,calendar_epps_curve,279.0,second,limiting_correlation,1.0,normalized_correlation,1.0
F6,0.1,0.025,10.0,40.0,1.0,calendar_reference_slow_response,illustrative reference convention; not calibrated,1.0.0,calendar_epps_curve,279.5,second,limiting_correlation,1.0,normalized_correlation,1.0
F6,0.1,0.025,10.0,40.0,1.0,calendar_reference_slow_response,illustrative reference convention; not calibrated,1.0.0,calendar_epps_curve,280.0,second,limiting_correlation,1.0,normalized_correlation,1.0
F6,0.1,0.025,10.0,40.0,1.0,calendar_reference_slow_response,illustrative reference convention; not calibrated,1.0.0,calendar_epps_curve,280.5,second,limiting_correlation,1.0,normalized_correlation,1.0
F6,0.1,0.025,10.0,40.0,1.0,calendar_reference_slow_response,illustrative reference convention; not calibrated,1.0.0,calendar_epps_curve,281.0,second,limiting_correlation,1.0,normalized_correlation,1.0
F6,0.1,0.025,10.0,40.0,1.0,calendar_reference_slow_response,illustrative reference convention; not calibrated,1.0.0,calendar_epps_curve,281.5,second,limiting_correlation,1.0,normalized_correlation,1.0
F6,0.1,0.025,10.0,40.0,1.0,calendar_reference_slow_response,illustrative reference convention; not calibrated,1.0.0,calendar_epps_curve,282.0,second,limiting_correlation,1.0,normalized_correlation,1.0
F6,0.1,0.025,10.0,40.0,1.0,calendar_reference_slow_response,illustrative reference convention; not calibrated,1.0.0,calendar_epps_curve,282.5,second,limiting_correlation,1.0,normalized_correlation,1.0
F6,0.1,0.025,10.0,40.0,1.0,calendar_reference_slow_response,illustrative reference convention; not calibrated,1.0.0,calendar_epps_curve,283.0,second,limiting_correlation,1.0,normalized_correlation,1.0
F6,0.1,0.025,10.0,40.0,1.0,calendar_reference_slow_response,illustrative reference convention; not calibrated,1.0.0,calendar_epps_curve,283.5,second,limiting_correlation,1.0,normalized_correlation,1.0
F6,0.1,0.025,10.0,40.0,1.0,calendar_reference_slow_response,illustrative reference convention; not calibrated,1.0.0,calendar_epps_curve,284.0,second,limiting_correlation,1.0,normalized_correlation,1.0
F6,0.1,0.025,10.0,40.0,1.0,calendar_reference_slow_response,illustrative reference convention; not calibrated,1.0.0,calendar_epps_curve,284.5,second,limiting_correlation,1.0,normalized_correlation,1.0
F6,0.1,0.025,10.0,40.0,1.0,calendar_reference_slow_response,illustrative reference convention; not calibrated,1.0.0,calendar_epps_curve,285.0,second,limiting_correlation,1.0,normalized_correlation,1.0
F6,0.1,0.025,10.0,40.0,1.0,calendar_reference_slow_response,illustrative reference convention; not calibrated,1.0.0,calendar_epps_curve,285.5,second,limiting_correlation,1.0,normalized_correlation,1.0
F6,0.1,0.025,10.0,40.0,1.0,calendar_reference_slow_response,illustrative reference convention; not calibrated,1.0.0,calendar_epps_curve,286.0,second,limiting_correlation,1.0,normalized_correlation,1.0
F6,0.1,0.025,10.0,40.0,1.0,calendar_reference_slow_response,illustrative reference convention; not calibrated,1.0.0,calendar_epps_curve,286.5,second,limiting_correlation,1.0,normalized_correlation,1.0
F6,0.1,0.025,10.0,40.0,1.0,calendar_reference_slow_response,illustrative reference convention; not calibrated,1.0.0,calendar_epps_curve,287.0,second,limiting_correlation,1.0,normalized_correlation,1.0
F6,0.1,0.025,10.0,40.0,1.0,calendar_reference_slow_response,illustrative reference convention; not calibrated,1.0.0,calendar_epps_curve,287.5,second,limiting_correlation,1.0,normalized_correlation,1.0
F6,0.1,0.025,10.0,40.0,1.0,calendar_reference_slow_response,illustrative reference convention; not calibrated,1.0.0,calendar_epps_curve,288.0,second,limiting_correlation,1.0,normalized_correlation,1.0
F6,0.1,0.025,10.0,40.0,1.0,calendar_reference_slow_response,illustrative reference convention; not calibrated,1.0.0,calendar_epps_curve,288.5,second,limiting_correlation,1.0,normalized_correlation,1.0
F6,0.1,0.025,10.0,40.0,1.0,calendar_reference_slow_response,illustrative reference convention; not calibrated,1.0.0,calendar_epps_curve,289.0,second,limiting_correlation,1.0,normalized_correlation,1.0
F6,0.1,0.025,10.0,40.0,1.0,calendar_reference_slow_response,illustrative reference convention; not calibrated,1.0.0,calendar_epps_curve,289.5,second,limiting_correlation,1.0,normalized_correlation,1.0
F6,0.1,0.025,10.0,40.0,1.0,calendar_reference_slow_response,illustrative reference convention; not calibrated,1.0.0,calendar_epps_curve,290.0,second,limiting_correlation,1.0,normalized_correlation,1.0
F6,0.1,0.025,10.0,40.0,1.0,calendar_reference_slow_response,illustrative reference convention; not calibrated,1.0.0,calendar_epps_curve,290.5,second,limiting_correlation,1.0,normalized_correlation,1.0
F6,0.1,0.025,10.0,40.0,1.0,calendar_reference_slow_response,illustrative reference convention; not calibrated,1.0.0,calendar_epps_curve,291.0,second,limiting_correlation,1.0,normalized_correlation,1.0
F6,0.1,0.025,10.0,40.0,1.0,calendar_reference_slow_response,illustrative reference convention; not calibrated,1.0.0,calendar_epps_curve,291.5,second,limiting_correlation,1.0,normalized_correlation,1.0
F6,0.1,0.025,10.0,40.0,1.0,calendar_reference_slow_response,illustrative reference convention; not calibrated,1.0.0,calendar_epps_curve,292.0,second,limiting_correlation,1.0,normalized_correlation,1.0
F6,0.1,0.025,10.0,40.0,1.0,calendar_reference_slow_response,illustrative reference convention; not calibrated,1.0.0,calendar_epps_curve,292.5,second,limiting_correlation,1.0,normalized_correlation,1.0
F6,0.1,0.025,10.0,40.0,1.0,calendar_reference_slow_response,illustrative reference convention; not calibrated,1.0.0,calendar_epps_curve,293.0,second,limiting_correlation,1.0,normalized_correlation,1.0
F6,0.1,0.025,10.0,40.0,1.0,calendar_reference_slow_response,illustrative reference convention; not calibrated,1.0.0,calendar_epps_curve,293.5,second,limiting_correlation,1.0,normalized_correlation,1.0
F6,0.1,0.025,10.0,40.0,1.0,calendar_reference_slow_response,illustrative reference convention; not calibrated,1.0.0,calendar_epps_curve,294.0,second,limiting_correlation,1.0,normalized_correlation,1.0
F6,0.1,0.025,10.0,40.0,1.0,calendar_reference_slow_response,illustrative reference convention; not calibrated,1.0.0,calendar_epps_curve,294.5,second,limiting_correlation,1.0,normalized_correlation,1.0
F6,0.1,0.025,10.0,40.0,1.0,calendar_reference_slow_response,illustrative reference convention; not calibrated,1.0.0,calendar_epps_curve,295.0,second,limiting_correlation,1.0,normalized_correlation,1.0
F6,0.1,0.025,10.0,40.0,1.0,calendar_reference_slow_response,illustrative reference convention; not calibrated,1.0.0,calendar_epps_curve,295.5,second,limiting_correlation,1.0,normalized_correlation,1.0
F6,0.1,0.025,10.0,40.0,1.0,calendar_reference_slow_response,illustrative reference convention; not calibrated,1.0.0,calendar_epps_curve,296.0,second,limiting_correlation,1.0,normalized_correlation,1.0
F6,0.1,0.025,10.0,40.0,1.0,calendar_reference_slow_response,illustrative reference convention; not calibrated,1.0.0,calendar_epps_curve,296.5,second,limiting_correlation,1.0,normalized_correlation,1.0
F6,0.1,0.025,10.0,40.0,1.0,calendar_reference_slow_response,illustrative reference convention; not calibrated,1.0.0,calendar_epps_curve,297.0,second,limiting_correlation,1.0,normalized_correlation,1.0
F6,0.1,0.025,10.0,40.0,1.0,calendar_reference_slow_response,illustrative reference convention; not calibrated,1.0.0,calendar_epps_curve,297.5,second,limiting_correlation,1.0,normalized_correlation,1.0
F6,0.1,0.025,10.0,40.0,1.0,calendar_reference_slow_response,illustrative reference convention; not calibrated,1.0.0,calendar_epps_curve,298.0,second,limiting_correlation,1.0,normalized_correlation,1.0
F6,0.1,0.025,10.0,40.0,1.0,calendar_reference_slow_response,illustrative reference convention; not calibrated,1.0.0,calendar_epps_curve,298.5,second,limiting_correlation,1.0,normalized_correlation,1.0
F6,0.1,0.025,10.0,40.0,1.0,calendar_reference_slow_response,illustrative reference convention; not calibrated,1.0.0,calendar_epps_curve,299.0,second,limiting_correlation,1.0,normalized_correlation,1.0
F6,0.1,0.025,10.0,40.0,1.0,calendar_reference_slow_response,illustrative reference convention; not calibrated,1.0.0,calendar_epps_curve,299.5,second,limiting_correlation,1.0,normalized_correlation,1.0
F6,0.1,0.025,10.0,40.0,1.0,calendar_reference_slow_response,illustrative reference convention; not calibrated,1.0.0,calendar_epps_curve,300.0,second,limiting_correlation,1.0,normalized_correlation,1.0
F6,0.1,0.025,10.0,40.0,1.0,calendar_reference_slow_response,illustrative reference convention; not calibrated,1.0.0,calendar_epps_curve,300.5,second,limiting_correlation,1.0,normalized_correlation,1.0
F6,0.1,0.025,10.0,40.0,1.0,calendar_reference_slow_response,illustrative reference convention; not calibrated,1.0.0,calendar_epps_curve,301.0,second,limiting_correlation,1.0,normalized_correlation,1.0
F6,0.1,0.025,10.0,40.0,1.0,calendar_reference_slow_response,illustrative reference convention; not calibrated,1.0.0,calendar_epps_curve,301.5,second,limiting_correlation,1.0,normalized_correlation,1.0
F6,0.1,0.025,10.0,40.0,1.0,calendar_reference_slow_response,illustrative reference convention; not calibrated,1.0.0,calendar_epps_curve,302.0,second,limiting_correlation,1.0,normalized_correlation,1.0
F6,0.1,0.025,10.0,40.0,1.0,calendar_reference_slow_response,illustrative reference convention; not calibrated,1.0.0,calendar_epps_curve,302.5,second,limiting_correlation,1.0,normalized_correlation,1.0
F6,0.1,0.025,10.0,40.0,1.0,calendar_reference_slow_response,illustrative reference convention; not calibrated,1.0.0,calendar_epps_curve,303.0,second,limiting_correlation,1.0,normalized_correlation,1.0
F6,0.1,0.025,10.0,40.0,1.0,calendar_reference_slow_response,illustrative reference convention; not calibrated,1.0.0,calendar_epps_curve,303.5,second,limiting_correlation,1.0,normalized_correlation,1.0
F6,0.1,0.025,10.0,40.0,1.0,calendar_reference_slow_response,illustrative reference convention; not calibrated,1.0.0,calendar_epps_curve,304.0,second,limiting_correlation,1.0,normalized_correlation,1.0
F6,0.1,0.025,10.0,40.0,1.0,calendar_reference_slow_response,illustrative reference convention; not calibrated,1.0.0,calendar_epps_curve,304.5,second,limiting_correlation,1.0,normalized_correlation,1.0
F6,0.1,0.025,10.0,40.0,1.0,calendar_reference_slow_response,illustrative reference convention; not calibrated,1.0.0,calendar_epps_curve,305.0,second,limiting_correlation,1.0,normalized_correlation,1.0
F6,0.1,0.025,10.0,40.0,1.0,calendar_reference_slow_response,illustrative reference convention; not calibrated,1.0.0,calendar_epps_curve,305.5,second,limiting_correlation,1.0,normalized_correlation,1.0
F6,0.1,0.025,10.0,40.0,1.0,calendar_reference_slow_response,illustrative reference convention; not calibrated,1.0.0,calendar_epps_curve,306.0,second,limiting_correlation,1.0,normalized_correlation,1.0
F6,0.1,0.025,10.0,40.0,1.0,calendar_reference_slow_response,illustrative reference convention; not calibrated,1.0.0,calendar_epps_curve,306.5,second,limiting_correlation,1.0,normalized_correlation,1.0
F6,0.1,0.025,10.0,40.0,1.0,calendar_reference_slow_response,illustrative reference convention; not calibrated,1.0.0,calendar_epps_curve,307.0,second,limiting_correlation,1.0,normalized_correlation,1.0
F6,0.1,0.025,10.0,40.0,1.0,calendar_reference_slow_response,illustrative reference convention; not calibrated,1.0.0,calendar_epps_curve,307.5,second,limiting_correlation,1.0,normalized_correlation,1.0
F6,0.1,0.025,10.0,40.0,1.0,calendar_reference_slow_response,illustrative reference convention; not calibrated,1.0.0,calendar_epps_curve,308.0,second,limiting_correlation,1.0,normalized_correlation,1.0
F6,0.1,0.025,10.0,40.0,1.0,calendar_reference_slow_response,illustrative reference convention; not calibrated,1.0.0,calendar_epps_curve,308.5,second,limiting_correlation,1.0,normalized_correlation,1.0
F6,0.1,0.025,10.0,40.0,1.0,calendar_reference_slow_response,illustrative reference convention; not calibrated,1.0.0,calendar_epps_curve,309.0,second,limiting_correlation,1.0,normalized_correlation,1.0
F6,0.1,0.025,10.0,40.0,1.0,calendar_reference_slow_response,illustrative reference convention; not calibrated,1.0.0,calendar_epps_curve,309.5,second,limiting_correlation,1.0,normalized_correlation,1.0
F6,0.1,0.025,10.0,40.0,1.0,calendar_reference_slow_response,illustrative reference convention; not calibrated,1.0.0,calendar_epps_curve,310.0,second,limiting_correlation,1.0,normalized_correlation,1.0
F6,0.1,0.025,10.0,40.0,1.0,calendar_reference_slow_response,illustrative reference convention; not calibrated,1.0.0,calendar_epps_curve,310.5,second,limiting_correlation,1.0,normalized_correlation,1.0
F6,0.1,0.025,10.0,40.0,1.0,calendar_reference_slow_response,illustrative reference convention; not calibrated,1.0.0,calendar_epps_curve,311.0,second,limiting_correlation,1.0,normalized_correlation,1.0
F6,0.1,0.025,10.0,40.0,1.0,calendar_reference_slow_response,illustrative reference convention; not calibrated,1.0.0,calendar_epps_curve,311.5,second,limiting_correlation,1.0,normalized_correlation,1.0
F6,0.1,0.025,10.0,40.0,1.0,calendar_reference_slow_response,illustrative reference convention; not calibrated,1.0.0,calendar_epps_curve,312.0,second,limiting_correlation,1.0,normalized_correlation,1.0
F6,0.1,0.025,10.0,40.0,1.0,calendar_reference_slow_response,illustrative reference convention; not calibrated,1.0.0,calendar_epps_curve,312.5,second,limiting_correlation,1.0,normalized_correlation,1.0
F6,0.1,0.025,10.0,40.0,1.0,calendar_reference_slow_response,illustrative reference convention; not calibrated,1.0.0,calendar_epps_curve,313.0,second,limiting_correlation,1.0,normalized_correlation,1.0
F6,0.1,0.025,10.0,40.0,1.0,calendar_reference_slow_response,illustrative reference convention; not calibrated,1.0.0,calendar_epps_curve,313.5,second,limiting_correlation,1.0,normalized_correlation,1.0
F6,0.1,0.025,10.0,40.0,1.0,calendar_reference_slow_response,illustrative reference convention; not calibrated,1.0.0,calendar_epps_curve,314.0,second,limiting_correlation,1.0,normalized_correlation,1.0
F6,0.1,0.025,10.0,40.0,1.0,calendar_reference_slow_response,illustrative reference convention; not calibrated,1.0.0,calendar_epps_curve,314.5,second,limiting_correlation,1.0,normalized_correlation,1.0
F6,0.1,0.025,10.0,40.0,1.0,calendar_reference_slow_response,illustrative reference convention; not calibrated,1.0.0,calendar_epps_curve,315.0,second,limiting_correlation,1.0,normalized_correlation,1.0
F6,0.1,0.025,10.0,40.0,1.0,calendar_reference_slow_response,illustrative reference convention; not calibrated,1.0.0,calendar_epps_curve,315.5,second,limiting_correlation,1.0,normalized_correlation,1.0
F6,0.1,0.025,10.0,40.0,1.0,calendar_reference_slow_response,illustrative reference convention; not calibrated,1.0.0,calendar_epps_curve,316.0,second,limiting_correlation,1.0,normalized_correlation,1.0
F6,0.1,0.025,10.0,40.0,1.0,calendar_reference_slow_response,illustrative reference convention; not calibrated,1.0.0,calendar_epps_curve,316.5,second,limiting_correlation,1.0,normalized_correlation,1.0
F6,0.1,0.025,10.0,40.0,1.0,calendar_reference_slow_response,illustrative reference convention; not calibrated,1.0.0,calendar_epps_curve,317.0,second,limiting_correlation,1.0,normalized_correlation,1.0
F6,0.1,0.025,10.0,40.0,1.0,calendar_reference_slow_response,illustrative reference convention; not calibrated,1.0.0,calendar_epps_curve,317.5,second,limiting_correlation,1.0,normalized_correlation,1.0
F6,0.1,0.025,10.0,40.0,1.0,calendar_reference_slow_response,illustrative reference convention; not calibrated,1.0.0,calendar_epps_curve,318.0,second,limiting_correlation,1.0,normalized_correlation,1.0
F6,0.1,0.025,10.0,40.0,1.0,calendar_reference_slow_response,illustrative reference convention; not calibrated,1.0.0,calendar_epps_curve,318.5,second,limiting_correlation,1.0,normalized_correlation,1.0
F6,0.1,0.025,10.0,40.0,1.0,calendar_reference_slow_response,illustrative reference convention; not calibrated,1.0.0,calendar_epps_curve,319.0,second,limiting_correlation,1.0,normalized_correlation,1.0
F6,0.1,0.025,10.0,40.0,1.0,calendar_reference_slow_response,illustrative reference convention; not calibrated,1.0.0,calendar_epps_curve,319.5,second,limiting_correlation,1.0,normalized_correlation,1.0
F6,0.1,0.025,10.0,40.0,1.0,calendar_reference_slow_response,illustrative reference convention; not calibrated,1.0.0,calendar_epps_curve,320.0,second,limiting_correlation,1.0,normalized_correlation,1.0
F6,0.1,0.025,10.0,40.0,1.0,calendar_reference_slow_response,illustrative reference convention; not calibrated,1.0.0,calendar_epps_curve,320.5,second,limiting_correlation,1.0,normalized_correlation,1.0
F6,0.1,0.025,10.0,40.0,1.0,calendar_reference_slow_response,illustrative reference convention; not calibrated,1.0.0,calendar_epps_curve,321.0,second,limiting_correlation,1.0,normalized_correlation,1.0
F6,0.1,0.025,10.0,40.0,1.0,calendar_reference_slow_response,illustrative reference convention; not calibrated,1.0.0,calendar_epps_curve,321.5,second,limiting_correlation,1.0,normalized_correlation,1.0
F6,0.1,0.025,10.0,40.0,1.0,calendar_reference_slow_response,illustrative reference convention; not calibrated,1.0.0,calendar_epps_curve,322.0,second,limiting_correlation,1.0,normalized_correlation,1.0
F6,0.1,0.025,10.0,40.0,1.0,calendar_reference_slow_response,illustrative reference convention; not calibrated,1.0.0,calendar_epps_curve,322.5,second,limiting_correlation,1.0,normalized_correlation,1.0
F6,0.1,0.025,10.0,40.0,1.0,calendar_reference_slow_response,illustrative reference convention; not calibrated,1.0.0,calendar_epps_curve,323.0,second,limiting_correlation,1.0,normalized_correlation,1.0
F6,0.1,0.025,10.0,40.0,1.0,calendar_reference_slow_response,illustrative reference convention; not calibrated,1.0.0,calendar_epps_curve,323.5,second,limiting_correlation,1.0,normalized_correlation,1.0
F6,0.1,0.025,10.0,40.0,1.0,calendar_reference_slow_response,illustrative reference convention; not calibrated,1.0.0,calendar_epps_curve,324.0,second,limiting_correlation,1.0,normalized_correlation,1.0
F6,0.1,0.025,10.0,40.0,1.0,calendar_reference_slow_response,illustrative reference convention; not calibrated,1.0.0,calendar_epps_curve,324.5,second,limiting_correlation,1.0,normalized_correlation,1.0
F6,0.1,0.025,10.0,40.0,1.0,calendar_reference_slow_response,illustrative reference convention; not calibrated,1.0.0,calendar_epps_curve,325.0,second,limiting_correlation,1.0,normalized_correlation,1.0
F6,0.1,0.025,10.0,40.0,1.0,calendar_reference_slow_response,illustrative reference convention; not calibrated,1.0.0,calendar_epps_curve,325.5,second,limiting_correlation,1.0,normalized_correlation,1.0
F6,0.1,0.025,10.0,40.0,1.0,calendar_reference_slow_response,illustrative reference convention; not calibrated,1.0.0,calendar_epps_curve,326.0,second,limiting_correlation,1.0,normalized_correlation,1.0
F6,0.1,0.025,10.0,40.0,1.0,calendar_reference_slow_response,illustrative reference convention; not calibrated,1.0.0,calendar_epps_curve,326.5,second,limiting_correlation,1.0,normalized_correlation,1.0
F6,0.1,0.025,10.0,40.0,1.0,calendar_reference_slow_response,illustrative reference convention; not calibrated,1.0.0,calendar_epps_curve,327.0,second,limiting_correlation,1.0,normalized_correlation,1.0
F6,0.1,0.025,10.0,40.0,1.0,calendar_reference_slow_response,illustrative reference convention; not calibrated,1.0.0,calendar_epps_curve,327.5,second,limiting_correlation,1.0,normalized_correlation,1.0
F6,0.1,0.025,10.0,40.0,1.0,calendar_reference_slow_response,illustrative reference convention; not calibrated,1.0.0,calendar_epps_curve,328.0,second,limiting_correlation,1.0,normalized_correlation,1.0
F6,0.1,0.025,10.0,40.0,1.0,calendar_reference_slow_response,illustrative reference convention; not calibrated,1.0.0,calendar_epps_curve,328.5,second,limiting_correlation,1.0,normalized_correlation,1.0
F6,0.1,0.025,10.0,40.0,1.0,calendar_reference_slow_response,illustrative reference convention; not calibrated,1.0.0,calendar_epps_curve,329.0,second,limiting_correlation,1.0,normalized_correlation,1.0
F6,0.1,0.025,10.0,40.0,1.0,calendar_reference_slow_response,illustrative reference convention; not calibrated,1.0.0,calendar_epps_curve,329.5,second,limiting_correlation,1.0,normalized_correlation,1.0
F6,0.1,0.025,10.0,40.0,1.0,calendar_reference_slow_response,illustrative reference convention; not calibrated,1.0.0,calendar_epps_curve,330.0,second,limiting_correlation,1.0,normalized_correlation,1.0
F6,0.1,0.025,10.0,40.0,1.0,calendar_reference_slow_response,illustrative reference convention; not calibrated,1.0.0,calendar_epps_curve,330.5,second,limiting_correlation,1.0,normalized_correlation,1.0
F6,0.1,0.025,10.0,40.0,1.0,calendar_reference_slow_response,illustrative reference convention; not calibrated,1.0.0,calendar_epps_curve,331.0,second,limiting_correlation,1.0,normalized_correlation,1.0
F6,0.1,0.025,10.0,40.0,1.0,calendar_reference_slow_response,illustrative reference convention; not calibrated,1.0.0,calendar_epps_curve,331.5,second,limiting_correlation,1.0,normalized_correlation,1.0
F6,0.1,0.025,10.0,40.0,1.0,calendar_reference_slow_response,illustrative reference convention; not calibrated,1.0.0,calendar_epps_curve,332.0,second,limiting_correlation,1.0,normalized_correlation,1.0
F6,0.1,0.025,10.0,40.0,1.0,calendar_reference_slow_response,illustrative reference convention; not calibrated,1.0.0,calendar_epps_curve,332.5,second,limiting_correlation,1.0,normalized_correlation,1.0
F6,0.1,0.025,10.0,40.0,1.0,calendar_reference_slow_response,illustrative reference convention; not calibrated,1.0.0,calendar_epps_curve,333.0,second,limiting_correlation,1.0,normalized_correlation,1.0
F6,0.1,0.025,10.0,40.0,1.0,calendar_reference_slow_response,illustrative reference convention; not calibrated,1.0.0,calendar_epps_curve,333.5,second,limiting_correlation,1.0,normalized_correlation,1.0
F6,0.1,0.025,10.0,40.0,1.0,calendar_reference_slow_response,illustrative reference convention; not calibrated,1.0.0,calendar_epps_curve,334.0,second,limiting_correlation,1.0,normalized_correlation,1.0
F6,0.1,0.025,10.0,40.0,1.0,calendar_reference_slow_response,illustrative reference convention; not calibrated,1.0.0,calendar_epps_curve,334.5,second,limiting_correlation,1.0,normalized_correlation,1.0
F6,0.1,0.025,10.0,40.0,1.0,calendar_reference_slow_response,illustrative reference convention; not calibrated,1.0.0,calendar_epps_curve,335.0,second,limiting_correlation,1.0,normalized_correlation,1.0
F6,0.1,0.025,10.0,40.0,1.0,calendar_reference_slow_response,illustrative reference convention; not calibrated,1.0.0,calendar_epps_curve,335.5,second,limiting_correlation,1.0,normalized_correlation,1.0
F6,0.1,0.025,10.0,40.0,1.0,calendar_reference_slow_response,illustrative reference convention; not calibrated,1.0.0,calendar_epps_curve,336.0,second,limiting_correlation,1.0,normalized_correlation,1.0
F6,0.1,0.025,10.0,40.0,1.0,calendar_reference_slow_response,illustrative reference convention; not calibrated,1.0.0,calendar_epps_curve,336.5,second,limiting_correlation,1.0,normalized_correlation,1.0
F6,0.1,0.025,10.0,40.0,1.0,calendar_reference_slow_response,illustrative reference convention; not calibrated,1.0.0,calendar_epps_curve,337.0,second,limiting_correlation,1.0,normalized_correlation,1.0
F6,0.1,0.025,10.0,40.0,1.0,calendar_reference_slow_response,illustrative reference convention; not calibrated,1.0.0,calendar_epps_curve,337.5,second,limiting_correlation,1.0,normalized_correlation,1.0
F6,0.1,0.025,10.0,40.0,1.0,calendar_reference_slow_response,illustrative reference convention; not calibrated,1.0.0,calendar_epps_curve,338.0,second,limiting_correlation,1.0,normalized_correlation,1.0
F6,0.1,0.025,10.0,40.0,1.0,calendar_reference_slow_response,illustrative reference convention; not calibrated,1.0.0,calendar_epps_curve,338.5,second,limiting_correlation,1.0,normalized_correlation,1.0
F6,0.1,0.025,10.0,40.0,1.0,calendar_reference_slow_response,illustrative reference convention; not calibrated,1.0.0,calendar_epps_curve,339.0,second,limiting_correlation,1.0,normalized_correlation,1.0
F6,0.1,0.025,10.0,40.0,1.0,calendar_reference_slow_response,illustrative reference convention; not calibrated,1.0.0,calendar_epps_curve,339.5,second,limiting_correlation,1.0,normalized_correlation,1.0
F6,0.1,0.025,10.0,40.0,1.0,calendar_reference_slow_response,illustrative reference convention; not calibrated,1.0.0,calendar_epps_curve,340.0,second,limiting_correlation,1.0,normalized_correlation,1.0
F6,0.1,0.025,10.0,40.0,1.0,calendar_reference_slow_response,illustrative reference convention; not calibrated,1.0.0,calendar_epps_curve,340.5,second,limiting_correlation,1.0,normalized_correlation,1.0
F6,0.1,0.025,10.0,40.0,1.0,calendar_reference_slow_response,illustrative reference convention; not calibrated,1.0.0,calendar_epps_curve,341.0,second,limiting_correlation,1.0,normalized_correlation,1.0
F6,0.1,0.025,10.0,40.0,1.0,calendar_reference_slow_response,illustrative reference convention; not calibrated,1.0.0,calendar_epps_curve,341.5,second,limiting_correlation,1.0,normalized_correlation,1.0
F6,0.1,0.025,10.0,40.0,1.0,calendar_reference_slow_response,illustrative reference convention; not calibrated,1.0.0,calendar_epps_curve,342.0,second,limiting_correlation,1.0,normalized_correlation,1.0
F6,0.1,0.025,10.0,40.0,1.0,calendar_reference_slow_response,illustrative reference convention; not calibrated,1.0.0,calendar_epps_curve,342.5,second,limiting_correlation,1.0,normalized_correlation,1.0
F6,0.1,0.025,10.0,40.0,1.0,calendar_reference_slow_response,illustrative reference convention; not calibrated,1.0.0,calendar_epps_curve,343.0,second,limiting_correlation,1.0,normalized_correlation,1.0
F6,0.1,0.025,10.0,40.0,1.0,calendar_reference_slow_response,illustrative reference convention; not calibrated,1.0.0,calendar_epps_curve,343.5,second,limiting_correlation,1.0,normalized_correlation,1.0
F6,0.1,0.025,10.0,40.0,1.0,calendar_reference_slow_response,illustrative reference convention; not calibrated,1.0.0,calendar_epps_curve,344.0,second,limiting_correlation,1.0,normalized_correlation,1.0
F6,0.1,0.025,10.0,40.0,1.0,calendar_reference_slow_response,illustrative reference convention; not calibrated,1.0.0,calendar_epps_curve,344.5,second,limiting_correlation,1.0,normalized_correlation,1.0
F6,0.1,0.025,10.0,40.0,1.0,calendar_reference_slow_response,illustrative reference convention; not calibrated,1.0.0,calendar_epps_curve,345.0,second,limiting_correlation,1.0,normalized_correlation,1.0
F6,0.1,0.025,10.0,40.0,1.0,calendar_reference_slow_response,illustrative reference convention; not calibrated,1.0.0,calendar_epps_curve,345.5,second,limiting_correlation,1.0,normalized_correlation,1.0
F6,0.1,0.025,10.0,40.0,1.0,calendar_reference_slow_response,illustrative reference convention; not calibrated,1.0.0,calendar_epps_curve,346.0,second,limiting_correlation,1.0,normalized_correlation,1.0
F6,0.1,0.025,10.0,40.0,1.0,calendar_reference_slow_response,illustrative reference convention; not calibrated,1.0.0,calendar_epps_curve,346.5,second,limiting_correlation,1.0,normalized_correlation,1.0
F6,0.1,0.025,10.0,40.0,1.0,calendar_reference_slow_response,illustrative reference convention; not calibrated,1.0.0,calendar_epps_curve,347.0,second,limiting_correlation,1.0,normalized_correlation,1.0
F6,0.1,0.025,10.0,40.0,1.0,calendar_reference_slow_response,illustrative reference convention; not calibrated,1.0.0,calendar_epps_curve,347.5,second,limiting_correlation,1.0,normalized_correlation,1.0
F6,0.1,0.025,10.0,40.0,1.0,calendar_reference_slow_response,illustrative reference convention; not calibrated,1.0.0,calendar_epps_curve,348.0,second,limiting_correlation,1.0,normalized_correlation,1.0
F6,0.1,0.025,10.0,40.0,1.0,calendar_reference_slow_response,illustrative reference convention; not calibrated,1.0.0,calendar_epps_curve,348.5,second,limiting_correlation,1.0,normalized_correlation,1.0
F6,0.1,0.025,10.0,40.0,1.0,calendar_reference_slow_response,illustrative reference convention; not calibrated,1.0.0,calendar_epps_curve,349.0,second,limiting_correlation,1.0,normalized_correlation,1.0
F6,0.1,0.025,10.0,40.0,1.0,calendar_reference_slow_response,illustrative reference convention; not calibrated,1.0.0,calendar_epps_curve,349.5,second,limiting_correlation,1.0,normalized_correlation,1.0
F6,0.1,0.025,10.0,40.0,1.0,calendar_reference_slow_response,illustrative reference convention; not calibrated,1.0.0,calendar_epps_curve,350.0,second,limiting_correlation,1.0,normalized_correlation,1.0
F6,0.1,0.025,10.0,40.0,1.0,calendar_reference_slow_response,illustrative reference convention; not calibrated,1.0.0,calendar_epps_curve,350.5,second,limiting_correlation,1.0,normalized_correlation,1.0
F6,0.1,0.025,10.0,40.0,1.0,calendar_reference_slow_response,illustrative reference convention; not calibrated,1.0.0,calendar_epps_curve,351.0,second,limiting_correlation,1.0,normalized_correlation,1.0
F6,0.1,0.025,10.0,40.0,1.0,calendar_reference_slow_response,illustrative reference convention; not calibrated,1.0.0,calendar_epps_curve,351.5,second,limiting_correlation,1.0,normalized_correlation,1.0
F6,0.1,0.025,10.0,40.0,1.0,calendar_reference_slow_response,illustrative reference convention; not calibrated,1.0.0,calendar_epps_curve,352.0,second,limiting_correlation,1.0,normalized_correlation,1.0
F6,0.1,0.025,10.0,40.0,1.0,calendar_reference_slow_response,illustrative reference convention; not calibrated,1.0.0,calendar_epps_curve,352.5,second,limiting_correlation,1.0,normalized_correlation,1.0
F6,0.1,0.025,10.0,40.0,1.0,calendar_reference_slow_response,illustrative reference convention; not calibrated,1.0.0,calendar_epps_curve,353.0,second,limiting_correlation,1.0,normalized_correlation,1.0
F6,0.1,0.025,10.0,40.0,1.0,calendar_reference_slow_response,illustrative reference convention; not calibrated,1.0.0,calendar_epps_curve,353.5,second,limiting_correlation,1.0,normalized_correlation,1.0
F6,0.1,0.025,10.0,40.0,1.0,calendar_reference_slow_response,illustrative reference convention; not calibrated,1.0.0,calendar_epps_curve,354.0,second,limiting_correlation,1.0,normalized_correlation,1.0
F6,0.1,0.025,10.0,40.0,1.0,calendar_reference_slow_response,illustrative reference convention; not calibrated,1.0.0,calendar_epps_curve,354.5,second,limiting_correlation,1.0,normalized_correlation,1.0
F6,0.1,0.025,10.0,40.0,1.0,calendar_reference_slow_response,illustrative reference convention; not calibrated,1.0.0,calendar_epps_curve,355.0,second,limiting_correlation,1.0,normalized_correlation,1.0
F6,0.1,0.025,10.0,40.0,1.0,calendar_reference_slow_response,illustrative reference convention; not calibrated,1.0.0,calendar_epps_curve,355.5,second,limiting_correlation,1.0,normalized_correlation,1.0
F6,0.1,0.025,10.0,40.0,1.0,calendar_reference_slow_response,illustrative reference convention; not calibrated,1.0.0,calendar_epps_curve,356.0,second,limiting_correlation,1.0,normalized_correlation,1.0
F6,0.1,0.025,10.0,40.0,1.0,calendar_reference_slow_response,illustrative reference convention; not calibrated,1.0.0,calendar_epps_curve,356.5,second,limiting_correlation,1.0,normalized_correlation,1.0
F6,0.1,0.025,10.0,40.0,1.0,calendar_reference_slow_response,illustrative reference convention; not calibrated,1.0.0,calendar_epps_curve,357.0,second,limiting_correlation,1.0,normalized_correlation,1.0
F6,0.1,0.025,10.0,40.0,1.0,calendar_reference_slow_response,illustrative reference convention; not calibrated,1.0.0,calendar_epps_curve,357.5,second,limiting_correlation,1.0,normalized_correlation,1.0
F6,0.1,0.025,10.0,40.0,1.0,calendar_reference_slow_response,illustrative reference convention; not calibrated,1.0.0,calendar_epps_curve,358.0,second,limiting_correlation,1.0,normalized_correlation,1.0
F6,0.1,0.025,10.0,40.0,1.0,calendar_reference_slow_response,illustrative reference convention; not calibrated,1.0.0,calendar_epps_curve,358.5,second,limiting_correlation,1.0,normalized_correlation,1.0
F6,0.1,0.025,10.0,40.0,1.0,calendar_reference_slow_response,illustrative reference convention; not calibrated,1.0.0,calendar_epps_curve,359.0,second,limiting_correlation,1.0,normalized_correlation,1.0
F6,0.1,0.025,10.0,40.0,1.0,calendar_reference_slow_response,illustrative reference convention; not calibrated,1.0.0,calendar_epps_curve,359.5,second,limiting_correlation,1.0,normalized_correlation,1.0
F6,0.1,0.025,10.0,40.0,1.0,calendar_reference_slow_response,illustrative reference convention; not calibrated,1.0.0,calendar_epps_curve,360.0,second,limiting_correlation,1.0,normalized_correlation,1.0
F6,0.1,0.025,10.0,40.0,1.0,calendar_reference_slow_response,illustrative reference convention; not calibrated,1.0.0,calendar_epps_curve,360.5,second,limiting_correlation,1.0,normalized_correlation,1.0
F6,0.1,0.025,10.0,40.0,1.0,calendar_reference_slow_response,illustrative reference convention; not calibrated,1.0.0,calendar_epps_curve,361.0,second,limiting_correlation,1.0,normalized_correlation,1.0
F6,0.1,0.025,10.0,40.0,1.0,calendar_reference_slow_response,illustrative reference convention; not calibrated,1.0.0,calendar_epps_curve,361.5,second,limiting_correlation,1.0,normalized_correlation,1.0
F6,0.1,0.025,10.0,40.0,1.0,calendar_reference_slow_response,illustrative reference convention; not calibrated,1.0.0,calendar_epps_curve,362.0,second,limiting_correlation,1.0,normalized_correlation,1.0
F6,0.1,0.025,10.0,40.0,1.0,calendar_reference_slow_response,illustrative reference convention; not calibrated,1.0.0,calendar_epps_curve,362.5,second,limiting_correlation,1.0,normalized_correlation,1.0
F6,0.1,0.025,10.0,40.0,1.0,calendar_reference_slow_response,illustrative reference convention; not calibrated,1.0.0,calendar_epps_curve,363.0,second,limiting_correlation,1.0,normalized_correlation,1.0
F6,0.1,0.025,10.0,40.0,1.0,calendar_reference_slow_response,illustrative reference convention; not calibrated,1.0.0,calendar_epps_curve,363.5,second,limiting_correlation,1.0,normalized_correlation,1.0
F6,0.1,0.025,10.0,40.0,1.0,calendar_reference_slow_response,illustrative reference convention; not calibrated,1.0.0,calendar_epps_curve,364.0,second,limiting_correlation,1.0,normalized_correlation,1.0
F6,0.1,0.025,10.0,40.0,1.0,calendar_reference_slow_response,illustrative reference convention; not calibrated,1.0.0,calendar_epps_curve,364.5,second,limiting_correlation,1.0,normalized_correlation,1.0
F6,0.1,0.025,10.0,40.0,1.0,calendar_reference_slow_response,illustrative reference convention; not calibrated,1.0.0,calendar_epps_curve,365.0,second,limiting_correlation,1.0,normalized_correlation,1.0
F6,0.1,0.025,10.0,40.0,1.0,calendar_reference_slow_response,illustrative reference convention; not calibrated,1.0.0,calendar_epps_curve,365.5,second,limiting_correlation,1.0,normalized_correlation,1.0
F6,0.1,0.025,10.0,40.0,1.0,calendar_reference_slow_response,illustrative reference convention; not calibrated,1.0.0,calendar_epps_curve,366.0,second,limiting_correlation,1.0,normalized_correlation,1.0
F6,0.1,0.025,10.0,40.0,1.0,calendar_reference_slow_response,illustrative reference convention; not calibrated,1.0.0,calendar_epps_curve,366.5,second,limiting_correlation,1.0,normalized_correlation,1.0
F6,0.1,0.025,10.0,40.0,1.0,calendar_reference_slow_response,illustrative reference convention; not calibrated,1.0.0,calendar_epps_curve,367.0,second,limiting_correlation,1.0,normalized_correlation,1.0
F6,0.1,0.025,10.0,40.0,1.0,calendar_reference_slow_response,illustrative reference convention; not calibrated,1.0.0,calendar_epps_curve,367.5,second,limiting_correlation,1.0,normalized_correlation,1.0
F6,0.1,0.025,10.0,40.0,1.0,calendar_reference_slow_response,illustrative reference convention; not calibrated,1.0.0,calendar_epps_curve,368.0,second,limiting_correlation,1.0,normalized_correlation,1.0
F6,0.1,0.025,10.0,40.0,1.0,calendar_reference_slow_response,illustrative reference convention; not calibrated,1.0.0,calendar_epps_curve,368.5,second,limiting_correlation,1.0,normalized_correlation,1.0
F6,0.1,0.025,10.0,40.0,1.0,calendar_reference_slow_response,illustrative reference convention; not calibrated,1.0.0,calendar_epps_curve,369.0,second,limiting_correlation,1.0,normalized_correlation,1.0
F6,0.1,0.025,10.0,40.0,1.0,calendar_reference_slow_response,illustrative reference convention; not calibrated,1.0.0,calendar_epps_curve,369.5,second,limiting_correlation,1.0,normalized_correlation,1.0
F6,0.1,0.025,10.0,40.0,1.0,calendar_reference_slow_response,illustrative reference convention; not calibrated,1.0.0,calendar_epps_curve,370.0,second,limiting_correlation,1.0,normalized_correlation,1.0
F6,0.1,0.025,10.0,40.0,1.0,calendar_reference_slow_response,illustrative reference convention; not calibrated,1.0.0,calendar_epps_curve,370.5,second,limiting_correlation,1.0,normalized_correlation,1.0
F6,0.1,0.025,10.0,40.0,1.0,calendar_reference_slow_response,illustrative reference convention; not calibrated,1.0.0,calendar_epps_curve,371.0,second,limiting_correlation,1.0,normalized_correlation,1.0
F6,0.1,0.025,10.0,40.0,1.0,calendar_reference_slow_response,illustrative reference convention; not calibrated,1.0.0,calendar_epps_curve,371.5,second,limiting_correlation,1.0,normalized_correlation,1.0
F6,0.1,0.025,10.0,40.0,1.0,calendar_reference_slow_response,illustrative reference convention; not calibrated,1.0.0,calendar_epps_curve,372.0,second,limiting_correlation,1.0,normalized_correlation,1.0
F6,0.1,0.025,10.0,40.0,1.0,calendar_reference_slow_response,illustrative reference convention; not calibrated,1.0.0,calendar_epps_curve,372.5,second,limiting_correlation,1.0,normalized_correlation,1.0
F6,0.1,0.025,10.0,40.0,1.0,calendar_reference_slow_response,illustrative reference convention; not calibrated,1.0.0,calendar_epps_curve,373.0,second,limiting_correlation,1.0,normalized_correlation,1.0
F6,0.1,0.025,10.0,40.0,1.0,calendar_reference_slow_response,illustrative reference convention; not calibrated,1.0.0,calendar_epps_curve,373.5,second,limiting_correlation,1.0,normalized_correlation,1.0
F6,0.1,0.025,10.0,40.0,1.0,calendar_reference_slow_response,illustrative reference convention; not calibrated,1.0.0,calendar_epps_curve,374.0,second,limiting_correlation,1.0,normalized_correlation,1.0
F6,0.1,0.025,10.0,40.0,1.0,calendar_reference_slow_response,illustrative reference convention; not calibrated,1.0.0,calendar_epps_curve,374.5,second,limiting_correlation,1.0,normalized_correlation,1.0
F6,0.1,0.025,10.0,40.0,1.0,calendar_reference_slow_response,illustrative reference convention; not calibrated,1.0.0,calendar_epps_curve,375.0,second,limiting_correlation,1.0,normalized_correlation,1.0
F6,0.1,0.025,10.0,40.0,1.0,calendar_reference_slow_response,illustrative reference convention; not calibrated,1.0.0,calendar_epps_curve,375.5,second,limiting_correlation,1.0,normalized_correlation,1.0
F6,0.1,0.025,10.0,40.0,1.0,calendar_reference_slow_response,illustrative reference convention; not calibrated,1.0.0,calendar_epps_curve,376.0,second,limiting_correlation,1.0,normalized_correlation,1.0
F6,0.1,0.025,10.0,40.0,1.0,calendar_reference_slow_response,illustrative reference convention; not calibrated,1.0.0,calendar_epps_curve,376.5,second,limiting_correlation,1.0,normalized_correlation,1.0
F6,0.1,0.025,10.0,40.0,1.0,calendar_reference_slow_response,illustrative reference convention; not calibrated,1.0.0,calendar_epps_curve,377.0,second,limiting_correlation,1.0,normalized_correlation,1.0
F6,0.1,0.025,10.0,40.0,1.0,calendar_reference_slow_response,illustrative reference convention; not calibrated,1.0.0,calendar_epps_curve,377.5,second,limiting_correlation,1.0,normalized_correlation,1.0
F6,0.1,0.025,10.0,40.0,1.0,calendar_reference_slow_response,illustrative reference convention; not calibrated,1.0.0,calendar_epps_curve,378.0,second,limiting_correlation,1.0,normalized_correlation,1.0
F6,0.1,0.025,10.0,40.0,1.0,calendar_reference_slow_response,illustrative reference convention; not calibrated,1.0.0,calendar_epps_curve,378.5,second,limiting_correlation,1.0,normalized_correlation,1.0
F6,0.1,0.025,10.0,40.0,1.0,calendar_reference_slow_response,illustrative reference convention; not calibrated,1.0.0,calendar_epps_curve,379.0,second,limiting_correlation,1.0,normalized_correlation,1.0
F6,0.1,0.025,10.0,40.0,1.0,calendar_reference_slow_response,illustrative reference convention; not calibrated,1.0.0,calendar_epps_curve,379.5,second,limiting_correlation,1.0,normalized_correlation,1.0
F6,0.1,0.025,10.0,40.0,1.0,calendar_reference_slow_response,illustrative reference convention; not calibrated,1.0.0,calendar_epps_curve,380.0,second,limiting_correlation,1.0,normalized_correlation,1.0
F6,0.1,0.025,10.0,40.0,1.0,calendar_reference_slow_response,illustrative reference convention; not calibrated,1.0.0,calendar_epps_curve,380.5,second,limiting_correlation,1.0,normalized_correlation,1.0
F6,0.1,0.025,10.0,40.0,1.0,calendar_reference_slow_response,illustrative reference convention; not calibrated,1.0.0,calendar_epps_curve,381.0,second,limiting_correlation,1.0,normalized_correlation,1.0
F6,0.1,0.025,10.0,40.0,1.0,calendar_reference_slow_response,illustrative reference convention; not calibrated,1.0.0,calendar_epps_curve,381.5,second,limiting_correlation,1.0,normalized_correlation,1.0
F6,0.1,0.025,10.0,40.0,1.0,calendar_reference_slow_response,illustrative reference convention; not calibrated,1.0.0,calendar_epps_curve,382.0,second,limiting_correlation,1.0,normalized_correlation,1.0
F6,0.1,0.025,10.0,40.0,1.0,calendar_reference_slow_response,illustrative reference convention; not calibrated,1.0.0,calendar_epps_curve,382.5,second,limiting_correlation,1.0,normalized_correlation,1.0
F6,0.1,0.025,10.0,40.0,1.0,calendar_reference_slow_response,illustrative reference convention; not calibrated,1.0.0,calendar_epps_curve,383.0,second,limiting_correlation,1.0,normalized_correlation,1.0
F6,0.1,0.025,10.0,40.0,1.0,calendar_reference_slow_response,illustrative reference convention; not calibrated,1.0.0,calendar_epps_curve,383.5,second,limiting_correlation,1.0,normalized_correlation,1.0
F6,0.1,0.025,10.0,40.0,1.0,calendar_reference_slow_response,illustrative reference convention; not calibrated,1.0.0,calendar_epps_curve,384.0,second,limiting_correlation,1.0,normalized_correlation,1.0
F6,0.1,0.025,10.0,40.0,1.0,calendar_reference_slow_response,illustrative reference convention; not calibrated,1.0.0,calendar_epps_curve,384.5,second,limiting_correlation,1.0,normalized_correlation,1.0
F6,0.1,0.025,10.0,40.0,1.0,calendar_reference_slow_response,illustrative reference convention; not calibrated,1.0.0,calendar_epps_curve,385.0,second,limiting_correlation,1.0,normalized_correlation,1.0
F6,0.1,0.025,10.0,40.0,1.0,calendar_reference_slow_response,illustrative reference convention; not calibrated,1.0.0,calendar_epps_curve,385.5,second,limiting_correlation,1.0,normalized_correlation,1.0
F6,0.1,0.025,10.0,40.0,1.0,calendar_reference_slow_response,illustrative reference convention; not calibrated,1.0.0,calendar_epps_curve,386.0,second,limiting_correlation,1.0,normalized_correlation,1.0
F6,0.1,0.025,10.0,40.0,1.0,calendar_reference_slow_response,illustrative reference convention; not calibrated,1.0.0,calendar_epps_curve,386.5,second,limiting_correlation,1.0,normalized_correlation,1.0
F6,0.1,0.025,10.0,40.0,1.0,calendar_reference_slow_response,illustrative reference convention; not calibrated,1.0.0,calendar_epps_curve,387.0,second,limiting_correlation,1.0,normalized_correlation,1.0
F6,0.1,0.025,10.0,40.0,1.0,calendar_reference_slow_response,illustrative reference convention; not calibrated,1.0.0,calendar_epps_curve,387.5,second,limiting_correlation,1.0,normalized_correlation,1.0
F6,0.1,0.025,10.0,40.0,1.0,calendar_reference_slow_response,illustrative reference convention; not calibrated,1.0.0,calendar_epps_curve,388.0,second,limiting_correlation,1.0,normalized_correlation,1.0
F6,0.1,0.025,10.0,40.0,1.0,calendar_reference_slow_response,illustrative reference convention; not calibrated,1.0.0,calendar_epps_curve,388.5,second,limiting_correlation,1.0,normalized_correlation,1.0
F6,0.1,0.025,10.0,40.0,1.0,calendar_reference_slow_response,illustrative reference convention; not calibrated,1.0.0,calendar_epps_curve,389.0,second,limiting_correlation,1.0,normalized_correlation,1.0
F6,0.1,0.025,10.0,40.0,1.0,calendar_reference_slow_response,illustrative reference convention; not calibrated,1.0.0,calendar_epps_curve,389.5,second,limiting_correlation,1.0,normalized_correlation,1.0
F6,0.1,0.025,10.0,40.0,1.0,calendar_reference_slow_response,illustrative reference convention; not calibrated,1.0.0,calendar_epps_curve,390.0,second,limiting_correlation,1.0,normalized_correlation,1.0
F6,0.1,0.025,10.0,40.0,1.0,calendar_reference_slow_response,illustrative reference convention; not calibrated,1.0.0,calendar_epps_curve,390.5,second,limiting_correlation,1.0,normalized_correlation,1.0
F6,0.1,0.025,10.0,40.0,1.0,calendar_reference_slow_response,illustrative reference convention; not calibrated,1.0.0,calendar_epps_curve,391.0,second,limiting_correlation,1.0,normalized_correlation,1.0
F6,0.1,0.025,10.0,40.0,1.0,calendar_reference_slow_response,illustrative reference convention; not calibrated,1.0.0,calendar_epps_curve,391.5,second,limiting_correlation,1.0,normalized_correlation,1.0
F6,0.1,0.025,10.0,40.0,1.0,calendar_reference_slow_response,illustrative reference convention; not calibrated,1.0.0,calendar_epps_curve,392.0,second,limiting_correlation,1.0,normalized_correlation,1.0
F6,0.1,0.025,10.0,40.0,1.0,calendar_reference_slow_response,illustrative reference convention; not calibrated,1.0.0,calendar_epps_curve,392.5,second,limiting_correlation,1.0,normalized_correlation,1.0
F6,0.1,0.025,10.0,40.0,1.0,calendar_reference_slow_response,illustrative reference convention; not calibrated,1.0.0,calendar_epps_curve,393.0,second,limiting_correlation,1.0,normalized_correlation,1.0
F6,0.1,0.025,10.0,40.0,1.0,calendar_reference_slow_response,illustrative reference convention; not calibrated,1.0.0,calendar_epps_curve,393.5,second,limiting_correlation,1.0,normalized_correlation,1.0
F6,0.1,0.025,10.0,40.0,1.0,calendar_reference_slow_response,illustrative reference convention; not calibrated,1.0.0,calendar_epps_curve,394.0,second,limiting_correlation,1.0,normalized_correlation,1.0
F6,0.1,0.025,10.0,40.0,1.0,calendar_reference_slow_response,illustrative reference convention; not calibrated,1.0.0,calendar_epps_curve,394.5,second,limiting_correlation,1.0,normalized_correlation,1.0
F6,0.1,0.025,10.0,40.0,1.0,calendar_reference_slow_response,illustrative reference convention; not calibrated,1.0.0,calendar_epps_curve,395.0,second,limiting_correlation,1.0,normalized_correlation,1.0
F6,0.1,0.025,10.0,40.0,1.0,calendar_reference_slow_response,illustrative reference convention; not calibrated,1.0.0,calendar_epps_curve,395.5,second,limiting_correlation,1.0,normalized_correlation,1.0
F6,0.1,0.025,10.0,40.0,1.0,calendar_reference_slow_response,illustrative reference convention; not calibrated,1.0.0,calendar_epps_curve,396.0,second,limiting_correlation,1.0,normalized_correlation,1.0
F6,0.1,0.025,10.0,40.0,1.0,calendar_reference_slow_response,illustrative reference convention; not calibrated,1.0.0,calendar_epps_curve,396.5,second,limiting_correlation,1.0,normalized_correlation,1.0
F6,0.1,0.025,10.0,40.0,1.0,calendar_reference_slow_response,illustrative reference convention; not calibrated,1.0.0,calendar_epps_curve,397.0,second,limiting_correlation,1.0,normalized_correlation,1.0
F6,0.1,0.025,10.0,40.0,1.0,calendar_reference_slow_response,illustrative reference convention; not calibrated,1.0.0,calendar_epps_curve,397.5,second,limiting_correlation,1.0,normalized_correlation,1.0
F6,0.1,0.025,10.0,40.0,1.0,calendar_reference_slow_response,illustrative reference convention; not calibrated,1.0.0,calendar_epps_curve,398.0,second,limiting_correlation,1.0,normalized_correlation,1.0
F6,0.1,0.025,10.0,40.0,1.0,calendar_reference_slow_response,illustrative reference convention; not calibrated,1.0.0,calendar_epps_curve,398.5,second,limiting_correlation,1.0,normalized_correlation,1.0
F6,0.1,0.025,10.0,40.0,1.0,calendar_reference_slow_response,illustrative reference convention; not calibrated,1.0.0,calendar_epps_curve,399.0,second,limiting_correlation,1.0,normalized_correlation,1.0
F6,0.1,0.025,10.0,40.0,1.0,calendar_reference_slow_response,illustrative reference convention; not calibrated,1.0.0,calendar_epps_curve,399.5,second,limiting_correlation,1.0,normalized_correlation,1.0
F6,0.1,0.025,10.0,40.0,1.0,calendar_reference_slow_response,illustrative reference convention; not calibrated,1.0.0,calendar_epps_curve,400.0,second,limiting_correlation,1.0,normalized_correlation,1.0
F6,0.1,0.025,10.0,40.0,1.0,calendar_reference_slow_response,illustrative reference convention; not calibrated,1.0.0,calendar_epps_curve,0.0,second,clock,0.0,normalized_correlation,0.0
F6,0.1,0.025,10.0,40.0,1.0,calendar_reference_slow_response,illustrative reference convention; not calibrated,1.0.0,calendar_epps_curve,0.5,second,clock,0.024588490014280207,normalized_correlation,0.024588490014280207
F6,0.1,0.025,10.0,40.0,1.0,calendar_reference_slow_response,illustrative reference convention; not calibrated,1.0.0,calendar_epps_curve,1.0,second,clock,0.04837418035959573,normalized_correlation,0.04837418035959573
F6,0.1,0.025,10.0,40.0,1.0,calendar_reference_slow_response,illustrative reference convention; not calibrated,1.0.0,calendar_epps_curve,1.5,second,clock,0.07138650950038539,normalized_correlation,0.07138650950038539
F6,0.1,0.025,10.0,40.0,1.0,calendar_reference_slow_response,illustrative reference convention; not calibrated,1.0.0,calendar_epps_curve,2.0,second,clock,0.09365376538990933,normalized_correlation,0.09365376538990933
F6,0.1,0.025,10.0,40.0,1.0,calendar_reference_slow_response,illustrative reference convention; not calibrated,1.0.0,calendar_epps_curve,2.5,second,clock,0.11520313228561951,normalized_correlation,0.11520313228561951
F6,0.1,0.025,10.0,40.0,1.0,calendar_reference_slow_response,illustrative reference convention; not calibrated,1.0.0,calendar_epps_curve,3.0,second,clock,0.13606073560572618,normalized_correlation,0.13606073560572618
F6,0.1,0.025,10.0,40.0,1.0,calendar_reference_slow_response,illustrative reference convention; not calibrated,1.0.0,calendar_epps_curve,3.5,second,clock,0.1562516849106097,normalized_correlation,0.1562516849106097
F6,0.1,0.025,10.0,40.0,1.0,calendar_reference_slow_response,illustrative reference convention; not calibrated,1.0.0,calendar_epps_curve,4.0,second,clock,0.1758001150890982,normalized_correlation,0.1758001150890982
F6,0.1,0.025,10.0,40.0,1.0,calendar_reference_slow_response,illustrative reference convention; not calibrated,1.0.0,calendar_epps_curve,4.5,second,clock,0.1947292258261628,normalized_correlation,0.1947292258261628
F6,0.1,0.025,10.0,40.0,1.0,calendar_reference_slow_response,illustrative reference convention; not calibrated,1.0.0,calendar_epps_curve,5.0,second,clock,0.21306131942526685,normalized_correlation,0.21306131942526685
F6,0.1,0.025,10.0,40.0,1.0,calendar_reference_slow_response,illustrative reference convention; not calibrated,1.0.0,calendar_epps_curve,5.5,second,clock,0.23081783705543035,normalized_correlation,0.23081783705543035
F6,0.1,0.025,10.0,40.0,1.0,calendar_reference_slow_response,illustrative reference convention; not calibrated,1.0.0,calendar_epps_curve,6.0,second,clock,0.2480193934900441,normalized_correlation,0.2480193934900441
F6,0.1,0.025,10.0,40.0,1.0,calendar_reference_slow_response,illustrative reference convention; not calibrated,1.0.0,calendar_epps_curve,6.5,second,clock,0.26468581040156314,normalized_correlation,0.26468581040156314
F6,0.1,0.025,10.0,40.0,1.0,calendar_reference_slow_response,illustrative reference convention; not calibrated,1.0.0,calendar_epps_curve,7.0,second,clock,0.2808361482734423,normalized_correlation,0.2808361482734423
F6,0.1,0.025,10.0,40.0,1.0,calendar_reference_slow_response,illustrative reference convention; not calibrated,1.0.0,calendar_epps_curve,7.5,second,clock,0.2964887369880196,normalized_correlation,0.2964887369880196
F6,0.1,0.025,10.0,40.0,1.0,calendar_reference_slow_response,illustrative reference convention; not calibrated,1.0.0,calendar_epps_curve,8.0,second,clock,0.31166120514652695,normalized_correlation,0.31166120514652695
F6,0.1,0.025,10.0,40.0,1.0,calendar_reference_slow_response,illustrative reference convention; not calibrated,1.0.0,calendar_epps_curve,8.5,second,clock,0.3263705081749725,normalized_correlation,0.3263705081749725
F6,0.1,0.025,10.0,40.0,1.0,calendar_reference_slow_response,illustrative reference convention; not calibrated,1.0.0,calendar_epps_curve,9.0,second,clock,0.3406329552673324,normalized_correlation,0.3406329552673324
F6,0.1,0.025,10.0,40.0,1.0,calendar_reference_slow_response,illustrative reference convention; not calibrated,1.0.0,calendar_epps_curve,9.5,second,clock,0.3544642352152645,normalized_correlation,0.3544642352152645
F6,0.1,0.025,10.0,40.0,1.0,calendar_reference_slow_response,illustrative reference convention; not calibrated,1.0.0,calendar_epps_curve,10.0,second,clock,0.36787944117144233,normalized_correlation,0.36787944117144233
F6,0.1,0.025,10.0,40.0,1.0,calendar_reference_slow_response,illustrative reference convention; not calibrated,1.0.0,calendar_epps_curve,10.5,second,clock,0.3808930943915766,normalized_correlation,0.3808930943915766
F6,0.1,0.025,10.0,40.0,1.0,calendar_reference_slow_response,illustrative reference convention; not calibrated,1.0.0,calendar_epps_curve,11.0,second,clock,0.3935191669982542,normalized_correlation,0.3935191669982542
F6,0.1,0.025,10.0,40.0,1.0,calendar_reference_slow_response,illustrative reference convention; not calibrated,1.0.0,calendar_epps_curve,11.5,second,clock,0.4057711038078724,normalized_correlation,0.4057711038078724
F6,0.1,0.025,10.0,40.0,1.0,calendar_reference_slow_response,illustrative reference convention; not calibrated,1.0.0,calendar_epps_curve,12.0,second,clock,0.41766184326016853,normalized_correlation,0.41766184326016853
F6,0.1,0.025,10.0,40.0,1.0,calendar_reference_slow_response,illustrative reference convention; not calibrated,1.0.0,calendar_epps_curve,12.5,second,clock,0.42920383748815216,normalized_correlation,0.42920383748815216
F6,0.1,0.025,10.0,40.0,1.0,calendar_reference_slow_response,illustrative reference convention; not calibrated,1.0.0,calendar_epps_curve,13.0,second,clock,0.44040907156462505,normalized_correlation,0.44040907156462505
F6,0.1,0.025,10.0,40.0,1.0,calendar_reference_slow_response,illustrative reference convention; not calibrated,1.0.0,calendar_epps_curve,13.5,second,clock,0.4512890819599197,normalized_correlation,0.4512890819599197
F6,0.1,0.025,10.0,40.0,1.0,calendar_reference_slow_response,illustrative reference convention; not calibrated,1.0.0,calendar_epps_curve,14.0,second,clock,0.4618549742440047,normalized_correlation,0.4618549742440047
F6,0.1,0.025,10.0,40.0,1.0,calendar_reference_slow_response,illustrative reference convention; not calibrated,1.0.0,calendar_epps_curve,14.5,second,clock,0.47211744006468814,normalized_correlation,0.47211744006468814
F6,0.1,0.025,10.0,40.0,1.0,calendar_reference_slow_response,illustrative reference convention; not calibrated,1.0.0,calendar_epps_curve,15.0,second,clock,0.48208677343228656,normalized_correlation,0.48208677343228656
F6,0.1,0.025,10.0,40.0,1.0,calendar_reference_slow_response,illustrative reference convention; not calibrated,1.0.0,calendar_epps_curve,15.5,second,clock,0.4917728863398343,normalized_correlation,0.4917728863398343
F6,0.1,0.025,10.0,40.0,1.0,calendar_reference_slow_response,illustrative reference convention; not calibrated,1.0.0,calendar_epps_curve,16.0,second,clock,0.5011853237466597,normalized_correlation,0.5011853237466597
F6,0.1,0.025,10.0,40.0,1.0,calendar_reference_slow_response,illustrative reference convention; not calibrated,1.0.0,calendar_epps_curve,16.5,second,clock,0.5103332779519723,normalized_correlation,0.5103332779519723
F6,0.1,0.025,10.0,40.0,1.0,calendar_reference_slow_response,illustrative reference convention; not calibrated,1.0.0,calendar_epps_curve,17.0,second,clock,0.5192256023839616,normalized_correlation,0.5192256023839616
F6,0.1,0.025,10.0,40.0,1.0,calendar_reference_slow_response,illustrative reference convention; not calibrated,1.0.0,calendar_epps_curve,17.5,second,clock,0.5278708248288257,normalized_correlation,0.5278708248288257
F6,0.1,0.025,10.0,40.0,1.0,calendar_reference_slow_response,illustrative reference convention; not calibrated,1.0.0,calendar_epps_curve,18.0,second,clock,0.5362771601231037,normalized_correlation,0.5362771601231037
F6,0.1,0.025,10.0,40.0,1.0,calendar_reference_slow_response,illustrative reference convention; not calibrated,1.0.0,calendar_epps_curve,18.5,second,clock,0.5444525223316906,normalized_correlation,0.5444525223316906
F6,0.1,0.025,10.0,40.0,1.0,calendar_reference_slow_response,illustrative reference convention; not calibrated,1.0.0,calendar_epps_curve,19.0,second,clock,0.5524045364329658,normalized_correlation,0.5524045364329658
F6,0.1,0.025,10.0,40.0,1.0,calendar_reference_slow_response,illustrative reference convention; not calibrated,1.0.0,calendar_epps_curve,19.5,second,clock,0.5601405495315455,normalized_correlation,0.5601405495315455
F6,0.1,0.025,10.0,40.0,1.0,calendar_reference_slow_response,illustrative reference convention; not calibrated,1.0.0,calendar_epps_curve,20.0,second,clock,0.5676676416183064,normalized_correlation,0.5676676416183064
F6,0.1,0.025,10.0,40.0,1.0,calendar_reference_slow_response,illustrative reference convention; not calibrated,1.0.0,calendar_epps_curve,20.5,second,clock,0.5749926358964899,normalized_correlation,0.5749926358964899
F6,0.1,0.025,10.0,40.0,1.0,calendar_reference_slow_response,illustrative reference convention; not calibrated,1.0.0,calendar_epps_curve,21.0,second,clock,0.5821221086918962,normalized_correlation,0.5821221086918962
F6,0.1,0.025,10.0,40.0,1.0,calendar_reference_slow_response,illustrative reference convention; not calibrated,1.0.0,calendar_epps_curve,21.5,second,clock,0.5890623989644173,normalized_correlation,0.5890623989644173
F6,0.1,0.025,10.0,40.0,1.0,calendar_reference_slow_response,illustrative reference convention; not calibrated,1.0.0,calendar_epps_curve,22.0,second,clock,0.5958196174374245,normalized_correlation,0.5958196174374245
F6,0.1,0.025,10.0,40.0,1.0,calendar_reference_slow_response,illustrative reference convention; not calibrated,1.0.0,calendar_epps_curve,22.5,second,clock,0.6023996553608286,normalized_correlation,0.6023996553608286
F6,0.1,0.025,10.0,40.0,1.0,calendar_reference_slow_response,illustrative reference convention; not calibrated,1.0.0,calendar_epps_curve,23.0,second,clock,0.6088081929229582,normalized_correlation,0.6088081929229582
F6,0.1,0.025,10.0,40.0,1.0,calendar_reference_slow_response,illustrative reference convention; not calibrated,1.0.0,calendar_epps_curve,23.5,second,clock,0.6150507073257658,normalized_correlation,0.6150507073257658
F6,0.1,0.025,10.0,40.0,1.0,calendar_reference_slow_response,illustrative reference convention; not calibrated,1.0.0,calendar_epps_curve,24.0,second,clock,0.6211324805372552,normalized_correlation,0.6211324805372552
F6,0.1,0.025,10.0,40.0,1.0,calendar_reference_slow_response,illustrative reference convention; not calibrated,1.0.0,calendar_epps_curve,24.5,second,clock,0.627058606734437,normalized_correlation,0.627058606734437
F6,0.1,0.025,10.0,40.0,1.0,calendar_reference_slow_response,illustrative reference convention; not calibrated,1.0.0,calendar_epps_curve,25.0,second,clock,0.6328339994495595,normalized_correlation,0.6328339994495595
F6,0.1,0.025,10.0,40.0,1.0,calendar_reference_slow_response,illustrative reference convention; not calibrated,1.0.0,calendar_epps_curve,25.5,second,clock,0.6384633984318249,normalized_correlation,0.6384633984318249
F6,0.1,0.025,10.0,40.0,1.0,calendar_reference_slow_response,illustrative reference convention; not calibrated,1.0.0,calendar_epps_curve,26.0,second,clock,0.6439513762362823,normalized_correlation,0.6439513762362823
F6,0.1,0.025,10.0,40.0,1.0,calendar_reference_slow_response,illustrative reference convention; not calibrated,1.0.0,calendar_epps_curve,26.5,second,clock,0.6493023445511055,normalized_correlation,0.6493023445511055
F6,0.1,0.025,10.0,40.0,1.0,calendar_reference_slow_response,illustrative reference convention; not calibrated,1.0.0,calendar_epps_curve,27.0,second,clock,0.6545205602739814,normalized_correlation,0.6545205602739814
F6,0.1,0.025,10.0,40.0,1.0,calendar_reference_slow_response,illustrative reference convention; not calibrated,1.0.0,calendar_epps_curve,27.5,second,clock,0.6596101313478937,normalized_correlation,0.6596101313478937
F6,0.1,0.025,10.0,40.0,1.0,calendar_reference_slow_response,illustrative reference convention; not calibrated,1.0.0,calendar_epps_curve,28.0,second,clock,0.6645750223661493,normalized_correlation,0.6645750223661493
F6,0.1,0.025,10.0,40.0,1.0,calendar_reference_slow_response,illustrative reference convention; not calibrated,1.0.0,calendar_epps_curve,28.5,second,clock,0.6694190599560836,normalized_correlation,0.6694190599560836
F6,0.1,0.025,10.0,40.0,1.0,calendar_reference_slow_response,illustrative reference convention; not calibrated,1.0.0,calendar_epps_curve,29.0,second,clock,0.6741459379504853,normalized_correlation,0.6741459379504853
F6,0.1,0.025,10.0,40.0,1.0,calendar_reference_slow_response,illustrative reference convention; not calibrated,1.0.0,calendar_epps_curve,29.5,second,clock,0.6787592223554009,normalized_correlation,0.6787592223554009
F6,0.1,0.025,10.0,40.0,1.0,calendar_reference_slow_response,illustrative reference convention; not calibrated,1.0.0,calendar_epps_curve,30.0,second,clock,0.6832623561226213,normalized_correlation,0.6832623561226213
F6,0.1,0.025,10.0,40.0,1.0,calendar_reference_slow_response,illustrative reference convention; not calibrated,1.0.0,calendar_epps_curve,30.5,second,clock,0.6876586637348003,normalized_correlation,0.6876586637348003
F6,0.1,0.025,10.0,40.0,1.0,calendar_reference_slow_response,illustrative reference convention; not calibrated,1.0.0,calendar_epps_curve,31.0,second,clock,0.6919513556108251,normalized_correlation,0.6919513556108251
F6,0.1,0.025,10.0,40.0,1.0,calendar_reference_slow_response,illustrative reference convention; not calibrated,1.0.0,calendar_epps_curve,31.5,second,clock,0.6961435323387429,normalized_correlation,0.6961435323387429
F6,0.1,0.025,10.0,40.0,1.0,calendar_reference_slow_response,illustrative reference convention; not calibrated,1.0.0,calendar_epps_curve,32.0,second,clock,0.7002381887432394,normalized_correlation,0.7002381887432394
F6,0.1,0.025,10.0,40.0,1.0,calendar_reference_slow_response,illustrative reference convention; not calibrated,1.0.0,calendar_epps_curve,32.5,second,clock,0.704238217794376,normalized_correlation,0.704238217794376
F6,0.1,0.025,10.0,40.0,1.0,calendar_reference_slow_response,illustrative reference convention; not calibrated,1.0.0,calendar_epps_curve,33.0,second,clock,0.7081464143640122,normalized_correlation,0.7081464143640122
F6,0.1,0.025,10.0,40.0,1.0,calendar_reference_slow_response,illustrative reference convention; not calibrated,1.0.0,calendar_epps_curve,33.5,second,clock,0.7119654788360732,normalized_correlation,0.7119654788360732
F6,0.1,0.025,10.0,40.0,1.0,calendar_reference_slow_response,illustrative reference convention; not calibrated,1.0.0,calendar_epps_curve,34.0,second,clock,0.7156980205765665,normalized_correlation,0.7156980205765665
F6,0.1,0.025,10.0,40.0,1.0,calendar_reference_slow_response,illustrative reference convention; not calibrated,1.0.0,calendar_epps_curve,34.5,second,clock,0.7193465612690052,normalized_correlation,0.7193465612690052
F6,0.1,0.025,10.0,40.0,1.0,calendar_reference_slow_response,illustrative reference convention; not calibrated,1.0.0,calendar_epps_curve,35.0,second,clock,0.7229135381206624,normalized_correlation,0.7229135381206624
F6,0.1,0.025,10.0,40.0,1.0,calendar_reference_slow_response,illustrative reference convention; not calibrated,1.0.0,calendar_epps_curve,35.5,second,clock,0.7264013069448563,normalized_correlation,0.7264013069448563
F6,0.1,0.025,10.0,40.0,1.0,calendar_reference_slow_response,illustrative reference convention; not calibrated,1.0.0,calendar_epps_curve,36.0,second,clock,0.7298121451242479,normalized_correlation,0.7298121451242479
F6,0.1,0.025,10.0,40.0,1.0,calendar_reference_slow_response,illustrative reference convention; not calibrated,1.0.0,calendar_epps_curve,36.5,second,clock,0.733148254459933,normalized_correlation,0.733148254459933
F6,0.1,0.025,10.0,40.0,1.0,calendar_reference_slow_response,illustrative reference convention; not calibrated,1.0.0,calendar_epps_curve,37.0,second,clock,0.7364117639109026,normalized_correlation,0.7364117639109026
F6,0.1,0.025,10.0,40.0,1.0,calendar_reference_slow_response,illustrative reference convention; not calibrated,1.0.0,calendar_epps_curve,37.5,second,clock,0.7396047322282691,normalized_correlation,0.7396047322282691
F6,0.1,0.025,10.0,40.0,1.0,calendar_reference_slow_response,illustrative reference convention; not calibrated,1.0.0,calendar_epps_curve,38.0,second,clock,0.7427291504884646,normalized_correlation,0.7427291504884646
F6,0.1,0.025,10.0,40.0,1.0,calendar_reference_slow_response,illustrative reference convention; not calibrated,1.0.0,calendar_epps_curve,38.5,second,clock,0.7457869445294487,normalized_correlation,0.7457869445294487
F6,0.1,0.025,10.0,40.0,1.0,calendar_reference_slow_response,illustrative reference convention; not calibrated,1.0.0,calendar_epps_curve,39.0,second,clock,0.748779977293796,normalized_correlation,0.748779977293796
F6,0.1,0.025,10.0,40.0,1.0,calendar_reference_slow_response,illustrative reference convention; not calibrated,1.0.0,calendar_epps_curve,39.5,second,clock,0.7517100510823764,normalized_correlation,0.7517100510823764
F6,0.1,0.025,10.0,40.0,1.0,calendar_reference_slow_response,illustrative reference convention; not calibrated,1.0.0,calendar_epps_curve,40.0,second,clock,0.7545789097221836,normalized_correlation,0.7545789097221836
F6,0.1,0.025,10.0,40.0,1.0,calendar_reference_slow_response,illustrative reference convention; not calibrated,1.0.0,calendar_epps_curve,40.5,second,clock,0.7573882406517267,normalized_correlation,0.7573882406517267
F6,0.1,0.025,10.0,40.0,1.0,calendar_reference_slow_response,illustrative reference convention; not calibrated,1.0.0,calendar_epps_curve,41.0,second,clock,0.7601396769272588,normalized_correlation,0.7601396769272588
F6,0.1,0.025,10.0,40.0,1.0,calendar_reference_slow_response,illustrative reference convention; not calibrated,1.0.0,calendar_epps_curve,41.5,second,clock,0.762834799152977,normalized_correlation,0.762834799152977
F6,0.1,0.025,10.0,40.0,1.0,calendar_reference_slow_response,illustrative reference convention; not calibrated,1.0.0,calendar_epps_curve,42.0,second,clock,0.7654751373382089,normalized_correlation,0.7654751373382089
F6,0.1,0.025,10.0,40.0,1.0,calendar_reference_slow_response,illustrative reference convention; not calibrated,1.0.0,calendar_epps_curve,42.5,second,clock,0.7680621726844704,normalized_correlation,0.7680621726844704
F6,0.1,0.025,10.0,40.0,1.0,calendar_reference_slow_response,illustrative reference convention; not calibrated,1.0.0,calendar_epps_curve,43.0,second,clock,0.770597339305163,normalized_correlation,0.770597339305163
F6,0.1,0.025,10.0,40.0,1.0,calendar_reference_slow_response,illustrative reference convention; not calibrated,1.0.0,calendar_epps_curve,43.5,second,clock,0.7730820258805702,normalized_correlation,0.7730820258805702
F6,0.1,0.025,10.0,40.0,1.0,calendar_reference_slow_response,illustrative reference convention; not calibrated,1.0.0,calendar_epps_curve,44.0,second,clock,0.7755175772506974,normalized_correlation,0.7755175772506974
F6,0.1,0.025,10.0,40.0,1.0,calendar_reference_slow_response,illustrative reference convention; not calibrated,1.0.0,calendar_epps_curve,44.5,second,clock,0.7779052959484035,normalized_correlation,0.7779052959484035
F6,0.1,0.025,10.0,40.0,1.0,calendar_reference_slow_response,illustrative reference convention; not calibrated,1.0.0,calendar_epps_curve,45.0,second,clock,0.7802464436751649,normalized_correlation,0.7802464436751649
F6,0.1,0.025,10.0,40.0,1.0,calendar_reference_slow_response,illustrative reference convention; not calibrated,1.0.0,calendar_epps_curve,45.5,second,clock,0.7825422427217259,normalized_correlation,0.7825422427217259
F6,0.1,0.025,10.0,40.0,1.0,calendar_reference_slow_response,illustrative reference convention; not calibrated,1.0.0,calendar_epps_curve,46.0,second,clock,0.7847938773357899,normalized_correlation,0.7847938773357899
F6,0.1,0.025,10.0,40.0,1.0,calendar_reference_slow_response,illustrative reference convention; not calibrated,1.0.0,calendar_epps_curve,46.5,second,clock,0.7870024950388266,normalized_correlation,0.7870024950388266
F6,0.1,0.025,10.0,40.0,1.0,calendar_reference_slow_response,illustrative reference convention; not calibrated,1.0.0,calendar_epps_curve,47.0,second,clock,0.7891692078939778,normalized_correlation,0.7891692078939778
F6,0.1,0.025,10.0,40.0,1.0,calendar_reference_slow_response,illustrative reference convention; not calibrated,1.0.0,calendar_epps_curve,47.5,second,clock,0.7912950937269727,normalized_correlation,0.7912950937269727
F6,0.1,0.025,10.0,40.0,1.0,calendar_reference_slow_response,illustrative reference convention; not calibrated,1.0.0,calendar_epps_curve,48.0,second,clock,0.7933811973018792,normalized_correlation,0.7933811973018792
F6,0.1,0.025,10.0,40.0,1.0,calendar_reference_slow_response,illustrative reference convention; not calibrated,1.0.0,calendar_epps_curve,48.5,second,clock,0.7954285314534486,normalized_correlation,0.7954285314534486
F6,0.1,0.025,10.0,40.0,1.0,calendar_reference_slow_response,illustrative reference convention; not calibrated,1.0.0,calendar_epps_curve,49.0,second,clock,0.7974380781777397,normalized_correlation,0.7974380781777397
F6,0.1,0.025,10.0,40.0,1.0,calendar_reference_slow_response,illustrative reference convention; not calibrated,1.0.0,calendar_epps_curve,49.5,second,clock,0.7994107896826368,normalized_correlation,0.7994107896826368
F6,0.1,0.025,10.0,40.0,1.0,calendar_reference_slow_response,illustrative reference convention; not calibrated,1.0.0,calendar_epps_curve,50.0,second,clock,0.8013475893998171,normalized_correlation,0.8013475893998171
F6,0.1,0.025,10.0,40.0,1.0,calendar_reference_slow_response,illustrative reference convention; not calibrated,1.0.0,calendar_epps_curve,50.5,second,clock,0.8032493729596548,normalized_correlation,0.8032493729596548
F6,0.1,0.025,10.0,40.0,1.0,calendar_reference_slow_response,illustrative reference convention; not calibrated,1.0.0,calendar_epps_curve,51.0,second,clock,0.8051170091304933,normalized_correlation,0.8051170091304933
F6,0.1,0.025,10.0,40.0,1.0,calendar_reference_slow_response,illustrative reference convention; not calibrated,1.0.0,calendar_epps_curve,51.5,second,clock,0.8069513407236587,normalized_correlation,0.8069513407236587
F6,0.1,0.025,10.0,40.0,1.0,calendar_reference_slow_response,illustrative reference convention; not calibrated,1.0.0,calendar_epps_curve,52.0,second,clock,0.808753185465531,normalized_correlation,0.808753185465531
F6,0.1,0.025,10.0,40.0,1.0,calendar_reference_slow_response,illustrative reference convention; not calibrated,1.0.0,calendar_epps_curve,52.5,second,clock,0.8105233368379393,normalized_correlation,0.8105233368379393
F6,0.1,0.025,10.0,40.0,1.0,calendar_reference_slow_response,illustrative reference convention; not calibrated,1.0.0,calendar_epps_curve,53.0,second,clock,0.8122625648880963,normalized_correlation,0.8122625648880963
F6,0.1,0.025,10.0,40.0,1.0,calendar_reference_slow_response,illustrative reference convention; not calibrated,1.0.0,calendar_epps_curve,53.5,second,clock,0.8139716170092358,normalized_correlation,0.8139716170092358
F6,0.1,0.025,10.0,40.0,1.0,calendar_reference_slow_response,illustrative reference convention; not calibrated,1.0.0,calendar_epps_curve,54.0,second,clock,0.8156512186930764,normalized_correlation,0.8156512186930764
F6,0.1,0.025,10.0,40.0,1.0,calendar_reference_slow_response,illustrative reference convention; not calibrated,1.0.0,calendar_epps_curve,54.5,second,clock,0.817302074255184,normalized_correlation,0.817302074255184
F6,0.1,0.025,10.0,40.0,1.0,calendar_reference_slow_response,illustrative reference convention; not calibrated,1.0.0,calendar_epps_curve,55.0,second,clock,0.8189248675342662,normalized_correlation,0.8189248675342662
F6,0.1,0.025,10.0,40.0,1.0,calendar_reference_slow_response,illustrative reference convention; not calibrated,1.0.0,calendar_epps_curve,55.5,second,clock,0.8205202625663921,normalized_correlation,0.8205202625663921
F6,0.1,0.025,10.0,40.0,1.0,calendar_reference_slow_response,illustrative reference convention; not calibrated,1.0.0,calendar_epps_curve,56.0,second,clock,0.8220889042350863,normalized_correlation,0.8220889042350863
F6,0.1,0.025,10.0,40.0,1.0,calendar_reference_slow_response,illustrative reference convention; not calibrated,1.0.0,calendar_epps_curve,56.5,second,clock,0.8236314188982146,normalized_correlation,0.8236314188982146
F6,0.1,0.025,10.0,40.0,1.0,calendar_reference_slow_response,illustrative reference convention; not calibrated,1.0.0,calendar_epps_curve,57.0,second,clock,0.8251484149925388,normalized_correlation,0.8251484149925388
F6,0.1,0.025,10.0,40.0,1.0,calendar_reference_slow_response,illustrative reference convention; not calibrated,1.0.0,calendar_epps_curve,57.5,second,clock,0.8266404836167843,normalized_correlation,0.8266404836167843
F6,0.1,0.025,10.0,40.0,1.0,calendar_reference_slow_response,illustrative reference convention; not calibrated,1.0.0,calendar_epps_curve,58.0,second,clock,0.8281081990940303,normalized_correlation,0.8281081990940303
F6,0.1,0.025,10.0,40.0,1.0,calendar_reference_slow_response,illustrative reference convention; not calibrated,1.0.0,calendar_epps_curve,58.5,second,clock,0.8295521195142032,normalized_correlation,0.8295521195142032
F6,0.1,0.025,10.0,40.0,1.0,calendar_reference_slow_response,illustrative reference convention; not calibrated,1.0.0,calendar_epps_curve,59.0,second,clock,0.8309727872574184,normalized_correlation,0.8309727872574184
F6,0.1,0.025,10.0,40.0,1.0,calendar_reference_slow_response,illustrative reference convention; not calibrated,1.0.0,calendar_epps_curve,59.5,second,clock,0.8323707294988922,normalized_correlation,0.8323707294988922
F6,0.1,0.025,10.0,40.0,1.0,calendar_reference_slow_response,illustrative reference convention; not calibrated,1.0.0,calendar_epps_curve,60.0,second,clock,0.8337464586961111,normalized_correlation,0.8337464586961111
F6,0.1,0.025,10.0,40.0,1.0,calendar_reference_slow_response,illustrative reference convention; not calibrated,1.0.0,calendar_epps_curve,60.5,second,clock,0.835100473058924,normalized_correlation,0.835100473058924
F6,0.1,0.025,10.0,40.0,1.0,calendar_reference_slow_response,illustrative reference convention; not calibrated,1.0.0,calendar_epps_curve,61.0,second,clock,0.8364332570031944,normalized_correlation,0.8364332570031944
F6,0.1,0.025,10.0,40.0,1.0,calendar_reference_slow_response,illustrative reference convention; not calibrated,1.0.0,calendar_epps_curve,61.5,second,clock,0.837745281588624,normalized_correlation,0.837745281588624
F6,0.1,0.025,10.0,40.0,1.0,calendar_reference_slow_response,illustrative reference convention; not calibrated,1.0.0,calendar_epps_curve,62.0,second,clock,0.839037004941338,normalized_correlation,0.839037004941338
F6,0.1,0.025,10.0,40.0,1.0,calendar_reference_slow_response,illustrative reference convention; not calibrated,1.0.0,calendar_epps_curve,62.5,second,clock,0.8403088726617964,normalized_correlation,0.8403088726617964
F6,0.1,0.025,10.0,40.0,1.0,calendar_reference_slow_response,illustrative reference convention; not calibrated,1.0.0,calendar_epps_curve,63.0,second,clock,0.841561318218576,normalized_correlation,0.841561318218576
F6,0.1,0.025,10.0,40.0,1.0,calendar_reference_slow_response,illustrative reference convention; not calibrated,1.0.0,calendar_epps_curve,63.5,second,clock,0.8427947633285451,normalized_correlation,0.8427947633285451
F6,0.1,0.025,10.0,40.0,1.0,calendar_reference_slow_response,illustrative reference convention; not calibrated,1.0.0,calendar_epps_curve,64.0,second,clock,0.8440096183239334,normalized_correlation,0.8440096183239334
F6,0.1,0.025,10.0,40.0,1.0,calendar_reference_slow_response,illustrative reference convention; not calibrated,1.0.0,calendar_epps_curve,64.5,second,clock,0.8452062825067808,normalized_correlation,0.8452062825067808
F6,0.1,0.025,10.0,40.0,1.0,calendar_reference_slow_response,illustrative reference convention; not calibrated,1.0.0,calendar_epps_curve,65.0,second,clock,0.8463851444912274,normalized_correlation,0.8463851444912274
F6,0.1,0.025,10.0,40.0,1.0,calendar_reference_slow_response,illustrative reference convention; not calibrated,1.0.0,calendar_epps_curve,65.5,second,clock,0.8475465825340929,normalized_correlation,0.8475465825340929
F6,0.1,0.025,10.0,40.0,1.0,calendar_reference_slow_response,illustrative reference convention; not calibrated,1.0.0,calendar_epps_curve,66.0,second,clock,0.848690964854174,normalized_correlation,0.848690964854174
F6,0.1,0.025,10.0,40.0,1.0,calendar_reference_slow_response,illustrative reference convention; not calibrated,1.0.0,calendar_epps_curve,66.5,second,clock,0.8498186499406716,normalized_correlation,0.8498186499406716
F6,0.1,0.025,10.0,40.0,1.0,calendar_reference_slow_response,illustrative reference convention; not calibrated,1.0.0,calendar_epps_curve,67.0,second,clock,0.8509299868511453,normalized_correlation,0.8509299868511453
F6,0.1,0.025,10.0,40.0,1.0,calendar_reference_slow_response,illustrative reference convention; not calibrated,1.0.0,calendar_epps_curve,67.5,second,clock,0.8520253154993764,normalized_correlation,0.8520253154993764
F6,0.1,0.025,10.0,40.0,1.0,calendar_reference_slow_response,illustrative reference convention; not calibrated,1.0.0,calendar_epps_curve,68.0,second,clock,0.8531049669335066,normalized_correlation,0.8531049669335066
F6,0.1,0.025,10.0,40.0,1.0,calendar_reference_slow_response,illustrative reference convention; not calibrated,1.0.0,calendar_epps_curve,68.5,second,clock,0.854169263604804,normalized_correlation,0.854169263604804
F6,0.1,0.025,10.0,40.0,1.0,calendar_reference_slow_response,illustrative reference convention; not calibrated,1.0.0,calendar_epps_curve,69.0,second,clock,0.8552185196273984,normalized_correlation,0.8552185196273984
F6,0.1,0.025,10.0,40.0,1.0,calendar_reference_slow_response,illustrative reference convention; not calibrated,1.0.0,calendar_epps_curve,69.5,second,clock,0.8562530410293085,normalized_correlation,0.8562530410293085
F6,0.1,0.025,10.0,40.0,1.0,calendar_reference_slow_response,illustrative reference convention; not calibrated,1.0.0,calendar_epps_curve,70.0,second,clock,0.8572731259950792,normalized_correlation,0.8572731259950792
F6,0.1,0.025,10.0,40.0,1.0,calendar_reference_slow_response,illustrative reference convention; not calibrated,1.0.0,calendar_epps_curve,70.5,second,clock,0.8582790651003273,normalized_correlation,0.8582790651003273
F6,0.1,0.025,10.0,40.0,1.0,calendar_reference_slow_response,illustrative reference convention; not calibrated,1.0.0,calendar_epps_curve,71.0,second,clock,0.8592711415384882,normalized_correlation,0.8592711415384882
F6,0.1,0.025,10.0,40.0,1.0,calendar_reference_slow_response,illustrative reference convention; not calibrated,1.0.0,calendar_epps_curve,71.5,second,clock,0.8602496313400435,normalized_correlation,0.8602496313400435
F6,0.1,0.025,10.0,40.0,1.0,calendar_reference_slow_response,illustrative reference convention; not calibrated,1.0.0,calendar_epps_curve,72.0,second,clock,0.8612148035844968,normalized_correlation,0.8612148035844968
F6,0.1,0.025,10.0,40.0,1.0,calendar_reference_slow_response,illustrative reference convention; not calibrated,1.0.0,calendar_epps_curve,72.5,second,clock,0.8621669206053576,normalized_correlation,0.8621669206053576
F6,0.1,0.025,10.0,40.0,1.0,calendar_reference_slow_response,illustrative reference convention; not calibrated,1.0.0,calendar_epps_curve,73.0,second,clock,0.8631062381883827,normalized_correlation,0.8631062381883827
F6,0.1,0.025,10.0,40.0,1.0,calendar_reference_slow_response,illustrative reference convention; not calibrated,1.0.0,calendar_epps_curve,73.5,second,clock,0.8640330057633137,normalized_correlation,0.8640330057633137
F6,0.1,0.025,10.0,40.0,1.0,calendar_reference_slow_response,illustrative reference convention; not calibrated,1.0.0,calendar_epps_curve,74.0,second,clock,0.8649474665893419,normalized_correlation,0.8649474665893419
F6,0.1,0.025,10.0,40.0,1.0,calendar_reference_slow_response,illustrative reference convention; not calibrated,1.0.0,calendar_epps_curve,74.5,second,clock,0.8658498579345226,normalized_correlation,0.8658498579345226
F6,0.1,0.025,10.0,40.0,1.0,calendar_reference_slow_response,illustrative reference convention; not calibrated,1.0.0,calendar_epps_curve,75.0,second,clock,0.8667404112493531,normalized_correlation,0.8667404112493531
F6,0.1,0.025,10.0,40.0,1.0,calendar_reference_slow_response,illustrative reference convention; not calibrated,1.0.0,calendar_epps_curve,75.5,second,clock,0.8676193523347173,normalized_correlation,0.8676193523347173
F6,0.1,0.025,10.0,40.0,1.0,calendar_reference_slow_response,illustrative reference convention; not calibrated,1.0.0,calendar_epps_curve,76.0,second,clock,0.8684869015044001,normalized_correlation,0.8684869015044001
F6,0.1,0.025,10.0,40.0,1.0,calendar_reference_slow_response,illustrative reference convention; not calibrated,1.0.0,calendar_epps_curve,76.5,second,clock,0.8693432737423559,normalized_correlation,0.8693432737423559
F6,0.1,0.025,10.0,40.0,1.0,calendar_reference_slow_response,illustrative reference convention; not calibrated,1.0.0,calendar_epps_curve,77.0,second,clock,0.8701886788549203,normalized_correlation,0.8701886788549203
F6,0.1,0.025,10.0,40.0,1.0,calendar_reference_slow_response,illustrative reference convention; not calibrated,1.0.0,calendar_epps_curve,77.5,second,clock,0.8710233216181388,normalized_correlation,0.8710233216181388
F6,0.1,0.025,10.0,40.0,1.0,calendar_reference_slow_response,illustrative reference convention; not calibrated,1.0.0,calendar_epps_curve,78.0,second,clock,0.871847401920382,normalized_correlation,0.871847401920382
F6,0.1,0.025,10.0,40.0,1.0,calendar_reference_slow_response,illustrative reference convention; not calibrated,1.0.0,calendar_epps_curve,78.5,second,clock,0.8726611149004144,normalized_correlation,0.8726611149004144
F6,0.1,0.025,10.0,40.0,1.0,calendar_reference_slow_response,illustrative reference convention; not calibrated,1.0.0,calendar_epps_curve,79.0,second,clock,0.8734646510810707,normalized_correlation,0.8734646510810707
F6,0.1,0.025,10.0,40.0,1.0,calendar_reference_slow_response,illustrative reference convention; not calibrated,1.0.0,calendar_epps_curve,79.5,second,clock,0.8742581964986954,normalized_correlation,0.8742581964986954
F6,0.1,0.025,10.0,40.0,1.0,calendar_reference_slow_response,illustrative reference convention; not calibrated,1.0.0,calendar_epps_curve,80.0,second,clock,0.8750419328284879,normalized_correlation,0.8750419328284879
F6,0.1,0.025,10.0,40.0,1.0,calendar_reference_slow_response,illustrative reference convention; not calibrated,1.0.0,calendar_epps_curve,80.5,second,clock,0.8758160375058983,normalized_correlation,0.8758160375058983
F6,0.1,0.025,10.0,40.0,1.0,calendar_reference_slow_response,illustrative reference convention; not calibrated,1.0.0,calendar_epps_curve,81.0,second,clock,0.8765806838442073,normalized_correlation,0.8765806838442073
F6,0.1,0.025,10.0,40.0,1.0,calendar_reference_slow_response,illustrative reference convention; not calibrated,1.0.0,calendar_epps_curve,81.5,second,clock,0.8773360411484207,normalized_correlation,0.8773360411484207
F6,0.1,0.025,10.0,40.0,1.0,calendar_reference_slow_response,illustrative reference convention; not calibrated,1.0.0,calendar_epps_curve,82.0,second,clock,0.8780822748256064,normalized_correlation,0.8780822748256064
F6,0.1,0.025,10.0,40.0,1.0,calendar_reference_slow_response,illustrative reference convention; not calibrated,1.0.0,calendar_epps_curve,82.5,second,clock,0.8788195464917942,normalized_correlation,0.8788195464917942
F6,0.1,0.025,10.0,40.0,1.0,calendar_reference_slow_response,illustrative reference convention; not calibrated,1.0.0,calendar_epps_curve,83.0,second,clock,0.8795480140755552,normalized_correlation,0.8795480140755552
F6,0.1,0.025,10.0,40.0,1.0,calendar_reference_slow_response,illustrative reference convention; not calibrated,1.0.0,calendar_epps_curve,83.5,second,clock,0.8802678319183747,normalized_correlation,0.8802678319183747
F6,0.1,0.025,10.0,40.0,1.0,calendar_reference_slow_response,illustrative reference convention; not calibrated,1.0.0,calendar_epps_curve,84.0,second,clock,0.880979150871926,normalized_correlation,0.880979150871926
F6,0.1,0.025,10.0,40.0,1.0,calendar_reference_slow_response,illustrative reference convention; not calibrated,1.0.0,calendar_epps_curve,84.5,second,clock,0.8816821183923512,normalized_correlation,0.8816821183923512
F6,0.1,0.025,10.0,40.0,1.0,calendar_reference_slow_response,illustrative reference convention; not calibrated,1.0.0,calendar_epps_curve,85.0,second,clock,0.8823768786316483,normalized_correlation,0.8823768786316483
F6,0.1,0.025,10.0,40.0,1.0,calendar_reference_slow_response,illustrative reference convention; not calibrated,1.0.0,calendar_epps_curve,85.5,second,clock,0.8830635725262641,normalized_correlation,0.8830635725262641
F6,0.1,0.025,10.0,40.0,1.0,calendar_reference_slow_response,illustrative reference convention; not calibrated,1.0.0,calendar_epps_curve,86.0,second,clock,0.8837423378829846,normalized_correlation,0.8837423378829846
F6,0.1,0.025,10.0,40.0,1.0,calendar_reference_slow_response,illustrative reference convention; not calibrated,1.0.0,calendar_epps_curve,86.5,second,clock,0.8844133094622147,normalized_correlation,0.8844133094622147
F6,0.1,0.025,10.0,40.0,1.0,calendar_reference_slow_response,illustrative reference convention; not calibrated,1.0.0,calendar_epps_curve,87.0,second,clock,0.8850766190587342,normalized_correlation,0.8850766190587342
F6,0.1,0.025,10.0,40.0,1.0,calendar_reference_slow_response,illustrative reference convention; not calibrated,1.0.0,calendar_epps_curve,87.5,second,clock,0.8857323955800133,normalized_correlation,0.8857323955800133
F6,0.1,0.025,10.0,40.0,1.0,calendar_reference_slow_response,illustrative reference convention; not calibrated,1.0.0,calendar_epps_curve,88.0,second,clock,0.88638076512217,normalized_correlation,0.88638076512217
F6,0.1,0.025,10.0,40.0,1.0,calendar_reference_slow_response,illustrative reference convention; not calibrated,1.0.0,calendar_epps_curve,88.5,second,clock,0.8870218510436471,normalized_correlation,0.8870218510436471
F6,0.1,0.025,10.0,40.0,1.0,calendar_reference_slow_response,illustrative reference convention; not calibrated,1.0.0,calendar_epps_curve,89.0,second,clock,0.8876557740366834,normalized_correlation,0.8876557740366834
F6,0.1,0.025,10.0,40.0,1.0,calendar_reference_slow_response,illustrative reference convention; not calibrated,1.0.0,calendar_epps_curve,89.5,second,clock,0.8882826521966531,normalized_correlation,0.8882826521966531
F6,0.1,0.025,10.0,40.0,1.0,calendar_reference_slow_response,illustrative reference convention; not calibrated,1.0.0,calendar_epps_curve,90.0,second,clock,0.8889026010893429,normalized_correlation,0.8889026010893429
F6,0.1,0.025,10.0,40.0,1.0,calendar_reference_slow_response,illustrative reference convention; not calibrated,1.0.0,calendar_epps_curve,90.5,second,clock,0.8895157338162342,normalized_correlation,0.8895157338162342
F6,0.1,0.025,10.0,40.0,1.0,calendar_reference_slow_response,illustrative reference convention; not calibrated,1.0.0,calendar_epps_curve,91.0,second,clock,0.890122161077856,normalized_correlation,0.890122161077856
F6,0.1,0.025,10.0,40.0,1.0,calendar_reference_slow_response,illustrative reference convention; not calibrated,1.0.0,calendar_epps_curve,91.5,second,clock,0.8907219912352728,normalized_correlation,0.8907219912352728
F6,0.1,0.025,10.0,40.0,1.0,calendar_reference_slow_response,illustrative reference convention; not calibrated,1.0.0,calendar_epps_curve,92.0,second,clock,0.891315330369765,normalized_correlation,0.891315330369765
F6,0.1,0.025,10.0,40.0,1.0,calendar_reference_slow_response,illustrative reference convention; not calibrated,1.0.0,calendar_epps_curve,92.5,second,clock,0.8919022823407634,normalized_correlation,0.8919022823407634
F6,0.1,0.025,10.0,40.0,1.0,calendar_reference_slow_response,illustrative reference convention; not calibrated,1.0.0,calendar_epps_curve,93.0,second,clock,0.8924829488420944,normalized_correlation,0.8924829488420944
F6,0.1,0.025,10.0,40.0,1.0,calendar_reference_slow_response,illustrative reference convention; not calibrated,1.0.0,calendar_epps_curve,93.5,second,clock,0.8930574294565876,normalized_correlation,0.8930574294565876
F6,0.1,0.025,10.0,40.0,1.0,calendar_reference_slow_response,illustrative reference convention; not calibrated,1.0.0,calendar_epps_curve,94.0,second,clock,0.8936258217091018,normalized_correlation,0.8936258217091018
F6,0.1,0.025,10.0,40.0,1.0,calendar_reference_slow_response,illustrative reference convention; not calibrated,1.0.0,calendar_epps_curve,94.5,second,clock,0.8941882211180182,normalized_correlation,0.8941882211180182
F6,0.1,0.025,10.0,40.0,1.0,calendar_reference_slow_response,illustrative reference convention; not calibrated,1.0.0,calendar_epps_curve,95.0,second,clock,0.8947447212452513,normalized_correlation,0.8947447212452513
F6,0.1,0.025,10.0,40.0,1.0,calendar_reference_slow_response,illustrative reference convention; not calibrated,1.0.0,calendar_epps_curve,95.5,second,clock,0.8952954137448238,normalized_correlation,0.8952954137448238
F6,0.1,0.025,10.0,40.0,1.0,calendar_reference_slow_response,illustrative reference convention; not calibrated,1.0.0,calendar_epps_curve,96.0,second,clock,0.8958403884100512,normalized_correlation,0.8958403884100512
F6,0.1,0.025,10.0,40.0,1.0,calendar_reference_slow_response,illustrative reference convention; not calibrated,1.0.0,calendar_epps_curve,96.5,second,clock,0.8963797332193818,normalized_correlation,0.8963797332193818
F6,0.1,0.025,10.0,40.0,1.0,calendar_reference_slow_response,illustrative reference convention; not calibrated,1.0.0,calendar_epps_curve,97.0,second,clock,0.8969135343809334,normalized_correlation,0.8969135343809334
F6,0.1,0.025,10.0,40.0,1.0,calendar_reference_slow_response,illustrative reference convention; not calibrated,1.0.0,calendar_epps_curve,97.5,second,clock,0.8974418763757672,normalized_correlation,0.8974418763757672
F6,0.1,0.025,10.0,40.0,1.0,calendar_reference_slow_response,illustrative reference convention; not calibrated,1.0.0,calendar_epps_curve,98.0,second,clock,0.8979648419999421,normalized_correlation,0.8979648419999421
F6,0.1,0.025,10.0,40.0,1.0,calendar_reference_slow_response,illustrative reference convention; not calibrated,1.0.0,calendar_epps_curve,98.5,second,clock,0.8984825124053823,normalized_correlation,0.8984825124053823
F6,0.1,0.025,10.0,40.0,1.0,calendar_reference_slow_response,illustrative reference convention; not calibrated,1.0.0,calendar_epps_curve,99.0,second,clock,0.8989949671396016,normalized_correlation,0.8989949671396016
F6,0.1,0.025,10.0,40.0,1.0,calendar_reference_slow_response,illustrative reference convention; not calibrated,1.0.0,calendar_epps_curve,99.5,second,clock,0.8995022841843152,normalized_correlation,0.8995022841843152
F6,0.1,0.025,10.0,40.0,1.0,calendar_reference_slow_response,illustrative reference convention; not calibrated,1.0.0,calendar_epps_curve,100.0,second,clock,0.9000045399929762,normalized_correlation,0.9000045399929762
F6,0.1,0.025,10.0,40.0,1.0,calendar_reference_slow_response,illustrative reference convention; not calibrated,1.0.0,calendar_epps_curve,100.5,second,clock,0.9005018095272697,normalized_correlation,0.9005018095272697
F6,0.1,0.025,10.0,40.0,1.0,calendar_reference_slow_response,illustrative reference convention; not calibrated,1.0.0,calendar_epps_curve,101.0,second,clock,0.9009941662925965,normalized_correlation,0.9009941662925965
F6,0.1,0.025,10.0,40.0,1.0,calendar_reference_slow_response,illustrative reference convention; not calibrated,1.0.0,calendar_epps_curve,101.5,second,clock,0.9014816823725789,normalized_correlation,0.9014816823725789
F6,0.1,0.025,10.0,40.0,1.0,calendar_reference_slow_response,illustrative reference convention; not calibrated,1.0.0,calendar_epps_curve,102.0,second,clock,0.901964428462616,normalized_correlation,0.901964428462616
F6,0.1,0.025,10.0,40.0,1.0,calendar_reference_slow_response,illustrative reference convention; not calibrated,1.0.0,calendar_epps_curve,102.5,second,clock,0.902442473902522,normalized_correlation,0.902442473902522
F6,0.1,0.025,10.0,40.0,1.0,calendar_reference_slow_response,illustrative reference convention; not calibrated,1.0.0,calendar_epps_curve,103.0,second,clock,0.9029158867082705,normalized_correlation,0.9029158867082705
F6,0.1,0.025,10.0,40.0,1.0,calendar_reference_slow_response,illustrative reference convention; not calibrated,1.0.0,calendar_epps_curve,103.5,second,clock,0.9033847336028771,normalized_correlation,0.9033847336028771
F6,0.1,0.025,10.0,40.0,1.0,calendar_reference_slow_response,illustrative reference convention; not calibrated,1.0.0,calendar_epps_curve,104.0,second,clock,0.9038490800464432,normalized_correlation,0.9038490800464432
F6,0.1,0.025,10.0,40.0,1.0,calendar_reference_slow_response,illustrative reference convention; not calibrated,1.0.0,calendar_epps_curve,104.5,second,clock,0.9043089902653874,normalized_correlation,0.9043089902653874
F6,0.1,0.025,10.0,40.0,1.0,calendar_reference_slow_response,illustrative reference convention; not calibrated,1.0.0,calendar_epps_curve,105.0,second,clock,0.9047645272808904,normalized_correlation,0.9047645272808904
F6,0.1,0.025,10.0,40.0,1.0,calendar_reference_slow_response,illustrative reference convention; not calibrated,1.0.0,calendar_epps_curve,105.5,second,clock,0.9052157529365752,normalized_correlation,0.9052157529365752
F6,0.1,0.025,10.0,40.0,1.0,calendar_reference_slow_response,illustrative reference convention; not calibrated,1.0.0,calendar_epps_curve,106.0,second,clock,0.9056627279254463,normalized_correlation,0.9056627279254463
F6,0.1,0.025,10.0,40.0,1.0,calendar_reference_slow_response,illustrative reference convention; not calibrated,1.0.0,calendar_epps_curve,106.5,second,clock,0.9061055118161124,normalized_correlation,0.9061055118161124
F6,0.1,0.025,10.0,40.0,1.0,calendar_reference_slow_response,illustrative reference convention; not calibrated,1.0.0,calendar_epps_curve,107.0,second,clock,0.9065441630783097,normalized_correlation,0.9065441630783097
F6,0.1,0.025,10.0,40.0,1.0,calendar_reference_slow_response,illustrative reference convention; not calibrated,1.0.0,calendar_epps_curve,107.5,second,clock,0.9069787391077504,normalized_correlation,0.9069787391077504
F6,0.1,0.025,10.0,40.0,1.0,calendar_reference_slow_response,illustrative reference convention; not calibrated,1.0.0,calendar_epps_curve,108.0,second,clock,0.9074092962503159,normalized_correlation,0.9074092962503159
F6,0.1,0.025,10.0,40.0,1.0,calendar_reference_slow_response,illustrative reference convention; not calibrated,1.0.0,calendar_epps_curve,108.5,second,clock,0.907835889825612,normalized_correlation,0.907835889825612
F6,0.1,0.025,10.0,40.0,1.0,calendar_reference_slow_response,illustrative reference convention; not calibrated,1.0.0,calendar_epps_curve,109.0,second,clock,0.9082585741499078,normalized_correlation,0.9082585741499078
F6,0.1,0.025,10.0,40.0,1.0,calendar_reference_slow_response,illustrative reference convention; not calibrated,1.0.0,calendar_epps_curve,109.5,second,clock,0.908677402558475,normalized_correlation,0.908677402558475
F6,0.1,0.025,10.0,40.0,1.0,calendar_reference_slow_response,illustrative reference convention; not calibrated,1.0.0,calendar_epps_curve,110.0,second,clock,0.9090924274273445,normalized_correlation,0.9090924274273445
F6,0.1,0.025,10.0,40.0,1.0,calendar_reference_slow_response,illustrative reference convention; not calibrated,1.0.0,calendar_epps_curve,110.5,second,clock,0.9095037001945006,normalized_correlation,0.9095037001945006
F6,0.1,0.025,10.0,40.0,1.0,calendar_reference_slow_response,illustrative reference convention; not calibrated,1.0.0,calendar_epps_curve,111.0,second,clock,0.9099112713805243,normalized_correlation,0.9099112713805243
F6,0.1,0.025,10.0,40.0,1.0,calendar_reference_slow_response,illustrative reference convention; not calibrated,1.0.0,calendar_epps_curve,111.5,second,clock,0.9103151906087076,normalized_correlation,0.9103151906087076
F6,0.1,0.025,10.0,40.0,1.0,calendar_reference_slow_response,illustrative reference convention; not calibrated,1.0.0,calendar_epps_curve,112.0,second,clock,0.9107155066246487,normalized_correlation,0.9107155066246487
F6,0.1,0.025,10.0,40.0,1.0,calendar_reference_slow_response,illustrative reference convention; not calibrated,1.0.0,calendar_epps_curve,112.5,second,clock,0.911112267315347,normalized_correlation,0.911112267315347
F6,0.1,0.025,10.0,40.0,1.0,calendar_reference_slow_response,illustrative reference convention; not calibrated,1.0.0,calendar_epps_curve,113.0,second,clock,0.9115055197278108,normalized_correlation,0.9115055197278108
F6,0.1,0.025,10.0,40.0,1.0,calendar_reference_slow_response,illustrative reference convention; not calibrated,1.0.0,calendar_epps_curve,113.5,second,clock,0.9118953100871916,normalized_correlation,0.9118953100871916
F6,0.1,0.025,10.0,40.0,1.0,calendar_reference_slow_response,illustrative reference convention; not calibrated,1.0.0,calendar_epps_curve,114.0,second,clock,0.9122816838144598,normalized_correlation,0.9122816838144598
F6,0.1,0.025,10.0,40.0,1.0,calendar_reference_slow_response,illustrative reference convention; not calibrated,1.0.0,calendar_epps_curve,114.5,second,clock,0.9126646855436336,normalized_correlation,0.9126646855436336
F6,0.1,0.025,10.0,40.0,1.0,calendar_reference_slow_response,illustrative reference convention; not calibrated,1.0.0,calendar_epps_curve,115.0,second,clock,0.9130443591385737,normalized_correlation,0.9130443591385737
F6,0.1,0.025,10.0,40.0,1.0,calendar_reference_slow_response,illustrative reference convention; not calibrated,1.0.0,calendar_epps_curve,115.5,second,clock,0.9134207477093597,normalized_correlation,0.9134207477093597
F6,0.1,0.025,10.0,40.0,1.0,calendar_reference_slow_response,illustrative reference convention; not calibrated,1.0.0,calendar_epps_curve,116.0,second,clock,0.9137938936282531,normalized_correlation,0.9137938936282531
F6,0.1,0.025,10.0,40.0,1.0,calendar_reference_slow_response,illustrative reference convention; not calibrated,1.0.0,calendar_epps_curve,116.5,second,clock,0.9141638385452672,normalized_correlation,0.9141638385452672
F6,0.1,0.025,10.0,40.0,1.0,calendar_reference_slow_response,illustrative reference convention; not calibrated,1.0.0,calendar_epps_curve,117.0,second,clock,0.9145306234033471,normalized_correlation,0.9145306234033471
F6,0.1,0.025,10.0,40.0,1.0,calendar_reference_slow_response,illustrative reference convention; not calibrated,1.0.0,calendar_epps_curve,117.5,second,clock,0.9148942884531768,normalized_correlation,0.9148942884531768
F6,0.1,0.025,10.0,40.0,1.0,calendar_reference_slow_response,illustrative reference convention; not calibrated,1.0.0,calendar_epps_curve,118.0,second,clock,0.9152548732676199,normalized_correlation,0.9152548732676199
F6,0.1,0.025,10.0,40.0,1.0,calendar_reference_slow_response,illustrative reference convention; not calibrated,1.0.0,calendar_epps_curve,118.5,second,clock,0.9156124167558065,normalized_correlation,0.9156124167558065
F6,0.1,0.025,10.0,40.0,1.0,calendar_reference_slow_response,illustrative reference convention; not calibrated,1.0.0,calendar_epps_curve,119.0,second,clock,0.9159669571768746,normalized_correlation,0.9159669571768746
F6,0.1,0.025,10.0,40.0,1.0,calendar_reference_slow_response,illustrative reference convention; not calibrated,1.0.0,calendar_epps_curve,119.5,second,clock,0.9163185321533771,normalized_correlation,0.9163185321533771
F6,0.1,0.025,10.0,40.0,1.0,calendar_reference_slow_response,illustrative reference convention; not calibrated,1.0.0,calendar_epps_curve,120.0,second,clock,0.9166671786843628,normalized_correlation,0.9166671786843628
F6,0.1,0.025,10.0,40.0,1.0,calendar_reference_slow_response,illustrative reference convention; not calibrated,1.0.0,calendar_epps_curve,120.5,second,clock,0.9170129331581395,normalized_correlation,0.9170129331581395
F6,0.1,0.025,10.0,40.0,1.0,calendar_reference_slow_response,illustrative reference convention; not calibrated,1.0.0,calendar_epps_curve,121.0,second,clock,0.9173558313647308,normalized_correlation,0.9173558313647308
F6,0.1,0.025,10.0,40.0,1.0,calendar_reference_slow_response,illustrative reference convention; not calibrated,1.0.0,calendar_epps_curve,121.5,second,clock,0.9176959085080314,normalized_correlation,0.9176959085080314
F6,0.1,0.025,10.0,40.0,1.0,calendar_reference_slow_response,illustrative reference convention; not calibrated,1.0.0,calendar_epps_curve,122.0,second,clock,0.9180331992176727,normalized_correlation,0.9180331992176727
F6,0.1,0.025,10.0,40.0,1.0,calendar_reference_slow_response,illustrative reference convention; not calibrated,1.0.0,calendar_epps_curve,122.5,second,clock,0.9183677375606034,normalized_correlation,0.9183677375606034
F6,0.1,0.025,10.0,40.0,1.0,calendar_reference_slow_response,illustrative reference convention; not calibrated,1.0.0,calendar_epps_curve,123.0,second,clock,0.9186995570523954,normalized_correlation,0.9186995570523954
F6,0.1,0.025,10.0,40.0,1.0,calendar_reference_slow_response,illustrative reference convention; not calibrated,1.0.0,calendar_epps_curve,123.5,second,clock,0.9190286906682806,normalized_correlation,0.9190286906682806
F6,0.1,0.025,10.0,40.0,1.0,calendar_reference_slow_response,illustrative reference convention; not calibrated,1.0.0,calendar_epps_curve,124.0,second,clock,0.919355170853928,normalized_correlation,0.919355170853928
F6,0.1,0.025,10.0,40.0,1.0,calendar_reference_slow_response,illustrative reference convention; not calibrated,1.0.0,calendar_epps_curve,124.5,second,clock,0.9196790295359651,normalized_correlation,0.9196790295359651
F6,0.1,0.025,10.0,40.0,1.0,calendar_reference_slow_response,illustrative reference convention; not calibrated,1.0.0,calendar_epps_curve,125.0,second,clock,0.9200002981322537,normalized_correlation,0.9200002981322537
F6,0.1,0.025,10.0,40.0,1.0,calendar_reference_slow_response,illustrative reference convention; not calibrated,1.0.0,calendar_epps_curve,125.5,second,clock,0.9203190075619245,normalized_correlation,0.9203190075619245
F6,0.1,0.025,10.0,40.0,1.0,calendar_reference_slow_response,illustrative reference convention; not calibrated,1.0.0,calendar_epps_curve,126.0,second,clock,0.9206351882551773,normalized_correlation,0.9206351882551773
F6,0.1,0.025,10.0,40.0,1.0,calendar_reference_slow_response,illustrative reference convention; not calibrated,1.0.0,calendar_epps_curve,126.5,second,clock,0.9209488701628545,normalized_correlation,0.9209488701628545
F6,0.1,0.025,10.0,40.0,1.0,calendar_reference_slow_response,illustrative reference convention; not calibrated,1.0.0,calendar_epps_curve,127.0,second,clock,0.921260082765792,normalized_correlation,0.921260082765792
F6,0.1,0.025,10.0,40.0,1.0,calendar_reference_slow_response,illustrative reference convention; not calibrated,1.0.0,calendar_epps_curve,127.5,second,clock,0.9215688550839536,normalized_correlation,0.9215688550839536
F6,0.1,0.025,10.0,40.0,1.0,calendar_reference_slow_response,illustrative reference convention; not calibrated,1.0.0,calendar_epps_curve,128.0,second,clock,0.9218752156853571,normalized_correlation,0.9218752156853571
F6,0.1,0.025,10.0,40.0,1.0,calendar_reference_slow_response,illustrative reference convention; not calibrated,1.0.0,calendar_epps_curve,128.5,second,clock,0.9221791926947942,normalized_correlation,0.9221791926947942
F6,0.1,0.025,10.0,40.0,1.0,calendar_reference_slow_response,illustrative reference convention; not calibrated,1.0.0,calendar_epps_curve,129.0,second,clock,0.9224808138023508,normalized_correlation,0.9224808138023508
F6,0.1,0.025,10.0,40.0,1.0,calendar_reference_slow_response,illustrative reference convention; not calibrated,1.0.0,calendar_epps_curve,129.5,second,clock,0.9227801062717355,normalized_correlation,0.9227801062717355
F6,0.1,0.025,10.0,40.0,1.0,calendar_reference_slow_response,illustrative reference convention; not calibrated,1.0.0,calendar_epps_curve,130.0,second,clock,0.9230770969484159,normalized_correlation,0.9230770969484159
F6,0.1,0.025,10.0,40.0,1.0,calendar_reference_slow_response,illustrative reference convention; not calibrated,1.0.0,calendar_epps_curve,130.5,second,clock,0.923371812267574,normalized_correlation,0.923371812267574
F6,0.1,0.025,10.0,40.0,1.0,calendar_reference_slow_response,illustrative reference convention; not calibrated,1.0.0,calendar_epps_curve,131.0,second,clock,0.9236642782618798,normalized_correlation,0.9236642782618798
F6,0.1,0.025,10.0,40.0,1.0,calendar_reference_slow_response,illustrative reference convention; not calibrated,1.0.0,calendar_epps_curve,131.5,second,clock,0.9239545205690912,normalized_correlation,0.9239545205690912
F6,0.1,0.025,10.0,40.0,1.0,calendar_reference_slow_response,illustrative reference convention; not calibrated,1.0.0,calendar_epps_curve,132.0,second,clock,0.9242425644394847,normalized_correlation,0.9242425644394847
F6,0.1,0.025,10.0,40.0,1.0,calendar_reference_slow_response,illustrative reference convention; not calibrated,1.0.0,calendar_epps_curve,132.5,second,clock,0.9245284347431179,normalized_correlation,0.9245284347431179
F6,0.1,0.025,10.0,40.0,1.0,calendar_reference_slow_response,illustrative reference convention; not calibrated,1.0.0,calendar_epps_curve,133.0,second,clock,0.924812155976933,normalized_correlation,0.924812155976933
F6,0.1,0.025,10.0,40.0,1.0,calendar_reference_slow_response,illustrative reference convention; not calibrated,1.0.0,calendar_epps_curve,133.5,second,clock,0.9250937522717013,normalized_correlation,0.9250937522717013
F6,0.1,0.025,10.0,40.0,1.0,calendar_reference_slow_response,illustrative reference convention; not calibrated,1.0.0,calendar_epps_curve,134.0,second,clock,0.9253732473988143,normalized_correlation,0.9253732473988143
F6,0.1,0.025,10.0,40.0,1.0,calendar_reference_slow_response,illustrative reference convention; not calibrated,1.0.0,calendar_epps_curve,134.5,second,clock,0.9256506647769265,normalized_correlation,0.9256506647769265
F6,0.1,0.025,10.0,40.0,1.0,calendar_reference_slow_response,illustrative reference convention; not calibrated,1.0.0,calendar_epps_curve,135.0,second,clock,0.9259260274784509,normalized_correlation,0.9259260274784509
F6,0.1,0.025,10.0,40.0,1.0,calendar_reference_slow_response,illustrative reference convention; not calibrated,1.0.0,calendar_epps_curve,135.5,second,clock,0.9261993582359132,normalized_correlation,0.9261993582359132
F6,0.1,0.025,10.0,40.0,1.0,calendar_reference_slow_response,illustrative reference convention; not calibrated,1.0.0,calendar_epps_curve,136.0,second,clock,0.9264706794481676,normalized_correlation,0.9264706794481676
F6,0.1,0.025,10.0,40.0,1.0,calendar_reference_slow_response,illustrative reference convention; not calibrated,1.0.0,calendar_epps_curve,136.5,second,clock,0.9267400131864777,normalized_correlation,0.9267400131864777
F6,0.1,0.025,10.0,40.0,1.0,calendar_reference_slow_response,illustrative reference convention; not calibrated,1.0.0,calendar_epps_curve,137.0,second,clock,0.9270073812004647,normalized_correlation,0.9270073812004647
F6,0.1,0.025,10.0,40.0,1.0,calendar_reference_slow_response,illustrative reference convention; not calibrated,1.0.0,calendar_epps_curve,137.5,second,clock,0.927272804923928,normalized_correlation,0.927272804923928
F6,0.1,0.025,10.0,40.0,1.0,calendar_reference_slow_response,illustrative reference convention; not calibrated,1.0.0,calendar_epps_curve,138.0,second,clock,0.9275363054805414,normalized_correlation,0.9275363054805414
F6,0.1,0.025,10.0,40.0,1.0,calendar_reference_slow_response,illustrative reference convention; not calibrated,1.0.0,calendar_epps_curve,138.5,second,clock,0.9277979036894253,normalized_correlation,0.9277979036894253
F6,0.1,0.025,10.0,40.0,1.0,calendar_reference_slow_response,illustrative reference convention; not calibrated,1.0.0,calendar_epps_curve,139.0,second,clock,0.9280576200706013,normalized_correlation,0.9280576200706013
F6,0.1,0.025,10.0,40.0,1.0,calendar_reference_slow_response,illustrative reference convention; not calibrated,1.0.0,calendar_epps_curve,139.5,second,clock,0.9283154748503304,normalized_correlation,0.9283154748503304
F6,0.1,0.025,10.0,40.0,1.0,calendar_reference_slow_response,illustrative reference convention; not calibrated,1.0.0,calendar_epps_curve,140.0,second,clock,0.928571487966337,normalized_correlation,0.928571487966337
F6,0.1,0.025,10.0,40.0,1.0,calendar_reference_slow_response,illustrative reference convention; not calibrated,1.0.0,calendar_epps_curve,140.5,second,clock,0.9288256790729242,normalized_correlation,0.9288256790729242
F6,0.1,0.025,10.0,40.0,1.0,calendar_reference_slow_response,illustrative reference convention; not calibrated,1.0.0,calendar_epps_curve,141.0,second,clock,0.9290780675459787,normalized_correlation,0.9290780675459787
F6,0.1,0.025,10.0,40.0,1.0,calendar_reference_slow_response,illustrative reference convention; not calibrated,1.0.0,calendar_epps_curve,141.5,second,clock,0.9293286724878729,normalized_correlation,0.9293286724878729
F6,0.1,0.025,10.0,40.0,1.0,calendar_reference_slow_response,illustrative reference convention; not calibrated,1.0.0,calendar_epps_curve,142.0,second,clock,0.929577512732263,normalized_correlation,0.929577512732263
F6,0.1,0.025,10.0,40.0,1.0,calendar_reference_slow_response,illustrative reference convention; not calibrated,1.0.0,calendar_epps_curve,142.5,second,clock,0.9298246068487872,normalized_correlation,0.9298246068487872
F6,0.1,0.025,10.0,40.0,1.0,calendar_reference_slow_response,illustrative reference convention; not calibrated,1.0.0,calendar_epps_curve,143.0,second,clock,0.9300699731476662,normalized_correlation,0.9300699731476662
F6,0.1,0.025,10.0,40.0,1.0,calendar_reference_slow_response,illustrative reference convention; not calibrated,1.0.0,calendar_epps_curve,143.5,second,clock,0.930313629684208,normalized_correlation,0.930313629684208
F6,0.1,0.025,10.0,40.0,1.0,calendar_reference_slow_response,illustrative reference convention; not calibrated,1.0.0,calendar_epps_curve,144.0,second,clock,0.9305555942632201,normalized_correlation,0.9305555942632201
F6,0.1,0.025,10.0,40.0,1.0,calendar_reference_slow_response,illustrative reference convention; not calibrated,1.0.0,calendar_epps_curve,144.5,second,clock,0.9307958844433302,normalized_correlation,0.9307958844433302
F6,0.1,0.025,10.0,40.0,1.0,calendar_reference_slow_response,illustrative reference convention; not calibrated,1.0.0,calendar_epps_curve,145.0,second,clock,0.9310345175412181,normalized_correlation,0.9310345175412181
F6,0.1,0.025,10.0,40.0,1.0,calendar_reference_slow_response,illustrative reference convention; not calibrated,1.0.0,calendar_epps_curve,145.5,second,clock,0.931271510635762,normalized_correlation,0.931271510635762
F6,0.1,0.025,10.0,40.0,1.0,calendar_reference_slow_response,illustrative reference convention; not calibrated,1.0.0,calendar_epps_curve,146.0,second,clock,0.9315068805720984,normalized_correlation,0.9315068805720984
F6,0.1,0.025,10.0,40.0,1.0,calendar_reference_slow_response,illustrative reference convention; not calibrated,1.0.0,calendar_epps_curve,146.5,second,clock,0.9317406439656011,normalized_correlation,0.9317406439656011
F6,0.1,0.025,10.0,40.0,1.0,calendar_reference_slow_response,illustrative reference convention; not calibrated,1.0.0,calendar_epps_curve,147.0,second,clock,0.9319728172057784,normalized_correlation,0.9319728172057784
F6,0.1,0.025,10.0,40.0,1.0,calendar_reference_slow_response,illustrative reference convention; not calibrated,1.0.0,calendar_epps_curve,147.5,second,clock,0.9322034164600919,normalized_correlation,0.9322034164600919
F6,0.1,0.025,10.0,40.0,1.0,calendar_reference_slow_response,illustrative reference convention; not calibrated,1.0.0,calendar_epps_curve,148.0,second,clock,0.9324324576776986,normalized_correlation,0.9324324576776986
F6,0.1,0.025,10.0,40.0,1.0,calendar_reference_slow_response,illustrative reference convention; not calibrated,1.0.0,calendar_epps_curve,148.5,second,clock,0.9326599565931173,normalized_correlation,0.9326599565931173
F6,0.1,0.025,10.0,40.0,1.0,calendar_reference_slow_response,illustrative reference convention; not calibrated,1.0.0,calendar_epps_curve,149.0,second,clock,0.932885928729822,normalized_correlation,0.932885928729822
F6,0.1,0.025,10.0,40.0,1.0,calendar_reference_slow_response,illustrative reference convention; not calibrated,1.0.0,calendar_epps_curve,149.5,second,clock,0.9331103894037638,normalized_correlation,0.9331103894037638
F6,0.1,0.025,10.0,40.0,1.0,calendar_reference_slow_response,illustrative reference convention; not calibrated,1.0.0,calendar_epps_curve,150.0,second,clock,0.9333333537268214,normalized_correlation,0.9333333537268214
F6,0.1,0.025,10.0,40.0,1.0,calendar_reference_slow_response,illustrative reference convention; not calibrated,1.0.0,calendar_epps_curve,150.5,second,clock,0.9335548366101852,normalized_correlation,0.9335548366101852
F6,0.1,0.025,10.0,40.0,1.0,calendar_reference_slow_response,illustrative reference convention; not calibrated,1.0.0,calendar_epps_curve,151.0,second,clock,0.9337748527676732,normalized_correlation,0.9337748527676732
F6,0.1,0.025,10.0,40.0,1.0,calendar_reference_slow_response,illustrative reference convention; not calibrated,1.0.0,calendar_epps_curve,151.5,second,clock,0.9339934167189814,normalized_correlation,0.9339934167189814
F6,0.1,0.025,10.0,40.0,1.0,calendar_reference_slow_response,illustrative reference convention; not calibrated,1.0.0,calendar_epps_curve,152.0,second,clock,0.9342105427928709,normalized_correlation,0.9342105427928709
F6,0.1,0.025,10.0,40.0,1.0,calendar_reference_slow_response,illustrative reference convention; not calibrated,1.0.0,calendar_epps_curve,152.5,second,clock,0.9344262451302929,normalized_correlation,0.9344262451302929
F6,0.1,0.025,10.0,40.0,1.0,calendar_reference_slow_response,illustrative reference convention; not calibrated,1.0.0,calendar_epps_curve,153.0,second,clock,0.9346405376874518,normalized_correlation,0.9346405376874518
F6,0.1,0.025,10.0,40.0,1.0,calendar_reference_slow_response,illustrative reference convention; not calibrated,1.0.0,calendar_epps_curve,153.5,second,clock,0.9348534342388093,normalized_correlation,0.9348534342388093
F6,0.1,0.025,10.0,40.0,1.0,calendar_reference_slow_response,illustrative reference convention; not calibrated,1.0.0,calendar_epps_curve,154.0,second,clock,0.9350649483800297,normalized_correlation,0.9350649483800297
F6,0.1,0.025,10.0,40.0,1.0,calendar_reference_slow_response,illustrative reference convention; not calibrated,1.0.0,calendar_epps_curve,154.5,second,clock,0.9352750935308694,normalized_correlation,0.9352750935308694
F6,0.1,0.025,10.0,40.0,1.0,calendar_reference_slow_response,illustrative reference convention; not calibrated,1.0.0,calendar_epps_curve,155.0,second,clock,0.9354838829380088,normalized_correlation,0.9354838829380088
F6,0.1,0.025,10.0,40.0,1.0,calendar_reference_slow_response,illustrative reference convention; not calibrated,1.0.0,calendar_epps_curve,155.5,second,clock,0.9356913296778319,normalized_correlation,0.9356913296778319
F6,0.1,0.025,10.0,40.0,1.0,calendar_reference_slow_response,illustrative reference convention; not calibrated,1.0.0,calendar_epps_curve,156.0,second,clock,0.9358974466591509,normalized_correlation,0.9358974466591509
F6,0.1,0.025,10.0,40.0,1.0,calendar_reference_slow_response,illustrative reference convention; not calibrated,1.0.0,calendar_epps_curve,156.5,second,clock,0.9361022466258795,normalized_correlation,0.9361022466258795
F6,0.1,0.025,10.0,40.0,1.0,calendar_reference_slow_response,illustrative reference convention; not calibrated,1.0.0,calendar_epps_curve,157.0,second,clock,0.9363057421596559,normalized_correlation,0.9363057421596559
F6,0.1,0.025,10.0,40.0,1.0,calendar_reference_slow_response,illustrative reference convention; not calibrated,1.0.0,calendar_epps_curve,157.5,second,clock,0.9365079456824142,normalized_correlation,0.9365079456824142
F6,0.1,0.025,10.0,40.0,1.0,calendar_reference_slow_response,illustrative reference convention; not calibrated,1.0.0,calendar_epps_curve,158.0,second,clock,0.9367088694589096,normalized_correlation,0.9367088694589096
F6,0.1,0.025,10.0,40.0,1.0,calendar_reference_slow_response,illustrative reference convention; not calibrated,1.0.0,calendar_epps_curve,158.5,second,clock,0.9369085255991937,normalized_correlation,0.9369085255991937
F6,0.1,0.025,10.0,40.0,1.0,calendar_reference_slow_response,illustrative reference convention; not calibrated,1.0.0,calendar_epps_curve,159.0,second,clock,0.9371069260610442,normalized_correlation,0.9371069260610442
F6,0.1,0.025,10.0,40.0,1.0,calendar_reference_slow_response,illustrative reference convention; not calibrated,1.0.0,calendar_epps_curve,159.5,second,clock,0.9373040826523497,normalized_correlation,0.9373040826523497
F6,0.1,0.025,10.0,40.0,1.0,calendar_reference_slow_response,illustrative reference convention; not calibrated,1.0.0,calendar_epps_curve,160.0,second,clock,0.9375000070334484,normalized_correlation,0.9375000070334484
F6,0.1,0.025,10.0,40.0,1.0,calendar_reference_slow_response,illustrative reference convention; not calibrated,1.0.0,calendar_epps_curve,160.5,second,clock,0.9376947107194249,normalized_correlation,0.9376947107194249
F6,0.1,0.025,10.0,40.0,1.0,calendar_reference_slow_response,illustrative reference convention; not calibrated,1.0.0,calendar_epps_curve,161.0,second,clock,0.9378882050823626,normalized_correlation,0.9378882050823626
F6,0.1,0.025,10.0,40.0,1.0,calendar_reference_slow_response,illustrative reference convention; not calibrated,1.0.0,calendar_epps_curve,161.5,second,clock,0.9380805013535556,normalized_correlation,0.9380805013535556
F6,0.1,0.025,10.0,40.0,1.0,calendar_reference_slow_response,illustrative reference convention; not calibrated,1.0.0,calendar_epps_curve,162.0,second,clock,0.9382716106256795,normalized_correlation,0.9382716106256795
F6,0.1,0.025,10.0,40.0,1.0,calendar_reference_slow_response,illustrative reference convention; not calibrated,1.0.0,calendar_epps_curve,162.5,second,clock,0.938461543854922,normalized_correlation,0.938461543854922
F6,0.1,0.025,10.0,40.0,1.0,calendar_reference_slow_response,illustrative reference convention; not calibrated,1.0.0,calendar_epps_curve,163.0,second,clock,0.9386503118630741,normalized_correlation,0.9386503118630741
F6,0.1,0.025,10.0,40.0,1.0,calendar_reference_slow_response,illustrative reference convention; not calibrated,1.0.0,calendar_epps_curve,163.5,second,clock,0.938837925339584,normalized_correlation,0.938837925339584
F6,0.1,0.025,10.0,40.0,1.0,calendar_reference_slow_response,illustrative reference convention; not calibrated,1.0.0,calendar_epps_curve,164.0,second,clock,0.9390243948435721,normalized_correlation,0.9390243948435721
F6,0.1,0.025,10.0,40.0,1.0,calendar_reference_slow_response,illustrative reference convention; not calibrated,1.0.0,calendar_epps_curve,164.5,second,clock,0.9392097308058113,normalized_correlation,0.9392097308058113
F6,0.1,0.025,10.0,40.0,1.0,calendar_reference_slow_response,illustrative reference convention; not calibrated,1.0.0,calendar_epps_curve,165.0,second,clock,0.9393939435306687,normalized_correlation,0.9393939435306687
F6,0.1,0.025,10.0,40.0,1.0,calendar_reference_slow_response,illustrative reference convention; not calibrated,1.0.0,calendar_epps_curve,165.5,second,clock,0.9395770431980149,normalized_correlation,0.9395770431980149
F6,0.1,0.025,10.0,40.0,1.0,calendar_reference_slow_response,illustrative reference convention; not calibrated,1.0.0,calendar_epps_curve,166.0,second,clock,0.9397590398650972,normalized_correlation,0.9397590398650972
F6,0.1,0.025,10.0,40.0,1.0,calendar_reference_slow_response,illustrative reference convention; not calibrated,1.0.0,calendar_epps_curve,166.5,second,clock,0.9399399434683792,normalized_correlation,0.9399399434683792
F6,0.1,0.025,10.0,40.0,1.0,calendar_reference_slow_response,illustrative reference convention; not calibrated,1.0.0,calendar_epps_curve,167.0,second,clock,0.9401197638253481,normalized_correlation,0.9401197638253481
F6,0.1,0.025,10.0,40.0,1.0,calendar_reference_slow_response,illustrative reference convention; not calibrated,1.0.0,calendar_epps_curve,167.5,second,clock,0.9402985106362897,normalized_correlation,0.9402985106362897
F6,0.1,0.025,10.0,40.0,1.0,calendar_reference_slow_response,illustrative reference convention; not calibrated,1.0.0,calendar_epps_curve,168.0,second,clock,0.9404761934860306,normalized_correlation,0.9404761934860306
F6,0.1,0.025,10.0,40.0,1.0,calendar_reference_slow_response,illustrative reference convention; not calibrated,1.0.0,calendar_epps_curve,168.5,second,clock,0.9406528218456507,normalized_correlation,0.9406528218456507
F6,0.1,0.025,10.0,40.0,1.0,calendar_reference_slow_response,illustrative reference convention; not calibrated,1.0.0,calendar_epps_curve,169.0,second,clock,0.940828405074165,normalized_correlation,0.940828405074165
F6,0.1,0.025,10.0,40.0,1.0,calendar_reference_slow_response,illustrative reference convention; not calibrated,1.0.0,calendar_epps_curve,169.5,second,clock,0.9410029524201752,normalized_correlation,0.9410029524201752
F6,0.1,0.025,10.0,40.0,1.0,calendar_reference_slow_response,illustrative reference convention; not calibrated,1.0.0,calendar_epps_curve,170.0,second,clock,0.9411764730234928,normalized_correlation,0.9411764730234928
F6,0.1,0.025,10.0,40.0,1.0,calendar_reference_slow_response,illustrative reference convention; not calibrated,1.0.0,calendar_epps_curve,170.5,second,clock,0.9413489759167335,normalized_correlation,0.9413489759167335
F6,0.1,0.025,10.0,40.0,1.0,calendar_reference_slow_response,illustrative reference convention; not calibrated,1.0.0,calendar_epps_curve,171.0,second,clock,0.9415204700268833,normalized_correlation,0.9415204700268833
F6,0.1,0.025,10.0,40.0,1.0,calendar_reference_slow_response,illustrative reference convention; not calibrated,1.0.0,calendar_epps_curve,171.5,second,clock,0.9416909641768382,normalized_correlation,0.9416909641768382
F6,0.1,0.025,10.0,40.0,1.0,calendar_reference_slow_response,illustrative reference convention; not calibrated,1.0.0,calendar_epps_curve,172.0,second,clock,0.9418604670869153,normalized_correlation,0.9418604670869153
F6,0.1,0.025,10.0,40.0,1.0,calendar_reference_slow_response,illustrative reference convention; not calibrated,1.0.0,calendar_epps_curve,172.5,second,clock,0.9420289873763401,normalized_correlation,0.9420289873763401
F6,0.1,0.025,10.0,40.0,1.0,calendar_reference_slow_response,illustrative reference convention; not calibrated,1.0.0,calendar_epps_curve,173.0,second,clock,0.942196533564706,normalized_correlation,0.942196533564706
F6,0.1,0.025,10.0,40.0,1.0,calendar_reference_slow_response,illustrative reference convention; not calibrated,1.0.0,calendar_epps_curve,173.5,second,clock,0.9423631140734091,normalized_correlation,0.9423631140734091
F6,0.1,0.025,10.0,40.0,1.0,calendar_reference_slow_response,illustrative reference convention; not calibrated,1.0.0,calendar_epps_curve,174.0,second,clock,0.9425287372270593,normalized_correlation,0.9425287372270593
F6,0.1,0.025,10.0,40.0,1.0,calendar_reference_slow_response,illustrative reference convention; not calibrated,1.0.0,calendar_epps_curve,174.5,second,clock,0.9426934112548658,normalized_correlation,0.9426934112548658
F6,0.1,0.025,10.0,40.0,1.0,calendar_reference_slow_response,illustrative reference convention; not calibrated,1.0.0,calendar_epps_curve,175.0,second,clock,0.9428571442919995,normalized_correlation,0.9428571442919995
F6,0.1,0.025,10.0,40.0,1.0,calendar_reference_slow_response,illustrative reference convention; not calibrated,1.0.0,calendar_epps_curve,175.5,second,clock,0.9430199443809324,normalized_correlation,0.9430199443809324
F6,0.1,0.025,10.0,40.0,1.0,calendar_reference_slow_response,illustrative reference convention; not calibrated,1.0.0,calendar_epps_curve,176.0,second,clock,0.9431818194727534,normalized_correlation,0.9431818194727534
F6,0.1,0.025,10.0,40.0,1.0,calendar_reference_slow_response,illustrative reference convention; not calibrated,1.0.0,calendar_epps_curve,176.5,second,clock,0.9433427774284628,normalized_correlation,0.9433427774284628
F6,0.1,0.025,10.0,40.0,1.0,calendar_reference_slow_response,illustrative reference convention; not calibrated,1.0.0,calendar_epps_curve,177.0,second,clock,0.9435028260202442,normalized_correlation,0.9435028260202442
F6,0.1,0.025,10.0,40.0,1.0,calendar_reference_slow_response,illustrative reference convention; not calibrated,1.0.0,calendar_epps_curve,177.5,second,clock,0.9436619729327145,normalized_correlation,0.9436619729327145
F6,0.1,0.025,10.0,40.0,1.0,calendar_reference_slow_response,illustrative reference convention; not calibrated,1.0.0,calendar_epps_curve,178.0,second,clock,0.9438202257641539,normalized_correlation,0.9438202257641539
F6,0.1,0.025,10.0,40.0,1.0,calendar_reference_slow_response,illustrative reference convention; not calibrated,1.0.0,calendar_epps_curve,178.5,second,clock,0.9439775920277149,normalized_correlation,0.9439775920277149
F6,0.1,0.025,10.0,40.0,1.0,calendar_reference_slow_response,illustrative reference convention; not calibrated,1.0.0,calendar_epps_curve,179.0,second,clock,0.9441340791526107,normalized_correlation,0.9441340791526107
F6,0.1,0.025,10.0,40.0,1.0,calendar_reference_slow_response,illustrative reference convention; not calibrated,1.0.0,calendar_epps_curve,179.5,second,clock,0.9442896944852834,normalized_correlation,0.9442896944852834
F6,0.1,0.025,10.0,40.0,1.0,calendar_reference_slow_response,illustrative reference convention; not calibrated,1.0.0,calendar_epps_curve,180.0,second,clock,0.9444444452905544,normalized_correlation,0.9444444452905544
F6,0.1,0.025,10.0,40.0,1.0,calendar_reference_slow_response,illustrative reference convention; not calibrated,1.0.0,calendar_epps_curve,180.5,second,clock,0.9445983387527538,normalized_correlation,0.9445983387527538
F6,0.1,0.025,10.0,40.0,1.0,calendar_reference_slow_response,illustrative reference convention; not calibrated,1.0.0,calendar_epps_curve,181.0,second,clock,0.9447513819768318,normalized_correlation,0.9447513819768318
F6,0.1,0.025,10.0,40.0,1.0,calendar_reference_slow_response,illustrative reference convention; not calibrated,1.0.0,calendar_epps_curve,181.5,second,clock,0.9449035819894527,normalized_correlation,0.9449035819894527
F6,0.1,0.025,10.0,40.0,1.0,calendar_reference_slow_response,illustrative reference convention; not calibrated,1.0.0,calendar_epps_curve,182.0,second,clock,0.9450549457400689,normalized_correlation,0.9450549457400689
F6,0.1,0.025,10.0,40.0,1.0,calendar_reference_slow_response,illustrative reference convention; not calibrated,1.0.0,calendar_epps_curve,182.5,second,clock,0.9452054801019791,normalized_correlation,0.9452054801019791
F6,0.1,0.025,10.0,40.0,1.0,calendar_reference_slow_response,illustrative reference convention; not calibrated,1.0.0,calendar_epps_curve,183.0,second,clock,0.9453551918733687,normalized_correlation,0.9453551918733687
F6,0.1,0.025,10.0,40.0,1.0,calendar_reference_slow_response,illustrative reference convention; not calibrated,1.0.0,calendar_epps_curve,183.5,second,clock,0.9455040877783316,normalized_correlation,0.9455040877783316
F6,0.1,0.025,10.0,40.0,1.0,calendar_reference_slow_response,illustrative reference convention; not calibrated,1.0.0,calendar_epps_curve,184.0,second,clock,0.9456521744678783,normalized_correlation,0.9456521744678783
F6,0.1,0.025,10.0,40.0,1.0,calendar_reference_slow_response,illustrative reference convention; not calibrated,1.0.0,calendar_epps_curve,184.5,second,clock,0.9457994585209248,normalized_correlation,0.9457994585209248
F6,0.1,0.025,10.0,40.0,1.0,calendar_reference_slow_response,illustrative reference convention; not calibrated,1.0.0,calendar_epps_curve,185.0,second,clock,0.9459459464452675,normalized_correlation,0.9459459464452675
F6,0.1,0.025,10.0,40.0,1.0,calendar_reference_slow_response,illustrative reference convention; not calibrated,1.0.0,calendar_epps_curve,185.5,second,clock,0.9460916446785409,normalized_correlation,0.9460916446785409
F6,0.1,0.025,10.0,40.0,1.0,calendar_reference_slow_response,illustrative reference convention; not calibrated,1.0.0,calendar_epps_curve,186.0,second,clock,0.9462365595891608,normalized_correlation,0.9462365595891608
F6,0.1,0.025,10.0,40.0,1.0,calendar_reference_slow_response,illustrative reference convention; not calibrated,1.0.0,calendar_epps_curve,186.5,second,clock,0.9463806974772518,normalized_correlation,0.9463806974772518
F6,0.1,0.025,10.0,40.0,1.0,calendar_reference_slow_response,illustrative reference convention; not calibrated,1.0.0,calendar_epps_curve,187.0,second,clock,0.9465240645755606,normalized_correlation,0.9465240645755606
F6,0.1,0.025,10.0,40.0,1.0,calendar_reference_slow_response,illustrative reference convention; not calibrated,1.0.0,calendar_epps_curve,187.5,second,clock,0.9466666670503537,normalized_correlation,0.9466666670503537
F6,0.1,0.025,10.0,40.0,1.0,calendar_reference_slow_response,illustrative reference convention; not calibrated,1.0.0,calendar_epps_curve,188.0,second,clock,0.9468085110023017,normalized_correlation,0.9468085110023017
F6,0.1,0.025,10.0,40.0,1.0,calendar_reference_slow_response,illustrative reference convention; not calibrated,1.0.0,calendar_epps_curve,188.5,second,clock,0.9469496024673486,normalized_correlation,0.9469496024673486
F6,0.1,0.025,10.0,40.0,1.0,calendar_reference_slow_response,illustrative reference convention; not calibrated,1.0.0,calendar_epps_curve,189.0,second,clock,0.9470899474175687,normalized_correlation,0.9470899474175687
F6,0.1,0.025,10.0,40.0,1.0,calendar_reference_slow_response,illustrative reference convention; not calibrated,1.0.0,calendar_epps_curve,189.5,second,clock,0.9472295517620083,normalized_correlation,0.9472295517620083
F6,0.1,0.025,10.0,40.0,1.0,calendar_reference_slow_response,illustrative reference convention; not calibrated,1.0.0,calendar_epps_curve,190.0,second,clock,0.9473684213475156,normalized_correlation,0.9473684213475156
F6,0.1,0.025,10.0,40.0,1.0,calendar_reference_slow_response,illustrative reference convention; not calibrated,1.0.0,calendar_epps_curve,190.5,second,clock,0.9475065619595562,normalized_correlation,0.9475065619595562
F6,0.1,0.025,10.0,40.0,1.0,calendar_reference_slow_response,illustrative reference convention; not calibrated,1.0.0,calendar_epps_curve,191.0,second,clock,0.9476439793230167,normalized_correlation,0.9476439793230167
F6,0.1,0.025,10.0,40.0,1.0,calendar_reference_slow_response,illustrative reference convention; not calibrated,1.0.0,calendar_epps_curve,191.5,second,clock,0.9477806791029959,normalized_correlation,0.9477806791029959
F6,0.1,0.025,10.0,40.0,1.0,calendar_reference_slow_response,illustrative reference convention; not calibrated,1.0.0,calendar_epps_curve,192.0,second,clock,0.9479166669055824,normalized_correlation,0.9479166669055824
F6,0.1,0.025,10.0,40.0,1.0,calendar_reference_slow_response,illustrative reference convention; not calibrated,1.0.0,calendar_epps_curve,192.5,second,clock,0.9480519482786214,normalized_correlation,0.9480519482786214
F6,0.1,0.025,10.0,40.0,1.0,calendar_reference_slow_response,illustrative reference convention; not calibrated,1.0.0,calendar_epps_curve,193.0,second,clock,0.9481865287124691,normalized_correlation,0.9481865287124691
F6,0.1,0.025,10.0,40.0,1.0,calendar_reference_slow_response,illustrative reference convention; not calibrated,1.0.0,calendar_epps_curve,193.5,second,clock,0.948320413640735,normalized_correlation,0.948320413640735
F6,0.1,0.025,10.0,40.0,1.0,calendar_reference_slow_response,illustrative reference convention; not calibrated,1.0.0,calendar_epps_curve,194.0,second,clock,0.9484536084410138,normalized_correlation,0.9484536084410138
F6,0.1,0.025,10.0,40.0,1.0,calendar_reference_slow_response,illustrative reference convention; not calibrated,1.0.0,calendar_epps_curve,194.5,second,clock,0.9485861184356041,normalized_correlation,0.9485861184356041
F6,0.1,0.025,10.0,40.0,1.0,calendar_reference_slow_response,illustrative reference convention; not calibrated,1.0.0,calendar_epps_curve,195.0,second,clock,0.9487179488922188,normalized_correlation,0.9487179488922188
F6,0.1,0.025,10.0,40.0,1.0,calendar_reference_slow_response,illustrative reference convention; not calibrated,1.0.0,calendar_epps_curve,195.5,second,clock,0.948849105024682,normalized_correlation,0.948849105024682
F6,0.1,0.025,10.0,40.0,1.0,calendar_reference_slow_response,illustrative reference convention; not calibrated,1.0.0,calendar_epps_curve,196.0,second,clock,0.9489795919936164,normalized_correlation,0.9489795919936164
F6,0.1,0.025,10.0,40.0,1.0,calendar_reference_slow_response,illustrative reference convention; not calibrated,1.0.0,calendar_epps_curve,196.5,second,clock,0.9491094149071204,normalized_correlation,0.9491094149071204
F6,0.1,0.025,10.0,40.0,1.0,calendar_reference_slow_response,illustrative reference convention; not calibrated,1.0.0,calendar_epps_curve,197.0,second,clock,0.9492385788214348,normalized_correlation,0.9492385788214348
F6,0.1,0.025,10.0,40.0,1.0,calendar_reference_slow_response,illustrative reference convention; not calibrated,1.0.0,calendar_epps_curve,197.5,second,clock,0.9493670887415987,normalized_correlation,0.9493670887415987
F6,0.1,0.025,10.0,40.0,1.0,calendar_reference_slow_response,illustrative reference convention; not calibrated,1.0.0,calendar_epps_curve,198.0,second,clock,0.9494949496220959,normalized_correlation,0.9494949496220959
F6,0.1,0.025,10.0,40.0,1.0,calendar_reference_slow_response,illustrative reference convention; not calibrated,1.0.0,calendar_epps_curve,198.5,second,clock,0.9496221663674922,normalized_correlation,0.9496221663674922
F6,0.1,0.025,10.0,40.0,1.0,calendar_reference_slow_response,illustrative reference convention; not calibrated,1.0.0,calendar_epps_curve,199.0,second,clock,0.9497487438330616,normalized_correlation,0.9497487438330616
F6,0.1,0.025,10.0,40.0,1.0,calendar_reference_slow_response,illustrative reference convention; not calibrated,1.0.0,calendar_epps_curve,199.5,second,clock,0.9498746868254051,normalized_correlation,0.9498746868254051
F6,0.1,0.025,10.0,40.0,1.0,calendar_reference_slow_response,illustrative reference convention; not calibrated,1.0.0,calendar_epps_curve,200.0,second,clock,0.9500000001030576,normalized_correlation,0.9500000001030576
F6,0.1,0.025,10.0,40.0,1.0,calendar_reference_slow_response,illustrative reference convention; not calibrated,1.0.0,calendar_epps_curve,200.5,second,clock,0.9501246883770887,normalized_correlation,0.9501246883770887
F6,0.1,0.025,10.0,40.0,1.0,calendar_reference_slow_response,illustrative reference convention; not calibrated,1.0.0,calendar_epps_curve,201.0,second,clock,0.950248756311692,normalized_correlation,0.950248756311692
F6,0.1,0.025,10.0,40.0,1.0,calendar_reference_slow_response,illustrative reference convention; not calibrated,1.0.0,calendar_epps_curve,201.5,second,clock,0.9503722085247668,normalized_correlation,0.9503722085247668
F6,0.1,0.025,10.0,40.0,1.0,calendar_reference_slow_response,illustrative reference convention; not calibrated,1.0.0,calendar_epps_curve,202.0,second,clock,0.9504950495884916,normalized_correlation,0.9504950495884916
F6,0.1,0.025,10.0,40.0,1.0,calendar_reference_slow_response,illustrative reference convention; not calibrated,1.0.0,calendar_epps_curve,202.5,second,clock,0.9506172840298878,normalized_correlation,0.9506172840298878
F6,0.1,0.025,10.0,40.0,1.0,calendar_reference_slow_response,illustrative reference convention; not calibrated,1.0.0,calendar_epps_curve,203.0,second,clock,0.9507389163313764,normalized_correlation,0.9507389163313764
F6,0.1,0.025,10.0,40.0,1.0,calendar_reference_slow_response,illustrative reference convention; not calibrated,1.0.0,calendar_epps_curve,203.5,second,clock,0.9508599509313254,normalized_correlation,0.9508599509313254
F6,0.1,0.025,10.0,40.0,1.0,calendar_reference_slow_response,illustrative reference convention; not calibrated,1.0.0,calendar_epps_curve,204.0,second,clock,0.9509803922245899,normalized_correlation,0.9509803922245899
F6,0.1,0.025,10.0,40.0,1.0,calendar_reference_slow_response,illustrative reference convention; not calibrated,1.0.0,calendar_epps_curve,204.5,second,clock,0.951100244563044,normalized_correlation,0.951100244563044
F6,0.1,0.025,10.0,40.0,1.0,calendar_reference_slow_response,illustrative reference convention; not calibrated,1.0.0,calendar_epps_curve,205.0,second,clock,0.951219512256105,normalized_correlation,0.951219512256105
F6,0.1,0.025,10.0,40.0,1.0,calendar_reference_slow_response,illustrative reference convention; not calibrated,1.0.0,calendar_epps_curve,205.5,second,clock,0.9513381995712498,normalized_correlation,0.9513381995712498
F6,0.1,0.025,10.0,40.0,1.0,calendar_reference_slow_response,illustrative reference convention; not calibrated,1.0.0,calendar_epps_curve,206.0,second,clock,0.9514563107345235,normalized_correlation,0.9514563107345235
F6,0.1,0.025,10.0,40.0,1.0,calendar_reference_slow_response,illustrative reference convention; not calibrated,1.0.0,calendar_epps_curve,206.5,second,clock,0.951573849931042,normalized_correlation,0.951573849931042
F6,0.1,0.025,10.0,40.0,1.0,calendar_reference_slow_response,illustrative reference convention; not calibrated,1.0.0,calendar_epps_curve,207.0,second,clock,0.951690821305485,normalized_correlation,0.951690821305485
F6,0.1,0.025,10.0,40.0,1.0,calendar_reference_slow_response,illustrative reference convention; not calibrated,1.0.0,calendar_epps_curve,207.5,second,clock,0.9518072289625841,normalized_correlation,0.9518072289625841
F6,0.1,0.025,10.0,40.0,1.0,calendar_reference_slow_response,illustrative reference convention; not calibrated,1.0.0,calendar_epps_curve,208.0,second,clock,0.9519230769676027,normalized_correlation,0.9519230769676027
F6,0.1,0.025,10.0,40.0,1.0,calendar_reference_slow_response,illustrative reference convention; not calibrated,1.0.0,calendar_epps_curve,208.5,second,clock,0.952038369346809,normalized_correlation,0.952038369346809
F6,0.1,0.025,10.0,40.0,1.0,calendar_reference_slow_response,illustrative reference convention; not calibrated,1.0.0,calendar_epps_curve,209.0,second,clock,0.9521531100879427,normalized_correlation,0.9521531100879427
F6,0.1,0.025,10.0,40.0,1.0,calendar_reference_slow_response,illustrative reference convention; not calibrated,1.0.0,calendar_epps_curve,209.5,second,clock,0.9522673031406746,normalized_correlation,0.9522673031406746
F6,0.1,0.025,10.0,40.0,1.0,calendar_reference_slow_response,illustrative reference convention; not calibrated,1.0.0,calendar_epps_curve,210.0,second,clock,0.9523809524170598,normalized_correlation,0.9523809524170598
F6,0.1,0.025,10.0,40.0,1.0,calendar_reference_slow_response,illustrative reference convention; not calibrated,1.0.0,calendar_epps_curve,210.5,second,clock,0.9524940617919846,normalized_correlation,0.9524940617919846
F6,0.1,0.025,10.0,40.0,1.0,calendar_reference_slow_response,illustrative reference convention; not calibrated,1.0.0,calendar_epps_curve,211.0,second,clock,0.9526066351036065,normalized_correlation,0.9526066351036065
F6,0.1,0.025,10.0,40.0,1.0,calendar_reference_slow_response,illustrative reference convention; not calibrated,1.0.0,calendar_epps_curve,211.5,second,clock,0.952718676153789,normalized_correlation,0.952718676153789
F6,0.1,0.025,10.0,40.0,1.0,calendar_reference_slow_response,illustrative reference convention; not calibrated,1.0.0,calendar_epps_curve,212.0,second,clock,0.9528301887085286,normalized_correlation,0.9528301887085286
F6,0.1,0.025,10.0,40.0,1.0,calendar_reference_slow_response,illustrative reference convention; not calibrated,1.0.0,calendar_epps_curve,212.5,second,clock,0.952941176498378,normalized_correlation,0.952941176498378
F6,0.1,0.025,10.0,40.0,1.0,calendar_reference_slow_response,illustrative reference convention; not calibrated,1.0.0,calendar_epps_curve,213.0,second,clock,0.9530516432188606,normalized_correlation,0.9530516432188606
F6,0.1,0.025,10.0,40.0,1.0,calendar_reference_slow_response,illustrative reference convention; not calibrated,1.0.0,calendar_epps_curve,213.5,second,clock,0.9531615925308822,normalized_correlation,0.9531615925308822
F6,0.1,0.025,10.0,40.0,1.0,calendar_reference_slow_response,illustrative reference convention; not calibrated,1.0.0,calendar_epps_curve,214.0,second,clock,0.9532710280611343,normalized_correlation,0.9532710280611343
F6,0.1,0.025,10.0,40.0,1.0,calendar_reference_slow_response,illustrative reference convention; not calibrated,1.0.0,calendar_epps_curve,214.5,second,clock,0.9533799534024935,normalized_correlation,0.9533799534024935
F6,0.1,0.025,10.0,40.0,1.0,calendar_reference_slow_response,illustrative reference convention; not calibrated,1.0.0,calendar_epps_curve,215.0,second,clock,0.9534883721144142,normalized_correlation,0.9534883721144142
F6,0.1,0.025,10.0,40.0,1.0,calendar_reference_slow_response,illustrative reference convention; not calibrated,1.0.0,calendar_epps_curve,215.5,second,clock,0.9535962877233167,normalized_correlation,0.9535962877233167
F6,0.1,0.025,10.0,40.0,1.0,calendar_reference_slow_response,illustrative reference convention; not calibrated,1.0.0,calendar_epps_curve,216.0,second,clock,0.9537037037229694,normalized_correlation,0.9537037037229694
F6,0.1,0.025,10.0,40.0,1.0,calendar_reference_slow_response,illustrative reference convention; not calibrated,1.0.0,calendar_epps_curve,216.5,second,clock,0.9538106235748658,normalized_correlation,0.9538106235748658
F6,0.1,0.025,10.0,40.0,1.0,calendar_reference_slow_response,illustrative reference convention; not calibrated,1.0.0,calendar_epps_curve,217.0,second,clock,0.9539170507085962,normalized_correlation,0.9539170507085962
F6,0.1,0.025,10.0,40.0,1.0,calendar_reference_slow_response,illustrative reference convention; not calibrated,1.0.0,calendar_epps_curve,217.5,second,clock,0.9540229885222149,normalized_correlation,0.9540229885222149
F6,0.1,0.025,10.0,40.0,1.0,calendar_reference_slow_response,illustrative reference convention; not calibrated,1.0.0,calendar_epps_curve,218.0,second,clock,0.9541284403826013,normalized_correlation,0.9541284403826013
F6,0.1,0.025,10.0,40.0,1.0,calendar_reference_slow_response,illustrative reference convention; not calibrated,1.0.0,calendar_epps_curve,218.5,second,clock,0.9542334096258165,normalized_correlation,0.9542334096258165
F6,0.1,0.025,10.0,40.0,1.0,calendar_reference_slow_response,illustrative reference convention; not calibrated,1.0.0,calendar_epps_curve,219.0,second,clock,0.9543378995574558,normalized_correlation,0.9543378995574558
F6,0.1,0.025,10.0,40.0,1.0,calendar_reference_slow_response,illustrative reference convention; not calibrated,1.0.0,calendar_epps_curve,219.5,second,clock,0.9544419134529953,normalized_correlation,0.9544419134529953
F6,0.1,0.025,10.0,40.0,1.0,calendar_reference_slow_response,illustrative reference convention; not calibrated,1.0.0,calendar_epps_curve,220.0,second,clock,0.954545454558134,normalized_correlation,0.954545454558134
F6,0.1,0.025,10.0,40.0,1.0,calendar_reference_slow_response,illustrative reference convention; not calibrated,1.0.0,calendar_epps_curve,220.5,second,clock,0.9546485260891312,normalized_correlation,0.9546485260891312
F6,0.1,0.025,10.0,40.0,1.0,calendar_reference_slow_response,illustrative reference convention; not calibrated,1.0.0,calendar_epps_curve,221.0,second,clock,0.9547511312331404,normalized_correlation,0.9547511312331404
F6,0.1,0.025,10.0,40.0,1.0,calendar_reference_slow_response,illustrative reference convention; not calibrated,1.0.0,calendar_epps_curve,221.5,second,clock,0.9548532731485369,normalized_correlation,0.9548532731485369
F6,0.1,0.025,10.0,40.0,1.0,calendar_reference_slow_response,illustrative reference convention; not calibrated,1.0.0,calendar_epps_curve,222.0,second,clock,0.9549549549652424,normalized_correlation,0.9549549549652424
F6,0.1,0.025,10.0,40.0,1.0,calendar_reference_slow_response,illustrative reference convention; not calibrated,1.0.0,calendar_epps_curve,222.5,second,clock,0.9550561797850446,normalized_correlation,0.9550561797850446
F6,0.1,0.025,10.0,40.0,1.0,calendar_reference_slow_response,illustrative reference convention; not calibrated,1.0.0,calendar_epps_curve,223.0,second,clock,0.9551569506819125,normalized_correlation,0.9551569506819125
F6,0.1,0.025,10.0,40.0,1.0,calendar_reference_slow_response,illustrative reference convention; not calibrated,1.0.0,calendar_epps_curve,223.5,second,clock,0.9552572707023074,normalized_correlation,0.9552572707023074
F6,0.1,0.025,10.0,40.0,1.0,calendar_reference_slow_response,illustrative reference convention; not calibrated,1.0.0,calendar_epps_curve,224.0,second,clock,0.9553571428654903,normalized_correlation,0.9553571428654903
F6,0.1,0.025,10.0,40.0,1.0,calendar_reference_slow_response,illustrative reference convention; not calibrated,1.0.0,calendar_epps_curve,224.5,second,clock,0.9554565701638247,normalized_correlation,0.9554565701638247
F6,0.1,0.025,10.0,40.0,1.0,calendar_reference_slow_response,illustrative reference convention; not calibrated,1.0.0,calendar_epps_curve,225.0,second,clock,0.9555555555630751,normalized_correlation,0.9555555555630751
F6,0.1,0.025,10.0,40.0,1.0,calendar_reference_slow_response,illustrative reference convention; not calibrated,1.0.0,calendar_epps_curve,225.5,second,clock,0.9556541020027024,normalized_correlation,0.9556541020027024
F6,0.1,0.025,10.0,40.0,1.0,calendar_reference_slow_response,illustrative reference convention; not calibrated,1.0.0,calendar_epps_curve,226.0,second,clock,0.9557522123961544,normalized_correlation,0.9557522123961544
F6,0.1,0.025,10.0,40.0,1.0,calendar_reference_slow_response,illustrative reference convention; not calibrated,1.0.0,calendar_epps_curve,226.5,second,clock,0.9558498896311534,normalized_correlation,0.9558498896311534
F6,0.1,0.025,10.0,40.0,1.0,calendar_reference_slow_response,illustrative reference convention; not calibrated,1.0.0,calendar_epps_curve,227.0,second,clock,0.9559471365699789,normalized_correlation,0.9559471365699789
F6,0.1,0.025,10.0,40.0,1.0,calendar_reference_slow_response,illustrative reference convention; not calibrated,1.0.0,calendar_epps_curve,227.5,second,clock,0.9560439560497479,normalized_correlation,0.9560439560497479
F6,0.1,0.025,10.0,40.0,1.0,calendar_reference_slow_response,illustrative reference convention; not calibrated,1.0.0,calendar_epps_curve,228.0,second,clock,0.9561403508826903,normalized_correlation,0.9561403508826903
F6,0.1,0.025,10.0,40.0,1.0,calendar_reference_slow_response,illustrative reference convention; not calibrated,1.0.0,calendar_epps_curve,228.5,second,clock,0.9562363238564213,normalized_correlation,0.9562363238564213
F6,0.1,0.025,10.0,40.0,1.0,calendar_reference_slow_response,illustrative reference convention; not calibrated,1.0.0,calendar_epps_curve,229.0,second,clock,0.9563318777342101,normalized_correlation,0.9563318777342101
F6,0.1,0.025,10.0,40.0,1.0,calendar_reference_slow_response,illustrative reference convention; not calibrated,1.0.0,calendar_epps_curve,229.5,second,clock,0.9564270152552453,normalized_correlation,0.9564270152552453
F6,0.1,0.025,10.0,40.0,1.0,calendar_reference_slow_response,illustrative reference convention; not calibrated,1.0.0,calendar_epps_curve,230.0,second,clock,0.9565217391348965,normalized_correlation,0.9565217391348965
F6,0.1,0.025,10.0,40.0,1.0,calendar_reference_slow_response,illustrative reference convention; not calibrated,1.0.0,calendar_epps_curve,230.5,second,clock,0.9566160520649725,normalized_correlation,0.9566160520649725
F6,0.1,0.025,10.0,40.0,1.0,calendar_reference_slow_response,illustrative reference convention; not calibrated,1.0.0,calendar_epps_curve,231.0,second,clock,0.9567099567139763,normalized_correlation,0.9567099567139763
F6,0.1,0.025,10.0,40.0,1.0,calendar_reference_slow_response,illustrative reference convention; not calibrated,1.0.0,calendar_epps_curve,231.5,second,clock,0.9568034557273575,normalized_correlation,0.9568034557273575
F6,0.1,0.025,10.0,40.0,1.0,calendar_reference_slow_response,illustrative reference convention; not calibrated,1.0.0,calendar_epps_curve,232.0,second,clock,0.9568965517277593,normalized_correlation,0.9568965517277593
F6,0.1,0.025,10.0,40.0,1.0,calendar_reference_slow_response,illustrative reference convention; not calibrated,1.0.0,calendar_epps_curve,232.5,second,clock,0.9569892473152654,normalized_correlation,0.9569892473152654
F6,0.1,0.025,10.0,40.0,1.0,calendar_reference_slow_response,illustrative reference convention; not calibrated,1.0.0,calendar_epps_curve,233.0,second,clock,0.9570815450676404,normalized_correlation,0.9570815450676404
F6,0.1,0.025,10.0,40.0,1.0,calendar_reference_slow_response,illustrative reference convention; not calibrated,1.0.0,calendar_epps_curve,233.5,second,clock,0.9571734475405702,normalized_correlation,0.9571734475405702
F6,0.1,0.025,10.0,40.0,1.0,calendar_reference_slow_response,illustrative reference convention; not calibrated,1.0.0,calendar_epps_curve,234.0,second,clock,0.9572649572678968,normalized_correlation,0.9572649572678968
F6,0.1,0.025,10.0,40.0,1.0,calendar_reference_slow_response,illustrative reference convention; not calibrated,1.0.0,calendar_epps_curve,234.5,second,clock,0.9573560767618522,normalized_correlation,0.9573560767618522
F6,0.1,0.025,10.0,40.0,1.0,calendar_reference_slow_response,illustrative reference convention; not calibrated,1.0.0,calendar_epps_curve,235.0,second,clock,0.9574468085132869,normalized_correlation,0.9574468085132869
F6,0.1,0.025,10.0,40.0,1.0,calendar_reference_slow_response,illustrative reference convention; not calibrated,1.0.0,calendar_epps_curve,235.5,second,clock,0.9575371549918983,normalized_correlation,0.9575371549918983
F6,0.1,0.025,10.0,40.0,1.0,calendar_reference_slow_response,illustrative reference convention; not calibrated,1.0.0,calendar_epps_curve,236.0,second,clock,0.9576271186464542,normalized_correlation,0.9576271186464542
F6,0.1,0.025,10.0,40.0,1.0,calendar_reference_slow_response,illustrative reference convention; not calibrated,1.0.0,calendar_epps_curve,236.5,second,clock,0.9577167019050136,normalized_correlation,0.9577167019050136
F6,0.1,0.025,10.0,40.0,1.0,calendar_reference_slow_response,illustrative reference convention; not calibrated,1.0.0,calendar_epps_curve,237.0,second,clock,0.9578059071751459,normalized_correlation,0.9578059071751459
F6,0.1,0.025,10.0,40.0,1.0,calendar_reference_slow_response,illustrative reference convention; not calibrated,1.0.0,calendar_epps_curve,237.5,second,clock,0.9578947368441463,normalized_correlation,0.9578947368441463
F6,0.1,0.025,10.0,40.0,1.0,calendar_reference_slow_response,illustrative reference convention; not calibrated,1.0.0,calendar_epps_curve,238.0,second,clock,0.9579831932792483,normalized_correlation,0.9579831932792483
F6,0.1,0.025,10.0,40.0,1.0,calendar_reference_slow_response,illustrative reference convention; not calibrated,1.0.0,calendar_epps_curve,238.5,second,clock,0.9580712788278348,normalized_correlation,0.9580712788278348
F6,0.1,0.025,10.0,40.0,1.0,calendar_reference_slow_response,illustrative reference convention; not calibrated,1.0.0,calendar_epps_curve,239.0,second,clock,0.9581589958176453,normalized_correlation,0.9581589958176453
F6,0.1,0.025,10.0,40.0,1.0,calendar_reference_slow_response,illustrative reference convention; not calibrated,1.0.0,calendar_epps_curve,239.5,second,clock,0.9582463465569807,normalized_correlation,0.9582463465569807
F6,0.1,0.025,10.0,40.0,1.0,calendar_reference_slow_response,illustrative reference convention; not calibrated,1.0.0,calendar_epps_curve,240.0,second,clock,0.9583333333349063,normalized_correlation,0.9583333333349063
F6,0.1,0.025,10.0,40.0,1.0,calendar_reference_slow_response,illustrative reference convention; not calibrated,1.0.0,calendar_epps_curve,240.5,second,clock,0.9584199584214516,normalized_correlation,0.9584199584214516
F6,0.1,0.025,10.0,40.0,1.0,calendar_reference_slow_response,illustrative reference convention; not calibrated,1.0.0,calendar_epps_curve,241.0,second,clock,0.9585062240678074,normalized_correlation,0.9585062240678074
F6,0.1,0.025,10.0,40.0,1.0,calendar_reference_slow_response,illustrative reference convention; not calibrated,1.0.0,calendar_epps_curve,241.5,second,clock,0.9585921325065214,normalized_correlation,0.9585921325065214
F6,0.1,0.025,10.0,40.0,1.0,calendar_reference_slow_response,illustrative reference convention; not calibrated,1.0.0,calendar_epps_curve,242.0,second,clock,0.9586776859516905,normalized_correlation,0.9586776859516905
F6,0.1,0.025,10.0,40.0,1.0,calendar_reference_slow_response,illustrative reference convention; not calibrated,1.0.0,calendar_epps_curve,242.5,second,clock,0.9587628865991505,normalized_correlation,0.9587628865991505
F6,0.1,0.025,10.0,40.0,1.0,calendar_reference_slow_response,illustrative reference convention; not calibrated,1.0.0,calendar_epps_curve,243.0,second,clock,0.9588477366266653,normalized_correlation,0.9588477366266653
F6,0.1,0.025,10.0,40.0,1.0,calendar_reference_slow_response,illustrative reference convention; not calibrated,1.0.0,calendar_epps_curve,243.5,second,clock,0.958932238194111,normalized_correlation,0.958932238194111
F6,0.1,0.025,10.0,40.0,1.0,calendar_reference_slow_response,illustrative reference convention; not calibrated,1.0.0,calendar_epps_curve,244.0,second,clock,0.9590163934436601,normalized_correlation,0.9590163934436601
F6,0.1,0.025,10.0,40.0,1.0,calendar_reference_slow_response,illustrative reference convention; not calibrated,1.0.0,calendar_epps_curve,244.5,second,clock,0.959100204499962,normalized_correlation,0.959100204499962
F6,0.1,0.025,10.0,40.0,1.0,calendar_reference_slow_response,illustrative reference convention; not calibrated,1.0.0,calendar_epps_curve,245.0,second,clock,0.9591836734703223,normalized_correlation,0.9591836734703223
F6,0.1,0.025,10.0,40.0,1.0,calendar_reference_slow_response,illustrative reference convention; not calibrated,1.0.0,calendar_epps_curve,245.5,second,clock,0.959266802444879,normalized_correlation,0.959266802444879
F6,0.1,0.025,10.0,40.0,1.0,calendar_reference_slow_response,illustrative reference convention; not calibrated,1.0.0,calendar_epps_curve,246.0,second,clock,0.9593495934967772,normalized_correlation,0.9593495934967772
F6,0.1,0.025,10.0,40.0,1.0,calendar_reference_slow_response,illustrative reference convention; not calibrated,1.0.0,calendar_epps_curve,246.5,second,clock,0.9594320486823411,normalized_correlation,0.9594320486823411
F6,0.1,0.025,10.0,40.0,1.0,calendar_reference_slow_response,illustrative reference convention; not calibrated,1.0.0,calendar_epps_curve,247.0,second,clock,0.9595141700412448,normalized_correlation,0.9595141700412448
F6,0.1,0.025,10.0,40.0,1.0,calendar_reference_slow_response,illustrative reference convention; not calibrated,1.0.0,calendar_epps_curve,247.5,second,clock,0.9595959595966801,normalized_correlation,0.9595959595966801
F6,0.1,0.025,10.0,40.0,1.0,calendar_reference_slow_response,illustrative reference convention; not calibrated,1.0.0,calendar_epps_curve,248.0,second,clock,0.9596774193555226,normalized_correlation,0.9596774193555226
F6,0.1,0.025,10.0,40.0,1.0,calendar_reference_slow_response,illustrative reference convention; not calibrated,1.0.0,calendar_epps_curve,248.5,second,clock,0.9597585513084964,normalized_correlation,0.9597585513084964
F6,0.1,0.025,10.0,40.0,1.0,calendar_reference_slow_response,illustrative reference convention; not calibrated,1.0.0,calendar_epps_curve,249.0,second,clock,0.9598393574303353,normalized_correlation,0.9598393574303353
F6,0.1,0.025,10.0,40.0,1.0,calendar_reference_slow_response,illustrative reference convention; not calibrated,1.0.0,calendar_epps_curve,249.5,second,clock,0.9599198396799439,normalized_correlation,0.9599198396799439
F6,0.1,0.025,10.0,40.0,1.0,calendar_reference_slow_response,illustrative reference convention; not calibrated,1.0.0,calendar_epps_curve,250.0,second,clock,0.9600000000005555,normalized_correlation,0.9600000000005555
F6,0.1,0.025,10.0,40.0,1.0,calendar_reference_slow_response,illustrative reference convention; not calibrated,1.0.0,calendar_epps_curve,250.5,second,clock,0.9600798403198887,normalized_correlation,0.9600798403198887
F6,0.1,0.025,10.0,40.0,1.0,calendar_reference_slow_response,illustrative reference convention; not calibrated,1.0.0,calendar_epps_curve,251.0,second,clock,0.9601593625503014,normalized_correlation,0.9601593625503014
F6,0.1,0.025,10.0,40.0,1.0,calendar_reference_slow_response,illustrative reference convention; not calibrated,1.0.0,calendar_epps_curve,251.5,second,clock,0.9602385685889445,normalized_correlation,0.9602385685889445
F6,0.1,0.025,10.0,40.0,1.0,calendar_reference_slow_response,illustrative reference convention; not calibrated,1.0.0,calendar_epps_curve,252.0,second,clock,0.9603174603179115,normalized_correlation,0.9603174603179115
F6,0.1,0.025,10.0,40.0,1.0,calendar_reference_slow_response,illustrative reference convention; not calibrated,1.0.0,calendar_epps_curve,252.5,second,clock,0.9603960396043888,normalized_correlation,0.9603960396043888
F6,0.1,0.025,10.0,40.0,1.0,calendar_reference_slow_response,illustrative reference convention; not calibrated,1.0.0,calendar_epps_curve,253.0,second,clock,0.9604743083008019,normalized_correlation,0.9604743083008019
F6,0.1,0.025,10.0,40.0,1.0,calendar_reference_slow_response,illustrative reference convention; not calibrated,1.0.0,calendar_epps_curve,253.5,second,clock,0.960552268244962,normalized_correlation,0.960552268244962
F6,0.1,0.025,10.0,40.0,1.0,calendar_reference_slow_response,illustrative reference convention; not calibrated,1.0.0,calendar_epps_curve,254.0,second,clock,0.9606299212602091,normalized_correlation,0.9606299212602091
F6,0.1,0.025,10.0,40.0,1.0,calendar_reference_slow_response,illustrative reference convention; not calibrated,1.0.0,calendar_epps_curve,254.5,second,clock,0.9607072691555543,normalized_correlation,0.9607072691555543
F6,0.1,0.025,10.0,40.0,1.0,calendar_reference_slow_response,illustrative reference convention; not calibrated,1.0.0,calendar_epps_curve,255.0,second,clock,0.9607843137258205,normalized_correlation,0.9607843137258205
F6,0.1,0.025,10.0,40.0,1.0,calendar_reference_slow_response,illustrative reference convention; not calibrated,1.0.0,calendar_epps_curve,255.5,second,clock,0.9608610567517814,normalized_correlation,0.9608610567517814
F6,0.1,0.025,10.0,40.0,1.0,calendar_reference_slow_response,illustrative reference convention; not calibrated,1.0.0,calendar_epps_curve,256.0,second,clock,0.9609375000002978,normalized_correlation,0.9609375000002978
F6,0.1,0.025,10.0,40.0,1.0,calendar_reference_slow_response,illustrative reference convention; not calibrated,1.0.0,calendar_epps_curve,256.5,second,clock,0.9610136452244542,normalized_correlation,0.9610136452244542
F6,0.1,0.025,10.0,40.0,1.0,calendar_reference_slow_response,illustrative reference convention; not calibrated,1.0.0,calendar_epps_curve,257.0,second,clock,0.9610894941636925,normalized_correlation,0.9610894941636925
F6,0.1,0.025,10.0,40.0,1.0,calendar_reference_slow_response,illustrative reference convention; not calibrated,1.0.0,calendar_epps_curve,257.5,second,clock,0.9611650485439441,normalized_correlation,0.9611650485439441
F6,0.1,0.025,10.0,40.0,1.0,calendar_reference_slow_response,illustrative reference convention; not calibrated,1.0.0,calendar_epps_curve,258.0,second,clock,0.9612403100777612,normalized_correlation,0.9612403100777612
F6,0.1,0.025,10.0,40.0,1.0,calendar_reference_slow_response,illustrative reference convention; not calibrated,1.0.0,calendar_epps_curve,258.5,second,clock,0.9613152804644463,normalized_correlation,0.9613152804644463
F6,0.1,0.025,10.0,40.0,1.0,calendar_reference_slow_response,illustrative reference convention; not calibrated,1.0.0,calendar_epps_curve,259.0,second,clock,0.9613899613901794,normalized_correlation,0.9613899613901794
F6,0.1,0.025,10.0,40.0,1.0,calendar_reference_slow_response,illustrative reference convention; not calibrated,1.0.0,calendar_epps_curve,259.5,second,clock,0.9614643545281454,normalized_correlation,0.9614643545281454
F6,0.1,0.025,10.0,40.0,1.0,calendar_reference_slow_response,illustrative reference convention; not calibrated,1.0.0,calendar_epps_curve,260.0,second,clock,0.9615384615386581,normalized_correlation,0.9615384615386581
F6,0.1,0.025,10.0,40.0,1.0,calendar_reference_slow_response,illustrative reference convention; not calibrated,1.0.0,calendar_epps_curve,260.5,second,clock,0.9616122840692845,normalized_correlation,0.9616122840692845
F6,0.1,0.025,10.0,40.0,1.0,calendar_reference_slow_response,illustrative reference convention; not calibrated,1.0.0,calendar_epps_curve,261.0,second,clock,0.9616858237549664,normalized_correlation,0.9616858237549664
F6,0.1,0.025,10.0,40.0,1.0,calendar_reference_slow_response,illustrative reference convention; not calibrated,1.0.0,calendar_epps_curve,261.5,second,clock,0.9617590822181414,normalized_correlation,0.9617590822181414
F6,0.1,0.025,10.0,40.0,1.0,calendar_reference_slow_response,illustrative reference convention; not calibrated,1.0.0,calendar_epps_curve,262.0,second,clock,0.961832061068862,normalized_correlation,0.961832061068862
F6,0.1,0.025,10.0,40.0,1.0,calendar_reference_slow_response,illustrative reference convention; not calibrated,1.0.0,calendar_epps_curve,262.5,second,clock,0.9619047619049135,normalized_correlation,0.9619047619049135
F6,0.1,0.025,10.0,40.0,1.0,calendar_reference_slow_response,illustrative reference convention; not calibrated,1.0.0,calendar_epps_curve,263.0,second,clock,0.961977186311931,normalized_correlation,0.961977186311931
F6,0.1,0.025,10.0,40.0,1.0,calendar_reference_slow_response,illustrative reference convention; not calibrated,1.0.0,calendar_epps_curve,263.5,second,clock,0.9620493358635143,normalized_correlation,0.9620493358635143
F6,0.1,0.025,10.0,40.0,1.0,calendar_reference_slow_response,illustrative reference convention; not calibrated,1.0.0,calendar_epps_curve,264.0,second,clock,0.9621212121213418,normalized_correlation,0.9621212121213418
F6,0.1,0.025,10.0,40.0,1.0,calendar_reference_slow_response,illustrative reference convention; not calibrated,1.0.0,calendar_epps_curve,264.5,second,clock,0.9621928166352839,normalized_correlation,0.9621928166352839
F6,0.1,0.025,10.0,40.0,1.0,calendar_reference_slow_response,illustrative reference convention; not calibrated,1.0.0,calendar_epps_curve,265.0,second,clock,0.9622641509435131,normalized_correlation,0.9622641509435131
F6,0.1,0.025,10.0,40.0,1.0,calendar_reference_slow_response,illustrative reference convention; not calibrated,1.0.0,calendar_epps_curve,265.5,second,clock,0.9623352165726158,normalized_correlation,0.9623352165726158
F6,0.1,0.025,10.0,40.0,1.0,calendar_reference_slow_response,illustrative reference convention; not calibrated,1.0.0,calendar_epps_curve,266.0,second,clock,0.9624060150376994,normalized_correlation,0.9624060150376994
F6,0.1,0.025,10.0,40.0,1.0,calendar_reference_slow_response,illustrative reference convention; not calibrated,1.0.0,calendar_epps_curve,266.5,second,clock,0.9624765478425016,normalized_correlation,0.9624765478425016
F6,0.1,0.025,10.0,40.0,1.0,calendar_reference_slow_response,illustrative reference convention; not calibrated,1.0.0,calendar_epps_curve,267.0,second,clock,0.9625468164794958,normalized_correlation,0.9625468164794958
F6,0.1,0.025,10.0,40.0,1.0,calendar_reference_slow_response,illustrative reference convention; not calibrated,1.0.0,calendar_epps_curve,267.5,second,clock,0.9626168224299968,normalized_correlation,0.9626168224299968
F6,0.1,0.025,10.0,40.0,1.0,calendar_reference_slow_response,illustrative reference convention; not calibrated,1.0.0,calendar_epps_curve,268.0,second,clock,0.9626865671642648,normalized_correlation,0.9626865671642648
F6,0.1,0.025,10.0,40.0,1.0,calendar_reference_slow_response,illustrative reference convention; not calibrated,1.0.0,calendar_epps_curve,268.5,second,clock,0.9627560521416083,normalized_correlation,0.9627560521416083
F6,0.1,0.025,10.0,40.0,1.0,calendar_reference_slow_response,illustrative reference convention; not calibrated,1.0.0,calendar_epps_curve,269.0,second,clock,0.9628252788104862,normalized_correlation,0.9628252788104862
F6,0.1,0.025,10.0,40.0,1.0,calendar_reference_slow_response,illustrative reference convention; not calibrated,1.0.0,calendar_epps_curve,269.5,second,clock,0.9628942486086076,normalized_correlation,0.9628942486086076
F6,0.1,0.025,10.0,40.0,1.0,calendar_reference_slow_response,illustrative reference convention; not calibrated,1.0.0,calendar_epps_curve,270.0,second,clock,0.9629629629630325,normalized_correlation,0.9629629629630325
F6,0.1,0.025,10.0,40.0,1.0,calendar_reference_slow_response,illustrative reference convention; not calibrated,1.0.0,calendar_epps_curve,270.5,second,clock,0.9630314232902695,normalized_correlation,0.9630314232902695
F6,0.1,0.025,10.0,40.0,1.0,calendar_reference_slow_response,illustrative reference convention; not calibrated,1.0.0,calendar_epps_curve,271.0,second,clock,0.9630996309963727,normalized_correlation,0.9630996309963727
F6,0.1,0.025,10.0,40.0,1.0,calendar_reference_slow_response,illustrative reference convention; not calibrated,1.0.0,calendar_epps_curve,271.5,second,clock,0.9631675874770393,normalized_correlation,0.9631675874770393
F6,0.1,0.025,10.0,40.0,1.0,calendar_reference_slow_response,illustrative reference convention; not calibrated,1.0.0,calendar_epps_curve,272.0,second,clock,0.9632352941177036,normalized_correlation,0.9632352941177036
F6,0.1,0.025,10.0,40.0,1.0,calendar_reference_slow_response,illustrative reference convention; not calibrated,1.0.0,calendar_epps_curve,272.5,second,clock,0.9633027522936317,normalized_correlation,0.9633027522936317
F6,0.1,0.025,10.0,40.0,1.0,calendar_reference_slow_response,illustrative reference convention; not calibrated,1.0.0,calendar_epps_curve,273.0,second,clock,0.9633699633700143,normalized_correlation,0.9633699633700143
F6,0.1,0.025,10.0,40.0,1.0,calendar_reference_slow_response,illustrative reference convention; not calibrated,1.0.0,calendar_epps_curve,273.5,second,clock,0.9634369287020594,normalized_correlation,0.9634369287020594
F6,0.1,0.025,10.0,40.0,1.0,calendar_reference_slow_response,illustrative reference convention; not calibrated,1.0.0,calendar_epps_curve,274.0,second,clock,0.9635036496350825,normalized_correlation,0.9635036496350825
F6,0.1,0.025,10.0,40.0,1.0,calendar_reference_slow_response,illustrative reference convention; not calibrated,1.0.0,calendar_epps_curve,274.5,second,clock,0.9635701275045974,normalized_correlation,0.9635701275045974
F6,0.1,0.025,10.0,40.0,1.0,calendar_reference_slow_response,illustrative reference convention; not calibrated,1.0.0,calendar_epps_curve,275.0,second,clock,0.9636363636364051,normalized_correlation,0.9636363636364051
F6,0.1,0.025,10.0,40.0,1.0,calendar_reference_slow_response,illustrative reference convention; not calibrated,1.0.0,calendar_epps_curve,275.5,second,clock,0.9637023593466818,normalized_correlation,0.9637023593466818
F6,0.1,0.025,10.0,40.0,1.0,calendar_reference_slow_response,illustrative reference convention; not calibrated,1.0.0,calendar_epps_curve,276.0,second,clock,0.9637681159420664,normalized_correlation,0.9637681159420664
F6,0.1,0.025,10.0,40.0,1.0,calendar_reference_slow_response,illustrative reference convention; not calibrated,1.0.0,calendar_epps_curve,276.5,second,clock,0.9638336347197461,normalized_correlation,0.9638336347197461
F6,0.1,0.025,10.0,40.0,1.0,calendar_reference_slow_response,illustrative reference convention; not calibrated,1.0.0,calendar_epps_curve,277.0,second,clock,0.9638989169675427,normalized_correlation,0.9638989169675427
F6,0.1,0.025,10.0,40.0,1.0,calendar_reference_slow_response,illustrative reference convention; not calibrated,1.0.0,calendar_epps_curve,277.5,second,clock,0.963963963963996,normalized_correlation,0.963963963963996
F6,0.1,0.025,10.0,40.0,1.0,calendar_reference_slow_response,illustrative reference convention; not calibrated,1.0.0,calendar_epps_curve,278.0,second,clock,0.9640287769784477,normalized_correlation,0.9640287769784477
F6,0.1,0.025,10.0,40.0,1.0,calendar_reference_slow_response,illustrative reference convention; not calibrated,1.0.0,calendar_epps_curve,278.5,second,clock,0.964093357271124,normalized_correlation,0.964093357271124
F6,0.1,0.025,10.0,40.0,1.0,calendar_reference_slow_response,illustrative reference convention; not calibrated,1.0.0,calendar_epps_curve,279.0,second,clock,0.9641577060932174,normalized_correlation,0.9641577060932174
F6,0.1,0.025,10.0,40.0,1.0,calendar_reference_slow_response,illustrative reference convention; not calibrated,1.0.0,calendar_epps_curve,279.5,second,clock,0.9642218246869669,normalized_correlation,0.9642218246869669
F6,0.1,0.025,10.0,40.0,1.0,calendar_reference_slow_response,illustrative reference convention; not calibrated,1.0.0,calendar_epps_curve,280.0,second,clock,0.964285714285739,normalized_correlation,0.964285714285739
F6,0.1,0.025,10.0,40.0,1.0,calendar_reference_slow_response,illustrative reference convention; not calibrated,1.0.0,calendar_epps_curve,280.5,second,clock,0.9643493761141054,normalized_correlation,0.9643493761141054
F6,0.1,0.025,10.0,40.0,1.0,calendar_reference_slow_response,illustrative reference convention; not calibrated,1.0.0,calendar_epps_curve,281.0,second,clock,0.9644128113879227,normalized_correlation,0.9644128113879227
F6,0.1,0.025,10.0,40.0,1.0,calendar_reference_slow_response,illustrative reference convention; not calibrated,1.0.0,calendar_epps_curve,281.5,second,clock,0.9644760213144083,normalized_correlation,0.9644760213144083
F6,0.1,0.025,10.0,40.0,1.0,calendar_reference_slow_response,illustrative reference convention; not calibrated,1.0.0,calendar_epps_curve,282.0,second,clock,0.9645390070922186,normalized_correlation,0.9645390070922186
F6,0.1,0.025,10.0,40.0,1.0,calendar_reference_slow_response,illustrative reference convention; not calibrated,1.0.0,calendar_epps_curve,282.5,second,clock,0.9646017699115235,normalized_correlation,0.9646017699115235
F6,0.1,0.025,10.0,40.0,1.0,calendar_reference_slow_response,illustrative reference convention; not calibrated,1.0.0,calendar_epps_curve,283.0,second,clock,0.9646643109540817,normalized_correlation,0.9646643109540817
F6,0.1,0.025,10.0,40.0,1.0,calendar_reference_slow_response,illustrative reference convention; not calibrated,1.0.0,calendar_epps_curve,283.5,second,clock,0.9647266313933153,normalized_correlation,0.9647266313933153
F6,0.1,0.025,10.0,40.0,1.0,calendar_reference_slow_response,illustrative reference convention; not calibrated,1.0.0,calendar_epps_curve,284.0,second,clock,0.9647887323943826,normalized_correlation,0.9647887323943826
F6,0.1,0.025,10.0,40.0,1.0,calendar_reference_slow_response,illustrative reference convention; not calibrated,1.0.0,calendar_epps_curve,284.5,second,clock,0.964850615114251,normalized_correlation,0.964850615114251
F6,0.1,0.025,10.0,40.0,1.0,calendar_reference_slow_response,illustrative reference convention; not calibrated,1.0.0,calendar_epps_curve,285.0,second,clock,0.9649122807017692,normalized_correlation,0.9649122807017692
F6,0.1,0.025,10.0,40.0,1.0,calendar_reference_slow_response,illustrative reference convention; not calibrated,1.0.0,calendar_epps_curve,285.5,second,clock,0.9649737302977373,normalized_correlation,0.9649737302977373
F6,0.1,0.025,10.0,40.0,1.0,calendar_reference_slow_response,illustrative reference convention; not calibrated,1.0.0,calendar_epps_curve,286.0,second,clock,0.9650349650349783,normalized_correlation,0.9650349650349783
F6,0.1,0.025,10.0,40.0,1.0,calendar_reference_slow_response,illustrative reference convention; not calibrated,1.0.0,calendar_epps_curve,286.5,second,clock,0.965095986038407,normalized_correlation,0.965095986038407
F6,0.1,0.025,10.0,40.0,1.0,calendar_reference_slow_response,illustrative reference convention; not calibrated,1.0.0,calendar_epps_curve,287.0,second,clock,0.965156794425099,normalized_correlation,0.965156794425099
F6,0.1,0.025,10.0,40.0,1.0,calendar_reference_slow_response,illustrative reference convention; not calibrated,1.0.0,calendar_epps_curve,287.5,second,clock,0.9652173913043591,normalized_correlation,0.9652173913043591
F6,0.1,0.025,10.0,40.0,1.0,calendar_reference_slow_response,illustrative reference convention; not calibrated,1.0.0,calendar_epps_curve,288.0,second,clock,0.9652777777777886,normalized_correlation,0.9652777777777886
F6,0.1,0.025,10.0,40.0,1.0,calendar_reference_slow_response,illustrative reference convention; not calibrated,1.0.0,calendar_epps_curve,288.5,second,clock,0.9653379549393517,normalized_correlation,0.9653379549393517
F6,0.1,0.025,10.0,40.0,1.0,calendar_reference_slow_response,illustrative reference convention; not calibrated,1.0.0,calendar_epps_curve,289.0,second,clock,0.9653979238754422,normalized_correlation,0.9653979238754422
F6,0.1,0.025,10.0,40.0,1.0,calendar_reference_slow_response,illustrative reference convention; not calibrated,1.0.0,calendar_epps_curve,289.5,second,clock,0.9654576856649488,normalized_correlation,0.9654576856649488
F6,0.1,0.025,10.0,40.0,1.0,calendar_reference_slow_response,illustrative reference convention; not calibrated,1.0.0,calendar_epps_curve,290.0,second,clock,0.9655172413793192,normalized_correlation,0.9655172413793192
F6,0.1,0.025,10.0,40.0,1.0,calendar_reference_slow_response,illustrative reference convention; not calibrated,1.0.0,calendar_epps_curve,290.5,second,clock,0.9655765920826245,normalized_correlation,0.9655765920826245
F6,0.1,0.025,10.0,40.0,1.0,calendar_reference_slow_response,illustrative reference convention; not calibrated,1.0.0,calendar_epps_curve,291.0,second,clock,0.965635738831623,normalized_correlation,0.965635738831623
F6,0.1,0.025,10.0,40.0,1.0,calendar_reference_slow_response,illustrative reference convention; not calibrated,1.0.0,calendar_epps_curve,291.5,second,clock,0.9656946826758223,normalized_correlation,0.9656946826758223
F6,0.1,0.025,10.0,40.0,1.0,calendar_reference_slow_response,illustrative reference convention; not calibrated,1.0.0,calendar_epps_curve,292.0,second,clock,0.9657534246575414,normalized_correlation,0.9657534246575414
F6,0.1,0.025,10.0,40.0,1.0,calendar_reference_slow_response,illustrative reference convention; not calibrated,1.0.0,calendar_epps_curve,292.5,second,clock,0.9658119658119726,normalized_correlation,0.9658119658119726
F6,0.1,0.025,10.0,40.0,1.0,calendar_reference_slow_response,illustrative reference convention; not calibrated,1.0.0,calendar_epps_curve,293.0,second,clock,0.9658703071672419,normalized_correlation,0.9658703071672419
F6,0.1,0.025,10.0,40.0,1.0,calendar_reference_slow_response,illustrative reference convention; not calibrated,1.0.0,calendar_epps_curve,293.5,second,clock,0.9659284497444695,normalized_correlation,0.9659284497444695
F6,0.1,0.025,10.0,40.0,1.0,calendar_reference_slow_response,illustrative reference convention; not calibrated,1.0.0,calendar_epps_curve,294.0,second,clock,0.965986394557829,normalized_correlation,0.965986394557829
F6,0.1,0.025,10.0,40.0,1.0,calendar_reference_slow_response,illustrative reference convention; not calibrated,1.0.0,calendar_epps_curve,294.5,second,clock,0.9660441426146065,normalized_correlation,0.9660441426146065
F6,0.1,0.025,10.0,40.0,1.0,calendar_reference_slow_response,illustrative reference convention; not calibrated,1.0.0,calendar_epps_curve,295.0,second,clock,0.9661016949152594,normalized_correlation,0.9661016949152594
F6,0.1,0.025,10.0,40.0,1.0,calendar_reference_slow_response,illustrative reference convention; not calibrated,1.0.0,calendar_epps_curve,295.5,second,clock,0.9661590524534737,normalized_correlation,0.9661590524534737
F6,0.1,0.025,10.0,40.0,1.0,calendar_reference_slow_response,illustrative reference convention; not calibrated,1.0.0,calendar_epps_curve,296.0,second,clock,0.9662162162162209,normalized_correlation,0.9662162162162209
F6,0.1,0.025,10.0,40.0,1.0,calendar_reference_slow_response,illustrative reference convention; not calibrated,1.0.0,calendar_epps_curve,296.5,second,clock,0.9662731871838156,normalized_correlation,0.9662731871838156
F6,0.1,0.025,10.0,40.0,1.0,calendar_reference_slow_response,illustrative reference convention; not calibrated,1.0.0,calendar_epps_curve,297.0,second,clock,0.9663299663299706,normalized_correlation,0.9663299663299706
F6,0.1,0.025,10.0,40.0,1.0,calendar_reference_slow_response,illustrative reference convention; not calibrated,1.0.0,calendar_epps_curve,297.5,second,clock,0.9663865546218527,normalized_correlation,0.9663865546218527
F6,0.1,0.025,10.0,40.0,1.0,calendar_reference_slow_response,illustrative reference convention; not calibrated,1.0.0,calendar_epps_curve,298.0,second,clock,0.966442953020138,normalized_correlation,0.966442953020138
F6,0.1,0.025,10.0,40.0,1.0,calendar_reference_slow_response,illustrative reference convention; not calibrated,1.0.0,calendar_epps_curve,298.5,second,clock,0.9664991624790656,normalized_correlation,0.9664991624790656
F6,0.1,0.025,10.0,40.0,1.0,calendar_reference_slow_response,illustrative reference convention; not calibrated,1.0.0,calendar_epps_curve,299.0,second,clock,0.9665551839464918,normalized_correlation,0.9665551839464918
F6,0.1,0.025,10.0,40.0,1.0,calendar_reference_slow_response,illustrative reference convention; not calibrated,1.0.0,calendar_epps_curve,299.5,second,clock,0.9666110183639431,normalized_correlation,0.9666110183639431
F6,0.1,0.025,10.0,40.0,1.0,calendar_reference_slow_response,illustrative reference convention; not calibrated,1.0.0,calendar_epps_curve,300.0,second,clock,0.9666666666666698,normalized_correlation,0.9666666666666698
F6,0.1,0.025,10.0,40.0,1.0,calendar_reference_slow_response,illustrative reference convention; not calibrated,1.0.0,calendar_epps_curve,300.5,second,clock,0.9667221297836968,normalized_correlation,0.9667221297836968
F6,0.1,0.025,10.0,40.0,1.0,calendar_reference_slow_response,illustrative reference convention; not calibrated,1.0.0,calendar_epps_curve,301.0,second,clock,0.9667774086378765,normalized_correlation,0.9667774086378765
F6,0.1,0.025,10.0,40.0,1.0,calendar_reference_slow_response,illustrative reference convention; not calibrated,1.0.0,calendar_epps_curve,301.5,second,clock,0.9668325041459397,normalized_correlation,0.9668325041459397
F6,0.1,0.025,10.0,40.0,1.0,calendar_reference_slow_response,illustrative reference convention; not calibrated,1.0.0,calendar_epps_curve,302.0,second,clock,0.9668874172185455,normalized_correlation,0.9668874172185455
F6,0.1,0.025,10.0,40.0,1.0,calendar_reference_slow_response,illustrative reference convention; not calibrated,1.0.0,calendar_epps_curve,302.5,second,clock,0.966942148760333,normalized_correlation,0.966942148760333
F6,0.1,0.025,10.0,40.0,1.0,calendar_reference_slow_response,illustrative reference convention; not calibrated,1.0.0,calendar_epps_curve,303.0,second,clock,0.9669966996699693,normalized_correlation,0.9669966996699693
F6,0.1,0.025,10.0,40.0,1.0,calendar_reference_slow_response,illustrative reference convention; not calibrated,1.0.0,calendar_epps_curve,303.5,second,clock,0.9670510708401998,normalized_correlation,0.9670510708401998
F6,0.1,0.025,10.0,40.0,1.0,calendar_reference_slow_response,illustrative reference convention; not calibrated,1.0.0,calendar_epps_curve,304.0,second,clock,0.9671052631578968,normalized_correlation,0.9671052631578968
F6,0.1,0.025,10.0,40.0,1.0,calendar_reference_slow_response,illustrative reference convention; not calibrated,1.0.0,calendar_epps_curve,304.5,second,clock,0.967159277504107,normalized_correlation,0.967159277504107
F6,0.1,0.025,10.0,40.0,1.0,calendar_reference_slow_response,illustrative reference convention; not calibrated,1.0.0,calendar_epps_curve,305.0,second,clock,0.9672131147541002,normalized_correlation,0.9672131147541002
F6,0.1,0.025,10.0,40.0,1.0,calendar_reference_slow_response,illustrative reference convention; not calibrated,1.0.0,calendar_epps_curve,305.5,second,clock,0.9672667757774158,normalized_correlation,0.9672667757774158
F6,0.1,0.025,10.0,40.0,1.0,calendar_reference_slow_response,illustrative reference convention; not calibrated,1.0.0,calendar_epps_curve,306.0,second,clock,0.9673202614379102,normalized_correlation,0.9673202614379102
F6,0.1,0.025,10.0,40.0,1.0,calendar_reference_slow_response,illustrative reference convention; not calibrated,1.0.0,calendar_epps_curve,306.5,second,clock,0.9673735725938026,normalized_correlation,0.9673735725938026
F6,0.1,0.025,10.0,40.0,1.0,calendar_reference_slow_response,illustrative reference convention; not calibrated,1.0.0,calendar_epps_curve,307.0,second,clock,0.9674267100977214,normalized_correlation,0.9674267100977214
F6,0.1,0.025,10.0,40.0,1.0,calendar_reference_slow_response,illustrative reference convention; not calibrated,1.0.0,calendar_epps_curve,307.5,second,clock,0.9674796747967495,normalized_correlation,0.9674796747967495
F6,0.1,0.025,10.0,40.0,1.0,calendar_reference_slow_response,illustrative reference convention; not calibrated,1.0.0,calendar_epps_curve,308.0,second,clock,0.9675324675324689,normalized_correlation,0.9675324675324689
F6,0.1,0.025,10.0,40.0,1.0,calendar_reference_slow_response,illustrative reference convention; not calibrated,1.0.0,calendar_epps_curve,308.5,second,clock,0.9675850891410062,normalized_correlation,0.9675850891410062
F6,0.1,0.025,10.0,40.0,1.0,calendar_reference_slow_response,illustrative reference convention; not calibrated,1.0.0,calendar_epps_curve,309.0,second,clock,0.9676375404530757,normalized_correlation,0.9676375404530757
F6,0.1,0.025,10.0,40.0,1.0,calendar_reference_slow_response,illustrative reference convention; not calibrated,1.0.0,calendar_epps_curve,309.5,second,clock,0.9676898222940238,normalized_correlation,0.9676898222940238
F6,0.1,0.025,10.0,40.0,1.0,calendar_reference_slow_response,illustrative reference convention; not calibrated,1.0.0,calendar_epps_curve,310.0,second,clock,0.9677419354838721,normalized_correlation,0.9677419354838721
F6,0.1,0.025,10.0,40.0,1.0,calendar_reference_slow_response,illustrative reference convention; not calibrated,1.0.0,calendar_epps_curve,310.5,second,clock,0.9677938808373602,normalized_correlation,0.9677938808373602
F6,0.1,0.025,10.0,40.0,1.0,calendar_reference_slow_response,illustrative reference convention; not calibrated,1.0.0,calendar_epps_curve,311.0,second,clock,0.9678456591639881,normalized_correlation,0.9678456591639881
F6,0.1,0.025,10.0,40.0,1.0,calendar_reference_slow_response,illustrative reference convention; not calibrated,1.0.0,calendar_epps_curve,311.5,second,clock,0.9678972712680587,normalized_correlation,0.9678972712680587
F6,0.1,0.025,10.0,40.0,1.0,calendar_reference_slow_response,illustrative reference convention; not calibrated,1.0.0,calendar_epps_curve,312.0,second,clock,0.9679487179487188,normalized_correlation,0.9679487179487188
F6,0.1,0.025,10.0,40.0,1.0,calendar_reference_slow_response,illustrative reference convention; not calibrated,1.0.0,calendar_epps_curve,312.5,second,clock,0.9680000000000009,normalized_correlation,0.9680000000000009
F6,0.1,0.025,10.0,40.0,1.0,calendar_reference_slow_response,illustrative reference convention; not calibrated,1.0.0,calendar_epps_curve,313.0,second,clock,0.9680511182108634,normalized_correlation,0.9680511182108634
F6,0.1,0.025,10.0,40.0,1.0,calendar_reference_slow_response,illustrative reference convention; not calibrated,1.0.0,calendar_epps_curve,313.5,second,clock,0.968102073365232,normalized_correlation,0.968102073365232
F6,0.1,0.025,10.0,40.0,1.0,calendar_reference_slow_response,illustrative reference convention; not calibrated,1.0.0,calendar_epps_curve,314.0,second,clock,0.968152866242039,normalized_correlation,0.968152866242039
F6,0.1,0.025,10.0,40.0,1.0,calendar_reference_slow_response,illustrative reference convention; not calibrated,1.0.0,calendar_epps_curve,314.5,second,clock,0.968203497615263,normalized_correlation,0.968203497615263
F6,0.1,0.025,10.0,40.0,1.0,calendar_reference_slow_response,illustrative reference convention; not calibrated,1.0.0,calendar_epps_curve,315.0,second,clock,0.9682539682539689,normalized_correlation,0.9682539682539689
F6,0.1,0.025,10.0,40.0,1.0,calendar_reference_slow_response,illustrative reference convention; not calibrated,1.0.0,calendar_epps_curve,315.5,second,clock,0.9683042789223462,normalized_correlation,0.9683042789223462
F6,0.1,0.025,10.0,40.0,1.0,calendar_reference_slow_response,illustrative reference convention; not calibrated,1.0.0,calendar_epps_curve,316.0,second,clock,0.9683544303797474,normalized_correlation,0.9683544303797474
F6,0.1,0.025,10.0,40.0,1.0,calendar_reference_slow_response,illustrative reference convention; not calibrated,1.0.0,calendar_epps_curve,316.5,second,clock,0.9684044233807273,normalized_correlation,0.9684044233807273
F6,0.1,0.025,10.0,40.0,1.0,calendar_reference_slow_response,illustrative reference convention; not calibrated,1.0.0,calendar_epps_curve,317.0,second,clock,0.9684542586750794,normalized_correlation,0.9684542586750794
F6,0.1,0.025,10.0,40.0,1.0,calendar_reference_slow_response,illustrative reference convention; not calibrated,1.0.0,calendar_epps_curve,317.5,second,clock,0.9685039370078745,normalized_correlation,0.9685039370078745
F6,0.1,0.025,10.0,40.0,1.0,calendar_reference_slow_response,illustrative reference convention; not calibrated,1.0.0,calendar_epps_curve,318.0,second,clock,0.9685534591194973,normalized_correlation,0.9685534591194973
F6,0.1,0.025,10.0,40.0,1.0,calendar_reference_slow_response,illustrative reference convention; not calibrated,1.0.0,calendar_epps_curve,318.5,second,clock,0.9686028257456833,normalized_correlation,0.9686028257456833
F6,0.1,0.025,10.0,40.0,1.0,calendar_reference_slow_response,illustrative reference convention; not calibrated,1.0.0,calendar_epps_curve,319.0,second,clock,0.9686520376175553,normalized_correlation,0.9686520376175553
F6,0.1,0.025,10.0,40.0,1.0,calendar_reference_slow_response,illustrative reference convention; not calibrated,1.0.0,calendar_epps_curve,319.5,second,clock,0.9687010954616593,normalized_correlation,0.9687010954616593
F6,0.1,0.025,10.0,40.0,1.0,calendar_reference_slow_response,illustrative reference convention; not calibrated,1.0.0,calendar_epps_curve,320.0,second,clock,0.9687500000000004,normalized_correlation,0.9687500000000004
F6,0.1,0.025,10.0,40.0,1.0,calendar_reference_slow_response,illustrative reference convention; not calibrated,1.0.0,calendar_epps_curve,320.5,second,clock,0.9687987519500784,normalized_correlation,0.9687987519500784
F6,0.1,0.025,10.0,40.0,1.0,calendar_reference_slow_response,illustrative reference convention; not calibrated,1.0.0,calendar_epps_curve,321.0,second,clock,0.9688473520249224,normalized_correlation,0.9688473520249224
F6,0.1,0.025,10.0,40.0,1.0,calendar_reference_slow_response,illustrative reference convention; not calibrated,1.0.0,calendar_epps_curve,321.5,second,clock,0.9688958009331263,normalized_correlation,0.9688958009331263
F6,0.1,0.025,10.0,40.0,1.0,calendar_reference_slow_response,illustrative reference convention; not calibrated,1.0.0,calendar_epps_curve,322.0,second,clock,0.9689440993788823,normalized_correlation,0.9689440993788823
F6,0.1,0.025,10.0,40.0,1.0,calendar_reference_slow_response,illustrative reference convention; not calibrated,1.0.0,calendar_epps_curve,322.5,second,clock,0.9689922480620158,normalized_correlation,0.9689922480620158
F6,0.1,0.025,10.0,40.0,1.0,calendar_reference_slow_response,illustrative reference convention; not calibrated,1.0.0,calendar_epps_curve,323.0,second,clock,0.9690402476780189,normalized_correlation,0.9690402476780189
F6,0.1,0.025,10.0,40.0,1.0,calendar_reference_slow_response,illustrative reference convention; not calibrated,1.0.0,calendar_epps_curve,323.5,second,clock,0.9690880989180838,normalized_correlation,0.9690880989180838
F6,0.1,0.025,10.0,40.0,1.0,calendar_reference_slow_response,illustrative reference convention; not calibrated,1.0.0,calendar_epps_curve,324.0,second,clock,0.9691358024691361,normalized_correlation,0.9691358024691361
F6,0.1,0.025,10.0,40.0,1.0,calendar_reference_slow_response,illustrative reference convention; not calibrated,1.0.0,calendar_epps_curve,324.5,second,clock,0.9691833590138678,normalized_correlation,0.9691833590138678
F6,0.1,0.025,10.0,40.0,1.0,calendar_reference_slow_response,illustrative reference convention; not calibrated,1.0.0,calendar_epps_curve,325.0,second,clock,0.9692307692307695,normalized_correlation,0.9692307692307695
F6,0.1,0.025,10.0,40.0,1.0,calendar_reference_slow_response,illustrative reference convention; not calibrated,1.0.0,calendar_epps_curve,325.5,second,clock,0.9692780337941631,normalized_correlation,0.9692780337941631
F6,0.1,0.025,10.0,40.0,1.0,calendar_reference_slow_response,illustrative reference convention; not calibrated,1.0.0,calendar_epps_curve,326.0,second,clock,0.9693251533742333,normalized_correlation,0.9693251533742333
F6,0.1,0.025,10.0,40.0,1.0,calendar_reference_slow_response,illustrative reference convention; not calibrated,1.0.0,calendar_epps_curve,326.5,second,clock,0.9693721286370599,normalized_correlation,0.9693721286370599
F6,0.1,0.025,10.0,40.0,1.0,calendar_reference_slow_response,illustrative reference convention; not calibrated,1.0.0,calendar_epps_curve,327.0,second,clock,0.9694189602446485,normalized_correlation,0.9694189602446485
F6,0.1,0.025,10.0,40.0,1.0,calendar_reference_slow_response,illustrative reference convention; not calibrated,1.0.0,calendar_epps_curve,327.5,second,clock,0.969465648854962,normalized_correlation,0.969465648854962
F6,0.1,0.025,10.0,40.0,1.0,calendar_reference_slow_response,illustrative reference convention; not calibrated,1.0.0,calendar_epps_curve,328.0,second,clock,0.9695121951219514,normalized_correlation,0.9695121951219514
F6,0.1,0.025,10.0,40.0,1.0,calendar_reference_slow_response,illustrative reference convention; not calibrated,1.0.0,calendar_epps_curve,328.5,second,clock,0.9695585996955862,normalized_correlation,0.9695585996955862
F6,0.1,0.025,10.0,40.0,1.0,calendar_reference_slow_response,illustrative reference convention; not calibrated,1.0.0,calendar_epps_curve,329.0,second,clock,0.9696048632218847,normalized_correlation,0.9696048632218847
F6,0.1,0.025,10.0,40.0,1.0,calendar_reference_slow_response,illustrative reference convention; not calibrated,1.0.0,calendar_epps_curve,329.5,second,clock,0.969650986342944,normalized_correlation,0.969650986342944
F6,0.1,0.025,10.0,40.0,1.0,calendar_reference_slow_response,illustrative reference convention; not calibrated,1.0.0,calendar_epps_curve,330.0,second,clock,0.9696969696969698,normalized_correlation,0.9696969696969698
F6,0.1,0.025,10.0,40.0,1.0,calendar_reference_slow_response,illustrative reference convention; not calibrated,1.0.0,calendar_epps_curve,330.5,second,clock,0.9697428139183057,normalized_correlation,0.9697428139183057
F6,0.1,0.025,10.0,40.0,1.0,calendar_reference_slow_response,illustrative reference convention; not calibrated,1.0.0,calendar_epps_curve,331.0,second,clock,0.9697885196374624,normalized_correlation,0.9697885196374624
F6,0.1,0.025,10.0,40.0,1.0,calendar_reference_slow_response,illustrative reference convention; not calibrated,1.0.0,calendar_epps_curve,331.5,second,clock,0.9698340874811464,normalized_correlation,0.9698340874811464
F6,0.1,0.025,10.0,40.0,1.0,calendar_reference_slow_response,illustrative reference convention; not calibrated,1.0.0,calendar_epps_curve,332.0,second,clock,0.9698795180722892,normalized_correlation,0.9698795180722892
F6,0.1,0.025,10.0,40.0,1.0,calendar_reference_slow_response,illustrative reference convention; not calibrated,1.0.0,calendar_epps_curve,332.5,second,clock,0.9699248120300753,normalized_correlation,0.9699248120300753
F6,0.1,0.025,10.0,40.0,1.0,calendar_reference_slow_response,illustrative reference convention; not calibrated,1.0.0,calendar_epps_curve,333.0,second,clock,0.9699699699699701,normalized_correlation,0.9699699699699701
F6,0.1,0.025,10.0,40.0,1.0,calendar_reference_slow_response,illustrative reference convention; not calibrated,1.0.0,calendar_epps_curve,333.5,second,clock,0.9700149925037482,normalized_correlation,0.9700149925037482
F6,0.1,0.025,10.0,40.0,1.0,calendar_reference_slow_response,illustrative reference convention; not calibrated,1.0.0,calendar_epps_curve,334.0,second,clock,0.970059880239521,normalized_correlation,0.970059880239521
F6,0.1,0.025,10.0,40.0,1.0,calendar_reference_slow_response,illustrative reference convention; not calibrated,1.0.0,calendar_epps_curve,334.5,second,clock,0.9701046337817639,normalized_correlation,0.9701046337817639
F6,0.1,0.025,10.0,40.0,1.0,calendar_reference_slow_response,illustrative reference convention; not calibrated,1.0.0,calendar_epps_curve,335.0,second,clock,0.9701492537313434,normalized_correlation,0.9701492537313434
F6,0.1,0.025,10.0,40.0,1.0,calendar_reference_slow_response,illustrative reference convention; not calibrated,1.0.0,calendar_epps_curve,335.5,second,clock,0.9701937406855441,normalized_correlation,0.9701937406855441
F6,0.1,0.025,10.0,40.0,1.0,calendar_reference_slow_response,illustrative reference convention; not calibrated,1.0.0,calendar_epps_curve,336.0,second,clock,0.9702380952380953,normalized_correlation,0.9702380952380953
F6,0.1,0.025,10.0,40.0,1.0,calendar_reference_slow_response,illustrative reference convention; not calibrated,1.0.0,calendar_epps_curve,336.5,second,clock,0.9702823179791977,normalized_correlation,0.9702823179791977
F6,0.1,0.025,10.0,40.0,1.0,calendar_reference_slow_response,illustrative reference convention; not calibrated,1.0.0,calendar_epps_curve,337.0,second,clock,0.970326409495549,normalized_correlation,0.970326409495549
F6,0.1,0.025,10.0,40.0,1.0,calendar_reference_slow_response,illustrative reference convention; not calibrated,1.0.0,calendar_epps_curve,337.5,second,clock,0.9703703703703704,normalized_correlation,0.9703703703703704
F6,0.1,0.025,10.0,40.0,1.0,calendar_reference_slow_response,illustrative reference convention; not calibrated,1.0.0,calendar_epps_curve,338.0,second,clock,0.970414201183432,normalized_correlation,0.970414201183432
F6,0.1,0.025,10.0,40.0,1.0,calendar_reference_slow_response,illustrative reference convention; not calibrated,1.0.0,calendar_epps_curve,338.5,second,clock,0.9704579025110783,normalized_correlation,0.9704579025110783
F6,0.1,0.025,10.0,40.0,1.0,calendar_reference_slow_response,illustrative reference convention; not calibrated,1.0.0,calendar_epps_curve,339.0,second,clock,0.9705014749262537,normalized_correlation,0.9705014749262537
F6,0.1,0.025,10.0,40.0,1.0,calendar_reference_slow_response,illustrative reference convention; not calibrated,1.0.0,calendar_epps_curve,339.5,second,clock,0.9705449189985274,normalized_correlation,0.9705449189985274
F6,0.1,0.025,10.0,40.0,1.0,calendar_reference_slow_response,illustrative reference convention; not calibrated,1.0.0,calendar_epps_curve,340.0,second,clock,0.9705882352941178,normalized_correlation,0.9705882352941178
F6,0.1,0.025,10.0,40.0,1.0,calendar_reference_slow_response,illustrative reference convention; not calibrated,1.0.0,calendar_epps_curve,340.5,second,clock,0.9706314243759179,normalized_correlation,0.9706314243759179
F6,0.1,0.025,10.0,40.0,1.0,calendar_reference_slow_response,illustrative reference convention; not calibrated,1.0.0,calendar_epps_curve,341.0,second,clock,0.9706744868035191,normalized_correlation,0.9706744868035191
F6,0.1,0.025,10.0,40.0,1.0,calendar_reference_slow_response,illustrative reference convention; not calibrated,1.0.0,calendar_epps_curve,341.5,second,clock,0.9707174231332357,normalized_correlation,0.9707174231332357
F6,0.1,0.025,10.0,40.0,1.0,calendar_reference_slow_response,illustrative reference convention; not calibrated,1.0.0,calendar_epps_curve,342.0,second,clock,0.9707602339181287,normalized_correlation,0.9707602339181287
F6,0.1,0.025,10.0,40.0,1.0,calendar_reference_slow_response,illustrative reference convention; not calibrated,1.0.0,calendar_epps_curve,342.5,second,clock,0.9708029197080292,normalized_correlation,0.9708029197080292
F6,0.1,0.025,10.0,40.0,1.0,calendar_reference_slow_response,illustrative reference convention; not calibrated,1.0.0,calendar_epps_curve,343.0,second,clock,0.9708454810495627,normalized_correlation,0.9708454810495627
F6,0.1,0.025,10.0,40.0,1.0,calendar_reference_slow_response,illustrative reference convention; not calibrated,1.0.0,calendar_epps_curve,343.5,second,clock,0.9708879184861718,normalized_correlation,0.9708879184861718
F6,0.1,0.025,10.0,40.0,1.0,calendar_reference_slow_response,illustrative reference convention; not calibrated,1.0.0,calendar_epps_curve,344.0,second,clock,0.9709302325581396,normalized_correlation,0.9709302325581396
F6,0.1,0.025,10.0,40.0,1.0,calendar_reference_slow_response,illustrative reference convention; not calibrated,1.0.0,calendar_epps_curve,344.5,second,clock,0.9709724238026125,normalized_correlation,0.9709724238026125
F6,0.1,0.025,10.0,40.0,1.0,calendar_reference_slow_response,illustrative reference convention; not calibrated,1.0.0,calendar_epps_curve,345.0,second,clock,0.9710144927536232,normalized_correlation,0.9710144927536232
F6,0.1,0.025,10.0,40.0,1.0,calendar_reference_slow_response,illustrative reference convention; not calibrated,1.0.0,calendar_epps_curve,345.5,second,clock,0.9710564399421129,normalized_correlation,0.9710564399421129
F6,0.1,0.025,10.0,40.0,1.0,calendar_reference_slow_response,illustrative reference convention; not calibrated,1.0.0,calendar_epps_curve,346.0,second,clock,0.9710982658959538,normalized_correlation,0.9710982658959538
F6,0.1,0.025,10.0,40.0,1.0,calendar_reference_slow_response,illustrative reference convention; not calibrated,1.0.0,calendar_epps_curve,346.5,second,clock,0.9711399711399712,normalized_correlation,0.9711399711399712
F6,0.1,0.025,10.0,40.0,1.0,calendar_reference_slow_response,illustrative reference convention; not calibrated,1.0.0,calendar_epps_curve,347.0,second,clock,0.9711815561959655,normalized_correlation,0.9711815561959655
F6,0.1,0.025,10.0,40.0,1.0,calendar_reference_slow_response,illustrative reference convention; not calibrated,1.0.0,calendar_epps_curve,347.5,second,clock,0.9712230215827339,normalized_correlation,0.9712230215827339
F6,0.1,0.025,10.0,40.0,1.0,calendar_reference_slow_response,illustrative reference convention; not calibrated,1.0.0,calendar_epps_curve,348.0,second,clock,0.9712643678160919,normalized_correlation,0.9712643678160919
F6,0.1,0.025,10.0,40.0,1.0,calendar_reference_slow_response,illustrative reference convention; not calibrated,1.0.0,calendar_epps_curve,348.5,second,clock,0.9713055954088953,normalized_correlation,0.9713055954088953
F6,0.1,0.025,10.0,40.0,1.0,calendar_reference_slow_response,illustrative reference convention; not calibrated,1.0.0,calendar_epps_curve,349.0,second,clock,0.9713467048710602,normalized_correlation,0.9713467048710602
F6,0.1,0.025,10.0,40.0,1.0,calendar_reference_slow_response,illustrative reference convention; not calibrated,1.0.0,calendar_epps_curve,349.5,second,clock,0.9713876967095851,normalized_correlation,0.9713876967095851
F6,0.1,0.025,10.0,40.0,1.0,calendar_reference_slow_response,illustrative reference convention; not calibrated,1.0.0,calendar_epps_curve,350.0,second,clock,0.9714285714285714,normalized_correlation,0.9714285714285714
F6,0.1,0.025,10.0,40.0,1.0,calendar_reference_slow_response,illustrative reference convention; not calibrated,1.0.0,calendar_epps_curve,350.5,second,clock,0.9714693295292439,normalized_correlation,0.9714693295292439
F6,0.1,0.025,10.0,40.0,1.0,calendar_reference_slow_response,illustrative reference convention; not calibrated,1.0.0,calendar_epps_curve,351.0,second,clock,0.9715099715099715,normalized_correlation,0.9715099715099715
F6,0.1,0.025,10.0,40.0,1.0,calendar_reference_slow_response,illustrative reference convention; not calibrated,1.0.0,calendar_epps_curve,351.5,second,clock,0.9715504978662873,normalized_correlation,0.9715504978662873
F6,0.1,0.025,10.0,40.0,1.0,calendar_reference_slow_response,illustrative reference convention; not calibrated,1.0.0,calendar_epps_curve,352.0,second,clock,0.9715909090909091,normalized_correlation,0.9715909090909091
F6,0.1,0.025,10.0,40.0,1.0,calendar_reference_slow_response,illustrative reference convention; not calibrated,1.0.0,calendar_epps_curve,352.5,second,clock,0.9716312056737588,normalized_correlation,0.9716312056737588
F6,0.1,0.025,10.0,40.0,1.0,calendar_reference_slow_response,illustrative reference convention; not calibrated,1.0.0,calendar_epps_curve,353.0,second,clock,0.9716713881019831,normalized_correlation,0.9716713881019831
F6,0.1,0.025,10.0,40.0,1.0,calendar_reference_slow_response,illustrative reference convention; not calibrated,1.0.0,calendar_epps_curve,353.5,second,clock,0.9717114568599717,normalized_correlation,0.9717114568599717
F6,0.1,0.025,10.0,40.0,1.0,calendar_reference_slow_response,illustrative reference convention; not calibrated,1.0.0,calendar_epps_curve,354.0,second,clock,0.9717514124293786,normalized_correlation,0.9717514124293786
F6,0.1,0.025,10.0,40.0,1.0,calendar_reference_slow_response,illustrative reference convention; not calibrated,1.0.0,calendar_epps_curve,354.5,second,clock,0.9717912552891397,normalized_correlation,0.9717912552891397
F6,0.1,0.025,10.0,40.0,1.0,calendar_reference_slow_response,illustrative reference convention; not calibrated,1.0.0,calendar_epps_curve,355.0,second,clock,0.971830985915493,normalized_correlation,0.971830985915493
F6,0.1,0.025,10.0,40.0,1.0,calendar_reference_slow_response,illustrative reference convention; not calibrated,1.0.0,calendar_epps_curve,355.5,second,clock,0.9718706047819972,normalized_correlation,0.9718706047819972
F6,0.1,0.025,10.0,40.0,1.0,calendar_reference_slow_response,illustrative reference convention; not calibrated,1.0.0,calendar_epps_curve,356.0,second,clock,0.9719101123595506,normalized_correlation,0.9719101123595506
F6,0.1,0.025,10.0,40.0,1.0,calendar_reference_slow_response,illustrative reference convention; not calibrated,1.0.0,calendar_epps_curve,356.5,second,clock,0.9719495091164095,normalized_correlation,0.9719495091164095
F6,0.1,0.025,10.0,40.0,1.0,calendar_reference_slow_response,illustrative reference convention; not calibrated,1.0.0,calendar_epps_curve,357.0,second,clock,0.9719887955182073,normalized_correlation,0.9719887955182073
F6,0.1,0.025,10.0,40.0,1.0,calendar_reference_slow_response,illustrative reference convention; not calibrated,1.0.0,calendar_epps_curve,357.5,second,clock,0.9720279720279721,normalized_correlation,0.9720279720279721
F6,0.1,0.025,10.0,40.0,1.0,calendar_reference_slow_response,illustrative reference convention; not calibrated,1.0.0,calendar_epps_curve,358.0,second,clock,0.9720670391061452,normalized_correlation,0.9720670391061452
F6,0.1,0.025,10.0,40.0,1.0,calendar_reference_slow_response,illustrative reference convention; not calibrated,1.0.0,calendar_epps_curve,358.5,second,clock,0.9721059972105998,normalized_correlation,0.9721059972105998
F6,0.1,0.025,10.0,40.0,1.0,calendar_reference_slow_response,illustrative reference convention; not calibrated,1.0.0,calendar_epps_curve,359.0,second,clock,0.9721448467966574,normalized_correlation,0.9721448467966574
F6,0.1,0.025,10.0,40.0,1.0,calendar_reference_slow_response,illustrative reference convention; not calibrated,1.0.0,calendar_epps_curve,359.5,second,clock,0.972183588317107,normalized_correlation,0.972183588317107
F6,0.1,0.025,10.0,40.0,1.0,calendar_reference_slow_response,illustrative reference convention; not calibrated,1.0.0,calendar_epps_curve,360.0,second,clock,0.9722222222222222,normalized_correlation,0.9722222222222222
F6,0.1,0.025,10.0,40.0,1.0,calendar_reference_slow_response,illustrative reference convention; not calibrated,1.0.0,calendar_epps_curve,360.5,second,clock,0.9722607489597781,normalized_correlation,0.9722607489597781
F6,0.1,0.025,10.0,40.0,1.0,calendar_reference_slow_response,illustrative reference convention; not calibrated,1.0.0,calendar_epps_curve,361.0,second,clock,0.9722991689750693,normalized_correlation,0.9722991689750693
F6,0.1,0.025,10.0,40.0,1.0,calendar_reference_slow_response,illustrative reference convention; not calibrated,1.0.0,calendar_epps_curve,361.5,second,clock,0.9723374827109267,normalized_correlation,0.9723374827109267
F6,0.1,0.025,10.0,40.0,1.0,calendar_reference_slow_response,illustrative reference convention; not calibrated,1.0.0,calendar_epps_curve,362.0,second,clock,0.9723756906077348,normalized_correlation,0.9723756906077348
F6,0.1,0.025,10.0,40.0,1.0,calendar_reference_slow_response,illustrative reference convention; not calibrated,1.0.0,calendar_epps_curve,362.5,second,clock,0.9724137931034483,normalized_correlation,0.9724137931034483
F6,0.1,0.025,10.0,40.0,1.0,calendar_reference_slow_response,illustrative reference convention; not calibrated,1.0.0,calendar_epps_curve,363.0,second,clock,0.9724517906336089,normalized_correlation,0.9724517906336089
F6,0.1,0.025,10.0,40.0,1.0,calendar_reference_slow_response,illustrative reference convention; not calibrated,1.0.0,calendar_epps_curve,363.5,second,clock,0.9724896836313618,normalized_correlation,0.9724896836313618
F6,0.1,0.025,10.0,40.0,1.0,calendar_reference_slow_response,illustrative reference convention; not calibrated,1.0.0,calendar_epps_curve,364.0,second,clock,0.9725274725274725,normalized_correlation,0.9725274725274725
F6,0.1,0.025,10.0,40.0,1.0,calendar_reference_slow_response,illustrative reference convention; not calibrated,1.0.0,calendar_epps_curve,364.5,second,clock,0.9725651577503429,normalized_correlation,0.9725651577503429
F6,0.1,0.025,10.0,40.0,1.0,calendar_reference_slow_response,illustrative reference convention; not calibrated,1.0.0,calendar_epps_curve,365.0,second,clock,0.9726027397260274,normalized_correlation,0.9726027397260274
F6,0.1,0.025,10.0,40.0,1.0,calendar_reference_slow_response,illustrative reference convention; not calibrated,1.0.0,calendar_epps_curve,365.5,second,clock,0.972640218878249,normalized_correlation,0.972640218878249
F6,0.1,0.025,10.0,40.0,1.0,calendar_reference_slow_response,illustrative reference convention; not calibrated,1.0.0,calendar_epps_curve,366.0,second,clock,0.9726775956284153,normalized_correlation,0.9726775956284153
F6,0.1,0.025,10.0,40.0,1.0,calendar_reference_slow_response,illustrative reference convention; not calibrated,1.0.0,calendar_epps_curve,366.5,second,clock,0.9727148703956344,normalized_correlation,0.9727148703956344
F6,0.1,0.025,10.0,40.0,1.0,calendar_reference_slow_response,illustrative reference convention; not calibrated,1.0.0,calendar_epps_curve,367.0,second,clock,0.9727520435967303,normalized_correlation,0.9727520435967303
F6,0.1,0.025,10.0,40.0,1.0,calendar_reference_slow_response,illustrative reference convention; not calibrated,1.0.0,calendar_epps_curve,367.5,second,clock,0.9727891156462585,normalized_correlation,0.9727891156462585
F6,0.1,0.025,10.0,40.0,1.0,calendar_reference_slow_response,illustrative reference convention; not calibrated,1.0.0,calendar_epps_curve,368.0,second,clock,0.9728260869565217,normalized_correlation,0.9728260869565217
F6,0.1,0.025,10.0,40.0,1.0,calendar_reference_slow_response,illustrative reference convention; not calibrated,1.0.0,calendar_epps_curve,368.5,second,clock,0.9728629579375848,normalized_correlation,0.9728629579375848
F6,0.1,0.025,10.0,40.0,1.0,calendar_reference_slow_response,illustrative reference convention; not calibrated,1.0.0,calendar_epps_curve,369.0,second,clock,0.9728997289972899,normalized_correlation,0.9728997289972899
F6,0.1,0.025,10.0,40.0,1.0,calendar_reference_slow_response,illustrative reference convention; not calibrated,1.0.0,calendar_epps_curve,369.5,second,clock,0.972936400541272,normalized_correlation,0.972936400541272
F6,0.1,0.025,10.0,40.0,1.0,calendar_reference_slow_response,illustrative reference convention; not calibrated,1.0.0,calendar_epps_curve,370.0,second,clock,0.972972972972973,normalized_correlation,0.972972972972973
F6,0.1,0.025,10.0,40.0,1.0,calendar_reference_slow_response,illustrative reference convention; not calibrated,1.0.0,calendar_epps_curve,370.5,second,clock,0.9730094466936572,normalized_correlation,0.9730094466936572
F6,0.1,0.025,10.0,40.0,1.0,calendar_reference_slow_response,illustrative reference convention; not calibrated,1.0.0,calendar_epps_curve,371.0,second,clock,0.9730458221024259,normalized_correlation,0.9730458221024259
F6,0.1,0.025,10.0,40.0,1.0,calendar_reference_slow_response,illustrative reference convention; not calibrated,1.0.0,calendar_epps_curve,371.5,second,clock,0.9730820995962315,normalized_correlation,0.9730820995962315
F6,0.1,0.025,10.0,40.0,1.0,calendar_reference_slow_response,illustrative reference convention; not calibrated,1.0.0,calendar_epps_curve,372.0,second,clock,0.9731182795698925,normalized_correlation,0.9731182795698925
F6,0.1,0.025,10.0,40.0,1.0,calendar_reference_slow_response,illustrative reference convention; not calibrated,1.0.0,calendar_epps_curve,372.5,second,clock,0.9731543624161074,normalized_correlation,0.9731543624161074
F6,0.1,0.025,10.0,40.0,1.0,calendar_reference_slow_response,illustrative reference convention; not calibrated,1.0.0,calendar_epps_curve,373.0,second,clock,0.9731903485254692,normalized_correlation,0.9731903485254692
F6,0.1,0.025,10.0,40.0,1.0,calendar_reference_slow_response,illustrative reference convention; not calibrated,1.0.0,calendar_epps_curve,373.5,second,clock,0.9732262382864793,normalized_correlation,0.9732262382864793
F6,0.1,0.025,10.0,40.0,1.0,calendar_reference_slow_response,illustrative reference convention; not calibrated,1.0.0,calendar_epps_curve,374.0,second,clock,0.9732620320855615,normalized_correlation,0.9732620320855615
F6,0.1,0.025,10.0,40.0,1.0,calendar_reference_slow_response,illustrative reference convention; not calibrated,1.0.0,calendar_epps_curve,374.5,second,clock,0.9732977303070761,normalized_correlation,0.9732977303070761
F6,0.1,0.025,10.0,40.0,1.0,calendar_reference_slow_response,illustrative reference convention; not calibrated,1.0.0,calendar_epps_curve,375.0,second,clock,0.9733333333333334,normalized_correlation,0.9733333333333334
F6,0.1,0.025,10.0,40.0,1.0,calendar_reference_slow_response,illustrative reference convention; not calibrated,1.0.0,calendar_epps_curve,375.5,second,clock,0.9733688415446072,normalized_correlation,0.9733688415446072
F6,0.1,0.025,10.0,40.0,1.0,calendar_reference_slow_response,illustrative reference convention; not calibrated,1.0.0,calendar_epps_curve,376.0,second,clock,0.973404255319149,normalized_correlation,0.973404255319149
F6,0.1,0.025,10.0,40.0,1.0,calendar_reference_slow_response,illustrative reference convention; not calibrated,1.0.0,calendar_epps_curve,376.5,second,clock,0.9734395750332006,normalized_correlation,0.9734395750332006
F6,0.1,0.025,10.0,40.0,1.0,calendar_reference_slow_response,illustrative reference convention; not calibrated,1.0.0,calendar_epps_curve,377.0,second,clock,0.9734748010610079,normalized_correlation,0.9734748010610079
F6,0.1,0.025,10.0,40.0,1.0,calendar_reference_slow_response,illustrative reference convention; not calibrated,1.0.0,calendar_epps_curve,377.5,second,clock,0.9735099337748344,normalized_correlation,0.9735099337748344
F6,0.1,0.025,10.0,40.0,1.0,calendar_reference_slow_response,illustrative reference convention; not calibrated,1.0.0,calendar_epps_curve,378.0,second,clock,0.9735449735449735,normalized_correlation,0.9735449735449735
F6,0.1,0.025,10.0,40.0,1.0,calendar_reference_slow_response,illustrative reference convention; not calibrated,1.0.0,calendar_epps_curve,378.5,second,clock,0.9735799207397622,normalized_correlation,0.9735799207397622
F6,0.1,0.025,10.0,40.0,1.0,calendar_reference_slow_response,illustrative reference convention; not calibrated,1.0.0,calendar_epps_curve,379.0,second,clock,0.9736147757255936,normalized_correlation,0.9736147757255936
F6,0.1,0.025,10.0,40.0,1.0,calendar_reference_slow_response,illustrative reference convention; not calibrated,1.0.0,calendar_epps_curve,379.5,second,clock,0.9736495388669302,normalized_correlation,0.9736495388669302
F6,0.1,0.025,10.0,40.0,1.0,calendar_reference_slow_response,illustrative reference convention; not calibrated,1.0.0,calendar_epps_curve,380.0,second,clock,0.9736842105263158,normalized_correlation,0.9736842105263158
F6,0.1,0.025,10.0,40.0,1.0,calendar_reference_slow_response,illustrative reference convention; not calibrated,1.0.0,calendar_epps_curve,380.5,second,clock,0.973718791064389,normalized_correlation,0.973718791064389
F6,0.1,0.025,10.0,40.0,1.0,calendar_reference_slow_response,illustrative reference convention; not calibrated,1.0.0,calendar_epps_curve,381.0,second,clock,0.973753280839895,normalized_correlation,0.973753280839895
F6,0.1,0.025,10.0,40.0,1.0,calendar_reference_slow_response,illustrative reference convention; not calibrated,1.0.0,calendar_epps_curve,381.5,second,clock,0.9737876802096985,normalized_correlation,0.9737876802096985
F6,0.1,0.025,10.0,40.0,1.0,calendar_reference_slow_response,illustrative reference convention; not calibrated,1.0.0,calendar_epps_curve,382.0,second,clock,0.9738219895287958,normalized_correlation,0.9738219895287958
F6,0.1,0.025,10.0,40.0,1.0,calendar_reference_slow_response,illustrative reference convention; not calibrated,1.0.0,calendar_epps_curve,382.5,second,clock,0.9738562091503268,normalized_correlation,0.9738562091503268
F6,0.1,0.025,10.0,40.0,1.0,calendar_reference_slow_response,illustrative reference convention; not calibrated,1.0.0,calendar_epps_curve,383.0,second,clock,0.9738903394255874,normalized_correlation,0.9738903394255874
F6,0.1,0.025,10.0,40.0,1.0,calendar_reference_slow_response,illustrative reference convention; not calibrated,1.0.0,calendar_epps_curve,383.5,second,clock,0.9739243807040417,normalized_correlation,0.9739243807040417
F6,0.1,0.025,10.0,40.0,1.0,calendar_reference_slow_response,illustrative reference convention; not calibrated,1.0.0,calendar_epps_curve,384.0,second,clock,0.9739583333333334,normalized_correlation,0.9739583333333334
F6,0.1,0.025,10.0,40.0,1.0,calendar_reference_slow_response,illustrative reference convention; not calibrated,1.0.0,calendar_epps_curve,384.5,second,clock,0.9739921976592978,normalized_correlation,0.9739921976592978
F6,0.1,0.025,10.0,40.0,1.0,calendar_reference_slow_response,illustrative reference convention; not calibrated,1.0.0,calendar_epps_curve,385.0,second,clock,0.974025974025974,normalized_correlation,0.974025974025974
F6,0.1,0.025,10.0,40.0,1.0,calendar_reference_slow_response,illustrative reference convention; not calibrated,1.0.0,calendar_epps_curve,385.5,second,clock,0.9740596627756161,normalized_correlation,0.9740596627756161
F6,0.1,0.025,10.0,40.0,1.0,calendar_reference_slow_response,illustrative reference convention; not calibrated,1.0.0,calendar_epps_curve,386.0,second,clock,0.9740932642487047,normalized_correlation,0.9740932642487047
F6,0.1,0.025,10.0,40.0,1.0,calendar_reference_slow_response,illustrative reference convention; not calibrated,1.0.0,calendar_epps_curve,386.5,second,clock,0.9741267787839586,normalized_correlation,0.9741267787839586
F6,0.1,0.025,10.0,40.0,1.0,calendar_reference_slow_response,illustrative reference convention; not calibrated,1.0.0,calendar_epps_curve,387.0,second,clock,0.9741602067183462,normalized_correlation,0.9741602067183462
F6,0.1,0.025,10.0,40.0,1.0,calendar_reference_slow_response,illustrative reference convention; not calibrated,1.0.0,calendar_epps_curve,387.5,second,clock,0.9741935483870968,normalized_correlation,0.9741935483870968
F6,0.1,0.025,10.0,40.0,1.0,calendar_reference_slow_response,illustrative reference convention; not calibrated,1.0.0,calendar_epps_curve,388.0,second,clock,0.9742268041237113,normalized_correlation,0.9742268041237113
F6,0.1,0.025,10.0,40.0,1.0,calendar_reference_slow_response,illustrative reference convention; not calibrated,1.0.0,calendar_epps_curve,388.5,second,clock,0.9742599742599742,normalized_correlation,0.9742599742599742
F6,0.1,0.025,10.0,40.0,1.0,calendar_reference_slow_response,illustrative reference convention; not calibrated,1.0.0,calendar_epps_curve,389.0,second,clock,0.974293059125964,normalized_correlation,0.974293059125964
F6,0.1,0.025,10.0,40.0,1.0,calendar_reference_slow_response,illustrative reference convention; not calibrated,1.0.0,calendar_epps_curve,389.5,second,clock,0.9743260590500642,normalized_correlation,0.9743260590500642
F6,0.1,0.025,10.0,40.0,1.0,calendar_reference_slow_response,illustrative reference convention; not calibrated,1.0.0,calendar_epps_curve,390.0,second,clock,0.9743589743589743,normalized_correlation,0.9743589743589743
F6,0.1,0.025,10.0,40.0,1.0,calendar_reference_slow_response,illustrative reference convention; not calibrated,1.0.0,calendar_epps_curve,390.5,second,clock,0.9743918053777209,normalized_correlation,0.9743918053777209
F6,0.1,0.025,10.0,40.0,1.0,calendar_reference_slow_response,illustrative reference convention; not calibrated,1.0.0,calendar_epps_curve,391.0,second,clock,0.9744245524296675,normalized_correlation,0.9744245524296675
F6,0.1,0.025,10.0,40.0,1.0,calendar_reference_slow_response,illustrative reference convention; not calibrated,1.0.0,calendar_epps_curve,391.5,second,clock,0.9744572158365262,normalized_correlation,0.9744572158365262
F6,0.1,0.025,10.0,40.0,1.0,calendar_reference_slow_response,illustrative reference convention; not calibrated,1.0.0,calendar_epps_curve,392.0,second,clock,0.9744897959183674,normalized_correlation,0.9744897959183674
F6,0.1,0.025,10.0,40.0,1.0,calendar_reference_slow_response,illustrative reference convention; not calibrated,1.0.0,calendar_epps_curve,392.5,second,clock,0.9745222929936306,normalized_correlation,0.9745222929936306
F6,0.1,0.025,10.0,40.0,1.0,calendar_reference_slow_response,illustrative reference convention; not calibrated,1.0.0,calendar_epps_curve,393.0,second,clock,0.9745547073791349,normalized_correlation,0.9745547073791349
F6,0.1,0.025,10.0,40.0,1.0,calendar_reference_slow_response,illustrative reference convention; not calibrated,1.0.0,calendar_epps_curve,393.5,second,clock,0.974587039390089,normalized_correlation,0.974587039390089
F6,0.1,0.025,10.0,40.0,1.0,calendar_reference_slow_response,illustrative reference convention; not calibrated,1.0.0,calendar_epps_curve,394.0,second,clock,0.9746192893401016,normalized_correlation,0.9746192893401016
F6,0.1,0.025,10.0,40.0,1.0,calendar_reference_slow_response,illustrative reference convention; not calibrated,1.0.0,calendar_epps_curve,394.5,second,clock,0.9746514575411914,normalized_correlation,0.9746514575411914
F6,0.1,0.025,10.0,40.0,1.0,calendar_reference_slow_response,illustrative reference convention; not calibrated,1.0.0,calendar_epps_curve,395.0,second,clock,0.9746835443037974,normalized_correlation,0.9746835443037974
F6,0.1,0.025,10.0,40.0,1.0,calendar_reference_slow_response,illustrative reference convention; not calibrated,1.0.0,calendar_epps_curve,395.5,second,clock,0.9747155499367889,normalized_correlation,0.9747155499367889
F6,0.1,0.025,10.0,40.0,1.0,calendar_reference_slow_response,illustrative reference convention; not calibrated,1.0.0,calendar_epps_curve,396.0,second,clock,0.9747474747474747,normalized_correlation,0.9747474747474747
F6,0.1,0.025,10.0,40.0,1.0,calendar_reference_slow_response,illustrative reference convention; not calibrated,1.0.0,calendar_epps_curve,396.5,second,clock,0.9747793190416141,normalized_correlation,0.9747793190416141
F6,0.1,0.025,10.0,40.0,1.0,calendar_reference_slow_response,illustrative reference convention; not calibrated,1.0.0,calendar_epps_curve,397.0,second,clock,0.9748110831234257,normalized_correlation,0.9748110831234257
F6,0.1,0.025,10.0,40.0,1.0,calendar_reference_slow_response,illustrative reference convention; not calibrated,1.0.0,calendar_epps_curve,397.5,second,clock,0.9748427672955975,normalized_correlation,0.9748427672955975
F6,0.1,0.025,10.0,40.0,1.0,calendar_reference_slow_response,illustrative reference convention; not calibrated,1.0.0,calendar_epps_curve,398.0,second,clock,0.9748743718592965,normalized_correlation,0.9748743718592965
F6,0.1,0.025,10.0,40.0,1.0,calendar_reference_slow_response,illustrative reference convention; not calibrated,1.0.0,calendar_epps_curve,398.5,second,clock,0.9749058971141782,normalized_correlation,0.9749058971141782
F6,0.1,0.025,10.0,40.0,1.0,calendar_reference_slow_response,illustrative reference convention; not calibrated,1.0.0,calendar_epps_curve,399.0,second,clock,0.974937343358396,normalized_correlation,0.974937343358396
F6,0.1,0.025,10.0,40.0,1.0,calendar_reference_slow_response,illustrative reference convention; not calibrated,1.0.0,calendar_epps_curve,399.5,second,clock,0.9749687108886108,normalized_correlation,0.9749687108886108
F6,0.1,0.025,10.0,40.0,1.0,calendar_reference_slow_response,illustrative reference convention; not calibrated,1.0.0,calendar_epps_curve,400.0,second,clock,0.975,normalized_correlation,0.975
F6,0.1,0.025,10.0,40.0,1.0,calendar_reference_slow_response,illustrative reference convention; not calibrated,1.0.0,calendar_epps_curve,0.0,second,coupling,0.0,normalized_correlation,0.0
F6,0.1,0.025,10.0,40.0,1.0,calendar_reference_slow_response,illustrative reference convention; not calibrated,1.0.0,calendar_epps_curve,0.5,second,coupling,0.006224039510514201,normalized_correlation,0.006224039510514201
F6,0.1,0.025,10.0,40.0,1.0,calendar_reference_slow_response,illustrative reference convention; not calibrated,1.0.0,calendar_epps_curve,1.0,second,coupling,0.012396481133306714,normalized_correlation,0.012396481133306714
F6,0.1,0.025,10.0,40.0,1.0,calendar_reference_slow_response,illustrative reference convention; not calibrated,1.0.0,calendar_epps_curve,1.5,second,coupling,0.01851780588858043,normalized_correlation,0.01851780588858043
F6,0.1,0.025,10.0,40.0,1.0,calendar_reference_slow_response,illustrative reference convention; not calibrated,1.0.0,calendar_epps_curve,2.0,second,coupling,0.024588490014280207,normalized_correlation,0.024588490014280207
F6,0.1,0.025,10.0,40.0,1.0,calendar_reference_slow_response,illustrative reference convention; not calibrated,1.0.0,calendar_epps_curve,2.5,second,coupling,0.03060900501561259,normalized_correlation,0.03060900501561259
F6,0.1,0.025,10.0,40.0,1.0,calendar_reference_slow_response,illustrative reference convention; not calibrated,1.0.0,calendar_epps_curve,3.0,second,coupling,0.03657981771403862,normalized_correlation,0.03657981771403862
F6,0.1,0.025,10.0,40.0,1.0,calendar_reference_slow_response,illustrative reference convention; not calibrated,1.0.0,calendar_epps_curve,3.5,second,coupling,0.04250139029574418,normalized_correlation,0.04250139029574418
F6,0.1,0.025,10.0,40.0,1.0,calendar_reference_slow_response,illustrative reference convention; not calibrated,1.0.0,calendar_epps_curve,4.0,second,coupling,0.04837418035959573,normalized_correlation,0.04837418035959573
F6,0.1,0.025,10.0,40.0,1.0,calendar_reference_slow_response,illustrative reference convention; not calibrated,1.0.0,calendar_epps_curve,4.5,second,coupling,0.05419864096458371,normalized_correlation,0.05419864096458371
F6,0.1,0.025,10.0,40.0,1.0,calendar_reference_slow_response,illustrative reference convention; not calibrated,1.0.0,calendar_epps_curve,5.0,second,coupling,0.0599752206767632,normalized_correlation,0.0599752206767632
F6,0.1,0.025,10.0,40.0,1.0,calendar_reference_slow_response,illustrative reference convention; not calibrated,1.0.0,calendar_epps_curve,5.5,second,coupling,0.06570436361569365,normalized_correlation,0.06570436361569365
F6,0.1,0.025,10.0,40.0,1.0,calendar_reference_slow_response,illustrative reference convention; not calibrated,1.0.0,calendar_epps_curve,6.0,second,coupling,0.07138650950038539,normalized_correlation,0.07138650950038539
F6,0.1,0.025,10.0,40.0,1.0,calendar_reference_slow_response,illustrative reference convention; not calibrated,1.0.0,calendar_epps_curve,6.5,second,coupling,0.07702209369475788,normalized_correlation,0.07702209369475788
F6,0.1,0.025,10.0,40.0,1.0,calendar_reference_slow_response,illustrative reference convention; not calibrated,1.0.0,calendar_epps_curve,7.0,second,coupling,0.08261154725261344,normalized_correlation,0.08261154725261344
F6,0.1,0.025,10.0,40.0,1.0,calendar_reference_slow_response,illustrative reference convention; not calibrated,1.0.0,calendar_epps_curve,7.5,second,coupling,0.0881552969621352,normalized_correlation,0.0881552969621352
F6,0.1,0.025,10.0,40.0,1.0,calendar_reference_slow_response,illustrative reference convention; not calibrated,1.0.0,calendar_epps_curve,8.0,second,coupling,0.09365376538990933,normalized_correlation,0.09365376538990933
F6,0.1,0.025,10.0,40.0,1.0,calendar_reference_slow_response,illustrative reference convention; not calibrated,1.0.0,calendar_epps_curve,8.5,second,coupling,0.09910737092448219,normalized_correlation,0.09910737092448219
F6,0.1,0.025,10.0,40.0,1.0,calendar_reference_slow_response,illustrative reference convention; not calibrated,1.0.0,calendar_epps_curve,9.0,second,coupling,0.10451652781945353,normalized_correlation,0.10451652781945353
F6,0.1,0.025,10.0,40.0,1.0,calendar_reference_slow_response,illustrative reference convention; not calibrated,1.0.0,calendar_epps_curve,9.5,second,coupling,0.10988164623611218,normalized_correlation,0.10988164623611218
F6,0.1,0.025,10.0,40.0,1.0,calendar_reference_slow_response,illustrative reference convention; not calibrated,1.0.0,calendar_epps_curve,10.0,second,coupling,0.11520313228561951,normalized_correlation,0.11520313228561951
F6,0.1,0.025,10.0,40.0,1.0,calendar_reference_slow_response,illustrative reference convention; not calibrated,1.0.0,calendar_epps_curve,10.5,second,coupling,0.12048138807074471,normalized_correlation,0.12048138807074471
F6,0.1,0.025,10.0,40.0,1.0,calendar_reference_slow_response,illustrative reference convention; not calibrated,1.0.0,calendar_epps_curve,11.0,second,coupling,0.1257168117271581,normalized_correlation,0.1257168117271581
F6,0.1,0.025,10.0,40.0,1.0,calendar_reference_slow_response,illustrative reference convention; not calibrated,1.0.0,calendar_epps_curve,11.5,second,coupling,0.13090979746428466,normalized_correlation,0.13090979746428466
F6,0.1,0.025,10.0,40.0,1.0,calendar_reference_slow_response,illustrative reference convention; not calibrated,1.0.0,calendar_epps_curve,12.0,second,coupling,0.13606073560572618,normalized_correlation,0.13606073560572618
F6,0.1,0.025,10.0,40.0,1.0,calendar_reference_slow_response,illustrative reference convention; not calibrated,1.0.0,calendar_epps_curve,12.5,second,coupling,0.14117001262925366,normalized_correlation,0.14117001262925366
F6,0.1,0.025,10.0,40.0,1.0,calendar_reference_slow_response,illustrative reference convention; not calibrated,1.0.0,calendar_epps_curve,13.0,second,coupling,0.14623801120637592,normalized_correlation,0.14623801120637592
F6,0.1,0.025,10.0,40.0,1.0,calendar_reference_slow_response,illustrative reference convention; not calibrated,1.0.0,calendar_epps_curve,13.5,second,coupling,0.1512651102414888,normalized_correlation,0.1512651102414888
F6,0.1,0.025,10.0,40.0,1.0,calendar_reference_slow_response,illustrative reference convention; not calibrated,1.0.0,calendar_epps_curve,14.0,second,coupling,0.1562516849106097,normalized_correlation,0.1562516849106097
F6,0.1,0.025,10.0,40.0,1.0,calendar_reference_slow_response,illustrative reference convention; not calibrated,1.0.0,calendar_epps_curve,14.5,second,coupling,0.16119810669970203,normalized_correlation,0.16119810669970203
F6,0.1,0.025,10.0,40.0,1.0,calendar_reference_slow_response,illustrative reference convention; not calibrated,1.0.0,calendar_epps_curve,15.0,second,coupling,0.16610474344259252,normalized_correlation,0.16610474344259252
F6,0.1,0.025,10.0,40.0,1.0,calendar_reference_slow_response,illustrative reference convention; not calibrated,1.0.0,calendar_epps_curve,15.5,second,coupling,0.17097195935848875,normalized_correlation,0.17097195935848875
F6,0.1,0.025,10.0,40.0,1.0,calendar_reference_slow_response,illustrative reference convention; not calibrated,1.0.0,calendar_epps_curve,16.0,second,coupling,0.1758001150890982,normalized_correlation,0.1758001150890982
F6,0.1,0.025,10.0,40.0,1.0,calendar_reference_slow_response,illustrative reference convention; not calibrated,1.0.0,calendar_epps_curve,16.5,second,coupling,0.18058956773535528,normalized_correlation,0.18058956773535528
F6,0.1,0.025,10.0,40.0,1.0,calendar_reference_slow_response,illustrative reference convention; not calibrated,1.0.0,calendar_epps_curve,17.0,second,coupling,0.18534067089375827,normalized_correlation,0.18534067089375827
F6,0.1,0.025,10.0,40.0,1.0,calendar_reference_slow_response,illustrative reference convention; not calibrated,1.0.0,calendar_epps_curve,17.5,second,coupling,0.19005377469232465,normalized_correlation,0.19005377469232465
F6,0.1,0.025,10.0,40.0,1.0,calendar_reference_slow_response,illustrative reference convention; not calibrated,1.0.0,calendar_epps_curve,18.0,second,coupling,0.1947292258261628,normalized_correlation,0.1947292258261628
F6,0.1,0.025,10.0,40.0,1.0,calendar_reference_slow_response,illustrative reference convention; not calibrated,1.0.0,calendar_epps_curve,18.5,second,coupling,0.19936736759267026,normalized_correlation,0.19936736759267026
F6,0.1,0.025,10.0,40.0,1.0,calendar_reference_slow_response,illustrative reference convention; not calibrated,1.0.0,calendar_epps_curve,19.0,second,coupling,0.2039685399263581,normalized_correlation,0.2039685399263581
F6,0.1,0.025,10.0,40.0,1.0,calendar_reference_slow_response,illustrative reference convention; not calibrated,1.0.0,calendar_epps_curve,19.5,second,coupling,0.20853307943330823,normalized_correlation,0.20853307943330823
F6,0.1,0.025,10.0,40.0,1.0,calendar_reference_slow_response,illustrative reference convention; not calibrated,1.0.0,calendar_epps_curve,20.0,second,coupling,0.21306131942526685,normalized_correlation,0.21306131942526685
F6,0.1,0.025,10.0,40.0,1.0,calendar_reference_slow_response,illustrative reference convention; not calibrated,1.0.0,calendar_epps_curve,20.5,second,coupling,0.21755358995337637,normalized_correlation,0.21755358995337637
F6,0.1,0.025,10.0,40.0,1.0,calendar_reference_slow_response,illustrative reference convention; not calibrated,1.0.0,calendar_epps_curve,21.0,second,coupling,0.2220102178415525,normalized_correlation,0.2220102178415525
F6,0.1,0.025,10.0,40.0,1.0,calendar_reference_slow_response,illustrative reference convention; not calibrated,1.0.0,calendar_epps_curve,21.5,second,coupling,0.2264315267195085,normalized_correlation,0.2264315267195085
F6,0.1,0.025,10.0,40.0,1.0,calendar_reference_slow_response,illustrative reference convention; not calibrated,1.0.0,calendar_epps_curve,22.0,second,coupling,0.23081783705543035,normalized_correlation,0.23081783705543035
F6,0.1,0.025,10.0,40.0,1.0,calendar_reference_slow_response,illustrative reference convention; not calibrated,1.0.0,calendar_epps_curve,22.5,second,coupling,0.23516946618830759,normalized_correlation,0.23516946618830759
F6,0.1,0.025,10.0,40.0,1.0,calendar_reference_slow_response,illustrative reference convention; not calibrated,1.0.0,calendar_epps_curve,23.0,second,coupling,0.2394867283599229,normalized_correlation,0.2394867283599229
F6,0.1,0.025,10.0,40.0,1.0,calendar_reference_slow_response,illustrative reference convention; not calibrated,1.0.0,calendar_epps_curve,23.5,second,coupling,0.24376993474650455,normalized_correlation,0.24376993474650455
F6,0.1,0.025,10.0,40.0,1.0,calendar_reference_slow_response,illustrative reference convention; not calibrated,1.0.0,calendar_epps_curve,24.0,second,coupling,0.2480193934900441,normalized_correlation,0.2480193934900441
F6,0.1,0.025,10.0,40.0,1.0,calendar_reference_slow_response,illustrative reference convention; not calibrated,1.0.0,calendar_epps_curve,24.5,second,coupling,0.25223540972928504,normalized_correlation,0.25223540972928504
F6,0.1,0.025,10.0,40.0,1.0,calendar_reference_slow_response,illustrative reference convention; not calibrated,1.0.0,calendar_epps_curve,25.0,second,coupling,0.2564182856303844,normalized_correlation,0.2564182856303844
F6,0.1,0.025,10.0,40.0,1.0,calendar_reference_slow_response,illustrative reference convention; not calibrated,1.0.0,calendar_epps_curve,25.5,second,coupling,0.26056832041725075,normalized_correlation,0.26056832041725075
F6,0.1,0.025,10.0,40.0,1.0,calendar_reference_slow_response,illustrative reference convention; not calibrated,1.0.0,calendar_epps_curve,26.0,second,coupling,0.26468581040156314,normalized_correlation,0.26468581040156314
F6,0.1,0.025,10.0,40.0,1.0,calendar_reference_slow_response,illustrative reference convention; not calibrated,1.0.0,calendar_epps_curve,26.5,second,coupling,0.26877104901247406,normalized_correlation,0.26877104901247406
F6,0.1,0.025,10.0,40.0,1.0,calendar_reference_slow_response,illustrative reference convention; not calibrated,1.0.0,calendar_epps_curve,27.0,second,coupling,0.2728243268259988,normalized_correlation,0.2728243268259988
F6,0.1,0.025,10.0,40.0,1.0,calendar_reference_slow_response,illustrative reference convention; not calibrated,1.0.0,calendar_epps_curve,27.5,second,coupling,0.276845931594096,normalized_correlation,0.276845931594096
F6,0.1,0.025,10.0,40.0,1.0,calendar_reference_slow_response,illustrative reference convention; not calibrated,1.0.0,calendar_epps_curve,28.0,second,coupling,0.2808361482734423,normalized_correlation,0.2808361482734423
F6,0.1,0.025,10.0,40.0,1.0,calendar_reference_slow_response,illustrative reference convention; not calibrated,1.0.0,calendar_epps_curve,28.5,second,coupling,0.28479525905390335,normalized_correlation,0.28479525905390335
F6,0.1,0.025,10.0,40.0,1.0,calendar_reference_slow_response,illustrative reference convention; not calibrated,1.0.0,calendar_epps_curve,29.0,second,coupling,0.2887235433867069,normalized_correlation,0.2887235433867069
F6,0.1,0.025,10.0,40.0,1.0,calendar_reference_slow_response,illustrative reference convention; not calibrated,1.0.0,calendar_epps_curve,29.5,second,coupling,0.2926212780123174,normalized_correlation,0.2926212780123174
F6,0.1,0.025,10.0,40.0,1.0,calendar_reference_slow_response,illustrative reference convention; not calibrated,1.0.0,calendar_epps_curve,30.0,second,coupling,0.2964887369880196,normalized_correlation,0.2964887369880196
F6,0.1,0.025,10.0,40.0,1.0,calendar_reference_slow_response,illustrative reference convention; not calibrated,1.0.0,calendar_epps_curve,30.5,second,coupling,0.3003261917152109,normalized_correlation,0.3003261917152109
F6,0.1,0.025,10.0,40.0,1.0,calendar_reference_slow_response,illustrative reference convention; not calibrated,1.0.0,calendar_epps_curve,31.0,second,coupling,0.3041339109664075,normalized_correlation,0.3041339109664075
F6,0.1,0.025,10.0,40.0,1.0,calendar_reference_slow_response,illustrative reference convention; not calibrated,1.0.0,calendar_epps_curve,31.5,second,coupling,0.30791216091196627,normalized_correlation,0.30791216091196627
F6,0.1,0.025,10.0,40.0,1.0,calendar_reference_slow_response,illustrative reference convention; not calibrated,1.0.0,calendar_epps_curve,32.0,second,coupling,0.31166120514652695,normalized_correlation,0.31166120514652695
F6,0.1,0.025,10.0,40.0,1.0,calendar_reference_slow_response,illustrative reference convention; not calibrated,1.0.0,calendar_epps_curve,32.5,second,coupling,0.31538130471517534,normalized_correlation,0.31538130471517534
F6,0.1,0.025,10.0,40.0,1.0,calendar_reference_slow_response,illustrative reference convention; not calibrated,1.0.0,calendar_epps_curve,33.0,second,coupling,0.31907271813933247,normalized_correlation,0.31907271813933247
F6,0.1,0.025,10.0,40.0,1.0,calendar_reference_slow_response,illustrative reference convention; not calibrated,1.0.0,calendar_epps_curve,33.5,second,coupling,0.32273570144237285,normalized_correlation,0.32273570144237285
F6,0.1,0.025,10.0,40.0,1.0,calendar_reference_slow_response,illustrative reference convention; not calibrated,1.0.0,calendar_epps_curve,34.0,second,coupling,0.3263705081749725,normalized_correlation,0.3263705081749725
F6,0.1,0.025,10.0,40.0,1.0,calendar_reference_slow_response,illustrative reference convention; not calibrated,1.0.0,calendar_epps_curve,34.5,second,coupling,0.32997738944019195,normalized_correlation,0.32997738944019195
F6,0.1,0.025,10.0,40.0,1.0,calendar_reference_slow_response,illustrative reference convention; not calibrated,1.0.0,calendar_epps_curve,35.0,second,coupling,0.3335565939182954,normalized_correlation,0.3335565939182954
F6,0.1,0.025,10.0,40.0,1.0,calendar_reference_slow_response,illustrative reference convention; not calibrated,1.0.0,calendar_epps_curve,35.5,second,coupling,0.33710836789131093,normalized_correlation,0.33710836789131093
F6,0.1,0.025,10.0,40.0,1.0,calendar_reference_slow_response,illustrative reference convention; not calibrated,1.0.0,calendar_epps_curve,36.0,second,coupling,0.3406329552673324,normalized_correlation,0.3406329552673324
F6,0.1,0.025,10.0,40.0,1.0,calendar_reference_slow_response,illustrative reference convention; not calibrated,1.0.0,calendar_epps_curve,36.5,second,coupling,0.3441305976045662,normalized_correlation,0.3441305976045662
F6,0.1,0.025,10.0,40.0,1.0,calendar_reference_slow_response,illustrative reference convention; not calibrated,1.0.0,calendar_epps_curve,37.0,second,coupling,0.3476015341351275,normalized_correlation,0.3476015341351275
F6,0.1,0.025,10.0,40.0,1.0,calendar_reference_slow_response,illustrative reference convention; not calibrated,1.0.0,calendar_epps_curve,37.5,second,coupling,0.3510460017885856,normalized_correlation,0.3510460017885856
F6,0.1,0.025,10.0,40.0,1.0,calendar_reference_slow_response,illustrative reference convention; not calibrated,1.0.0,calendar_epps_curve,38.0,second,coupling,0.3544642352152645,normalized_correlation,0.3544642352152645
F6,0.1,0.025,10.0,40.0,1.0,calendar_reference_slow_response,illustrative reference convention; not calibrated,1.0.0,calendar_epps_curve,38.5,second,coupling,0.3578564668092976,normalized_correlation,0.3578564668092976
F6,0.1,0.025,10.0,40.0,1.0,calendar_reference_slow_response,illustrative reference convention; not calibrated,1.0.0,calendar_epps_curve,39.0,second,coupling,0.36122292673144296,normalized_correlation,0.36122292673144296
F6,0.1,0.025,10.0,40.0,1.0,calendar_reference_slow_response,illustrative reference convention; not calibrated,1.0.0,calendar_epps_curve,39.5,second,coupling,0.36456384293165867,normalized_correlation,0.36456384293165867
F6,0.1,0.025,10.0,40.0,1.0,calendar_reference_slow_response,illustrative reference convention; not calibrated,1.0.0,calendar_epps_curve,40.0,second,coupling,0.36787944117144233,normalized_correlation,0.36787944117144233
F6,0.1,0.025,10.0,40.0,1.0,calendar_reference_slow_response,illustrative reference convention; not calibrated,1.0.0,calendar_epps_curve,40.5,second,coupling,0.37116994504593703,normalized_correlation,0.37116994504593703
F6,0.1,0.025,10.0,40.0,1.0,calendar_reference_slow_response,illustrative reference convention; not calibrated,1.0.0,calendar_epps_curve,41.0,second,coupling,0.37443557600580646,normalized_correlation,0.37443557600580646
F6,0.1,0.025,10.0,40.0,1.0,calendar_reference_slow_response,illustrative reference convention; not calibrated,1.0.0,calendar_epps_curve,41.5,second,coupling,0.3776765533788806,normalized_correlation,0.3776765533788806
F6,0.1,0.025,10.0,40.0,1.0,calendar_reference_slow_response,illustrative reference convention; not calibrated,1.0.0,calendar_epps_curve,42.0,second,coupling,0.3808930943915766,normalized_correlation,0.3808930943915766
F6,0.1,0.025,10.0,40.0,1.0,calendar_reference_slow_response,illustrative reference convention; not calibrated,1.0.0,calendar_epps_curve,42.5,second,coupling,0.38408541419009357,normalized_correlation,0.38408541419009357
F6,0.1,0.025,10.0,40.0,1.0,calendar_reference_slow_response,illustrative reference convention; not calibrated,1.0.0,calendar_epps_curve,43.0,second,coupling,0.3872537258613895,normalized_correlation,0.3872537258613895
F6,0.1,0.025,10.0,40.0,1.0,calendar_reference_slow_response,illustrative reference convention; not calibrated,1.0.0,calendar_epps_curve,43.5,second,coupling,0.390398240453935,normalized_correlation,0.390398240453935
F6,0.1,0.025,10.0,40.0,1.0,calendar_reference_slow_response,illustrative reference convention; not calibrated,1.0.0,calendar_epps_curve,44.0,second,coupling,0.3935191669982542,normalized_correlation,0.3935191669982542
F6,0.1,0.025,10.0,40.0,1.0,calendar_reference_slow_response,illustrative reference convention; not calibrated,1.0.0,calendar_epps_curve,44.5,second,coupling,0.3966167125272486,normalized_correlation,0.3966167125272486
F6,0.1,0.025,10.0,40.0,1.0,calendar_reference_slow_response,illustrative reference convention; not calibrated,1.0.0,calendar_epps_curve,45.0,second,coupling,0.3996910820963109,normalized_correlation,0.3996910820963109
F6,0.1,0.025,10.0,40.0,1.0,calendar_reference_slow_response,illustrative reference convention; not calibrated,1.0.0,calendar_epps_curve,45.5,second,coupling,0.4027424788032269,normalized_correlation,0.4027424788032269
F6,0.1,0.025,10.0,40.0,1.0,calendar_reference_slow_response,illustrative reference convention; not calibrated,1.0.0,calendar_epps_curve,46.0,second,coupling,0.4057711038078724,normalized_correlation,0.4057711038078724
F6,0.1,0.025,10.0,40.0,1.0,calendar_reference_slow_response,illustrative reference convention; not calibrated,1.0.0,calendar_epps_curve,46.5,second,coupling,0.4087771563517022,normalized_correlation,0.4087771563517022
F6,0.1,0.025,10.0,40.0,1.0,calendar_reference_slow_response,illustrative reference convention; not calibrated,1.0.0,calendar_epps_curve,47.0,second,coupling,0.4117608337770382,normalized_correlation,0.4117608337770382
F6,0.1,0.025,10.0,40.0,1.0,calendar_reference_slow_response,illustrative reference convention; not calibrated,1.0.0,calendar_epps_curve,47.5,second,coupling,0.41472233154615523,normalized_correlation,0.41472233154615523
F6,0.1,0.025,10.0,40.0,1.0,calendar_reference_slow_response,illustrative reference convention; not calibrated,1.0.0,calendar_epps_curve,48.0,second,coupling,0.41766184326016853,normalized_correlation,0.41766184326016853
F6,0.1,0.025,10.0,40.0,1.0,calendar_reference_slow_response,illustrative reference convention; not calibrated,1.0.0,calendar_epps_curve,48.5,second,coupling,0.4205795606777242,normalized_correlation,0.4205795606777242
F6,0.1,0.025,10.0,40.0,1.0,calendar_reference_slow_response,illustrative reference convention; not calibrated,1.0.0,calendar_epps_curve,49.0,second,coupling,0.42347567373349615,normalized_correlation,0.42347567373349615
F6,0.1,0.025,10.0,40.0,1.0,calendar_reference_slow_response,illustrative reference convention; not calibrated,1.0.0,calendar_epps_curve,49.5,second,coupling,0.42635037055648917,normalized_correlation,0.42635037055648917
F6,0.1,0.025,10.0,40.0,1.0,calendar_reference_slow_response,illustrative reference convention; not calibrated,1.0.0,calendar_epps_curve,50.0,second,coupling,0.42920383748815216,normalized_correlation,0.42920383748815216
F6,0.1,0.025,10.0,40.0,1.0,calendar_reference_slow_response,illustrative reference convention; not calibrated,1.0.0,calendar_epps_curve,50.5,second,coupling,0.4320362591003033,normalized_correlation,0.4320362591003033
F6,0.1,0.025,10.0,40.0,1.0,calendar_reference_slow_response,illustrative reference convention; not calibrated,1.0.0,calendar_epps_curve,51.0,second,coupling,0.43484781821286855,normalized_correlation,0.43484781821286855
F6,0.1,0.025,10.0,40.0,1.0,calendar_reference_slow_response,illustrative reference convention; not calibrated,1.0.0,calendar_epps_curve,51.5,second,coupling,0.43763869591143545,normalized_correlation,0.43763869591143545
F6,0.1,0.025,10.0,40.0,1.0,calendar_reference_slow_response,illustrative reference convention; not calibrated,1.0.0,calendar_epps_curve,52.0,second,coupling,0.44040907156462505,normalized_correlation,0.44040907156462505
F6,0.1,0.025,10.0,40.0,1.0,calendar_reference_slow_response,illustrative reference convention; not calibrated,1.0.0,calendar_epps_curve,52.5,second,coupling,0.4431591228412829,normalized_correlation,0.4431591228412829
F6,0.1,0.025,10.0,40.0,1.0,calendar_reference_slow_response,illustrative reference convention; not calibrated,1.0.0,calendar_epps_curve,53.0,second,coupling,0.4458890257274919,normalized_correlation,0.4458890257274919
F6,0.1,0.025,10.0,40.0,1.0,calendar_reference_slow_response,illustrative reference convention; not calibrated,1.0.0,calendar_epps_curve,53.5,second,coupling,0.44859895454340737,normalized_correlation,0.44859895454340737
F6,0.1,0.025,10.0,40.0,1.0,calendar_reference_slow_response,illustrative reference convention; not calibrated,1.0.0,calendar_epps_curve,54.0,second,coupling,0.4512890819599197,normalized_correlation,0.4512890819599197
F6,0.1,0.025,10.0,40.0,1.0,calendar_reference_slow_response,illustrative reference convention; not calibrated,1.0.0,calendar_epps_curve,54.5,second,coupling,0.4539595790151414,normalized_correlation,0.4539595790151414
F6,0.1,0.025,10.0,40.0,1.0,calendar_reference_slow_response,illustrative reference convention; not calibrated,1.0.0,calendar_epps_curve,55.0,second,coupling,0.45661061513072465,normalized_correlation,0.45661061513072465
F6,0.1,0.025,10.0,40.0,1.0,calendar_reference_slow_response,illustrative reference convention; not calibrated,1.0.0,calendar_epps_curve,55.5,second,coupling,0.45924235812800973,normalized_correlation,0.45924235812800973
F6,0.1,0.025,10.0,40.0,1.0,calendar_reference_slow_response,illustrative reference convention; not calibrated,1.0.0,calendar_epps_curve,56.0,second,coupling,0.4618549742440047,normalized_correlation,0.4618549742440047
F6,0.1,0.025,10.0,40.0,1.0,calendar_reference_slow_response,illustrative reference convention; not calibrated,1.0.0,calendar_epps_curve,56.5,second,coupling,0.46444862814720056,normalized_correlation,0.46444862814720056
F6,0.1,0.025,10.0,40.0,1.0,calendar_reference_slow_response,illustrative reference convention; not calibrated,1.0.0,calendar_epps_curve,57.0,second,coupling,0.4670234829532225,normalized_correlation,0.4670234829532225
F6,0.1,0.025,10.0,40.0,1.0,calendar_reference_slow_response,illustrative reference convention; not calibrated,1.0.0,calendar_epps_curve,57.5,second,coupling,0.4695797002403187,normalized_correlation,0.4695797002403187
F6,0.1,0.025,10.0,40.0,1.0,calendar_reference_slow_response,illustrative reference convention; not calibrated,1.0.0,calendar_epps_curve,58.0,second,coupling,0.47211744006468814,normalized_correlation,0.47211744006468814
F6,0.1,0.025,10.0,40.0,1.0,calendar_reference_slow_response,illustrative reference convention; not calibrated,1.0.0,calendar_epps_curve,58.5,second,coupling,0.4746368609756505,normalized_correlation,0.4746368609756505
F6,0.1,0.025,10.0,40.0,1.0,calendar_reference_slow_response,illustrative reference convention; not calibrated,1.0.0,calendar_epps_curve,59.0,second,coupling,0.47713812003065925,normalized_correlation,0.47713812003065925
F6,0.1,0.025,10.0,40.0,1.0,calendar_reference_slow_response,illustrative reference convention; not calibrated,1.0.0,calendar_epps_curve,59.5,second,coupling,0.4796213728101586,normalized_correlation,0.4796213728101586
F6,0.1,0.025,10.0,40.0,1.0,calendar_reference_slow_response,illustrative reference convention; not calibrated,1.0.0,calendar_epps_curve,60.0,second,coupling,0.48208677343228656,normalized_correlation,0.48208677343228656
F6,0.1,0.025,10.0,40.0,1.0,calendar_reference_slow_response,illustrative reference convention; not calibrated,1.0.0,calendar_epps_curve,60.5,second,coupling,0.4845344745674274,normalized_correlation,0.4845344745674274
F6,0.1,0.025,10.0,40.0,1.0,calendar_reference_slow_response,illustrative reference convention; not calibrated,1.0.0,calendar_epps_curve,61.0,second,coupling,0.4869646274526117,normalized_correlation,0.4869646274526117
F6,0.1,0.025,10.0,40.0,1.0,calendar_reference_slow_response,illustrative reference convention; not calibrated,1.0.0,calendar_epps_curve,61.5,second,coupling,0.4893773819057695,normalized_correlation,0.4893773819057695
F6,0.1,0.025,10.0,40.0,1.0,calendar_reference_slow_response,illustrative reference convention; not calibrated,1.0.0,calendar_epps_curve,62.0,second,coupling,0.4917728863398343,normalized_correlation,0.4917728863398343
F6,0.1,0.025,10.0,40.0,1.0,calendar_reference_slow_response,illustrative reference convention; not calibrated,1.0.0,calendar_epps_curve,62.5,second,coupling,0.4941512877767026,normalized_correlation,0.4941512877767026
F6,0.1,0.025,10.0,40.0,1.0,calendar_reference_slow_response,illustrative reference convention; not calibrated,1.0.0,calendar_epps_curve,63.0,second,coupling,0.4965127318610493,normalized_correlation,0.4965127318610493
F6,0.1,0.025,10.0,40.0,1.0,calendar_reference_slow_response,illustrative reference convention; not calibrated,1.0.0,calendar_epps_curve,63.5,second,coupling,0.4988573628739994,normalized_correlation,0.4988573628739994
F6,0.1,0.025,10.0,40.0,1.0,calendar_reference_slow_response,illustrative reference convention; not calibrated,1.0.0,calendar_epps_curve,64.0,second,coupling,0.5011853237466597,normalized_correlation,0.5011853237466597
F6,0.1,0.025,10.0,40.0,1.0,calendar_reference_slow_response,illustrative reference convention; not calibrated,1.0.0,calendar_epps_curve,64.5,second,coupling,0.5034967560735102,normalized_correlation,0.5034967560735102
F6,0.1,0.025,10.0,40.0,1.0,calendar_reference_slow_response,illustrative reference convention; not calibrated,1.0.0,calendar_epps_curve,65.0,second,coupling,0.5057918001256578,normalized_correlation,0.5057918001256578
F6,0.1,0.025,10.0,40.0,1.0,calendar_reference_slow_response,illustrative reference convention; not calibrated,1.0.0,calendar_epps_curve,65.5,second,coupling,0.5080705948639533,normalized_correlation,0.5080705948639533
F6,0.1,0.025,10.0,40.0,1.0,calendar_reference_slow_response,illustrative reference convention; not calibrated,1.0.0,calendar_epps_curve,66.0,second,coupling,0.5103332779519723,normalized_correlation,0.5103332779519723
F6,0.1,0.025,10.0,40.0,1.0,calendar_reference_slow_response,illustrative reference convention; not calibrated,1.0.0,calendar_epps_curve,66.5,second,coupling,0.5125799857688633,normalized_correlation,0.5125799857688633
F6,0.1,0.025,10.0,40.0,1.0,calendar_reference_slow_response,illustrative reference convention; not calibrated,1.0.0,calendar_epps_curve,67.0,second,coupling,0.5148108534220639,normalized_correlation,0.5148108534220639
F6,0.1,0.025,10.0,40.0,1.0,calendar_reference_slow_response,illustrative reference convention; not calibrated,1.0.0,calendar_epps_curve,67.5,second,coupling,0.517026014759884,normalized_correlation,0.517026014759884
F6,0.1,0.025,10.0,40.0,1.0,calendar_reference_slow_response,illustrative reference convention; not calibrated,1.0.0,calendar_epps_curve,68.0,second,coupling,0.5192256023839616,normalized_correlation,0.5192256023839616
F6,0.1,0.025,10.0,40.0,1.0,calendar_reference_slow_response,illustrative reference convention; not calibrated,1.0.0,calendar_epps_curve,68.5,second,coupling,0.5214097476615889,normalized_correlation,0.5214097476615889
F6,0.1,0.025,10.0,40.0,1.0,calendar_reference_slow_response,illustrative reference convention; not calibrated,1.0.0,calendar_epps_curve,69.0,second,coupling,0.5235785807379121,normalized_correlation,0.5235785807379121
F6,0.1,0.025,10.0,40.0,1.0,calendar_reference_slow_response,illustrative reference convention; not calibrated,1.0.0,calendar_epps_curve,69.5,second,coupling,0.5257322305480067,normalized_correlation,0.5257322305480067
F6,0.1,0.025,10.0,40.0,1.0,calendar_reference_slow_response,illustrative reference convention; not calibrated,1.0.0,calendar_epps_curve,70.0,second,coupling,0.5278708248288257,normalized_correlation,0.5278708248288257
F6,0.1,0.025,10.0,40.0,1.0,calendar_reference_slow_response,illustrative reference convention; not calibrated,1.0.0,calendar_epps_curve,70.5,second,coupling,0.5299944901310291,normalized_correlation,0.5299944901310291
F6,0.1,0.025,10.0,40.0,1.0,calendar_reference_slow_response,illustrative reference convention; not calibrated,1.0.0,calendar_epps_curve,71.0,second,coupling,0.5321033518306874,normalized_correlation,0.5321033518306874
F6,0.1,0.025,10.0,40.0,1.0,calendar_reference_slow_response,illustrative reference convention; not calibrated,1.0.0,calendar_epps_curve,71.5,second,coupling,0.5341975341408685,normalized_correlation,0.5341975341408685
F6,0.1,0.025,10.0,40.0,1.0,calendar_reference_slow_response,illustrative reference convention; not calibrated,1.0.0,calendar_epps_curve,72.0,second,coupling,0.5362771601231037,normalized_correlation,0.5362771601231037
F6,0.1,0.025,10.0,40.0,1.0,calendar_reference_slow_response,illustrative reference convention; not calibrated,1.0.0,calendar_epps_curve,72.5,second,coupling,0.5383423516987356,normalized_correlation,0.5383423516987356
F6,0.1,0.025,10.0,40.0,1.0,calendar_reference_slow_response,illustrative reference convention; not calibrated,1.0.0,calendar_epps_curve,73.0,second,coupling,0.5403932296601517,normalized_correlation,0.5403932296601517
F6,0.1,0.025,10.0,40.0,1.0,calendar_reference_slow_response,illustrative reference convention; not calibrated,1.0.0,calendar_epps_curve,73.5,second,coupling,0.5424299136818995,normalized_correlation,0.5424299136818995
F6,0.1,0.025,10.0,40.0,1.0,calendar_reference_slow_response,illustrative reference convention; not calibrated,1.0.0,calendar_epps_curve,74.0,second,coupling,0.5444525223316906,normalized_correlation,0.5444525223316906
F6,0.1,0.025,10.0,40.0,1.0,calendar_reference_slow_response,illustrative reference convention; not calibrated,1.0.0,calendar_epps_curve,74.5,second,coupling,0.5464611730812903,normalized_correlation,0.5464611730812903
F6,0.1,0.025,10.0,40.0,1.0,calendar_reference_slow_response,illustrative reference convention; not calibrated,1.0.0,calendar_epps_curve,75.0,second,coupling,0.5484559823172952,normalized_correlation,0.5484559823172952
F6,0.1,0.025,10.0,40.0,1.0,calendar_reference_slow_response,illustrative reference convention; not calibrated,1.0.0,calendar_epps_curve,75.5,second,coupling,0.5504370653518021,normalized_correlation,0.5504370653518021
F6,0.1,0.025,10.0,40.0,1.0,calendar_reference_slow_response,illustrative reference convention; not calibrated,1.0.0,calendar_epps_curve,76.0,second,coupling,0.5524045364329658,normalized_correlation,0.5524045364329658
F6,0.1,0.025,10.0,40.0,1.0,calendar_reference_slow_response,illustrative reference convention; not calibrated,1.0.0,calendar_epps_curve,76.5,second,coupling,0.5543585087554493,normalized_correlation,0.5543585087554493
F6,0.1,0.025,10.0,40.0,1.0,calendar_reference_slow_response,illustrative reference convention; not calibrated,1.0.0,calendar_epps_curve,77.0,second,coupling,0.5562990944707675,normalized_correlation,0.5562990944707675
F6,0.1,0.025,10.0,40.0,1.0,calendar_reference_slow_response,illustrative reference convention; not calibrated,1.0.0,calendar_epps_curve,77.5,second,coupling,0.5582264046975243,normalized_correlation,0.5582264046975243
F6,0.1,0.025,10.0,40.0,1.0,calendar_reference_slow_response,illustrative reference convention; not calibrated,1.0.0,calendar_epps_curve,78.0,second,coupling,0.5601405495315455,normalized_correlation,0.5601405495315455
F6,0.1,0.025,10.0,40.0,1.0,calendar_reference_slow_response,illustrative reference convention; not calibrated,1.0.0,calendar_epps_curve,78.5,second,coupling,0.5620416380559073,normalized_correlation,0.5620416380559073
F6,0.1,0.025,10.0,40.0,1.0,calendar_reference_slow_response,illustrative reference convention; not calibrated,1.0.0,calendar_epps_curve,79.0,second,coupling,0.5639297783508634,normalized_correlation,0.5639297783508634
F6,0.1,0.025,10.0,40.0,1.0,calendar_reference_slow_response,illustrative reference convention; not calibrated,1.0.0,calendar_epps_curve,79.5,second,coupling,0.5658050775036692,normalized_correlation,0.5658050775036692
F6,0.1,0.025,10.0,40.0,1.0,calendar_reference_slow_response,illustrative reference convention; not calibrated,1.0.0,calendar_epps_curve,80.0,second,coupling,0.5676676416183064,normalized_correlation,0.5676676416183064
F6,0.1,0.025,10.0,40.0,1.0,calendar_reference_slow_response,illustrative reference convention; not calibrated,1.0.0,calendar_epps_curve,80.5,second,coupling,0.5695175758251083,normalized_correlation,0.5695175758251083
F6,0.1,0.025,10.0,40.0,1.0,calendar_reference_slow_response,illustrative reference convention; not calibrated,1.0.0,calendar_epps_curve,81.0,second,coupling,0.5713549842902865,normalized_correlation,0.5713549842902865
F6,0.1,0.025,10.0,40.0,1.0,calendar_reference_slow_response,illustrative reference convention; not calibrated,1.0.0,calendar_epps_curve,81.5,second,coupling,0.5731799702253604,normalized_correlation,0.5731799702253604
F6,0.1,0.025,10.0,40.0,1.0,calendar_reference_slow_response,illustrative reference convention; not calibrated,1.0.0,calendar_epps_curve,82.0,second,coupling,0.5749926358964899,normalized_correlation,0.5749926358964899
F6,0.1,0.025,10.0,40.0,1.0,calendar_reference_slow_response,illustrative reference convention; not calibrated,1.0.0,calendar_epps_curve,82.5,second,coupling,0.5767930826337142,normalized_correlation,0.5767930826337142
F6,0.1,0.025,10.0,40.0,1.0,calendar_reference_slow_response,illustrative reference convention; not calibrated,1.0.0,calendar_epps_curve,83.0,second,coupling,0.5785814108400951,normalized_correlation,0.5785814108400951
F6,0.1,0.025,10.0,40.0,1.0,calendar_reference_slow_response,illustrative reference convention; not calibrated,1.0.0,calendar_epps_curve,83.5,second,coupling,0.580357720000767,normalized_correlation,0.580357720000767
F6,0.1,0.025,10.0,40.0,1.0,calendar_reference_slow_response,illustrative reference convention; not calibrated,1.0.0,calendar_epps_curve,84.0,second,coupling,0.5821221086918962,normalized_correlation,0.5821221086918962
F6,0.1,0.025,10.0,40.0,1.0,calendar_reference_slow_response,illustrative reference convention; not calibrated,1.0.0,calendar_epps_curve,84.5,second,coupling,0.5838746745895464,normalized_correlation,0.5838746745895464
F6,0.1,0.025,10.0,40.0,1.0,calendar_reference_slow_response,illustrative reference convention; not calibrated,1.0.0,calendar_epps_curve,85.0,second,coupling,0.5856155144784563,normalized_correlation,0.5856155144784563
F6,0.1,0.025,10.0,40.0,1.0,calendar_reference_slow_response,illustrative reference convention; not calibrated,1.0.0,calendar_epps_curve,85.5,second,coupling,0.5873447242607264,normalized_correlation,0.5873447242607264
F6,0.1,0.025,10.0,40.0,1.0,calendar_reference_slow_response,illustrative reference convention; not calibrated,1.0.0,calendar_epps_curve,86.0,second,coupling,0.5890623989644173,normalized_correlation,0.5890623989644173
F6,0.1,0.025,10.0,40.0,1.0,calendar_reference_slow_response,illustrative reference convention; not calibrated,1.0.0,calendar_epps_curve,86.5,second,coupling,0.5907686327520612,normalized_correlation,0.5907686327520612
F6,0.1,0.025,10.0,40.0,1.0,calendar_reference_slow_response,illustrative reference convention; not calibrated,1.0.0,calendar_epps_curve,87.0,second,coupling,0.5924635189290868,normalized_correlation,0.5924635189290868
F6,0.1,0.025,10.0,40.0,1.0,calendar_reference_slow_response,illustrative reference convention; not calibrated,1.0.0,calendar_epps_curve,87.5,second,coupling,0.5941471499521571,normalized_correlation,0.5941471499521571
F6,0.1,0.025,10.0,40.0,1.0,calendar_reference_slow_response,illustrative reference convention; not calibrated,1.0.0,calendar_epps_curve,88.0,second,coupling,0.5958196174374245,normalized_correlation,0.5958196174374245
F6,0.1,0.025,10.0,40.0,1.0,calendar_reference_slow_response,illustrative reference convention; not calibrated,1.0.0,calendar_epps_curve,88.5,second,coupling,0.5974810121687001,normalized_correlation,0.5974810121687001
F6,0.1,0.025,10.0,40.0,1.0,calendar_reference_slow_response,illustrative reference convention; not calibrated,1.0.0,calendar_epps_curve,89.0,second,coupling,0.5991314241055412,normalized_correlation,0.5991314241055412
F6,0.1,0.025,10.0,40.0,1.0,calendar_reference_slow_response,illustrative reference convention; not calibrated,1.0.0,calendar_epps_curve,89.5,second,coupling,0.6007709423912564,normalized_correlation,0.6007709423912564
F6,0.1,0.025,10.0,40.0,1.0,calendar_reference_slow_response,illustrative reference convention; not calibrated,1.0.0,calendar_epps_curve,90.0,second,coupling,0.6023996553608286,normalized_correlation,0.6023996553608286
F6,0.1,0.025,10.0,40.0,1.0,calendar_reference_slow_response,illustrative reference convention; not calibrated,1.0.0,calendar_epps_curve,90.5,second,coupling,0.6040176505487588,normalized_correlation,0.6040176505487588
F6,0.1,0.025,10.0,40.0,1.0,calendar_reference_slow_response,illustrative reference convention; not calibrated,1.0.0,calendar_epps_curve,91.0,second,coupling,0.6056250146968292,normalized_correlation,0.6056250146968292
F6,0.1,0.025,10.0,40.0,1.0,calendar_reference_slow_response,illustrative reference convention; not calibrated,1.0.0,calendar_epps_curve,91.5,second,coupling,0.6072218337617885,normalized_correlation,0.6072218337617885
F6,0.1,0.025,10.0,40.0,1.0,calendar_reference_slow_response,illustrative reference convention; not calibrated,1.0.0,calendar_epps_curve,92.0,second,coupling,0.6088081929229582,normalized_correlation,0.6088081929229582
F6,0.1,0.025,10.0,40.0,1.0,calendar_reference_slow_response,illustrative reference convention; not calibrated,1.0.0,calendar_epps_curve,92.5,second,coupling,0.6103841765897627,normalized_correlation,0.6103841765897627
F6,0.1,0.025,10.0,40.0,1.0,calendar_reference_slow_response,illustrative reference convention; not calibrated,1.0.0,calendar_epps_curve,93.0,second,coupling,0.6119498684091829,normalized_correlation,0.6119498684091829
F6,0.1,0.025,10.0,40.0,1.0,calendar_reference_slow_response,illustrative reference convention; not calibrated,1.0.0,calendar_epps_curve,93.5,second,coupling,0.6135053512731332,normalized_correlation,0.6135053512731332
F6,0.1,0.025,10.0,40.0,1.0,calendar_reference_slow_response,illustrative reference convention; not calibrated,1.0.0,calendar_epps_curve,94.0,second,coupling,0.6150507073257658,normalized_correlation,0.6150507073257658
F6,0.1,0.025,10.0,40.0,1.0,calendar_reference_slow_response,illustrative reference convention; not calibrated,1.0.0,calendar_epps_curve,94.5,second,coupling,0.6165860179706992,normalized_correlation,0.6165860179706992
F6,0.1,0.025,10.0,40.0,1.0,calendar_reference_slow_response,illustrative reference convention; not calibrated,1.0.0,calendar_epps_curve,95.0,second,coupling,0.6181113638781741,normalized_correlation,0.6181113638781741
F6,0.1,0.025,10.0,40.0,1.0,calendar_reference_slow_response,illustrative reference convention; not calibrated,1.0.0,calendar_epps_curve,95.5,second,coupling,0.6196268249921377,normalized_correlation,0.6196268249921377
F6,0.1,0.025,10.0,40.0,1.0,calendar_reference_slow_response,illustrative reference convention; not calibrated,1.0.0,calendar_epps_curve,96.0,second,coupling,0.6211324805372552,normalized_correlation,0.6211324805372552
F6,0.1,0.025,10.0,40.0,1.0,calendar_reference_slow_response,illustrative reference convention; not calibrated,1.0.0,calendar_epps_curve,96.5,second,coupling,0.6226284090258507,normalized_correlation,0.6226284090258507
F6,0.1,0.025,10.0,40.0,1.0,calendar_reference_slow_response,illustrative reference convention; not calibrated,1.0.0,calendar_epps_curve,97.0,second,coupling,0.6241146882647783,normalized_correlation,0.6241146882647783
F6,0.1,0.025,10.0,40.0,1.0,calendar_reference_slow_response,illustrative reference convention; not calibrated,1.0.0,calendar_epps_curve,97.5,second,coupling,0.6255913953622237,normalized_correlation,0.6255913953622237
F6,0.1,0.025,10.0,40.0,1.0,calendar_reference_slow_response,illustrative reference convention; not calibrated,1.0.0,calendar_epps_curve,98.0,second,coupling,0.627058606734437,normalized_correlation,0.627058606734437
F6,0.1,0.025,10.0,40.0,1.0,calendar_reference_slow_response,illustrative reference convention; not calibrated,1.0.0,calendar_epps_curve,98.5,second,coupling,0.6285163981123967,normalized_correlation,0.6285163981123967
F6,0.1,0.025,10.0,40.0,1.0,calendar_reference_slow_response,illustrative reference convention; not calibrated,1.0.0,calendar_epps_curve,99.0,second,coupling,0.6299648445484083,normalized_correlation,0.6299648445484083
F6,0.1,0.025,10.0,40.0,1.0,calendar_reference_slow_response,illustrative reference convention; not calibrated,1.0.0,calendar_epps_curve,99.5,second,coupling,0.6314040204226342,normalized_correlation,0.6314040204226342
F6,0.1,0.025,10.0,40.0,1.0,calendar_reference_slow_response,illustrative reference convention; not calibrated,1.0.0,calendar_epps_curve,100.0,second,coupling,0.6328339994495595,normalized_correlation,0.6328339994495595
F6,0.1,0.025,10.0,40.0,1.0,calendar_reference_slow_response,illustrative reference convention; not calibrated,1.0.0,calendar_epps_curve,100.5,second,coupling,0.6342548546843914,normalized_correlation,0.6342548546843914
F6,0.1,0.025,10.0,40.0,1.0,calendar_reference_slow_response,illustrative reference convention; not calibrated,1.0.0,calendar_epps_curve,101.0,second,coupling,0.6356666585293943,normalized_correlation,0.6356666585293943
F6,0.1,0.025,10.0,40.0,1.0,calendar_reference_slow_response,illustrative reference convention; not calibrated,1.0.0,calendar_epps_curve,101.5,second,coupling,0.6370694827401618,normalized_correlation,0.6370694827401618
F6,0.1,0.025,10.0,40.0,1.0,calendar_reference_slow_response,illustrative reference convention; not calibrated,1.0.0,calendar_epps_curve,102.0,second,coupling,0.6384633984318249,normalized_correlation,0.6384633984318249
F6,0.1,0.025,10.0,40.0,1.0,calendar_reference_slow_response,illustrative reference convention; not calibrated,1.0.0,calendar_epps_curve,102.5,second,coupling,0.6398484760851968,normalized_correlation,0.6398484760851968
F6,0.1,0.025,10.0,40.0,1.0,calendar_reference_slow_response,illustrative reference convention; not calibrated,1.0.0,calendar_epps_curve,103.0,second,coupling,0.6412247855528583,normalized_correlation,0.6412247855528583
F6,0.1,0.025,10.0,40.0,1.0,calendar_reference_slow_response,illustrative reference convention; not calibrated,1.0.0,calendar_epps_curve,103.5,second,coupling,0.6425923960651797,normalized_correlation,0.6425923960651797
F6,0.1,0.025,10.0,40.0,1.0,calendar_reference_slow_response,illustrative reference convention; not calibrated,1.0.0,calendar_epps_curve,104.0,second,coupling,0.6439513762362823,normalized_correlation,0.6439513762362823
F6,0.1,0.025,10.0,40.0,1.0,calendar_reference_slow_response,illustrative reference convention; not calibrated,1.0.0,calendar_epps_curve,104.5,second,coupling,0.6453017940699415,normalized_correlation,0.6453017940699415
F6,0.1,0.025,10.0,40.0,1.0,calendar_reference_slow_response,illustrative reference convention; not calibrated,1.0.0,calendar_epps_curve,105.0,second,coupling,0.6466437169654291,normalized_correlation,0.6466437169654291
F6,0.1,0.025,10.0,40.0,1.0,calendar_reference_slow_response,illustrative reference convention; not calibrated,1.0.0,calendar_epps_curve,105.5,second,coupling,0.6479772117232976,normalized_correlation,0.6479772117232976
F6,0.1,0.025,10.0,40.0,1.0,calendar_reference_slow_response,illustrative reference convention; not calibrated,1.0.0,calendar_epps_curve,106.0,second,coupling,0.6493023445511055,normalized_correlation,0.6493023445511055
F6,0.1,0.025,10.0,40.0,1.0,calendar_reference_slow_response,illustrative reference convention; not calibrated,1.0.0,calendar_epps_curve,106.5,second,coupling,0.6506191810690869,normalized_correlation,0.6506191810690869
F6,0.1,0.025,10.0,40.0,1.0,calendar_reference_slow_response,illustrative reference convention; not calibrated,1.0.0,calendar_epps_curve,107.0,second,coupling,0.6519277863157618,normalized_correlation,0.6519277863157618
F6,0.1,0.025,10.0,40.0,1.0,calendar_reference_slow_response,illustrative reference convention; not calibrated,1.0.0,calendar_epps_curve,107.5,second,coupling,0.6532282247534922,normalized_correlation,0.6532282247534922
F6,0.1,0.025,10.0,40.0,1.0,calendar_reference_slow_response,illustrative reference convention; not calibrated,1.0.0,calendar_epps_curve,108.0,second,coupling,0.6545205602739814,normalized_correlation,0.6545205602739814
F6,0.1,0.025,10.0,40.0,1.0,calendar_reference_slow_response,illustrative reference convention; not calibrated,1.0.0,calendar_epps_curve,108.5,second,coupling,0.6558048562037182,normalized_correlation,0.6558048562037182
F6,0.1,0.025,10.0,40.0,1.0,calendar_reference_slow_response,illustrative reference convention; not calibrated,1.0.0,calendar_epps_curve,109.0,second,coupling,0.6570811753093668,normalized_correlation,0.6570811753093668
F6,0.1,0.025,10.0,40.0,1.0,calendar_reference_slow_response,illustrative reference convention; not calibrated,1.0.0,calendar_epps_curve,109.5,second,coupling,0.6583495798031023,normalized_correlation,0.6583495798031023
F6,0.1,0.025,10.0,40.0,1.0,calendar_reference_slow_response,illustrative reference convention; not calibrated,1.0.0,calendar_epps_curve,110.0,second,coupling,0.6596101313478937,normalized_correlation,0.6596101313478937
F6,0.1,0.025,10.0,40.0,1.0,calendar_reference_slow_response,illustrative reference convention; not calibrated,1.0.0,calendar_epps_curve,110.5,second,coupling,0.6608628910627324,normalized_correlation,0.6608628910627324
F6,0.1,0.025,10.0,40.0,1.0,calendar_reference_slow_response,illustrative reference convention; not calibrated,1.0.0,calendar_epps_curve,111.0,second,coupling,0.6621079195278103,normalized_correlation,0.6621079195278103
F6,0.1,0.025,10.0,40.0,1.0,calendar_reference_slow_response,illustrative reference convention; not calibrated,1.0.0,calendar_epps_curve,111.5,second,coupling,0.6633452767896438,normalized_correlation,0.6633452767896438
F6,0.1,0.025,10.0,40.0,1.0,calendar_reference_slow_response,illustrative reference convention; not calibrated,1.0.0,calendar_epps_curve,112.0,second,coupling,0.6645750223661493,normalized_correlation,0.6645750223661493
F6,0.1,0.025,10.0,40.0,1.0,calendar_reference_slow_response,illustrative reference convention; not calibrated,1.0.0,calendar_epps_curve,112.5,second,coupling,0.665797215251665,normalized_correlation,0.665797215251665
F6,0.1,0.025,10.0,40.0,1.0,calendar_reference_slow_response,illustrative reference convention; not calibrated,1.0.0,calendar_epps_curve,113.0,second,coupling,0.6670119139219253,normalized_correlation,0.6670119139219253
F6,0.1,0.025,10.0,40.0,1.0,calendar_reference_slow_response,illustrative reference convention; not calibrated,1.0.0,calendar_epps_curve,113.5,second,coupling,0.6682191763389828,normalized_correlation,0.6682191763389828
F6,0.1,0.025,10.0,40.0,1.0,calendar_reference_slow_response,illustrative reference convention; not calibrated,1.0.0,calendar_epps_curve,114.0,second,coupling,0.6694190599560836,normalized_correlation,0.6694190599560836
F6,0.1,0.025,10.0,40.0,1.0,calendar_reference_slow_response,illustrative reference convention; not calibrated,1.0.0,calendar_epps_curve,114.5,second,coupling,0.6706116217224927,normalized_correlation,0.6706116217224927
F6,0.1,0.025,10.0,40.0,1.0,calendar_reference_slow_response,illustrative reference convention; not calibrated,1.0.0,calendar_epps_curve,115.0,second,coupling,0.6717969180882704,normalized_correlation,0.6717969180882704
F6,0.1,0.025,10.0,40.0,1.0,calendar_reference_slow_response,illustrative reference convention; not calibrated,1.0.0,calendar_epps_curve,115.5,second,coupling,0.6729750050090031,normalized_correlation,0.6729750050090031
F6,0.1,0.025,10.0,40.0,1.0,calendar_reference_slow_response,illustrative reference convention; not calibrated,1.0.0,calendar_epps_curve,116.0,second,coupling,0.6741459379504853,normalized_correlation,0.6741459379504853
F6,0.1,0.025,10.0,40.0,1.0,calendar_reference_slow_response,illustrative reference convention; not calibrated,1.0.0,calendar_epps_curve,116.5,second,coupling,0.6753097718933554,normalized_correlation,0.6753097718933554
F6,0.1,0.025,10.0,40.0,1.0,calendar_reference_slow_response,illustrative reference convention; not calibrated,1.0.0,calendar_epps_curve,117.0,second,coupling,0.6764665613376856,normalized_correlation,0.6764665613376856
F6,0.1,0.025,10.0,40.0,1.0,calendar_reference_slow_response,illustrative reference convention; not calibrated,1.0.0,calendar_epps_curve,117.5,second,coupling,0.6776163603075254,normalized_correlation,0.6776163603075254
F6,0.1,0.025,10.0,40.0,1.0,calendar_reference_slow_response,illustrative reference convention; not calibrated,1.0.0,calendar_epps_curve,118.0,second,coupling,0.6787592223554009,normalized_correlation,0.6787592223554009
F6,0.1,0.025,10.0,40.0,1.0,calendar_reference_slow_response,illustrative reference convention; not calibrated,1.0.0,calendar_epps_curve,118.5,second,coupling,0.6798952005667678,normalized_correlation,0.6798952005667678
F6,0.1,0.025,10.0,40.0,1.0,calendar_reference_slow_response,illustrative reference convention; not calibrated,1.0.0,calendar_epps_curve,119.0,second,coupling,0.6810243475644217,normalized_correlation,0.6810243475644217
F6,0.1,0.025,10.0,40.0,1.0,calendar_reference_slow_response,illustrative reference convention; not calibrated,1.0.0,calendar_epps_curve,119.5,second,coupling,0.6821467155128634,normalized_correlation,0.6821467155128634
F6,0.1,0.025,10.0,40.0,1.0,calendar_reference_slow_response,illustrative reference convention; not calibrated,1.0.0,calendar_epps_curve,120.0,second,coupling,0.6832623561226213,normalized_correlation,0.6832623561226213
F6,0.1,0.025,10.0,40.0,1.0,calendar_reference_slow_response,illustrative reference convention; not calibrated,1.0.0,calendar_epps_curve,120.5,second,coupling,0.6843713206545307,normalized_correlation,0.6843713206545307
F6,0.1,0.025,10.0,40.0,1.0,calendar_reference_slow_response,illustrative reference convention; not calibrated,1.0.0,calendar_epps_curve,121.0,second,coupling,0.6854736599239702,normalized_correlation,0.6854736599239702
F6,0.1,0.025,10.0,40.0,1.0,calendar_reference_slow_response,illustrative reference convention; not calibrated,1.0.0,calendar_epps_curve,121.5,second,coupling,0.6865694243050573,normalized_correlation,0.6865694243050573
F6,0.1,0.025,10.0,40.0,1.0,calendar_reference_slow_response,illustrative reference convention; not calibrated,1.0.0,calendar_epps_curve,122.0,second,coupling,0.6876586637348003,normalized_correlation,0.6876586637348003
F6,0.1,0.025,10.0,40.0,1.0,calendar_reference_slow_response,illustrative reference convention; not calibrated,1.0.0,calendar_epps_curve,122.5,second,coupling,0.688741427717211,normalized_correlation,0.688741427717211
F6,0.1,0.025,10.0,40.0,1.0,calendar_reference_slow_response,illustrative reference convention; not calibrated,1.0.0,calendar_epps_curve,123.0,second,coupling,0.6898177653273756,normalized_correlation,0.6898177653273756
F6,0.1,0.025,10.0,40.0,1.0,calendar_reference_slow_response,illustrative reference convention; not calibrated,1.0.0,calendar_epps_curve,123.5,second,coupling,0.6908877252154848,normalized_correlation,0.6908877252154848
F6,0.1,0.025,10.0,40.0,1.0,calendar_reference_slow_response,illustrative reference convention; not calibrated,1.0.0,calendar_epps_curve,124.0,second,coupling,0.6919513556108251,normalized_correlation,0.6919513556108251
F6,0.1,0.025,10.0,40.0,1.0,calendar_reference_slow_response,illustrative reference convention; not calibrated,1.0.0,calendar_epps_curve,124.5,second,coupling,0.6930087043257297,normalized_correlation,0.6930087043257297
F6,0.1,0.025,10.0,40.0,1.0,calendar_reference_slow_response,illustrative reference convention; not calibrated,1.0.0,calendar_epps_curve,125.0,second,coupling,0.6940598187594904,normalized_correlation,0.6940598187594904
F6,0.1,0.025,10.0,40.0,1.0,calendar_reference_slow_response,illustrative reference convention; not calibrated,1.0.0,calendar_epps_curve,125.5,second,coupling,0.6951047459022313,normalized_correlation,0.6951047459022313
F6,0.1,0.025,10.0,40.0,1.0,calendar_reference_slow_response,illustrative reference convention; not calibrated,1.0.0,calendar_epps_curve,126.0,second,coupling,0.6961435323387429,normalized_correlation,0.6961435323387429
F6,0.1,0.025,10.0,40.0,1.0,calendar_reference_slow_response,illustrative reference convention; not calibrated,1.0.0,calendar_epps_curve,126.5,second,coupling,0.6971762242522803,normalized_correlation,0.6971762242522803
F6,0.1,0.025,10.0,40.0,1.0,calendar_reference_slow_response,illustrative reference convention; not calibrated,1.0.0,calendar_epps_curve,127.0,second,coupling,0.6982028674283213,normalized_correlation,0.6982028674283213
F6,0.1,0.025,10.0,40.0,1.0,calendar_reference_slow_response,illustrative reference convention; not calibrated,1.0.0,calendar_epps_curve,127.5,second,coupling,0.6992235072582894,normalized_correlation,0.6992235072582894
F6,0.1,0.025,10.0,40.0,1.0,calendar_reference_slow_response,illustrative reference convention; not calibrated,1.0.0,calendar_epps_curve,128.0,second,coupling,0.7002381887432394,normalized_correlation,0.7002381887432394
F6,0.1,0.025,10.0,40.0,1.0,calendar_reference_slow_response,illustrative reference convention; not calibrated,1.0.0,calendar_epps_curve,128.5,second,coupling,0.7012469564975059,normalized_correlation,0.7012469564975059
F6,0.1,0.025,10.0,40.0,1.0,calendar_reference_slow_response,illustrative reference convention; not calibrated,1.0.0,calendar_epps_curve,129.0,second,coupling,0.7022498547523166,normalized_correlation,0.7022498547523166
F6,0.1,0.025,10.0,40.0,1.0,calendar_reference_slow_response,illustrative reference convention; not calibrated,1.0.0,calendar_epps_curve,129.5,second,coupling,0.7032469273593698,normalized_correlation,0.7032469273593698
F6,0.1,0.025,10.0,40.0,1.0,calendar_reference_slow_response,illustrative reference convention; not calibrated,1.0.0,calendar_epps_curve,130.0,second,coupling,0.704238217794376,normalized_correlation,0.704238217794376
F6,0.1,0.025,10.0,40.0,1.0,calendar_reference_slow_response,illustrative reference convention; not calibrated,1.0.0,calendar_epps_curve,130.5,second,coupling,0.7052237691605654,normalized_correlation,0.7052237691605654
F6,0.1,0.025,10.0,40.0,1.0,calendar_reference_slow_response,illustrative reference convention; not calibrated,1.0.0,calendar_epps_curve,131.0,second,coupling,0.7062036241921603,normalized_correlation,0.7062036241921603
F6,0.1,0.025,10.0,40.0,1.0,calendar_reference_slow_response,illustrative reference convention; not calibrated,1.0.0,calendar_epps_curve,131.5,second,coupling,0.7071778252578134,normalized_correlation,0.7071778252578134
F6,0.1,0.025,10.0,40.0,1.0,calendar_reference_slow_response,illustrative reference convention; not calibrated,1.0.0,calendar_epps_curve,132.0,second,coupling,0.7081464143640122,normalized_correlation,0.7081464143640122
F6,0.1,0.025,10.0,40.0,1.0,calendar_reference_slow_response,illustrative reference convention; not calibrated,1.0.0,calendar_epps_curve,132.5,second,coupling,0.7091094331584495,normalized_correlation,0.7091094331584495
F6,0.1,0.025,10.0,40.0,1.0,calendar_reference_slow_response,illustrative reference convention; not calibrated,1.0.0,calendar_epps_curve,133.0,second,coupling,0.7100669229333623,normalized_correlation,0.7100669229333623
F6,0.1,0.025,10.0,40.0,1.0,calendar_reference_slow_response,illustrative reference convention; not calibrated,1.0.0,calendar_epps_curve,133.5,second,coupling,0.7110189246288351,normalized_correlation,0.7110189246288351
F6,0.1,0.025,10.0,40.0,1.0,calendar_reference_slow_response,illustrative reference convention; not calibrated,1.0.0,calendar_epps_curve,134.0,second,coupling,0.7119654788360732,normalized_correlation,0.7119654788360732
F6,0.1,0.025,10.0,40.0,1.0,calendar_reference_slow_response,illustrative reference convention; not calibrated,1.0.0,calendar_epps_curve,134.5,second,coupling,0.7129066258006427,normalized_correlation,0.7129066258006427
F6,0.1,0.025,10.0,40.0,1.0,calendar_reference_slow_response,illustrative reference convention; not calibrated,1.0.0,calendar_epps_curve,135.0,second,coupling,0.7138424054256789,normalized_correlation,0.7138424054256789
F6,0.1,0.025,10.0,40.0,1.0,calendar_reference_slow_response,illustrative reference convention; not calibrated,1.0.0,calendar_epps_curve,135.5,second,coupling,0.7147728572750627,normalized_correlation,0.7147728572750627
F6,0.1,0.025,10.0,40.0,1.0,calendar_reference_slow_response,illustrative reference convention; not calibrated,1.0.0,calendar_epps_curve,136.0,second,coupling,0.7156980205765665,normalized_correlation,0.7156980205765665
F6,0.1,0.025,10.0,40.0,1.0,calendar_reference_slow_response,illustrative reference convention; not calibrated,1.0.0,calendar_epps_curve,136.5,second,coupling,0.7166179342249692,normalized_correlation,0.7166179342249692
F6,0.1,0.025,10.0,40.0,1.0,calendar_reference_slow_response,illustrative reference convention; not calibrated,1.0.0,calendar_epps_curve,137.0,second,coupling,0.7175326367851397,normalized_correlation,0.7175326367851397
F6,0.1,0.025,10.0,40.0,1.0,calendar_reference_slow_response,illustrative reference convention; not calibrated,1.0.0,calendar_epps_curve,137.5,second,coupling,0.7184421664950913,normalized_correlation,0.7184421664950913
F6,0.1,0.025,10.0,40.0,1.0,calendar_reference_slow_response,illustrative reference convention; not calibrated,1.0.0,calendar_epps_curve,138.0,second,coupling,0.7193465612690052,normalized_correlation,0.7193465612690052
F6,0.1,0.025,10.0,40.0,1.0,calendar_reference_slow_response,illustrative reference convention; not calibrated,1.0.0,calendar_epps_curve,138.5,second,coupling,0.7202458587002256,normalized_correlation,0.7202458587002256
F6,0.1,0.025,10.0,40.0,1.0,calendar_reference_slow_response,illustrative reference convention; not calibrated,1.0.0,calendar_epps_curve,139.0,second,coupling,0.7211400960642236,normalized_correlation,0.7211400960642236
F6,0.1,0.025,10.0,40.0,1.0,calendar_reference_slow_response,illustrative reference convention; not calibrated,1.0.0,calendar_epps_curve,139.5,second,coupling,0.7220293103215341,normalized_correlation,0.7220293103215341
F6,0.1,0.025,10.0,40.0,1.0,calendar_reference_slow_response,illustrative reference convention; not calibrated,1.0.0,calendar_epps_curve,140.0,second,coupling,0.7229135381206624,normalized_correlation,0.7229135381206624
F6,0.1,0.025,10.0,40.0,1.0,calendar_reference_slow_response,illustrative reference convention; not calibrated,1.0.0,calendar_epps_curve,140.5,second,coupling,0.7237928158009633,normalized_correlation,0.7237928158009633
F6,0.1,0.025,10.0,40.0,1.0,calendar_reference_slow_response,illustrative reference convention; not calibrated,1.0.0,calendar_epps_curve,141.0,second,coupling,0.7246671793954915,normalized_correlation,0.7246671793954915
F6,0.1,0.025,10.0,40.0,1.0,calendar_reference_slow_response,illustrative reference convention; not calibrated,1.0.0,calendar_epps_curve,141.5,second,coupling,0.725536664633824,normalized_correlation,0.725536664633824
F6,0.1,0.025,10.0,40.0,1.0,calendar_reference_slow_response,illustrative reference convention; not calibrated,1.0.0,calendar_epps_curve,142.0,second,coupling,0.7264013069448563,normalized_correlation,0.7264013069448563
F6,0.1,0.025,10.0,40.0,1.0,calendar_reference_slow_response,illustrative reference convention; not calibrated,1.0.0,calendar_epps_curve,142.5,second,coupling,0.7272611414595687,normalized_correlation,0.7272611414595687
F6,0.1,0.025,10.0,40.0,1.0,calendar_reference_slow_response,illustrative reference convention; not calibrated,1.0.0,calendar_epps_curve,143.0,second,coupling,0.7281162030137683,normalized_correlation,0.7281162030137683
F6,0.1,0.025,10.0,40.0,1.0,calendar_reference_slow_response,illustrative reference convention; not calibrated,1.0.0,calendar_epps_curve,143.5,second,coupling,0.7289665261508029,normalized_correlation,0.7289665261508029
F6,0.1,0.025,10.0,40.0,1.0,calendar_reference_slow_response,illustrative reference convention; not calibrated,1.0.0,calendar_epps_curve,144.0,second,coupling,0.7298121451242479,normalized_correlation,0.7298121451242479
F6,0.1,0.025,10.0,40.0,1.0,calendar_reference_slow_response,illustrative reference convention; not calibrated,1.0.0,calendar_epps_curve,144.5,second,coupling,0.7306530939005682,normalized_correlation,0.7306530939005682
F6,0.1,0.025,10.0,40.0,1.0,calendar_reference_slow_response,illustrative reference convention; not calibrated,1.0.0,calendar_epps_curve,145.0,second,coupling,0.7314894061617532,normalized_correlation,0.7314894061617532
F6,0.1,0.025,10.0,40.0,1.0,calendar_reference_slow_response,illustrative reference convention; not calibrated,1.0.0,calendar_epps_curve,145.5,second,coupling,0.7323211153079272,normalized_correlation,0.7323211153079272
F6,0.1,0.025,10.0,40.0,1.0,calendar_reference_slow_response,illustrative reference convention; not calibrated,1.0.0,calendar_epps_curve,146.0,second,coupling,0.733148254459933,normalized_correlation,0.733148254459933
F6,0.1,0.025,10.0,40.0,1.0,calendar_reference_slow_response,illustrative reference convention; not calibrated,1.0.0,calendar_epps_curve,146.5,second,coupling,0.7339708564618912,normalized_correlation,0.7339708564618912
F6,0.1,0.025,10.0,40.0,1.0,calendar_reference_slow_response,illustrative reference convention; not calibrated,1.0.0,calendar_epps_curve,147.0,second,coupling,0.7347889538837347,normalized_correlation,0.7347889538837347
F6,0.1,0.025,10.0,40.0,1.0,calendar_reference_slow_response,illustrative reference convention; not calibrated,1.0.0,calendar_epps_curve,147.5,second,coupling,0.735602579023718,normalized_correlation,0.735602579023718
F6,0.1,0.025,10.0,40.0,1.0,calendar_reference_slow_response,illustrative reference convention; not calibrated,1.0.0,calendar_epps_curve,148.0,second,coupling,0.7364117639109026,normalized_correlation,0.7364117639109026
F6,0.1,0.025,10.0,40.0,1.0,calendar_reference_slow_response,illustrative reference convention; not calibrated,1.0.0,calendar_epps_curve,148.5,second,coupling,0.7372165403076175,normalized_correlation,0.7372165403076175
F6,0.1,0.025,10.0,40.0,1.0,calendar_reference_slow_response,illustrative reference convention; not calibrated,1.0.0,calendar_epps_curve,149.0,second,coupling,0.7380169397118972,normalized_correlation,0.7380169397118972
F6,0.1,0.025,10.0,40.0,1.0,calendar_reference_slow_response,illustrative reference convention; not calibrated,1.0.0,calendar_epps_curve,149.5,second,coupling,0.738812993359894,normalized_correlation,0.738812993359894
F6,0.1,0.025,10.0,40.0,1.0,calendar_reference_slow_response,illustrative reference convention; not calibrated,1.0.0,calendar_epps_curve,150.0,second,coupling,0.7396047322282691,normalized_correlation,0.7396047322282691
F6,0.1,0.025,10.0,40.0,1.0,calendar_reference_slow_response,illustrative reference convention; not calibrated,1.0.0,calendar_epps_curve,150.5,second,coupling,0.7403921870365586,normalized_correlation,0.7403921870365586
F6,0.1,0.025,10.0,40.0,1.0,calendar_reference_slow_response,illustrative reference convention; not calibrated,1.0.0,calendar_epps_curve,151.0,second,coupling,0.7411753882495176,normalized_correlation,0.7411753882495176
F6,0.1,0.025,10.0,40.0,1.0,calendar_reference_slow_response,illustrative reference convention; not calibrated,1.0.0,calendar_epps_curve,151.5,second,coupling,0.7419543660794417,normalized_correlation,0.7419543660794417
F6,0.1,0.025,10.0,40.0,1.0,calendar_reference_slow_response,illustrative reference convention; not calibrated,1.0.0,calendar_epps_curve,152.0,second,coupling,0.7427291504884646,normalized_correlation,0.7427291504884646
F6,0.1,0.025,10.0,40.0,1.0,calendar_reference_slow_response,illustrative reference convention; not calibrated,1.0.0,calendar_epps_curve,152.5,second,coupling,0.743499771190836,normalized_correlation,0.743499771190836
F6,0.1,0.025,10.0,40.0,1.0,calendar_reference_slow_response,illustrative reference convention; not calibrated,1.0.0,calendar_epps_curve,153.0,second,coupling,0.7442662576551746,normalized_correlation,0.7442662576551746
F6,0.1,0.025,10.0,40.0,1.0,calendar_reference_slow_response,illustrative reference convention; not calibrated,1.0.0,calendar_epps_curve,153.5,second,coupling,0.7450286391067009,normalized_correlation,0.7450286391067009
F6,0.1,0.025,10.0,40.0,1.0,calendar_reference_slow_response,illustrative reference convention; not calibrated,1.0.0,calendar_epps_curve,154.0,second,coupling,0.7457869445294487,normalized_correlation,0.7457869445294487
F6,0.1,0.025,10.0,40.0,1.0,calendar_reference_slow_response,illustrative reference convention; not calibrated,1.0.0,calendar_epps_curve,154.5,second,coupling,0.7465412026684536,normalized_correlation,0.7465412026684536
F6,0.1,0.025,10.0,40.0,1.0,calendar_reference_slow_response,illustrative reference convention; not calibrated,1.0.0,calendar_epps_curve,155.0,second,coupling,0.7472914420319225,normalized_correlation,0.7472914420319225
F6,0.1,0.025,10.0,40.0,1.0,calendar_reference_slow_response,illustrative reference convention; not calibrated,1.0.0,calendar_epps_curve,155.5,second,coupling,0.7480376908933801,normalized_correlation,0.7480376908933801
F6,0.1,0.025,10.0,40.0,1.0,calendar_reference_slow_response,illustrative reference convention; not calibrated,1.0.0,calendar_epps_curve,156.0,second,coupling,0.748779977293796,normalized_correlation,0.748779977293796
F6,0.1,0.025,10.0,40.0,1.0,calendar_reference_slow_response,illustrative reference convention; not calibrated,1.0.0,calendar_epps_curve,156.5,second,coupling,0.7495183290436906,normalized_correlation,0.7495183290436906
F6,0.1,0.025,10.0,40.0,1.0,calendar_reference_slow_response,illustrative reference convention; not calibrated,1.0.0,calendar_epps_curve,157.0,second,coupling,0.7502527737252211,normalized_correlation,0.7502527737252211
F6,0.1,0.025,10.0,40.0,1.0,calendar_reference_slow_response,illustrative reference convention; not calibrated,1.0.0,calendar_epps_curve,157.5,second,coupling,0.750983338694247,normalized_correlation,0.750983338694247
F6,0.1,0.025,10.0,40.0,1.0,calendar_reference_slow_response,illustrative reference convention; not calibrated,1.0.0,calendar_epps_curve,158.0,second,coupling,0.7517100510823764,normalized_correlation,0.7517100510823764
F6,0.1,0.025,10.0,40.0,1.0,calendar_reference_slow_response,illustrative reference convention; not calibrated,1.0.0,calendar_epps_curve,158.5,second,coupling,0.7524329377989911,normalized_correlation,0.7524329377989911
F6,0.1,0.025,10.0,40.0,1.0,calendar_reference_slow_response,illustrative reference convention; not calibrated,1.0.0,calendar_epps_curve,159.0,second,coupling,0.753152025533254,normalized_correlation,0.753152025533254
F6,0.1,0.025,10.0,40.0,1.0,calendar_reference_slow_response,illustrative reference convention; not calibrated,1.0.0,calendar_epps_curve,159.5,second,coupling,0.7538673407560958,normalized_correlation,0.7538673407560958
F6,0.1,0.025,10.0,40.0,1.0,calendar_reference_slow_response,illustrative reference convention; not calibrated,1.0.0,calendar_epps_curve,160.0,second,coupling,0.7545789097221836,normalized_correlation,0.7545789097221836
F6,0.1,0.025,10.0,40.0,1.0,calendar_reference_slow_response,illustrative reference convention; not calibrated,1.0.0,calendar_epps_curve,160.5,second,coupling,0.7552867584718694,normalized_correlation,0.7552867584718694
F6,0.1,0.025,10.0,40.0,1.0,calendar_reference_slow_response,illustrative reference convention; not calibrated,1.0.0,calendar_epps_curve,161.0,second,coupling,0.7559909128331215,normalized_correlation,0.7559909128331215
F6,0.1,0.025,10.0,40.0,1.0,calendar_reference_slow_response,illustrative reference convention; not calibrated,1.0.0,calendar_epps_curve,161.5,second,coupling,0.7566913984234351,normalized_correlation,0.7566913984234351
F6,0.1,0.025,10.0,40.0,1.0,calendar_reference_slow_response,illustrative reference convention; not calibrated,1.0.0,calendar_epps_curve,162.0,second,coupling,0.7573882406517267,normalized_correlation,0.7573882406517267
F6,0.1,0.025,10.0,40.0,1.0,calendar_reference_slow_response,illustrative reference convention; not calibrated,1.0.0,calendar_epps_curve,162.5,second,coupling,0.7580814647202095,normalized_correlation,0.7580814647202095
F6,0.1,0.025,10.0,40.0,1.0,calendar_reference_slow_response,illustrative reference convention; not calibrated,1.0.0,calendar_epps_curve,163.0,second,coupling,0.7587710956262501,normalized_correlation,0.7587710956262501
F6,0.1,0.025,10.0,40.0,1.0,calendar_reference_slow_response,illustrative reference convention; not calibrated,1.0.0,calendar_epps_curve,163.5,second,coupling,0.7594571581642082,normalized_correlation,0.7594571581642082
F6,0.1,0.025,10.0,40.0,1.0,calendar_reference_slow_response,illustrative reference convention; not calibrated,1.0.0,calendar_epps_curve,164.0,second,coupling,0.7601396769272588,normalized_correlation,0.7601396769272588
F6,0.1,0.025,10.0,40.0,1.0,calendar_reference_slow_response,illustrative reference convention; not calibrated,1.0.0,calendar_epps_curve,164.5,second,coupling,0.7608186763091964,normalized_correlation,0.7608186763091964
F6,0.1,0.025,10.0,40.0,1.0,calendar_reference_slow_response,illustrative reference convention; not calibrated,1.0.0,calendar_epps_curve,165.0,second,coupling,0.7614941805062221,normalized_correlation,0.7614941805062221
F6,0.1,0.025,10.0,40.0,1.0,calendar_reference_slow_response,illustrative reference convention; not calibrated,1.0.0,calendar_epps_curve,165.5,second,coupling,0.7621662135187132,normalized_correlation,0.7621662135187132
F6,0.1,0.025,10.0,40.0,1.0,calendar_reference_slow_response,illustrative reference convention; not calibrated,1.0.0,calendar_epps_curve,166.0,second,coupling,0.762834799152977,normalized_correlation,0.762834799152977
F6,0.1,0.025,10.0,40.0,1.0,calendar_reference_slow_response,illustrative reference convention; not calibrated,1.0.0,calendar_epps_curve,166.5,second,coupling,0.7634999610229867,normalized_correlation,0.7634999610229867
F6,0.1,0.025,10.0,40.0,1.0,calendar_reference_slow_response,illustrative reference convention; not calibrated,1.0.0,calendar_epps_curve,167.0,second,coupling,0.7641617225521009,normalized_correlation,0.7641617225521009
F6,0.1,0.025,10.0,40.0,1.0,calendar_reference_slow_response,illustrative reference convention; not calibrated,1.0.0,calendar_epps_curve,167.5,second,coupling,0.7648201069747673,normalized_correlation,0.7648201069747673
F6,0.1,0.025,10.0,40.0,1.0,calendar_reference_slow_response,illustrative reference convention; not calibrated,1.0.0,calendar_epps_curve,168.0,second,coupling,0.7654751373382089,normalized_correlation,0.7654751373382089
F6,0.1,0.025,10.0,40.0,1.0,calendar_reference_slow_response,illustrative reference convention; not calibrated,1.0.0,calendar_epps_curve,168.5,second,coupling,0.7661268365040961,normalized_correlation,0.7661268365040961
F6,0.1,0.025,10.0,40.0,1.0,calendar_reference_slow_response,illustrative reference convention; not calibrated,1.0.0,calendar_epps_curve,169.0,second,coupling,0.7667752271501999,normalized_correlation,0.7667752271501999
F6,0.1,0.025,10.0,40.0,1.0,calendar_reference_slow_response,illustrative reference convention; not calibrated,1.0.0,calendar_epps_curve,169.5,second,coupling,0.7674203317720325,normalized_correlation,0.7674203317720325
F6,0.1,0.025,10.0,40.0,1.0,calendar_reference_slow_response,illustrative reference convention; not calibrated,1.0.0,calendar_epps_curve,170.0,second,coupling,0.7680621726844704,normalized_correlation,0.7680621726844704
F6,0.1,0.025,10.0,40.0,1.0,calendar_reference_slow_response,illustrative reference convention; not calibrated,1.0.0,calendar_epps_curve,170.5,second,coupling,0.7687007720233618,normalized_correlation,0.7687007720233618
F6,0.1,0.025,10.0,40.0,1.0,calendar_reference_slow_response,illustrative reference convention; not calibrated,1.0.0,calendar_epps_curve,171.0,second,coupling,0.7693361517471199,normalized_correlation,0.7693361517471199
F6,0.1,0.025,10.0,40.0,1.0,calendar_reference_slow_response,illustrative reference convention; not calibrated,1.0.0,calendar_epps_curve,171.5,second,coupling,0.7699683336383002,normalized_correlation,0.7699683336383002
F6,0.1,0.025,10.0,40.0,1.0,calendar_reference_slow_response,illustrative reference convention; not calibrated,1.0.0,calendar_epps_curve,172.0,second,coupling,0.770597339305163,normalized_correlation,0.770597339305163
F6,0.1,0.025,10.0,40.0,1.0,calendar_reference_slow_response,illustrative reference convention; not calibrated,1.0.0,calendar_epps_curve,172.5,second,coupling,0.771223190183221,normalized_correlation,0.771223190183221
F6,0.1,0.025,10.0,40.0,1.0,calendar_reference_slow_response,illustrative reference convention; not calibrated,1.0.0,calendar_epps_curve,173.0,second,coupling,0.7718459075367725,normalized_correlation,0.7718459075367725
F6,0.1,0.025,10.0,40.0,1.0,calendar_reference_slow_response,illustrative reference convention; not calibrated,1.0.0,calendar_epps_curve,173.5,second,coupling,0.7724655124604191,normalized_correlation,0.7724655124604191
F6,0.1,0.025,10.0,40.0,1.0,calendar_reference_slow_response,illustrative reference convention; not calibrated,1.0.0,calendar_epps_curve,174.0,second,coupling,0.7730820258805702,normalized_correlation,0.7730820258805702
F6,0.1,0.025,10.0,40.0,1.0,calendar_reference_slow_response,illustrative reference convention; not calibrated,1.0.0,calendar_epps_curve,174.5,second,coupling,0.7736954685569323,normalized_correlation,0.7736954685569323
F6,0.1,0.025,10.0,40.0,1.0,calendar_reference_slow_response,illustrative reference convention; not calibrated,1.0.0,calendar_epps_curve,175.0,second,coupling,0.7743058610839849,normalized_correlation,0.7743058610839849
F6,0.1,0.025,10.0,40.0,1.0,calendar_reference_slow_response,illustrative reference convention; not calibrated,1.0.0,calendar_epps_curve,175.5,second,coupling,0.7749132238924415,normalized_correlation,0.7749132238924415
F6,0.1,0.025,10.0,40.0,1.0,calendar_reference_slow_response,illustrative reference convention; not calibrated,1.0.0,calendar_epps_curve,176.0,second,coupling,0.7755175772506974,normalized_correlation,0.7755175772506974
F6,0.1,0.025,10.0,40.0,1.0,calendar_reference_slow_response,illustrative reference convention; not calibrated,1.0.0,calendar_epps_curve,176.5,second,coupling,0.7761189412662636,normalized_correlation,0.7761189412662636
F6,0.1,0.025,10.0,40.0,1.0,calendar_reference_slow_response,illustrative reference convention; not calibrated,1.0.0,calendar_epps_curve,177.0,second,coupling,0.7767173358871873,normalized_correlation,0.7767173358871873
F6,0.1,0.025,10.0,40.0,1.0,calendar_reference_slow_response,illustrative reference convention; not calibrated,1.0.0,calendar_epps_curve,177.5,second,coupling,0.7773127809034583,normalized_correlation,0.7773127809034583
F6,0.1,0.025,10.0,40.0,1.0,calendar_reference_slow_response,illustrative reference convention; not calibrated,1.0.0,calendar_epps_curve,178.0,second,coupling,0.7779052959484035,normalized_correlation,0.7779052959484035
F6,0.1,0.025,10.0,40.0,1.0,calendar_reference_slow_response,illustrative reference convention; not calibrated,1.0.0,calendar_epps_curve,178.5,second,coupling,0.7784949005000659,normalized_correlation,0.7784949005000659
F6,0.1,0.025,10.0,40.0,1.0,calendar_reference_slow_response,illustrative reference convention; not calibrated,1.0.0,calendar_epps_curve,179.0,second,coupling,0.7790816138825729,normalized_correlation,0.7790816138825729
F6,0.1,0.025,10.0,40.0,1.0,calendar_reference_slow_response,illustrative reference convention; not calibrated,1.0.0,calendar_epps_curve,179.5,second,coupling,0.7796654552674905,normalized_correlation,0.7796654552674905
F6,0.1,0.025,10.0,40.0,1.0,calendar_reference_slow_response,illustrative reference convention; not calibrated,1.0.0,calendar_epps_curve,180.0,second,coupling,0.7802464436751649,normalized_correlation,0.7802464436751649
F6,0.1,0.025,10.0,40.0,1.0,calendar_reference_slow_response,illustrative reference convention; not calibrated,1.0.0,calendar_epps_curve,180.5,second,coupling,0.7808245979760513,normalized_correlation,0.7808245979760513
F6,0.1,0.025,10.0,40.0,1.0,calendar_reference_slow_response,illustrative reference convention; not calibrated,1.0.0,calendar_epps_curve,181.0,second,coupling,0.7813999368920301,normalized_correlation,0.7813999368920301
F6,0.1,0.025,10.0,40.0,1.0,calendar_reference_slow_response,illustrative reference convention; not calibrated,1.0.0,calendar_epps_curve,181.5,second,coupling,0.7819724789977113,normalized_correlation,0.7819724789977113
F6,0.1,0.025,10.0,40.0,1.0,calendar_reference_slow_response,illustrative reference convention; not calibrated,1.0.0,calendar_epps_curve,182.0,second,coupling,0.7825422427217259,normalized_correlation,0.7825422427217259
F6,0.1,0.025,10.0,40.0,1.0,calendar_reference_slow_response,illustrative reference convention; not calibrated,1.0.0,calendar_epps_curve,182.5,second,coupling,0.7831092463480054,normalized_correlation,0.7831092463480054
F6,0.1,0.025,10.0,40.0,1.0,calendar_reference_slow_response,illustrative reference convention; not calibrated,1.0.0,calendar_epps_curve,183.0,second,coupling,0.7836735080170494,normalized_correlation,0.7836735080170494
F6,0.1,0.025,10.0,40.0,1.0,calendar_reference_slow_response,illustrative reference convention; not calibrated,1.0.0,calendar_epps_curve,183.5,second,coupling,0.7842350457271807,normalized_correlation,0.7842350457271807
F6,0.1,0.025,10.0,40.0,1.0,calendar_reference_slow_response,illustrative reference convention; not calibrated,1.0.0,calendar_epps_curve,184.0,second,coupling,0.7847938773357899,normalized_correlation,0.7847938773357899
F6,0.1,0.025,10.0,40.0,1.0,calendar_reference_slow_response,illustrative reference convention; not calibrated,1.0.0,calendar_epps_curve,184.5,second,coupling,0.7853500205605661,normalized_correlation,0.7853500205605661
F6,0.1,0.025,10.0,40.0,1.0,calendar_reference_slow_response,illustrative reference convention; not calibrated,1.0.0,calendar_epps_curve,185.0,second,coupling,0.7859034929807183,normalized_correlation,0.7859034929807183
F6,0.1,0.025,10.0,40.0,1.0,calendar_reference_slow_response,illustrative reference convention; not calibrated,1.0.0,calendar_epps_curve,185.5,second,coupling,0.786454312038184,normalized_correlation,0.786454312038184
F6,0.1,0.025,10.0,40.0,1.0,calendar_reference_slow_response,illustrative reference convention; not calibrated,1.0.0,calendar_epps_curve,186.0,second,coupling,0.7870024950388266,normalized_correlation,0.7870024950388266
F6,0.1,0.025,10.0,40.0,1.0,calendar_reference_slow_response,illustrative reference convention; not calibrated,1.0.0,calendar_epps_curve,186.5,second,coupling,0.7875480591536224,normalized_correlation,0.7875480591536224
F6,0.1,0.025,10.0,40.0,1.0,calendar_reference_slow_response,illustrative reference convention; not calibrated,1.0.0,calendar_epps_curve,187.0,second,coupling,0.7880910214198349,normalized_correlation,0.7880910214198349
F6,0.1,0.025,10.0,40.0,1.0,calendar_reference_slow_response,illustrative reference convention; not calibrated,1.0.0,calendar_epps_curve,187.5,second,coupling,0.7886313987421799,normalized_correlation,0.7886313987421799
F6,0.1,0.025,10.0,40.0,1.0,calendar_reference_slow_response,illustrative reference convention; not calibrated,1.0.0,calendar_epps_curve,188.0,second,coupling,0.7891692078939778,normalized_correlation,0.7891692078939778
F6,0.1,0.025,10.0,40.0,1.0,calendar_reference_slow_response,illustrative reference convention; not calibrated,1.0.0,calendar_epps_curve,188.5,second,coupling,0.7897044655182971,normalized_correlation,0.7897044655182971
F6,0.1,0.025,10.0,40.0,1.0,calendar_reference_slow_response,illustrative reference convention; not calibrated,1.0.0,calendar_epps_curve,189.0,second,coupling,0.7902371881290854,normalized_correlation,0.7902371881290854
F6,0.1,0.025,10.0,40.0,1.0,calendar_reference_slow_response,illustrative reference convention; not calibrated,1.0.0,calendar_epps_curve,189.5,second,coupling,0.7907673921122907,normalized_correlation,0.7907673921122907
F6,0.1,0.025,10.0,40.0,1.0,calendar_reference_slow_response,illustrative reference convention; not calibrated,1.0.0,calendar_epps_curve,190.0,second,coupling,0.7912950937269727,normalized_correlation,0.7912950937269727
F6,0.1,0.025,10.0,40.0,1.0,calendar_reference_slow_response,illustrative reference convention; not calibrated,1.0.0,calendar_epps_curve,190.5,second,coupling,0.7918203091064024,normalized_correlation,0.7918203091064024
F6,0.1,0.025,10.0,40.0,1.0,calendar_reference_slow_response,illustrative reference convention; not calibrated,1.0.0,calendar_epps_curve,191.0,second,coupling,0.7923430542591522,normalized_correlation,0.7923430542591522
F6,0.1,0.025,10.0,40.0,1.0,calendar_reference_slow_response,illustrative reference convention; not calibrated,1.0.0,calendar_epps_curve,191.5,second,coupling,0.7928633450701761,normalized_correlation,0.7928633450701761
F6,0.1,0.025,10.0,40.0,1.0,calendar_reference_slow_response,illustrative reference convention; not calibrated,1.0.0,calendar_epps_curve,192.0,second,coupling,0.7933811973018792,normalized_correlation,0.7933811973018792
F6,0.1,0.025,10.0,40.0,1.0,calendar_reference_slow_response,illustrative reference convention; not calibrated,1.0.0,calendar_epps_curve,192.5,second,coupling,0.7938966265951777,normalized_correlation,0.7938966265951777
F6,0.1,0.025,10.0,40.0,1.0,calendar_reference_slow_response,illustrative reference convention; not calibrated,1.0.0,calendar_epps_curve,193.0,second,coupling,0.7944096484705483,normalized_correlation,0.7944096484705483
F6,0.1,0.025,10.0,40.0,1.0,calendar_reference_slow_response,illustrative reference convention; not calibrated,1.0.0,calendar_epps_curve,193.5,second,coupling,0.7949202783290689,normalized_correlation,0.7949202783290689
F6,0.1,0.025,10.0,40.0,1.0,calendar_reference_slow_response,illustrative reference convention; not calibrated,1.0.0,calendar_epps_curve,194.0,second,coupling,0.7954285314534486,normalized_correlation,0.7954285314534486
F6,0.1,0.025,10.0,40.0,1.0,calendar_reference_slow_response,illustrative reference convention; not calibrated,1.0.0,calendar_epps_curve,194.5,second,coupling,0.7959344230090489,normalized_correlation,0.7959344230090489
F6,0.1,0.025,10.0,40.0,1.0,calendar_reference_slow_response,illustrative reference convention; not calibrated,1.0.0,calendar_epps_curve,195.0,second,coupling,0.7964379680448943,normalized_correlation,0.7964379680448943
F6,0.1,0.025,10.0,40.0,1.0,calendar_reference_slow_response,illustrative reference convention; not calibrated,1.0.0,calendar_epps_curve,195.5,second,coupling,0.7969391814946752,normalized_correlation,0.7969391814946752
F6,0.1,0.025,10.0,40.0,1.0,calendar_reference_slow_response,illustrative reference convention; not calibrated,1.0.0,calendar_epps_curve,196.0,second,coupling,0.7974380781777397,normalized_correlation,0.7974380781777397
F6,0.1,0.025,10.0,40.0,1.0,calendar_reference_slow_response,illustrative reference convention; not calibrated,1.0.0,calendar_epps_curve,196.5,second,coupling,0.797934672800077,normalized_correlation,0.797934672800077
F6,0.1,0.025,10.0,40.0,1.0,calendar_reference_slow_response,illustrative reference convention; not calibrated,1.0.0,calendar_epps_curve,197.0,second,coupling,0.7984289799552924,normalized_correlation,0.7984289799552924
F6,0.1,0.025,10.0,40.0,1.0,calendar_reference_slow_response,illustrative reference convention; not calibrated,1.0.0,calendar_epps_curve,197.5,second,coupling,0.7989210141255714,normalized_correlation,0.7989210141255714
F6,0.1,0.025,10.0,40.0,1.0,calendar_reference_slow_response,illustrative reference convention; not calibrated,1.0.0,calendar_epps_curve,198.0,second,coupling,0.7994107896826368,normalized_correlation,0.7994107896826368
F6,0.1,0.025,10.0,40.0,1.0,calendar_reference_slow_response,illustrative reference convention; not calibrated,1.0.0,calendar_epps_curve,198.5,second,coupling,0.7998983208886956,normalized_correlation,0.7998983208886956
F6,0.1,0.025,10.0,40.0,1.0,calendar_reference_slow_response,illustrative reference convention; not calibrated,1.0.0,calendar_epps_curve,199.0,second,coupling,0.8003836218973779,normalized_correlation,0.8003836218973779
F6,0.1,0.025,10.0,40.0,1.0,calendar_reference_slow_response,illustrative reference convention; not calibrated,1.0.0,calendar_epps_curve,199.5,second,coupling,0.8008667067546661,normalized_correlation,0.8008667067546661
F6,0.1,0.025,10.0,40.0,1.0,calendar_reference_slow_response,illustrative reference convention; not calibrated,1.0.0,calendar_epps_curve,200.0,second,coupling,0.8013475893998171,normalized_correlation,0.8013475893998171
F6,0.1,0.025,10.0,40.0,1.0,calendar_reference_slow_response,illustrative reference convention; not calibrated,1.0.0,calendar_epps_curve,200.5,second,coupling,0.8018262836662746,normalized_correlation,0.8018262836662746
F6,0.1,0.025,10.0,40.0,1.0,calendar_reference_slow_response,illustrative reference convention; not calibrated,1.0.0,calendar_epps_curve,201.0,second,coupling,0.8023028032825731,normalized_correlation,0.8023028032825731
F6,0.1,0.025,10.0,40.0,1.0,calendar_reference_slow_response,illustrative reference convention; not calibrated,1.0.0,calendar_epps_curve,201.5,second,coupling,0.8027771618732343,normalized_correlation,0.8027771618732343
F6,0.1,0.025,10.0,40.0,1.0,calendar_reference_slow_response,illustrative reference convention; not calibrated,1.0.0,calendar_epps_curve,202.0,second,coupling,0.8032493729596548,normalized_correlation,0.8032493729596548
F6,0.1,0.025,10.0,40.0,1.0,calendar_reference_slow_response,illustrative reference convention; not calibrated,1.0.0,calendar_epps_curve,202.5,second,coupling,0.8037194499609848,normalized_correlation,0.8037194499609848
F6,0.1,0.025,10.0,40.0,1.0,calendar_reference_slow_response,illustrative reference convention; not calibrated,1.0.0,calendar_epps_curve,203.0,second,coupling,0.8041874061950007,normalized_correlation,0.8041874061950007
F6,0.1,0.025,10.0,40.0,1.0,calendar_reference_slow_response,illustrative reference convention; not calibrated,1.0.0,calendar_epps_curve,203.5,second,coupling,0.8046532548789672,normalized_correlation,0.8046532548789672
F6,0.1,0.025,10.0,40.0,1.0,calendar_reference_slow_response,illustrative reference convention; not calibrated,1.0.0,calendar_epps_curve,204.0,second,coupling,0.8051170091304933,normalized_correlation,0.8051170091304933
F6,0.1,0.025,10.0,40.0,1.0,calendar_reference_slow_response,illustrative reference convention; not calibrated,1.0.0,calendar_epps_curve,204.5,second,coupling,0.8055786819683796,normalized_correlation,0.8055786819683796
F6,0.1,0.025,10.0,40.0,1.0,calendar_reference_slow_response,illustrative reference convention; not calibrated,1.0.0,calendar_epps_curve,205.0,second,coupling,0.806038286313458,normalized_correlation,0.806038286313458
F6,0.1,0.025,10.0,40.0,1.0,calendar_reference_slow_response,illustrative reference convention; not calibrated,1.0.0,calendar_epps_curve,205.5,second,coupling,0.8064958349894236,normalized_correlation,0.8064958349894236
F6,0.1,0.025,10.0,40.0,1.0,calendar_reference_slow_response,illustrative reference convention; not calibrated,1.0.0,calendar_epps_curve,206.0,second,coupling,0.8069513407236587,normalized_correlation,0.8069513407236587
F6,0.1,0.025,10.0,40.0,1.0,calendar_reference_slow_response,illustrative reference convention; not calibrated,1.0.0,calendar_epps_curve,206.5,second,coupling,0.80740481614805,normalized_correlation,0.80740481614805
F6,0.1,0.025,10.0,40.0,1.0,calendar_reference_slow_response,illustrative reference convention; not calibrated,1.0.0,calendar_epps_curve,207.0,second,coupling,0.8078562737997977,normalized_correlation,0.8078562737997977
F6,0.1,0.025,10.0,40.0,1.0,calendar_reference_slow_response,illustrative reference convention; not calibrated,1.0.0,calendar_epps_curve,207.5,second,coupling,0.8083057261222165,normalized_correlation,0.8083057261222165
F6,0.1,0.025,10.0,40.0,1.0,calendar_reference_slow_response,illustrative reference convention; not calibrated,1.0.0,calendar_epps_curve,208.0,second,coupling,0.808753185465531,normalized_correlation,0.808753185465531
F6,0.1,0.025,10.0,40.0,1.0,calendar_reference_slow_response,illustrative reference convention; not calibrated,1.0.0,calendar_epps_curve,208.5,second,coupling,0.809198664087662,normalized_correlation,0.809198664087662
F6,0.1,0.025,10.0,40.0,1.0,calendar_reference_slow_response,illustrative reference convention; not calibrated,1.0.0,calendar_epps_curve,209.0,second,coupling,0.8096421741550068,normalized_correlation,0.8096421741550068
F6,0.1,0.025,10.0,40.0,1.0,calendar_reference_slow_response,illustrative reference convention; not calibrated,1.0.0,calendar_epps_curve,209.5,second,coupling,0.8100837277432122,normalized_correlation,0.8100837277432122
F6,0.1,0.025,10.0,40.0,1.0,calendar_reference_slow_response,illustrative reference convention; not calibrated,1.0.0,calendar_epps_curve,210.0,second,coupling,0.8105233368379393,normalized_correlation,0.8105233368379393
F6,0.1,0.025,10.0,40.0,1.0,calendar_reference_slow_response,illustrative reference convention; not calibrated,1.0.0,calendar_epps_curve,210.5,second,coupling,0.8109610133356228,normalized_correlation,0.8109610133356228
F6,0.1,0.025,10.0,40.0,1.0,calendar_reference_slow_response,illustrative reference convention; not calibrated,1.0.0,calendar_epps_curve,211.0,second,coupling,0.8113967690442223,normalized_correlation,0.8113967690442223
F6,0.1,0.025,10.0,40.0,1.0,calendar_reference_slow_response,illustrative reference convention; not calibrated,1.0.0,calendar_epps_curve,211.5,second,coupling,0.8118306156839676,normalized_correlation,0.8118306156839676
F6,0.1,0.025,10.0,40.0,1.0,calendar_reference_slow_response,illustrative reference convention; not calibrated,1.0.0,calendar_epps_curve,212.0,second,coupling,0.8122625648880963,normalized_correlation,0.8122625648880963
F6,0.1,0.025,10.0,40.0,1.0,calendar_reference_slow_response,illustrative reference convention; not calibrated,1.0.0,calendar_epps_curve,212.5,second,coupling,0.8126926282035849,normalized_correlation,0.8126926282035849
F6,0.1,0.025,10.0,40.0,1.0,calendar_reference_slow_response,illustrative reference convention; not calibrated,1.0.0,calendar_epps_curve,213.0,second,coupling,0.8131208170918741,normalized_correlation,0.8131208170918741
F6,0.1,0.025,10.0,40.0,1.0,calendar_reference_slow_response,illustrative reference convention; not calibrated,1.0.0,calendar_epps_curve,213.5,second,coupling,0.813547142929586,normalized_correlation,0.813547142929586
F6,0.1,0.025,10.0,40.0,1.0,calendar_reference_slow_response,illustrative reference convention; not calibrated,1.0.0,calendar_epps_curve,214.0,second,coupling,0.8139716170092358,normalized_correlation,0.8139716170092358
F6,0.1,0.025,10.0,40.0,1.0,calendar_reference_slow_response,illustrative reference convention; not calibrated,1.0.0,calendar_epps_curve,214.5,second,coupling,0.8143942505399369,normalized_correlation,0.8143942505399369
F6,0.1,0.025,10.0,40.0,1.0,calendar_reference_slow_response,illustrative reference convention; not calibrated,1.0.0,calendar_epps_curve,215.0,second,coupling,0.8148150546480992,normalized_correlation,0.8148150546480992
F6,0.1,0.025,10.0,40.0,1.0,calendar_reference_slow_response,illustrative reference convention; not calibrated,1.0.0,calendar_epps_curve,215.5,second,coupling,0.8152340403781213,normalized_correlation,0.8152340403781213
F6,0.1,0.025,10.0,40.0,1.0,calendar_reference_slow_response,illustrative reference convention; not calibrated,1.0.0,calendar_epps_curve,216.0,second,coupling,0.8156512186930764,normalized_correlation,0.8156512186930764
F6,0.1,0.025,10.0,40.0,1.0,calendar_reference_slow_response,illustrative reference convention; not calibrated,1.0.0,calendar_epps_curve,216.5,second,coupling,0.8160666004753918,normalized_correlation,0.8160666004753918
F6,0.1,0.025,10.0,40.0,1.0,calendar_reference_slow_response,illustrative reference convention; not calibrated,1.0.0,calendar_epps_curve,217.0,second,coupling,0.8164801965275224,normalized_correlation,0.8164801965275224
F6,0.1,0.025,10.0,40.0,1.0,calendar_reference_slow_response,illustrative reference convention; not calibrated,1.0.0,calendar_epps_curve,217.5,second,coupling,0.8168920175726178,normalized_correlation,0.8168920175726178
F6,0.1,0.025,10.0,40.0,1.0,calendar_reference_slow_response,illustrative reference convention; not calibrated,1.0.0,calendar_epps_curve,218.0,second,coupling,0.817302074255184,normalized_correlation,0.817302074255184
F6,0.1,0.025,10.0,40.0,1.0,calendar_reference_slow_response,illustrative reference convention; not calibrated,1.0.0,calendar_epps_curve,218.5,second,coupling,0.8177103771417382,normalized_correlation,0.8177103771417382
F6,0.1,0.025,10.0,40.0,1.0,calendar_reference_slow_response,illustrative reference convention; not calibrated,1.0.0,calendar_epps_curve,219.0,second,coupling,0.8181169367214585,normalized_correlation,0.8181169367214585
F6,0.1,0.025,10.0,40.0,1.0,calendar_reference_slow_response,illustrative reference convention; not calibrated,1.0.0,calendar_epps_curve,219.5,second,coupling,0.8185217634068265,normalized_correlation,0.8185217634068265
F6,0.1,0.025,10.0,40.0,1.0,calendar_reference_slow_response,illustrative reference convention; not calibrated,1.0.0,calendar_epps_curve,220.0,second,coupling,0.8189248675342662,normalized_correlation,0.8189248675342662
F6,0.1,0.025,10.0,40.0,1.0,calendar_reference_slow_response,illustrative reference convention; not calibrated,1.0.0,calendar_epps_curve,220.5,second,coupling,0.8193262593647745,normalized_correlation,0.8193262593647745
F6,0.1,0.025,10.0,40.0,1.0,calendar_reference_slow_response,illustrative reference convention; not calibrated,1.0.0,calendar_epps_curve,221.0,second,coupling,0.8197259490845481,normalized_correlation,0.8197259490845481
F6,0.1,0.025,10.0,40.0,1.0,calendar_reference_slow_response,illustrative reference convention; not calibrated,1.0.0,calendar_epps_curve,221.5,second,coupling,0.8201239468056035,normalized_correlation,0.8201239468056035
F6,0.1,0.025,10.0,40.0,1.0,calendar_reference_slow_response,illustrative reference convention; not calibrated,1.0.0,calendar_epps_curve,222.0,second,coupling,0.8205202625663921,normalized_correlation,0.8205202625663921
F6,0.1,0.025,10.0,40.0,1.0,calendar_reference_slow_response,illustrative reference convention; not calibrated,1.0.0,calendar_epps_curve,222.5,second,coupling,0.8209149063324092,normalized_correlation,0.8209149063324092
F6,0.1,0.025,10.0,40.0,1.0,calendar_reference_slow_response,illustrative reference convention; not calibrated,1.0.0,calendar_epps_curve,223.0,second,coupling,0.821307887996798,normalized_correlation,0.821307887996798
F6,0.1,0.025,10.0,40.0,1.0,calendar_reference_slow_response,illustrative reference convention; not calibrated,1.0.0,calendar_epps_curve,223.5,second,coupling,0.8216992173809476,normalized_correlation,0.8216992173809476
F6,0.1,0.025,10.0,40.0,1.0,calendar_reference_slow_response,illustrative reference convention; not calibrated,1.0.0,calendar_epps_curve,224.0,second,coupling,0.8220889042350863,normalized_correlation,0.8220889042350863
F6,0.1,0.025,10.0,40.0,1.0,calendar_reference_slow_response,illustrative reference convention; not calibrated,1.0.0,calendar_epps_curve,224.5,second,coupling,0.8224769582388687,normalized_correlation,0.8224769582388687
F6,0.1,0.025,10.0,40.0,1.0,calendar_reference_slow_response,illustrative reference convention; not calibrated,1.0.0,calendar_epps_curve,225.0,second,coupling,0.8228633890019583,normalized_correlation,0.8228633890019583
F6,0.1,0.025,10.0,40.0,1.0,calendar_reference_slow_response,illustrative reference convention; not calibrated,1.0.0,calendar_epps_curve,225.5,second,coupling,0.8232482060646047,normalized_correlation,0.8232482060646047
F6,0.1,0.025,10.0,40.0,1.0,calendar_reference_slow_response,illustrative reference convention; not calibrated,1.0.0,calendar_epps_curve,226.0,second,coupling,0.8236314188982146,normalized_correlation,0.8236314188982146
F6,0.1,0.025,10.0,40.0,1.0,calendar_reference_slow_response,illustrative reference convention; not calibrated,1.0.0,calendar_epps_curve,226.5,second,coupling,0.8240130369059193,normalized_correlation,0.8240130369059193
F6,0.1,0.025,10.0,40.0,1.0,calendar_reference_slow_response,illustrative reference convention; not calibrated,1.0.0,calendar_epps_curve,227.0,second,coupling,0.8243930694231362,normalized_correlation,0.8243930694231362
F6,0.1,0.025,10.0,40.0,1.0,calendar_reference_slow_response,illustrative reference convention; not calibrated,1.0.0,calendar_epps_curve,227.5,second,coupling,0.8247715257181247,normalized_correlation,0.8247715257181247
F6,0.1,0.025,10.0,40.0,1.0,calendar_reference_slow_response,illustrative reference convention; not calibrated,1.0.0,calendar_epps_curve,228.0,second,coupling,0.8251484149925388,normalized_correlation,0.8251484149925388
F6,0.1,0.025,10.0,40.0,1.0,calendar_reference_slow_response,illustrative reference convention; not calibrated,1.0.0,calendar_epps_curve,228.5,second,coupling,0.8255237463819726,normalized_correlation,0.8255237463819726
F6,0.1,0.025,10.0,40.0,1.0,calendar_reference_slow_response,illustrative reference convention; not calibrated,1.0.0,calendar_epps_curve,229.0,second,coupling,0.8258975289565024,normalized_correlation,0.8258975289565024
F6,0.1,0.025,10.0,40.0,1.0,calendar_reference_slow_response,illustrative reference convention; not calibrated,1.0.0,calendar_epps_curve,229.5,second,coupling,0.8262697717212241,normalized_correlation,0.8262697717212241
F6,0.1,0.025,10.0,40.0,1.0,calendar_reference_slow_response,illustrative reference convention; not calibrated,1.0.0,calendar_epps_curve,230.0,second,coupling,0.8266404836167843,normalized_correlation,0.8266404836167843
F6,0.1,0.025,10.0,40.0,1.0,calendar_reference_slow_response,illustrative reference convention; not calibrated,1.0.0,calendar_epps_curve,230.5,second,coupling,0.8270096735199082,normalized_correlation,0.8270096735199082
F6,0.1,0.025,10.0,40.0,1.0,calendar_reference_slow_response,illustrative reference convention; not calibrated,1.0.0,calendar_epps_curve,231.0,second,coupling,0.827377350243922,normalized_correlation,0.827377350243922
F6,0.1,0.025,10.0,40.0,1.0,calendar_reference_slow_response,illustrative reference convention; not calibrated,1.0.0,calendar_epps_curve,231.5,second,coupling,0.8277435225392704,normalized_correlation,0.8277435225392704
F6,0.1,0.025,10.0,40.0,1.0,calendar_reference_slow_response,illustrative reference convention; not calibrated,1.0.0,calendar_epps_curve,232.0,second,coupling,0.8281081990940303,normalized_correlation,0.8281081990940303
F6,0.1,0.025,10.0,40.0,1.0,calendar_reference_slow_response,illustrative reference convention; not calibrated,1.0.0,calendar_epps_curve,232.5,second,coupling,0.8284713885344195,normalized_correlation,0.8284713885344195
F6,0.1,0.025,10.0,40.0,1.0,calendar_reference_slow_response,illustrative reference convention; not calibrated,1.0.0,calendar_epps_curve,233.0,second,coupling,0.8288330994253001,normalized_correlation,0.8288330994253001
F6,0.1,0.025,10.0,40.0,1.0,calendar_reference_slow_response,illustrative reference convention; not calibrated,1.0.0,calendar_epps_curve,233.5,second,coupling,0.8291933402706793,normalized_correlation,0.8291933402706793
F6,0.1,0.025,10.0,40.0,1.0,calendar_reference_slow_response,illustrative reference convention; not calibrated,1.0.0,calendar_epps_curve,234.0,second,coupling,0.8295521195142032,normalized_correlation,0.8295521195142032
F6,0.1,0.025,10.0,40.0,1.0,calendar_reference_slow_response,illustrative reference convention; not calibrated,1.0.0,calendar_epps_curve,234.5,second,coupling,0.8299094455396485,normalized_correlation,0.8299094455396485
F6,0.1,0.025,10.0,40.0,1.0,calendar_reference_slow_response,illustrative reference convention; not calibrated,1.0.0,calendar_epps_curve,235.0,second,coupling,0.8302653266714086,normalized_correlation,0.8302653266714086
F6,0.1,0.025,10.0,40.0,1.0,calendar_reference_slow_response,illustrative reference convention; not calibrated,1.0.0,calendar_epps_curve,235.5,second,coupling,0.8306197711749758,normalized_correlation,0.8306197711749758
F6,0.1,0.025,10.0,40.0,1.0,calendar_reference_slow_response,illustrative reference convention; not calibrated,1.0.0,calendar_epps_curve,236.0,second,coupling,0.8309727872574184,normalized_correlation,0.8309727872574184
F6,0.1,0.025,10.0,40.0,1.0,calendar_reference_slow_response,illustrative reference convention; not calibrated,1.0.0,calendar_epps_curve,236.5,second,coupling,0.8313243830678552,normalized_correlation,0.8313243830678552
F6,0.1,0.025,10.0,40.0,1.0,calendar_reference_slow_response,illustrative reference convention; not calibrated,1.0.0,calendar_epps_curve,237.0,second,coupling,0.831674566697924,normalized_correlation,0.831674566697924
F6,0.1,0.025,10.0,40.0,1.0,calendar_reference_slow_response,illustrative reference convention; not calibrated,1.0.0,calendar_epps_curve,237.5,second,coupling,0.832023346182247,normalized_correlation,0.832023346182247
F6,0.1,0.025,10.0,40.0,1.0,calendar_reference_slow_response,illustrative reference convention; not calibrated,1.0.0,calendar_epps_curve,238.0,second,coupling,0.8323707294988922,normalized_correlation,0.8323707294988922
F6,0.1,0.025,10.0,40.0,1.0,calendar_reference_slow_response,illustrative reference convention; not calibrated,1.0.0,calendar_epps_curve,238.5,second,coupling,0.8327167245698294,normalized_correlation,0.8327167245698294
F6,0.1,0.025,10.0,40.0,1.0,calendar_reference_slow_response,illustrative reference convention; not calibrated,1.0.0,calendar_epps_curve,239.0,second,coupling,0.8330613392613839,normalized_correlation,0.8330613392613839
F6,0.1,0.025,10.0,40.0,1.0,calendar_reference_slow_response,illustrative reference convention; not calibrated,1.0.0,calendar_epps_curve,239.5,second,coupling,0.8334045813846851,normalized_correlation,0.8334045813846851
F6,0.1,0.025,10.0,40.0,1.0,calendar_reference_slow_response,illustrative reference convention; not calibrated,1.0.0,calendar_epps_curve,240.0,second,coupling,0.8337464586961111,normalized_correlation,0.8337464586961111
F6,0.1,0.025,10.0,40.0,1.0,calendar_reference_slow_response,illustrative reference convention; not calibrated,1.0.0,calendar_epps_curve,240.5,second,coupling,0.83408697889773,normalized_correlation,0.83408697889773
F6,0.1,0.025,10.0,40.0,1.0,calendar_reference_slow_response,illustrative reference convention; not calibrated,1.0.0,calendar_epps_curve,241.0,second,coupling,0.8344261496377369,normalized_correlation,0.8344261496377369
F6,0.1,0.025,10.0,40.0,1.0,calendar_reference_slow_response,illustrative reference convention; not calibrated,1.0.0,calendar_epps_curve,241.5,second,coupling,0.8347639785108867,normalized_correlation,0.8347639785108867
F6,0.1,0.025,10.0,40.0,1.0,calendar_reference_slow_response,illustrative reference convention; not calibrated,1.0.0,calendar_epps_curve,242.0,second,coupling,0.835100473058924,normalized_correlation,0.835100473058924
F6,0.1,0.025,10.0,40.0,1.0,calendar_reference_slow_response,illustrative reference convention; not calibrated,1.0.0,calendar_epps_curve,242.5,second,coupling,0.8354356407710083,normalized_correlation,0.8354356407710083
F6,0.1,0.025,10.0,40.0,1.0,calendar_reference_slow_response,illustrative reference convention; not calibrated,1.0.0,calendar_epps_curve,243.0,second,coupling,0.8357694890841358,normalized_correlation,0.8357694890841358
F6,0.1,0.025,10.0,40.0,1.0,calendar_reference_slow_response,illustrative reference convention; not calibrated,1.0.0,calendar_epps_curve,243.5,second,coupling,0.8361020253835577,normalized_correlation,0.8361020253835577
F6,0.1,0.025,10.0,40.0,1.0,calendar_reference_slow_response,illustrative reference convention; not calibrated,1.0.0,calendar_epps_curve,244.0,second,coupling,0.8364332570031944,normalized_correlation,0.8364332570031944
F6,0.1,0.025,10.0,40.0,1.0,calendar_reference_slow_response,illustrative reference convention; not calibrated,1.0.0,calendar_epps_curve,244.5,second,coupling,0.8367631912260464,normalized_correlation,0.8367631912260464
F6,0.1,0.025,10.0,40.0,1.0,calendar_reference_slow_response,illustrative reference convention; not calibrated,1.0.0,calendar_epps_curve,245.0,second,coupling,0.8370918352846013,normalized_correlation,0.8370918352846013
F6,0.1,0.025,10.0,40.0,1.0,calendar_reference_slow_response,illustrative reference convention; not calibrated,1.0.0,calendar_epps_curve,245.5,second,coupling,0.8374191963612374,normalized_correlation,0.8374191963612374
F6,0.1,0.025,10.0,40.0,1.0,calendar_reference_slow_response,illustrative reference convention; not calibrated,1.0.0,calendar_epps_curve,246.0,second,coupling,0.837745281588624,normalized_correlation,0.837745281588624
F6,0.1,0.025,10.0,40.0,1.0,calendar_reference_slow_response,illustrative reference convention; not calibrated,1.0.0,calendar_epps_curve,246.5,second,coupling,0.8380700980501172,normalized_correlation,0.8380700980501172
F6,0.1,0.025,10.0,40.0,1.0,calendar_reference_slow_response,illustrative reference convention; not calibrated,1.0.0,calendar_epps_curve,247.0,second,coupling,0.8383936527801538,normalized_correlation,0.8383936527801538
F6,0.1,0.025,10.0,40.0,1.0,calendar_reference_slow_response,illustrative reference convention; not calibrated,1.0.0,calendar_epps_curve,247.5,second,coupling,0.83871595276464,normalized_correlation,0.83871595276464
F6,0.1,0.025,10.0,40.0,1.0,calendar_reference_slow_response,illustrative reference convention; not calibrated,1.0.0,calendar_epps_curve,248.0,second,coupling,0.839037004941338,normalized_correlation,0.839037004941338
F6,0.1,0.025,10.0,40.0,1.0,calendar_reference_slow_response,illustrative reference convention; not calibrated,1.0.0,calendar_epps_curve,248.5,second,coupling,0.8393568162002492,normalized_correlation,0.8393568162002492
F6,0.1,0.025,10.0,40.0,1.0,calendar_reference_slow_response,illustrative reference convention; not calibrated,1.0.0,calendar_epps_curve,249.0,second,coupling,0.8396753933839924,normalized_correlation,0.8396753933839924
F6,0.1,0.025,10.0,40.0,1.0,calendar_reference_slow_response,illustrative reference convention; not calibrated,1.0.0,calendar_epps_curve,249.5,second,coupling,0.8399927432881814,normalized_correlation,0.8399927432881814
F6,0.1,0.025,10.0,40.0,1.0,calendar_reference_slow_response,illustrative reference convention; not calibrated,1.0.0,calendar_epps_curve,250.0,second,coupling,0.8403088726617964,normalized_correlation,0.8403088726617964
F6,0.1,0.025,10.0,40.0,1.0,calendar_reference_slow_response,illustrative reference convention; not calibrated,1.0.0,calendar_epps_curve,250.5,second,coupling,0.8406237882075545,normalized_correlation,0.8406237882075545
F6,0.1,0.025,10.0,40.0,1.0,calendar_reference_slow_response,illustrative reference convention; not calibrated,1.0.0,calendar_epps_curve,251.0,second,coupling,0.8409374965822756,normalized_correlation,0.8409374965822756
F6,0.1,0.025,10.0,40.0,1.0,calendar_reference_slow_response,illustrative reference convention; not calibrated,1.0.0,calendar_epps_curve,251.5,second,coupling,0.8412500043972454,normalized_correlation,0.8412500043972454
F6,0.1,0.025,10.0,40.0,1.0,calendar_reference_slow_response,illustrative reference convention; not calibrated,1.0.0,calendar_epps_curve,252.0,second,coupling,0.841561318218576,normalized_correlation,0.841561318218576
F6,0.1,0.025,10.0,40.0,1.0,calendar_reference_slow_response,illustrative reference convention; not calibrated,1.0.0,calendar_epps_curve,252.5,second,coupling,0.8418714445675619,normalized_correlation,0.8418714445675619
F6,0.1,0.025,10.0,40.0,1.0,calendar_reference_slow_response,illustrative reference convention; not calibrated,1.0.0,calendar_epps_curve,253.0,second,coupling,0.8421803899210342,normalized_correlation,0.8421803899210342
F6,0.1,0.025,10.0,40.0,1.0,calendar_reference_slow_response,illustrative reference convention; not calibrated,1.0.0,calendar_epps_curve,253.5,second,coupling,0.842488160711711,normalized_correlation,0.842488160711711
F6,0.1,0.025,10.0,40.0,1.0,calendar_reference_slow_response,illustrative reference convention; not calibrated,1.0.0,calendar_epps_curve,254.0,second,coupling,0.8427947633285451,normalized_correlation,0.8427947633285451
F6,0.1,0.025,10.0,40.0,1.0,calendar_reference_slow_response,illustrative reference convention; not calibrated,1.0.0,calendar_epps_curve,254.5,second,coupling,0.8431002041170684,normalized_correlation,0.8431002041170684
F6,0.1,0.025,10.0,40.0,1.0,calendar_reference_slow_response,illustrative reference convention; not calibrated,1.0.0,calendar_epps_curve,255.0,second,coupling,0.8434044893797338,normalized_correlation,0.8434044893797338
F6,0.1,0.025,10.0,40.0,1.0,calendar_reference_slow_response,illustrative reference convention; not calibrated,1.0.0,calendar_epps_curve,255.5,second,coupling,0.8437076253762531,normalized_correlation,0.8437076253762531
F6,0.1,0.025,10.0,40.0,1.0,calendar_reference_slow_response,illustrative reference convention; not calibrated,1.0.0,calendar_epps_curve,256.0,second,coupling,0.8440096183239334,normalized_correlation,0.8440096183239334
F6,0.1,0.025,10.0,40.0,1.0,calendar_reference_slow_response,illustrative reference convention; not calibrated,1.0.0,calendar_epps_curve,256.5,second,coupling,0.8443104743980094,normalized_correlation,0.8443104743980094
F6,0.1,0.025,10.0,40.0,1.0,calendar_reference_slow_response,illustrative reference convention; not calibrated,1.0.0,calendar_epps_curve,257.0,second,coupling,0.8446101997319735,normalized_correlation,0.8446101997319735
F6,0.1,0.025,10.0,40.0,1.0,calendar_reference_slow_response,illustrative reference convention; not calibrated,1.0.0,calendar_epps_curve,257.5,second,coupling,0.8449088004179021,normalized_correlation,0.8449088004179021
F6,0.1,0.025,10.0,40.0,1.0,calendar_reference_slow_response,illustrative reference convention; not calibrated,1.0.0,calendar_epps_curve,258.0,second,coupling,0.8452062825067808,normalized_correlation,0.8452062825067808
F6,0.1,0.025,10.0,40.0,1.0,calendar_reference_slow_response,illustrative reference convention; not calibrated,1.0.0,calendar_epps_curve,258.5,second,coupling,0.8455026520088251,normalized_correlation,0.8455026520088251
F6,0.1,0.025,10.0,40.0,1.0,calendar_reference_slow_response,illustrative reference convention; not calibrated,1.0.0,calendar_epps_curve,259.0,second,coupling,0.8457979148937991,normalized_correlation,0.8457979148937991
F6,0.1,0.025,10.0,40.0,1.0,calendar_reference_slow_response,illustrative reference convention; not calibrated,1.0.0,calendar_epps_curve,259.5,second,coupling,0.8460920770913312,normalized_correlation,0.8460920770913312
F6,0.1,0.025,10.0,40.0,1.0,calendar_reference_slow_response,illustrative reference convention; not calibrated,1.0.0,calendar_epps_curve,260.0,second,coupling,0.8463851444912274,normalized_correlation,0.8463851444912274
F6,0.1,0.025,10.0,40.0,1.0,calendar_reference_slow_response,illustrative reference convention; not calibrated,1.0.0,calendar_epps_curve,260.5,second,coupling,0.8466771229437815,normalized_correlation,0.8466771229437815
F6,0.1,0.025,10.0,40.0,1.0,calendar_reference_slow_response,illustrative reference convention; not calibrated,1.0.0,calendar_epps_curve,261.0,second,coupling,0.8469680182600832,normalized_correlation,0.8469680182600832
F6,0.1,0.025,10.0,40.0,1.0,calendar_reference_slow_response,illustrative reference convention; not calibrated,1.0.0,calendar_epps_curve,261.5,second,coupling,0.8472578362123225,normalized_correlation,0.8472578362123225
F6,0.1,0.025,10.0,40.0,1.0,calendar_reference_slow_response,illustrative reference convention; not calibrated,1.0.0,calendar_epps_curve,262.0,second,coupling,0.8475465825340929,normalized_correlation,0.8475465825340929
F6,0.1,0.025,10.0,40.0,1.0,calendar_reference_slow_response,illustrative reference convention; not calibrated,1.0.0,calendar_epps_curve,262.5,second,coupling,0.8478342629206901,normalized_correlation,0.8478342629206901
F6,0.1,0.025,10.0,40.0,1.0,calendar_reference_slow_response,illustrative reference convention; not calibrated,1.0.0,calendar_epps_curve,263.0,second,coupling,0.8481208830294108,normalized_correlation,0.8481208830294108
F6,0.1,0.025,10.0,40.0,1.0,calendar_reference_slow_response,illustrative reference convention; not calibrated,1.0.0,calendar_epps_curve,263.5,second,coupling,0.848406448479846,normalized_correlation,0.848406448479846
F6,0.1,0.025,10.0,40.0,1.0,calendar_reference_slow_response,illustrative reference convention; not calibrated,1.0.0,calendar_epps_curve,264.0,second,coupling,0.848690964854174,normalized_correlation,0.848690964854174
F6,0.1,0.025,10.0,40.0,1.0,calendar_reference_slow_response,illustrative reference convention; not calibrated,1.0.0,calendar_epps_curve,264.5,second,coupling,0.8489744376974493,normalized_correlation,0.8489744376974493
F6,0.1,0.025,10.0,40.0,1.0,calendar_reference_slow_response,illustrative reference convention; not calibrated,1.0.0,calendar_epps_curve,265.0,second,coupling,0.8492568725178908,normalized_correlation,0.8492568725178908
F6,0.1,0.025,10.0,40.0,1.0,calendar_reference_slow_response,illustrative reference convention; not calibrated,1.0.0,calendar_epps_curve,265.5,second,coupling,0.8495382747871656,normalized_correlation,0.8495382747871656
F6,0.1,0.025,10.0,40.0,1.0,calendar_reference_slow_response,illustrative reference convention; not calibrated,1.0.0,calendar_epps_curve,266.0,second,coupling,0.8498186499406716,normalized_correlation,0.8498186499406716
F6,0.1,0.025,10.0,40.0,1.0,calendar_reference_slow_response,illustrative reference convention; not calibrated,1.0.0,calendar_epps_curve,266.5,second,coupling,0.8500980033778172,normalized_correlation,0.8500980033778172
F6,0.1,0.025,10.0,40.0,1.0,calendar_reference_slow_response,illustrative reference convention; not calibrated,1.0.0,calendar_epps_curve,267.0,second,coupling,0.8503763404622988,normalized_correlation,0.8503763404622988
F6,0.1,0.025,10.0,40.0,1.0,calendar_reference_slow_response,illustrative reference convention; not calibrated,1.0.0,calendar_epps_curve,267.5,second,coupling,0.8506536665223764,normalized_correlation,0.8506536665223764
F6,0.1,0.025,10.0,40.0,1.0,calendar_reference_slow_response,illustrative reference convention; not calibrated,1.0.0,calendar_epps_curve,268.0,second,coupling,0.8509299868511453,normalized_correlation,0.8509299868511453
F6,0.1,0.025,10.0,40.0,1.0,calendar_reference_slow_response,illustrative reference convention; not calibrated,1.0.0,calendar_epps_curve,268.5,second,coupling,0.8512053067068073,normalized_correlation,0.8512053067068073
F6,0.1,0.025,10.0,40.0,1.0,calendar_reference_slow_response,illustrative reference convention; not calibrated,1.0.0,calendar_epps_curve,269.0,second,coupling,0.8514796313129385,normalized_correlation,0.8514796313129385
F6,0.1,0.025,10.0,40.0,1.0,calendar_reference_slow_response,illustrative reference convention; not calibrated,1.0.0,calendar_epps_curve,269.5,second,coupling,0.8517529658587549,normalized_correlation,0.8517529658587549
F6,0.1,0.025,10.0,40.0,1.0,calendar_reference_slow_response,illustrative reference convention; not calibrated,1.0.0,calendar_epps_curve,270.0,second,coupling,0.8520253154993764,normalized_correlation,0.8520253154993764
F6,0.1,0.025,10.0,40.0,1.0,calendar_reference_slow_response,illustrative reference convention; not calibrated,1.0.0,calendar_epps_curve,270.5,second,coupling,0.8522966853560878,normalized_correlation,0.8522966853560878
F6,0.1,0.025,10.0,40.0,1.0,calendar_reference_slow_response,illustrative reference convention; not calibrated,1.0.0,calendar_epps_curve,271.0,second,coupling,0.8525670805165977,normalized_correlation,0.8525670805165977
F6,0.1,0.025,10.0,40.0,1.0,calendar_reference_slow_response,illustrative reference convention; not calibrated,1.0.0,calendar_epps_curve,271.5,second,coupling,0.8528365060352956,normalized_correlation,0.8528365060352956
F6,0.1,0.025,10.0,40.0,1.0,calendar_reference_slow_response,illustrative reference convention; not calibrated,1.0.0,calendar_epps_curve,272.0,second,coupling,0.8531049669335066,normalized_correlation,0.8531049669335066
F6,0.1,0.025,10.0,40.0,1.0,calendar_reference_slow_response,illustrative reference convention; not calibrated,1.0.0,calendar_epps_curve,272.5,second,coupling,0.8533724681997437,normalized_correlation,0.8533724681997437
F6,0.1,0.025,10.0,40.0,1.0,calendar_reference_slow_response,illustrative reference convention; not calibrated,1.0.0,calendar_epps_curve,273.0,second,coupling,0.8536390147899581,normalized_correlation,0.8536390147899581
F6,0.1,0.025,10.0,40.0,1.0,calendar_reference_slow_response,illustrative reference convention; not calibrated,1.0.0,calendar_epps_curve,273.5,second,coupling,0.853904611627788,normalized_correlation,0.853904611627788
F6,0.1,0.025,10.0,40.0,1.0,calendar_reference_slow_response,illustrative reference convention; not calibrated,1.0.0,calendar_epps_curve,274.0,second,coupling,0.854169263604804,normalized_correlation,0.854169263604804
F6,0.1,0.025,10.0,40.0,1.0,calendar_reference_slow_response,illustrative reference convention; not calibrated,1.0.0,calendar_epps_curve,274.5,second,coupling,0.8544329755807537,normalized_correlation,0.8544329755807537
F6,0.1,0.025,10.0,40.0,1.0,calendar_reference_slow_response,illustrative reference convention; not calibrated,1.0.0,calendar_epps_curve,275.0,second,coupling,0.8546957523838032,normalized_correlation,0.8546957523838032
F6,0.1,0.025,10.0,40.0,1.0,calendar_reference_slow_response,illustrative reference convention; not calibrated,1.0.0,calendar_epps_curve,275.5,second,coupling,0.8549575988107777,normalized_correlation,0.8549575988107777
F6,0.1,0.025,10.0,40.0,1.0,calendar_reference_slow_response,illustrative reference convention; not calibrated,1.0.0,calendar_epps_curve,276.0,second,coupling,0.8552185196273984,normalized_correlation,0.8552185196273984
F6,0.1,0.025,10.0,40.0,1.0,calendar_reference_slow_response,illustrative reference convention; not calibrated,1.0.0,calendar_epps_curve,276.5,second,coupling,0.8554785195685193,normalized_correlation,0.8554785195685193
F6,0.1,0.025,10.0,40.0,1.0,calendar_reference_slow_response,illustrative reference convention; not calibrated,1.0.0,calendar_epps_curve,277.0,second,coupling,0.8557376033383608,normalized_correlation,0.8557376033383608
F6,0.1,0.025,10.0,40.0,1.0,calendar_reference_slow_response,illustrative reference convention; not calibrated,1.0.0,calendar_epps_curve,277.5,second,coupling,0.8559957756107416,normalized_correlation,0.8559957756107416
F6,0.1,0.025,10.0,40.0,1.0,calendar_reference_slow_response,illustrative reference convention; not calibrated,1.0.0,calendar_epps_curve,278.0,second,coupling,0.8562530410293085,normalized_correlation,0.8562530410293085
F6,0.1,0.025,10.0,40.0,1.0,calendar_reference_slow_response,illustrative reference convention; not calibrated,1.0.0,calendar_epps_curve,278.5,second,coupling,0.8565094042077647,normalized_correlation,0.8565094042077647
F6,0.1,0.025,10.0,40.0,1.0,calendar_reference_slow_response,illustrative reference convention; not calibrated,1.0.0,calendar_epps_curve,279.0,second,coupling,0.8567648697300956,normalized_correlation,0.8567648697300956
F6,0.1,0.025,10.0,40.0,1.0,calendar_reference_slow_response,illustrative reference convention; not calibrated,1.0.0,calendar_epps_curve,279.5,second,coupling,0.8570194421507934,normalized_correlation,0.8570194421507934
F6,0.1,0.025,10.0,40.0,1.0,calendar_reference_slow_response,illustrative reference convention; not calibrated,1.0.0,calendar_epps_curve,280.0,second,coupling,0.8572731259950792,normalized_correlation,0.8572731259950792
F6,0.1,0.025,10.0,40.0,1.0,calendar_reference_slow_response,illustrative reference convention; not calibrated,1.0.0,calendar_epps_curve,280.5,second,coupling,0.8575259257591233,normalized_correlation,0.8575259257591233
F6,0.1,0.025,10.0,40.0,1.0,calendar_reference_slow_response,illustrative reference convention; not calibrated,1.0.0,calendar_epps_curve,281.0,second,coupling,0.8577778459102641,normalized_correlation,0.8577778459102641
F6,0.1,0.025,10.0,40.0,1.0,calendar_reference_slow_response,illustrative reference convention; not calibrated,1.0.0,calendar_epps_curve,281.5,second,coupling,0.8580288908872244,normalized_correlation,0.8580288908872244
F6,0.1,0.025,10.0,40.0,1.0,calendar_reference_slow_response,illustrative reference convention; not calibrated,1.0.0,calendar_epps_curve,282.0,second,coupling,0.8582790651003273,normalized_correlation,0.8582790651003273
F6,0.1,0.025,10.0,40.0,1.0,calendar_reference_slow_response,illustrative reference convention; not calibrated,1.0.0,calendar_epps_curve,282.5,second,coupling,0.8585283729317077,normalized_correlation,0.8585283729317077
F6,0.1,0.025,10.0,40.0,1.0,calendar_reference_slow_response,illustrative reference convention; not calibrated,1.0.0,calendar_epps_curve,283.0,second,coupling,0.8587768187355256,normalized_correlation,0.8587768187355256
F6,0.1,0.025,10.0,40.0,1.0,calendar_reference_slow_response,illustrative reference convention; not calibrated,1.0.0,calendar_epps_curve,283.5,second,coupling,0.8590244068381742,normalized_correlation,0.8590244068381742
F6,0.1,0.025,10.0,40.0,1.0,calendar_reference_slow_response,illustrative reference convention; not calibrated,1.0.0,calendar_epps_curve,284.0,second,coupling,0.8592711415384882,normalized_correlation,0.8592711415384882
F6,0.1,0.025,10.0,40.0,1.0,calendar_reference_slow_response,illustrative reference convention; not calibrated,1.0.0,calendar_epps_curve,284.5,second,coupling,0.8595170271079502,normalized_correlation,0.8595170271079502
F6,0.1,0.025,10.0,40.0,1.0,calendar_reference_slow_response,illustrative reference convention; not calibrated,1.0.0,calendar_epps_curve,285.0,second,coupling,0.8597620677908947,normalized_correlation,0.8597620677908947
F6,0.1,0.025,10.0,40.0,1.0,calendar_reference_slow_response,illustrative reference convention; not calibrated,1.0.0,calendar_epps_curve,285.5,second,coupling,0.8600062678047109,normalized_correlation,0.8600062678047109
F6,0.1,0.025,10.0,40.0,1.0,calendar_reference_slow_response,illustrative reference convention; not calibrated,1.0.0,calendar_epps_curve,286.0,second,coupling,0.8602496313400435,normalized_correlation,0.8602496313400435
F6,0.1,0.025,10.0,40.0,1.0,calendar_reference_slow_response,illustrative reference convention; not calibrated,1.0.0,calendar_epps_curve,286.5,second,coupling,0.8604921625609924,normalized_correlation,0.8604921625609924
F6,0.1,0.025,10.0,40.0,1.0,calendar_reference_slow_response,illustrative reference convention; not calibrated,1.0.0,calendar_epps_curve,287.0,second,coupling,0.8607338656053097,normalized_correlation,0.8607338656053097
F6,0.1,0.025,10.0,40.0,1.0,calendar_reference_slow_response,illustrative reference convention; not calibrated,1.0.0,calendar_epps_curve,287.5,second,coupling,0.8609747445845967,normalized_correlation,0.8609747445845967
F6,0.1,0.025,10.0,40.0,1.0,calendar_reference_slow_response,illustrative reference convention; not calibrated,1.0.0,calendar_epps_curve,288.0,second,coupling,0.8612148035844968,normalized_correlation,0.8612148035844968
F6,0.1,0.025,10.0,40.0,1.0,calendar_reference_slow_response,illustrative reference convention; not calibrated,1.0.0,calendar_epps_curve,288.5,second,coupling,0.8614540466648897,normalized_correlation,0.8614540466648897
F6,0.1,0.025,10.0,40.0,1.0,calendar_reference_slow_response,illustrative reference convention; not calibrated,1.0.0,calendar_epps_curve,289.0,second,coupling,0.8616924778600816,normalized_correlation,0.8616924778600816
F6,0.1,0.025,10.0,40.0,1.0,calendar_reference_slow_response,illustrative reference convention; not calibrated,1.0.0,calendar_epps_curve,289.5,second,coupling,0.8619301011789953,normalized_correlation,0.8619301011789953
F6,0.1,0.025,10.0,40.0,1.0,calendar_reference_slow_response,illustrative reference convention; not calibrated,1.0.0,calendar_epps_curve,290.0,second,coupling,0.8621669206053576,normalized_correlation,0.8621669206053576
F6,0.1,0.025,10.0,40.0,1.0,calendar_reference_slow_response,illustrative reference convention; not calibrated,1.0.0,calendar_epps_curve,290.5,second,coupling,0.8624029400978864,normalized_correlation,0.8624029400978864
F6,0.1,0.025,10.0,40.0,1.0,calendar_reference_slow_response,illustrative reference convention; not calibrated,1.0.0,calendar_epps_curve,291.0,second,coupling,0.8626381635904752,normalized_correlation,0.8626381635904752
F6,0.1,0.025,10.0,40.0,1.0,calendar_reference_slow_response,illustrative reference convention; not calibrated,1.0.0,calendar_epps_curve,291.5,second,coupling,0.8628725949923762,normalized_correlation,0.8628725949923762
F6,0.1,0.025,10.0,40.0,1.0,calendar_reference_slow_response,illustrative reference convention; not calibrated,1.0.0,calendar_epps_curve,292.0,second,coupling,0.8631062381883827,normalized_correlation,0.8631062381883827
F6,0.1,0.025,10.0,40.0,1.0,calendar_reference_slow_response,illustrative reference convention; not calibrated,1.0.0,calendar_epps_curve,292.5,second,coupling,0.8633390970390091,normalized_correlation,0.8633390970390091
F6,0.1,0.025,10.0,40.0,1.0,calendar_reference_slow_response,illustrative reference convention; not calibrated,1.0.0,calendar_epps_curve,293.0,second,coupling,0.8635711753806697,normalized_correlation,0.8635711753806697
F6,0.1,0.025,10.0,40.0,1.0,calendar_reference_slow_response,illustrative reference convention; not calibrated,1.0.0,calendar_epps_curve,293.5,second,coupling,0.8638024770258563,normalized_correlation,0.8638024770258563
F6,0.1,0.025,10.0,40.0,1.0,calendar_reference_slow_response,illustrative reference convention; not calibrated,1.0.0,calendar_epps_curve,294.0,second,coupling,0.8640330057633137,normalized_correlation,0.8640330057633137
F6,0.1,0.025,10.0,40.0,1.0,calendar_reference_slow_response,illustrative reference convention; not calibrated,1.0.0,calendar_epps_curve,294.5,second,coupling,0.8642627653582144,normalized_correlation,0.8642627653582144
F6,0.1,0.025,10.0,40.0,1.0,calendar_reference_slow_response,illustrative reference convention; not calibrated,1.0.0,calendar_epps_curve,295.0,second,coupling,0.864491759552332,normalized_correlation,0.864491759552332
F6,0.1,0.025,10.0,40.0,1.0,calendar_reference_slow_response,illustrative reference convention; not calibrated,1.0.0,calendar_epps_curve,295.5,second,coupling,0.8647199920642118,normalized_correlation,0.8647199920642118
F6,0.1,0.025,10.0,40.0,1.0,calendar_reference_slow_response,illustrative reference convention; not calibrated,1.0.0,calendar_epps_curve,296.0,second,coupling,0.8649474665893419,normalized_correlation,0.8649474665893419
F6,0.1,0.025,10.0,40.0,1.0,calendar_reference_slow_response,illustrative reference convention; not calibrated,1.0.0,calendar_epps_curve,296.5,second,coupling,0.8651741868003213,normalized_correlation,0.8651741868003213
F6,0.1,0.025,10.0,40.0,1.0,calendar_reference_slow_response,illustrative reference convention; not calibrated,1.0.0,calendar_epps_curve,297.0,second,coupling,0.8654001563470282,normalized_correlation,0.8654001563470282
F6,0.1,0.025,10.0,40.0,1.0,calendar_reference_slow_response,illustrative reference convention; not calibrated,1.0.0,calendar_epps_curve,297.5,second,coupling,0.8656253788567847,normalized_correlation,0.8656253788567847
F6,0.1,0.025,10.0,40.0,1.0,calendar_reference_slow_response,illustrative reference convention; not calibrated,1.0.0,calendar_epps_curve,298.0,second,coupling,0.8658498579345226,normalized_correlation,0.8658498579345226
F6,0.1,0.025,10.0,40.0,1.0,calendar_reference_slow_response,illustrative reference convention; not calibrated,1.0.0,calendar_epps_curve,298.5,second,coupling,0.8660735971629462,normalized_correlation,0.8660735971629462
F6,0.1,0.025,10.0,40.0,1.0,calendar_reference_slow_response,illustrative reference convention; not calibrated,1.0.0,calendar_epps_curve,299.0,second,coupling,0.8662966001026942,normalized_correlation,0.8662966001026942
F6,0.1,0.025,10.0,40.0,1.0,calendar_reference_slow_response,illustrative reference convention; not calibrated,1.0.0,calendar_epps_curve,299.5,second,coupling,0.8665188702925002,normalized_correlation,0.8665188702925002
F6,0.1,0.025,10.0,40.0,1.0,calendar_reference_slow_response,illustrative reference convention; not calibrated,1.0.0,calendar_epps_curve,300.0,second,coupling,0.8667404112493531,normalized_correlation,0.8667404112493531
F6,0.1,0.025,10.0,40.0,1.0,calendar_reference_slow_response,illustrative reference convention; not calibrated,1.0.0,calendar_epps_curve,300.5,second,coupling,0.8669612264686534,normalized_correlation,0.8669612264686534
F6,0.1,0.025,10.0,40.0,1.0,calendar_reference_slow_response,illustrative reference convention; not calibrated,1.0.0,calendar_epps_curve,301.0,second,coupling,0.8671813194243712,normalized_correlation,0.8671813194243712
F6,0.1,0.025,10.0,40.0,1.0,calendar_reference_slow_response,illustrative reference convention; not calibrated,1.0.0,calendar_epps_curve,301.5,second,coupling,0.8674006935692014,normalized_correlation,0.8674006935692014
F6,0.1,0.025,10.0,40.0,1.0,calendar_reference_slow_response,illustrative reference convention; not calibrated,1.0.0,calendar_epps_curve,302.0,second,coupling,0.8676193523347173,normalized_correlation,0.8676193523347173
F6,0.1,0.025,10.0,40.0,1.0,calendar_reference_slow_response,illustrative reference convention; not calibrated,1.0.0,calendar_epps_curve,302.5,second,coupling,0.8678372991315246,normalized_correlation,0.8678372991315246
F6,0.1,0.025,10.0,40.0,1.0,calendar_reference_slow_response,illustrative reference convention; not calibrated,1.0.0,calendar_epps_curve,303.0,second,coupling,0.8680545373494118,normalized_correlation,0.8680545373494118
F6,0.1,0.025,10.0,40.0,1.0,calendar_reference_slow_response,illustrative reference convention; not calibrated,1.0.0,calendar_epps_curve,303.5,second,coupling,0.8682710703575017,normalized_correlation,0.8682710703575017
F6,0.1,0.025,10.0,40.0,1.0,calendar_reference_slow_response,illustrative reference convention; not calibrated,1.0.0,calendar_epps_curve,304.0,second,coupling,0.8684869015044001,normalized_correlation,0.8684869015044001
F6,0.1,0.025,10.0,40.0,1.0,calendar_reference_slow_response,illustrative reference convention; not calibrated,1.0.0,calendar_epps_curve,304.5,second,coupling,0.8687020341183437,normalized_correlation,0.8687020341183437
F6,0.1,0.025,10.0,40.0,1.0,calendar_reference_slow_response,illustrative reference convention; not calibrated,1.0.0,calendar_epps_curve,305.0,second,coupling,0.8689164715073473,normalized_correlation,0.8689164715073473
F6,0.1,0.025,10.0,40.0,1.0,calendar_reference_slow_response,illustrative reference convention; not calibrated,1.0.0,calendar_epps_curve,305.5,second,coupling,0.8691302169593493,normalized_correlation,0.8691302169593493
F6,0.1,0.025,10.0,40.0,1.0,calendar_reference_slow_response,illustrative reference convention; not calibrated,1.0.0,calendar_epps_curve,306.0,second,coupling,0.8693432737423559,normalized_correlation,0.8693432737423559
F6,0.1,0.025,10.0,40.0,1.0,calendar_reference_slow_response,illustrative reference convention; not calibrated,1.0.0,calendar_epps_curve,306.5,second,coupling,0.8695556451045844,normalized_correlation,0.8695556451045844
F6,0.1,0.025,10.0,40.0,1.0,calendar_reference_slow_response,illustrative reference convention; not calibrated,1.0.0,calendar_epps_curve,307.0,second,coupling,0.8697673342746056,normalized_correlation,0.8697673342746056
F6,0.1,0.025,10.0,40.0,1.0,calendar_reference_slow_response,illustrative reference convention; not calibrated,1.0.0,calendar_epps_curve,307.5,second,coupling,0.8699783444614846,normalized_correlation,0.8699783444614846
F6,0.1,0.025,10.0,40.0,1.0,calendar_reference_slow_response,illustrative reference convention; not calibrated,1.0.0,calendar_epps_curve,308.0,second,coupling,0.8701886788549203,normalized_correlation,0.8701886788549203
F6,0.1,0.025,10.0,40.0,1.0,calendar_reference_slow_response,illustrative reference convention; not calibrated,1.0.0,calendar_epps_curve,308.5,second,coupling,0.8703983406253847,normalized_correlation,0.8703983406253847
F6,0.1,0.025,10.0,40.0,1.0,calendar_reference_slow_response,illustrative reference convention; not calibrated,1.0.0,calendar_epps_curve,309.0,second,coupling,0.8706073329242596,normalized_correlation,0.8706073329242596
F6,0.1,0.025,10.0,40.0,1.0,calendar_reference_slow_response,illustrative reference convention; not calibrated,1.0.0,calendar_epps_curve,309.5,second,coupling,0.870815658883974,normalized_correlation,0.870815658883974
F6,0.1,0.025,10.0,40.0,1.0,calendar_reference_slow_response,illustrative reference convention; not calibrated,1.0.0,calendar_epps_curve,310.0,second,coupling,0.8710233216181388,normalized_correlation,0.8710233216181388
F6,0.1,0.025,10.0,40.0,1.0,calendar_reference_slow_response,illustrative reference convention; not calibrated,1.0.0,calendar_epps_curve,310.5,second,coupling,0.8712303242216812,normalized_correlation,0.8712303242216812
F6,0.1,0.025,10.0,40.0,1.0,calendar_reference_slow_response,illustrative reference convention; not calibrated,1.0.0,calendar_epps_curve,311.0,second,coupling,0.8714366697709782,normalized_correlation,0.8714366697709782
F6,0.1,0.025,10.0,40.0,1.0,calendar_reference_slow_response,illustrative reference convention; not calibrated,1.0.0,calendar_epps_curve,311.5,second,coupling,0.8716423613239881,normalized_correlation,0.8716423613239881
F6,0.1,0.025,10.0,40.0,1.0,calendar_reference_slow_response,illustrative reference convention; not calibrated,1.0.0,calendar_epps_curve,312.0,second,coupling,0.871847401920382,normalized_correlation,0.871847401920382
F6,0.1,0.025,10.0,40.0,1.0,calendar_reference_slow_response,illustrative reference convention; not calibrated,1.0.0,calendar_epps_curve,312.5,second,coupling,0.8720517945816737,normalized_correlation,0.8720517945816737
F6,0.1,0.025,10.0,40.0,1.0,calendar_reference_slow_response,illustrative reference convention; not calibrated,1.0.0,calendar_epps_curve,313.0,second,coupling,0.8722555423113487,normalized_correlation,0.8722555423113487
F6,0.1,0.025,10.0,40.0,1.0,calendar_reference_slow_response,illustrative reference convention; not calibrated,1.0.0,calendar_epps_curve,313.5,second,coupling,0.8724586480949919,normalized_correlation,0.8724586480949919
F6,0.1,0.025,10.0,40.0,1.0,calendar_reference_slow_response,illustrative reference convention; not calibrated,1.0.0,calendar_epps_curve,314.0,second,coupling,0.8726611149004144,normalized_correlation,0.8726611149004144
F6,0.1,0.025,10.0,40.0,1.0,calendar_reference_slow_response,illustrative reference convention; not calibrated,1.0.0,calendar_epps_curve,314.5,second,coupling,0.87286294567778,normalized_correlation,0.87286294567778
F6,0.1,0.025,10.0,40.0,1.0,calendar_reference_slow_response,illustrative reference convention; not calibrated,1.0.0,calendar_epps_curve,315.0,second,coupling,0.8730641433597295,normalized_correlation,0.8730641433597295
F6,0.1,0.025,10.0,40.0,1.0,calendar_reference_slow_response,illustrative reference convention; not calibrated,1.0.0,calendar_epps_curve,315.5,second,coupling,0.8732647108615045,normalized_correlation,0.8732647108615045
F6,0.1,0.025,10.0,40.0,1.0,calendar_reference_slow_response,illustrative reference convention; not calibrated,1.0.0,calendar_epps_curve,316.0,second,coupling,0.8734646510810707,normalized_correlation,0.8734646510810707
F6,0.1,0.025,10.0,40.0,1.0,calendar_reference_slow_response,illustrative reference convention; not calibrated,1.0.0,calendar_epps_curve,316.5,second,coupling,0.8736639668992396,normalized_correlation,0.8736639668992396
F6,0.1,0.025,10.0,40.0,1.0,calendar_reference_slow_response,illustrative reference convention; not calibrated,1.0.0,calendar_epps_curve,317.0,second,coupling,0.8738626611797893,normalized_correlation,0.8738626611797893
F6,0.1,0.025,10.0,40.0,1.0,calendar_reference_slow_response,illustrative reference convention; not calibrated,1.0.0,calendar_epps_curve,317.5,second,coupling,0.8740607367695844,normalized_correlation,0.8740607367695844
F6,0.1,0.025,10.0,40.0,1.0,calendar_reference_slow_response,illustrative reference convention; not calibrated,1.0.0,calendar_epps_curve,318.0,second,coupling,0.8742581964986954,normalized_correlation,0.8742581964986954
F6,0.1,0.025,10.0,40.0,1.0,calendar_reference_slow_response,illustrative reference convention; not calibrated,1.0.0,calendar_epps_curve,318.5,second,coupling,0.8744550431805163,normalized_correlation,0.8744550431805163
F6,0.1,0.025,10.0,40.0,1.0,calendar_reference_slow_response,illustrative reference convention; not calibrated,1.0.0,calendar_epps_curve,319.0,second,coupling,0.874651279611882,normalized_correlation,0.874651279611882
F6,0.1,0.025,10.0,40.0,1.0,calendar_reference_slow_response,illustrative reference convention; not calibrated,1.0.0,calendar_epps_curve,319.5,second,coupling,0.8748469085731845,normalized_correlation,0.8748469085731845
F6,0.1,0.025,10.0,40.0,1.0,calendar_reference_slow_response,illustrative reference convention; not calibrated,1.0.0,calendar_epps_curve,320.0,second,coupling,0.8750419328284879,normalized_correlation,0.8750419328284879
F6,0.1,0.025,10.0,40.0,1.0,calendar_reference_slow_response,illustrative reference convention; not calibrated,1.0.0,calendar_epps_curve,320.5,second,coupling,0.8752363551256427,normalized_correlation,0.8752363551256427
F6,0.1,0.025,10.0,40.0,1.0,calendar_reference_slow_response,illustrative reference convention; not calibrated,1.0.0,calendar_epps_curve,321.0,second,coupling,0.8754301781963998,normalized_correlation,0.8754301781963998
F6,0.1,0.025,10.0,40.0,1.0,calendar_reference_slow_response,illustrative reference convention; not calibrated,1.0.0,calendar_epps_curve,321.5,second,coupling,0.8756234047565226,normalized_correlation,0.8756234047565226
F6,0.1,0.025,10.0,40.0,1.0,calendar_reference_slow_response,illustrative reference convention; not calibrated,1.0.0,calendar_epps_curve,322.0,second,coupling,0.8758160375058983,normalized_correlation,0.8758160375058983
F6,0.1,0.025,10.0,40.0,1.0,calendar_reference_slow_response,illustrative reference convention; not calibrated,1.0.0,calendar_epps_curve,322.5,second,coupling,0.8760080791286496,normalized_correlation,0.8760080791286496
F6,0.1,0.025,10.0,40.0,1.0,calendar_reference_slow_response,illustrative reference convention; not calibrated,1.0.0,calendar_epps_curve,323.0,second,coupling,0.8761995322932438,normalized_correlation,0.8761995322932438
F6,0.1,0.025,10.0,40.0,1.0,calendar_reference_slow_response,illustrative reference convention; not calibrated,1.0.0,calendar_epps_curve,323.5,second,coupling,0.8763903996526019,normalized_correlation,0.8763903996526019
F6,0.1,0.025,10.0,40.0,1.0,calendar_reference_slow_response,illustrative reference convention; not calibrated,1.0.0,calendar_epps_curve,324.0,second,coupling,0.8765806838442073,normalized_correlation,0.8765806838442073
F6,0.1,0.025,10.0,40.0,1.0,calendar_reference_slow_response,illustrative reference convention; not calibrated,1.0.0,calendar_epps_curve,324.5,second,coupling,0.8767703874902124,normalized_correlation,0.8767703874902124
F6,0.1,0.025,10.0,40.0,1.0,calendar_reference_slow_response,illustrative reference convention; not calibrated,1.0.0,calendar_epps_curve,325.0,second,coupling,0.8769595131975455,normalized_correlation,0.8769595131975455
F6,0.1,0.025,10.0,40.0,1.0,calendar_reference_slow_response,illustrative reference convention; not calibrated,1.0.0,calendar_epps_curve,325.5,second,coupling,0.8771480635580162,normalized_correlation,0.8771480635580162
F6,0.1,0.025,10.0,40.0,1.0,calendar_reference_slow_response,illustrative reference convention; not calibrated,1.0.0,calendar_epps_curve,326.0,second,coupling,0.8773360411484207,normalized_correlation,0.8773360411484207
F6,0.1,0.025,10.0,40.0,1.0,calendar_reference_slow_response,illustrative reference convention; not calibrated,1.0.0,calendar_epps_curve,326.5,second,coupling,0.8775234485306446,normalized_correlation,0.8775234485306446
F6,0.1,0.025,10.0,40.0,1.0,calendar_reference_slow_response,illustrative reference convention; not calibrated,1.0.0,calendar_epps_curve,327.0,second,coupling,0.8777102882517674,normalized_correlation,0.8777102882517674
F6,0.1,0.025,10.0,40.0,1.0,calendar_reference_slow_response,illustrative reference convention; not calibrated,1.0.0,calendar_epps_curve,327.5,second,coupling,0.877896562844164,normalized_correlation,0.877896562844164
F6,0.1,0.025,10.0,40.0,1.0,calendar_reference_slow_response,illustrative reference convention; not calibrated,1.0.0,calendar_epps_curve,328.0,second,coupling,0.8780822748256064,normalized_correlation,0.8780822748256064
F6,0.1,0.025,10.0,40.0,1.0,calendar_reference_slow_response,illustrative reference convention; not calibrated,1.0.0,calendar_epps_curve,328.5,second,coupling,0.8782674266993645,normalized_correlation,0.8782674266993645
F6,0.1,0.025,10.0,40.0,1.0,calendar_reference_slow_response,illustrative reference convention; not calibrated,1.0.0,calendar_epps_curve,329.0,second,coupling,0.8784520209543061,normalized_correlation,0.8784520209543061
F6,0.1,0.025,10.0,40.0,1.0,calendar_reference_slow_response,illustrative reference convention; not calibrated,1.0.0,calendar_epps_curve,329.5,second,coupling,0.878636060064996,normalized_correlation,0.878636060064996
F6,0.1,0.025,10.0,40.0,1.0,calendar_reference_slow_response,illustrative reference convention; not calibrated,1.0.0,calendar_epps_curve,330.0,second,coupling,0.8788195464917942,normalized_correlation,0.8788195464917942
F6,0.1,0.025,10.0,40.0,1.0,calendar_reference_slow_response,illustrative reference convention; not calibrated,1.0.0,calendar_epps_curve,330.5,second,coupling,0.8790024826809537,normalized_correlation,0.8790024826809537
F6,0.1,0.025,10.0,40.0,1.0,calendar_reference_slow_response,illustrative reference convention; not calibrated,1.0.0,calendar_epps_curve,331.0,second,coupling,0.8791848710647177,normalized_correlation,0.8791848710647177
F6,0.1,0.025,10.0,40.0,1.0,calendar_reference_slow_response,illustrative reference convention; not calibrated,1.0.0,calendar_epps_curve,331.5,second,coupling,0.8793667140614148,normalized_correlation,0.8793667140614148
F6,0.1,0.025,10.0,40.0,1.0,calendar_reference_slow_response,illustrative reference convention; not calibrated,1.0.0,calendar_epps_curve,332.0,second,coupling,0.8795480140755552,normalized_correlation,0.8795480140755552
F6,0.1,0.025,10.0,40.0,1.0,calendar_reference_slow_response,illustrative reference convention; not calibrated,1.0.0,calendar_epps_curve,332.5,second,coupling,0.8797287734979249,normalized_correlation,0.8797287734979249
F6,0.1,0.025,10.0,40.0,1.0,calendar_reference_slow_response,illustrative reference convention; not calibrated,1.0.0,calendar_epps_curve,333.0,second,coupling,0.8799089947056798,normalized_correlation,0.8799089947056798
F6,0.1,0.025,10.0,40.0,1.0,calendar_reference_slow_response,illustrative reference convention; not calibrated,1.0.0,calendar_epps_curve,333.5,second,coupling,0.8800886800624383,normalized_correlation,0.8800886800624383
F6,0.1,0.025,10.0,40.0,1.0,calendar_reference_slow_response,illustrative reference convention; not calibrated,1.0.0,calendar_epps_curve,334.0,second,coupling,0.8802678319183747,normalized_correlation,0.8802678319183747
F6,0.1,0.025,10.0,40.0,1.0,calendar_reference_slow_response,illustrative reference convention; not calibrated,1.0.0,calendar_epps_curve,334.5,second,coupling,0.8804464526103096,normalized_correlation,0.8804464526103096
F6,0.1,0.025,10.0,40.0,1.0,calendar_reference_slow_response,illustrative reference convention; not calibrated,1.0.0,calendar_epps_curve,335.0,second,coupling,0.880624544461802,normalized_correlation,0.880624544461802
F6,0.1,0.025,10.0,40.0,1.0,calendar_reference_slow_response,illustrative reference convention; not calibrated,1.0.0,calendar_epps_curve,335.5,second,coupling,0.8808021097832393,normalized_correlation,0.8808021097832393
F6,0.1,0.025,10.0,40.0,1.0,calendar_reference_slow_response,illustrative reference convention; not calibrated,1.0.0,calendar_epps_curve,336.0,second,coupling,0.880979150871926,normalized_correlation,0.880979150871926
F6,0.1,0.025,10.0,40.0,1.0,calendar_reference_slow_response,illustrative reference convention; not calibrated,1.0.0,calendar_epps_curve,336.5,second,coupling,0.8811556700121742,normalized_correlation,0.8811556700121742
F6,0.1,0.025,10.0,40.0,1.0,calendar_reference_slow_response,illustrative reference convention; not calibrated,1.0.0,calendar_epps_curve,337.0,second,coupling,0.8813316694753903,normalized_correlation,0.8813316694753903
F6,0.1,0.025,10.0,40.0,1.0,calendar_reference_slow_response,illustrative reference convention; not calibrated,1.0.0,calendar_epps_curve,337.5,second,coupling,0.8815071515201632,normalized_correlation,0.8815071515201632
F6,0.1,0.025,10.0,40.0,1.0,calendar_reference_slow_response,illustrative reference convention; not calibrated,1.0.0,calendar_epps_curve,338.0,second,coupling,0.8816821183923512,normalized_correlation,0.8816821183923512
F6,0.1,0.025,10.0,40.0,1.0,calendar_reference_slow_response,illustrative reference convention; not calibrated,1.0.0,calendar_epps_curve,338.5,second,coupling,0.8818565723251679,normalized_correlation,0.8818565723251679
F6,0.1,0.025,10.0,40.0,1.0,calendar_reference_slow_response,illustrative reference convention; not calibrated,1.0.0,calendar_epps_curve,339.0,second,coupling,0.8820305155392678,normalized_correlation,0.8820305155392678
F6,0.1,0.025,10.0,40.0,1.0,calendar_reference_slow_response,illustrative reference convention; not calibrated,1.0.0,calendar_epps_curve,339.5,second,coupling,0.8822039502428313,normalized_correlation,0.8822039502428313
F6,0.1,0.025,10.0,40.0,1.0,calendar_reference_slow_response,illustrative reference convention; not calibrated,1.0.0,calendar_epps_curve,340.0,second,coupling,0.8823768786316483,normalized_correlation,0.8823768786316483
F6,0.1,0.025,10.0,40.0,1.0,calendar_reference_slow_response,illustrative reference convention; not calibrated,1.0.0,calendar_epps_curve,340.5,second,coupling,0.8825493028892026,normalized_correlation,0.8825493028892026
F6,0.1,0.025,10.0,40.0,1.0,calendar_reference_slow_response,illustrative reference convention; not calibrated,1.0.0,calendar_epps_curve,341.0,second,coupling,0.8827212251867543,normalized_correlation,0.8827212251867543
F6,0.1,0.025,10.0,40.0,1.0,calendar_reference_slow_response,illustrative reference convention; not calibrated,1.0.0,calendar_epps_curve,341.5,second,coupling,0.8828926476834218,normalized_correlation,0.8828926476834218
F6,0.1,0.025,10.0,40.0,1.0,calendar_reference_slow_response,illustrative reference convention; not calibrated,1.0.0,calendar_epps_curve,342.0,second,coupling,0.8830635725262641,normalized_correlation,0.8830635725262641
F6,0.1,0.025,10.0,40.0,1.0,calendar_reference_slow_response,illustrative reference convention; not calibrated,1.0.0,calendar_epps_curve,342.5,second,coupling,0.8832340018503613,normalized_correlation,0.8832340018503613
F6,0.1,0.025,10.0,40.0,1.0,calendar_reference_slow_response,illustrative reference convention; not calibrated,1.0.0,calendar_epps_curve,343.0,second,coupling,0.8834039377788949,normalized_correlation,0.8834039377788949
F6,0.1,0.025,10.0,40.0,1.0,calendar_reference_slow_response,illustrative reference convention; not calibrated,1.0.0,calendar_epps_curve,343.5,second,coupling,0.8835733824232281,normalized_correlation,0.8835733824232281
F6,0.1,0.025,10.0,40.0,1.0,calendar_reference_slow_response,illustrative reference convention; not calibrated,1.0.0,calendar_epps_curve,344.0,second,coupling,0.8837423378829846,normalized_correlation,0.8837423378829846
F6,0.1,0.025,10.0,40.0,1.0,calendar_reference_slow_response,illustrative reference convention; not calibrated,1.0.0,calendar_epps_curve,344.5,second,coupling,0.883910806246127,normalized_correlation,0.883910806246127
F6,0.1,0.025,10.0,40.0,1.0,calendar_reference_slow_response,illustrative reference convention; not calibrated,1.0.0,calendar_epps_curve,345.0,second,coupling,0.8840787895890349,normalized_correlation,0.8840787895890349
F6,0.1,0.025,10.0,40.0,1.0,calendar_reference_slow_response,illustrative reference convention; not calibrated,1.0.0,calendar_epps_curve,345.5,second,coupling,0.8842462899765824,normalized_correlation,0.8842462899765824
F6,0.1,0.025,10.0,40.0,1.0,calendar_reference_slow_response,illustrative reference convention; not calibrated,1.0.0,calendar_epps_curve,346.0,second,coupling,0.8844133094622147,normalized_correlation,0.8844133094622147
F6,0.1,0.025,10.0,40.0,1.0,calendar_reference_slow_response,illustrative reference convention; not calibrated,1.0.0,calendar_epps_curve,346.5,second,coupling,0.8845798500880243,normalized_correlation,0.8845798500880243
F6,0.1,0.025,10.0,40.0,1.0,calendar_reference_slow_response,illustrative reference convention; not calibrated,1.0.0,calendar_epps_curve,347.0,second,coupling,0.8847459138848266,normalized_correlation,0.8847459138848266
F6,0.1,0.025,10.0,40.0,1.0,calendar_reference_slow_response,illustrative reference convention; not calibrated,1.0.0,calendar_epps_curve,347.5,second,coupling,0.8849115028722346,normalized_correlation,0.8849115028722346
F6,0.1,0.025,10.0,40.0,1.0,calendar_reference_slow_response,illustrative reference convention; not calibrated,1.0.0,calendar_epps_curve,348.0,second,coupling,0.8850766190587342,normalized_correlation,0.8850766190587342
F6,0.1,0.025,10.0,40.0,1.0,calendar_reference_slow_response,illustrative reference convention; not calibrated,1.0.0,calendar_epps_curve,348.5,second,coupling,0.8852412644417571,normalized_correlation,0.8852412644417571
F6,0.1,0.025,10.0,40.0,1.0,calendar_reference_slow_response,illustrative reference convention; not calibrated,1.0.0,calendar_epps_curve,349.0,second,coupling,0.8854054410077546,normalized_correlation,0.8854054410077546
F6,0.1,0.025,10.0,40.0,1.0,calendar_reference_slow_response,illustrative reference convention; not calibrated,1.0.0,calendar_epps_curve,349.5,second,coupling,0.8855691507322707,normalized_correlation,0.8855691507322707
F6,0.1,0.025,10.0,40.0,1.0,calendar_reference_slow_response,illustrative reference convention; not calibrated,1.0.0,calendar_epps_curve,350.0,second,coupling,0.8857323955800133,normalized_correlation,0.8857323955800133
F6,0.1,0.025,10.0,40.0,1.0,calendar_reference_slow_response,illustrative reference convention; not calibrated,1.0.0,calendar_epps_curve,350.5,second,coupling,0.8858951775049269,normalized_correlation,0.8858951775049269
F6,0.1,0.025,10.0,40.0,1.0,calendar_reference_slow_response,illustrative reference convention; not calibrated,1.0.0,calendar_epps_curve,351.0,second,coupling,0.886057498450263,normalized_correlation,0.886057498450263
F6,0.1,0.025,10.0,40.0,1.0,calendar_reference_slow_response,illustrative reference convention; not calibrated,1.0.0,calendar_epps_curve,351.5,second,coupling,0.8862193603486517,normalized_correlation,0.8862193603486517
F6,0.1,0.025,10.0,40.0,1.0,calendar_reference_slow_response,illustrative reference convention; not calibrated,1.0.0,calendar_epps_curve,352.0,second,coupling,0.88638076512217,normalized_correlation,0.88638076512217
F6,0.1,0.025,10.0,40.0,1.0,calendar_reference_slow_response,illustrative reference convention; not calibrated,1.0.0,calendar_epps_curve,352.5,second,coupling,0.886541714682413,normalized_correlation,0.886541714682413
F6,0.1,0.025,10.0,40.0,1.0,calendar_reference_slow_response,illustrative reference convention; not calibrated,1.0.0,calendar_epps_curve,353.0,second,coupling,0.8867022109305622,normalized_correlation,0.8867022109305622
F6,0.1,0.025,10.0,40.0,1.0,calendar_reference_slow_response,illustrative reference convention; not calibrated,1.0.0,calendar_epps_curve,353.5,second,coupling,0.8868622557574538,normalized_correlation,0.8868622557574538
F6,0.1,0.025,10.0,40.0,1.0,calendar_reference_slow_response,illustrative reference convention; not calibrated,1.0.0,calendar_epps_curve,354.0,second,coupling,0.8870218510436471,normalized_correlation,0.8870218510436471
F6,0.1,0.025,10.0,40.0,1.0,calendar_reference_slow_response,illustrative reference convention; not calibrated,1.0.0,calendar_epps_curve,354.5,second,coupling,0.8871809986594914,normalized_correlation,0.8871809986594914
F6,0.1,0.025,10.0,40.0,1.0,calendar_reference_slow_response,illustrative reference convention; not calibrated,1.0.0,calendar_epps_curve,355.0,second,coupling,0.8873397004651937,normalized_correlation,0.8873397004651937
F6,0.1,0.025,10.0,40.0,1.0,calendar_reference_slow_response,illustrative reference convention; not calibrated,1.0.0,calendar_epps_curve,355.5,second,coupling,0.8874979583108843,normalized_correlation,0.8874979583108843
F6,0.1,0.025,10.0,40.0,1.0,calendar_reference_slow_response,illustrative reference convention; not calibrated,1.0.0,calendar_epps_curve,356.0,second,coupling,0.8876557740366834,normalized_correlation,0.8876557740366834
F6,0.1,0.025,10.0,40.0,1.0,calendar_reference_slow_response,illustrative reference convention; not calibrated,1.0.0,calendar_epps_curve,356.5,second,coupling,0.887813149472766,normalized_correlation,0.887813149472766
F6,0.1,0.025,10.0,40.0,1.0,calendar_reference_slow_response,illustrative reference convention; not calibrated,1.0.0,calendar_epps_curve,357.0,second,coupling,0.8879700864394273,normalized_correlation,0.8879700864394273
F6,0.1,0.025,10.0,40.0,1.0,calendar_reference_slow_response,illustrative reference convention; not calibrated,1.0.0,calendar_epps_curve,357.5,second,coupling,0.8881265867471471,normalized_correlation,0.8881265867471471
F6,0.1,0.025,10.0,40.0,1.0,calendar_reference_slow_response,illustrative reference convention; not calibrated,1.0.0,calendar_epps_curve,358.0,second,coupling,0.8882826521966531,normalized_correlation,0.8882826521966531
F6,0.1,0.025,10.0,40.0,1.0,calendar_reference_slow_response,illustrative reference convention; not calibrated,1.0.0,calendar_epps_curve,358.5,second,coupling,0.8884382845789858,normalized_correlation,0.8884382845789858
F6,0.1,0.025,10.0,40.0,1.0,calendar_reference_slow_response,illustrative reference convention; not calibrated,1.0.0,calendar_epps_curve,359.0,second,coupling,0.88859348567556,normalized_correlation,0.88859348567556
F6,0.1,0.025,10.0,40.0,1.0,calendar_reference_slow_response,illustrative reference convention; not calibrated,1.0.0,calendar_epps_curve,359.5,second,coupling,0.8887482572582284,normalized_correlation,0.8887482572582284
F6,0.1,0.025,10.0,40.0,1.0,calendar_reference_slow_response,illustrative reference convention; not calibrated,1.0.0,calendar_epps_curve,360.0,second,coupling,0.8889026010893429,normalized_correlation,0.8889026010893429
F6,0.1,0.025,10.0,40.0,1.0,calendar_reference_slow_response,illustrative reference convention; not calibrated,1.0.0,calendar_epps_curve,360.5,second,coupling,0.8890565189218174,normalized_correlation,0.8890565189218174
F6,0.1,0.025,10.0,40.0,1.0,calendar_reference_slow_response,illustrative reference convention; not calibrated,1.0.0,calendar_epps_curve,361.0,second,coupling,0.8892100124991875,normalized_correlation,0.8892100124991875
F6,0.1,0.025,10.0,40.0,1.0,calendar_reference_slow_response,illustrative reference convention; not calibrated,1.0.0,calendar_epps_curve,361.5,second,coupling,0.8893630835556723,normalized_correlation,0.8893630835556723
F6,0.1,0.025,10.0,40.0,1.0,calendar_reference_slow_response,illustrative reference convention; not calibrated,1.0.0,calendar_epps_curve,362.0,second,coupling,0.8895157338162342,normalized_correlation,0.8895157338162342
F6,0.1,0.025,10.0,40.0,1.0,calendar_reference_slow_response,illustrative reference convention; not calibrated,1.0.0,calendar_epps_curve,362.5,second,coupling,0.8896679649966387,normalized_correlation,0.8896679649966387
F6,0.1,0.025,10.0,40.0,1.0,calendar_reference_slow_response,illustrative reference convention; not calibrated,1.0.0,calendar_epps_curve,363.0,second,coupling,0.8898197788035141,normalized_correlation,0.8898197788035141
F6,0.1,0.025,10.0,40.0,1.0,calendar_reference_slow_response,illustrative reference convention; not calibrated,1.0.0,calendar_epps_curve,363.5,second,coupling,0.88997117693441,normalized_correlation,0.88997117693441
F6,0.1,0.025,10.0,40.0,1.0,calendar_reference_slow_response,illustrative reference convention; not calibrated,1.0.0,calendar_epps_curve,364.0,second,coupling,0.890122161077856,normalized_correlation,0.890122161077856
F6,0.1,0.025,10.0,40.0,1.0,calendar_reference_slow_response,illustrative reference convention; not calibrated,1.0.0,calendar_epps_curve,364.5,second,coupling,0.8902727329134199,normalized_correlation,0.8902727329134199
F6,0.1,0.025,10.0,40.0,1.0,calendar_reference_slow_response,illustrative reference convention; not calibrated,1.0.0,calendar_epps_curve,365.0,second,coupling,0.8904228941117649,normalized_correlation,0.8904228941117649
F6,0.1,0.025,10.0,40.0,1.0,calendar_reference_slow_response,illustrative reference convention; not calibrated,1.0.0,calendar_epps_curve,365.5,second,coupling,0.8905726463347073,normalized_correlation,0.8905726463347073
F6,0.1,0.025,10.0,40.0,1.0,calendar_reference_slow_response,illustrative reference convention; not calibrated,1.0.0,calendar_epps_curve,366.0,second,coupling,0.8907219912352728,normalized_correlation,0.8907219912352728
F6,0.1,0.025,10.0,40.0,1.0,calendar_reference_slow_response,illustrative reference convention; not calibrated,1.0.0,calendar_epps_curve,366.5,second,coupling,0.8908709304577533,normalized_correlation,0.8908709304577533
F6,0.1,0.025,10.0,40.0,1.0,calendar_reference_slow_response,illustrative reference convention; not calibrated,1.0.0,calendar_epps_curve,367.0,second,coupling,0.8910194656377627,normalized_correlation,0.8910194656377627
F6,0.1,0.025,10.0,40.0,1.0,calendar_reference_slow_response,illustrative reference convention; not calibrated,1.0.0,calendar_epps_curve,367.5,second,coupling,0.8911675984022919,normalized_correlation,0.8911675984022919
F6,0.1,0.025,10.0,40.0,1.0,calendar_reference_slow_response,illustrative reference convention; not calibrated,1.0.0,calendar_epps_curve,368.0,second,coupling,0.891315330369765,normalized_correlation,0.891315330369765
F6,0.1,0.025,10.0,40.0,1.0,calendar_reference_slow_response,illustrative reference convention; not calibrated,1.0.0,calendar_epps_curve,368.5,second,coupling,0.8914626631500928,normalized_correlation,0.8914626631500928
F6,0.1,0.025,10.0,40.0,1.0,calendar_reference_slow_response,illustrative reference convention; not calibrated,1.0.0,calendar_epps_curve,369.0,second,coupling,0.8916095983447281,normalized_correlation,0.8916095983447281
F6,0.1,0.025,10.0,40.0,1.0,calendar_reference_slow_response,illustrative reference convention; not calibrated,1.0.0,calendar_epps_curve,369.5,second,coupling,0.8917561375467193,normalized_correlation,0.8917561375467193
F6,0.1,0.025,10.0,40.0,1.0,calendar_reference_slow_response,illustrative reference convention; not calibrated,1.0.0,calendar_epps_curve,370.0,second,coupling,0.8919022823407634,normalized_correlation,0.8919022823407634
F6,0.1,0.025,10.0,40.0,1.0,calendar_reference_slow_response,illustrative reference convention; not calibrated,1.0.0,calendar_epps_curve,370.5,second,coupling,0.8920480343032599,normalized_correlation,0.8920480343032599
F6,0.1,0.025,10.0,40.0,1.0,calendar_reference_slow_response,illustrative reference convention; not calibrated,1.0.0,calendar_epps_curve,371.0,second,coupling,0.892193395002363,normalized_correlation,0.892193395002363
F6,0.1,0.025,10.0,40.0,1.0,calendar_reference_slow_response,illustrative reference convention; not calibrated,1.0.0,calendar_epps_curve,371.5,second,coupling,0.8923383659980343,normalized_correlation,0.8923383659980343
F6,0.1,0.025,10.0,40.0,1.0,calendar_reference_slow_response,illustrative reference convention; not calibrated,1.0.0,calendar_epps_curve,372.0,second,coupling,0.8924829488420944,normalized_correlation,0.8924829488420944
F6,0.1,0.025,10.0,40.0,1.0,calendar_reference_slow_response,illustrative reference convention; not calibrated,1.0.0,calendar_epps_curve,372.5,second,coupling,0.8926271450782749,normalized_correlation,0.8926271450782749
F6,0.1,0.025,10.0,40.0,1.0,calendar_reference_slow_response,illustrative reference convention; not calibrated,1.0.0,calendar_epps_curve,373.0,second,coupling,0.8927709562422692,normalized_correlation,0.8927709562422692
F6,0.1,0.025,10.0,40.0,1.0,calendar_reference_slow_response,illustrative reference convention; not calibrated,1.0.0,calendar_epps_curve,373.5,second,coupling,0.8929143838617836,normalized_correlation,0.8929143838617836
F6,0.1,0.025,10.0,40.0,1.0,calendar_reference_slow_response,illustrative reference convention; not calibrated,1.0.0,calendar_epps_curve,374.0,second,coupling,0.8930574294565876,normalized_correlation,0.8930574294565876
F6,0.1,0.025,10.0,40.0,1.0,calendar_reference_slow_response,illustrative reference convention; not calibrated,1.0.0,calendar_epps_curve,374.5,second,coupling,0.8932000945385643,normalized_correlation,0.8932000945385643
F6,0.1,0.025,10.0,40.0,1.0,calendar_reference_slow_response,illustrative reference convention; not calibrated,1.0.0,calendar_epps_curve,375.0,second,coupling,0.8933423806117596,normalized_correlation,0.8933423806117596
F6,0.1,0.025,10.0,40.0,1.0,calendar_reference_slow_response,illustrative reference convention; not calibrated,1.0.0,calendar_epps_curve,375.5,second,coupling,0.8934842891724322,normalized_correlation,0.8934842891724322
F6,0.1,0.025,10.0,40.0,1.0,calendar_reference_slow_response,illustrative reference convention; not calibrated,1.0.0,calendar_epps_curve,376.0,second,coupling,0.8936258217091018,normalized_correlation,0.8936258217091018
F6,0.1,0.025,10.0,40.0,1.0,calendar_reference_slow_response,illustrative reference convention; not calibrated,1.0.0,calendar_epps_curve,376.5,second,coupling,0.8937669797025987,normalized_correlation,0.8937669797025987
F6,0.1,0.025,10.0,40.0,1.0,calendar_reference_slow_response,illustrative reference convention; not calibrated,1.0.0,calendar_epps_curve,377.0,second,coupling,0.8939077646261114,normalized_correlation,0.8939077646261114
F6,0.1,0.025,10.0,40.0,1.0,calendar_reference_slow_response,illustrative reference convention; not calibrated,1.0.0,calendar_epps_curve,377.5,second,coupling,0.894048177945235,normalized_correlation,0.894048177945235
F6,0.1,0.025,10.0,40.0,1.0,calendar_reference_slow_response,illustrative reference convention; not calibrated,1.0.0,calendar_epps_curve,378.0,second,coupling,0.8941882211180182,normalized_correlation,0.8941882211180182
F6,0.1,0.025,10.0,40.0,1.0,calendar_reference_slow_response,illustrative reference convention; not calibrated,1.0.0,calendar_epps_curve,378.5,second,coupling,0.8943278955950111,normalized_correlation,0.8943278955950111
F6,0.1,0.025,10.0,40.0,1.0,calendar_reference_slow_response,illustrative reference convention; not calibrated,1.0.0,calendar_epps_curve,379.0,second,coupling,0.8944672028193121,normalized_correlation,0.8944672028193121
F6,0.1,0.025,10.0,40.0,1.0,calendar_reference_slow_response,illustrative reference convention; not calibrated,1.0.0,calendar_epps_curve,379.5,second,coupling,0.8946061442266142,normalized_correlation,0.8946061442266142
F6,0.1,0.025,10.0,40.0,1.0,calendar_reference_slow_response,illustrative reference convention; not calibrated,1.0.0,calendar_epps_curve,380.0,second,coupling,0.8947447212452513,normalized_correlation,0.8947447212452513
F6,0.1,0.025,10.0,40.0,1.0,calendar_reference_slow_response,illustrative reference convention; not calibrated,1.0.0,calendar_epps_curve,380.5,second,coupling,0.8948829352962443,normalized_correlation,0.8948829352962443
F6,0.1,0.025,10.0,40.0,1.0,calendar_reference_slow_response,illustrative reference convention; not calibrated,1.0.0,calendar_epps_curve,381.0,second,coupling,0.8950207877933463,normalized_correlation,0.8950207877933463
F6,0.1,0.025,10.0,40.0,1.0,calendar_reference_slow_response,illustrative reference convention; not calibrated,1.0.0,calendar_epps_curve,381.5,second,coupling,0.8951582801430882,normalized_correlation,0.8951582801430882
F6,0.1,0.025,10.0,40.0,1.0,calendar_reference_slow_response,illustrative reference convention; not calibrated,1.0.0,calendar_epps_curve,382.0,second,coupling,0.8952954137448238,normalized_correlation,0.8952954137448238
F6,0.1,0.025,10.0,40.0,1.0,calendar_reference_slow_response,illustrative reference convention; not calibrated,1.0.0,calendar_epps_curve,382.5,second,coupling,0.8954321899907736,normalized_correlation,0.8954321899907736
F6,0.1,0.025,10.0,40.0,1.0,calendar_reference_slow_response,illustrative reference convention; not calibrated,1.0.0,calendar_epps_curve,383.0,second,coupling,0.8955686102660698,normalized_correlation,0.8955686102660698
F6,0.1,0.025,10.0,40.0,1.0,calendar_reference_slow_response,illustrative reference convention; not calibrated,1.0.0,calendar_epps_curve,383.5,second,coupling,0.8957046759488001,normalized_correlation,0.8957046759488001
F6,0.1,0.025,10.0,40.0,1.0,calendar_reference_slow_response,illustrative reference convention; not calibrated,1.0.0,calendar_epps_curve,384.0,second,coupling,0.8958403884100512,normalized_correlation,0.8958403884100512
F6,0.1,0.025,10.0,40.0,1.0,calendar_reference_slow_response,illustrative reference convention; not calibrated,1.0.0,calendar_epps_curve,384.5,second,coupling,0.895975749013952,normalized_correlation,0.895975749013952
F6,0.1,0.025,10.0,40.0,1.0,calendar_reference_slow_response,illustrative reference convention; not calibrated,1.0.0,calendar_epps_curve,385.0,second,coupling,0.8961107591177173,normalized_correlation,0.8961107591177173
F6,0.1,0.025,10.0,40.0,1.0,calendar_reference_slow_response,illustrative reference convention; not calibrated,1.0.0,calendar_epps_curve,385.5,second,coupling,0.8962454200716895,normalized_correlation,0.8962454200716895
F6,0.1,0.025,10.0,40.0,1.0,calendar_reference_slow_response,illustrative reference convention; not calibrated,1.0.0,calendar_epps_curve,386.0,second,coupling,0.8963797332193818,normalized_correlation,0.8963797332193818
F6,0.1,0.025,10.0,40.0,1.0,calendar_reference_slow_response,illustrative reference convention; not calibrated,1.0.0,calendar_epps_curve,386.5,second,coupling,0.8965136998975201,normalized_correlation,0.8965136998975201
F6,0.1,0.025,10.0,40.0,1.0,calendar_reference_slow_response,illustrative reference convention; not calibrated,1.0.0,calendar_epps_curve,387.0,second,coupling,0.8966473214360844,normalized_correlation,0.8966473214360844
F6,0.1,0.025,10.0,40.0,1.0,calendar_reference_slow_response,illustrative reference convention; not calibrated,1.0.0,calendar_epps_curve,387.5,second,coupling,0.8967805991583511,normalized_correlation,0.8967805991583511
F6,0.1,0.025,10.0,40.0,1.0,calendar_reference_slow_response,illustrative reference convention; not calibrated,1.0.0,calendar_epps_curve,388.0,second,coupling,0.8969135343809334,normalized_correlation,0.8969135343809334
F6,0.1,0.025,10.0,40.0,1.0,calendar_reference_slow_response,illustrative reference convention; not calibrated,1.0.0,calendar_epps_curve,388.5,second,coupling,0.8970461284138225,normalized_correlation,0.8970461284138225
F6,0.1,0.025,10.0,40.0,1.0,calendar_reference_slow_response,illustrative reference convention; not calibrated,1.0.0,calendar_epps_curve,389.0,second,coupling,0.8971783825604287,normalized_correlation,0.8971783825604287
F6,0.1,0.025,10.0,40.0,1.0,calendar_reference_slow_response,illustrative reference convention; not calibrated,1.0.0,calendar_epps_curve,389.5,second,coupling,0.8973102981176209,normalized_correlation,0.8973102981176209
F6,0.1,0.025,10.0,40.0,1.0,calendar_reference_slow_response,illustrative reference convention; not calibrated,1.0.0,calendar_epps_curve,390.0,second,coupling,0.8974418763757672,normalized_correlation,0.8974418763757672
F6,0.1,0.025,10.0,40.0,1.0,calendar_reference_slow_response,illustrative reference convention; not calibrated,1.0.0,calendar_epps_curve,390.5,second,coupling,0.8975731186187746,normalized_correlation,0.8975731186187746
F6,0.1,0.025,10.0,40.0,1.0,calendar_reference_slow_response,illustrative reference convention; not calibrated,1.0.0,calendar_epps_curve,391.0,second,coupling,0.8977040261241284,normalized_correlation,0.8977040261241284
F6,0.1,0.025,10.0,40.0,1.0,calendar_reference_slow_response,illustrative reference convention; not calibrated,1.0.0,calendar_epps_curve,391.5,second,coupling,0.8978346001629312,normalized_correlation,0.8978346001629312
F6,0.1,0.025,10.0,40.0,1.0,calendar_reference_slow_response,illustrative reference convention; not calibrated,1.0.0,calendar_epps_curve,392.0,second,coupling,0.8979648419999421,normalized_correlation,0.8979648419999421
F6,0.1,0.025,10.0,40.0,1.0,calendar_reference_slow_response,illustrative reference convention; not calibrated,1.0.0,calendar_epps_curve,392.5,second,coupling,0.8980947528936154,normalized_correlation,0.8980947528936154
F6,0.1,0.025,10.0,40.0,1.0,calendar_reference_slow_response,illustrative reference convention; not calibrated,1.0.0,calendar_epps_curve,393.0,second,coupling,0.8982243340961389,normalized_correlation,0.8982243340961389
F6,0.1,0.025,10.0,40.0,1.0,calendar_reference_slow_response,illustrative reference convention; not calibrated,1.0.0,calendar_epps_curve,393.5,second,coupling,0.8983535868534716,normalized_correlation,0.8983535868534716
F6,0.1,0.025,10.0,40.0,1.0,calendar_reference_slow_response,illustrative reference convention; not calibrated,1.0.0,calendar_epps_curve,394.0,second,coupling,0.8984825124053823,normalized_correlation,0.8984825124053823
F6,0.1,0.025,10.0,40.0,1.0,calendar_reference_slow_response,illustrative reference convention; not calibrated,1.0.0,calendar_epps_curve,394.5,second,coupling,0.8986111119854865,normalized_correlation,0.8986111119854865
F6,0.1,0.025,10.0,40.0,1.0,calendar_reference_slow_response,illustrative reference convention; not calibrated,1.0.0,calendar_epps_curve,395.0,second,coupling,0.8987393868212841,normalized_correlation,0.8987393868212841
F6,0.1,0.025,10.0,40.0,1.0,calendar_reference_slow_response,illustrative reference convention; not calibrated,1.0.0,calendar_epps_curve,395.5,second,coupling,0.8988673381341961,normalized_correlation,0.8988673381341961
F6,0.1,0.025,10.0,40.0,1.0,calendar_reference_slow_response,illustrative reference convention; not calibrated,1.0.0,calendar_epps_curve,396.0,second,coupling,0.8989949671396016,normalized_correlation,0.8989949671396016
F6,0.1,0.025,10.0,40.0,1.0,calendar_reference_slow_response,illustrative reference convention; not calibrated,1.0.0,calendar_epps_curve,396.5,second,coupling,0.8991222750468747,normalized_correlation,0.8991222750468747
F6,0.1,0.025,10.0,40.0,1.0,calendar_reference_slow_response,illustrative reference convention; not calibrated,1.0.0,calendar_epps_curve,397.0,second,coupling,0.8992492630594199,normalized_correlation,0.8992492630594199
F6,0.1,0.025,10.0,40.0,1.0,calendar_reference_slow_response,illustrative reference convention; not calibrated,1.0.0,calendar_epps_curve,397.5,second,coupling,0.8993759323747087,normalized_correlation,0.8993759323747087
F6,0.1,0.025,10.0,40.0,1.0,calendar_reference_slow_response,illustrative reference convention; not calibrated,1.0.0,calendar_epps_curve,398.0,second,coupling,0.8995022841843152,normalized_correlation,0.8995022841843152
F6,0.1,0.025,10.0,40.0,1.0,calendar_reference_slow_response,illustrative reference convention; not calibrated,1.0.0,calendar_epps_curve,398.5,second,coupling,0.899628319673952,normalized_correlation,0.899628319673952
F6,0.1,0.025,10.0,40.0,1.0,calendar_reference_slow_response,illustrative reference convention; not calibrated,1.0.0,calendar_epps_curve,399.0,second,coupling,0.8997540400235045,normalized_correlation,0.8997540400235045
F6,0.1,0.025,10.0,40.0,1.0,calendar_reference_slow_response,illustrative reference convention; not calibrated,1.0.0,calendar_epps_curve,399.5,second,coupling,0.8998794464070667,normalized_correlation,0.8998794464070667
F6,0.1,0.025,10.0,40.0,1.0,calendar_reference_slow_response,illustrative reference convention; not calibrated,1.0.0,calendar_epps_curve,400.0,second,coupling,0.9000045399929762,normalized_correlation,0.9000045399929762
F6,0.1,0.025,10.0,40.0,1.0,calendar_reference_slow_response,illustrative reference convention; not calibrated,1.0.0,calendar_epps_curve,0.0,second,combined,0.0,normalized_correlation,0.0
F6,0.1,0.025,10.0,40.0,1.0,calendar_reference_slow_response,illustrative reference convention; not calibrated,1.0.0,calendar_epps_curve,0.5,second,combined,0.0001530397333527639,normalized_correlation,0.0001530397333527639
F6,0.1,0.025,10.0,40.0,1.0,calendar_reference_slow_response,illustrative reference convention; not calibrated,1.0.0,calendar_epps_curve,1.0,second,combined,0.0005996696141669047,normalized_correlation,0.0005996696141669047
F6,0.1,0.025,10.0,40.0,1.0,calendar_reference_slow_response,illustrative reference convention; not calibrated,1.0.0,calendar_epps_curve,1.5,second,combined,0.0013219215259914394,normalized_correlation,0.0013219215259914394
F6,0.1,0.025,10.0,40.0,1.0,calendar_reference_slow_response,illustrative reference convention; not calibrated,1.0.0,calendar_epps_curve,2.0,second,combined,0.0023028046750895267,normalized_correlation,0.0023028046750895267
F6,0.1,0.025,10.0,40.0,1.0,calendar_reference_slow_response,illustrative reference convention; not calibrated,1.0.0,calendar_epps_curve,2.5,second,combined,0.0035262532539448084,normalized_correlation,0.0035262532539448084
F6,0.1,0.025,10.0,40.0,1.0,calendar_reference_slow_response,illustrative reference convention; not calibrated,1.0.0,calendar_epps_curve,3.0,second,combined,0.004977076906495468,normalized_correlation,0.004977076906495468
F6,0.1,0.025,10.0,40.0,1.0,calendar_reference_slow_response,illustrative reference convention; not calibrated,1.0.0,calendar_epps_curve,3.5,second,combined,0.006640913844753464,normalized_correlation,0.006640913844753464
F6,0.1,0.025,10.0,40.0,1.0,calendar_reference_slow_response,illustrative reference convention; not calibrated,1.0.0,calendar_epps_curve,4.0,second,combined,0.008504186474557723,normalized_correlation,0.008504186474557723
F6,0.1,0.025,10.0,40.0,1.0,calendar_reference_slow_response,illustrative reference convention; not calibrated,1.0.0,calendar_epps_curve,4.5,second,combined,0.01055405939586354,normalized_correlation,0.01055405939586354
F6,0.1,0.025,10.0,40.0,1.0,calendar_reference_slow_response,illustrative reference convention; not calibrated,1.0.0,calendar_epps_curve,5.0,second,combined,0.012778399650212713,normalized_correlation,0.012778399650212713
F6,0.1,0.025,10.0,40.0,1.0,calendar_reference_slow_response,illustrative reference convention; not calibrated,1.0.0,calendar_epps_curve,5.5,second,combined,0.015165739094877924,normalized_correlation,0.015165739094877924
F6,0.1,0.025,10.0,40.0,1.0,calendar_reference_slow_response,illustrative reference convention; not calibrated,1.0.0,calendar_epps_curve,6.0,second,combined,0.017705238789656855,normalized_correlation,0.017705238789656855
F6,0.1,0.025,10.0,40.0,1.0,calendar_reference_slow_response,illustrative reference convention; not calibrated,1.0.0,calendar_epps_curve,6.5,second,combined,0.020386655288422116,normalized_correlation,0.020386655288422116
F6,0.1,0.025,10.0,40.0,1.0,calendar_reference_slow_response,illustrative reference convention; not calibrated,1.0.0,calendar_epps_curve,7.0,second,combined,0.02320030873333343,normalized_correlation,0.02320030873333343
F6,0.1,0.025,10.0,40.0,1.0,calendar_reference_slow_response,illustrative reference convention; not calibrated,1.0.0,calendar_epps_curve,7.5,second,combined,0.026137052655107264,normalized_correlation,0.026137052655107264
F6,0.1,0.025,10.0,40.0,1.0,calendar_reference_slow_response,illustrative reference convention; not calibrated,1.0.0,calendar_epps_curve,8.0,second,combined,0.029188245387929235,normalized_correlation,0.029188245387929235
F6,0.1,0.025,10.0,40.0,1.0,calendar_reference_slow_response,illustrative reference convention; not calibrated,1.0.0,calendar_epps_curve,8.5,second,combined,0.032345723012508744,normalized_correlation,0.032345723012508744
F6,0.1,0.025,10.0,40.0,1.0,calendar_reference_slow_response,illustrative reference convention; not calibrated,1.0.0,calendar_epps_curve,9.0,second,combined,0.03560177374542082,normalized_correlation,0.03560177374542082
F6,0.1,0.025,10.0,40.0,1.0,calendar_reference_slow_response,illustrative reference convention; not calibrated,1.0.0,calendar_epps_curve,9.5,second,combined,0.03894911369727775,normalized_correlation,0.03894911369727775
F6,0.1,0.025,10.0,40.0,1.0,calendar_reference_slow_response,illustrative reference convention; not calibrated,1.0.0,calendar_epps_curve,10.0,second,combined,0.042380863926433456,normalized_correlation,0.042380863926433456
F6,0.1,0.025,10.0,40.0,1.0,calendar_reference_slow_response,illustrative reference convention; not calibrated,1.0.0,calendar_epps_curve,10.5,second,combined,0.045890528718858334,normalized_correlation,0.045890528718858334
F6,0.1,0.025,10.0,40.0,1.0,calendar_reference_slow_response,illustrative reference convention; not calibrated,1.0.0,calendar_epps_curve,11.0,second,combined,0.0494719750285476,normalized_correlation,0.0494719750285476
F6,0.1,0.025,10.0,40.0,1.0,calendar_reference_slow_response,illustrative reference convention; not calibrated,1.0.0,calendar_epps_curve,11.5,second,combined,0.0531194130163478,normalized_correlation,0.0531194130163478
F6,0.1,0.025,10.0,40.0,1.0,calendar_reference_slow_response,illustrative reference convention; not calibrated,1.0.0,calendar_epps_curve,12.0,second,combined,0.05682737762842204,normalized_correlation,0.05682737762842204
F6,0.1,0.025,10.0,40.0,1.0,calendar_reference_slow_response,illustrative reference convention; not calibrated,1.0.0,calendar_epps_curve,12.5,second,combined,0.06059071115872658,normalized_correlation,0.06059071115872658
F6,0.1,0.025,10.0,40.0,1.0,calendar_reference_slow_response,illustrative reference convention; not calibrated,1.0.0,calendar_epps_curve,13.0,second,combined,0.06440454674285725,normalized_correlation,0.06440454674285725
F6,0.1,0.025,10.0,40.0,1.0,calendar_reference_slow_response,illustrative reference convention; not calibrated,1.0.0,calendar_epps_curve,13.5,second,combined,0.06826429273344753,normalized_correlation,0.06826429273344753
F6,0.1,0.025,10.0,40.0,1.0,calendar_reference_slow_response,illustrative reference convention; not calibrated,1.0.0,calendar_epps_curve,14.0,second,combined,0.07216561790997197,normalized_correlation,0.07216561790997197
F6,0.1,0.025,10.0,40.0,1.0,calendar_reference_slow_response,illustrative reference convention; not calibrated,1.0.0,calendar_epps_curve,14.5,second,combined,0.07610443747833777,normalized_correlation,0.07610443747833777
F6,0.1,0.025,10.0,40.0,1.0,calendar_reference_slow_response,illustrative reference convention; not calibrated,1.0.0,calendar_epps_curve,15.0,second,combined,0.08007689981803719,normalized_correlation,0.08007689981803719
F6,0.1,0.025,10.0,40.0,1.0,calendar_reference_slow_response,illustrative reference convention; not calibrated,1.0.0,calendar_epps_curve,15.5,second,combined,0.08407937393690085,normalized_correlation,0.08407937393690085
F6,0.1,0.025,10.0,40.0,1.0,calendar_reference_slow_response,illustrative reference convention; not calibrated,1.0.0,calendar_epps_curve,16.0,second,combined,0.08810843759562972,normalized_correlation,0.08810843759562972
F6,0.1,0.025,10.0,40.0,1.0,calendar_reference_slow_response,illustrative reference convention; not calibrated,1.0.0,calendar_epps_curve,16.5,second,combined,0.09216086606631359,normalized_correlation,0.09216086606631359
F6,0.1,0.025,10.0,40.0,1.0,calendar_reference_slow_response,illustrative reference convention; not calibrated,1.0.0,calendar_epps_curve,17.0,second,combined,0.09623362149105923,normalized_correlation,0.09623362149105923
F6,0.1,0.025,10.0,40.0,1.0,calendar_reference_slow_response,illustrative reference convention; not calibrated,1.0.0,calendar_epps_curve,17.5,second,combined,0.10032384280866923,normalized_correlation,0.10032384280866923
F6,0.1,0.025,10.0,40.0,1.0,calendar_reference_slow_response,illustrative reference convention; not calibrated,1.0.0,calendar_epps_curve,18.0,second,combined,0.10442883621902513,normalized_correlation,0.10442883621902513
F6,0.1,0.025,10.0,40.0,1.0,calendar_reference_slow_response,illustrative reference convention; not calibrated,1.0.0,calendar_epps_curve,18.5,second,combined,0.10854606615645868,normalized_correlation,0.10854606615645868
F6,0.1,0.025,10.0,40.0,1.0,calendar_reference_slow_response,illustrative reference convention; not calibrated,1.0.0,calendar_epps_curve,19.0,second,combined,0.11267314674492873,normalized_correlation,0.11267314674492873
F6,0.1,0.025,10.0,40.0,1.0,calendar_reference_slow_response,illustrative reference convention; not calibrated,1.0.0,calendar_epps_curve,19.5,second,combined,0.11680783370927869,normalized_correlation,0.11680783370927869
F6,0.1,0.025,10.0,40.0,1.0,calendar_reference_slow_response,illustrative reference convention; not calibrated,1.0.0,calendar_epps_curve,20.0,second,combined,0.12094801671822589,normalized_correlation,0.12094801671822589
F6,0.1,0.025,10.0,40.0,1.0,calendar_reference_slow_response,illustrative reference convention; not calibrated,1.0.0,calendar_epps_curve,20.5,second,combined,0.12509171213603598,normalized_correlation,0.12509171213603598
F6,0.1,0.025,10.0,40.0,1.0,calendar_reference_slow_response,illustrative reference convention; not calibrated,1.0.0,calendar_epps_curve,21.0,second,combined,0.12923705616107178,normalized_correlation,0.12923705616107178
F6,0.1,0.025,10.0,40.0,1.0,calendar_reference_slow_response,illustrative reference convention; not calibrated,1.0.0,calendar_epps_curve,21.5,second,combined,0.13338229833056922,normalized_correlation,0.13338229833056922
F6,0.1,0.025,10.0,40.0,1.0,calendar_reference_slow_response,illustrative reference convention; not calibrated,1.0.0,calendar_epps_curve,22.0,second,combined,0.1375257953721003,normalized_correlation,0.1375257953721003
F6,0.1,0.025,10.0,40.0,1.0,calendar_reference_slow_response,illustrative reference convention; not calibrated,1.0.0,calendar_epps_curve,22.5,second,combined,0.14166600538322652,normalized_correlation,0.14166600538322652
F6,0.1,0.025,10.0,40.0,1.0,calendar_reference_slow_response,illustrative reference convention; not calibrated,1.0.0,calendar_epps_curve,23.0,second,combined,0.145801482321836,normalized_correlation,0.145801482321836
F6,0.1,0.025,10.0,40.0,1.0,calendar_reference_slow_response,illustrative reference convention; not calibrated,1.0.0,calendar_epps_curve,23.5,second,combined,0.1499308707905934,normalized_correlation,0.1499308707905934
F6,0.1,0.025,10.0,40.0,1.0,calendar_reference_slow_response,illustrative reference convention; not calibrated,1.0.0,calendar_epps_curve,24.0,second,combined,0.15405290109981665,normalized_correlation,0.15405290109981665
F6,0.1,0.025,10.0,40.0,1.0,calendar_reference_slow_response,illustrative reference convention; not calibrated,1.0.0,calendar_epps_curve,24.5,second,combined,0.15816638459393534,normalized_correlation,0.15816638459393534
F6,0.1,0.025,10.0,40.0,1.0,calendar_reference_slow_response,illustrative reference convention; not calibrated,1.0.0,calendar_epps_curve,25.0,second,combined,0.16227020922747568,normalized_correlation,0.16227020922747568
F6,0.1,0.025,10.0,40.0,1.0,calendar_reference_slow_response,illustrative reference convention; not calibrated,1.0.0,calendar_epps_curve,25.5,second,combined,0.16636333537727058,normalized_correlation,0.16636333537727058
F6,0.1,0.025,10.0,40.0,1.0,calendar_reference_slow_response,illustrative reference convention; not calibrated,1.0.0,calendar_epps_curve,26.0,second,combined,0.17044479187830228,normalized_correlation,0.17044479187830228
F6,0.1,0.025,10.0,40.0,1.0,calendar_reference_slow_response,illustrative reference convention; not calibrated,1.0.0,calendar_epps_curve,26.5,second,combined,0.1745136722712595,normalized_correlation,0.1745136722712595
F6,0.1,0.025,10.0,40.0,1.0,calendar_reference_slow_response,illustrative reference convention; not calibrated,1.0.0,calendar_epps_curve,27.0,second,combined,0.17856913125052454,normalized_correlation,0.17856913125052454
F6,0.1,0.025,10.0,40.0,1.0,calendar_reference_slow_response,illustrative reference convention; not calibrated,1.0.0,calendar_epps_curve,27.5,second,combined,0.18261038130191165,normalized_correlation,0.18261038130191165
F6,0.1,0.025,10.0,40.0,1.0,calendar_reference_slow_response,illustrative reference convention; not calibrated,1.0.0,calendar_epps_curve,28.0,second,combined,0.1866366895200461,normalized_correlation,0.1866366895200461
F6,0.1,0.025,10.0,40.0,1.0,calendar_reference_slow_response,illustrative reference convention; not calibrated,1.0.0,calendar_epps_curve,28.5,second,combined,0.1906473745958133,normalized_correlation,0.1906473745958133
F6,0.1,0.025,10.0,40.0,1.0,calendar_reference_slow_response,illustrative reference convention; not calibrated,1.0.0,calendar_epps_curve,29.0,second,combined,0.19464180396481917,normalized_correlation,0.19464180396481917
F6,0.1,0.025,10.0,40.0,1.0,calendar_reference_slow_response,illustrative reference convention; not calibrated,1.0.0,calendar_epps_curve,29.5,second,combined,0.19861939110828414,normalized_correlation,0.19861939110828414
F6,0.1,0.025,10.0,40.0,1.0,calendar_reference_slow_response,illustrative reference convention; not calibrated,1.0.0,calendar_epps_curve,30.0,second,combined,0.20257959299825445,normalized_correlation,0.20257959299825445
F6,0.1,0.025,10.0,40.0,1.0,calendar_reference_slow_response,illustrative reference convention; not calibrated,1.0.0,calendar_epps_curve,30.5,second,combined,0.2065219076794434,normalized_correlation,0.2065219076794434
F6,0.1,0.025,10.0,40.0,1.0,calendar_reference_slow_response,illustrative reference convention; not calibrated,1.0.0,calendar_epps_curve,31.0,second,combined,0.21044587198042766,normalized_correlation,0.21044587198042766
F6,0.1,0.025,10.0,40.0,1.0,calendar_reference_slow_response,illustrative reference convention; not calibrated,1.0.0,calendar_epps_curve,31.5,second,combined,0.2143510593473116,normalized_correlation,0.2143510593473116
F6,0.1,0.025,10.0,40.0,1.0,calendar_reference_slow_response,illustrative reference convention; not calibrated,1.0.0,calendar_epps_curve,32.0,second,combined,0.2182370777933392,normalized_correlation,0.2182370777933392
F6,0.1,0.025,10.0,40.0,1.0,calendar_reference_slow_response,illustrative reference convention; not calibrated,1.0.0,calendar_epps_curve,32.5,second,combined,0.22210356795828012,normalized_correlation,0.22210356795828012
F6,0.1,0.025,10.0,40.0,1.0,calendar_reference_slow_response,illustrative reference convention; not calibrated,1.0.0,calendar_epps_curve,33.0,second,combined,0.2259502012717474,normalized_correlation,0.2259502012717474
F6,0.1,0.025,10.0,40.0,1.0,calendar_reference_slow_response,illustrative reference convention; not calibrated,1.0.0,calendar_epps_curve,33.5,second,combined,0.22977667821491493,normalized_correlation,0.22977667821491493
F6,0.1,0.025,10.0,40.0,1.0,calendar_reference_slow_response,illustrative reference convention; not calibrated,1.0.0,calendar_epps_curve,34.0,second,combined,0.23358272667539592,normalized_correlation,0.23358272667539592
F6,0.1,0.025,10.0,40.0,1.0,calendar_reference_slow_response,illustrative reference convention; not calibrated,1.0.0,calendar_epps_curve,34.5,second,combined,0.23736810039032544,normalized_correlation,0.23736810039032544
F6,0.1,0.025,10.0,40.0,1.0,calendar_reference_slow_response,illustrative reference convention; not calibrated,1.0.0,calendar_epps_curve,35.0,second,combined,0.24113257747295194,normalized_correlation,0.24113257747295194
F6,0.1,0.025,10.0,40.0,1.0,calendar_reference_slow_response,illustrative reference convention; not calibrated,1.0.0,calendar_epps_curve,35.5,second,combined,0.24487595901829567,normalized_correlation,0.24487595901829567
F6,0.1,0.025,10.0,40.0,1.0,calendar_reference_slow_response,illustrative reference convention; not calibrated,1.0.0,calendar_epps_curve,36.0,second,combined,0.2485980677836638,normalized_correlation,0.2485980677836638
F6,0.1,0.025,10.0,40.0,1.0,calendar_reference_slow_response,illustrative reference convention; not calibrated,1.0.0,calendar_epps_curve,36.5,second,combined,0.25229874694004134,normalized_correlation,0.25229874694004134
F6,0.1,0.025,10.0,40.0,1.0,calendar_reference_slow_response,illustrative reference convention; not calibrated,1.0.0,calendar_epps_curve,37.0,second,combined,0.25597785889058505,normalized_correlation,0.25597785889058505
F6,0.1,0.025,10.0,40.0,1.0,calendar_reference_slow_response,illustrative reference convention; not calibrated,1.0.0,calendar_epps_curve,37.5,second,combined,0.2596352841526513,normalized_correlation,0.2596352841526513
F6,0.1,0.025,10.0,40.0,1.0,calendar_reference_slow_response,illustrative reference convention; not calibrated,1.0.0,calendar_epps_curve,38.0,second,combined,0.2632709202999767,normalized_correlation,0.2632709202999767
F6,0.1,0.025,10.0,40.0,1.0,calendar_reference_slow_response,illustrative reference convention; not calibrated,1.0.0,calendar_epps_curve,38.5,second,combined,0.2668846809618101,normalized_correlation,0.2668846809618101
F6,0.1,0.025,10.0,40.0,1.0,calendar_reference_slow_response,illustrative reference convention; not calibrated,1.0.0,calendar_epps_curve,39.0,second,combined,0.27047649487596837,normalized_correlation,0.27047649487596837
F6,0.1,0.025,10.0,40.0,1.0,calendar_reference_slow_response,illustrative reference convention; not calibrated,1.0.0,calendar_epps_curve,39.5,second,combined,0.2740463049929446,normalized_correlation,0.2740463049929446
F6,0.1,0.025,10.0,40.0,1.0,calendar_reference_slow_response,illustrative reference convention; not calibrated,1.0.0,calendar_epps_curve,40.0,second,combined,0.27759406762835315,normalized_correlation,0.27759406762835315
F6,0.1,0.025,10.0,40.0,1.0,calendar_reference_slow_response,illustrative reference convention; not calibrated,1.0.0,calendar_epps_curve,40.5,second,combined,0.28111975166114034,normalized_correlation,0.28111975166114034
F6,0.1,0.025,10.0,40.0,1.0,calendar_reference_slow_response,illustrative reference convention; not calibrated,1.0.0,calendar_epps_curve,41.0,second,combined,0.2846233377751258,normalized_correlation,0.2846233377751258
F6,0.1,0.025,10.0,40.0,1.0,calendar_reference_slow_response,illustrative reference convention; not calibrated,1.0.0,calendar_epps_curve,41.5,second,combined,0.288104817741567,normalized_correlation,0.288104817741567
F6,0.1,0.025,10.0,40.0,1.0,calendar_reference_slow_response,illustrative reference convention; not calibrated,1.0.0,calendar_epps_curve,42.0,second,combined,0.29156419374056747,normalized_correlation,0.29156419374056747
F6,0.1,0.025,10.0,40.0,1.0,calendar_reference_slow_response,illustrative reference convention; not calibrated,1.0.0,calendar_epps_curve,42.5,second,combined,0.295001477719258,normalized_correlation,0.295001477719258
F6,0.1,0.025,10.0,40.0,1.0,calendar_reference_slow_response,illustrative reference convention; not calibrated,1.0.0,calendar_epps_curve,43.0,second,combined,0.29841669078479777,normalized_correlation,0.29841669078479777
F6,0.1,0.025,10.0,40.0,1.0,calendar_reference_slow_response,illustrative reference convention; not calibrated,1.0.0,calendar_epps_curve,43.5,second,combined,0.30180986263033804,normalized_correlation,0.30180986263033804
F6,0.1,0.025,10.0,40.0,1.0,calendar_reference_slow_response,illustrative reference convention; not calibrated,1.0.0,calendar_epps_curve,44.0,second,combined,0.3051810309921987,normalized_correlation,0.3051810309921987
F6,0.1,0.025,10.0,40.0,1.0,calendar_reference_slow_response,illustrative reference convention; not calibrated,1.0.0,calendar_epps_curve,44.5,second,combined,0.3085302411365922,normalized_correlation,0.3085302411365922
F6,0.1,0.025,10.0,40.0,1.0,calendar_reference_slow_response,illustrative reference convention; not calibrated,1.0.0,calendar_epps_curve,45.0,second,combined,0.311857545374325,normalized_correlation,0.311857545374325
F6,0.1,0.025,10.0,40.0,1.0,calendar_reference_slow_response,illustrative reference convention; not calibrated,1.0.0,calendar_epps_curve,45.5,second,combined,0.3151630026019843,normalized_correlation,0.3151630026019843
F6,0.1,0.025,10.0,40.0,1.0,calendar_reference_slow_response,illustrative reference convention; not calibrated,1.0.0,calendar_epps_curve,46.0,second,combined,0.31844667786820346,normalized_correlation,0.31844667786820346
F6,0.1,0.025,10.0,40.0,1.0,calendar_reference_slow_response,illustrative reference convention; not calibrated,1.0.0,calendar_epps_curve,46.5,second,combined,0.32170864196366616,normalized_correlation,0.32170864196366616
F6,0.1,0.025,10.0,40.0,1.0,calendar_reference_slow_response,illustrative reference convention; not calibrated,1.0.0,calendar_epps_curve,47.0,second,combined,0.3249489710335891,normalized_correlation,0.3249489710335891
F6,0.1,0.025,10.0,40.0,1.0,calendar_reference_slow_response,illustrative reference convention; not calibrated,1.0.0,calendar_epps_curve,47.5,second,combined,0.32816774621148354,normalized_correlation,0.32816774621148354
F6,0.1,0.025,10.0,40.0,1.0,calendar_reference_slow_response,illustrative reference convention; not calibrated,1.0.0,calendar_epps_curve,48.0,second,combined,0.3313650532730623,normalized_correlation,0.3313650532730623
F6,0.1,0.025,10.0,40.0,1.0,calendar_reference_slow_response,illustrative reference convention; not calibrated,1.0.0,calendar_epps_curve,48.5,second,combined,0.3345409823092187,normalized_correlation,0.3345409823092187
F6,0.1,0.025,10.0,40.0,1.0,calendar_reference_slow_response,illustrative reference convention; not calibrated,1.0.0,calendar_epps_curve,49.0,second,combined,0.3376956274170627,normalized_correlation,0.3376956274170627
F6,0.1,0.025,10.0,40.0,1.0,calendar_reference_slow_response,illustrative reference convention; not calibrated,1.0.0,calendar_epps_curve,49.5,second,combined,0.3408290864080478,normalized_correlation,0.3408290864080478
F6,0.1,0.025,10.0,40.0,1.0,calendar_reference_slow_response,illustrative reference convention; not calibrated,1.0.0,calendar_epps_curve,50.0,second,combined,0.3439414605322816,normalized_correlation,0.3439414605322816
F6,0.1,0.025,10.0,40.0,1.0,calendar_reference_slow_response,illustrative reference convention; not calibrated,1.0.0,calendar_epps_curve,50.5,second,combined,0.3470328542181536,normalized_correlation,0.3470328542181536
F6,0.1,0.025,10.0,40.0,1.0,calendar_reference_slow_response,illustrative reference convention; not calibrated,1.0.0,calendar_epps_curve,51.0,second,combined,0.3501033748264652,normalized_correlation,0.3501033748264652
F6,0.1,0.025,10.0,40.0,1.0,calendar_reference_slow_response,illustrative reference convention; not calibrated,1.0.0,calendar_epps_curve,51.5,second,combined,0.3531531324182864,normalized_correlation,0.3531531324182864
F6,0.1,0.025,10.0,40.0,1.0,calendar_reference_slow_response,illustrative reference convention; not calibrated,1.0.0,calendar_epps_curve,52.0,second,combined,0.3561822395358075,normalized_correlation,0.3561822395358075
F6,0.1,0.025,10.0,40.0,1.0,calendar_reference_slow_response,illustrative reference convention; not calibrated,1.0.0,calendar_epps_curve,52.5,second,combined,0.3591908109954909,normalized_correlation,0.3591908109954909
F6,0.1,0.025,10.0,40.0,1.0,calendar_reference_slow_response,illustrative reference convention; not calibrated,1.0.0,calendar_epps_curve,53.0,second,combined,0.36217896369286695,normalized_correlation,0.36217896369286695
F6,0.1,0.025,10.0,40.0,1.0,calendar_reference_slow_response,illustrative reference convention; not calibrated,1.0.0,calendar_epps_curve,53.5,second,combined,0.36514681641834995,normalized_correlation,0.36514681641834995
F6,0.1,0.025,10.0,40.0,1.0,calendar_reference_slow_response,illustrative reference convention; not calibrated,1.0.0,calendar_epps_curve,54.0,second,combined,0.3680944896834881,normalized_correlation,0.3680944896834881
F6,0.1,0.025,10.0,40.0,1.0,calendar_reference_slow_response,illustrative reference convention; not calibrated,1.0.0,calendar_epps_curve,54.5,second,combined,0.37102210555708515,normalized_correlation,0.37102210555708515
F6,0.1,0.025,10.0,40.0,1.0,calendar_reference_slow_response,illustrative reference convention; not calibrated,1.0.0,calendar_epps_curve,55.0,second,combined,0.37392978751066847,normalized_correlation,0.37392978751066847
F6,0.1,0.025,10.0,40.0,1.0,calendar_reference_slow_response,illustrative reference convention; not calibrated,1.0.0,calendar_epps_curve,55.5,second,combined,0.3768176602728036,normalized_correlation,0.3768176602728036
F6,0.1,0.025,10.0,40.0,1.0,calendar_reference_slow_response,illustrative reference convention; not calibrated,1.0.0,calendar_epps_curve,56.0,second,combined,0.3796858496917778,normalized_correlation,0.3796858496917778
F6,0.1,0.025,10.0,40.0,1.0,calendar_reference_slow_response,illustrative reference convention; not calibrated,1.0.0,calendar_epps_curve,56.5,second,combined,0.38253448260620804,normalized_correlation,0.38253448260620804
F6,0.1,0.025,10.0,40.0,1.0,calendar_reference_slow_response,illustrative reference convention; not calibrated,1.0.0,calendar_epps_curve,57.0,second,combined,0.38536368672314647,normalized_correlation,0.38536368672314647
F6,0.1,0.025,10.0,40.0,1.0,calendar_reference_slow_response,illustrative reference convention; not calibrated,1.0.0,calendar_epps_curve,57.5,second,combined,0.38817359050328165,normalized_correlation,0.38817359050328165
F6,0.1,0.025,10.0,40.0,1.0,calendar_reference_slow_response,illustrative reference convention; not calibrated,1.0.0,calendar_epps_curve,58.0,second,combined,0.3909643230528527,normalized_correlation,0.3909643230528527
F6,0.1,0.025,10.0,40.0,1.0,calendar_reference_slow_response,illustrative reference convention; not calibrated,1.0.0,calendar_epps_curve,58.5,second,combined,0.39373601402191905,normalized_correlation,0.39373601402191905
F6,0.1,0.025,10.0,40.0,1.0,calendar_reference_slow_response,illustrative reference convention; not calibrated,1.0.0,calendar_epps_curve,59.0,second,combined,0.3964887935086416,normalized_correlation,0.3964887935086416
F6,0.1,0.025,10.0,40.0,1.0,calendar_reference_slow_response,illustrative reference convention; not calibrated,1.0.0,calendar_epps_curve,59.5,second,combined,0.39922279196925187,normalized_correlation,0.39922279196925187
F6,0.1,0.025,10.0,40.0,1.0,calendar_reference_slow_response,illustrative reference convention; not calibrated,1.0.0,calendar_epps_curve,60.0,second,combined,0.40193814013340334,normalized_correlation,0.40193814013340334
F6,0.1,0.025,10.0,40.0,1.0,calendar_reference_slow_response,illustrative reference convention; not calibrated,1.0.0,calendar_epps_curve,60.5,second,combined,0.40463496892461576,normalized_correlation,0.40463496892461576
F6,0.1,0.025,10.0,40.0,1.0,calendar_reference_slow_response,illustrative reference convention; not calibrated,1.0.0,calendar_epps_curve,61.0,second,combined,0.4073134093855352,normalized_correlation,0.4073134093855352
F6,0.1,0.025,10.0,40.0,1.0,calendar_reference_slow_response,illustrative reference convention; not calibrated,1.0.0,calendar_epps_curve,61.5,second,combined,0.4099735926077525,normalized_correlation,0.4099735926077525
F6,0.1,0.025,10.0,40.0,1.0,calendar_reference_slow_response,illustrative reference convention; not calibrated,1.0.0,calendar_epps_curve,62.0,second,combined,0.4126156496659316,normalized_correlation,0.4126156496659316
F6,0.1,0.025,10.0,40.0,1.0,calendar_reference_slow_response,illustrative reference convention; not calibrated,1.0.0,calendar_epps_curve,62.5,second,combined,0.4152397115560159,normalized_correlation,0.4152397115560159
F6,0.1,0.025,10.0,40.0,1.0,calendar_reference_slow_response,illustrative reference convention; not calibrated,1.0.0,calendar_epps_curve,63.0,second,combined,0.417845909137291,normalized_correlation,0.417845909137291
F6,0.1,0.025,10.0,40.0,1.0,calendar_reference_slow_response,illustrative reference convention; not calibrated,1.0.0,calendar_epps_curve,63.5,second,combined,0.42043437307809445,normalized_correlation,0.42043437307809445
F6,0.1,0.025,10.0,40.0,1.0,calendar_reference_slow_response,illustrative reference convention; not calibrated,1.0.0,calendar_epps_curve,64.0,second,combined,0.42300523380497523,normalized_correlation,0.42300523380497523
F6,0.1,0.025,10.0,40.0,1.0,calendar_reference_slow_response,illustrative reference convention; not calibrated,1.0.0,calendar_epps_curve,64.5,second,combined,0.4255586214551149,normalized_correlation,0.4255586214551149
F6,0.1,0.025,10.0,40.0,1.0,calendar_reference_slow_response,illustrative reference convention; not calibrated,1.0.0,calendar_epps_curve,65.0,second,combined,0.4280946658318329,normalized_correlation,0.4280946658318329
F6,0.1,0.025,10.0,40.0,1.0,calendar_reference_slow_response,illustrative reference convention; not calibrated,1.0.0,calendar_epps_curve,65.5,second,combined,0.4306134963630073,normalized_correlation,0.4306134963630073
F6,0.1,0.025,10.0,40.0,1.0,calendar_reference_slow_response,illustrative reference convention; not calibrated,1.0.0,calendar_epps_curve,66.0,second,combined,0.43311524206225266,normalized_correlation,0.43311524206225266
F6,0.1,0.025,10.0,40.0,1.0,calendar_reference_slow_response,illustrative reference convention; not calibrated,1.0.0,calendar_epps_curve,66.5,second,combined,0.4356000314927041,normalized_correlation,0.4356000314927041
F6,0.1,0.025,10.0,40.0,1.0,calendar_reference_slow_response,illustrative reference convention; not calibrated,1.0.0,calendar_epps_curve,67.0,second,combined,0.43806799273326374,normalized_correlation,0.43806799273326374
F6,0.1,0.025,10.0,40.0,1.0,calendar_reference_slow_response,illustrative reference convention; not calibrated,1.0.0,calendar_epps_curve,67.5,second,combined,0.4405192533471754,normalized_correlation,0.4405192533471754
F6,0.1,0.025,10.0,40.0,1.0,calendar_reference_slow_response,illustrative reference convention; not calibrated,1.0.0,calendar_epps_curve,68.0,second,combined,0.4429539403527996,normalized_correlation,0.4429539403527996
F6,0.1,0.025,10.0,40.0,1.0,calendar_reference_slow_response,illustrative reference convention; not calibrated,1.0.0,calendar_epps_curve,68.5,second,combined,0.44537218019646607,normalized_correlation,0.44537218019646607
F6,0.1,0.025,10.0,40.0,1.0,calendar_reference_slow_response,illustrative reference convention; not calibrated,1.0.0,calendar_epps_curve,69.0,second,combined,0.44777409872729146,normalized_correlation,0.44777409872729146
F6,0.1,0.025,10.0,40.0,1.0,calendar_reference_slow_response,illustrative reference convention; not calibrated,1.0.0,calendar_epps_curve,69.5,second,combined,0.4501598211738522,normalized_correlation,0.4501598211738522
F6,0.1,0.025,10.0,40.0,1.0,calendar_reference_slow_response,illustrative reference convention; not calibrated,1.0.0,calendar_epps_curve,70.0,second,combined,0.4525294721226083,normalized_correlation,0.4525294721226083
F6,0.1,0.025,10.0,40.0,1.0,calendar_reference_slow_response,illustrative reference convention; not calibrated,1.0.0,calendar_epps_curve,70.5,second,combined,0.45488317549798424,normalized_correlation,0.45488317549798424
F6,0.1,0.025,10.0,40.0,1.0,calendar_reference_slow_response,illustrative reference convention; not calibrated,1.0.0,calendar_epps_curve,71.0,second,combined,0.4572210545440105,normalized_correlation,0.4572210545440105
F6,0.1,0.025,10.0,40.0,1.0,calendar_reference_slow_response,illustrative reference convention; not calibrated,1.0.0,calendar_epps_curve,71.5,second,combined,0.4595432318074424,normalized_correlation,0.4595432318074424
F6,0.1,0.025,10.0,40.0,1.0,calendar_reference_slow_response,illustrative reference convention; not calibrated,1.0.0,calendar_epps_curve,72.0,second,combined,0.46184982912227046,normalized_correlation,0.46184982912227046
F6,0.1,0.025,10.0,40.0,1.0,calendar_reference_slow_response,illustrative reference convention; not calibrated,1.0.0,calendar_epps_curve,72.5,second,combined,0.46414096759554524,normalized_correlation,0.46414096759554524
F6,0.1,0.025,10.0,40.0,1.0,calendar_reference_slow_response,illustrative reference convention; not calibrated,1.0.0,calendar_epps_curve,73.0,second,combined,0.4664167675944443,normalized_correlation,0.4664167675944443
F6,0.1,0.025,10.0,40.0,1.0,calendar_reference_slow_response,illustrative reference convention; not calibrated,1.0.0,calendar_epps_curve,73.5,second,combined,0.4686773487345064,normalized_correlation,0.4686773487345064
F6,0.1,0.025,10.0,40.0,1.0,calendar_reference_slow_response,illustrative reference convention; not calibrated,1.0.0,calendar_epps_curve,74.0,second,combined,0.4709228298689729,normalized_correlation,0.4709228298689729
F6,0.1,0.025,10.0,40.0,1.0,calendar_reference_slow_response,illustrative reference convention; not calibrated,1.0.0,calendar_epps_curve,74.5,second,combined,0.47315332907916774,normalized_correlation,0.47315332907916774
F6,0.1,0.025,10.0,40.0,1.0,calendar_reference_slow_response,illustrative reference convention; not calibrated,1.0.0,calendar_epps_curve,75.0,second,combined,0.47536896366586034,normalized_correlation,0.47536896366586034
F6,0.1,0.025,10.0,40.0,1.0,calendar_reference_slow_response,illustrative reference convention; not calibrated,1.0.0,calendar_epps_curve,75.5,second,combined,0.47756985014155307,normalized_correlation,0.47756985014155307
F6,0.1,0.025,10.0,40.0,1.0,calendar_reference_slow_response,illustrative reference convention; not calibrated,1.0.0,calendar_epps_curve,76.0,second,combined,0.479756104223641,normalized_correlation,0.479756104223641
F6,0.1,0.025,10.0,40.0,1.0,calendar_reference_slow_response,illustrative reference convention; not calibrated,1.0.0,calendar_epps_curve,76.5,second,combined,0.4819278408283928,normalized_correlation,0.4819278408283928
F6,0.1,0.025,10.0,40.0,1.0,calendar_reference_slow_response,illustrative reference convention; not calibrated,1.0.0,calendar_epps_curve,77.0,second,combined,0.4840851740657057,normalized_correlation,0.4840851740657057
F6,0.1,0.025,10.0,40.0,1.0,calendar_reference_slow_response,illustrative reference convention; not calibrated,1.0.0,calendar_epps_curve,77.5,second,combined,0.486228217234589,normalized_correlation,0.486228217234589
F6,0.1,0.025,10.0,40.0,1.0,calendar_reference_slow_response,illustrative reference convention; not calibrated,1.0.0,calendar_epps_curve,78.0,second,combined,0.488357082819333,normalized_correlation,0.488357082819333
F6,0.1,0.025,10.0,40.0,1.0,calendar_reference_slow_response,illustrative reference convention; not calibrated,1.0.0,calendar_epps_curve,78.5,second,combined,0.4904718824863233,normalized_correlation,0.4904718824863233
F6,0.1,0.025,10.0,40.0,1.0,calendar_reference_slow_response,illustrative reference convention; not calibrated,1.0.0,calendar_epps_curve,79.0,second,combined,0.4925727270814625,normalized_correlation,0.4925727270814625
F6,0.1,0.025,10.0,40.0,1.0,calendar_reference_slow_response,illustrative reference convention; not calibrated,1.0.0,calendar_epps_curve,79.5,second,combined,0.4946597266281624,normalized_correlation,0.4946597266281624
F6,0.1,0.025,10.0,40.0,1.0,calendar_reference_slow_response,illustrative reference convention; not calibrated,1.0.0,calendar_epps_curve,80.0,second,combined,0.4967329903258722,normalized_correlation,0.4967329903258722
F6,0.1,0.025,10.0,40.0,1.0,calendar_reference_slow_response,illustrative reference convention; not calibrated,1.0.0,calendar_epps_curve,80.5,second,combined,0.49879262654911133,normalized_correlation,0.49879262654911133
F6,0.1,0.025,10.0,40.0,1.0,calendar_reference_slow_response,illustrative reference convention; not calibrated,1.0.0,calendar_epps_curve,81.0,second,combined,0.5008387428469757,normalized_correlation,0.5008387428469757
F6,0.1,0.025,10.0,40.0,1.0,calendar_reference_slow_response,illustrative reference convention; not calibrated,1.0.0,calendar_epps_curve,81.5,second,combined,0.5028714459430873,normalized_correlation,0.5028714459430873
F6,0.1,0.025,10.0,40.0,1.0,calendar_reference_slow_response,illustrative reference convention; not calibrated,1.0.0,calendar_epps_curve,82.0,second,combined,0.5048908417359614,normalized_correlation,0.5048908417359614
F6,0.1,0.025,10.0,40.0,1.0,calendar_reference_slow_response,illustrative reference convention; not calibrated,1.0.0,calendar_epps_curve,82.5,second,combined,0.5068970352997647,normalized_correlation,0.5068970352997647
F6,0.1,0.025,10.0,40.0,1.0,calendar_reference_slow_response,illustrative reference convention; not calibrated,1.0.0,calendar_epps_curve,83.0,second,combined,0.5088901308854386,normalized_correlation,0.5088901308854386
F6,0.1,0.025,10.0,40.0,1.0,calendar_reference_slow_response,illustrative reference convention; not calibrated,1.0.0,calendar_epps_curve,83.5,second,combined,0.5108702319221663,normalized_correlation,0.5108702319221663
F6,0.1,0.025,10.0,40.0,1.0,calendar_reference_slow_response,illustrative reference convention; not calibrated,1.0.0,calendar_epps_curve,84.0,second,combined,0.5128374410191617,normalized_correlation,0.5128374410191617
F6,0.1,0.025,10.0,40.0,1.0,calendar_reference_slow_response,illustrative reference convention; not calibrated,1.0.0,calendar_epps_curve,84.5,second,combined,0.514791859967756,normalized_correlation,0.514791859967756
F6,0.1,0.025,10.0,40.0,1.0,calendar_reference_slow_response,illustrative reference convention; not calibrated,1.0.0,calendar_epps_curve,85.0,second,combined,0.516733589743767,normalized_correlation,0.516733589743767
F6,0.1,0.025,10.0,40.0,1.0,calendar_reference_slow_response,illustrative reference convention; not calibrated,1.0.0,calendar_epps_curve,85.5,second,combined,0.5186627305101306,normalized_correlation,0.5186627305101306
F6,0.1,0.025,10.0,40.0,1.0,calendar_reference_slow_response,illustrative reference convention; not calibrated,1.0.0,calendar_epps_curve,86.0,second,combined,0.5205793816197736,normalized_correlation,0.5205793816197736
F6,0.1,0.025,10.0,40.0,1.0,calendar_reference_slow_response,illustrative reference convention; not calibrated,1.0.0,calendar_epps_curve,86.5,second,combined,0.5224836416187182,normalized_correlation,0.5224836416187182
F6,0.1,0.025,10.0,40.0,1.0,calendar_reference_slow_response,illustrative reference convention; not calibrated,1.0.0,calendar_epps_curve,87.0,second,combined,0.5243756082493966,normalized_correlation,0.5243756082493966
F6,0.1,0.025,10.0,40.0,1.0,calendar_reference_slow_response,illustrative reference convention; not calibrated,1.0.0,calendar_epps_curve,87.5,second,combined,0.5262553784541615,normalized_correlation,0.5262553784541615
F6,0.1,0.025,10.0,40.0,1.0,calendar_reference_slow_response,illustrative reference convention; not calibrated,1.0.0,calendar_epps_curve,88.0,second,combined,0.5281230483789829,normalized_correlation,0.5281230483789829
F6,0.1,0.025,10.0,40.0,1.0,calendar_reference_slow_response,illustrative reference convention; not calibrated,1.0.0,calendar_epps_curve,88.5,second,combined,0.5299787133773122,normalized_correlation,0.5299787133773122
F6,0.1,0.025,10.0,40.0,1.0,calendar_reference_slow_response,illustrative reference convention; not calibrated,1.0.0,calendar_epps_curve,89.0,second,combined,0.5318224680141046,normalized_correlation,0.5318224680141046
F6,0.1,0.025,10.0,40.0,1.0,calendar_reference_slow_response,illustrative reference convention; not calibrated,1.0.0,calendar_epps_curve,89.5,second,combined,0.5336544060699879,normalized_correlation,0.5336544060699879
F6,0.1,0.025,10.0,40.0,1.0,calendar_reference_slow_response,illustrative reference convention; not calibrated,1.0.0,calendar_epps_curve,90.0,second,combined,0.5354746205455643,normalized_correlation,0.5354746205455643
F6,0.1,0.025,10.0,40.0,1.0,calendar_reference_slow_response,illustrative reference convention; not calibrated,1.0.0,calendar_epps_curve,90.5,second,combined,0.5372832036658368,normalized_correlation,0.5372832036658368
F6,0.1,0.025,10.0,40.0,1.0,calendar_reference_slow_response,illustrative reference convention; not calibrated,1.0.0,calendar_epps_curve,91.0,second,combined,0.5390802468847499,normalized_correlation,0.5390802468847499
F6,0.1,0.025,10.0,40.0,1.0,calendar_reference_slow_response,illustrative reference convention; not calibrated,1.0.0,calendar_epps_curve,91.5,second,combined,0.5408658408898341,normalized_correlation,0.5408658408898341
F6,0.1,0.025,10.0,40.0,1.0,calendar_reference_slow_response,illustrative reference convention; not calibrated,1.0.0,calendar_epps_curve,92.0,second,combined,0.542640075606946,normalized_correlation,0.542640075606946
F6,0.1,0.025,10.0,40.0,1.0,calendar_reference_slow_response,illustrative reference convention; not calibrated,1.0.0,calendar_epps_curve,92.5,second,combined,0.544403040205097,normalized_correlation,0.544403040205097
F6,0.1,0.025,10.0,40.0,1.0,calendar_reference_slow_response,illustrative reference convention; not calibrated,1.0.0,calendar_epps_curve,93.0,second,combined,0.5461548231013592,normalized_correlation,0.5461548231013592
F6,0.1,0.025,10.0,40.0,1.0,calendar_reference_slow_response,illustrative reference convention; not calibrated,1.0.0,calendar_epps_curve,93.5,second,combined,0.5478955119658452,normalized_correlation,0.5478955119658452
F6,0.1,0.025,10.0,40.0,1.0,calendar_reference_slow_response,illustrative reference convention; not calibrated,1.0.0,calendar_epps_curve,94.0,second,combined,0.5496251937267518,normalized_correlation,0.5496251937267518
F6,0.1,0.025,10.0,40.0,1.0,calendar_reference_slow_response,illustrative reference convention; not calibrated,1.0.0,calendar_epps_curve,94.5,second,combined,0.5513439545754619,normalized_correlation,0.5513439545754619
F6,0.1,0.025,10.0,40.0,1.0,calendar_reference_slow_response,illustrative reference convention; not calibrated,1.0.0,calendar_epps_curve,95.0,second,combined,0.553051879971699,normalized_correlation,0.553051879971699
F6,0.1,0.025,10.0,40.0,1.0,calendar_reference_slow_response,illustrative reference convention; not calibrated,1.0.0,calendar_epps_curve,95.5,second,combined,0.5547490546487275,normalized_correlation,0.5547490546487275
F6,0.1,0.025,10.0,40.0,1.0,calendar_reference_slow_response,illustrative reference convention; not calibrated,1.0.0,calendar_epps_curve,96.0,second,combined,0.5564355626185933,normalized_correlation,0.5564355626185933
F6,0.1,0.025,10.0,40.0,1.0,calendar_reference_slow_response,illustrative reference convention; not calibrated,1.0.0,calendar_epps_curve,96.5,second,combined,0.5581114871774002,normalized_correlation,0.5581114871774002
F6,0.1,0.025,10.0,40.0,1.0,calendar_reference_slow_response,illustrative reference convention; not calibrated,1.0.0,calendar_epps_curve,97.0,second,combined,0.5597769109106168,normalized_correlation,0.5597769109106168
F6,0.1,0.025,10.0,40.0,1.0,calendar_reference_slow_response,illustrative reference convention; not calibrated,1.0.0,calendar_epps_curve,97.5,second,combined,0.5614319156984086,normalized_correlation,0.5614319156984086
F6,0.1,0.025,10.0,40.0,1.0,calendar_reference_slow_response,illustrative reference convention; not calibrated,1.0.0,calendar_epps_curve,98.0,second,combined,0.5630765827209926,normalized_correlation,0.5630765827209926
F6,0.1,0.025,10.0,40.0,1.0,calendar_reference_slow_response,illustrative reference convention; not calibrated,1.0.0,calendar_epps_curve,98.5,second,combined,0.5647109924640077,normalized_correlation,0.5647109924640077
F6,0.1,0.025,10.0,40.0,1.0,calendar_reference_slow_response,illustrative reference convention; not calibrated,1.0.0,calendar_epps_curve,99.0,second,combined,0.5663352247239005,normalized_correlation,0.5663352247239005
F6,0.1,0.025,10.0,40.0,1.0,calendar_reference_slow_response,illustrative reference convention; not calibrated,1.0.0,calendar_epps_curve,99.5,second,combined,0.5679493586133195,normalized_correlation,0.5679493586133195
F6,0.1,0.025,10.0,40.0,1.0,calendar_reference_slow_response,illustrative reference convention; not calibrated,1.0.0,calendar_epps_curve,100.0,second,combined,0.5695534725665162,normalized_correlation,0.5695534725665162
F6,0.1,0.025,10.0,40.0,1.0,calendar_reference_slow_response,illustrative reference convention; not calibrated,1.0.0,calendar_epps_curve,100.5,second,combined,0.5711476443447498,normalized_correlation,0.5711476443447498
F6,0.1,0.025,10.0,40.0,1.0,calendar_reference_slow_response,illustrative reference convention; not calibrated,1.0.0,calendar_epps_curve,101.0,second,combined,0.5727319510416923,normalized_correlation,0.5727319510416923
F6,0.1,0.025,10.0,40.0,1.0,calendar_reference_slow_response,illustrative reference convention; not calibrated,1.0.0,calendar_epps_curve,101.5,second,combined,0.5743064690888297,normalized_correlation,0.5743064690888297
F6,0.1,0.025,10.0,40.0,1.0,calendar_reference_slow_response,illustrative reference convention; not calibrated,1.0.0,calendar_epps_curve,102.0,second,combined,0.5758712742608604,normalized_correlation,0.5758712742608604
F6,0.1,0.025,10.0,40.0,1.0,calendar_reference_slow_response,illustrative reference convention; not calibrated,1.0.0,calendar_epps_curve,102.5,second,combined,0.5774264416810837,normalized_correlation,0.5774264416810837
F6,0.1,0.025,10.0,40.0,1.0,calendar_reference_slow_response,illustrative reference convention; not calibrated,1.0.0,calendar_epps_curve,103.0,second,combined,0.5789720458267796,normalized_correlation,0.5789720458267796
F6,0.1,0.025,10.0,40.0,1.0,calendar_reference_slow_response,illustrative reference convention; not calibrated,1.0.0,calendar_epps_curve,103.5,second,combined,0.5805081605345769,normalized_correlation,0.5805081605345769
F6,0.1,0.025,10.0,40.0,1.0,calendar_reference_slow_response,illustrative reference convention; not calibrated,1.0.0,calendar_epps_curve,104.0,second,combined,0.5820348590058048,normalized_correlation,0.5820348590058048
F6,0.1,0.025,10.0,40.0,1.0,calendar_reference_slow_response,illustrative reference convention; not calibrated,1.0.0,calendar_epps_curve,104.5,second,combined,0.5835522138118318,normalized_correlation,0.5835522138118318
F6,0.1,0.025,10.0,40.0,1.0,calendar_reference_slow_response,illustrative reference convention; not calibrated,1.0.0,calendar_epps_curve,105.0,second,combined,0.5850602968993843,normalized_correlation,0.5850602968993843
F6,0.1,0.025,10.0,40.0,1.0,calendar_reference_slow_response,illustrative reference convention; not calibrated,1.0.0,calendar_epps_curve,105.5,second,combined,0.5865591795958475,normalized_correlation,0.5865591795958475
F6,0.1,0.025,10.0,40.0,1.0,calendar_reference_slow_response,illustrative reference convention; not calibrated,1.0.0,calendar_epps_curve,106.0,second,combined,0.5880489326145423,normalized_correlation,0.5880489326145423
F6,0.1,0.025,10.0,40.0,1.0,calendar_reference_slow_response,illustrative reference convention; not calibrated,1.0.0,calendar_epps_curve,106.5,second,combined,0.5895296260599849,normalized_correlation,0.5895296260599849
F6,0.1,0.025,10.0,40.0,1.0,calendar_reference_slow_response,illustrative reference convention; not calibrated,1.0.0,calendar_epps_curve,107.0,second,combined,0.5910013294331173,normalized_correlation,0.5910013294331173
F6,0.1,0.025,10.0,40.0,1.0,calendar_reference_slow_response,illustrative reference convention; not calibrated,1.0.0,calendar_epps_curve,107.5,second,combined,0.5924641116365166,normalized_correlation,0.5924641116365166
F6,0.1,0.025,10.0,40.0,1.0,calendar_reference_slow_response,illustrative reference convention; not calibrated,1.0.0,calendar_epps_curve,108.0,second,combined,0.5939180409795759,normalized_correlation,0.5939180409795759
F6,0.1,0.025,10.0,40.0,1.0,calendar_reference_slow_response,illustrative reference convention; not calibrated,1.0.0,calendar_epps_curve,108.5,second,combined,0.59536318518366,normalized_correlation,0.59536318518366
F6,0.1,0.025,10.0,40.0,1.0,calendar_reference_slow_response,illustrative reference convention; not calibrated,1.0.0,calendar_epps_curve,109.0,second,combined,0.5967996113872311,normalized_correlation,0.5967996113872311
F6,0.1,0.025,10.0,40.0,1.0,calendar_reference_slow_response,illustrative reference convention; not calibrated,1.0.0,calendar_epps_curve,109.5,second,combined,0.5982273861509464,normalized_correlation,0.5982273861509464
F6,0.1,0.025,10.0,40.0,1.0,calendar_reference_slow_response,illustrative reference convention; not calibrated,1.0.0,calendar_epps_curve,110.0,second,combined,0.5996465754627263,normalized_correlation,0.5996465754627263
F6,0.1,0.025,10.0,40.0,1.0,calendar_reference_slow_response,illustrative reference convention; not calibrated,1.0.0,calendar_epps_curve,110.5,second,combined,0.6010572447427903,normalized_correlation,0.6010572447427903
F6,0.1,0.025,10.0,40.0,1.0,calendar_reference_slow_response,illustrative reference convention; not calibrated,1.0.0,calendar_epps_curve,111.0,second,combined,0.6024594588486638,normalized_correlation,0.6024594588486638
F6,0.1,0.025,10.0,40.0,1.0,calendar_reference_slow_response,illustrative reference convention; not calibrated,1.0.0,calendar_epps_curve,111.5,second,combined,0.6038532820801505,normalized_correlation,0.6038532820801505
F6,0.1,0.025,10.0,40.0,1.0,calendar_reference_slow_response,illustrative reference convention; not calibrated,1.0.0,calendar_epps_curve,112.0,second,combined,0.605238778184275,normalized_correlation,0.605238778184275
F6,0.1,0.025,10.0,40.0,1.0,calendar_reference_slow_response,illustrative reference convention; not calibrated,1.0.0,calendar_epps_curve,112.5,second,combined,0.6066160103601886,normalized_correlation,0.6066160103601886
F6,0.1,0.025,10.0,40.0,1.0,calendar_reference_slow_response,illustrative reference convention; not calibrated,1.0.0,calendar_epps_curve,113.0,second,combined,0.6079850412640463,normalized_correlation,0.6079850412640463
F6,0.1,0.025,10.0,40.0,1.0,calendar_reference_slow_response,illustrative reference convention; not calibrated,1.0.0,calendar_epps_curve,113.5,second,combined,0.6093459330138444,normalized_correlation,0.6093459330138444
F6,0.1,0.025,10.0,40.0,1.0,calendar_reference_slow_response,illustrative reference convention; not calibrated,1.0.0,calendar_epps_curve,114.0,second,combined,0.6106987471942288,normalized_correlation,0.6106987471942288
F6,0.1,0.025,10.0,40.0,1.0,calendar_reference_slow_response,illustrative reference convention; not calibrated,1.0.0,calendar_epps_curve,114.5,second,combined,0.6120435448612649,normalized_correlation,0.6120435448612649
F6,0.1,0.025,10.0,40.0,1.0,calendar_reference_slow_response,illustrative reference convention; not calibrated,1.0.0,calendar_epps_curve,115.0,second,combined,0.6133803865471738,normalized_correlation,0.6133803865471738
F6,0.1,0.025,10.0,40.0,1.0,calendar_reference_slow_response,illustrative reference convention; not calibrated,1.0.0,calendar_epps_curve,115.5,second,combined,0.6147093322650337,normalized_correlation,0.6147093322650337
F6,0.1,0.025,10.0,40.0,1.0,calendar_reference_slow_response,illustrative reference convention; not calibrated,1.0.0,calendar_epps_curve,116.0,second,combined,0.6160304415134447,normalized_correlation,0.6160304415134447
F6,0.1,0.025,10.0,40.0,1.0,calendar_reference_slow_response,illustrative reference convention; not calibrated,1.0.0,calendar_epps_curve,116.5,second,combined,0.6173437732811585,normalized_correlation,0.6173437732811585
F6,0.1,0.025,10.0,40.0,1.0,calendar_reference_slow_response,illustrative reference convention; not calibrated,1.0.0,calendar_epps_curve,117.0,second,combined,0.6186493860516722,normalized_correlation,0.6186493860516722
F6,0.1,0.025,10.0,40.0,1.0,calendar_reference_slow_response,illustrative reference convention; not calibrated,1.0.0,calendar_epps_curve,117.5,second,combined,0.6199473378077849,normalized_correlation,0.6199473378077849
F6,0.1,0.025,10.0,40.0,1.0,calendar_reference_slow_response,illustrative reference convention; not calibrated,1.0.0,calendar_epps_curve,118.0,second,combined,0.6212376860361206,normalized_correlation,0.6212376860361206
F6,0.1,0.025,10.0,40.0,1.0,calendar_reference_slow_response,illustrative reference convention; not calibrated,1.0.0,calendar_epps_curve,118.5,second,combined,0.6225204877316121,normalized_correlation,0.6225204877316121
F6,0.1,0.025,10.0,40.0,1.0,calendar_reference_slow_response,illustrative reference convention; not calibrated,1.0.0,calendar_epps_curve,119.0,second,combined,0.6237957994019495,normalized_correlation,0.6237957994019495
F6,0.1,0.025,10.0,40.0,1.0,calendar_reference_slow_response,illustrative reference convention; not calibrated,1.0.0,calendar_epps_curve,119.5,second,combined,0.6250636770719943,normalized_correlation,0.6250636770719943
F6,0.1,0.025,10.0,40.0,1.0,calendar_reference_slow_response,illustrative reference convention; not calibrated,1.0.0,calendar_epps_curve,120.0,second,combined,0.6263241762881536,normalized_correlation,0.6263241762881536
F6,0.1,0.025,10.0,40.0,1.0,calendar_reference_slow_response,illustrative reference convention; not calibrated,1.0.0,calendar_epps_curve,120.5,second,combined,0.6275773521227208,normalized_correlation,0.6275773521227208
F6,0.1,0.025,10.0,40.0,1.0,calendar_reference_slow_response,illustrative reference convention; not calibrated,1.0.0,calendar_epps_curve,121.0,second,combined,0.6288232591781785,normalized_correlation,0.6288232591781785
F6,0.1,0.025,10.0,40.0,1.0,calendar_reference_slow_response,illustrative reference convention; not calibrated,1.0.0,calendar_epps_curve,121.5,second,combined,0.6300619515914656,normalized_correlation,0.6300619515914656
F6,0.1,0.025,10.0,40.0,1.0,calendar_reference_slow_response,illustrative reference convention; not calibrated,1.0.0,calendar_epps_curve,122.0,second,combined,0.6312934830382085,normalized_correlation,0.6312934830382085
F6,0.1,0.025,10.0,40.0,1.0,calendar_reference_slow_response,illustrative reference convention; not calibrated,1.0.0,calendar_epps_curve,122.5,second,combined,0.632517906736915,normalized_correlation,0.632517906736915
F6,0.1,0.025,10.0,40.0,1.0,calendar_reference_slow_response,illustrative reference convention; not calibrated,1.0.0,calendar_epps_curve,123.0,second,combined,0.6337352754531331,normalized_correlation,0.6337352754531331
F6,0.1,0.025,10.0,40.0,1.0,calendar_reference_slow_response,illustrative reference convention; not calibrated,1.0.0,calendar_epps_curve,123.5,second,combined,0.6349456415035739,normalized_correlation,0.6349456415035739
F6,0.1,0.025,10.0,40.0,1.0,calendar_reference_slow_response,illustrative reference convention; not calibrated,1.0.0,calendar_epps_curve,124.0,second,combined,0.6361490567601973,normalized_correlation,0.6361490567601973
F6,0.1,0.025,10.0,40.0,1.0,calendar_reference_slow_response,illustrative reference convention; not calibrated,1.0.0,calendar_epps_curve,124.5,second,combined,0.6373455726542637,normalized_correlation,0.6373455726542637
F6,0.1,0.025,10.0,40.0,1.0,calendar_reference_slow_response,illustrative reference convention; not calibrated,1.0.0,calendar_epps_curve,125.0,second,combined,0.6385352401803491,normalized_correlation,0.6385352401803491
F6,0.1,0.025,10.0,40.0,1.0,calendar_reference_slow_response,illustrative reference convention; not calibrated,1.0.0,calendar_epps_curve,125.5,second,combined,0.6397181099003252,normalized_correlation,0.6397181099003252
F6,0.1,0.025,10.0,40.0,1.0,calendar_reference_slow_response,illustrative reference convention; not calibrated,1.0.0,calendar_epps_curve,126.0,second,combined,0.6408942319473028,normalized_correlation,0.6408942319473028
F6,0.1,0.025,10.0,40.0,1.0,calendar_reference_slow_response,illustrative reference convention; not calibrated,1.0.0,calendar_epps_curve,126.5,second,combined,0.6420636560295425,normalized_correlation,0.6420636560295425
F6,0.1,0.025,10.0,40.0,1.0,calendar_reference_slow_response,illustrative reference convention; not calibrated,1.0.0,calendar_epps_curve,127.0,second,combined,0.6432264314343286,normalized_correlation,0.6432264314343286
F6,0.1,0.025,10.0,40.0,1.0,calendar_reference_slow_response,illustrative reference convention; not calibrated,1.0.0,calendar_epps_curve,127.5,second,combined,0.6443826070318083,normalized_correlation,0.6443826070318083
F6,0.1,0.025,10.0,40.0,1.0,calendar_reference_slow_response,illustrative reference convention; not calibrated,1.0.0,calendar_epps_curve,128.0,second,combined,0.6455322312787977,normalized_correlation,0.6455322312787977
F6,0.1,0.025,10.0,40.0,1.0,calendar_reference_slow_response,illustrative reference convention; not calibrated,1.0.0,calendar_epps_curve,128.5,second,combined,0.6466753522225515,normalized_correlation,0.6466753522225515
F6,0.1,0.025,10.0,40.0,1.0,calendar_reference_slow_response,illustrative reference convention; not calibrated,1.0.0,calendar_epps_curve,129.0,second,combined,0.6478120175044997,normalized_correlation,0.6478120175044997
F6,0.1,0.025,10.0,40.0,1.0,calendar_reference_slow_response,illustrative reference convention; not calibrated,1.0.0,calendar_epps_curve,129.5,second,combined,0.6489422743639507,normalized_correlation,0.6489422743639507
F6,0.1,0.025,10.0,40.0,1.0,calendar_reference_slow_response,illustrative reference convention; not calibrated,1.0.0,calendar_epps_curve,130.0,second,combined,0.6500661696417589,normalized_correlation,0.6500661696417589
F6,0.1,0.025,10.0,40.0,1.0,calendar_reference_slow_response,illustrative reference convention; not calibrated,1.0.0,calendar_epps_curve,130.5,second,combined,0.6511837497839605,normalized_correlation,0.6511837497839605
F6,0.1,0.025,10.0,40.0,1.0,calendar_reference_slow_response,illustrative reference convention; not calibrated,1.0.0,calendar_epps_curve,131.0,second,combined,0.6522950608453756,normalized_correlation,0.6522950608453756
F6,0.1,0.025,10.0,40.0,1.0,calendar_reference_slow_response,illustrative reference convention; not calibrated,1.0.0,calendar_epps_curve,131.5,second,combined,0.6534001484931755,normalized_correlation,0.6534001484931755
F6,0.1,0.025,10.0,40.0,1.0,calendar_reference_slow_response,illustrative reference convention; not calibrated,1.0.0,calendar_epps_curve,132.0,second,combined,0.6544990580104205,normalized_correlation,0.6544990580104205
F6,0.1,0.025,10.0,40.0,1.0,calendar_reference_slow_response,illustrative reference convention; not calibrated,1.0.0,calendar_epps_curve,132.5,second,combined,0.6555918342995609,normalized_correlation,0.6555918342995609
F6,0.1,0.025,10.0,40.0,1.0,calendar_reference_slow_response,illustrative reference convention; not calibrated,1.0.0,calendar_epps_curve,133.0,second,combined,0.6566785218859095,normalized_correlation,0.6566785218859095
F6,0.1,0.025,10.0,40.0,1.0,calendar_reference_slow_response,illustrative reference convention; not calibrated,1.0.0,calendar_epps_curve,133.5,second,combined,0.657759164921079,normalized_correlation,0.657759164921079
F6,0.1,0.025,10.0,40.0,1.0,calendar_reference_slow_response,illustrative reference convention; not calibrated,1.0.0,calendar_epps_curve,134.0,second,combined,0.6588338071863888,normalized_correlation,0.6588338071863888
F6,0.1,0.025,10.0,40.0,1.0,calendar_reference_slow_response,illustrative reference convention; not calibrated,1.0.0,calendar_epps_curve,134.5,second,combined,0.6599024920962404,normalized_correlation,0.6599024920962404
F6,0.1,0.025,10.0,40.0,1.0,calendar_reference_slow_response,illustrative reference convention; not calibrated,1.0.0,calendar_epps_curve,135.0,second,combined,0.6609652627014606,normalized_correlation,0.6609652627014606
F6,0.1,0.025,10.0,40.0,1.0,calendar_reference_slow_response,illustrative reference convention; not calibrated,1.0.0,calendar_epps_curve,135.5,second,combined,0.662022161692613,normalized_correlation,0.662022161692613
F6,0.1,0.025,10.0,40.0,1.0,calendar_reference_slow_response,illustrative reference convention; not calibrated,1.0.0,calendar_epps_curve,136.0,second,combined,0.6630732314032802,normalized_correlation,0.6630732314032802
F6,0.1,0.025,10.0,40.0,1.0,calendar_reference_slow_response,illustrative reference convention; not calibrated,1.0.0,calendar_epps_curve,136.5,second,combined,0.6641185138133144,normalized_correlation,0.6641185138133144
F6,0.1,0.025,10.0,40.0,1.0,calendar_reference_slow_response,illustrative reference convention; not calibrated,1.0.0,calendar_epps_curve,137.0,second,combined,0.6651580505520566,normalized_correlation,0.6651580505520566
F6,0.1,0.025,10.0,40.0,1.0,calendar_reference_slow_response,illustrative reference convention; not calibrated,1.0.0,calendar_epps_curve,137.5,second,combined,0.666191882901527,normalized_correlation,0.666191882901527
F6,0.1,0.025,10.0,40.0,1.0,calendar_reference_slow_response,illustrative reference convention; not calibrated,1.0.0,calendar_epps_curve,138.0,second,combined,0.667220051799585,normalized_correlation,0.667220051799585
F6,0.1,0.025,10.0,40.0,1.0,calendar_reference_slow_response,illustrative reference convention; not calibrated,1.0.0,calendar_epps_curve,138.5,second,combined,0.6682425978430593,normalized_correlation,0.6682425978430593
F6,0.1,0.025,10.0,40.0,1.0,calendar_reference_slow_response,illustrative reference convention; not calibrated,1.0.0,calendar_epps_curve,139.0,second,combined,0.6692595612908482,normalized_correlation,0.6692595612908482
F6,0.1,0.025,10.0,40.0,1.0,calendar_reference_slow_response,illustrative reference convention; not calibrated,1.0.0,calendar_epps_curve,139.5,second,combined,0.6702709820669914,normalized_correlation,0.6702709820669914
F6,0.1,0.025,10.0,40.0,1.0,calendar_reference_slow_response,illustrative reference convention; not calibrated,1.0.0,calendar_epps_curve,140.0,second,combined,0.6712768997637127,normalized_correlation,0.6712768997637127
F6,0.1,0.025,10.0,40.0,1.0,calendar_reference_slow_response,illustrative reference convention; not calibrated,1.0.0,calendar_epps_curve,140.5,second,combined,0.6722773536444338,normalized_correlation,0.6722773536444338
F6,0.1,0.025,10.0,40.0,1.0,calendar_reference_slow_response,illustrative reference convention; not calibrated,1.0.0,calendar_epps_curve,141.0,second,combined,0.6732723826467583,normalized_correlation,0.6732723826467583
F6,0.1,0.025,10.0,40.0,1.0,calendar_reference_slow_response,illustrative reference convention; not calibrated,1.0.0,calendar_epps_curve,141.5,second,combined,0.6742620253854307,normalized_correlation,0.6742620253854307
F6,0.1,0.025,10.0,40.0,1.0,calendar_reference_slow_response,illustrative reference convention; not calibrated,1.0.0,calendar_epps_curve,142.0,second,combined,0.6752463201552646,normalized_correlation,0.6752463201552646
F6,0.1,0.025,10.0,40.0,1.0,calendar_reference_slow_response,illustrative reference convention; not calibrated,1.0.0,calendar_epps_curve,142.5,second,combined,0.6762253049340436,normalized_correlation,0.6762253049340436
F6,0.1,0.025,10.0,40.0,1.0,calendar_reference_slow_response,illustrative reference convention; not calibrated,1.0.0,calendar_epps_curve,143.0,second,combined,0.6771990173853961,normalized_correlation,0.6771990173853961
F6,0.1,0.025,10.0,40.0,1.0,calendar_reference_slow_response,illustrative reference convention; not calibrated,1.0.0,calendar_epps_curve,143.5,second,combined,0.6781674948616416,normalized_correlation,0.6781674948616416
F6,0.1,0.025,10.0,40.0,1.0,calendar_reference_slow_response,illustrative reference convention; not calibrated,1.0.0,calendar_epps_curve,144.0,second,combined,0.6791307744066098,normalized_correlation,0.6791307744066098
F6,0.1,0.025,10.0,40.0,1.0,calendar_reference_slow_response,illustrative reference convention; not calibrated,1.0.0,calendar_epps_curve,144.5,second,combined,0.680088892758435,normalized_correlation,0.680088892758435
F6,0.1,0.025,10.0,40.0,1.0,calendar_reference_slow_response,illustrative reference convention; not calibrated,1.0.0,calendar_epps_curve,145.0,second,combined,0.68104188635232,normalized_correlation,0.68104188635232
F6,0.1,0.025,10.0,40.0,1.0,calendar_reference_slow_response,illustrative reference convention; not calibrated,1.0.0,calendar_epps_curve,145.5,second,combined,0.6819897913232794,normalized_correlation,0.6819897913232794
F6,0.1,0.025,10.0,40.0,1.0,calendar_reference_slow_response,illustrative reference convention; not calibrated,1.0.0,calendar_epps_curve,146.0,second,combined,0.6829326435088513,normalized_correlation,0.6829326435088513
F6,0.1,0.025,10.0,40.0,1.0,calendar_reference_slow_response,illustrative reference convention; not calibrated,1.0.0,calendar_epps_curve,146.5,second,combined,0.6838704784517863,normalized_correlation,0.6838704784517863
F6,0.1,0.025,10.0,40.0,1.0,calendar_reference_slow_response,illustrative reference convention; not calibrated,1.0.0,calendar_epps_curve,147.0,second,combined,0.684803331402711,normalized_correlation,0.684803331402711
F6,0.1,0.025,10.0,40.0,1.0,calendar_reference_slow_response,illustrative reference convention; not calibrated,1.0.0,calendar_epps_curve,147.5,second,combined,0.6857312373227645,normalized_correlation,0.6857312373227645
F6,0.1,0.025,10.0,40.0,1.0,calendar_reference_slow_response,illustrative reference convention; not calibrated,1.0.0,calendar_epps_curve,148.0,second,combined,0.686654230886212,normalized_correlation,0.686654230886212
F6,0.1,0.025,10.0,40.0,1.0,calendar_reference_slow_response,illustrative reference convention; not calibrated,1.0.0,calendar_epps_curve,148.5,second,combined,0.6875723464830307,normalized_correlation,0.6875723464830307
F6,0.1,0.025,10.0,40.0,1.0,calendar_reference_slow_response,illustrative reference convention; not calibrated,1.0.0,calendar_epps_curve,149.0,second,combined,0.6884856182214742,normalized_correlation,0.6884856182214742
F6,0.1,0.025,10.0,40.0,1.0,calendar_reference_slow_response,illustrative reference convention; not calibrated,1.0.0,calendar_epps_curve,149.5,second,combined,0.6893940799306111,normalized_correlation,0.6893940799306111
F6,0.1,0.025,10.0,40.0,1.0,calendar_reference_slow_response,illustrative reference convention; not calibrated,1.0.0,calendar_epps_curve,150.0,second,combined,0.690297765162838,normalized_correlation,0.690297765162838
F6,0.1,0.025,10.0,40.0,1.0,calendar_reference_slow_response,illustrative reference convention; not calibrated,1.0.0,calendar_epps_curve,150.5,second,combined,0.6911967071963722,normalized_correlation,0.6911967071963722
F6,0.1,0.025,10.0,40.0,1.0,calendar_reference_slow_response,illustrative reference convention; not calibrated,1.0.0,calendar_epps_curve,151.0,second,combined,0.6920909390377163,normalized_correlation,0.6920909390377163
F6,0.1,0.025,10.0,40.0,1.0,calendar_reference_slow_response,illustrative reference convention; not calibrated,1.0.0,calendar_epps_curve,151.5,second,combined,0.6929804934241036,normalized_correlation,0.6929804934241036
F6,0.1,0.025,10.0,40.0,1.0,calendar_reference_slow_response,illustrative reference convention; not calibrated,1.0.0,calendar_epps_curve,152.0,second,combined,0.6938654028259164,normalized_correlation,0.6938654028259164
F6,0.1,0.025,10.0,40.0,1.0,calendar_reference_slow_response,illustrative reference convention; not calibrated,1.0.0,calendar_epps_curve,152.5,second,combined,0.6947456994490848,normalized_correlation,0.6947456994490848
F6,0.1,0.025,10.0,40.0,1.0,calendar_reference_slow_response,illustrative reference convention; not calibrated,1.0.0,calendar_epps_curve,153.0,second,combined,0.6956214152374599,normalized_correlation,0.6956214152374599
F6,0.1,0.025,10.0,40.0,1.0,calendar_reference_slow_response,illustrative reference convention; not calibrated,1.0.0,calendar_epps_curve,153.5,second,combined,0.6964925818751658,normalized_correlation,0.6964925818751658
F6,0.1,0.025,10.0,40.0,1.0,calendar_reference_slow_response,illustrative reference convention; not calibrated,1.0.0,calendar_epps_curve,154.0,second,combined,0.697359230788929,normalized_correlation,0.697359230788929
F6,0.1,0.025,10.0,40.0,1.0,calendar_reference_slow_response,illustrative reference convention; not calibrated,1.0.0,calendar_epps_curve,154.5,second,combined,0.6982213931503857,normalized_correlation,0.6982213931503857
F6,0.1,0.025,10.0,40.0,1.0,calendar_reference_slow_response,illustrative reference convention; not calibrated,1.0.0,calendar_epps_curve,155.0,second,combined,0.6990790998783668,normalized_correlation,0.6990790998783668
F6,0.1,0.025,10.0,40.0,1.0,calendar_reference_slow_response,illustrative reference convention; not calibrated,1.0.0,calendar_epps_curve,155.5,second,combined,0.6999323816411618,normalized_correlation,0.6999323816411618
F6,0.1,0.025,10.0,40.0,1.0,calendar_reference_slow_response,illustrative reference convention; not calibrated,1.0.0,calendar_epps_curve,156.0,second,combined,0.7007812688587606,normalized_correlation,0.7007812688587606
F6,0.1,0.025,10.0,40.0,1.0,calendar_reference_slow_response,illustrative reference convention; not calibrated,1.0.0,calendar_epps_curve,156.5,second,combined,0.701625791705074,normalized_correlation,0.701625791705074
F6,0.1,0.025,10.0,40.0,1.0,calendar_reference_slow_response,illustrative reference convention; not calibrated,1.0.0,calendar_epps_curve,157.0,second,combined,0.7024659801101336,normalized_correlation,0.7024659801101336
F6,0.1,0.025,10.0,40.0,1.0,calendar_reference_slow_response,illustrative reference convention; not calibrated,1.0.0,calendar_epps_curve,157.5,second,combined,0.70330186376227,normalized_correlation,0.70330186376227
F6,0.1,0.025,10.0,40.0,1.0,calendar_reference_slow_response,illustrative reference convention; not calibrated,1.0.0,calendar_epps_curve,158.0,second,combined,0.704133472110272,normalized_correlation,0.704133472110272
F6,0.1,0.025,10.0,40.0,1.0,calendar_reference_slow_response,illustrative reference convention; not calibrated,1.0.0,calendar_epps_curve,158.5,second,combined,0.7049608343655226,normalized_correlation,0.7049608343655226
F6,0.1,0.025,10.0,40.0,1.0,calendar_reference_slow_response,illustrative reference convention; not calibrated,1.0.0,calendar_epps_curve,159.0,second,combined,0.7057839795041168,normalized_correlation,0.7057839795041168
F6,0.1,0.025,10.0,40.0,1.0,calendar_reference_slow_response,illustrative reference convention; not calibrated,1.0.0,calendar_epps_curve,159.5,second,combined,0.7066029362689588,normalized_correlation,0.7066029362689588
F6,0.1,0.025,10.0,40.0,1.0,calendar_reference_slow_response,illustrative reference convention; not calibrated,1.0.0,calendar_epps_curve,160.0,second,combined,0.7074177331718389,normalized_correlation,0.7074177331718389
F6,0.1,0.025,10.0,40.0,1.0,calendar_reference_slow_response,illustrative reference convention; not calibrated,1.0.0,calendar_epps_curve,160.5,second,combined,0.7082283984954918,normalized_correlation,0.7082283984954918
F6,0.1,0.025,10.0,40.0,1.0,calendar_reference_slow_response,illustrative reference convention; not calibrated,1.0.0,calendar_epps_curve,161.0,second,combined,0.7090349602956332,normalized_correlation,0.7090349602956332
F6,0.1,0.025,10.0,40.0,1.0,calendar_reference_slow_response,illustrative reference convention; not calibrated,1.0.0,calendar_epps_curve,161.5,second,combined,0.7098374464029791,normalized_correlation,0.7098374464029791
F6,0.1,0.025,10.0,40.0,1.0,calendar_reference_slow_response,illustrative reference convention; not calibrated,1.0.0,calendar_epps_curve,162.0,second,combined,0.7106358844252454,normalized_correlation,0.7106358844252454
F6,0.1,0.025,10.0,40.0,1.0,calendar_reference_slow_response,illustrative reference convention; not calibrated,1.0.0,calendar_epps_curve,162.5,second,combined,0.7114303017491284,normalized_correlation,0.7114303017491284
F6,0.1,0.025,10.0,40.0,1.0,calendar_reference_slow_response,illustrative reference convention; not calibrated,1.0.0,calendar_epps_curve,163.0,second,combined,0.7122207255422661,normalized_correlation,0.7122207255422661
F6,0.1,0.025,10.0,40.0,1.0,calendar_reference_slow_response,illustrative reference convention; not calibrated,1.0.0,calendar_epps_curve,163.5,second,combined,0.7130071827551816,normalized_correlation,0.7130071827551816
F6,0.1,0.025,10.0,40.0,1.0,calendar_reference_slow_response,illustrative reference convention; not calibrated,1.0.0,calendar_epps_curve,164.0,second,combined,0.7137897001232076,normalized_correlation,0.7137897001232076
F6,0.1,0.025,10.0,40.0,1.0,calendar_reference_slow_response,illustrative reference convention; not calibrated,1.0.0,calendar_epps_curve,164.5,second,combined,0.714568304168394,normalized_correlation,0.714568304168394
F6,0.1,0.025,10.0,40.0,1.0,calendar_reference_slow_response,illustrative reference convention; not calibrated,1.0.0,calendar_epps_curve,165.0,second,combined,0.7153430212013948,normalized_correlation,0.7153430212013948
F6,0.1,0.025,10.0,40.0,1.0,calendar_reference_slow_response,illustrative reference convention; not calibrated,1.0.0,calendar_epps_curve,165.5,second,combined,0.7161138773233394,normalized_correlation,0.7161138773233394
F6,0.1,0.025,10.0,40.0,1.0,calendar_reference_slow_response,illustrative reference convention; not calibrated,1.0.0,calendar_epps_curve,166.0,second,combined,0.716880898427686,normalized_correlation,0.716880898427686
F6,0.1,0.025,10.0,40.0,1.0,calendar_reference_slow_response,illustrative reference convention; not calibrated,1.0.0,calendar_epps_curve,166.5,second,combined,0.7176441102020558,normalized_correlation,0.7176441102020558
F6,0.1,0.025,10.0,40.0,1.0,calendar_reference_slow_response,illustrative reference convention; not calibrated,1.0.0,calendar_epps_curve,167.0,second,combined,0.7184035381300523,normalized_correlation,0.7184035381300523
F6,0.1,0.025,10.0,40.0,1.0,calendar_reference_slow_response,illustrative reference convention; not calibrated,1.0.0,calendar_epps_curve,167.5,second,combined,0.7191592074930615,normalized_correlation,0.7191592074930615
F6,0.1,0.025,10.0,40.0,1.0,calendar_reference_slow_response,illustrative reference convention; not calibrated,1.0.0,calendar_epps_curve,168.0,second,combined,0.7199111433720352,normalized_correlation,0.7199111433720352
F6,0.1,0.025,10.0,40.0,1.0,calendar_reference_slow_response,illustrative reference convention; not calibrated,1.0.0,calendar_epps_curve,168.5,second,combined,0.7206593706492594,normalized_correlation,0.7206593706492594
F6,0.1,0.025,10.0,40.0,1.0,calendar_reference_slow_response,illustrative reference convention; not calibrated,1.0.0,calendar_epps_curve,169.0,second,combined,0.7214039140101031,normalized_correlation,0.7214039140101031
F6,0.1,0.025,10.0,40.0,1.0,calendar_reference_slow_response,illustrative reference convention; not calibrated,1.0.0,calendar_epps_curve,169.5,second,combined,0.722144797944753,normalized_correlation,0.722144797944753
F6,0.1,0.025,10.0,40.0,1.0,calendar_reference_slow_response,illustrative reference convention; not calibrated,1.0.0,calendar_epps_curve,170.0,second,combined,0.7228820467499307,normalized_correlation,0.7228820467499307
F6,0.1,0.025,10.0,40.0,1.0,calendar_reference_slow_response,illustrative reference convention; not calibrated,1.0.0,calendar_epps_curve,170.5,second,combined,0.7236156845305941,normalized_correlation,0.7236156845305941
F6,0.1,0.025,10.0,40.0,1.0,calendar_reference_slow_response,illustrative reference convention; not calibrated,1.0.0,calendar_epps_curve,171.0,second,combined,0.7243457352016219,normalized_correlation,0.7243457352016219
F6,0.1,0.025,10.0,40.0,1.0,calendar_reference_slow_response,illustrative reference convention; not calibrated,1.0.0,calendar_epps_curve,171.5,second,combined,0.7250722224894843,normalized_correlation,0.7250722224894843
F6,0.1,0.025,10.0,40.0,1.0,calendar_reference_slow_response,illustrative reference convention; not calibrated,1.0.0,calendar_epps_curve,172.0,second,combined,0.725795169933895,normalized_correlation,0.725795169933895
F6,0.1,0.025,10.0,40.0,1.0,calendar_reference_slow_response,illustrative reference convention; not calibrated,1.0.0,calendar_epps_curve,172.5,second,combined,0.7265146008894503,normalized_correlation,0.7265146008894503
F6,0.1,0.025,10.0,40.0,1.0,calendar_reference_slow_response,illustrative reference convention; not calibrated,1.0.0,calendar_epps_curve,173.0,second,combined,0.7272305385272516,normalized_correlation,0.7272305385272516
F6,0.1,0.025,10.0,40.0,1.0,calendar_reference_slow_response,illustrative reference convention; not calibrated,1.0.0,calendar_epps_curve,173.5,second,combined,0.7279430058365123,normalized_correlation,0.7279430058365123
F6,0.1,0.025,10.0,40.0,1.0,calendar_reference_slow_response,illustrative reference convention; not calibrated,1.0.0,calendar_epps_curve,174.0,second,combined,0.7286520256261506,normalized_correlation,0.7286520256261506
F6,0.1,0.025,10.0,40.0,1.0,calendar_reference_slow_response,illustrative reference convention; not calibrated,1.0.0,calendar_epps_curve,174.5,second,combined,0.7293576205263663,normalized_correlation,0.7293576205263663
F6,0.1,0.025,10.0,40.0,1.0,calendar_reference_slow_response,illustrative reference convention; not calibrated,1.0.0,calendar_epps_curve,175.0,second,combined,0.7300598129902037,normalized_correlation,0.7300598129902037
F6,0.1,0.025,10.0,40.0,1.0,calendar_reference_slow_response,illustrative reference convention; not calibrated,1.0.0,calendar_epps_curve,175.5,second,combined,0.7307586252950993,normalized_correlation,0.7307586252950993
F6,0.1,0.025,10.0,40.0,1.0,calendar_reference_slow_response,illustrative reference convention; not calibrated,1.0.0,calendar_epps_curve,176.0,second,combined,0.7314540795444143,normalized_correlation,0.7314540795444143
F6,0.1,0.025,10.0,40.0,1.0,calendar_reference_slow_response,illustrative reference convention; not calibrated,1.0.0,calendar_epps_curve,176.5,second,combined,0.7321461976689551,normalized_correlation,0.7321461976689551
F6,0.1,0.025,10.0,40.0,1.0,calendar_reference_slow_response,illustrative reference convention; not calibrated,1.0.0,calendar_epps_curve,177.0,second,combined,0.7328350014284764,normalized_correlation,0.7328350014284764
F6,0.1,0.025,10.0,40.0,1.0,calendar_reference_slow_response,illustrative reference convention; not calibrated,1.0.0,calendar_epps_curve,177.5,second,combined,0.7335205124131723,normalized_correlation,0.7335205124131723
F6,0.1,0.025,10.0,40.0,1.0,calendar_reference_slow_response,illustrative reference convention; not calibrated,1.0.0,calendar_epps_curve,178.0,second,combined,0.7342027520451532,normalized_correlation,0.7342027520451532
F6,0.1,0.025,10.0,40.0,1.0,calendar_reference_slow_response,illustrative reference convention; not calibrated,1.0.0,calendar_epps_curve,178.5,second,combined,0.7348817415799077,normalized_correlation,0.7348817415799077
F6,0.1,0.025,10.0,40.0,1.0,calendar_reference_slow_response,illustrative reference convention; not calibrated,1.0.0,calendar_epps_curve,179.0,second,combined,0.7355575021077528,normalized_correlation,0.7355575021077528
F6,0.1,0.025,10.0,40.0,1.0,calendar_reference_slow_response,illustrative reference convention; not calibrated,1.0.0,calendar_epps_curve,179.5,second,combined,0.736230054555268,normalized_correlation,0.736230054555268
F6,0.1,0.025,10.0,40.0,1.0,calendar_reference_slow_response,illustrative reference convention; not calibrated,1.0.0,calendar_epps_curve,180.0,second,combined,0.7368994196867189,normalized_correlation,0.7368994196867189
F6,0.1,0.025,10.0,40.0,1.0,calendar_reference_slow_response,illustrative reference convention; not calibrated,1.0.0,calendar_epps_curve,180.5,second,combined,0.737565618105465,normalized_correlation,0.737565618105465
F6,0.1,0.025,10.0,40.0,1.0,calendar_reference_slow_response,illustrative reference convention; not calibrated,1.0.0,calendar_epps_curve,181.0,second,combined,0.7382286702553547,normalized_correlation,0.7382286702553547
F6,0.1,0.025,10.0,40.0,1.0,calendar_reference_slow_response,illustrative reference convention; not calibrated,1.0.0,calendar_epps_curve,181.5,second,combined,0.7388885964221095,normalized_correlation,0.7388885964221095
F6,0.1,0.025,10.0,40.0,1.0,calendar_reference_slow_response,illustrative reference convention; not calibrated,1.0.0,calendar_epps_curve,182.0,second,combined,0.7395454167346924,normalized_correlation,0.7395454167346924
F6,0.1,0.025,10.0,40.0,1.0,calendar_reference_slow_response,illustrative reference convention; not calibrated,1.0.0,calendar_epps_curve,182.5,second,combined,0.7401991511666655,normalized_correlation,0.7401991511666655
F6,0.1,0.025,10.0,40.0,1.0,calendar_reference_slow_response,illustrative reference convention; not calibrated,1.0.0,calendar_epps_curve,183.0,second,combined,0.7408498195375337,normalized_correlation,0.7408498195375337
F6,0.1,0.025,10.0,40.0,1.0,calendar_reference_slow_response,illustrative reference convention; not calibrated,1.0.0,calendar_epps_curve,183.5,second,combined,0.7414974415140761,normalized_correlation,0.7414974415140761
F6,0.1,0.025,10.0,40.0,1.0,calendar_reference_slow_response,illustrative reference convention; not calibrated,1.0.0,calendar_epps_curve,184.0,second,combined,0.742142036611667,normalized_correlation,0.742142036611667
F6,0.1,0.025,10.0,40.0,1.0,calendar_reference_slow_response,illustrative reference convention; not calibrated,1.0.0,calendar_epps_curve,184.5,second,combined,0.7427836241955806,normalized_correlation,0.7427836241955806
F6,0.1,0.025,10.0,40.0,1.0,calendar_reference_slow_response,illustrative reference convention; not calibrated,1.0.0,calendar_epps_curve,185.0,second,combined,0.7434222234822873,normalized_correlation,0.7434222234822873
F6,0.1,0.025,10.0,40.0,1.0,calendar_reference_slow_response,illustrative reference convention; not calibrated,1.0.0,calendar_epps_curve,185.5,second,combined,0.7440578535407358,normalized_correlation,0.7440578535407358
F6,0.1,0.025,10.0,40.0,1.0,calendar_reference_slow_response,illustrative reference convention; not calibrated,1.0.0,calendar_epps_curve,186.0,second,combined,0.7446905332936248,normalized_correlation,0.7446905332936248
F6,0.1,0.025,10.0,40.0,1.0,calendar_reference_slow_response,illustrative reference convention; not calibrated,1.0.0,calendar_epps_curve,186.5,second,combined,0.7453202815186611,normalized_correlation,0.7453202815186611
F6,0.1,0.025,10.0,40.0,1.0,calendar_reference_slow_response,illustrative reference convention; not calibrated,1.0.0,calendar_epps_curve,187.0,second,combined,0.7459471168498073,normalized_correlation,0.7459471168498073
F6,0.1,0.025,10.0,40.0,1.0,calendar_reference_slow_response,illustrative reference convention; not calibrated,1.0.0,calendar_epps_curve,187.5,second,combined,0.746571057778518,normalized_correlation,0.746571057778518
F6,0.1,0.025,10.0,40.0,1.0,calendar_reference_slow_response,illustrative reference convention; not calibrated,1.0.0,calendar_epps_curve,188.0,second,combined,0.747192122654963,normalized_correlation,0.747192122654963
F6,0.1,0.025,10.0,40.0,1.0,calendar_reference_slow_response,illustrative reference convention; not calibrated,1.0.0,calendar_epps_curve,188.5,second,combined,0.7478103296892414,normalized_correlation,0.7478103296892414
F6,0.1,0.025,10.0,40.0,1.0,calendar_reference_slow_response,illustrative reference convention; not calibrated,1.0.0,calendar_epps_curve,189.0,second,combined,0.7484256969525828,normalized_correlation,0.7484256969525828
F6,0.1,0.025,10.0,40.0,1.0,calendar_reference_slow_response,illustrative reference convention; not calibrated,1.0.0,calendar_epps_curve,189.5,second,combined,0.7490382423785374,normalized_correlation,0.7490382423785374
F6,0.1,0.025,10.0,40.0,1.0,calendar_reference_slow_response,illustrative reference convention; not calibrated,1.0.0,calendar_epps_curve,190.0,second,combined,0.7496479837641565,normalized_correlation,0.7496479837641565
F6,0.1,0.025,10.0,40.0,1.0,calendar_reference_slow_response,illustrative reference convention; not calibrated,1.0.0,calendar_epps_curve,190.5,second,combined,0.7502549387711605,normalized_correlation,0.7502549387711605
F6,0.1,0.025,10.0,40.0,1.0,calendar_reference_slow_response,illustrative reference convention; not calibrated,1.0.0,calendar_epps_curve,191.0,second,combined,0.7508591249270959,normalized_correlation,0.7508591249270959
F6,0.1,0.025,10.0,40.0,1.0,calendar_reference_slow_response,illustrative reference convention; not calibrated,1.0.0,calendar_epps_curve,191.5,second,combined,0.7514605596264845,normalized_correlation,0.7514605596264845
F6,0.1,0.025,10.0,40.0,1.0,calendar_reference_slow_response,illustrative reference convention; not calibrated,1.0.0,calendar_epps_curve,192.0,second,combined,0.7520592601319576,normalized_correlation,0.7520592601319576
F6,0.1,0.025,10.0,40.0,1.0,calendar_reference_slow_response,illustrative reference convention; not calibrated,1.0.0,calendar_epps_curve,192.5,second,combined,0.7526552435753834,normalized_correlation,0.7526552435753834
F6,0.1,0.025,10.0,40.0,1.0,calendar_reference_slow_response,illustrative reference convention; not calibrated,1.0.0,calendar_epps_curve,193.0,second,combined,0.753248526958982,normalized_correlation,0.753248526958982
F6,0.1,0.025,10.0,40.0,1.0,calendar_reference_slow_response,illustrative reference convention; not calibrated,1.0.0,calendar_epps_curve,193.5,second,combined,0.7538391271564309,normalized_correlation,0.7538391271564309
F6,0.1,0.025,10.0,40.0,1.0,calendar_reference_slow_response,illustrative reference convention; not calibrated,1.0.0,calendar_epps_curve,194.0,second,combined,0.7544270609139597,normalized_correlation,0.7544270609139597
F6,0.1,0.025,10.0,40.0,1.0,calendar_reference_slow_response,illustrative reference convention; not calibrated,1.0.0,calendar_epps_curve,194.5,second,combined,0.755012344851436,normalized_correlation,0.755012344851436
F6,0.1,0.025,10.0,40.0,1.0,calendar_reference_slow_response,illustrative reference convention; not calibrated,1.0.0,calendar_epps_curve,195.0,second,combined,0.7555949954634387,normalized_correlation,0.7555949954634387
F6,0.1,0.025,10.0,40.0,1.0,calendar_reference_slow_response,illustrative reference convention; not calibrated,1.0.0,calendar_epps_curve,195.5,second,combined,0.7561750291203252,normalized_correlation,0.7561750291203252
F6,0.1,0.025,10.0,40.0,1.0,calendar_reference_slow_response,illustrative reference convention; not calibrated,1.0.0,calendar_epps_curve,196.0,second,combined,0.7567524620692849,normalized_correlation,0.7567524620692849
F6,0.1,0.025,10.0,40.0,1.0,calendar_reference_slow_response,illustrative reference convention; not calibrated,1.0.0,calendar_epps_curve,196.5,second,combined,0.7573273104353857,normalized_correlation,0.7573273104353857
F6,0.1,0.025,10.0,40.0,1.0,calendar_reference_slow_response,illustrative reference convention; not calibrated,1.0.0,calendar_epps_curve,197.0,second,combined,0.7578995902226096,normalized_correlation,0.7578995902226096
F6,0.1,0.025,10.0,40.0,1.0,calendar_reference_slow_response,illustrative reference convention; not calibrated,1.0.0,calendar_epps_curve,197.5,second,combined,0.7584693173148793,normalized_correlation,0.7584693173148793
F6,0.1,0.025,10.0,40.0,1.0,calendar_reference_slow_response,illustrative reference convention; not calibrated,1.0.0,calendar_epps_curve,198.0,second,combined,0.7590365074770751,normalized_correlation,0.7590365074770751
F6,0.1,0.025,10.0,40.0,1.0,calendar_reference_slow_response,illustrative reference convention; not calibrated,1.0.0,calendar_epps_curve,198.5,second,combined,0.7596011763560425,normalized_correlation,0.7596011763560425
F6,0.1,0.025,10.0,40.0,1.0,calendar_reference_slow_response,illustrative reference convention; not calibrated,1.0.0,calendar_epps_curve,199.0,second,combined,0.7601633394815908,normalized_correlation,0.7601633394815908
F6,0.1,0.025,10.0,40.0,1.0,calendar_reference_slow_response,illustrative reference convention; not calibrated,1.0.0,calendar_epps_curve,199.5,second,combined,0.760723012267482,normalized_correlation,0.760723012267482
F6,0.1,0.025,10.0,40.0,1.0,calendar_reference_slow_response,illustrative reference convention; not calibrated,1.0.0,calendar_epps_curve,200.0,second,combined,0.7612802100124112,normalized_correlation,0.7612802100124112
F6,0.1,0.025,10.0,40.0,1.0,calendar_reference_slow_response,illustrative reference convention; not calibrated,1.0.0,calendar_epps_curve,200.5,second,combined,0.7618349479009784,normalized_correlation,0.7618349479009784
F6,0.1,0.025,10.0,40.0,1.0,calendar_reference_slow_response,illustrative reference convention; not calibrated,1.0.0,calendar_epps_curve,201.0,second,combined,0.7623872410046492,normalized_correlation,0.7623872410046492
F6,0.1,0.025,10.0,40.0,1.0,calendar_reference_slow_response,illustrative reference convention; not calibrated,1.0.0,calendar_epps_curve,201.5,second,combined,0.7629371042827099,normalized_correlation,0.7629371042827099
F6,0.1,0.025,10.0,40.0,1.0,calendar_reference_slow_response,illustrative reference convention; not calibrated,1.0.0,calendar_epps_curve,202.0,second,combined,0.7634845525832119,normalized_correlation,0.7634845525832119
F6,0.1,0.025,10.0,40.0,1.0,calendar_reference_slow_response,illustrative reference convention; not calibrated,1.0.0,calendar_epps_curve,202.5,second,combined,0.7640296006439066,normalized_correlation,0.7640296006439066
F6,0.1,0.025,10.0,40.0,1.0,calendar_reference_slow_response,illustrative reference convention; not calibrated,1.0.0,calendar_epps_curve,203.0,second,combined,0.7645722630931754,normalized_correlation,0.7645722630931754
F6,0.1,0.025,10.0,40.0,1.0,calendar_reference_slow_response,illustrative reference convention; not calibrated,1.0.0,calendar_epps_curve,203.5,second,combined,0.7651125544509461,normalized_correlation,0.7651125544509461
F6,0.1,0.025,10.0,40.0,1.0,calendar_reference_slow_response,illustrative reference convention; not calibrated,1.0.0,calendar_epps_curve,204.0,second,combined,0.7656504891296052,normalized_correlation,0.7656504891296052
F6,0.1,0.025,10.0,40.0,1.0,calendar_reference_slow_response,illustrative reference convention; not calibrated,1.0.0,calendar_epps_curve,204.5,second,combined,0.7661860814349004,normalized_correlation,0.7661860814349004
F6,0.1,0.025,10.0,40.0,1.0,calendar_reference_slow_response,illustrative reference convention; not calibrated,1.0.0,calendar_epps_curve,205.0,second,combined,0.7667193455668342,normalized_correlation,0.7667193455668342
F6,0.1,0.025,10.0,40.0,1.0,calendar_reference_slow_response,illustrative reference convention; not calibrated,1.0.0,calendar_epps_curve,205.5,second,combined,0.7672502956205499,normalized_correlation,0.7672502956205499
F6,0.1,0.025,10.0,40.0,1.0,calendar_reference_slow_response,illustrative reference convention; not calibrated,1.0.0,calendar_epps_curve,206.0,second,combined,0.7677789455872098,normalized_correlation,0.7677789455872098
F6,0.1,0.025,10.0,40.0,1.0,calendar_reference_slow_response,illustrative reference convention; not calibrated,1.0.0,calendar_epps_curve,206.5,second,combined,0.7683053093548651,normalized_correlation,0.7683053093548651
F6,0.1,0.025,10.0,40.0,1.0,calendar_reference_slow_response,illustrative reference convention; not calibrated,1.0.0,calendar_epps_curve,207.0,second,combined,0.7688294007093183,normalized_correlation,0.7688294007093183
F6,0.1,0.025,10.0,40.0,1.0,calendar_reference_slow_response,illustrative reference convention; not calibrated,1.0.0,calendar_epps_curve,207.5,second,combined,0.7693512333349763,normalized_correlation,0.7693512333349763
F6,0.1,0.025,10.0,40.0,1.0,calendar_reference_slow_response,illustrative reference convention; not calibrated,1.0.0,calendar_epps_curve,208.0,second,combined,0.7698708208156985,normalized_correlation,0.7698708208156985
F6,0.1,0.025,10.0,40.0,1.0,calendar_reference_slow_response,illustrative reference convention; not calibrated,1.0.0,calendar_epps_curve,208.5,second,combined,0.7703881766356339,normalized_correlation,0.7703881766356339
F6,0.1,0.025,10.0,40.0,1.0,calendar_reference_slow_response,illustrative reference convention; not calibrated,1.0.0,calendar_epps_curve,209.0,second,combined,0.7709033141800535,normalized_correlation,0.7709033141800535
F6,0.1,0.025,10.0,40.0,1.0,calendar_reference_slow_response,illustrative reference convention; not calibrated,1.0.0,calendar_epps_curve,209.5,second,combined,0.7714162467361733,normalized_correlation,0.7714162467361733
F6,0.1,0.025,10.0,40.0,1.0,calendar_reference_slow_response,illustrative reference convention; not calibrated,1.0.0,calendar_epps_curve,210.0,second,combined,0.77192698749397,normalized_correlation,0.77192698749397
F6,0.1,0.025,10.0,40.0,1.0,calendar_reference_slow_response,illustrative reference convention; not calibrated,1.0.0,calendar_epps_curve,210.5,second,combined,0.7724355495469911,normalized_correlation,0.7724355495469911
F6,0.1,0.025,10.0,40.0,1.0,calendar_reference_slow_response,illustrative reference convention; not calibrated,1.0.0,calendar_epps_curve,211.0,second,combined,0.7729419458931548,normalized_correlation,0.7729419458931548
F6,0.1,0.025,10.0,40.0,1.0,calendar_reference_slow_response,illustrative reference convention; not calibrated,1.0.0,calendar_epps_curve,211.5,second,combined,0.7734461894355451,normalized_correlation,0.7734461894355451
F6,0.1,0.025,10.0,40.0,1.0,calendar_reference_slow_response,illustrative reference convention; not calibrated,1.0.0,calendar_epps_curve,212.0,second,combined,0.7739482929831983,normalized_correlation,0.7739482929831983
F6,0.1,0.025,10.0,40.0,1.0,calendar_reference_slow_response,illustrative reference convention; not calibrated,1.0.0,calendar_epps_curve,212.5,second,combined,0.774448269251883,normalized_correlation,0.774448269251883
F6,0.1,0.025,10.0,40.0,1.0,calendar_reference_slow_response,illustrative reference convention; not calibrated,1.0.0,calendar_epps_curve,213.0,second,combined,0.7749461308648732,normalized_correlation,0.7749461308648732
F6,0.1,0.025,10.0,40.0,1.0,calendar_reference_slow_response,illustrative reference convention; not calibrated,1.0.0,calendar_epps_curve,213.5,second,combined,0.7754418903537134,normalized_correlation,0.7754418903537134
F6,0.1,0.025,10.0,40.0,1.0,calendar_reference_slow_response,illustrative reference convention; not calibrated,1.0.0,calendar_epps_curve,214.0,second,combined,0.7759355601589781,normalized_correlation,0.7759355601589781
F6,0.1,0.025,10.0,40.0,1.0,calendar_reference_slow_response,illustrative reference convention; not calibrated,1.0.0,calendar_epps_curve,214.5,second,combined,0.7764271526310236,normalized_correlation,0.7764271526310236
F6,0.1,0.025,10.0,40.0,1.0,calendar_reference_slow_response,illustrative reference convention; not calibrated,1.0.0,calendar_epps_curve,215.0,second,combined,0.7769166800307336,normalized_correlation,0.7769166800307336
F6,0.1,0.025,10.0,40.0,1.0,calendar_reference_slow_response,illustrative reference convention; not calibrated,1.0.0,calendar_epps_curve,215.5,second,combined,0.777404154530257,normalized_correlation,0.777404154530257
F6,0.1,0.025,10.0,40.0,1.0,calendar_reference_slow_response,illustrative reference convention; not calibrated,1.0.0,calendar_epps_curve,216.0,second,combined,0.7778895882137407,normalized_correlation,0.7778895882137407
F6,0.1,0.025,10.0,40.0,1.0,calendar_reference_slow_response,illustrative reference convention; not calibrated,1.0.0,calendar_epps_curve,216.5,second,combined,0.7783729930780543,normalized_correlation,0.7783729930780543
F6,0.1,0.025,10.0,40.0,1.0,calendar_reference_slow_response,illustrative reference convention; not calibrated,1.0.0,calendar_epps_curve,217.0,second,combined,0.7788543810335091,normalized_correlation,0.7788543810335091
F6,0.1,0.025,10.0,40.0,1.0,calendar_reference_slow_response,illustrative reference convention; not calibrated,1.0.0,calendar_epps_curve,217.5,second,combined,0.7793337639045704,normalized_correlation,0.7793337639045704
F6,0.1,0.025,10.0,40.0,1.0,calendar_reference_slow_response,illustrative reference convention; not calibrated,1.0.0,calendar_epps_curve,218.0,second,combined,0.7798111534305636,normalized_correlation,0.7798111534305636
F6,0.1,0.025,10.0,40.0,1.0,calendar_reference_slow_response,illustrative reference convention; not calibrated,1.0.0,calendar_epps_curve,218.5,second,combined,0.7802865612663732,normalized_correlation,0.7802865612663732
F6,0.1,0.025,10.0,40.0,1.0,calendar_reference_slow_response,illustrative reference convention; not calibrated,1.0.0,calendar_epps_curve,219.0,second,combined,0.7807599989831366,normalized_correlation,0.7807599989831366
F6,0.1,0.025,10.0,40.0,1.0,calendar_reference_slow_response,illustrative reference convention; not calibrated,1.0.0,calendar_epps_curve,219.5,second,combined,0.7812314780689315,normalized_correlation,0.7812314780689315
F6,0.1,0.025,10.0,40.0,1.0,calendar_reference_slow_response,illustrative reference convention; not calibrated,1.0.0,calendar_epps_curve,220.0,second,combined,0.7817010099294558,normalized_correlation,0.7817010099294558
F6,0.1,0.025,10.0,40.0,1.0,calendar_reference_slow_response,illustrative reference convention; not calibrated,1.0.0,calendar_epps_curve,220.5,second,combined,0.7821686058887033,normalized_correlation,0.7821686058887033
F6,0.1,0.025,10.0,40.0,1.0,calendar_reference_slow_response,illustrative reference convention; not calibrated,1.0.0,calendar_epps_curve,221.0,second,combined,0.782634277189632,normalized_correlation,0.782634277189632
F6,0.1,0.025,10.0,40.0,1.0,calendar_reference_slow_response,illustrative reference convention; not calibrated,1.0.0,calendar_epps_curve,221.5,second,combined,0.783098034994827,normalized_correlation,0.783098034994827
F6,0.1,0.025,10.0,40.0,1.0,calendar_reference_slow_response,illustrative reference convention; not calibrated,1.0.0,calendar_epps_curve,222.0,second,combined,0.7835598903871579,normalized_correlation,0.7835598903871579
F6,0.1,0.025,10.0,40.0,1.0,calendar_reference_slow_response,illustrative reference convention; not calibrated,1.0.0,calendar_epps_curve,222.5,second,combined,0.7840198543704284,normalized_correlation,0.7840198543704284
F6,0.1,0.025,10.0,40.0,1.0,calendar_reference_slow_response,illustrative reference convention; not calibrated,1.0.0,calendar_epps_curve,223.0,second,combined,0.7844779378700233,normalized_correlation,0.7844779378700233
F6,0.1,0.025,10.0,40.0,1.0,calendar_reference_slow_response,illustrative reference convention; not calibrated,1.0.0,calendar_epps_curve,223.5,second,combined,0.784934151733546,normalized_correlation,0.784934151733546
F6,0.1,0.025,10.0,40.0,1.0,calendar_reference_slow_response,illustrative reference convention; not calibrated,1.0.0,calendar_epps_curve,224.0,second,combined,0.7853885067314538,normalized_correlation,0.7853885067314538
F6,0.1,0.025,10.0,40.0,1.0,calendar_reference_slow_response,illustrative reference convention; not calibrated,1.0.0,calendar_epps_curve,224.5,second,combined,0.7858410135576848,normalized_correlation,0.7858410135576848
F6,0.1,0.025,10.0,40.0,1.0,calendar_reference_slow_response,illustrative reference convention; not calibrated,1.0.0,calendar_epps_curve,225.0,second,combined,0.7862916828302811,normalized_correlation,0.7862916828302811
F6,0.1,0.025,10.0,40.0,1.0,calendar_reference_slow_response,illustrative reference convention; not calibrated,1.0.0,calendar_epps_curve,225.5,second,combined,0.7867405250920055,normalized_correlation,0.7867405250920055
F6,0.1,0.025,10.0,40.0,1.0,calendar_reference_slow_response,illustrative reference convention; not calibrated,1.0.0,calendar_epps_curve,226.0,second,combined,0.7871875508109524,normalized_correlation,0.7871875508109524
F6,0.1,0.025,10.0,40.0,1.0,calendar_reference_slow_response,illustrative reference convention; not calibrated,1.0.0,calendar_epps_curve,226.5,second,combined,0.7876327703811544,normalized_correlation,0.7876327703811544
F6,0.1,0.025,10.0,40.0,1.0,calendar_reference_slow_response,illustrative reference convention; not calibrated,1.0.0,calendar_epps_curve,227.0,second,combined,0.7880761941231829,normalized_correlation,0.7880761941231829
F6,0.1,0.025,10.0,40.0,1.0,calendar_reference_slow_response,illustrative reference convention; not calibrated,1.0.0,calendar_epps_curve,227.5,second,combined,0.7885178322847424,normalized_correlation,0.7885178322847424
F6,0.1,0.025,10.0,40.0,1.0,calendar_reference_slow_response,illustrative reference convention; not calibrated,1.0.0,calendar_epps_curve,228.0,second,combined,0.7889576950412618,normalized_correlation,0.7889576950412618
F6,0.1,0.025,10.0,40.0,1.0,calendar_reference_slow_response,illustrative reference convention; not calibrated,1.0.0,calendar_epps_curve,228.5,second,combined,0.7893957924964782,normalized_correlation,0.7893957924964782
F6,0.1,0.025,10.0,40.0,1.0,calendar_reference_slow_response,illustrative reference convention; not calibrated,1.0.0,calendar_epps_curve,229.0,second,combined,0.789832134683016,normalized_correlation,0.789832134683016
F6,0.1,0.025,10.0,40.0,1.0,calendar_reference_slow_response,illustrative reference convention; not calibrated,1.0.0,calendar_epps_curve,229.5,second,combined,0.7902667315629632,normalized_correlation,0.7902667315629632
F6,0.1,0.025,10.0,40.0,1.0,calendar_reference_slow_response,illustrative reference convention; not calibrated,1.0.0,calendar_epps_curve,230.0,second,combined,0.7906995930284384,normalized_correlation,0.7906995930284384
F6,0.1,0.025,10.0,40.0,1.0,calendar_reference_slow_response,illustrative reference convention; not calibrated,1.0.0,calendar_epps_curve,230.5,second,combined,0.7911307289021564,normalized_correlation,0.7911307289021564
F6,0.1,0.025,10.0,40.0,1.0,calendar_reference_slow_response,illustrative reference convention; not calibrated,1.0.0,calendar_epps_curve,231.0,second,combined,0.791560148937987,normalized_correlation,0.791560148937987
F6,0.1,0.025,10.0,40.0,1.0,calendar_reference_slow_response,illustrative reference convention; not calibrated,1.0.0,calendar_epps_curve,231.5,second,combined,0.7919878628215098,normalized_correlation,0.7919878628215098
F6,0.1,0.025,10.0,40.0,1.0,calendar_reference_slow_response,illustrative reference convention; not calibrated,1.0.0,calendar_epps_curve,232.0,second,combined,0.7924138801705625,normalized_correlation,0.7924138801705625
F6,0.1,0.025,10.0,40.0,1.0,calendar_reference_slow_response,illustrative reference convention; not calibrated,1.0.0,calendar_epps_curve,232.5,second,combined,0.7928382105357868,normalized_correlation,0.7928382105357868
F6,0.1,0.025,10.0,40.0,1.0,calendar_reference_slow_response,illustrative reference convention; not calibrated,1.0.0,calendar_epps_curve,233.0,second,combined,0.7932608634011675,normalized_correlation,0.7932608634011675
F6,0.1,0.025,10.0,40.0,1.0,calendar_reference_slow_response,illustrative reference convention; not calibrated,1.0.0,calendar_epps_curve,233.5,second,combined,0.7936818481845672,normalized_correlation,0.7936818481845672
F6,0.1,0.025,10.0,40.0,1.0,calendar_reference_slow_response,illustrative reference convention; not calibrated,1.0.0,calendar_epps_curve,234.0,second,combined,0.794101174238257,normalized_correlation,0.794101174238257
F6,0.1,0.025,10.0,40.0,1.0,calendar_reference_slow_response,illustrative reference convention; not calibrated,1.0.0,calendar_epps_curve,234.5,second,combined,0.794518850849442,normalized_correlation,0.794518850849442
F6,0.1,0.025,10.0,40.0,1.0,calendar_reference_slow_response,illustrative reference convention; not calibrated,1.0.0,calendar_epps_curve,235.0,second,combined,0.7949348872407818,normalized_correlation,0.7949348872407818
F6,0.1,0.025,10.0,40.0,1.0,calendar_reference_slow_response,illustrative reference convention; not calibrated,1.0.0,calendar_epps_curve,235.5,second,combined,0.7953492925709078,normalized_correlation,0.7953492925709078
F6,0.1,0.025,10.0,40.0,1.0,calendar_reference_slow_response,illustrative reference convention; not calibrated,1.0.0,calendar_epps_curve,236.0,second,combined,0.7957620759349345,normalized_correlation,0.7957620759349345
F6,0.1,0.025,10.0,40.0,1.0,calendar_reference_slow_response,illustrative reference convention; not calibrated,1.0.0,calendar_epps_curve,236.5,second,combined,0.7961732463649663,normalized_correlation,0.7961732463649663
F6,0.1,0.025,10.0,40.0,1.0,calendar_reference_slow_response,illustrative reference convention; not calibrated,1.0.0,calendar_epps_curve,237.0,second,combined,0.7965828128306014,normalized_correlation,0.7965828128306014
F6,0.1,0.025,10.0,40.0,1.0,calendar_reference_slow_response,illustrative reference convention; not calibrated,1.0.0,calendar_epps_curve,237.5,second,combined,0.7969907842394296,normalized_correlation,0.7969907842394296
F6,0.1,0.025,10.0,40.0,1.0,calendar_reference_slow_response,illustrative reference convention; not calibrated,1.0.0,calendar_epps_curve,238.0,second,combined,0.7973971694375261,normalized_correlation,0.7973971694375261
F6,0.1,0.025,10.0,40.0,1.0,calendar_reference_slow_response,illustrative reference convention; not calibrated,1.0.0,calendar_epps_curve,238.5,second,combined,0.7978019772099423,normalized_correlation,0.7978019772099423
F6,0.1,0.025,10.0,40.0,1.0,calendar_reference_slow_response,illustrative reference convention; not calibrated,1.0.0,calendar_epps_curve,239.0,second,combined,0.7982052162811903,normalized_correlation,0.7982052162811903
F6,0.1,0.025,10.0,40.0,1.0,calendar_reference_slow_response,illustrative reference convention; not calibrated,1.0.0,calendar_epps_curve,239.5,second,combined,0.7986068953157244,normalized_correlation,0.7986068953157244
F6,0.1,0.025,10.0,40.0,1.0,calendar_reference_slow_response,illustrative reference convention; not calibrated,1.0.0,calendar_epps_curve,240.0,second,combined,0.799007022918418,normalized_correlation,0.799007022918418
F6,0.1,0.025,10.0,40.0,1.0,calendar_reference_slow_response,illustrative reference convention; not calibrated,1.0.0,calendar_epps_curve,240.5,second,combined,0.7994056076350365,normalized_correlation,0.7994056076350365
F6,0.1,0.025,10.0,40.0,1.0,calendar_reference_slow_response,illustrative reference convention; not calibrated,1.0.0,calendar_epps_curve,241.0,second,combined,0.7998026579527064,normalized_correlation,0.7998026579527064
F6,0.1,0.025,10.0,40.0,1.0,calendar_reference_slow_response,illustrative reference convention; not calibrated,1.0.0,calendar_epps_curve,241.5,second,combined,0.8001981823003789,normalized_correlation,0.8001981823003789
F6,0.1,0.025,10.0,40.0,1.0,calendar_reference_slow_response,illustrative reference convention; not calibrated,1.0.0,calendar_epps_curve,242.0,second,combined,0.8005921890492913,normalized_correlation,0.8005921890492913
F6,0.1,0.025,10.0,40.0,1.0,calendar_reference_slow_response,illustrative reference convention; not calibrated,1.0.0,calendar_epps_curve,242.5,second,combined,0.8009846865134229,normalized_correlation,0.8009846865134229
F6,0.1,0.025,10.0,40.0,1.0,calendar_reference_slow_response,illustrative reference convention; not calibrated,1.0.0,calendar_epps_curve,243.0,second,combined,0.8013756829499481,normalized_correlation,0.8013756829499481
F6,0.1,0.025,10.0,40.0,1.0,calendar_reference_slow_response,illustrative reference convention; not calibrated,1.0.0,calendar_epps_curve,243.5,second,combined,0.8017651865596844,normalized_correlation,0.8017651865596844
F6,0.1,0.025,10.0,40.0,1.0,calendar_reference_slow_response,illustrative reference convention; not calibrated,1.0.0,calendar_epps_curve,244.0,second,combined,0.8021532054875375,normalized_correlation,0.8021532054875375
F6,0.1,0.025,10.0,40.0,1.0,calendar_reference_slow_response,illustrative reference convention; not calibrated,1.0.0,calendar_epps_curve,244.5,second,combined,0.8025397478229419,normalized_correlation,0.8025397478229419
F6,0.1,0.025,10.0,40.0,1.0,calendar_reference_slow_response,illustrative reference convention; not calibrated,1.0.0,calendar_epps_curve,245.0,second,combined,0.8029248216002979,normalized_correlation,0.8029248216002979
F6,0.1,0.025,10.0,40.0,1.0,calendar_reference_slow_response,illustrative reference convention; not calibrated,1.0.0,calendar_epps_curve,245.5,second,combined,0.8033084347994045,normalized_correlation,0.8033084347994045
F6,0.1,0.025,10.0,40.0,1.0,calendar_reference_slow_response,illustrative reference convention; not calibrated,1.0.0,calendar_epps_curve,246.0,second,combined,0.8036905953458896,normalized_correlation,0.8036905953458896
F6,0.1,0.025,10.0,40.0,1.0,calendar_reference_slow_response,illustrative reference convention; not calibrated,1.0.0,calendar_epps_curve,246.5,second,combined,0.8040713111116344,normalized_correlation,0.8040713111116344
F6,0.1,0.025,10.0,40.0,1.0,calendar_reference_slow_response,illustrative reference convention; not calibrated,1.0.0,calendar_epps_curve,247.0,second,combined,0.8044505899151968,normalized_correlation,0.8044505899151968
F6,0.1,0.025,10.0,40.0,1.0,calendar_reference_slow_response,illustrative reference convention; not calibrated,1.0.0,calendar_epps_curve,247.5,second,combined,0.8048284395222285,normalized_correlation,0.8048284395222285
F6,0.1,0.025,10.0,40.0,1.0,calendar_reference_slow_response,illustrative reference convention; not calibrated,1.0.0,calendar_epps_curve,248.0,second,combined,0.8052048676458902,normalized_correlation,0.8052048676458902
F6,0.1,0.025,10.0,40.0,1.0,calendar_reference_slow_response,illustrative reference convention; not calibrated,1.0.0,calendar_epps_curve,248.5,second,combined,0.805579881947263,normalized_correlation,0.805579881947263
F6,0.1,0.025,10.0,40.0,1.0,calendar_reference_slow_response,illustrative reference convention; not calibrated,1.0.0,calendar_epps_curve,249.0,second,combined,0.8059534900357553,normalized_correlation,0.8059534900357553
F6,0.1,0.025,10.0,40.0,1.0,calendar_reference_slow_response,illustrative reference convention; not calibrated,1.0.0,calendar_epps_curve,249.5,second,combined,0.8063256994695074,normalized_correlation,0.8063256994695074
F6,0.1,0.025,10.0,40.0,1.0,calendar_reference_slow_response,illustrative reference convention; not calibrated,1.0.0,calendar_epps_curve,250.0,second,combined,0.8066965177557914,normalized_correlation,0.8066965177557914
F6,0.1,0.025,10.0,40.0,1.0,calendar_reference_slow_response,illustrative reference convention; not calibrated,1.0.0,calendar_epps_curve,250.5,second,combined,0.8070659523514088,normalized_correlation,0.8070659523514088
F6,0.1,0.025,10.0,40.0,1.0,calendar_reference_slow_response,illustrative reference convention; not calibrated,1.0.0,calendar_epps_curve,251.0,second,combined,0.807434010663084,normalized_correlation,0.807434010663084
F6,0.1,0.025,10.0,40.0,1.0,calendar_reference_slow_response,illustrative reference convention; not calibrated,1.0.0,calendar_epps_curve,251.5,second,combined,0.8078007000478542,normalized_correlation,0.8078007000478542
F6,0.1,0.025,10.0,40.0,1.0,calendar_reference_slow_response,illustrative reference convention; not calibrated,1.0.0,calendar_epps_curve,252.0,second,combined,0.8081660278134567,normalized_correlation,0.8081660278134567
F6,0.1,0.025,10.0,40.0,1.0,calendar_reference_slow_response,illustrative reference convention; not calibrated,1.0.0,calendar_epps_curve,252.5,second,combined,0.8085300012187122,normalized_correlation,0.8085300012187122
F6,0.1,0.025,10.0,40.0,1.0,calendar_reference_slow_response,illustrative reference convention; not calibrated,1.0.0,calendar_epps_curve,253.0,second,combined,0.808892627473905,normalized_correlation,0.808892627473905
F6,0.1,0.025,10.0,40.0,1.0,calendar_reference_slow_response,illustrative reference convention; not calibrated,1.0.0,calendar_epps_curve,253.5,second,combined,0.8092539137411601,normalized_correlation,0.8092539137411601
F6,0.1,0.025,10.0,40.0,1.0,calendar_reference_slow_response,illustrative reference convention; not calibrated,1.0.0,calendar_epps_curve,254.0,second,combined,0.8096138671348168,normalized_correlation,0.8096138671348168
F6,0.1,0.025,10.0,40.0,1.0,calendar_reference_slow_response,illustrative reference convention; not calibrated,1.0.0,calendar_epps_curve,254.5,second,combined,0.8099724947217992,normalized_correlation,0.8099724947217992
F6,0.1,0.025,10.0,40.0,1.0,calendar_reference_slow_response,illustrative reference convention; not calibrated,1.0.0,calendar_epps_curve,255.0,second,combined,0.8103298035219836,normalized_correlation,0.8103298035219836
F6,0.1,0.025,10.0,40.0,1.0,calendar_reference_slow_response,illustrative reference convention; not calibrated,1.0.0,calendar_epps_curve,255.5,second,combined,0.8106858005085626,normalized_correlation,0.8106858005085626
F6,0.1,0.025,10.0,40.0,1.0,calendar_reference_slow_response,illustrative reference convention; not calibrated,1.0.0,calendar_epps_curve,256.0,second,combined,0.811040492608406,normalized_correlation,0.811040492608406
F6,0.1,0.025,10.0,40.0,1.0,calendar_reference_slow_response,illustrative reference convention; not calibrated,1.0.0,calendar_epps_curve,256.5,second,combined,0.8113938867024193,normalized_correlation,0.8113938867024193
F6,0.1,0.025,10.0,40.0,1.0,calendar_reference_slow_response,illustrative reference convention; not calibrated,1.0.0,calendar_epps_curve,257.0,second,combined,0.8117459896258977,normalized_correlation,0.8117459896258977
F6,0.1,0.025,10.0,40.0,1.0,calendar_reference_slow_response,illustrative reference convention; not calibrated,1.0.0,calendar_epps_curve,257.5,second,combined,0.8120968081688784,normalized_correlation,0.8120968081688784
F6,0.1,0.025,10.0,40.0,1.0,calendar_reference_slow_response,illustrative reference convention; not calibrated,1.0.0,calendar_epps_curve,258.0,second,combined,0.8124463490764898,normalized_correlation,0.8124463490764898
F6,0.1,0.025,10.0,40.0,1.0,calendar_reference_slow_response,illustrative reference convention; not calibrated,1.0.0,calendar_epps_curve,258.5,second,combined,0.8127946190492968,normalized_correlation,0.8127946190492968
F6,0.1,0.025,10.0,40.0,1.0,calendar_reference_slow_response,illustrative reference convention; not calibrated,1.0.0,calendar_epps_curve,259.0,second,combined,0.8131416247436437,normalized_correlation,0.8131416247436437
F6,0.1,0.025,10.0,40.0,1.0,calendar_reference_slow_response,illustrative reference convention; not calibrated,1.0.0,calendar_epps_curve,259.5,second,combined,0.8134873727719946,normalized_correlation,0.8134873727719946
F6,0.1,0.025,10.0,40.0,1.0,calendar_reference_slow_response,illustrative reference convention; not calibrated,1.0.0,calendar_epps_curve,260.0,second,combined,0.8138318697032696,normalized_correlation,0.8138318697032696
F6,0.1,0.025,10.0,40.0,1.0,calendar_reference_slow_response,illustrative reference convention; not calibrated,1.0.0,calendar_epps_curve,260.5,second,combined,0.8141751220631801,normalized_correlation,0.8141751220631801
F6,0.1,0.025,10.0,40.0,1.0,calendar_reference_slow_response,illustrative reference convention; not calibrated,1.0.0,calendar_epps_curve,261.0,second,combined,0.8145171363345595,normalized_correlation,0.8145171363345595
F6,0.1,0.025,10.0,40.0,1.0,calendar_reference_slow_response,illustrative reference convention; not calibrated,1.0.0,calendar_epps_curve,261.5,second,combined,0.8148579189576918,normalized_correlation,0.8148579189576918
F6,0.1,0.025,10.0,40.0,1.0,calendar_reference_slow_response,illustrative reference convention; not calibrated,1.0.0,calendar_epps_curve,262.0,second,combined,0.8151974763306369,normalized_correlation,0.8151974763306369
F6,0.1,0.025,10.0,40.0,1.0,calendar_reference_slow_response,illustrative reference convention; not calibrated,1.0.0,calendar_epps_curve,262.5,second,combined,0.8155358148095542,normalized_correlation,0.8155358148095542
F6,0.1,0.025,10.0,40.0,1.0,calendar_reference_slow_response,illustrative reference convention; not calibrated,1.0.0,calendar_epps_curve,263.0,second,combined,0.8158729407090229,normalized_correlation,0.8158729407090229
F6,0.1,0.025,10.0,40.0,1.0,calendar_reference_slow_response,illustrative reference convention; not calibrated,1.0.0,calendar_epps_curve,263.5,second,combined,0.8162088603023587,normalized_correlation,0.8162088603023587
F6,0.1,0.025,10.0,40.0,1.0,calendar_reference_slow_response,illustrative reference convention; not calibrated,1.0.0,calendar_epps_curve,264.0,second,combined,0.8165435798219289,normalized_correlation,0.8165435798219289
F6,0.1,0.025,10.0,40.0,1.0,calendar_reference_slow_response,illustrative reference convention; not calibrated,1.0.0,calendar_epps_curve,264.5,second,combined,0.8168771054594651,normalized_correlation,0.8168771054594651
F6,0.1,0.025,10.0,40.0,1.0,calendar_reference_slow_response,illustrative reference convention; not calibrated,1.0.0,calendar_epps_curve,265.0,second,combined,0.8172094433663716,normalized_correlation,0.8172094433663716
F6,0.1,0.025,10.0,40.0,1.0,calendar_reference_slow_response,illustrative reference convention; not calibrated,1.0.0,calendar_epps_curve,265.5,second,combined,0.8175405996540334,normalized_correlation,0.8175405996540334
F6,0.1,0.025,10.0,40.0,1.0,calendar_reference_slow_response,illustrative reference convention; not calibrated,1.0.0,calendar_epps_curve,266.0,second,combined,0.8178705803941194,normalized_correlation,0.8178705803941194
F6,0.1,0.025,10.0,40.0,1.0,calendar_reference_slow_response,illustrative reference convention; not calibrated,1.0.0,calendar_epps_curve,266.5,second,combined,0.8181993916188847,normalized_correlation,0.8181993916188847
F6,0.1,0.025,10.0,40.0,1.0,calendar_reference_slow_response,illustrative reference convention; not calibrated,1.0.0,calendar_epps_curve,267.0,second,combined,0.8185270393214695,normalized_correlation,0.8185270393214695
F6,0.1,0.025,10.0,40.0,1.0,calendar_reference_slow_response,illustrative reference convention; not calibrated,1.0.0,calendar_epps_curve,267.5,second,combined,0.8188535294561962,normalized_correlation,0.8188535294561962
F6,0.1,0.025,10.0,40.0,1.0,calendar_reference_slow_response,illustrative reference convention; not calibrated,1.0.0,calendar_epps_curve,268.0,second,combined,0.8191788679388621,normalized_correlation,0.8191788679388621
F6,0.1,0.025,10.0,40.0,1.0,calendar_reference_slow_response,illustrative reference convention; not calibrated,1.0.0,calendar_epps_curve,268.5,second,combined,0.8195030606470326,normalized_correlation,0.8195030606470326
F6,0.1,0.025,10.0,40.0,1.0,calendar_reference_slow_response,illustrative reference convention; not calibrated,1.0.0,calendar_epps_curve,269.0,second,combined,0.81982611342033,normalized_correlation,0.81982611342033
F6,0.1,0.025,10.0,40.0,1.0,calendar_reference_slow_response,illustrative reference convention; not calibrated,1.0.0,calendar_epps_curve,269.5,second,combined,0.8201480320607188,normalized_correlation,0.8201480320607188
F6,0.1,0.025,10.0,40.0,1.0,calendar_reference_slow_response,illustrative reference convention; not calibrated,1.0.0,calendar_epps_curve,270.0,second,combined,0.8204688223327922,normalized_correlation,0.8204688223327922
F6,0.1,0.025,10.0,40.0,1.0,calendar_reference_slow_response,illustrative reference convention; not calibrated,1.0.0,calendar_epps_curve,270.5,second,combined,0.8207884899640522,normalized_correlation,0.8207884899640522
F6,0.1,0.025,10.0,40.0,1.0,calendar_reference_slow_response,illustrative reference convention; not calibrated,1.0.0,calendar_epps_curve,271.0,second,combined,0.82110704064519,normalized_correlation,0.82110704064519
F6,0.1,0.025,10.0,40.0,1.0,calendar_reference_slow_response,illustrative reference convention; not calibrated,1.0.0,calendar_epps_curve,271.5,second,combined,0.8214244800303632,normalized_correlation,0.8214244800303632
F6,0.1,0.025,10.0,40.0,1.0,calendar_reference_slow_response,illustrative reference convention; not calibrated,1.0.0,calendar_epps_curve,272.0,second,combined,0.82174081373747,normalized_correlation,0.82174081373747
F6,0.1,0.025,10.0,40.0,1.0,calendar_reference_slow_response,illustrative reference convention; not calibrated,1.0.0,calendar_epps_curve,272.5,second,combined,0.8220560473484227,normalized_correlation,0.8220560473484227
F6,0.1,0.025,10.0,40.0,1.0,calendar_reference_slow_response,illustrative reference convention; not calibrated,1.0.0,calendar_epps_curve,273.0,second,combined,0.8223701864094171,normalized_correlation,0.8223701864094171
F6,0.1,0.025,10.0,40.0,1.0,calendar_reference_slow_response,illustrative reference convention; not calibrated,1.0.0,calendar_epps_curve,273.5,second,combined,0.8226832364312009,normalized_correlation,0.8226832364312009
F6,0.1,0.025,10.0,40.0,1.0,calendar_reference_slow_response,illustrative reference convention; not calibrated,1.0.0,calendar_epps_curve,274.0,second,combined,0.8229952028893396,normalized_correlation,0.8229952028893396
F6,0.1,0.025,10.0,40.0,1.0,calendar_reference_slow_response,illustrative reference convention; not calibrated,1.0.0,calendar_epps_curve,274.5,second,combined,0.8233060912244794,normalized_correlation,0.8233060912244794
F6,0.1,0.025,10.0,40.0,1.0,calendar_reference_slow_response,illustrative reference convention; not calibrated,1.0.0,calendar_epps_curve,275.0,second,combined,0.8236159068426095,normalized_correlation,0.8236159068426095
F6,0.1,0.025,10.0,40.0,1.0,calendar_reference_slow_response,illustrative reference convention; not calibrated,1.0.0,calendar_epps_curve,275.5,second,combined,0.8239246551153203,normalized_correlation,0.8239246551153203
F6,0.1,0.025,10.0,40.0,1.0,calendar_reference_slow_response,illustrative reference convention; not calibrated,1.0.0,calendar_epps_curve,276.0,second,combined,0.8242323413800609,normalized_correlation,0.8242323413800609
F6,0.1,0.025,10.0,40.0,1.0,calendar_reference_slow_response,illustrative reference convention; not calibrated,1.0.0,calendar_epps_curve,276.5,second,combined,0.8245389709403934,normalized_correlation,0.8245389709403934
F6,0.1,0.025,10.0,40.0,1.0,calendar_reference_slow_response,illustrative reference convention; not calibrated,1.0.0,calendar_epps_curve,277.0,second,combined,0.8248445490662466,normalized_correlation,0.8248445490662466
F6,0.1,0.025,10.0,40.0,1.0,calendar_reference_slow_response,illustrative reference convention; not calibrated,1.0.0,calendar_epps_curve,277.5,second,combined,0.8251490809941657,normalized_correlation,0.8251490809941657
F6,0.1,0.025,10.0,40.0,1.0,calendar_reference_slow_response,illustrative reference convention; not calibrated,1.0.0,calendar_epps_curve,278.0,second,combined,0.8254525719275609,normalized_correlation,0.8254525719275609
F6,0.1,0.025,10.0,40.0,1.0,calendar_reference_slow_response,illustrative reference convention; not calibrated,1.0.0,calendar_epps_curve,278.5,second,combined,0.825755027036954,normalized_correlation,0.825755027036954
F6,0.1,0.025,10.0,40.0,1.0,calendar_reference_slow_response,illustrative reference convention; not calibrated,1.0.0,calendar_epps_curve,279.0,second,combined,0.8260564514602232,normalized_correlation,0.8260564514602232
F6,0.1,0.025,10.0,40.0,1.0,calendar_reference_slow_response,illustrative reference convention; not calibrated,1.0.0,calendar_epps_curve,279.5,second,combined,0.8263568503028446,normalized_correlation,0.8263568503028446
F6,0.1,0.025,10.0,40.0,1.0,calendar_reference_slow_response,illustrative reference convention; not calibrated,1.0.0,calendar_epps_curve,280.0,second,combined,0.8266562286381333,normalized_correlation,0.8266562286381333
F6,0.1,0.025,10.0,40.0,1.0,calendar_reference_slow_response,illustrative reference convention; not calibrated,1.0.0,calendar_epps_curve,280.5,second,combined,0.8269545915074813,normalized_correlation,0.8269545915074813
F6,0.1,0.025,10.0,40.0,1.0,calendar_reference_slow_response,illustrative reference convention; not calibrated,1.0.0,calendar_epps_curve,281.0,second,combined,0.8272519439205941,normalized_correlation,0.8272519439205941
F6,0.1,0.025,10.0,40.0,1.0,calendar_reference_slow_response,illustrative reference convention; not calibrated,1.0.0,calendar_epps_curve,281.5,second,combined,0.8275482908557248,normalized_correlation,0.8275482908557248
F6,0.1,0.025,10.0,40.0,1.0,calendar_reference_slow_response,illustrative reference convention; not calibrated,1.0.0,calendar_epps_curve,282.0,second,combined,0.8278436372599073,normalized_correlation,0.8278436372599073
F6,0.1,0.025,10.0,40.0,1.0,calendar_reference_slow_response,illustrative reference convention; not calibrated,1.0.0,calendar_epps_curve,282.5,second,combined,0.8281379880491857,normalized_correlation,0.8281379880491857
F6,0.1,0.025,10.0,40.0,1.0,calendar_reference_slow_response,illustrative reference convention; not calibrated,1.0.0,calendar_epps_curve,283.0,second,combined,0.8284313481088441,normalized_correlation,0.8284313481088441
F6,0.1,0.025,10.0,40.0,1.0,calendar_reference_slow_response,illustrative reference convention; not calibrated,1.0.0,calendar_epps_curve,283.5,second,combined,0.8287237222936326,normalized_correlation,0.8287237222936326
F6,0.1,0.025,10.0,40.0,1.0,calendar_reference_slow_response,illustrative reference convention; not calibrated,1.0.0,calendar_epps_curve,284.0,second,combined,0.8290151154279921,normalized_correlation,0.8290151154279921
F6,0.1,0.025,10.0,40.0,1.0,calendar_reference_slow_response,illustrative reference convention; not calibrated,1.0.0,calendar_epps_curve,284.5,second,combined,0.829305532306278,normalized_correlation,0.829305532306278
F6,0.1,0.025,10.0,40.0,1.0,calendar_reference_slow_response,illustrative reference convention; not calibrated,1.0.0,calendar_epps_curve,285.0,second,combined,0.8295949776929813,normalized_correlation,0.8295949776929813
F6,0.1,0.025,10.0,40.0,1.0,calendar_reference_slow_response,illustrative reference convention; not calibrated,1.0.0,calendar_epps_curve,285.5,second,combined,0.8298834563229467,normalized_correlation,0.8298834563229467
F6,0.1,0.025,10.0,40.0,1.0,calendar_reference_slow_response,illustrative reference convention; not calibrated,1.0.0,calendar_epps_curve,286.0,second,combined,0.8301709729015919,normalized_correlation,0.8301709729015919
F6,0.1,0.025,10.0,40.0,1.0,calendar_reference_slow_response,illustrative reference convention; not calibrated,1.0.0,calendar_epps_curve,286.5,second,combined,0.8304575321051221,normalized_correlation,0.8304575321051221
F6,0.1,0.025,10.0,40.0,1.0,calendar_reference_slow_response,illustrative reference convention; not calibrated,1.0.0,calendar_epps_curve,287.0,second,combined,0.8307431385807448,normalized_correlation,0.8307431385807448
F6,0.1,0.025,10.0,40.0,1.0,calendar_reference_slow_response,illustrative reference convention; not calibrated,1.0.0,calendar_epps_curve,287.5,second,combined,0.8310277969468813,normalized_correlation,0.8310277969468813
F6,0.1,0.025,10.0,40.0,1.0,calendar_reference_slow_response,illustrative reference convention; not calibrated,1.0.0,calendar_epps_curve,288.0,second,combined,0.8313115117933777,normalized_correlation,0.8313115117933777
F6,0.1,0.025,10.0,40.0,1.0,calendar_reference_slow_response,illustrative reference convention; not calibrated,1.0.0,calendar_epps_curve,288.5,second,combined,0.8315942876817134,normalized_correlation,0.8315942876817134
F6,0.1,0.025,10.0,40.0,1.0,calendar_reference_slow_response,illustrative reference convention; not calibrated,1.0.0,calendar_epps_curve,289.0,second,combined,0.8318761291452083,normalized_correlation,0.8318761291452083
F6,0.1,0.025,10.0,40.0,1.0,calendar_reference_slow_response,illustrative reference convention; not calibrated,1.0.0,calendar_epps_curve,289.5,second,combined,0.8321570406892279,normalized_correlation,0.8321570406892279
F6,0.1,0.025,10.0,40.0,1.0,calendar_reference_slow_response,illustrative reference convention; not calibrated,1.0.0,calendar_epps_curve,290.0,second,combined,0.8324370267913873,normalized_correlation,0.8324370267913873
F6,0.1,0.025,10.0,40.0,1.0,calendar_reference_slow_response,illustrative reference convention; not calibrated,1.0.0,calendar_epps_curve,290.5,second,combined,0.8327160919017529,normalized_correlation,0.8327160919017529
F6,0.1,0.025,10.0,40.0,1.0,calendar_reference_slow_response,illustrative reference convention; not calibrated,1.0.0,calendar_epps_curve,291.0,second,combined,0.8329942404430429,normalized_correlation,0.8329942404430429
F6,0.1,0.025,10.0,40.0,1.0,calendar_reference_slow_response,illustrative reference convention; not calibrated,1.0.0,calendar_epps_curve,291.5,second,combined,0.833271476810826,normalized_correlation,0.833271476810826
F6,0.1,0.025,10.0,40.0,1.0,calendar_reference_slow_response,illustrative reference convention; not calibrated,1.0.0,calendar_epps_curve,292.0,second,combined,0.8335478053737183,normalized_correlation,0.8335478053737183
F6,0.1,0.025,10.0,40.0,1.0,calendar_reference_slow_response,illustrative reference convention; not calibrated,1.0.0,calendar_epps_curve,292.5,second,combined,0.8338232304735788,normalized_correlation,0.8338232304735788
F6,0.1,0.025,10.0,40.0,1.0,calendar_reference_slow_response,illustrative reference convention; not calibrated,1.0.0,calendar_epps_curve,293.0,second,combined,0.8340977564257036,normalized_correlation,0.8340977564257036
F6,0.1,0.025,10.0,40.0,1.0,calendar_reference_slow_response,illustrative reference convention; not calibrated,1.0.0,calendar_epps_curve,293.5,second,combined,0.8343713875190181,normalized_correlation,0.8343713875190181
F6,0.1,0.025,10.0,40.0,1.0,calendar_reference_slow_response,illustrative reference convention; not calibrated,1.0.0,calendar_epps_curve,294.0,second,combined,0.8346441280162672,normalized_correlation,0.8346441280162672
F6,0.1,0.025,10.0,40.0,1.0,calendar_reference_slow_response,illustrative reference convention; not calibrated,1.0.0,calendar_epps_curve,294.5,second,combined,0.834915982154205,normalized_correlation,0.834915982154205
F6,0.1,0.025,10.0,40.0,1.0,calendar_reference_slow_response,illustrative reference convention; not calibrated,1.0.0,calendar_epps_curve,295.0,second,combined,0.8351869541437829,normalized_correlation,0.8351869541437829
F6,0.1,0.025,10.0,40.0,1.0,calendar_reference_slow_response,illustrative reference convention; not calibrated,1.0.0,calendar_epps_curve,295.5,second,combined,0.8354570481703342,normalized_correlation,0.8354570481703342
F6,0.1,0.025,10.0,40.0,1.0,calendar_reference_slow_response,illustrative reference convention; not calibrated,1.0.0,calendar_epps_curve,296.0,second,combined,0.8357262683937601,normalized_correlation,0.8357262683937601
F6,0.1,0.025,10.0,40.0,1.0,calendar_reference_slow_response,illustrative reference convention; not calibrated,1.0.0,calendar_epps_curve,296.5,second,combined,0.8359946189487123,normalized_correlation,0.8359946189487123
F6,0.1,0.025,10.0,40.0,1.0,calendar_reference_slow_response,illustrative reference convention; not calibrated,1.0.0,calendar_epps_curve,297.0,second,combined,0.836262103944775,normalized_correlation,0.836262103944775
F6,0.1,0.025,10.0,40.0,1.0,calendar_reference_slow_response,illustrative reference convention; not calibrated,1.0.0,calendar_epps_curve,297.5,second,combined,0.8365287274666442,normalized_correlation,0.8365287274666442
F6,0.1,0.025,10.0,40.0,1.0,calendar_reference_slow_response,illustrative reference convention; not calibrated,1.0.0,calendar_epps_curve,298.0,second,combined,0.836794493574307,normalized_correlation,0.836794493574307
F6,0.1,0.025,10.0,40.0,1.0,calendar_reference_slow_response,illustrative reference convention; not calibrated,1.0.0,calendar_epps_curve,298.5,second,combined,0.8370594063032192,normalized_correlation,0.8370594063032192
F6,0.1,0.025,10.0,40.0,1.0,calendar_reference_slow_response,illustrative reference convention; not calibrated,1.0.0,calendar_epps_curve,299.0,second,combined,0.83732346966448,normalized_correlation,0.83732346966448
F6,0.1,0.025,10.0,40.0,1.0,calendar_reference_slow_response,illustrative reference convention; not calibrated,1.0.0,calendar_epps_curve,299.5,second,combined,0.8375866876450072,normalized_correlation,0.8375866876450072
F6,0.1,0.025,10.0,40.0,1.0,calendar_reference_slow_response,illustrative reference convention; not calibrated,1.0.0,calendar_epps_curve,300.0,second,combined,0.8378490642077107,normalized_correlation,0.8378490642077107
F6,0.1,0.025,10.0,40.0,1.0,calendar_reference_slow_response,illustrative reference convention; not calibrated,1.0.0,calendar_epps_curve,300.5,second,combined,0.8381106032916624,normalized_correlation,0.8381106032916624
F6,0.1,0.025,10.0,40.0,1.0,calendar_reference_slow_response,illustrative reference convention; not calibrated,1.0.0,calendar_epps_curve,301.0,second,combined,0.8383713088122682,normalized_correlation,0.8383713088122682
F6,0.1,0.025,10.0,40.0,1.0,calendar_reference_slow_response,illustrative reference convention; not calibrated,1.0.0,calendar_epps_curve,301.5,second,combined,0.8386311846614358,normalized_correlation,0.8386311846614358
F6,0.1,0.025,10.0,40.0,1.0,calendar_reference_slow_response,illustrative reference convention; not calibrated,1.0.0,calendar_epps_curve,302.0,second,combined,0.838890234707742,normalized_correlation,0.838890234707742
F6,0.1,0.025,10.0,40.0,1.0,calendar_reference_slow_response,illustrative reference convention; not calibrated,1.0.0,calendar_epps_curve,302.5,second,combined,0.8391484627966003,normalized_correlation,0.8391484627966003
F6,0.1,0.025,10.0,40.0,1.0,calendar_reference_slow_response,illustrative reference convention; not calibrated,1.0.0,calendar_epps_curve,303.0,second,combined,0.8394058727504233,normalized_correlation,0.8394058727504233
F6,0.1,0.025,10.0,40.0,1.0,calendar_reference_slow_response,illustrative reference convention; not calibrated,1.0.0,calendar_epps_curve,303.5,second,combined,0.8396624683687886,normalized_correlation,0.8396624683687886
F6,0.1,0.025,10.0,40.0,1.0,calendar_reference_slow_response,illustrative reference convention; not calibrated,1.0.0,calendar_epps_curve,304.0,second,combined,0.8399182534285993,normalized_correlation,0.8399182534285993
F6,0.1,0.025,10.0,40.0,1.0,calendar_reference_slow_response,illustrative reference convention; not calibrated,1.0.0,calendar_epps_curve,304.5,second,combined,0.8401732316842454,normalized_correlation,0.8401732316842454
F6,0.1,0.025,10.0,40.0,1.0,calendar_reference_slow_response,illustrative reference convention; not calibrated,1.0.0,calendar_epps_curve,305.0,second,combined,0.8404274068677637,normalized_correlation,0.8404274068677637
F6,0.1,0.025,10.0,40.0,1.0,calendar_reference_slow_response,illustrative reference convention; not calibrated,1.0.0,calendar_epps_curve,305.5,second,combined,0.8406807826889957,normalized_correlation,0.8406807826889957
F6,0.1,0.025,10.0,40.0,1.0,calendar_reference_slow_response,illustrative reference convention; not calibrated,1.0.0,calendar_epps_curve,306.0,second,combined,0.8409333628357444,normalized_correlation,0.8409333628357444
F6,0.1,0.025,10.0,40.0,1.0,calendar_reference_slow_response,illustrative reference convention; not calibrated,1.0.0,calendar_epps_curve,306.5,second,combined,0.8411851509739305,normalized_correlation,0.8411851509739305
F6,0.1,0.025,10.0,40.0,1.0,calendar_reference_slow_response,illustrative reference convention; not calibrated,1.0.0,calendar_epps_curve,307.0,second,combined,0.8414361507477468,normalized_correlation,0.8414361507477468
F6,0.1,0.025,10.0,40.0,1.0,calendar_reference_slow_response,illustrative reference convention; not calibrated,1.0.0,calendar_epps_curve,307.5,second,combined,0.8416863657798116,normalized_correlation,0.8416863657798116
F6,0.1,0.025,10.0,40.0,1.0,calendar_reference_slow_response,illustrative reference convention; not calibrated,1.0.0,calendar_epps_curve,308.0,second,combined,0.8419357996713203,normalized_correlation,0.8419357996713203
F6,0.1,0.025,10.0,40.0,1.0,calendar_reference_slow_response,illustrative reference convention; not calibrated,1.0.0,calendar_epps_curve,308.5,second,combined,0.8421844560021967,normalized_correlation,0.8421844560021967
F6,0.1,0.025,10.0,40.0,1.0,calendar_reference_slow_response,illustrative reference convention; not calibrated,1.0.0,calendar_epps_curve,309.0,second,combined,0.8424323383312426,normalized_correlation,0.8424323383312426
F6,0.1,0.025,10.0,40.0,1.0,calendar_reference_slow_response,illustrative reference convention; not calibrated,1.0.0,calendar_epps_curve,309.5,second,combined,0.8426794501962861,normalized_correlation,0.8426794501962861
F6,0.1,0.025,10.0,40.0,1.0,calendar_reference_slow_response,illustrative reference convention; not calibrated,1.0.0,calendar_epps_curve,310.0,second,combined,0.8429257951143289,normalized_correlation,0.8429257951143289
F6,0.1,0.025,10.0,40.0,1.0,calendar_reference_slow_response,illustrative reference convention; not calibrated,1.0.0,calendar_epps_curve,310.5,second,combined,0.8431713765816924,normalized_correlation,0.8431713765816924
F6,0.1,0.025,10.0,40.0,1.0,calendar_reference_slow_response,illustrative reference convention; not calibrated,1.0.0,calendar_epps_curve,311.0,second,combined,0.843416198074163,normalized_correlation,0.843416198074163
F6,0.1,0.025,10.0,40.0,1.0,calendar_reference_slow_response,illustrative reference convention; not calibrated,1.0.0,calendar_epps_curve,311.5,second,combined,0.8436602630471354,normalized_correlation,0.8436602630471354
F6,0.1,0.025,10.0,40.0,1.0,calendar_reference_slow_response,illustrative reference convention; not calibrated,1.0.0,calendar_epps_curve,312.0,second,combined,0.8439035749357552,normalized_correlation,0.8439035749357552
F6,0.1,0.025,10.0,40.0,1.0,calendar_reference_slow_response,illustrative reference convention; not calibrated,1.0.0,calendar_epps_curve,312.5,second,combined,0.8441461371550609,normalized_correlation,0.8441461371550609
F6,0.1,0.025,10.0,40.0,1.0,calendar_reference_slow_response,illustrative reference convention; not calibrated,1.0.0,calendar_epps_curve,313.0,second,combined,0.8443879531001243,normalized_correlation,0.8443879531001243
F6,0.1,0.025,10.0,40.0,1.0,calendar_reference_slow_response,illustrative reference convention; not calibrated,1.0.0,calendar_epps_curve,313.5,second,combined,0.844629026146189,normalized_correlation,0.844629026146189
F6,0.1,0.025,10.0,40.0,1.0,calendar_reference_slow_response,illustrative reference convention; not calibrated,1.0.0,calendar_epps_curve,314.0,second,combined,0.8448693596488096,normalized_correlation,0.8448693596488096
F6,0.1,0.025,10.0,40.0,1.0,calendar_reference_slow_response,illustrative reference convention; not calibrated,1.0.0,calendar_epps_curve,314.5,second,combined,0.8451089569439879,normalized_correlation,0.8451089569439879
F6,0.1,0.025,10.0,40.0,1.0,calendar_reference_slow_response,illustrative reference convention; not calibrated,1.0.0,calendar_epps_curve,315.0,second,combined,0.8453478213483101,normalized_correlation,0.8453478213483101
F6,0.1,0.025,10.0,40.0,1.0,calendar_reference_slow_response,illustrative reference convention; not calibrated,1.0.0,calendar_epps_curve,315.5,second,combined,0.8455859561590802,normalized_correlation,0.8455859561590802
F6,0.1,0.025,10.0,40.0,1.0,calendar_reference_slow_response,illustrative reference convention; not calibrated,1.0.0,calendar_epps_curve,316.0,second,combined,0.8458233646544551,normalized_correlation,0.8458233646544551
F6,0.1,0.025,10.0,40.0,1.0,calendar_reference_slow_response,illustrative reference convention; not calibrated,1.0.0,calendar_epps_curve,316.5,second,combined,0.846060050093577,normalized_correlation,0.846060050093577
F6,0.1,0.025,10.0,40.0,1.0,calendar_reference_slow_response,illustrative reference convention; not calibrated,1.0.0,calendar_epps_curve,317.0,second,combined,0.8462960157167049,normalized_correlation,0.8462960157167049
F6,0.1,0.025,10.0,40.0,1.0,calendar_reference_slow_response,illustrative reference convention; not calibrated,1.0.0,calendar_epps_curve,317.5,second,combined,0.846531264745346,normalized_correlation,0.846531264745346
F6,0.1,0.025,10.0,40.0,1.0,calendar_reference_slow_response,illustrative reference convention; not calibrated,1.0.0,calendar_epps_curve,318.0,second,combined,0.8467658003823846,normalized_correlation,0.8467658003823846
F6,0.1,0.025,10.0,40.0,1.0,calendar_reference_slow_response,illustrative reference convention; not calibrated,1.0.0,calendar_epps_curve,318.5,second,combined,0.8469996258122116,normalized_correlation,0.8469996258122116
F6,0.1,0.025,10.0,40.0,1.0,calendar_reference_slow_response,illustrative reference convention; not calibrated,1.0.0,calendar_epps_curve,319.0,second,combined,0.8472327442008516,normalized_correlation,0.8472327442008516
F6,0.1,0.025,10.0,40.0,1.0,calendar_reference_slow_response,illustrative reference convention; not calibrated,1.0.0,calendar_epps_curve,319.5,second,combined,0.8474651586960898,normalized_correlation,0.8474651586960898
F6,0.1,0.025,10.0,40.0,1.0,calendar_reference_slow_response,illustrative reference convention; not calibrated,1.0.0,calendar_epps_curve,320.0,second,combined,0.847696872427598,normalized_correlation,0.847696872427598
F6,0.1,0.025,10.0,40.0,1.0,calendar_reference_slow_response,illustrative reference convention; not calibrated,1.0.0,calendar_epps_curve,320.5,second,combined,0.8479278885070582,normalized_correlation,0.8479278885070582
F6,0.1,0.025,10.0,40.0,1.0,calendar_reference_slow_response,illustrative reference convention; not calibrated,1.0.0,calendar_epps_curve,321.0,second,combined,0.848158210028288,normalized_correlation,0.848158210028288
F6,0.1,0.025,10.0,40.0,1.0,calendar_reference_slow_response,illustrative reference convention; not calibrated,1.0.0,calendar_epps_curve,321.5,second,combined,0.848387840067362,normalized_correlation,0.848387840067362
F6,0.1,0.025,10.0,40.0,1.0,calendar_reference_slow_response,illustrative reference convention; not calibrated,1.0.0,calendar_epps_curve,322.0,second,combined,0.848616781682734,normalized_correlation,0.848616781682734
F6,0.1,0.025,10.0,40.0,1.0,calendar_reference_slow_response,illustrative reference convention; not calibrated,1.0.0,calendar_epps_curve,322.5,second,combined,0.8488450379153584,normalized_correlation,0.8488450379153584
F6,0.1,0.025,10.0,40.0,1.0,calendar_reference_slow_response,illustrative reference convention; not calibrated,1.0.0,calendar_epps_curve,323.0,second,combined,0.8490726117888092,normalized_correlation,0.8490726117888092
F6,0.1,0.025,10.0,40.0,1.0,calendar_reference_slow_response,illustrative reference convention; not calibrated,1.0.0,calendar_epps_curve,323.5,second,combined,0.8492995063093997,normalized_correlation,0.8492995063093997
F6,0.1,0.025,10.0,40.0,1.0,calendar_reference_slow_response,illustrative reference convention; not calibrated,1.0.0,calendar_epps_curve,324.0,second,combined,0.8495257244662999,normalized_correlation,0.8495257244662999
F6,0.1,0.025,10.0,40.0,1.0,calendar_reference_slow_response,illustrative reference convention; not calibrated,1.0.0,calendar_epps_curve,324.5,second,combined,0.8497512692316544,normalized_correlation,0.8497512692316544
F6,0.1,0.025,10.0,40.0,1.0,calendar_reference_slow_response,illustrative reference convention; not calibrated,1.0.0,calendar_epps_curve,325.0,second,combined,0.8499761435606982,normalized_correlation,0.8499761435606982
F6,0.1,0.025,10.0,40.0,1.0,calendar_reference_slow_response,illustrative reference convention; not calibrated,1.0.0,calendar_epps_curve,325.5,second,combined,0.8502003503918716,normalized_correlation,0.8502003503918716
F6,0.1,0.025,10.0,40.0,1.0,calendar_reference_slow_response,illustrative reference convention; not calibrated,1.0.0,calendar_epps_curve,326.0,second,combined,0.8504238926469355,normalized_correlation,0.8504238926469355
F6,0.1,0.025,10.0,40.0,1.0,calendar_reference_slow_response,illustrative reference convention; not calibrated,1.0.0,calendar_epps_curve,326.5,second,combined,0.8506467732310844,normalized_correlation,0.8506467732310844
F6,0.1,0.025,10.0,40.0,1.0,calendar_reference_slow_response,illustrative reference convention; not calibrated,1.0.0,calendar_epps_curve,327.0,second,combined,0.8508689950330591,normalized_correlation,0.8508689950330591
F6,0.1,0.025,10.0,40.0,1.0,calendar_reference_slow_response,illustrative reference convention; not calibrated,1.0.0,calendar_epps_curve,327.5,second,combined,0.8510905609252584,normalized_correlation,0.8510905609252584
F6,0.1,0.025,10.0,40.0,1.0,calendar_reference_slow_response,illustrative reference convention; not calibrated,1.0.0,calendar_epps_curve,328.0,second,combined,0.8513114737638503,normalized_correlation,0.8513114737638503
F6,0.1,0.025,10.0,40.0,1.0,calendar_reference_slow_response,illustrative reference convention; not calibrated,1.0.0,calendar_epps_curve,328.5,second,combined,0.8515317363888818,normalized_correlation,0.8515317363888818
F6,0.1,0.025,10.0,40.0,1.0,calendar_reference_slow_response,illustrative reference convention; not calibrated,1.0.0,calendar_epps_curve,329.0,second,combined,0.8517513516243881,normalized_correlation,0.8517513516243881
F6,0.1,0.025,10.0,40.0,1.0,calendar_reference_slow_response,illustrative reference convention; not calibrated,1.0.0,calendar_epps_curve,329.5,second,combined,0.8519703222785016,normalized_correlation,0.8519703222785016
F6,0.1,0.025,10.0,40.0,1.0,calendar_reference_slow_response,illustrative reference convention; not calibrated,1.0.0,calendar_epps_curve,330.0,second,combined,0.8521886511435581,normalized_correlation,0.8521886511435581
F6,0.1,0.025,10.0,40.0,1.0,calendar_reference_slow_response,illustrative reference convention; not calibrated,1.0.0,calendar_epps_curve,330.5,second,combined,0.8524063409962048,normalized_correlation,0.8524063409962048
F6,0.1,0.025,10.0,40.0,1.0,calendar_reference_slow_response,illustrative reference convention; not calibrated,1.0.0,calendar_epps_curve,331.0,second,combined,0.8526233945975058,normalized_correlation,0.8526233945975058
F6,0.1,0.025,10.0,40.0,1.0,calendar_reference_slow_response,illustrative reference convention; not calibrated,1.0.0,calendar_epps_curve,331.5,second,combined,0.8528398146930464,normalized_correlation,0.8528398146930464
F6,0.1,0.025,10.0,40.0,1.0,calendar_reference_slow_response,illustrative reference convention; not calibrated,1.0.0,calendar_epps_curve,332.0,second,combined,0.8530556040130385,normalized_correlation,0.8530556040130385
F6,0.1,0.025,10.0,40.0,1.0,calendar_reference_slow_response,illustrative reference convention; not calibrated,1.0.0,calendar_epps_curve,332.5,second,combined,0.8532707652724235,normalized_correlation,0.8532707652724235
F6,0.1,0.025,10.0,40.0,1.0,calendar_reference_slow_response,illustrative reference convention; not calibrated,1.0.0,calendar_epps_curve,333.0,second,combined,0.8534853011709749,normalized_correlation,0.8534853011709749
F6,0.1,0.025,10.0,40.0,1.0,calendar_reference_slow_response,illustrative reference convention; not calibrated,1.0.0,calendar_epps_curve,333.5,second,combined,0.8536992143933998,normalized_correlation,0.8536992143933998
F6,0.1,0.025,10.0,40.0,1.0,calendar_reference_slow_response,illustrative reference convention; not calibrated,1.0.0,calendar_epps_curve,334.0,second,combined,0.8539125076094414,normalized_correlation,0.8539125076094414
F6,0.1,0.025,10.0,40.0,1.0,calendar_reference_slow_response,illustrative reference convention; not calibrated,1.0.0,calendar_epps_curve,334.5,second,combined,0.8541251834739776,normalized_correlation,0.8541251834739776
F6,0.1,0.025,10.0,40.0,1.0,calendar_reference_slow_response,illustrative reference convention; not calibrated,1.0.0,calendar_epps_curve,335.0,second,combined,0.8543372446271215,normalized_correlation,0.8543372446271215
F6,0.1,0.025,10.0,40.0,1.0,calendar_reference_slow_response,illustrative reference convention; not calibrated,1.0.0,calendar_epps_curve,335.5,second,combined,0.8545486936943202,normalized_correlation,0.8545486936943202
F6,0.1,0.025,10.0,40.0,1.0,calendar_reference_slow_response,illustrative reference convention; not calibrated,1.0.0,calendar_epps_curve,336.0,second,combined,0.8547595332864522,normalized_correlation,0.8547595332864522
F6,0.1,0.025,10.0,40.0,1.0,calendar_reference_slow_response,illustrative reference convention; not calibrated,1.0.0,calendar_epps_curve,336.5,second,combined,0.8549697659999255,normalized_correlation,0.8549697659999255
F6,0.1,0.025,10.0,40.0,1.0,calendar_reference_slow_response,illustrative reference convention; not calibrated,1.0.0,calendar_epps_curve,337.0,second,combined,0.8551793944167735,normalized_correlation,0.8551793944167735
F6,0.1,0.025,10.0,40.0,1.0,calendar_reference_slow_response,illustrative reference convention; not calibrated,1.0.0,calendar_epps_curve,337.5,second,combined,0.855388421104751,normalized_correlation,0.855388421104751
F6,0.1,0.025,10.0,40.0,1.0,calendar_reference_slow_response,illustrative reference convention; not calibrated,1.0.0,calendar_epps_curve,338.0,second,combined,0.8555968486174297,normalized_correlation,0.8555968486174297
F6,0.1,0.025,10.0,40.0,1.0,calendar_reference_slow_response,illustrative reference convention; not calibrated,1.0.0,calendar_epps_curve,338.5,second,combined,0.8558046794942915,normalized_correlation,0.8558046794942915
F6,0.1,0.025,10.0,40.0,1.0,calendar_reference_slow_response,illustrative reference convention; not calibrated,1.0.0,calendar_epps_curve,339.0,second,combined,0.8560119162608234,normalized_correlation,0.8560119162608234
F6,0.1,0.025,10.0,40.0,1.0,calendar_reference_slow_response,illustrative reference convention; not calibrated,1.0.0,calendar_epps_curve,339.5,second,combined,0.8562185614286095,normalized_correlation,0.8562185614286095
F6,0.1,0.025,10.0,40.0,1.0,calendar_reference_slow_response,illustrative reference convention; not calibrated,1.0.0,calendar_epps_curve,340.0,second,combined,0.8564246174954234,normalized_correlation,0.8564246174954234
F6,0.1,0.025,10.0,40.0,1.0,calendar_reference_slow_response,illustrative reference convention; not calibrated,1.0.0,calendar_epps_curve,340.5,second,combined,0.8566300869453202,normalized_correlation,0.8566300869453202
F6,0.1,0.025,10.0,40.0,1.0,calendar_reference_slow_response,illustrative reference convention; not calibrated,1.0.0,calendar_epps_curve,341.0,second,combined,0.8568349722487264,normalized_correlation,0.8568349722487264
F6,0.1,0.025,10.0,40.0,1.0,calendar_reference_slow_response,illustrative reference convention; not calibrated,1.0.0,calendar_epps_curve,341.5,second,combined,0.8570392758625309,normalized_correlation,0.8570392758625309
F6,0.1,0.025,10.0,40.0,1.0,calendar_reference_slow_response,illustrative reference convention; not calibrated,1.0.0,calendar_epps_curve,342.0,second,combined,0.8572430002301745,normalized_correlation,0.8572430002301745
F6,0.1,0.025,10.0,40.0,1.0,calendar_reference_slow_response,illustrative reference convention; not calibrated,1.0.0,calendar_epps_curve,342.5,second,combined,0.8574461477817377,normalized_correlation,0.8574461477817377
F6,0.1,0.025,10.0,40.0,1.0,calendar_reference_slow_response,illustrative reference convention; not calibrated,1.0.0,calendar_epps_curve,343.0,second,combined,0.8576487209340292,normalized_correlation,0.8576487209340292
F6,0.1,0.025,10.0,40.0,1.0,calendar_reference_slow_response,illustrative reference convention; not calibrated,1.0.0,calendar_epps_curve,343.5,second,combined,0.8578507220906743,normalized_correlation,0.8578507220906743
F6,0.1,0.025,10.0,40.0,1.0,calendar_reference_slow_response,illustrative reference convention; not calibrated,1.0.0,calendar_epps_curve,344.0,second,combined,0.8580521536422002,normalized_correlation,0.8580521536422002
F6,0.1,0.025,10.0,40.0,1.0,calendar_reference_slow_response,illustrative reference convention; not calibrated,1.0.0,calendar_epps_curve,344.5,second,combined,0.8582530179661233,normalized_correlation,0.8582530179661233
F6,0.1,0.025,10.0,40.0,1.0,calendar_reference_slow_response,illustrative reference convention; not calibrated,1.0.0,calendar_epps_curve,345.0,second,combined,0.8584533174270338,normalized_correlation,0.8584533174270338
F6,0.1,0.025,10.0,40.0,1.0,calendar_reference_slow_response,illustrative reference convention; not calibrated,1.0.0,calendar_epps_curve,345.5,second,combined,0.8586530543766813,normalized_correlation,0.8586530543766813
F6,0.1,0.025,10.0,40.0,1.0,calendar_reference_slow_response,illustrative reference convention; not calibrated,1.0.0,calendar_epps_curve,346.0,second,combined,0.8588522311540583,normalized_correlation,0.8588522311540583
F6,0.1,0.025,10.0,40.0,1.0,calendar_reference_slow_response,illustrative reference convention; not calibrated,1.0.0,calendar_epps_curve,346.5,second,combined,0.859050850085484,normalized_correlation,0.859050850085484
F6,0.1,0.025,10.0,40.0,1.0,calendar_reference_slow_response,illustrative reference convention; not calibrated,1.0.0,calendar_epps_curve,347.0,second,combined,0.8592489134846876,normalized_correlation,0.8592489134846876
F6,0.1,0.025,10.0,40.0,1.0,calendar_reference_slow_response,illustrative reference convention; not calibrated,1.0.0,calendar_epps_curve,347.5,second,combined,0.8594464236528898,normalized_correlation,0.8594464236528898
F6,0.1,0.025,10.0,40.0,1.0,calendar_reference_slow_response,illustrative reference convention; not calibrated,1.0.0,calendar_epps_curve,348.0,second,combined,0.8596433828788855,normalized_correlation,0.8596433828788855
F6,0.1,0.025,10.0,40.0,1.0,calendar_reference_slow_response,illustrative reference convention; not calibrated,1.0.0,calendar_epps_curve,348.5,second,combined,0.8598397934391242,normalized_correlation,0.8598397934391242
F6,0.1,0.025,10.0,40.0,1.0,calendar_reference_slow_response,illustrative reference convention; not calibrated,1.0.0,calendar_epps_curve,349.0,second,combined,0.8600356575977903,normalized_correlation,0.8600356575977903
F6,0.1,0.025,10.0,40.0,1.0,calendar_reference_slow_response,illustrative reference convention; not calibrated,1.0.0,calendar_epps_curve,349.5,second,combined,0.8602309776068838,normalized_correlation,0.8602309776068838
F6,0.1,0.025,10.0,40.0,1.0,calendar_reference_slow_response,illustrative reference convention; not calibrated,1.0.0,calendar_epps_curve,350.0,second,combined,0.8604257557062986,normalized_correlation,0.8604257557062986
F6,0.1,0.025,10.0,40.0,1.0,calendar_reference_slow_response,illustrative reference convention; not calibrated,1.0.0,calendar_epps_curve,350.5,second,combined,0.8606199941239018,normalized_correlation,0.8606199941239018
F6,0.1,0.025,10.0,40.0,1.0,calendar_reference_slow_response,illustrative reference convention; not calibrated,1.0.0,calendar_epps_curve,351.0,second,combined,0.8608136950756117,normalized_correlation,0.8608136950756117
F6,0.1,0.025,10.0,40.0,1.0,calendar_reference_slow_response,illustrative reference convention; not calibrated,1.0.0,calendar_epps_curve,351.5,second,combined,0.8610068607654753,normalized_correlation,0.8610068607654753
F6,0.1,0.025,10.0,40.0,1.0,calendar_reference_slow_response,illustrative reference convention; not calibrated,1.0.0,calendar_epps_curve,352.0,second,combined,0.8611994933857448,normalized_correlation,0.8611994933857448
F6,0.1,0.025,10.0,40.0,1.0,calendar_reference_slow_response,illustrative reference convention; not calibrated,1.0.0,calendar_epps_curve,352.5,second,combined,0.8613915951169545,normalized_correlation,0.8613915951169545
F6,0.1,0.025,10.0,40.0,1.0,calendar_reference_slow_response,illustrative reference convention; not calibrated,1.0.0,calendar_epps_curve,353.0,second,combined,0.8615831681279967,normalized_correlation,0.8615831681279967
F6,0.1,0.025,10.0,40.0,1.0,calendar_reference_slow_response,illustrative reference convention; not calibrated,1.0.0,calendar_epps_curve,353.5,second,combined,0.8617742145761963,normalized_correlation,0.8617742145761963
F6,0.1,0.025,10.0,40.0,1.0,calendar_reference_slow_response,illustrative reference convention; not calibrated,1.0.0,calendar_epps_curve,354.0,second,combined,0.8619647366073859,normalized_correlation,0.8619647366073859
F6,0.1,0.025,10.0,40.0,1.0,calendar_reference_slow_response,illustrative reference convention; not calibrated,1.0.0,calendar_epps_curve,354.5,second,combined,0.8621547363559797,normalized_correlation,0.8621547363559797
F6,0.1,0.025,10.0,40.0,1.0,calendar_reference_slow_response,illustrative reference convention; not calibrated,1.0.0,calendar_epps_curve,355.0,second,combined,0.8623442159450475,normalized_correlation,0.8623442159450475
F6,0.1,0.025,10.0,40.0,1.0,calendar_reference_slow_response,illustrative reference convention; not calibrated,1.0.0,calendar_epps_curve,355.5,second,combined,0.8625331774863868,normalized_correlation,0.8625331774863868
F6,0.1,0.025,10.0,40.0,1.0,calendar_reference_slow_response,illustrative reference convention; not calibrated,1.0.0,calendar_epps_curve,356.0,second,combined,0.8627216230805969,normalized_correlation,0.8627216230805969
F6,0.1,0.025,10.0,40.0,1.0,calendar_reference_slow_response,illustrative reference convention; not calibrated,1.0.0,calendar_epps_curve,356.5,second,combined,0.8629095548171485,normalized_correlation,0.8629095548171485
F6,0.1,0.025,10.0,40.0,1.0,calendar_reference_slow_response,illustrative reference convention; not calibrated,1.0.0,calendar_epps_curve,357.0,second,combined,0.8630969747744573,normalized_correlation,0.8630969747744573
F6,0.1,0.025,10.0,40.0,1.0,calendar_reference_slow_response,illustrative reference convention; not calibrated,1.0.0,calendar_epps_curve,357.5,second,combined,0.8632838850199542,normalized_correlation,0.8632838850199542
F6,0.1,0.025,10.0,40.0,1.0,calendar_reference_slow_response,illustrative reference convention; not calibrated,1.0.0,calendar_epps_curve,358.0,second,combined,0.8634702876101544,normalized_correlation,0.8634702876101544
F6,0.1,0.025,10.0,40.0,1.0,calendar_reference_slow_response,illustrative reference convention; not calibrated,1.0.0,calendar_epps_curve,358.5,second,combined,0.8636561845907296,normalized_correlation,0.8636561845907296
F6,0.1,0.025,10.0,40.0,1.0,calendar_reference_slow_response,illustrative reference convention; not calibrated,1.0.0,calendar_epps_curve,359.0,second,combined,0.863841577996575,normalized_correlation,0.863841577996575
F6,0.1,0.025,10.0,40.0,1.0,calendar_reference_slow_response,illustrative reference convention; not calibrated,1.0.0,calendar_epps_curve,359.5,second,combined,0.8640264698518798,normalized_correlation,0.8640264698518798
F6,0.1,0.025,10.0,40.0,1.0,calendar_reference_slow_response,illustrative reference convention; not calibrated,1.0.0,calendar_epps_curve,360.0,second,combined,0.8642108621701945,normalized_correlation,0.8642108621701945
F6,0.1,0.025,10.0,40.0,1.0,calendar_reference_slow_response,illustrative reference convention; not calibrated,1.0.0,calendar_epps_curve,360.5,second,combined,0.8643947569544993,normalized_correlation,0.8643947569544993
F6,0.1,0.025,10.0,40.0,1.0,calendar_reference_slow_response,illustrative reference convention; not calibrated,1.0.0,calendar_epps_curve,361.0,second,combined,0.864578156197271,normalized_correlation,0.864578156197271
F6,0.1,0.025,10.0,40.0,1.0,calendar_reference_slow_response,illustrative reference convention; not calibrated,1.0.0,calendar_epps_curve,361.5,second,combined,0.8647610618805499,normalized_correlation,0.8647610618805499
F6,0.1,0.025,10.0,40.0,1.0,calendar_reference_slow_response,illustrative reference convention; not calibrated,1.0.0,calendar_epps_curve,362.0,second,combined,0.8649434759760066,normalized_correlation,0.8649434759760066
F6,0.1,0.025,10.0,40.0,1.0,calendar_reference_slow_response,illustrative reference convention; not calibrated,1.0.0,calendar_epps_curve,362.5,second,combined,0.8651254004450073,normalized_correlation,0.8651254004450073
F6,0.1,0.025,10.0,40.0,1.0,calendar_reference_slow_response,illustrative reference convention; not calibrated,1.0.0,calendar_epps_curve,363.0,second,combined,0.8653068372386791,normalized_correlation,0.8653068372386791
F6,0.1,0.025,10.0,40.0,1.0,calendar_reference_slow_response,illustrative reference convention; not calibrated,1.0.0,calendar_epps_curve,363.5,second,combined,0.865487788297975,normalized_correlation,0.865487788297975
F6,0.1,0.025,10.0,40.0,1.0,calendar_reference_slow_response,illustrative reference convention; not calibrated,1.0.0,calendar_epps_curve,364.0,second,combined,0.865668255553739,normalized_correlation,0.865668255553739
F6,0.1,0.025,10.0,40.0,1.0,calendar_reference_slow_response,illustrative reference convention; not calibrated,1.0.0,calendar_epps_curve,364.5,second,combined,0.8658482409267692,normalized_correlation,0.8658482409267692
F6,0.1,0.025,10.0,40.0,1.0,calendar_reference_slow_response,illustrative reference convention; not calibrated,1.0.0,calendar_epps_curve,365.0,second,combined,0.8660277463278809,normalized_correlation,0.8660277463278809
F6,0.1,0.025,10.0,40.0,1.0,calendar_reference_slow_response,illustrative reference convention; not calibrated,1.0.0,calendar_epps_curve,365.5,second,combined,0.8662067736579712,normalized_correlation,0.8662067736579712
F6,0.1,0.025,10.0,40.0,1.0,calendar_reference_slow_response,illustrative reference convention; not calibrated,1.0.0,calendar_epps_curve,366.0,second,combined,0.8663853248080796,normalized_correlation,0.8663853248080796
F6,0.1,0.025,10.0,40.0,1.0,calendar_reference_slow_response,illustrative reference convention; not calibrated,1.0.0,calendar_epps_curve,366.5,second,combined,0.8665634016594518,normalized_correlation,0.8665634016594518
F6,0.1,0.025,10.0,40.0,1.0,calendar_reference_slow_response,illustrative reference convention; not calibrated,1.0.0,calendar_epps_curve,367.0,second,combined,0.8667410060836003,normalized_correlation,0.8667410060836003
F6,0.1,0.025,10.0,40.0,1.0,calendar_reference_slow_response,illustrative reference convention; not calibrated,1.0.0,calendar_epps_curve,367.5,second,combined,0.8669181399423656,normalized_correlation,0.8669181399423656
F6,0.1,0.025,10.0,40.0,1.0,calendar_reference_slow_response,illustrative reference convention; not calibrated,1.0.0,calendar_epps_curve,368.0,second,combined,0.8670948050879779,normalized_correlation,0.8670948050879779
F6,0.1,0.025,10.0,40.0,1.0,calendar_reference_slow_response,illustrative reference convention; not calibrated,1.0.0,calendar_epps_curve,368.5,second,combined,0.8672710033631161,normalized_correlation,0.8672710033631161
F6,0.1,0.025,10.0,40.0,1.0,calendar_reference_slow_response,illustrative reference convention; not calibrated,1.0.0,calendar_epps_curve,369.0,second,combined,0.8674467366009685,normalized_correlation,0.8674467366009685
F6,0.1,0.025,10.0,40.0,1.0,calendar_reference_slow_response,illustrative reference convention; not calibrated,1.0.0,calendar_epps_curve,369.5,second,combined,0.8676220066252925,normalized_correlation,0.8676220066252925
F6,0.1,0.025,10.0,40.0,1.0,calendar_reference_slow_response,illustrative reference convention; not calibrated,1.0.0,calendar_epps_curve,370.0,second,combined,0.8677968152504726,normalized_correlation,0.8677968152504726
F6,0.1,0.025,10.0,40.0,1.0,calendar_reference_slow_response,illustrative reference convention; not calibrated,1.0.0,calendar_epps_curve,370.5,second,combined,0.8679711642815794,normalized_correlation,0.8679711642815794
F6,0.1,0.025,10.0,40.0,1.0,calendar_reference_slow_response,illustrative reference convention; not calibrated,1.0.0,calendar_epps_curve,371.0,second,combined,0.8681450555144287,normalized_correlation,0.8681450555144287
F6,0.1,0.025,10.0,40.0,1.0,calendar_reference_slow_response,illustrative reference convention; not calibrated,1.0.0,calendar_epps_curve,371.5,second,combined,0.8683184907356377,normalized_correlation,0.8683184907356377
F6,0.1,0.025,10.0,40.0,1.0,calendar_reference_slow_response,illustrative reference convention; not calibrated,1.0.0,calendar_epps_curve,372.0,second,combined,0.8684914717226834,normalized_correlation,0.8684914717226834
F6,0.1,0.025,10.0,40.0,1.0,calendar_reference_slow_response,illustrative reference convention; not calibrated,1.0.0,calendar_epps_curve,372.5,second,combined,0.8686640002439588,normalized_correlation,0.8686640002439588
F6,0.1,0.025,10.0,40.0,1.0,calendar_reference_slow_response,illustrative reference convention; not calibrated,1.0.0,calendar_epps_curve,373.0,second,combined,0.8688360780588303,normalized_correlation,0.8688360780588303
F6,0.1,0.025,10.0,40.0,1.0,calendar_reference_slow_response,illustrative reference convention; not calibrated,1.0.0,calendar_epps_curve,373.5,second,combined,0.869007706917693,normalized_correlation,0.869007706917693
F6,0.1,0.025,10.0,40.0,1.0,calendar_reference_slow_response,illustrative reference convention; not calibrated,1.0.0,calendar_epps_curve,374.0,second,combined,0.8691788885620264,normalized_correlation,0.8691788885620264
F6,0.1,0.025,10.0,40.0,1.0,calendar_reference_slow_response,illustrative reference convention; not calibrated,1.0.0,calendar_epps_curve,374.5,second,combined,0.8693496247244504,normalized_correlation,0.8693496247244504
F6,0.1,0.025,10.0,40.0,1.0,calendar_reference_slow_response,illustrative reference convention; not calibrated,1.0.0,calendar_epps_curve,375.0,second,combined,0.8695199171287794,normalized_correlation,0.8695199171287794
F6,0.1,0.025,10.0,40.0,1.0,calendar_reference_slow_response,illustrative reference convention; not calibrated,1.0.0,calendar_epps_curve,375.5,second,combined,0.8696897674900772,normalized_correlation,0.8696897674900772
F6,0.1,0.025,10.0,40.0,1.0,calendar_reference_slow_response,illustrative reference convention; not calibrated,1.0.0,calendar_epps_curve,376.0,second,combined,0.8698591775147108,normalized_correlation,0.8698591775147108
F6,0.1,0.025,10.0,40.0,1.0,calendar_reference_slow_response,illustrative reference convention; not calibrated,1.0.0,calendar_epps_curve,376.5,second,combined,0.8700281489004048,normalized_correlation,0.8700281489004048
F6,0.1,0.025,10.0,40.0,1.0,calendar_reference_slow_response,illustrative reference convention; not calibrated,1.0.0,calendar_epps_curve,377.0,second,combined,0.8701966833362941,normalized_correlation,0.8701966833362941
F6,0.1,0.025,10.0,40.0,1.0,calendar_reference_slow_response,illustrative reference convention; not calibrated,1.0.0,calendar_epps_curve,377.5,second,combined,0.870364782502977,normalized_correlation,0.870364782502977
F6,0.1,0.025,10.0,40.0,1.0,calendar_reference_slow_response,illustrative reference convention; not calibrated,1.0.0,calendar_epps_curve,378.0,second,combined,0.8705324480725679,normalized_correlation,0.8705324480725679
F6,0.1,0.025,10.0,40.0,1.0,calendar_reference_slow_response,illustrative reference convention; not calibrated,1.0.0,calendar_epps_curve,378.5,second,combined,0.8706996817087492,normalized_correlation,0.8706996817087492
F6,0.1,0.025,10.0,40.0,1.0,calendar_reference_slow_response,illustrative reference convention; not calibrated,1.0.0,calendar_epps_curve,379.0,second,combined,0.8708664850668236,normalized_correlation,0.8708664850668236
F6,0.1,0.025,10.0,40.0,1.0,calendar_reference_slow_response,illustrative reference convention; not calibrated,1.0.0,calendar_epps_curve,379.5,second,combined,0.8710328597937653,normalized_correlation,0.8710328597937653
F6,0.1,0.025,10.0,40.0,1.0,calendar_reference_slow_response,illustrative reference convention; not calibrated,1.0.0,calendar_epps_curve,380.0,second,combined,0.8711988075282711,normalized_correlation,0.8711988075282711
F6,0.1,0.025,10.0,40.0,1.0,calendar_reference_slow_response,illustrative reference convention; not calibrated,1.0.0,calendar_epps_curve,380.5,second,combined,0.8713643299008108,normalized_correlation,0.8713643299008108
F6,0.1,0.025,10.0,40.0,1.0,calendar_reference_slow_response,illustrative reference convention; not calibrated,1.0.0,calendar_epps_curve,381.0,second,combined,0.8715294285336783,normalized_correlation,0.8715294285336783
F6,0.1,0.025,10.0,40.0,1.0,calendar_reference_slow_response,illustrative reference convention; not calibrated,1.0.0,calendar_epps_curve,381.5,second,combined,0.8716941050410413,normalized_correlation,0.8716941050410413
F6,0.1,0.025,10.0,40.0,1.0,calendar_reference_slow_response,illustrative reference convention; not calibrated,1.0.0,calendar_epps_curve,382.0,second,combined,0.8718583610289907,normalized_correlation,0.8718583610289907
F6,0.1,0.025,10.0,40.0,1.0,calendar_reference_slow_response,illustrative reference convention; not calibrated,1.0.0,calendar_epps_curve,382.5,second,combined,0.8720221980955899,normalized_correlation,0.8720221980955899
F6,0.1,0.025,10.0,40.0,1.0,calendar_reference_slow_response,illustrative reference convention; not calibrated,1.0.0,calendar_epps_curve,383.0,second,combined,0.8721856178309244,normalized_correlation,0.8721856178309244
F6,0.1,0.025,10.0,40.0,1.0,calendar_reference_slow_response,illustrative reference convention; not calibrated,1.0.0,calendar_epps_curve,383.5,second,combined,0.8723486218171496,normalized_correlation,0.8723486218171496
F6,0.1,0.025,10.0,40.0,1.0,calendar_reference_slow_response,illustrative reference convention; not calibrated,1.0.0,calendar_epps_curve,384.0,second,combined,0.8725112116285395,normalized_correlation,0.8725112116285395
F6,0.1,0.025,10.0,40.0,1.0,calendar_reference_slow_response,illustrative reference convention; not calibrated,1.0.0,calendar_epps_curve,384.5,second,combined,0.8726733888315346,normalized_correlation,0.8726733888315346
F6,0.1,0.025,10.0,40.0,1.0,calendar_reference_slow_response,illustrative reference convention; not calibrated,1.0.0,calendar_epps_curve,385.0,second,combined,0.8728351549847896,normalized_correlation,0.8728351549847896
F6,0.1,0.025,10.0,40.0,1.0,calendar_reference_slow_response,illustrative reference convention; not calibrated,1.0.0,calendar_epps_curve,385.5,second,combined,0.8729965116392202,normalized_correlation,0.8729965116392202
F6,0.1,0.025,10.0,40.0,1.0,calendar_reference_slow_response,illustrative reference convention; not calibrated,1.0.0,calendar_epps_curve,386.0,second,combined,0.8731574603380506,normalized_correlation,0.8731574603380506
F6,0.1,0.025,10.0,40.0,1.0,calendar_reference_slow_response,illustrative reference convention; not calibrated,1.0.0,calendar_epps_curve,386.5,second,combined,0.8733180026168598,normalized_correlation,0.8733180026168598
F6,0.1,0.025,10.0,40.0,1.0,calendar_reference_slow_response,illustrative reference convention; not calibrated,1.0.0,calendar_epps_curve,387.0,second,combined,0.8734781400036274,normalized_correlation,0.8734781400036274
F6,0.1,0.025,10.0,40.0,1.0,calendar_reference_slow_response,illustrative reference convention; not calibrated,1.0.0,calendar_epps_curve,387.5,second,combined,0.8736378740187808,normalized_correlation,0.8736378740187808
F6,0.1,0.025,10.0,40.0,1.0,calendar_reference_slow_response,illustrative reference convention; not calibrated,1.0.0,calendar_epps_curve,388.0,second,combined,0.8737972061752391,normalized_correlation,0.8737972061752391
F6,0.1,0.025,10.0,40.0,1.0,calendar_reference_slow_response,illustrative reference convention; not calibrated,1.0.0,calendar_epps_curve,388.5,second,combined,0.8739561379784603,normalized_correlation,0.8739561379784603
F6,0.1,0.025,10.0,40.0,1.0,calendar_reference_slow_response,illustrative reference convention; not calibrated,1.0.0,calendar_epps_curve,389.0,second,combined,0.8741146709264845,normalized_correlation,0.8741146709264845
F6,0.1,0.025,10.0,40.0,1.0,calendar_reference_slow_response,illustrative reference convention; not calibrated,1.0.0,calendar_epps_curve,389.5,second,combined,0.8742728065099797,normalized_correlation,0.8742728065099797
F6,0.1,0.025,10.0,40.0,1.0,calendar_reference_slow_response,illustrative reference convention; not calibrated,1.0.0,calendar_epps_curve,390.0,second,combined,0.874430546212286,normalized_correlation,0.874430546212286
F6,0.1,0.025,10.0,40.0,1.0,calendar_reference_slow_response,illustrative reference convention; not calibrated,1.0.0,calendar_epps_curve,390.5,second,combined,0.874587891509459,normalized_correlation,0.874587891509459
F6,0.1,0.025,10.0,40.0,1.0,calendar_reference_slow_response,illustrative reference convention; not calibrated,1.0.0,calendar_epps_curve,391.0,second,combined,0.8747448438703144,normalized_correlation,0.8747448438703144
F6,0.1,0.025,10.0,40.0,1.0,calendar_reference_slow_response,illustrative reference convention; not calibrated,1.0.0,calendar_epps_curve,391.5,second,combined,0.8749014047564706,normalized_correlation,0.8749014047564706
F6,0.1,0.025,10.0,40.0,1.0,calendar_reference_slow_response,illustrative reference convention; not calibrated,1.0.0,calendar_epps_curve,392.0,second,combined,0.8750575756223926,normalized_correlation,0.8750575756223926
F6,0.1,0.025,10.0,40.0,1.0,calendar_reference_slow_response,illustrative reference convention; not calibrated,1.0.0,calendar_epps_curve,392.5,second,combined,0.8752133579154341,normalized_correlation,0.8752133579154341
F6,0.1,0.025,10.0,40.0,1.0,calendar_reference_slow_response,illustrative reference convention; not calibrated,1.0.0,calendar_epps_curve,393.0,second,combined,0.8753687530758809,normalized_correlation,0.8753687530758809
F6,0.1,0.025,10.0,40.0,1.0,calendar_reference_slow_response,illustrative reference convention; not calibrated,1.0.0,calendar_epps_curve,393.5,second,combined,0.8755237625369919,normalized_correlation,0.8755237625369919
F6,0.1,0.025,10.0,40.0,1.0,calendar_reference_slow_response,illustrative reference convention; not calibrated,1.0.0,calendar_epps_curve,394.0,second,combined,0.8756783877250427,normalized_correlation,0.8756783877250427
F6,0.1,0.025,10.0,40.0,1.0,calendar_reference_slow_response,illustrative reference convention; not calibrated,1.0.0,calendar_epps_curve,394.5,second,combined,0.8758326300593652,normalized_correlation,0.8758326300593652
F6,0.1,0.025,10.0,40.0,1.0,calendar_reference_slow_response,illustrative reference convention; not calibrated,1.0.0,calendar_epps_curve,395.0,second,combined,0.8759864909523908,normalized_correlation,0.8759864909523908
F6,0.1,0.025,10.0,40.0,1.0,calendar_reference_slow_response,illustrative reference convention; not calibrated,1.0.0,calendar_epps_curve,395.5,second,combined,0.8761399718096905,normalized_correlation,0.8761399718096905
F6,0.1,0.025,10.0,40.0,1.0,calendar_reference_slow_response,illustrative reference convention; not calibrated,1.0.0,calendar_epps_curve,396.0,second,combined,0.8762930740300157,normalized_correlation,0.8762930740300157
F6,0.1,0.025,10.0,40.0,1.0,calendar_reference_slow_response,illustrative reference convention; not calibrated,1.0.0,calendar_epps_curve,396.5,second,combined,0.8764457990053394,normalized_correlation,0.8764457990053394
F6,0.1,0.025,10.0,40.0,1.0,calendar_reference_slow_response,illustrative reference convention; not calibrated,1.0.0,calendar_epps_curve,397.0,second,combined,0.8765981481208954,normalized_correlation,0.8765981481208954
F6,0.1,0.025,10.0,40.0,1.0,calendar_reference_slow_response,illustrative reference convention; not calibrated,1.0.0,calendar_epps_curve,397.5,second,combined,0.8767501227552191,normalized_correlation,0.8767501227552191
F6,0.1,0.025,10.0,40.0,1.0,calendar_reference_slow_response,illustrative reference convention; not calibrated,1.0.0,calendar_epps_curve,398.0,second,combined,0.8769017242801866,normalized_correlation,0.8769017242801866
F6,0.1,0.025,10.0,40.0,1.0,calendar_reference_slow_response,illustrative reference convention; not calibrated,1.0.0,calendar_epps_curve,398.5,second,combined,0.8770529540610548,normalized_correlation,0.8770529540610548
F6,0.1,0.025,10.0,40.0,1.0,calendar_reference_slow_response,illustrative reference convention; not calibrated,1.0.0,calendar_epps_curve,399.0,second,combined,0.8772038134564993,normalized_correlation,0.8772038134564993
F6,0.1,0.025,10.0,40.0,1.0,calendar_reference_slow_response,illustrative reference convention; not calibrated,1.0.0,calendar_epps_curve,399.5,second,combined,0.8773543038186546,normalized_correlation,0.8773543038186546
F6,0.1,0.025,10.0,40.0,1.0,calendar_reference_slow_response,illustrative reference convention; not calibrated,1.0.0,calendar_epps_curve,400.0,second,combined,0.8775044264931519,normalized_correlation,0.8775044264931519
F6,0.1,0.025,10.0,40.0,1.0,calendar_reference_slow_response,illustrative reference convention; not calibrated,1.0.0,memory_diagnostic,0.0,second,clock_no_refresh_survival,1.0,normalized_survival_or_memory,
F6,0.1,0.025,10.0,40.0,1.0,calendar_reference_slow_response,illustrative reference convention; not calibrated,1.0.0,memory_diagnostic,0.6666666666666666,second,clock_no_refresh_survival,0.9355069850316178,normalized_survival_or_memory,
F6,0.1,0.025,10.0,40.0,1.0,calendar_reference_slow_response,illustrative reference convention; not calibrated,1.0.0,memory_diagnostic,1.3333333333333333,second,clock_no_refresh_survival,0.8751733190429475,normalized_survival_or_memory,
F6,0.1,0.025,10.0,40.0,1.0,calendar_reference_slow_response,illustrative reference convention; not calibrated,1.0.0,memory_diagnostic,2.0,second,clock_no_refresh_survival,0.8187307530779818,normalized_survival_or_memory,
F6,0.1,0.025,10.0,40.0,1.0,calendar_reference_slow_response,illustrative reference convention; not calibrated,1.0.0,memory_diagnostic,2.6666666666666665,second,clock_no_refresh_survival,0.7659283383646487,normalized_survival_or_memory,
F6,0.1,0.025,10.0,40.0,1.0,calendar_reference_slow_response,illustrative reference convention; not calibrated,1.0.0,memory_diagnostic,3.333333333333333,second,clock_no_refresh_survival,0.7165313105737893,normalized_survival_or_memory,
F6,0.1,0.025,10.0,40.0,1.0,calendar_reference_slow_response,illustrative reference convention; not calibrated,1.0.0,memory_diagnostic,4.0,second,clock_no_refresh_survival,0.6703200460356393,normalized_survival_or_memory,
F6,0.1,0.025,10.0,40.0,1.0,calendar_reference_slow_response,illustrative reference convention; not calibrated,1.0.0,memory_diagnostic,4.666666666666666,second,clock_no_refresh_survival,0.6270890852730562,normalized_survival_or_memory,
F6,0.1,0.025,10.0,40.0,1.0,calendar_reference_slow_response,illustrative reference convention; not calibrated,1.0.0,memory_diagnostic,5.333333333333333,second,clock_no_refresh_survival,0.5866462195100318,normalized_survival_or_memory,
F6,0.1,0.025,10.0,40.0,1.0,calendar_reference_slow_response,illustrative reference convention; not calibrated,1.0.0,memory_diagnostic,6.0,second,clock_no_refresh_survival,0.5488116360940264,normalized_survival_or_memory,
F6,0.1,0.025,10.0,40.0,1.0,calendar_reference_slow_response,illustrative reference convention; not calibrated,1.0.0,memory_diagnostic,6.666666666666666,second,clock_no_refresh_survival,0.513417119032592,normalized_survival_or_memory,
F6,0.1,0.025,10.0,40.0,1.0,calendar_reference_slow_response,illustrative reference convention; not calibrated,1.0.0,memory_diagnostic,7.333333333333333,second,clock_no_refresh_survival,0.48030530108979935,normalized_survival_or_memory,
F6,0.1,0.025,10.0,40.0,1.0,calendar_reference_slow_response,illustrative reference convention; not calibrated,1.0.0,memory_diagnostic,8.0,second,clock_no_refresh_survival,0.44932896411722156,normalized_survival_or_memory,
F6,0.1,0.025,10.0,40.0,1.0,calendar_reference_slow_response,illustrative reference convention; not calibrated,1.0.0,memory_diagnostic,8.666666666666666,second,clock_no_refresh_survival,0.4203503845086819,normalized_survival_or_memory,
F6,0.1,0.025,10.0,40.0,1.0,calendar_reference_slow_response,illustrative reference convention; not calibrated,1.0.0,memory_diagnostic,9.333333333333332,second,clock_no_refresh_survival,0.3932407208685983,normalized_survival_or_memory,
F6,0.1,0.025,10.0,40.0,1.0,calendar_reference_slow_response,illustrative reference convention; not calibrated,1.0.0,memory_diagnostic,10.0,second,clock_no_refresh_survival,0.36787944117144233,normalized_survival_or_memory,
F6,0.1,0.025,10.0,40.0,1.0,calendar_reference_slow_response,illustrative reference convention; not calibrated,1.0.0,memory_diagnostic,10.666666666666666,second,clock_no_refresh_survival,0.34415378686541237,normalized_survival_or_memory,
F6,0.1,0.025,10.0,40.0,1.0,calendar_reference_slow_response,illustrative reference convention; not calibrated,1.0.0,memory_diagnostic,11.333333333333332,second,clock_no_refresh_survival,0.3219582715376759,normalized_survival_or_memory,
F6,0.1,0.025,10.0,40.0,1.0,calendar_reference_slow_response,illustrative reference convention; not calibrated,1.0.0,memory_diagnostic,12.0,second,clock_no_refresh_survival,0.301194211912202,normalized_survival_or_memory,
F6,0.1,0.025,10.0,40.0,1.0,calendar_reference_slow_response,illustrative reference convention; not calibrated,1.0.0,memory_diagnostic,12.666666666666666,second,clock_no_refresh_survival,0.28176928909495835,normalized_survival_or_memory,
F6,0.1,0.025,10.0,40.0,1.0,calendar_reference_slow_response,illustrative reference convention; not calibrated,1.0.0,memory_diagnostic,13.333333333333332,second,clock_no_refresh_survival,0.26359713811572677,normalized_survival_or_memory,
F6,0.1,0.025,10.0,40.0,1.0,calendar_reference_slow_response,illustrative reference convention; not calibrated,1.0.0,memory_diagnostic,14.0,second,clock_no_refresh_survival,0.24659696394160643,normalized_survival_or_memory,
F6,0.1,0.025,10.0,40.0,1.0,calendar_reference_slow_response,illustrative reference convention; not calibrated,1.0.0,memory_diagnostic,14.666666666666666,second,clock_no_refresh_survival,0.2306931822549628,normalized_survival_or_memory,
F6,0.1,0.025,10.0,40.0,1.0,calendar_reference_slow_response,illustrative reference convention; not calibrated,1.0.0,memory_diagnostic,15.333333333333332,second,clock_no_refresh_survival,0.2158150833986898,normalized_survival_or_memory,
F6,0.1,0.025,10.0,40.0,1.0,calendar_reference_slow_response,illustrative reference convention; not calibrated,1.0.0,memory_diagnostic,16.0,second,clock_no_refresh_survival,0.20189651799465538,normalized_survival_or_memory,
F6,0.1,0.025,10.0,40.0,1.0,calendar_reference_slow_response,illustrative reference convention; not calibrated,1.0.0,memory_diagnostic,16.666666666666664,second,clock_no_refresh_survival,0.18887560283756186,normalized_survival_or_memory,
F6,0.1,0.025,10.0,40.0,1.0,calendar_reference_slow_response,illustrative reference convention; not calibrated,1.0.0,memory_diagnostic,17.333333333333332,second,clock_no_refresh_survival,0.17669444575659674,normalized_survival_or_memory,
F6,0.1,0.025,10.0,40.0,1.0,calendar_reference_slow_response,illustrative reference convention; not calibrated,1.0.0,memory_diagnostic,18.0,second,clock_no_refresh_survival,0.16529888822158653,normalized_survival_or_memory,
F6,0.1,0.025,10.0,40.0,1.0,calendar_reference_slow_response,illustrative reference convention; not calibrated,1.0.0,memory_diagnostic,18.666666666666664,second,clock_no_refresh_survival,0.15463826454925483,normalized_survival_or_memory,
F6,0.1,0.025,10.0,40.0,1.0,calendar_reference_slow_response,illustrative reference convention; not calibrated,1.0.0,memory_diagnostic,19.333333333333332,second,clock_no_refresh_survival,0.14466517663899506,normalized_survival_or_memory,
F6,0.1,0.025,10.0,40.0,1.0,calendar_reference_slow_response,illustrative reference convention; not calibrated,1.0.0,memory_diagnostic,20.0,second,clock_no_refresh_survival,0.1353352832366127,normalized_survival_or_memory,
F6,0.1,0.025,10.0,40.0,1.0,calendar_reference_slow_response,illustrative reference convention; not calibrated,1.0.0,memory_diagnostic,20.666666666666664,second,clock_no_refresh_survival,0.1266071027890836,normalized_survival_or_memory,
F6,0.1,0.025,10.0,40.0,1.0,calendar_reference_slow_response,illustrative reference convention; not calibrated,1.0.0,memory_diagnostic,21.333333333333332,second,clock_no_refresh_survival,0.11844182901380369,normalized_survival_or_memory,
F6,0.1,0.025,10.0,40.0,1.0,calendar_reference_slow_response,illustrative reference convention; not calibrated,1.0.0,memory_diagnostic,22.0,second,clock_no_refresh_survival,0.11080315836233387,normalized_survival_or_memory,
F6,0.1,0.025,10.0,40.0,1.0,calendar_reference_slow_response,illustrative reference convention; not calibrated,1.0.0,memory_diagnostic,22.666666666666664,second,clock_no_refresh_survival,0.10365712861152786,normalized_survival_or_memory,
F6,0.1,0.025,10.0,40.0,1.0,calendar_reference_slow_response,illustrative reference convention; not calibrated,1.0.0,memory_diagnostic,23.333333333333332,second,clock_no_refresh_survival,0.09697196786440505,normalized_survival_or_memory,
F6,0.1,0.025,10.0,40.0,1.0,calendar_reference_slow_response,illustrative reference convention; not calibrated,1.0.0,memory_diagnostic,24.0,second,clock_no_refresh_survival,0.09071795328941247,normalized_survival_or_memory,
F6,0.1,0.025,10.0,40.0,1.0,calendar_reference_slow_response,illustrative reference convention; not calibrated,1.0.0,memory_diagnostic,24.666666666666664,second,clock_no_refresh_survival,0.0848672789700174,normalized_survival_or_memory,
F6,0.1,0.025,10.0,40.0,1.0,calendar_reference_slow_response,illustrative reference convention; not calibrated,1.0.0,memory_diagnostic,25.333333333333332,second,clock_no_refresh_survival,0.07939393227707822,normalized_survival_or_memory,
F6,0.1,0.025,10.0,40.0,1.0,calendar_reference_slow_response,illustrative reference convention; not calibrated,1.0.0,memory_diagnostic,26.0,second,clock_no_refresh_survival,0.07427357821433388,normalized_survival_or_memory,
F6,0.1,0.025,10.0,40.0,1.0,calendar_reference_slow_response,illustrative reference convention; not calibrated,1.0.0,memory_diagnostic,26.666666666666664,second,clock_no_refresh_survival,0.06948345122280154,normalized_survival_or_memory,
F6,0.1,0.025,10.0,40.0,1.0,calendar_reference_slow_response,illustrative reference convention; not calibrated,1.0.0,memory_diagnostic,27.333333333333332,second,clock_no_refresh_survival,0.06500225396303454,normalized_survival_or_memory,
F6,0.1,0.025,10.0,40.0,1.0,calendar_reference_slow_response,illustrative reference convention; not calibrated,1.0.0,memory_diagnostic,28.0,second,clock_no_refresh_survival,0.060810062625217945,normalized_survival_or_memory,
F6,0.1,0.025,10.0,40.0,1.0,calendar_reference_slow_response,illustrative reference convention; not calibrated,1.0.0,memory_diagnostic,28.666666666666664,second,clock_no_refresh_survival,0.056888238346101516,normalized_survival_or_memory,
F6,0.1,0.025,10.0,40.0,1.0,calendar_reference_slow_response,illustrative reference convention; not calibrated,1.0.0,memory_diagnostic,29.333333333333332,second,clock_no_refresh_survival,0.05321934433892148,normalized_survival_or_memory,
F6,0.1,0.025,10.0,40.0,1.0,calendar_reference_slow_response,illustrative reference convention; not calibrated,1.0.0,memory_diagnostic,30.0,second,clock_no_refresh_survival,0.049787068367863944,normalized_survival_or_memory,
F6,0.1,0.025,10.0,40.0,1.0,calendar_reference_slow_response,illustrative reference convention; not calibrated,1.0.0,memory_diagnostic,30.666666666666664,second,clock_no_refresh_survival,0.046576150222383435,normalized_survival_or_memory,
F6,0.1,0.025,10.0,40.0,1.0,calendar_reference_slow_response,illustrative reference convention; not calibrated,1.0.0,memory_diagnostic,31.333333333333332,second,clock_no_refresh_survival,0.04357231386892163,normalized_survival_or_memory,
F6,0.1,0.025,10.0,40.0,1.0,calendar_reference_slow_response,illustrative reference convention; not calibrated,1.0.0,memory_diagnostic,32.0,second,clock_no_refresh_survival,0.040762203978366204,normalized_survival_or_memory,
F6,0.1,0.025,10.0,40.0,1.0,calendar_reference_slow_response,illustrative reference convention; not calibrated,1.0.0,memory_diagnostic,32.666666666666664,second,clock_no_refresh_survival,0.038133326547045196,normalized_survival_or_memory,
F6,0.1,0.025,10.0,40.0,1.0,calendar_reference_slow_response,illustrative reference convention; not calibrated,1.0.0,memory_diagnostic,33.33333333333333,second,clock_no_refresh_survival,0.03567399334725241,normalized_survival_or_memory,
F6,0.1,0.025,10.0,40.0,1.0,calendar_reference_slow_response,illustrative reference convention; not calibrated,1.0.0,memory_diagnostic,34.0,second,clock_no_refresh_survival,0.033373269960326066,normalized_survival_or_memory,
F6,0.1,0.025,10.0,40.0,1.0,calendar_reference_slow_response,illustrative reference convention; not calibrated,1.0.0,memory_diagnostic,34.666666666666664,second,clock_no_refresh_survival,0.031220927161230903,normalized_survival_or_memory,
F6,0.1,0.025,10.0,40.0,1.0,calendar_reference_slow_response,illustrative reference convention; not calibrated,1.0.0,memory_diagnostic,35.33333333333333,second,clock_no_refresh_survival,0.029207395438494873,normalized_survival_or_memory,
F6,0.1,0.025,10.0,40.0,1.0,calendar_reference_slow_response,illustrative reference convention; not calibrated,1.0.0,memory_diagnostic,36.0,second,clock_no_refresh_survival,0.02732372244729256,normalized_survival_or_memory,
F6,0.1,0.025,10.0,40.0,1.0,calendar_reference_slow_response,illustrative reference convention; not calibrated,1.0.0,memory_diagnostic,36.666666666666664,second,clock_no_refresh_survival,0.025561533206507402,normalized_survival_or_memory,
F6,0.1,0.025,10.0,40.0,1.0,calendar_reference_slow_response,illustrative reference convention; not calibrated,1.0.0,memory_diagnostic,37.33333333333333,second,clock_no_refresh_survival,0.023912992862805325,normalized_survival_or_memory,
F6,0.1,0.025,10.0,40.0,1.0,calendar_reference_slow_response,illustrative reference convention; not calibrated,1.0.0,memory_diagnostic,38.0,second,clock_no_refresh_survival,0.02237077185616559,normalized_survival_or_memory,
F6,0.1,0.025,10.0,40.0,1.0,calendar_reference_slow_response,illustrative reference convention; not calibrated,1.0.0,memory_diagnostic,38.666666666666664,second,clock_no_refresh_survival,0.02092801333199164,normalized_survival_or_memory,
F6,0.1,0.025,10.0,40.0,1.0,calendar_reference_slow_response,illustrative reference convention; not calibrated,1.0.0,memory_diagnostic,39.33333333333333,second,clock_no_refresh_survival,0.019578302654913008,normalized_survival_or_memory,
F6,0.1,0.025,10.0,40.0,1.0,calendar_reference_slow_response,illustrative reference convention; not calibrated,1.0.0,memory_diagnostic,40.0,second,clock_no_refresh_survival,0.01831563888873418,normalized_survival_or_memory,
F6,0.1,0.025,10.0,40.0,1.0,calendar_reference_slow_response,illustrative reference convention; not calibrated,1.0.0,memory_diagnostic,40.666666666666664,second,clock_no_refresh_survival,0.017134408115727567,normalized_survival_or_memory,
F6,0.1,0.025,10.0,40.0,1.0,calendar_reference_slow_response,illustrative reference convention; not calibrated,1.0.0,memory_diagnostic,41.33333333333333,second,clock_no_refresh_survival,0.01602935847664558,normalized_survival_or_memory,
F6,0.1,0.025,10.0,40.0,1.0,calendar_reference_slow_response,illustrative reference convention; not calibrated,1.0.0,memory_diagnostic,42.0,second,clock_no_refresh_survival,0.014995576820477703,normalized_survival_or_memory,
F6,0.1,0.025,10.0,40.0,1.0,calendar_reference_slow_response,illustrative reference convention; not calibrated,1.0.0,memory_diagnostic,42.666666666666664,second,clock_no_refresh_survival,0.014028466860135112,normalized_survival_or_memory,
F6,0.1,0.025,10.0,40.0,1.0,calendar_reference_slow_response,illustrative reference convention; not calibrated,1.0.0,memory_diagnostic,43.33333333333333,second,clock_no_refresh_survival,0.013123728736940968,normalized_survival_or_memory,
F6,0.1,0.025,10.0,40.0,1.0,calendar_reference_slow_response,illustrative reference convention; not calibrated,1.0.0,memory_diagnostic,44.0,second,clock_no_refresh_survival,0.012277339903068436,normalized_survival_or_memory,
F6,0.1,0.025,10.0,40.0,1.0,calendar_reference_slow_response,illustrative reference convention; not calibrated,1.0.0,memory_diagnostic,44.666666666666664,second,clock_no_refresh_survival,0.01148553723692793,normalized_survival_or_memory,
F6,0.1,0.025,10.0,40.0,1.0,calendar_reference_slow_response,illustrative reference convention; not calibrated,1.0.0,memory_diagnostic,45.33333333333333,second,clock_no_refresh_survival,0.010744800311986828,normalized_survival_or_memory,
F6,0.1,0.025,10.0,40.0,1.0,calendar_reference_slow_response,illustrative reference convention; not calibrated,1.0.0,memory_diagnostic,46.0,second,clock_no_refresh_survival,0.010051835744633576,normalized_survival_or_memory,
F6,0.1,0.025,10.0,40.0,1.0,calendar_reference_slow_response,illustrative reference convention; not calibrated,1.0.0,memory_diagnostic,46.666666666666664,second,clock_no_refresh_survival,0.009403562551495206,normalized_survival_or_memory,
F6,0.1,0.025,10.0,40.0,1.0,calendar_reference_slow_response,illustrative reference convention; not calibrated,1.0.0,memory_diagnostic,47.33333333333333,second,clock_no_refresh_survival,0.008797098451105509,normalized_survival_or_memory,
F6,0.1,0.025,10.0,40.0,1.0,calendar_reference_slow_response,illustrative reference convention; not calibrated,1.0.0,memory_diagnostic,48.0,second,clock_no_refresh_survival,0.008229747049020023,normalized_survival_or_memory,
F6,0.1,0.025,10.0,40.0,1.0,calendar_reference_slow_response,illustrative reference convention; not calibrated,1.0.0,memory_diagnostic,48.666666666666664,second,clock_no_refresh_survival,0.007698985849401577,normalized_survival_or_memory,
F6,0.1,0.025,10.0,40.0,1.0,calendar_reference_slow_response,illustrative reference convention; not calibrated,1.0.0,memory_diagnostic,49.33333333333333,second,clock_no_refresh_survival,0.007202455039774759,normalized_survival_or_memory,
F6,0.1,0.025,10.0,40.0,1.0,calendar_reference_slow_response,illustrative reference convention; not calibrated,1.0.0,memory_diagnostic,50.0,second,clock_no_refresh_survival,0.006737946999085467,normalized_survival_or_memory,
F6,0.1,0.025,10.0,40.0,1.0,calendar_reference_slow_response,illustrative reference convention; not calibrated,1.0.0,memory_diagnostic,50.666666666666664,second,clock_no_refresh_survival,0.006303396482417283,normalized_survival_or_memory,
F6,0.1,0.025,10.0,40.0,1.0,calendar_reference_slow_response,illustrative reference convention; not calibrated,1.0.0,memory_diagnostic,51.33333333333333,second,clock_no_refresh_survival,0.0058968714387250985,normalized_survival_or_memory,
F6,0.1,0.025,10.0,40.0,1.0,calendar_reference_slow_response,illustrative reference convention; not calibrated,1.0.0,memory_diagnostic,52.0,second,clock_no_refresh_survival,0.0055165644207607716,normalized_survival_or_memory,
F6,0.1,0.025,10.0,40.0,1.0,calendar_reference_slow_response,illustrative reference convention; not calibrated,1.0.0,memory_diagnostic,52.666666666666664,second,clock_no_refresh_survival,0.005160784548998603,normalized_survival_or_memory,
F6,0.1,0.025,10.0,40.0,1.0,calendar_reference_slow_response,illustrative reference convention; not calibrated,1.0.0,memory_diagnostic,53.33333333333333,second,clock_no_refresh_survival,0.004827949993831441,normalized_survival_or_memory,
F6,0.1,0.025,10.0,40.0,1.0,calendar_reference_slow_response,illustrative reference convention; not calibrated,1.0.0,memory_diagnostic,54.0,second,clock_no_refresh_survival,0.004516580942612666,normalized_survival_or_memory,
F6,0.1,0.025,10.0,40.0,1.0,calendar_reference_slow_response,illustrative reference convention; not calibrated,1.0.0,memory_diagnostic,54.666666666666664,second,clock_no_refresh_survival,0.004225293020274839,normalized_survival_or_memory,
F6,0.1,0.025,10.0,40.0,1.0,calendar_reference_slow_response,illustrative reference convention; not calibrated,1.0.0,memory_diagnostic,55.33333333333333,second,clock_no_refresh_survival,0.003952791134272453,normalized_survival_or_memory,
F6,0.1,0.025,10.0,40.0,1.0,calendar_reference_slow_response,illustrative reference convention; not calibrated,1.0.0,memory_diagnostic,56.0,second,clock_no_refresh_survival,0.003697863716482929,normalized_survival_or_memory,
F6,0.1,0.025,10.0,40.0,1.0,calendar_reference_slow_response,illustrative reference convention; not calibrated,1.0.0,memory_diagnostic,56.666666666666664,second,clock_no_refresh_survival,0.0034593773364647584,normalized_survival_or_memory,
F6,0.1,0.025,10.0,40.0,1.0,calendar_reference_slow_response,illustrative reference convention; not calibrated,1.0.0,memory_diagnostic,57.33333333333333,second,clock_no_refresh_survival,0.003236271662122855,normalized_survival_or_memory,
F6,0.1,0.025,10.0,40.0,1.0,calendar_reference_slow_response,illustrative reference convention; not calibrated,1.0.0,memory_diagnostic,58.0,second,clock_no_refresh_survival,0.0030275547453758127,normalized_survival_or_memory,
F6,0.1,0.025,10.0,40.0,1.0,calendar_reference_slow_response,illustrative reference convention; not calibrated,1.0.0,memory_diagnostic,58.666666666666664,second,clock_no_refresh_survival,0.0028322986118646943,normalized_survival_or_memory,
F6,0.1,0.025,10.0,40.0,1.0,calendar_reference_slow_response,illustrative reference convention; not calibrated,1.0.0,memory_diagnostic,59.33333333333333,second,clock_no_refresh_survival,0.002649635135094777,normalized_survival_or_memory,
F6,0.1,0.025,10.0,40.0,1.0,calendar_reference_slow_response,illustrative reference convention; not calibrated,1.0.0,memory_diagnostic,60.0,second,clock_no_refresh_survival,0.0024787521766663585,normalized_survival_or_memory,
F6,0.1,0.025,10.0,40.0,1.0,calendar_reference_slow_response,illustrative reference convention; not calibrated,1.0.0,memory_diagnostic,60.666666666666664,second,clock_no_refresh_survival,0.0023188899754337054,normalized_survival_or_memory,
F6,0.1,0.025,10.0,40.0,1.0,calendar_reference_slow_response,illustrative reference convention; not calibrated,1.0.0,memory_diagnostic,61.33333333333333,second,clock_no_refresh_survival,0.0021693377695380283,normalized_survival_or_memory,
F6,0.1,0.025,10.0,40.0,1.0,calendar_reference_slow_response,illustrative reference convention; not calibrated,1.0.0,memory_diagnostic,62.0,second,clock_no_refresh_survival,0.002029430636295734,normalized_survival_or_memory,
F6,0.1,0.025,10.0,40.0,1.0,calendar_reference_slow_response,illustrative reference convention; not calibrated,1.0.0,memory_diagnostic,62.666666666666664,second,clock_no_refresh_survival,0.0018985465358918202,normalized_survival_or_memory,
F6,0.1,0.025,10.0,40.0,1.0,calendar_reference_slow_response,illustrative reference convention; not calibrated,1.0.0,memory_diagnostic,63.33333333333333,second,clock_no_refresh_survival,0.0017761035457343791,normalized_survival_or_memory,
F6,0.1,0.025,10.0,40.0,1.0,calendar_reference_slow_response,illustrative reference convention; not calibrated,1.0.0,memory_diagnostic,64.0,second,clock_no_refresh_survival,0.001661557273173934,normalized_survival_or_memory,
F6,0.1,0.025,10.0,40.0,1.0,calendar_reference_slow_response,illustrative reference convention; not calibrated,1.0.0,memory_diagnostic,64.66666666666666,second,clock_no_refresh_survival,0.0015543984350843048,normalized_survival_or_memory,
F6,0.1,0.025,10.0,40.0,1.0,calendar_reference_slow_response,illustrative reference convention; not calibrated,1.0.0,memory_diagnostic,65.33333333333333,second,clock_no_refresh_survival,0.0014541505935435817,normalized_survival_or_memory,
F6,0.1,0.025,10.0,40.0,1.0,calendar_reference_slow_response,illustrative reference convention; not calibrated,1.0.0,memory_diagnostic,66.0,second,clock_no_refresh_survival,0.0013603680375478928,normalized_survival_or_memory,
F6,0.1,0.025,10.0,40.0,1.0,calendar_reference_slow_response,illustrative reference convention; not calibrated,1.0.0,memory_diagnostic,66.66666666666666,second,clock_no_refresh_survival,0.001272633801339809,normalized_survival_or_memory,
F6,0.1,0.025,10.0,40.0,1.0,calendar_reference_slow_response,illustrative reference convention; not calibrated,1.0.0,memory_diagnostic,67.33333333333333,second,clock_no_refresh_survival,0.0011905578105407307,normalized_survival_or_memory,
F6,0.1,0.025,10.0,40.0,1.0,calendar_reference_slow_response,illustrative reference convention; not calibrated,1.0.0,memory_diagnostic,68.0,second,clock_no_refresh_survival,0.0011137751478448022,normalized_survival_or_memory,
F6,0.1,0.025,10.0,40.0,1.0,calendar_reference_slow_response,illustrative reference convention; not calibrated,1.0.0,memory_diagnostic,68.66666666666666,second,clock_no_refresh_survival,0.0010419444305634364,normalized_survival_or_memory,
F6,0.1,0.025,10.0,40.0,1.0,calendar_reference_slow_response,illustrative reference convention; not calibrated,1.0.0,memory_diagnostic,69.33333333333333,second,clock_no_refresh_survival,0.0009747462928068856,normalized_survival_or_memory,
F6,0.1,0.025,10.0,40.0,1.0,calendar_reference_slow_response,illustrative reference convention; not calibrated,1.0.0,memory_diagnostic,70.0,second,clock_no_refresh_survival,0.0009118819655545162,normalized_survival_or_memory,
F6,0.1,0.025,10.0,40.0,1.0,calendar_reference_slow_response,illustrative reference convention; not calibrated,1.0.0,memory_diagnostic,70.66666666666666,second,clock_no_refresh_survival,0.0008530719483006112,normalized_survival_or_memory,
F6,0.1,0.025,10.0,40.0,1.0,calendar_reference_slow_response,illustrative reference convention; not calibrated,1.0.0,memory_diagnostic,71.33333333333333,second,clock_no_refresh_survival,0.000798054766369753,normalized_survival_or_memory,
F6,0.1,0.025,10.0,40.0,1.0,calendar_reference_slow_response,illustrative reference convention; not calibrated,1.0.0,memory_diagnostic,72.0,second,clock_no_refresh_survival,0.0007465858083766792,normalized_survival_or_memory,
F6,0.1,0.025,10.0,40.0,1.0,calendar_reference_slow_response,illustrative reference convention; not calibrated,1.0.0,memory_diagnostic,72.66666666666666,second,clock_no_refresh_survival,0.0006984362386618611,normalized_survival_or_memory,
F6,0.1,0.025,10.0,40.0,1.0,calendar_reference_slow_response,illustrative reference convention; not calibrated,1.0.0,memory_diagnostic,73.33333333333333,second,clock_no_refresh_survival,0.0006533919798673806,normalized_survival_or_memory,
F6,0.1,0.025,10.0,40.0,1.0,calendar_reference_slow_response,illustrative reference convention; not calibrated,1.0.0,memory_diagnostic,74.0,second,clock_no_refresh_survival,0.0006112527611295723,normalized_survival_or_memory,
F6,0.1,0.025,10.0,40.0,1.0,calendar_reference_slow_response,illustrative reference convention; not calibrated,1.0.0,memory_diagnostic,74.66666666666666,second,clock_no_refresh_survival,0.0005718312276565785,normalized_survival_or_memory,
F6,0.1,0.025,10.0,40.0,1.0,calendar_reference_slow_response,illustrative reference convention; not calibrated,1.0.0,memory_diagnostic,75.33333333333333,second,clock_no_refresh_survival,0.000534952107731934,normalized_survival_or_memory,
F6,0.1,0.025,10.0,40.0,1.0,calendar_reference_slow_response,illustrative reference convention; not calibrated,1.0.0,memory_diagnostic,76.0,second,clock_no_refresh_survival,0.0005004514334406104,normalized_survival_or_memory,
F6,0.1,0.025,10.0,40.0,1.0,calendar_reference_slow_response,illustrative reference convention; not calibrated,1.0.0,memory_diagnostic,76.66666666666666,second,clock_no_refresh_survival,0.0004681758116527773,normalized_survival_or_memory,
F6,0.1,0.025,10.0,40.0,1.0,calendar_reference_slow_response,illustrative reference convention; not calibrated,1.0.0,memory_diagnostic,77.33333333333333,second,clock_no_refresh_survival,0.0004379817420240199,normalized_survival_or_memory,
F6,0.1,0.025,10.0,40.0,1.0,calendar_reference_slow_response,illustrative reference convention; not calibrated,1.0.0,memory_diagnostic,78.0,second,clock_no_refresh_survival,0.00040973497897978643,normalized_survival_or_memory,
F6,0.1,0.025,10.0,40.0,1.0,calendar_reference_slow_response,illustrative reference convention; not calibrated,1.0.0,memory_diagnostic,78.66666666666666,second,clock_no_refresh_survival,0.0003833099348473737,normalized_survival_or_memory,
F6,0.1,0.025,10.0,40.0,1.0,calendar_reference_slow_response,illustrative reference convention; not calibrated,1.0.0,memory_diagnostic,79.33333333333333,second,clock_no_refresh_survival,0.00035858912148173215,normalized_survival_or_memory,
F6,0.1,0.025,10.0,40.0,1.0,calendar_reference_slow_response,illustrative reference convention; not calibrated,1.0.0,memory_diagnostic,80.0,second,clock_no_refresh_survival,0.00033546262790251185,normalized_survival_or_memory,
F6,0.1,0.025,10.0,40.0,1.0,calendar_reference_slow_response,illustrative reference convention; not calibrated,1.0.0,memory_diagnostic,80.66666666666666,second,clock_no_refresh_survival,0.00031382763161986234,normalized_survival_or_memory,
F6,0.1,0.025,10.0,40.0,1.0,calendar_reference_slow_response,illustrative reference convention; not calibrated,1.0.0,memory_diagnostic,81.33333333333333,second,clock_no_refresh_survival,0.0002935879414763107,normalized_survival_or_memory,
F6,0.1,0.025,10.0,40.0,1.0,calendar_reference_slow_response,illustrative reference convention; not calibrated,1.0.0,memory_diagnostic,82.0,second,clock_no_refresh_survival,0.00027465356997214205,normalized_survival_or_memory,
F6,0.1,0.025,10.0,40.0,1.0,calendar_reference_slow_response,illustrative reference convention; not calibrated,1.0.0,memory_diagnostic,82.66666666666666,second,clock_no_refresh_survival,0.0002569403331728096,normalized_survival_or_memory,
F6,0.1,0.025,10.0,40.0,1.0,calendar_reference_slow_response,illustrative reference convention; not calibrated,1.0.0,memory_diagnostic,83.33333333333333,second,clock_no_refresh_survival,0.00024036947641951407,normalized_survival_or_memory,
F6,0.1,0.025,10.0,40.0,1.0,calendar_reference_slow_response,illustrative reference convention; not calibrated,1.0.0,memory_diagnostic,84.0,second,clock_no_refresh_survival,0.0002248673241788482,normalized_survival_or_memory,
F6,0.1,0.025,10.0,40.0,1.0,calendar_reference_slow_response,illustrative reference convention; not calibrated,1.0.0,memory_diagnostic,84.66666666666666,second,clock_no_refresh_survival,0.00021036495247468172,normalized_survival_or_memory,
F6,0.1,0.025,10.0,40.0,1.0,calendar_reference_slow_response,illustrative reference convention; not calibrated,1.0.0,memory_diagnostic,85.33333333333333,second,clock_no_refresh_survival,0.0001967978824459091,normalized_survival_or_memory,
F6,0.1,0.025,10.0,40.0,1.0,calendar_reference_slow_response,illustrative reference convention; not calibrated,1.0.0,memory_diagnostic,86.0,second,clock_no_refresh_survival,0.0001841057936675792,normalized_survival_or_memory,
F6,0.1,0.025,10.0,40.0,1.0,calendar_reference_slow_response,illustrative reference convention; not calibrated,1.0.0,memory_diagnostic,86.66666666666666,second,clock_no_refresh_survival,0.00017223225596081014,normalized_survival_or_memory,
F6,0.1,0.025,10.0,40.0,1.0,calendar_reference_slow_response,illustrative reference convention; not calibrated,1.0.0,memory_diagnostic,87.33333333333333,second,clock_no_refresh_survival,0.0001611244784990914,normalized_survival_or_memory,
F6,0.1,0.025,10.0,40.0,1.0,calendar_reference_slow_response,illustrative reference convention; not calibrated,1.0.0,memory_diagnostic,88.0,second,clock_no_refresh_survival,0.0001507330750954765,normalized_survival_or_memory,
F6,0.1,0.025,10.0,40.0,1.0,calendar_reference_slow_response,illustrative reference convention; not calibrated,1.0.0,memory_diagnostic,88.66666666666666,second,clock_no_refresh_survival,0.00014101184462711393,normalized_survival_or_memory,
F6,0.1,0.025,10.0,40.0,1.0,calendar_reference_slow_response,illustrative reference convention; not calibrated,1.0.0,memory_diagnostic,89.33333333333333,second,clock_no_refresh_survival,0.00013191756562085807,normalized_survival_or_memory,
F6,0.1,0.025,10.0,40.0,1.0,calendar_reference_slow_response,illustrative reference convention; not calibrated,1.0.0,memory_diagnostic,90.0,second,clock_no_refresh_survival,0.00012340980408667956,normalized_survival_or_memory,
F6,0.1,0.025,10.0,40.0,1.0,calendar_reference_slow_response,illustrative reference convention; not calibrated,1.0.0,memory_diagnostic,90.66666666666666,second,clock_no_refresh_survival,0.00011545073374447223,normalized_survival_or_memory,
F6,0.1,0.025,10.0,40.0,1.0,calendar_reference_slow_response,illustrative reference convention; not calibrated,1.0.0,memory_diagnostic,91.33333333333333,second,clock_no_refresh_survival,0.0001080049678449793,normalized_survival_or_memory,
F6,0.1,0.025,10.0,40.0,1.0,calendar_reference_slow_response,illustrative reference convention; not calibrated,1.0.0,memory_diagnostic,92.0,second,clock_no_refresh_survival,0.00010103940183709324,normalized_survival_or_memory,
F6,0.1,0.025,10.0,40.0,1.0,calendar_reference_slow_response,illustrative reference convention; not calibrated,1.0.0,memory_diagnostic,92.66666666666666,second,clock_no_refresh_survival,9.452306618201739e-05,normalized_survival_or_memory,
F6,0.1,0.025,10.0,40.0,1.0,calendar_reference_slow_response,illustrative reference convention; not calibrated,1.0.0,memory_diagnostic,93.33333333333333,second,clock_no_refresh_survival,8.842698865988302e-05,normalized_survival_or_memory,
F6,0.1,0.025,10.0,40.0,1.0,calendar_reference_slow_response,illustrative reference convention; not calibrated,1.0.0,memory_diagnostic,94.0,second,clock_no_refresh_survival,8.272406555663223e-05,normalized_survival_or_memory,
F6,0.1,0.025,10.0,40.0,1.0,calendar_reference_slow_response,illustrative reference convention; not calibrated,1.0.0,memory_diagnostic,94.66666666666666,second,clock_no_refresh_survival,7.738894115844293e-05,normalized_survival_or_memory,
F6,0.1,0.025,10.0,40.0,1.0,calendar_reference_slow_response,illustrative reference convention; not calibrated,1.0.0,memory_diagnostic,95.33333333333333,second,clock_no_refresh_survival,7.239789501792424e-05,normalized_survival_or_memory,
F6,0.1,0.025,10.0,40.0,1.0,calendar_reference_slow_response,illustrative reference convention; not calibrated,1.0.0,memory_diagnostic,96.0,second,clock_no_refresh_survival,6.772873649085378e-05,normalized_survival_or_memory,
F6,0.1,0.025,10.0,40.0,1.0,calendar_reference_slow_response,illustrative reference convention; not calibrated,1.0.0,memory_diagnostic,96.66666666666666,second,clock_no_refresh_survival,6.336070607455965e-05,normalized_survival_or_memory,
F6,0.1,0.025,10.0,40.0,1.0,calendar_reference_slow_response,illustrative reference convention; not calibrated,1.0.0,memory_diagnostic,97.33333333333333,second,clock_no_refresh_survival,5.927438310928572e-05,normalized_survival_or_memory,
F6,0.1,0.025,10.0,40.0,1.0,calendar_reference_slow_response,illustrative reference convention; not calibrated,1.0.0,memory_diagnostic,98.0,second,clock_no_refresh_survival,5.545159943217694e-05,normalized_survival_or_memory,
F6,0.1,0.025,10.0,40.0,1.0,calendar_reference_slow_response,illustrative reference convention; not calibrated,1.0.0,memory_diagnostic,98.66666666666666,second,clock_no_refresh_survival,5.187535859997683e-05,normalized_survival_or_memory,
F6,0.1,0.025,10.0,40.0,1.0,calendar_reference_slow_response,illustrative reference convention; not calibrated,1.0.0,memory_diagnostic,99.33333333333333,second,clock_no_refresh_survival,4.8529760321298335e-05,normalized_survival_or_memory,
F6,0.1,0.025,10.0,40.0,1.0,calendar_reference_slow_response,illustrative reference convention; not calibrated,1.0.0,memory_diagnostic,100.0,second,clock_no_refresh_survival,4.5399929762484854e-05,normalized_survival_or_memory,
F6,0.1,0.025,10.0,40.0,1.0,calendar_reference_slow_response,illustrative reference convention; not calibrated,1.0.0,memory_diagnostic,100.66666666666666,second,clock_no_refresh_survival,4.247195141274942e-05,normalized_survival_or_memory,
F6,0.1,0.025,10.0,40.0,1.0,calendar_reference_slow_response,illustrative reference convention; not calibrated,1.0.0,memory_diagnostic,101.33333333333333,second,clock_no_refresh_survival,3.973280721455058e-05,normalized_survival_or_memory,
F6,0.1,0.025,10.0,40.0,1.0,calendar_reference_slow_response,illustrative reference convention; not calibrated,1.0.0,memory_diagnostic,102.0,second,clock_no_refresh_survival,3.7170318684126666e-05,normalized_survival_or_memory,
F6,0.1,0.025,10.0,40.0,1.0,calendar_reference_slow_response,illustrative reference convention; not calibrated,1.0.0,memory_diagnostic,102.66666666666666,second,clock_no_refresh_survival,3.477309276485182e-05,normalized_survival_or_memory,
F6,0.1,0.025,10.0,40.0,1.0,calendar_reference_slow_response,illustrative reference convention; not calibrated,1.0.0,memory_diagnostic,103.33333333333333,second,clock_no_refresh_survival,3.2530471172671234e-05,normalized_survival_or_memory,
F6,0.1,0.025,10.0,40.0,1.0,calendar_reference_slow_response,illustrative reference convention; not calibrated,1.0.0,memory_diagnostic,104.0,second,clock_no_refresh_survival,3.0432483008403625e-05,normalized_survival_or_memory,
F6,0.1,0.025,10.0,40.0,1.0,calendar_reference_slow_response,illustrative reference convention; not calibrated,1.0.0,memory_diagnostic,104.66666666666666,second,clock_no_refresh_survival,2.8469800426217617e-05,normalized_survival_or_memory,
F6,0.1,0.025,10.0,40.0,1.0,calendar_reference_slow_response,illustrative reference convention; not calibrated,1.0.0,memory_diagnostic,105.33333333333333,second,clock_no_refresh_survival,2.6633697161182717e-05,normalized_survival_or_memory,
F6,0.1,0.025,10.0,40.0,1.0,calendar_reference_slow_response,illustrative reference convention; not calibrated,1.0.0,memory_diagnostic,106.0,second,clock_no_refresh_survival,2.491600973150316e-05,normalized_survival_or_memory,
F6,0.1,0.025,10.0,40.0,1.0,calendar_reference_slow_response,illustrative reference convention; not calibrated,1.0.0,memory_diagnostic,106.66666666666666,second,clock_no_refresh_survival,2.3309101142937016e-05,normalized_survival_or_memory,
F6,0.1,0.025,10.0,40.0,1.0,calendar_reference_slow_response,illustrative reference convention; not calibrated,1.0.0,memory_diagnostic,107.33333333333333,second,clock_no_refresh_survival,2.180582693402601e-05,normalized_survival_or_memory,
F6,0.1,0.025,10.0,40.0,1.0,calendar_reference_slow_response,illustrative reference convention; not calibrated,1.0.0,memory_diagnostic,108.0,second,clock_no_refresh_survival,2.0399503411171922e-05,normalized_survival_or_memory,
F6,0.1,0.025,10.0,40.0,1.0,calendar_reference_slow_response,illustrative reference convention; not calibrated,1.0.0,memory_diagnostic,108.66666666666666,second,clock_no_refresh_survival,1.908387793232765e-05,normalized_survival_or_memory,
F6,0.1,0.025,10.0,40.0,1.0,calendar_reference_slow_response,illustrative reference convention; not calibrated,1.0.0,memory_diagnostic,109.33333333333333,second,clock_no_refresh_survival,1.7853101107183268e-05,normalized_survival_or_memory,
F6,0.1,0.025,10.0,40.0,1.0,calendar_reference_slow_response,illustrative reference convention; not calibrated,1.0.0,memory_diagnostic,110.0,second,clock_no_refresh_survival,1.670170079024566e-05,normalized_survival_or_memory,
F6,0.1,0.025,10.0,40.0,1.0,calendar_reference_slow_response,illustrative reference convention; not calibrated,1.0.0,memory_diagnostic,110.66666666666666,second,clock_no_refresh_survival,1.5624557751182907e-05,normalized_survival_or_memory,
F6,0.1,0.025,10.0,40.0,1.0,calendar_reference_slow_response,illustrative reference convention; not calibrated,1.0.0,memory_diagnostic,111.33333333333333,second,clock_no_refresh_survival,1.4616882914261518e-05,normalized_survival_or_memory,
F6,0.1,0.025,10.0,40.0,1.0,calendar_reference_slow_response,illustrative reference convention; not calibrated,1.0.0,memory_diagnostic,112.0,second,clock_no_refresh_survival,1.3674196065680938e-05,normalized_survival_or_memory,
F6,0.1,0.025,10.0,40.0,1.0,calendar_reference_slow_response,illustrative reference convention; not calibrated,1.0.0,memory_diagnostic,112.66666666666666,second,clock_no_refresh_survival,1.279230593413641e-05,normalized_survival_or_memory,
F6,0.1,0.025,10.0,40.0,1.0,calendar_reference_slow_response,illustrative reference convention; not calibrated,1.0.0,memory_diagnostic,113.33333333333333,second,clock_no_refresh_survival,1.1967291556046007e-05,normalized_survival_or_memory,
F6,0.1,0.025,10.0,40.0,1.0,calendar_reference_slow_response,illustrative reference convention; not calibrated,1.0.0,memory_diagnostic,114.0,second,clock_no_refresh_survival,1.119548484259094e-05,normalized_survival_or_memory,
F6,0.1,0.025,10.0,40.0,1.0,calendar_reference_slow_response,illustrative reference convention; not calibrated,1.0.0,memory_diagnostic,114.66666666666666,second,clock_no_refresh_survival,1.0473454271059428e-05,normalized_survival_or_memory,
F6,0.1,0.025,10.0,40.0,1.0,calendar_reference_slow_response,illustrative reference convention; not calibrated,1.0.0,memory_diagnostic,115.33333333333333,second,clock_no_refresh_survival,9.797989627985328e-06,normalized_survival_or_memory,
F6,0.1,0.025,10.0,40.0,1.0,calendar_reference_slow_response,illustrative reference convention; not calibrated,1.0.0,memory_diagnostic,116.0,second,clock_no_refresh_survival,9.166087736247602e-06,normalized_survival_or_memory,
F6,0.1,0.025,10.0,40.0,1.0,calendar_reference_slow_response,illustrative reference convention; not calibrated,1.0.0,memory_diagnostic,116.66666666666666,second,clock_no_refresh_survival,8.574939102672297e-06,normalized_survival_or_memory,
F6,0.1,0.025,10.0,40.0,1.0,calendar_reference_slow_response,illustrative reference convention; not calibrated,1.0.0,memory_diagnostic,117.33333333333333,second,clock_no_refresh_survival,8.021915426770674e-06,normalized_survival_or_memory,
F6,0.1,0.025,10.0,40.0,1.0,calendar_reference_slow_response,illustrative reference convention; not calibrated,1.0.0,memory_diagnostic,118.0,second,clock_no_refresh_survival,7.504557915076858e-06,normalized_survival_or_memory,
F6,0.1,0.025,10.0,40.0,1.0,calendar_reference_slow_response,illustrative reference convention; not calibrated,1.0.0,memory_diagnostic,118.66666666666666,second,clock_no_refresh_survival,7.020566349128716e-06,normalized_survival_or_memory,
F6,0.1,0.025,10.0,40.0,1.0,calendar_reference_slow_response,illustrative reference convention; not calibrated,1.0.0,memory_diagnostic,119.33333333333333,second,clock_no_refresh_survival,6.5677888584878385e-06,normalized_survival_or_memory,
F6,0.1,0.025,10.0,40.0,1.0,calendar_reference_slow_response,illustrative reference convention; not calibrated,1.0.0,memory_diagnostic,120.0,second,clock_no_refresh_survival,6.14421235332821e-06,normalized_survival_or_memory,
F6,0.1,0.025,10.0,40.0,1.0,calendar_reference_slow_response,illustrative reference convention; not calibrated,1.0.0,memory_diagnostic,120.66666666666666,second,clock_no_refresh_survival,5.747953574056096e-06,normalized_survival_or_memory,
F6,0.1,0.025,10.0,40.0,1.0,calendar_reference_slow_response,illustrative reference convention; not calibrated,1.0.0,memory_diagnostic,121.33333333333333,second,clock_no_refresh_survival,5.377250718166931e-06,normalized_survival_or_memory,
F6,0.1,0.025,10.0,40.0,1.0,calendar_reference_slow_response,illustrative reference convention; not calibrated,1.0.0,memory_diagnostic,122.0,second,clock_no_refresh_survival,5.030455607111439e-06,normalized_survival_or_memory,
F6,0.1,0.025,10.0,40.0,1.0,calendar_reference_slow_response,illustrative reference convention; not calibrated,1.0.0,memory_diagnostic,122.66666666666666,second,clock_no_refresh_survival,4.706026358344228e-06,normalized_survival_or_memory,
F6,0.1,0.025,10.0,40.0,1.0,calendar_reference_slow_response,illustrative reference convention; not calibrated,1.0.0,memory_diagnostic,123.33333333333333,second,clock_no_refresh_survival,4.402520529973925e-06,normalized_survival_or_memory,
F6,0.1,0.025,10.0,40.0,1.0,calendar_reference_slow_response,illustrative reference convention; not calibrated,1.0.0,memory_diagnostic,124.0,second,clock_no_refresh_survival,4.118588707535707e-06,normalized_survival_or_memory,
F6,0.1,0.025,10.0,40.0,1.0,calendar_reference_slow_response,illustrative reference convention; not calibrated,1.0.0,memory_diagnostic,124.66666666666666,second,clock_no_refresh_survival,3.8529685043719985e-06,normalized_survival_or_memory,
F6,0.1,0.025,10.0,40.0,1.0,calendar_reference_slow_response,illustrative reference convention; not calibrated,1.0.0,memory_diagnostic,125.33333333333333,second,clock_no_refresh_survival,3.60447894894683e-06,normalized_survival_or_memory,
F6,0.1,0.025,10.0,40.0,1.0,calendar_reference_slow_response,illustrative reference convention; not calibrated,1.0.0,memory_diagnostic,126.0,second,clock_no_refresh_survival,3.3720152341391786e-06,normalized_survival_or_memory,
F6,0.1,0.025,10.0,40.0,1.0,calendar_reference_slow_response,illustrative reference convention; not calibrated,1.0.0,memory_diagnostic,126.66666666666666,second,clock_no_refresh_survival,3.1545438051702337e-06,normalized_survival_or_memory,
F6,0.1,0.025,10.0,40.0,1.0,calendar_reference_slow_response,illustrative reference convention; not calibrated,1.0.0,memory_diagnostic,127.33333333333333,second,clock_no_refresh_survival,2.9510977643249675e-06,normalized_survival_or_memory,
F6,0.1,0.025,10.0,40.0,1.0,calendar_reference_slow_response,illustrative reference convention; not calibrated,1.0.0,memory_diagnostic,128.0,second,clock_no_refresh_survival,2.7607725720371986e-06,normalized_survival_or_memory,
F6,0.1,0.025,10.0,40.0,1.0,calendar_reference_slow_response,illustrative reference convention; not calibrated,1.0.0,memory_diagnostic,128.66666666666666,second,clock_no_refresh_survival,2.5827220252245053e-06,normalized_survival_or_memory,
F6,0.1,0.025,10.0,40.0,1.0,calendar_reference_slow_response,illustrative reference convention; not calibrated,1.0.0,memory_diagnostic,129.33333333333331,second,clock_no_refresh_survival,2.4161544949925356e-06,normalized_survival_or_memory,
F6,0.1,0.025,10.0,40.0,1.0,calendar_reference_slow_response,illustrative reference convention; not calibrated,1.0.0,memory_diagnostic,130.0,second,clock_no_refresh_survival,2.2603294069810542e-06,normalized_survival_or_memory,
F6,0.1,0.025,10.0,40.0,1.0,calendar_reference_slow_response,illustrative reference convention; not calibrated,1.0.0,memory_diagnostic,130.66666666666666,second,clock_no_refresh_survival,2.114553948703151e-06,normalized_survival_or_memory,
F6,0.1,0.025,10.0,40.0,1.0,calendar_reference_slow_response,illustrative reference convention; not calibrated,1.0.0,memory_diagnostic,131.33333333333331,second,clock_no_refresh_survival,1.9781799892379876e-06,normalized_survival_or_memory,
F6,0.1,0.025,10.0,40.0,1.0,calendar_reference_slow_response,illustrative reference convention; not calibrated,1.0.0,memory_diagnostic,132.0,second,clock_no_refresh_survival,1.8506011975819048e-06,normalized_survival_or_memory,
F6,0.1,0.025,10.0,40.0,1.0,calendar_reference_slow_response,illustrative reference convention; not calibrated,1.0.0,memory_diagnostic,132.66666666666666,second,clock_no_refresh_survival,1.7312503468457524e-06,normalized_survival_or_memory,
F6,0.1,0.025,10.0,40.0,1.0,calendar_reference_slow_response,illustrative reference convention; not calibrated,1.0.0,memory_diagnostic,133.33333333333331,second,clock_no_refresh_survival,1.6195967923126127e-06,normalized_survival_or_memory,
F6,0.1,0.025,10.0,40.0,1.0,calendar_reference_slow_response,illustrative reference convention; not calibrated,1.0.0,memory_diagnostic,134.0,second,clock_no_refresh_survival,1.515144112143249e-06,normalized_survival_or_memory,
F6,0.1,0.025,10.0,40.0,1.0,calendar_reference_slow_response,illustrative reference convention; not calibrated,1.0.0,memory_diagnostic,134.66666666666666,second,clock_no_refresh_survival,1.4174279002395385e-06,normalized_survival_or_memory,
F6,0.1,0.025,10.0,40.0,1.0,calendar_reference_slow_response,illustrative reference convention; not calibrated,1.0.0,memory_diagnostic,135.33333333333331,second,clock_no_refresh_survival,1.32601370145279e-06,normalized_survival_or_memory,
F6,0.1,0.025,10.0,40.0,1.0,calendar_reference_slow_response,illustrative reference convention; not calibrated,1.0.0,memory_diagnostic,136.0,second,clock_no_refresh_survival,1.240495079956711e-06,normalized_survival_or_memory,
F6,0.1,0.025,10.0,40.0,1.0,calendar_reference_slow_response,illustrative reference convention; not calibrated,1.0.0,memory_diagnostic,136.66666666666666,second,clock_no_refresh_survival,1.1604918121968607e-06,normalized_survival_or_memory,
F6,0.1,0.025,10.0,40.0,1.0,calendar_reference_slow_response,illustrative reference convention; not calibrated,1.0.0,memory_diagnostic,137.33333333333331,second,clock_no_refresh_survival,1.0856481963821639e-06,normalized_survival_or_memory,
F6,0.1,0.025,10.0,40.0,1.0,calendar_reference_slow_response,illustrative reference convention; not calibrated,1.0.0,memory_diagnostic,138.0,second,clock_no_refresh_survival,1.0156314710024903e-06,normalized_survival_or_memory,
F6,0.1,0.025,10.0,40.0,1.0,calendar_reference_slow_response,illustrative reference convention; not calibrated,1.0.0,memory_diagnostic,138.66666666666666,second,clock_no_refresh_survival,9.501303353407667e-07,normalized_survival_or_memory,
F6,0.1,0.025,10.0,40.0,1.0,calendar_reference_slow_response,illustrative reference convention; not calibrated,1.0.0,memory_diagnostic,139.33333333333331,second,clock_no_refresh_survival,8.888535654017224e-07,normalized_survival_or_memory,
F6,0.1,0.025,10.0,40.0,1.0,calendar_reference_slow_response,illustrative reference convention; not calibrated,1.0.0,memory_diagnostic,140.0,second,clock_no_refresh_survival,8.315287191035679e-07,normalized_survival_or_memory,
F6,0.1,0.025,10.0,40.0,1.0,calendar_reference_slow_response,illustrative reference convention; not calibrated,1.0.0,memory_diagnostic,140.66666666666666,second,clock_no_refresh_survival,7.779009249757819e-07,normalized_survival_or_memory,
F6,0.1,0.025,10.0,40.0,1.0,calendar_reference_slow_response,illustrative reference convention; not calibrated,1.0.0,memory_diagnostic,141.33333333333331,second,clock_no_refresh_survival,7.277317489774005e-07,normalized_survival_or_memory,
F6,0.1,0.025,10.0,40.0,1.0,calendar_reference_slow_response,illustrative reference convention; not calibrated,1.0.0,memory_diagnostic,142.0,second,clock_no_refresh_survival,6.807981343976331e-07,normalized_survival_or_memory,
F6,0.1,0.025,10.0,40.0,1.0,calendar_reference_slow_response,illustrative reference convention; not calibrated,1.0.0,memory_diagnostic,142.66666666666666,second,clock_no_refresh_survival,6.36891410125481e-07,normalized_survival_or_memory,
F6,0.1,0.025,10.0,40.0,1.0,calendar_reference_slow_response,illustrative reference convention; not calibrated,1.0.0,memory_diagnostic,143.33333333333331,second,clock_no_refresh_survival,5.958163628790245e-07,normalized_survival_or_memory,
F6,0.1,0.025,10.0,40.0,1.0,calendar_reference_slow_response,illustrative reference convention; not calibrated,1.0.0,memory_diagnostic,144.0,second,clock_no_refresh_survival,5.573903692694596e-07,normalized_survival_or_memory,
F6,0.1,0.025,10.0,40.0,1.0,calendar_reference_slow_response,illustrative reference convention; not calibrated,1.0.0,memory_diagnostic,144.66666666666666,second,clock_no_refresh_survival,5.214425838409324e-07,normalized_survival_or_memory,
F6,0.1,0.025,10.0,40.0,1.0,calendar_reference_slow_response,illustrative reference convention; not calibrated,1.0.0,memory_diagnostic,145.33333333333331,second,clock_no_refresh_survival,4.878131794761282e-07,normalized_survival_or_memory,
F6,0.1,0.025,10.0,40.0,1.0,calendar_reference_slow_response,illustrative reference convention; not calibrated,1.0.0,memory_diagnostic,146.0,second,clock_no_refresh_survival,4.563526367903986e-07,normalized_survival_or_memory,
F6,0.1,0.025,10.0,40.0,1.0,calendar_reference_slow_response,illustrative reference convention; not calibrated,1.0.0,memory_diagnostic,146.66666666666666,second,clock_no_refresh_survival,4.2692107935501555e-07,normalized_survival_or_memory,
F6,0.1,0.025,10.0,40.0,1.0,calendar_reference_slow_response,illustrative reference convention; not calibrated,1.0.0,memory_diagnostic,147.33333333333331,second,clock_no_refresh_survival,3.993876517938547e-07,normalized_survival_or_memory,
F6,0.1,0.025,10.0,40.0,1.0,calendar_reference_slow_response,illustrative reference convention; not calibrated,1.0.0,memory_diagnostic,148.0,second,clock_no_refresh_survival,3.73629937988526e-07,normalized_survival_or_memory,
F6,0.1,0.025,10.0,40.0,1.0,calendar_reference_slow_response,illustrative reference convention; not calibrated,1.0.0,memory_diagnostic,148.66666666666666,second,clock_no_refresh_survival,3.4953341680519633e-07,normalized_survival_or_memory,
F6,0.1,0.025,10.0,40.0,1.0,calendar_reference_slow_response,illustrative reference convention; not calibrated,1.0.0,memory_diagnostic,149.33333333333331,second,clock_no_refresh_survival,3.269909529232297e-07,normalized_survival_or_memory,
F6,0.1,0.025,10.0,40.0,1.0,calendar_reference_slow_response,illustrative reference convention; not calibrated,1.0.0,memory_diagnostic,150.0,second,clock_no_refresh_survival,3.059023205018258e-07,normalized_survival_or_memory,
F6,0.1,0.025,10.0,40.0,1.0,calendar_reference_slow_response,illustrative reference convention; not calibrated,1.0.0,memory_diagnostic,150.66666666666666,second,clock_no_refresh_survival,2.8617375756683873e-07,normalized_survival_or_memory,
F6,0.1,0.025,10.0,40.0,1.0,calendar_reference_slow_response,illustrative reference convention; not calibrated,1.0.0,memory_diagnostic,151.33333333333331,second,clock_no_refresh_survival,2.6771754913652246e-07,normalized_survival_or_memory,
F6,0.1,0.025,10.0,40.0,1.0,calendar_reference_slow_response,illustrative reference convention; not calibrated,1.0.0,memory_diagnostic,152.0,second,clock_no_refresh_survival,2.504516372327617e-07,normalized_survival_or_memory,
F6,0.1,0.025,10.0,40.0,1.0,calendar_reference_slow_response,illustrative reference convention; not calibrated,1.0.0,memory_diagnostic,152.66666666666666,second,clock_no_refresh_survival,2.3429925604385386e-07,normalized_survival_or_memory,
F6,0.1,0.025,10.0,40.0,1.0,calendar_reference_slow_response,illustrative reference convention; not calibrated,1.0.0,memory_diagnostic,153.33333333333331,second,clock_no_refresh_survival,2.191885906167368e-07,normalized_survival_or_memory,
F6,0.1,0.025,10.0,40.0,1.0,calendar_reference_slow_response,illustrative reference convention; not calibrated,1.0.0,memory_diagnostic,154.0,second,clock_no_refresh_survival,2.0505245756119267e-07,normalized_survival_or_memory,
F6,0.1,0.025,10.0,40.0,1.0,calendar_reference_slow_response,illustrative reference convention; not calibrated,1.0.0,memory_diagnostic,154.66666666666666,second,clock_no_refresh_survival,1.9182800634639517e-07,normalized_survival_or_memory,
F6,0.1,0.025,10.0,40.0,1.0,calendar_reference_slow_response,illustrative reference convention; not calibrated,1.0.0,memory_diagnostic,155.33333333333331,second,clock_no_refresh_survival,1.7945643986174251e-07,normalized_survival_or_memory,
F6,0.1,0.025,10.0,40.0,1.0,calendar_reference_slow_response,illustrative reference convention; not calibrated,1.0.0,memory_diagnostic,156.0,second,clock_no_refresh_survival,1.6788275299956603e-07,normalized_survival_or_memory,
F6,0.1,0.025,10.0,40.0,1.0,calendar_reference_slow_response,illustrative reference convention; not calibrated,1.0.0,memory_diagnostic,156.66666666666666,second,clock_no_refresh_survival,1.570554880974321e-07,normalized_survival_or_memory,
F6,0.1,0.025,10.0,40.0,1.0,calendar_reference_slow_response,illustrative reference convention; not calibrated,1.0.0,memory_diagnostic,157.33333333333331,second,clock_no_refresh_survival,1.4692650615269787e-07,normalized_survival_or_memory,
F6,0.1,0.025,10.0,40.0,1.0,calendar_reference_slow_response,illustrative reference convention; not calibrated,1.0.0,memory_diagnostic,158.0,second,clock_no_refresh_survival,1.374507727921396e-07,normalized_survival_or_memory,
F6,0.1,0.025,10.0,40.0,1.0,calendar_reference_slow_response,illustrative reference convention; not calibrated,1.0.0,memory_diagnostic,158.66666666666666,second,clock_no_refresh_survival,1.2858615804504045e-07,normalized_survival_or_memory,
F6,0.1,0.025,10.0,40.0,1.0,calendar_reference_slow_response,illustrative reference convention; not calibrated,1.0.0,memory_diagnostic,159.33333333333331,second,clock_no_refresh_survival,1.2029324902951513e-07,normalized_survival_or_memory,
F6,0.1,0.025,10.0,40.0,1.0,calendar_reference_slow_response,illustrative reference convention; not calibrated,1.0.0,memory_diagnostic,160.0,second,clock_no_refresh_survival,1.1253517471925912e-07,normalized_survival_or_memory,
F6,0.1,0.025,10.0,40.0,1.0,calendar_reference_slow_response,illustrative reference convention; not calibrated,1.0.0,memory_diagnostic,160.66666666666666,second,clock_no_refresh_survival,1.0527744201162044e-07,normalized_survival_or_memory,
F6,0.1,0.025,10.0,40.0,1.0,calendar_reference_slow_response,illustrative reference convention; not calibrated,1.0.0,memory_diagnostic,161.33333333333331,second,clock_no_refresh_survival,9.848778236813204e-08,normalized_survival_or_memory,
F6,0.1,0.025,10.0,40.0,1.0,calendar_reference_slow_response,illustrative reference convention; not calibrated,1.0.0,memory_diagnostic,162.0,second,clock_no_refresh_survival,9.213600834566135e-08,normalized_survival_or_memory,
F6,0.1,0.025,10.0,40.0,1.0,calendar_reference_slow_response,illustrative reference convention; not calibrated,1.0.0,memory_diagnostic,162.66666666666666,second,clock_no_refresh_survival,8.619387938029763e-08,normalized_survival_or_memory,
F6,0.1,0.025,10.0,40.0,1.0,calendar_reference_slow_response,illustrative reference convention; not calibrated,1.0.0,memory_diagnostic,163.33333333333331,second,clock_no_refresh_survival,8.063497622724118e-08,normalized_survival_or_memory,
F6,0.1,0.025,10.0,40.0,1.0,calendar_reference_slow_response,illustrative reference convention; not calibrated,1.0.0,memory_diagnostic,164.0,second,clock_no_refresh_survival,7.543458349844232e-08,normalized_survival_or_memory,
F6,0.1,0.025,10.0,40.0,1.0,calendar_reference_slow_response,illustrative reference convention; not calibrated,1.0.0,memory_diagnostic,164.66666666666666,second,clock_no_refresh_survival,7.056957977574386e-08,normalized_survival_or_memory,
F6,0.1,0.025,10.0,40.0,1.0,calendar_reference_slow_response,illustrative reference convention; not calibrated,1.0.0,memory_diagnostic,165.33333333333331,second,clock_no_refresh_survival,6.601833481095438e-08,normalized_survival_or_memory,
F6,0.1,0.025,10.0,40.0,1.0,calendar_reference_slow_response,illustrative reference convention; not calibrated,1.0.0,memory_diagnostic,166.0,second,clock_no_refresh_survival,6.176061335580363e-08,normalized_survival_or_memory,
F6,0.1,0.025,10.0,40.0,1.0,calendar_reference_slow_response,illustrative reference convention; not calibrated,1.0.0,memory_diagnostic,166.66666666666666,second,clock_no_refresh_survival,5.777748519419133e-08,normalized_survival_or_memory,
F6,0.1,0.025,10.0,40.0,1.0,calendar_reference_slow_response,illustrative reference convention; not calibrated,1.0.0,memory_diagnostic,167.33333333333331,second,clock_no_refresh_survival,5.405124097672707e-08,normalized_survival_or_memory,
F6,0.1,0.025,10.0,40.0,1.0,calendar_reference_slow_response,illustrative reference convention; not calibrated,1.0.0,memory_diagnostic,168.0,second,clock_no_refresh_survival,5.05653134833552e-08,normalized_survival_or_memory,
F6,0.1,0.025,10.0,40.0,1.0,calendar_reference_slow_response,illustrative reference convention; not calibrated,1.0.0,memory_diagnostic,168.66666666666666,second,clock_no_refresh_survival,4.730420396399225e-08,normalized_survival_or_memory,
F6,0.1,0.025,10.0,40.0,1.0,calendar_reference_slow_response,illustrative reference convention; not calibrated,1.0.0,memory_diagnostic,169.33333333333331,second,clock_no_refresh_survival,4.4253413229675097e-08,normalized_survival_or_memory,
F6,0.1,0.025,10.0,40.0,1.0,calendar_reference_slow_response,illustrative reference convention; not calibrated,1.0.0,memory_diagnostic,170.0,second,clock_no_refresh_survival,4.139937718785167e-08,normalized_survival_or_memory,
F6,0.1,0.025,10.0,40.0,1.0,calendar_reference_slow_response,illustrative reference convention; not calibrated,1.0.0,memory_diagnostic,170.66666666666666,second,clock_no_refresh_survival,3.8729406535193856e-08,normalized_survival_or_memory,
F6,0.1,0.025,10.0,40.0,1.0,calendar_reference_slow_response,illustrative reference convention; not calibrated,1.0.0,memory_diagnostic,171.33333333333331,second,clock_no_refresh_survival,3.623163033980305e-08,normalized_survival_or_memory,
F6,0.1,0.025,10.0,40.0,1.0,calendar_reference_slow_response,illustrative reference convention; not calibrated,1.0.0,memory_diagnostic,172.0,second,clock_no_refresh_survival,3.389494326196924e-08,normalized_survival_or_memory,
F6,0.1,0.025,10.0,40.0,1.0,calendar_reference_slow_response,illustrative reference convention; not calibrated,1.0.0,memory_diagnostic,172.66666666666666,second,clock_no_refresh_survival,3.17089561788226e-08,normalized_survival_or_memory,
F6,0.1,0.025,10.0,40.0,1.0,calendar_reference_slow_response,illustrative reference convention; not calibrated,1.0.0,memory_diagnostic,173.33333333333331,second,clock_no_refresh_survival,2.9663949993350024e-08,normalized_survival_or_memory,
F6,0.1,0.025,10.0,40.0,1.0,calendar_reference_slow_response,illustrative reference convention; not calibrated,1.0.0,memory_diagnostic,174.0,second,clock_no_refresh_survival,2.7750832422407467e-08,normalized_survival_or_memory,
F6,0.1,0.025,10.0,40.0,1.0,calendar_reference_slow_response,illustrative reference convention; not calibrated,1.0.0,memory_diagnostic,174.66666666666666,second,clock_no_refresh_survival,2.596109757160417e-08,normalized_survival_or_memory,
F6,0.1,0.025,10.0,40.0,1.0,calendar_reference_slow_response,illustrative reference convention; not calibrated,1.0.0,memory_diagnostic,175.33333333333331,second,clock_no_refresh_survival,2.4286788117323076e-08,normalized_survival_or_memory,
F6,0.1,0.025,10.0,40.0,1.0,calendar_reference_slow_response,illustrative reference convention; not calibrated,1.0.0,memory_diagnostic,176.0,second,clock_no_refresh_survival,2.2720459927738556e-08,normalized_survival_or_memory,
F6,0.1,0.025,10.0,40.0,1.0,calendar_reference_slow_response,illustrative reference convention; not calibrated,1.0.0,memory_diagnostic,176.66666666666666,second,clock_no_refresh_survival,2.125514896553039e-08,normalized_survival_or_memory,
F6,0.1,0.025,10.0,40.0,1.0,calendar_reference_slow_response,illustrative reference convention; not calibrated,1.0.0,memory_diagnostic,177.33333333333331,second,clock_no_refresh_survival,1.988434032514132e-08,normalized_survival_or_memory,
F6,0.1,0.025,10.0,40.0,1.0,calendar_reference_slow_response,illustrative reference convention; not calibrated,1.0.0,memory_diagnostic,178.0,second,clock_no_refresh_survival,1.860193926691551e-08,normalized_survival_or_memory,
F6,0.1,0.025,10.0,40.0,1.0,calendar_reference_slow_response,illustrative reference convention; not calibrated,1.0.0,memory_diagnostic,178.66666666666666,second,clock_no_refresh_survival,1.7402244119333394e-08,normalized_survival_or_memory,
F6,0.1,0.025,10.0,40.0,1.0,calendar_reference_slow_response,illustrative reference convention; not calibrated,1.0.0,memory_diagnostic,179.33333333333331,second,clock_no_refresh_survival,1.6279920928861788e-08,normalized_survival_or_memory,
F6,0.1,0.025,10.0,40.0,1.0,calendar_reference_slow_response,illustrative reference convention; not calibrated,1.0.0,memory_diagnostic,180.0,second,clock_no_refresh_survival,1.522997974471263e-08,normalized_survival_or_memory,
F6,0.1,0.025,10.0,40.0,1.0,calendar_reference_slow_response,illustrative reference convention; not calibrated,1.0.0,memory_diagnostic,180.66666666666666,second,clock_no_refresh_survival,1.4247752433068722e-08,normalized_survival_or_memory,
F6,0.1,0.025,10.0,40.0,1.0,calendar_reference_slow_response,illustrative reference convention; not calibrated,1.0.0,memory_diagnostic,181.33333333333331,second,clock_no_refresh_survival,1.332887192213702e-08,normalized_survival_or_memory,
F6,0.1,0.025,10.0,40.0,1.0,calendar_reference_slow_response,illustrative reference convention; not calibrated,1.0.0,memory_diagnostic,182.0,second,clock_no_refresh_survival,1.2469252785750989e-08,normalized_survival_or_memory,
F6,0.1,0.025,10.0,40.0,1.0,calendar_reference_slow_response,illustrative reference convention; not calibrated,1.0.0,memory_diagnostic,182.66666666666666,second,clock_no_refresh_survival,1.166507307919501e-08,normalized_survival_or_memory,
F6,0.1,0.025,10.0,40.0,1.0,calendar_reference_slow_response,illustrative reference convention; not calibrated,1.0.0,memory_diagnostic,183.33333333333331,second,clock_no_refresh_survival,1.0912757346491217e-08,normalized_survival_or_memory,
F6,0.1,0.025,10.0,40.0,1.0,calendar_reference_slow_response,illustrative reference convention; not calibrated,1.0.0,memory_diagnostic,184.0,second,clock_no_refresh_survival,1.0208960723597601e-08,normalized_survival_or_memory,
F6,0.1,0.025,10.0,40.0,1.0,calendar_reference_slow_response,illustrative reference convention; not calibrated,1.0.0,memory_diagnostic,184.66666666666666,second,clock_no_refresh_survival,9.550554066839031e-09,normalized_survival_or_memory,
F6,0.1,0.025,10.0,40.0,1.0,calendar_reference_slow_response,illustrative reference convention; not calibrated,1.0.0,memory_diagnostic,185.33333333333331,second,clock_no_refresh_survival,8.934610040450039e-09,normalized_survival_or_memory,
F6,0.1,0.025,10.0,40.0,1.0,calendar_reference_slow_response,illustrative reference convention; not calibrated,1.0.0,memory_diagnostic,186.0,second,clock_no_refresh_survival,8.358390101374608e-09,normalized_survival_or_memory,
F6,0.1,0.025,10.0,40.0,1.0,calendar_reference_slow_response,illustrative reference convention; not calibrated,1.0.0,memory_diagnostic,186.66666666666666,second,clock_no_refresh_survival,7.819332323455079e-09,normalized_survival_or_memory,
F6,0.1,0.025,10.0,40.0,1.0,calendar_reference_slow_response,illustrative reference convention; not calibrated,1.0.0,memory_diagnostic,187.33333333333331,second,clock_no_refresh_survival,7.3150400068757635e-09,normalized_survival_or_memory,
F6,0.1,0.025,10.0,40.0,1.0,calendar_reference_slow_response,illustrative reference convention; not calibrated,1.0.0,memory_diagnostic,188.0,second,clock_no_refresh_survival,6.843271022217988e-09,normalized_survival_or_memory,
F6,0.1,0.025,10.0,40.0,1.0,calendar_reference_slow_response,illustrative reference convention; not calibrated,1.0.0,memory_diagnostic,188.66666666666666,second,clock_no_refresh_survival,6.401927841749387e-09,normalized_survival_or_memory,
F6,0.1,0.025,10.0,40.0,1.0,calendar_reference_slow_response,illustrative reference convention; not calibrated,1.0.0,memory_diagnostic,189.33333333333331,second,clock_no_refresh_survival,5.989048213624943e-09,normalized_survival_or_memory,
F6,0.1,0.025,10.0,40.0,1.0,calendar_reference_slow_response,illustrative reference convention; not calibrated,1.0.0,memory_diagnostic,190.0,second,clock_no_refresh_survival,5.602796437537268e-09,normalized_survival_or_memory,
F6,0.1,0.025,10.0,40.0,1.0,calendar_reference_slow_response,illustrative reference convention; not calibrated,1.0.0,memory_diagnostic,190.66666666666666,second,clock_no_refresh_survival,5.241455203026379e-09,normalized_survival_or_memory,
F6,0.1,0.025,10.0,40.0,1.0,calendar_reference_slow_response,illustrative reference convention; not calibrated,1.0.0,memory_diagnostic,191.33333333333331,second,clock_no_refresh_survival,4.9034179541614946e-09,normalized_survival_or_memory,
F6,0.1,0.025,10.0,40.0,1.0,calendar_reference_slow_response,illustrative reference convention; not calibrated,1.0.0,memory_diagnostic,192.0,second,clock_no_refresh_survival,4.587181746647508e-09,normalized_survival_or_memory,
F6,0.1,0.025,10.0,40.0,1.0,calendar_reference_slow_response,illustrative reference convention; not calibrated,1.0.0,memory_diagnostic,192.66666666666666,second,clock_no_refresh_survival,4.2913405655982966e-09,normalized_survival_or_memory,
F6,0.1,0.025,10.0,40.0,1.0,calendar_reference_slow_response,illustrative reference convention; not calibrated,1.0.0,memory_diagnostic,193.33333333333331,second,clock_no_refresh_survival,4.014579074266741e-09,normalized_survival_or_memory,
F6,0.1,0.025,10.0,40.0,1.0,calendar_reference_slow_response,illustrative reference convention; not calibrated,1.0.0,memory_diagnostic,194.0,second,clock_no_refresh_survival,3.755666765938289e-09,normalized_survival_or_memory,
F6,0.1,0.025,10.0,40.0,1.0,calendar_reference_slow_response,illustrative reference convention; not calibrated,1.0.0,memory_diagnostic,194.66666666666666,second,clock_no_refresh_survival,3.513452492986376e-09,normalized_survival_or_memory,
F6,0.1,0.025,10.0,40.0,1.0,calendar_reference_slow_response,illustrative reference convention; not calibrated,1.0.0,memory_diagnostic,195.33333333333331,second,clock_no_refresh_survival,3.2868593487655183e-09,normalized_survival_or_memory,
F6,0.1,0.025,10.0,40.0,1.0,calendar_reference_slow_response,illustrative reference convention; not calibrated,1.0.0,memory_diagnostic,196.0,second,clock_no_refresh_survival,3.074879879586606e-09,normalized_survival_or_memory,
F6,0.1,0.025,10.0,40.0,1.0,calendar_reference_slow_response,illustrative reference convention; not calibrated,1.0.0,memory_diagnostic,196.66666666666666,second,clock_no_refresh_survival,2.8765716054864506e-09,normalized_survival_or_memory,
F6,0.1,0.025,10.0,40.0,1.0,calendar_reference_slow_response,illustrative reference convention; not calibrated,1.0.0,memory_diagnostic,197.33333333333331,second,clock_no_refresh_survival,2.6910528298761902e-09,normalized_survival_or_memory,
F6,0.1,0.025,10.0,40.0,1.0,calendar_reference_slow_response,illustrative reference convention; not calibrated,1.0.0,memory_diagnostic,198.0,second,clock_no_refresh_survival,2.517498719438278e-09,normalized_survival_or_memory,
F6,0.1,0.025,10.0,40.0,1.0,calendar_reference_slow_response,illustrative reference convention; not calibrated,1.0.0,memory_diagnostic,198.66666666666666,second,clock_no_refresh_survival,2.3551376368426624e-09,normalized_survival_or_memory,
F6,0.1,0.025,10.0,40.0,1.0,calendar_reference_slow_response,illustrative reference convention; not calibrated,1.0.0,memory_diagnostic,199.33333333333331,second,clock_no_refresh_survival,2.2032477099771687e-09,normalized_survival_or_memory,
F6,0.1,0.025,10.0,40.0,1.0,calendar_reference_slow_response,illustrative reference convention; not calibrated,1.0.0,memory_diagnostic,200.0,second,clock_no_refresh_survival,2.061153622438558e-09,normalized_survival_or_memory,
F6,0.1,0.025,10.0,40.0,1.0,calendar_reference_slow_response,illustrative reference convention; not calibrated,1.0.0,memory_diagnostic,0.0,second,coupling_relaxation_survival,1.0,normalized_survival_or_memory,
F6,0.1,0.025,10.0,40.0,1.0,calendar_reference_slow_response,illustrative reference convention; not calibrated,1.0.0,memory_diagnostic,0.6666666666666666,second,coupling_relaxation_survival,0.9834714538216175,normalized_survival_or_memory,
F6,0.1,0.025,10.0,40.0,1.0,calendar_reference_slow_response,illustrative reference convention; not calibrated,1.0.0,memory_diagnostic,1.3333333333333333,second,coupling_relaxation_survival,0.9672161004820059,normalized_survival_or_memory,
F6,0.1,0.025,10.0,40.0,1.0,calendar_reference_slow_response,illustrative reference convention; not calibrated,1.0.0,memory_diagnostic,2.0,second,coupling_relaxation_survival,0.951229424500714,normalized_survival_or_memory,
F6,0.1,0.025,10.0,40.0,1.0,calendar_reference_slow_response,illustrative reference convention; not calibrated,1.0.0,memory_diagnostic,2.6666666666666665,second,coupling_relaxation_survival,0.9355069850316178,normalized_survival_or_memory,
F6,0.1,0.025,10.0,40.0,1.0,calendar_reference_slow_response,illustrative reference convention; not calibrated,1.0.0,memory_diagnostic,3.333333333333333,second,coupling_relaxation_survival,0.9200444146293233,normalized_survival_or_memory,
F6,0.1,0.025,10.0,40.0,1.0,calendar_reference_slow_response,illustrative reference convention; not calibrated,1.0.0,memory_diagnostic,4.0,second,coupling_relaxation_survival,0.9048374180359595,normalized_survival_or_memory,
F6,0.1,0.025,10.0,40.0,1.0,calendar_reference_slow_response,illustrative reference convention; not calibrated,1.0.0,memory_diagnostic,4.666666666666666,second,coupling_relaxation_survival,0.8898817709880238,normalized_survival_or_memory,
F6,0.1,0.025,10.0,40.0,1.0,calendar_reference_slow_response,illustrative reference convention; not calibrated,1.0.0,memory_diagnostic,5.333333333333333,second,coupling_relaxation_survival,0.8751733190429475,normalized_survival_or_memory,
F6,0.1,0.025,10.0,40.0,1.0,calendar_reference_slow_response,illustrative reference convention; not calibrated,1.0.0,memory_diagnostic,6.0,second,coupling_relaxation_survival,0.8607079764250578,normalized_survival_or_memory,
F6,0.1,0.025,10.0,40.0,1.0,calendar_reference_slow_response,illustrative reference convention; not calibrated,1.0.0,memory_diagnostic,6.666666666666666,second,coupling_relaxation_survival,0.8464817248906141,normalized_survival_or_memory,
F6,0.1,0.025,10.0,40.0,1.0,calendar_reference_slow_response,illustrative reference convention; not calibrated,1.0.0,memory_diagnostic,7.333333333333333,second,coupling_relaxation_survival,0.8324906126116026,normalized_survival_or_memory,
F6,0.1,0.025,10.0,40.0,1.0,calendar_reference_slow_response,illustrative reference convention; not calibrated,1.0.0,memory_diagnostic,8.0,second,coupling_relaxation_survival,0.8187307530779818,normalized_survival_or_memory,
F6,0.1,0.025,10.0,40.0,1.0,calendar_reference_slow_response,illustrative reference convention; not calibrated,1.0.0,memory_diagnostic,8.666666666666666,second,coupling_relaxation_survival,0.8051983240180706,normalized_survival_or_memory,
F6,0.1,0.025,10.0,40.0,1.0,calendar_reference_slow_response,illustrative reference convention; not calibrated,1.0.0,memory_diagnostic,9.333333333333332,second,coupling_relaxation_survival,0.7918895663367816,normalized_survival_or_memory,
F6,0.1,0.025,10.0,40.0,1.0,calendar_reference_slow_response,illustrative reference convention; not calibrated,1.0.0,memory_diagnostic,10.0,second,coupling_relaxation_survival,0.7788007830714049,normalized_survival_or_memory,
F6,0.1,0.025,10.0,40.0,1.0,calendar_reference_slow_response,illustrative reference convention; not calibrated,1.0.0,memory_diagnostic,10.666666666666666,second,coupling_relaxation_survival,0.7659283383646487,normalized_survival_or_memory,
F6,0.1,0.025,10.0,40.0,1.0,calendar_reference_slow_response,illustrative reference convention; not calibrated,1.0.0,memory_diagnostic,11.333333333333332,second,coupling_relaxation_survival,0.7532686564546568,normalized_survival_or_memory,
F6,0.1,0.025,10.0,40.0,1.0,calendar_reference_slow_response,illustrative reference convention; not calibrated,1.0.0,memory_diagnostic,12.0,second,coupling_relaxation_survival,0.7408182206817179,normalized_survival_or_memory,
F6,0.1,0.025,10.0,40.0,1.0,calendar_reference_slow_response,illustrative reference convention; not calibrated,1.0.0,memory_diagnostic,12.666666666666666,second,coupling_relaxation_survival,0.728573572511393,normalized_survival_or_memory,
F6,0.1,0.025,10.0,40.0,1.0,calendar_reference_slow_response,illustrative reference convention; not calibrated,1.0.0,memory_diagnostic,13.333333333333332,second,coupling_relaxation_survival,0.7165313105737893,normalized_survival_or_memory,
F6,0.1,0.025,10.0,40.0,1.0,calendar_reference_slow_response,illustrative reference convention; not calibrated,1.0.0,memory_diagnostic,14.0,second,coupling_relaxation_survival,0.7046880897187134,normalized_survival_or_memory,
F6,0.1,0.025,10.0,40.0,1.0,calendar_reference_slow_response,illustrative reference convention; not calibrated,1.0.0,memory_diagnostic,14.666666666666666,second,coupling_relaxation_survival,0.6930406200864415,normalized_survival_or_memory,
F6,0.1,0.025,10.0,40.0,1.0,calendar_reference_slow_response,illustrative reference convention; not calibrated,1.0.0,memory_diagnostic,15.333333333333332,second,coupling_relaxation_survival,0.681585666193848,normalized_survival_or_memory,
F6,0.1,0.025,10.0,40.0,1.0,calendar_reference_slow_response,illustrative reference convention; not calibrated,1.0.0,memory_diagnostic,16.0,second,coupling_relaxation_survival,0.6703200460356393,normalized_survival_or_memory,
F6,0.1,0.025,10.0,40.0,1.0,calendar_reference_slow_response,illustrative reference convention; not calibrated,1.0.0,memory_diagnostic,16.666666666666664,second,coupling_relaxation_survival,0.6592406302004438,normalized_survival_or_memory,
F6,0.1,0.025,10.0,40.0,1.0,calendar_reference_slow_response,illustrative reference convention; not calibrated,1.0.0,memory_diagnostic,17.333333333333332,second,coupling_relaxation_survival,0.6483443410015097,normalized_survival_or_memory,
F6,0.1,0.025,10.0,40.0,1.0,calendar_reference_slow_response,illustrative reference convention; not calibrated,1.0.0,memory_diagnostic,18.0,second,coupling_relaxation_survival,0.6376281516217733,normalized_survival_or_memory,
F6,0.1,0.025,10.0,40.0,1.0,calendar_reference_slow_response,illustrative reference convention; not calibrated,1.0.0,memory_diagnostic,18.666666666666664,second,coupling_relaxation_survival,0.6270890852730562,normalized_survival_or_memory,
F6,0.1,0.025,10.0,40.0,1.0,calendar_reference_slow_response,illustrative reference convention; not calibrated,1.0.0,memory_diagnostic,19.333333333333332,second,coupling_relaxation_survival,0.6167242143691608,normalized_survival_or_memory,
F6,0.1,0.025,10.0,40.0,1.0,calendar_reference_slow_response,illustrative reference convention; not calibrated,1.0.0,memory_diagnostic,20.0,second,coupling_relaxation_survival,0.6065306597126334,normalized_survival_or_memory,
F6,0.1,0.025,10.0,40.0,1.0,calendar_reference_slow_response,illustrative reference convention; not calibrated,1.0.0,memory_diagnostic,20.666666666666664,second,coupling_relaxation_survival,0.5965055896949684,normalized_survival_or_memory,
F6,0.1,0.025,10.0,40.0,1.0,calendar_reference_slow_response,illustrative reference convention; not calibrated,1.0.0,memory_diagnostic,21.333333333333332,second,coupling_relaxation_survival,0.5866462195100318,normalized_survival_or_memory,
F6,0.1,0.025,10.0,40.0,1.0,calendar_reference_slow_response,illustrative reference convention; not calibrated,1.0.0,memory_diagnostic,22.0,second,coupling_relaxation_survival,0.5769498103804866,normalized_survival_or_memory,
F6,0.1,0.025,10.0,40.0,1.0,calendar_reference_slow_response,illustrative reference convention; not calibrated,1.0.0,memory_diagnostic,22.666666666666664,second,coupling_relaxation_survival,0.5674136687970038,normalized_survival_or_memory,
F6,0.1,0.025,10.0,40.0,1.0,calendar_reference_slow_response,illustrative reference convention; not calibrated,1.0.0,memory_diagnostic,23.333333333333332,second,coupling_relaxation_survival,0.5580351457700471,normalized_survival_or_memory,
F6,0.1,0.025,10.0,40.0,1.0,calendar_reference_slow_response,illustrative reference convention; not calibrated,1.0.0,memory_diagnostic,24.0,second,coupling_relaxation_survival,0.5488116360940264,normalized_survival_or_memory,
F6,0.1,0.025,10.0,40.0,1.0,calendar_reference_slow_response,illustrative reference convention; not calibrated,1.0.0,memory_diagnostic,24.666666666666664,second,coupling_relaxation_survival,0.5397405776236126,normalized_survival_or_memory,
F6,0.1,0.025,10.0,40.0,1.0,calendar_reference_slow_response,illustrative reference convention; not calibrated,1.0.0,memory_diagnostic,25.333333333333332,second,coupling_relaxation_survival,0.530819450562014,normalized_survival_or_memory,
F6,0.1,0.025,10.0,40.0,1.0,calendar_reference_slow_response,illustrative reference convention; not calibrated,1.0.0,memory_diagnostic,26.0,second,coupling_relaxation_survival,0.522045776761016,normalized_survival_or_memory,
F6,0.1,0.025,10.0,40.0,1.0,calendar_reference_slow_response,illustrative reference convention; not calibrated,1.0.0,memory_diagnostic,26.666666666666664,second,coupling_relaxation_survival,0.513417119032592,normalized_survival_or_memory,
F6,0.1,0.025,10.0,40.0,1.0,calendar_reference_slow_response,illustrative reference convention; not calibrated,1.0.0,memory_diagnostic,27.333333333333332,second,coupling_relaxation_survival,0.5049310804718897,normalized_survival_or_memory,
F6,0.1,0.025,10.0,40.0,1.0,calendar_reference_slow_response,illustrative reference convention; not calibrated,1.0.0,memory_diagnostic,28.0,second,coupling_relaxation_survival,0.49658530379140947,normalized_survival_or_memory,
F6,0.1,0.025,10.0,40.0,1.0,calendar_reference_slow_response,illustrative reference convention; not calibrated,1.0.0,memory_diagnostic,28.666666666666664,second,coupling_relaxation_survival,0.4883774706661871,normalized_survival_or_memory,
F6,0.1,0.025,10.0,40.0,1.0,calendar_reference_slow_response,illustrative reference convention; not calibrated,1.0.0,memory_diagnostic,29.333333333333332,second,coupling_relaxation_survival,0.48030530108979935,normalized_survival_or_memory,
F6,0.1,0.025,10.0,40.0,1.0,calendar_reference_slow_response,illustrative reference convention; not calibrated,1.0.0,memory_diagnostic,30.0,second,coupling_relaxation_survival,0.4723665527410147,normalized_survival_or_memory,
F6,0.1,0.025,10.0,40.0,1.0,calendar_reference_slow_response,illustrative reference convention; not calibrated,1.0.0,memory_diagnostic,30.666666666666664,second,coupling_relaxation_survival,0.4645590203609115,normalized_survival_or_memory,
F6,0.1,0.025,10.0,40.0,1.0,calendar_reference_slow_response,illustrative reference convention; not calibrated,1.0.0,memory_diagnostic,31.333333333333332,second,coupling_relaxation_survival,0.45688053514029203,normalized_survival_or_memory,
F6,0.1,0.025,10.0,40.0,1.0,calendar_reference_slow_response,illustrative reference convention; not calibrated,1.0.0,memory_diagnostic,32.0,second,coupling_relaxation_survival,0.44932896411722156,normalized_survival_or_memory,
F6,0.1,0.025,10.0,40.0,1.0,calendar_reference_slow_response,illustrative reference convention; not calibrated,1.0.0,memory_diagnostic,32.666666666666664,second,coupling_relaxation_survival,0.4419022095845253,normalized_survival_or_memory,
F6,0.1,0.025,10.0,40.0,1.0,calendar_reference_slow_response,illustrative reference convention; not calibrated,1.0.0,memory_diagnostic,33.33333333333333,second,coupling_relaxation_survival,0.43459820850707825,normalized_survival_or_memory,
F6,0.1,0.025,10.0,40.0,1.0,calendar_reference_slow_response,illustrative reference convention; not calibrated,1.0.0,memory_diagnostic,34.0,second,coupling_relaxation_survival,0.42741493194872665,normalized_survival_or_memory,
F6,0.1,0.025,10.0,40.0,1.0,calendar_reference_slow_response,illustrative reference convention; not calibrated,1.0.0,memory_diagnostic,34.666666666666664,second,coupling_relaxation_survival,0.4203503845086819,normalized_survival_or_memory,
F6,0.1,0.025,10.0,40.0,1.0,calendar_reference_slow_response,illustrative reference convention; not calibrated,1.0.0,memory_diagnostic,35.33333333333333,second,coupling_relaxation_survival,0.4134026037672293,normalized_survival_or_memory,
F6,0.1,0.025,10.0,40.0,1.0,calendar_reference_slow_response,illustrative reference convention; not calibrated,1.0.0,memory_diagnostic,36.0,second,coupling_relaxation_survival,0.4065696597405991,normalized_survival_or_memory,
F6,0.1,0.025,10.0,40.0,1.0,calendar_reference_slow_response,illustrative reference convention; not calibrated,1.0.0,memory_diagnostic,36.666666666666664,second,coupling_relaxation_survival,0.39984965434484737,normalized_survival_or_memory,
F6,0.1,0.025,10.0,40.0,1.0,calendar_reference_slow_response,illustrative reference convention; not calibrated,1.0.0,memory_diagnostic,37.33333333333333,second,coupling_relaxation_survival,0.3932407208685983,normalized_survival_or_memory,
F6,0.1,0.025,10.0,40.0,1.0,calendar_reference_slow_response,illustrative reference convention; not calibrated,1.0.0,memory_diagnostic,38.0,second,coupling_relaxation_survival,0.3867410234545012,normalized_survival_or_memory,
F6,0.1,0.025,10.0,40.0,1.0,calendar_reference_slow_response,illustrative reference convention; not calibrated,1.0.0,memory_diagnostic,38.666666666666664,second,coupling_relaxation_survival,0.38034875658925854,normalized_survival_or_memory,
F6,0.1,0.025,10.0,40.0,1.0,calendar_reference_slow_response,illustrative reference convention; not calibrated,1.0.0,memory_diagnostic,39.33333333333333,second,coupling_relaxation_survival,0.37406214460208265,normalized_survival_or_memory,
F6,0.1,0.025,10.0,40.0,1.0,calendar_reference_slow_response,illustrative reference convention; not calibrated,1.0.0,memory_diagnostic,40.0,second,coupling_relaxation_survival,0.36787944117144233,normalized_survival_or_memory,
F6,0.1,0.025,10.0,40.0,1.0,calendar_reference_slow_response,illustrative reference convention; not calibrated,1.0.0,memory_diagnostic,40.666666666666664,second,coupling_relaxation_survival,0.3617989288399626,normalized_survival_or_memory,
F6,0.1,0.025,10.0,40.0,1.0,calendar_reference_slow_response,illustrative reference convention; not calibrated,1.0.0,memory_diagnostic,41.33333333333333,second,coupling_relaxation_survival,0.355818918537342,normalized_survival_or_memory,
F6,0.1,0.025,10.0,40.0,1.0,calendar_reference_slow_response,illustrative reference convention; not calibrated,1.0.0,memory_diagnostic,42.0,second,coupling_relaxation_survival,0.3499377491111553,normalized_survival_or_memory,
F6,0.1,0.025,10.0,40.0,1.0,calendar_reference_slow_response,illustrative reference convention; not calibrated,1.0.0,memory_diagnostic,42.666666666666664,second,coupling_relaxation_survival,0.34415378686541237,normalized_survival_or_memory,
F6,0.1,0.025,10.0,40.0,1.0,calendar_reference_slow_response,illustrative reference convention; not calibrated,1.0.0,memory_diagnostic,43.33333333333333,second,coupling_relaxation_survival,0.3384654251067422,normalized_survival_or_memory,
F6,0.1,0.025,10.0,40.0,1.0,calendar_reference_slow_response,illustrative reference convention; not calibrated,1.0.0,memory_diagnostic,44.0,second,coupling_relaxation_survival,0.33287108369807955,normalized_survival_or_memory,
F6,0.1,0.025,10.0,40.0,1.0,calendar_reference_slow_response,illustrative reference convention; not calibrated,1.0.0,memory_diagnostic,44.666666666666664,second,coupling_relaxation_survival,0.3273692086197276,normalized_survival_or_memory,
F6,0.1,0.025,10.0,40.0,1.0,calendar_reference_slow_response,illustrative reference convention; not calibrated,1.0.0,memory_diagnostic,45.33333333333333,second,coupling_relaxation_survival,0.3219582715376759,normalized_survival_or_memory,
F6,0.1,0.025,10.0,40.0,1.0,calendar_reference_slow_response,illustrative reference convention; not calibrated,1.0.0,memory_diagnostic,46.0,second,coupling_relaxation_survival,0.31663676937905316,normalized_survival_or_memory,
F6,0.1,0.025,10.0,40.0,1.0,calendar_reference_slow_response,illustrative reference convention; not calibrated,1.0.0,memory_diagnostic,46.666666666666664,second,coupling_relaxation_survival,0.3114032239145977,normalized_survival_or_memory,
F6,0.1,0.025,10.0,40.0,1.0,calendar_reference_slow_response,illustrative reference convention; not calibrated,1.0.0,memory_diagnostic,47.33333333333333,second,coupling_relaxation_survival,0.30625618134802807,normalized_survival_or_memory,
F6,0.1,0.025,10.0,40.0,1.0,calendar_reference_slow_response,illustrative reference convention; not calibrated,1.0.0,memory_diagnostic,48.0,second,coupling_relaxation_survival,0.301194211912202,normalized_survival_or_memory,
F6,0.1,0.025,10.0,40.0,1.0,calendar_reference_slow_response,illustrative reference convention; not calibrated,1.0.0,memory_diagnostic,48.666666666666664,second,coupling_relaxation_survival,0.2962159094719497,normalized_survival_or_memory,
F6,0.1,0.025,10.0,40.0,1.0,calendar_reference_slow_response,illustrative reference convention; not calibrated,1.0.0,memory_diagnostic,49.33333333333333,second,coupling_relaxation_survival,0.291319891133471,normalized_survival_or_memory,
F6,0.1,0.025,10.0,40.0,1.0,calendar_reference_slow_response,illustrative reference convention; not calibrated,1.0.0,memory_diagnostic,50.0,second,coupling_relaxation_survival,0.2865047968601901,normalized_survival_or_memory,
F6,0.1,0.025,10.0,40.0,1.0,calendar_reference_slow_response,illustrative reference convention; not calibrated,1.0.0,memory_diagnostic,50.666666666666664,second,coupling_relaxation_survival,0.28176928909495835,normalized_survival_or_memory,
F6,0.1,0.025,10.0,40.0,1.0,calendar_reference_slow_response,illustrative reference convention; not calibrated,1.0.0,memory_diagnostic,51.33333333333333,second,coupling_relaxation_survival,0.27711205238850234,normalized_survival_or_memory,
F6,0.1,0.025,10.0,40.0,1.0,calendar_reference_slow_response,illustrative reference convention; not calibrated,1.0.0,memory_diagnostic,52.0,second,coupling_relaxation_survival,0.2725317930340126,normalized_survival_or_memory,
F6,0.1,0.025,10.0,40.0,1.0,calendar_reference_slow_response,illustrative reference convention; not calibrated,1.0.0,memory_diagnostic,52.666666666666664,second,coupling_relaxation_survival,0.26802723870777256,normalized_survival_or_memory,
F6,0.1,0.025,10.0,40.0,1.0,calendar_reference_slow_response,illustrative reference convention; not calibrated,1.0.0,memory_diagnostic,53.33333333333333,second,coupling_relaxation_survival,0.26359713811572677,normalized_survival_or_memory,
F6,0.1,0.025,10.0,40.0,1.0,calendar_reference_slow_response,illustrative reference convention; not calibrated,1.0.0,memory_diagnostic,54.0,second,coupling_relaxation_survival,0.2592402606458915,normalized_survival_or_memory,
F6,0.1,0.025,10.0,40.0,1.0,calendar_reference_slow_response,illustrative reference convention; not calibrated,1.0.0,memory_diagnostic,54.666666666666664,second,coupling_relaxation_survival,0.25495539602650996,normalized_survival_or_memory,
F6,0.1,0.025,10.0,40.0,1.0,calendar_reference_slow_response,illustrative reference convention; not calibrated,1.0.0,memory_diagnostic,55.33333333333333,second,coupling_relaxation_survival,0.25074135398985803,normalized_survival_or_memory,
F6,0.1,0.025,10.0,40.0,1.0,calendar_reference_slow_response,illustrative reference convention; not calibrated,1.0.0,memory_diagnostic,56.0,second,coupling_relaxation_survival,0.24659696394160643,normalized_survival_or_memory,
F6,0.1,0.025,10.0,40.0,1.0,calendar_reference_slow_response,illustrative reference convention; not calibrated,1.0.0,memory_diagnostic,56.666666666666664,second,coupling_relaxation_survival,0.24252107463564868,normalized_survival_or_memory,
F6,0.1,0.025,10.0,40.0,1.0,calendar_reference_slow_response,illustrative reference convention; not calibrated,1.0.0,memory_diagnostic,57.33333333333333,second,coupling_relaxation_survival,0.23851255385430242,normalized_survival_or_memory,
F6,0.1,0.025,10.0,40.0,1.0,calendar_reference_slow_response,illustrative reference convention; not calibrated,1.0.0,memory_diagnostic,58.0,second,coupling_relaxation_survival,0.2345702880937976,normalized_survival_or_memory,
F6,0.1,0.025,10.0,40.0,1.0,calendar_reference_slow_response,illustrative reference convention; not calibrated,1.0.0,memory_diagnostic,58.666666666666664,second,coupling_relaxation_survival,0.2306931822549628,normalized_survival_or_memory,
F6,0.1,0.025,10.0,40.0,1.0,calendar_reference_slow_response,illustrative reference convention; not calibrated,1.0.0,memory_diagnostic,59.33333333333333,second,coupling_relaxation_survival,0.22688015933902364,normalized_survival_or_memory,
F6,0.1,0.025,10.0,40.0,1.0,calendar_reference_slow_response,illustrative reference convention; not calibrated,1.0.0,memory_diagnostic,60.0,second,coupling_relaxation_survival,0.22313016014842982,normalized_survival_or_memory,
F6,0.1,0.025,10.0,40.0,1.0,calendar_reference_slow_response,illustrative reference convention; not calibrated,1.0.0,memory_diagnostic,60.666666666666664,second,coupling_relaxation_survival,0.21944214299262663,normalized_survival_or_memory,
F6,0.1,0.025,10.0,40.0,1.0,calendar_reference_slow_response,illustrative reference convention; not calibrated,1.0.0,memory_diagnostic,61.33333333333333,second,coupling_relaxation_survival,0.2158150833986898,normalized_survival_or_memory,
F6,0.1,0.025,10.0,40.0,1.0,calendar_reference_slow_response,illustrative reference convention; not calibrated,1.0.0,memory_diagnostic,62.0,second,coupling_relaxation_survival,0.21224797382674304,normalized_survival_or_memory,
F6,0.1,0.025,10.0,40.0,1.0,calendar_reference_slow_response,illustrative reference convention; not calibrated,1.0.0,memory_diagnostic,62.666666666666664,second,coupling_relaxation_survival,0.20873982339007963,normalized_survival_or_memory,
F6,0.1,0.025,10.0,40.0,1.0,calendar_reference_slow_response,illustrative reference convention; not calibrated,1.0.0,memory_diagnostic,63.33333333333333,second,coupling_relaxation_survival,0.20528965757990927,normalized_survival_or_memory,
F6,0.1,0.025,10.0,40.0,1.0,calendar_reference_slow_response,illustrative reference convention; not calibrated,1.0.0,memory_diagnostic,64.0,second,coupling_relaxation_survival,0.20189651799465538,normalized_survival_or_memory,
F6,0.1,0.025,10.0,40.0,1.0,calendar_reference_slow_response,illustrative reference convention; not calibrated,1.0.0,memory_diagnostic,64.66666666666666,second,coupling_relaxation_survival,0.19855946207372616,normalized_survival_or_memory,
F6,0.1,0.025,10.0,40.0,1.0,calendar_reference_slow_response,illustrative reference convention; not calibrated,1.0.0,memory_diagnostic,65.33333333333333,second,coupling_relaxation_survival,0.19527756283568573,normalized_survival_or_memory,
F6,0.1,0.025,10.0,40.0,1.0,calendar_reference_slow_response,illustrative reference convention; not calibrated,1.0.0,memory_diagnostic,66.0,second,coupling_relaxation_survival,0.19204990862075408,normalized_survival_or_memory,
F6,0.1,0.025,10.0,40.0,1.0,calendar_reference_slow_response,illustrative reference convention; not calibrated,1.0.0,memory_diagnostic,66.66666666666666,second,coupling_relaxation_survival,0.18887560283756186,normalized_survival_or_memory,
F6,0.1,0.025,10.0,40.0,1.0,calendar_reference_slow_response,illustrative reference convention; not calibrated,1.0.0,memory_diagnostic,67.33333333333333,second,coupling_relaxation_survival,0.18575376371409136,normalized_survival_or_memory,
F6,0.1,0.025,10.0,40.0,1.0,calendar_reference_slow_response,illustrative reference convention; not calibrated,1.0.0,memory_diagnostic,68.0,second,coupling_relaxation_survival,0.1826835240527346,normalized_survival_or_memory,
F6,0.1,0.025,10.0,40.0,1.0,calendar_reference_slow_response,illustrative reference convention; not calibrated,1.0.0,memory_diagnostic,68.66666666666666,second,coupling_relaxation_survival,0.1796640309893994,normalized_survival_or_memory,
F6,0.1,0.025,10.0,40.0,1.0,calendar_reference_slow_response,illustrative reference convention; not calibrated,1.0.0,memory_diagnostic,69.33333333333333,second,coupling_relaxation_survival,0.17669444575659674,normalized_survival_or_memory,
F6,0.1,0.025,10.0,40.0,1.0,calendar_reference_slow_response,illustrative reference convention; not calibrated,1.0.0,memory_diagnostic,70.0,second,coupling_relaxation_survival,0.17377394345044514,normalized_survival_or_memory,
F6,0.1,0.025,10.0,40.0,1.0,calendar_reference_slow_response,illustrative reference convention; not calibrated,1.0.0,memory_diagnostic,70.66666666666666,second,coupling_relaxation_survival,0.17090171280152483,normalized_survival_or_memory,
F6,0.1,0.025,10.0,40.0,1.0,calendar_reference_slow_response,illustrative reference convention; not calibrated,1.0.0,memory_diagnostic,71.33333333333333,second,coupling_relaxation_survival,0.16807695594952016,normalized_survival_or_memory,
F6,0.1,0.025,10.0,40.0,1.0,calendar_reference_slow_response,illustrative reference convention; not calibrated,1.0.0,memory_diagnostic,72.0,second,coupling_relaxation_survival,0.16529888822158653,normalized_survival_or_memory,
F6,0.1,0.025,10.0,40.0,1.0,calendar_reference_slow_response,illustrative reference convention; not calibrated,1.0.0,memory_diagnostic,72.66666666666666,second,coupling_relaxation_survival,0.16256673791438078,normalized_survival_or_memory,
F6,0.1,0.025,10.0,40.0,1.0,calendar_reference_slow_response,illustrative reference convention; not calibrated,1.0.0,memory_diagnostic,73.33333333333333,second,coupling_relaxation_survival,0.1598797460796939,normalized_survival_or_memory,
F6,0.1,0.025,10.0,40.0,1.0,calendar_reference_slow_response,illustrative reference convention; not calibrated,1.0.0,memory_diagnostic,74.0,second,coupling_relaxation_survival,0.1572371663136276,normalized_survival_or_memory,
F6,0.1,0.025,10.0,40.0,1.0,calendar_reference_slow_response,illustrative reference convention; not calibrated,1.0.0,memory_diagnostic,74.66666666666666,second,coupling_relaxation_survival,0.15463826454925483,normalized_survival_or_memory,
F6,0.1,0.025,10.0,40.0,1.0,calendar_reference_slow_response,illustrative reference convention; not calibrated,1.0.0,memory_diagnostic,75.33333333333333,second,coupling_relaxation_survival,0.15208231885270754,normalized_survival_or_memory,
F6,0.1,0.025,10.0,40.0,1.0,calendar_reference_slow_response,illustrative reference convention; not calibrated,1.0.0,memory_diagnostic,76.0,second,coupling_relaxation_survival,0.14956861922263504,normalized_survival_or_memory,
F6,0.1,0.025,10.0,40.0,1.0,calendar_reference_slow_response,illustrative reference convention; not calibrated,1.0.0,memory_diagnostic,76.66666666666666,second,coupling_relaxation_survival,0.14709646739297683,normalized_survival_or_memory,
F6,0.1,0.025,10.0,40.0,1.0,calendar_reference_slow_response,illustrative reference convention; not calibrated,1.0.0,memory_diagnostic,77.33333333333333,second,coupling_relaxation_survival,0.14466517663899506,normalized_survival_or_memory,
F6,0.1,0.025,10.0,40.0,1.0,calendar_reference_slow_response,illustrative reference convention; not calibrated,1.0.0,memory_diagnostic,78.0,second,coupling_relaxation_survival,0.14227407158651353,normalized_survival_or_memory,
F6,0.1,0.025,10.0,40.0,1.0,calendar_reference_slow_response,illustrative reference convention; not calibrated,1.0.0,memory_diagnostic,78.66666666666666,second,coupling_relaxation_survival,0.1399224880243094,normalized_survival_or_memory,
F6,0.1,0.025,10.0,40.0,1.0,calendar_reference_slow_response,illustrative reference convention; not calibrated,1.0.0,memory_diagnostic,79.33333333333333,second,coupling_relaxation_survival,0.1376097727196054,normalized_survival_or_memory,
F6,0.1,0.025,10.0,40.0,1.0,calendar_reference_slow_response,illustrative reference convention; not calibrated,1.0.0,memory_diagnostic,80.0,second,coupling_relaxation_survival,0.1353352832366127,normalized_survival_or_memory,
F6,0.1,0.025,10.0,40.0,1.0,calendar_reference_slow_response,illustrative reference convention; not calibrated,1.0.0,memory_diagnostic,80.66666666666666,second,coupling_relaxation_survival,0.13309838775807187,normalized_survival_or_memory,
F6,0.1,0.025,10.0,40.0,1.0,calendar_reference_slow_response,illustrative reference convention; not calibrated,1.0.0,memory_diagnostic,81.33333333333333,second,coupling_relaxation_survival,0.13089846490974433,normalized_survival_or_memory,
F6,0.1,0.025,10.0,40.0,1.0,calendar_reference_slow_response,illustrative reference convention; not calibrated,1.0.0,memory_diagnostic,82.0,second,coupling_relaxation_survival,0.12873490358780418,normalized_survival_or_memory,
F6,0.1,0.025,10.0,40.0,1.0,calendar_reference_slow_response,illustrative reference convention; not calibrated,1.0.0,memory_diagnostic,82.66666666666666,second,coupling_relaxation_survival,0.1266071027890836,normalized_survival_or_memory,
F6,0.1,0.025,10.0,40.0,1.0,calendar_reference_slow_response,illustrative reference convention; not calibrated,1.0.0,memory_diagnostic,83.33333333333333,second,coupling_relaxation_survival,0.12451447144412296,normalized_survival_or_memory,
F6,0.1,0.025,10.0,40.0,1.0,calendar_reference_slow_response,illustrative reference convention; not calibrated,1.0.0,memory_diagnostic,84.0,second,coupling_relaxation_survival,0.1224564282529819,normalized_survival_or_memory,
F6,0.1,0.025,10.0,40.0,1.0,calendar_reference_slow_response,illustrative reference convention; not calibrated,1.0.0,memory_diagnostic,84.66666666666666,second,coupling_relaxation_survival,0.12043240152376271,normalized_survival_or_memory,
F6,0.1,0.025,10.0,40.0,1.0,calendar_reference_slow_response,illustrative reference convention; not calibrated,1.0.0,memory_diagnostic,85.33333333333333,second,coupling_relaxation_survival,0.11844182901380369,normalized_survival_or_memory,
F6,0.1,0.025,10.0,40.0,1.0,calendar_reference_slow_response,illustrative reference convention; not calibrated,1.0.0,memory_diagnostic,86.0,second,coupling_relaxation_survival,0.11648415777349697,normalized_survival_or_memory,
F6,0.1,0.025,10.0,40.0,1.0,calendar_reference_slow_response,illustrative reference convention; not calibrated,1.0.0,memory_diagnostic,86.66666666666666,second,coupling_relaxation_survival,0.11455884399268773,normalized_survival_or_memory,
F6,0.1,0.025,10.0,40.0,1.0,calendar_reference_slow_response,illustrative reference convention; not calibrated,1.0.0,memory_diagnostic,87.33333333333333,second,coupling_relaxation_survival,0.11266535284961249,normalized_survival_or_memory,
F6,0.1,0.025,10.0,40.0,1.0,calendar_reference_slow_response,illustrative reference convention; not calibrated,1.0.0,memory_diagnostic,88.0,second,coupling_relaxation_survival,0.11080315836233387,normalized_survival_or_memory,
F6,0.1,0.025,10.0,40.0,1.0,calendar_reference_slow_response,illustrative reference convention; not calibrated,1.0.0,memory_diagnostic,88.66666666666666,second,coupling_relaxation_survival,0.10897174324263145,normalized_survival_or_memory,
F6,0.1,0.025,10.0,40.0,1.0,calendar_reference_slow_response,illustrative reference convention; not calibrated,1.0.0,memory_diagnostic,89.33333333333333,second,coupling_relaxation_survival,0.10717059875230674,normalized_survival_or_memory,
F6,0.1,0.025,10.0,40.0,1.0,calendar_reference_slow_response,illustrative reference convention; not calibrated,1.0.0,memory_diagnostic,90.0,second,coupling_relaxation_survival,0.10539922456186433,normalized_survival_or_memory,
F6,0.1,0.025,10.0,40.0,1.0,calendar_reference_slow_response,illustrative reference convention; not calibrated,1.0.0,memory_diagnostic,90.66666666666666,second,coupling_relaxation_survival,0.10365712861152786,normalized_survival_or_memory,
F6,0.1,0.025,10.0,40.0,1.0,calendar_reference_slow_response,illustrative reference convention; not calibrated,1.0.0,memory_diagnostic,91.33333333333333,second,coupling_relaxation_survival,0.10194382697455369,normalized_survival_or_memory,
F6,0.1,0.025,10.0,40.0,1.0,calendar_reference_slow_response,illustrative reference convention; not calibrated,1.0.0,memory_diagnostic,92.0,second,coupling_relaxation_survival,0.1002588437228037,normalized_survival_or_memory,
F6,0.1,0.025,10.0,40.0,1.0,calendar_reference_slow_response,illustrative reference convention; not calibrated,1.0.0,memory_diagnostic,92.66666666666666,second,coupling_relaxation_survival,0.09860171079454016,normalized_survival_or_memory,
F6,0.1,0.025,10.0,40.0,1.0,calendar_reference_slow_response,illustrative reference convention; not calibrated,1.0.0,memory_diagnostic,93.33333333333333,second,coupling_relaxation_survival,0.09697196786440505,normalized_survival_or_memory,
F6,0.1,0.025,10.0,40.0,1.0,calendar_reference_slow_response,illustrative reference convention; not calibrated,1.0.0,memory_diagnostic,94.0,second,coupling_relaxation_survival,0.09536916221554961,normalized_survival_or_memory,
F6,0.1,0.025,10.0,40.0,1.0,calendar_reference_slow_response,illustrative reference convention; not calibrated,1.0.0,memory_diagnostic,94.66666666666666,second,coupling_relaxation_survival,0.09379284861387625,normalized_survival_or_memory,
F6,0.1,0.025,10.0,40.0,1.0,calendar_reference_slow_response,illustrative reference convention; not calibrated,1.0.0,memory_diagnostic,95.33333333333333,second,coupling_relaxation_survival,0.09224258918435976,normalized_survival_or_memory,
F6,0.1,0.025,10.0,40.0,1.0,calendar_reference_slow_response,illustrative reference convention; not calibrated,1.0.0,memory_diagnostic,96.0,second,coupling_relaxation_survival,0.09071795328941247,normalized_survival_or_memory,
F6,0.1,0.025,10.0,40.0,1.0,calendar_reference_slow_response,illustrative reference convention; not calibrated,1.0.0,memory_diagnostic,96.66666666666666,second,coupling_relaxation_survival,0.08921851740926011,normalized_survival_or_memory,
F6,0.1,0.025,10.0,40.0,1.0,calendar_reference_slow_response,illustrative reference convention; not calibrated,1.0.0,memory_diagnostic,97.33333333333333,second,coupling_relaxation_survival,0.08774386502429429,normalized_survival_or_memory,
F6,0.1,0.025,10.0,40.0,1.0,calendar_reference_slow_response,illustrative reference convention; not calibrated,1.0.0,memory_diagnostic,98.0,second,coupling_relaxation_survival,0.0862935864993705,normalized_survival_or_memory,
F6,0.1,0.025,10.0,40.0,1.0,calendar_reference_slow_response,illustrative reference convention; not calibrated,1.0.0,memory_diagnostic,98.66666666666666,second,coupling_relaxation_survival,0.0848672789700174,normalized_survival_or_memory,
F6,0.1,0.025,10.0,40.0,1.0,calendar_reference_slow_response,illustrative reference convention; not calibrated,1.0.0,memory_diagnostic,99.33333333333333,second,coupling_relaxation_survival,0.0834645462305278,normalized_survival_or_memory,
F6,0.1,0.025,10.0,40.0,1.0,calendar_reference_slow_response,illustrative reference convention; not calibrated,1.0.0,memory_diagnostic,100.0,second,coupling_relaxation_survival,0.0820849986238988,normalized_survival_or_memory,
F6,0.1,0.025,10.0,40.0,1.0,calendar_reference_slow_response,illustrative reference convention; not calibrated,1.0.0,memory_diagnostic,100.66666666666666,second,coupling_relaxation_survival,0.08072825293359122,normalized_survival_or_memory,
F6,0.1,0.025,10.0,40.0,1.0,calendar_reference_slow_response,illustrative reference convention; not calibrated,1.0.0,memory_diagnostic,101.33333333333333,second,coupling_relaxation_survival,0.07939393227707822,normalized_survival_or_memory,
F6,0.1,0.025,10.0,40.0,1.0,calendar_reference_slow_response,illustrative reference convention; not calibrated,1.0.0,memory_diagnostic,102.0,second,coupling_relaxation_survival,0.07808166600115313,normalized_survival_or_memory,
F6,0.1,0.025,10.0,40.0,1.0,calendar_reference_slow_response,illustrative reference convention; not calibrated,1.0.0,memory_diagnostic,102.66666666666666,second,coupling_relaxation_survival,0.07679108957896807,normalized_survival_or_memory,
F6,0.1,0.025,10.0,40.0,1.0,calendar_reference_slow_response,illustrative reference convention; not calibrated,1.0.0,memory_diagnostic,103.33333333333333,second,coupling_relaxation_survival,0.07552184450877376,normalized_survival_or_memory,
F6,0.1,0.025,10.0,40.0,1.0,calendar_reference_slow_response,illustrative reference convention; not calibrated,1.0.0,memory_diagnostic,104.0,second,coupling_relaxation_survival,0.07427357821433388,normalized_survival_or_memory,
F6,0.1,0.025,10.0,40.0,1.0,calendar_reference_slow_response,illustrative reference convention; not calibrated,1.0.0,memory_diagnostic,104.66666666666666,second,coupling_relaxation_survival,0.07304594394698456,normalized_survival_or_memory,
F6,0.1,0.025,10.0,40.0,1.0,calendar_reference_slow_response,illustrative reference convention; not calibrated,1.0.0,memory_diagnostic,105.33333333333333,second,coupling_relaxation_survival,0.07183860068931329,normalized_survival_or_memory,
F6,0.1,0.025,10.0,40.0,1.0,calendar_reference_slow_response,illustrative reference convention; not calibrated,1.0.0,memory_diagnostic,106.0,second,coupling_relaxation_survival,0.07065121306042955,normalized_survival_or_memory,
F6,0.1,0.025,10.0,40.0,1.0,calendar_reference_slow_response,illustrative reference convention; not calibrated,1.0.0,memory_diagnostic,106.66666666666666,second,coupling_relaxation_survival,0.06948345122280154,normalized_survival_or_memory,
F6,0.1,0.025,10.0,40.0,1.0,calendar_reference_slow_response,illustrative reference convention; not calibrated,1.0.0,memory_diagnostic,107.33333333333333,second,coupling_relaxation_survival,0.06833499079063206,normalized_survival_or_memory,
F6,0.1,0.025,10.0,40.0,1.0,calendar_reference_slow_response,illustrative reference convention; not calibrated,1.0.0,memory_diagnostic,108.0,second,coupling_relaxation_survival,0.06720551273974976,normalized_survival_or_memory,
F6,0.1,0.025,10.0,40.0,1.0,calendar_reference_slow_response,illustrative reference convention; not calibrated,1.0.0,memory_diagnostic,108.66666666666666,second,coupling_relaxation_survival,0.06609470331898892,normalized_survival_or_memory,
F6,0.1,0.025,10.0,40.0,1.0,calendar_reference_slow_response,illustrative reference convention; not calibrated,1.0.0,memory_diagnostic,109.33333333333333,second,coupling_relaxation_survival,0.06500225396303454,normalized_survival_or_memory,
F6,0.1,0.025,10.0,40.0,1.0,calendar_reference_slow_response,illustrative reference convention; not calibrated,1.0.0,memory_diagnostic,110.0,second,coupling_relaxation_survival,0.06392786120670757,normalized_survival_or_memory,
F6,0.1,0.025,10.0,40.0,1.0,calendar_reference_slow_response,illustrative reference convention; not calibrated,1.0.0,memory_diagnostic,110.66666666666666,second,coupling_relaxation_survival,0.06287122660066728,normalized_survival_or_memory,
F6,0.1,0.025,10.0,40.0,1.0,calendar_reference_slow_response,illustrative reference convention; not calibrated,1.0.0,memory_diagnostic,111.33333333333333,second,coupling_relaxation_survival,0.061832056628506604,normalized_survival_or_memory,
F6,0.1,0.025,10.0,40.0,1.0,calendar_reference_slow_response,illustrative reference convention; not calibrated,1.0.0,memory_diagnostic,112.0,second,coupling_relaxation_survival,0.060810062625217945,normalized_survival_or_memory,
F6,0.1,0.025,10.0,40.0,1.0,calendar_reference_slow_response,illustrative reference convention; not calibrated,1.0.0,memory_diagnostic,112.66666666666666,second,coupling_relaxation_survival,0.059804960697006734,normalized_survival_or_memory,
F6,0.1,0.025,10.0,40.0,1.0,calendar_reference_slow_response,illustrative reference convention; not calibrated,1.0.0,memory_diagnostic,113.33333333333333,second,coupling_relaxation_survival,0.05881647164242988,normalized_survival_or_memory,
F6,0.1,0.025,10.0,40.0,1.0,calendar_reference_slow_response,illustrative reference convention; not calibrated,1.0.0,memory_diagnostic,114.0,second,coupling_relaxation_survival,0.057844320874838456,normalized_survival_or_memory,
F6,0.1,0.025,10.0,40.0,1.0,calendar_reference_slow_response,illustrative reference convention; not calibrated,1.0.0,memory_diagnostic,114.66666666666666,second,coupling_relaxation_survival,0.056888238346101516,normalized_survival_or_memory,
F6,0.1,0.025,10.0,40.0,1.0,calendar_reference_slow_response,illustrative reference convention; not calibrated,1.0.0,memory_diagnostic,115.33333333333333,second,coupling_relaxation_survival,0.055947958471591154,normalized_survival_or_memory,
F6,0.1,0.025,10.0,40.0,1.0,calendar_reference_slow_response,illustrative reference convention; not calibrated,1.0.0,memory_diagnostic,116.0,second,coupling_relaxation_survival,0.05502322005640721,normalized_survival_or_memory,
F6,0.1,0.025,10.0,40.0,1.0,calendar_reference_slow_response,illustrative reference convention; not calibrated,1.0.0,memory_diagnostic,116.66666666666666,second,coupling_relaxation_survival,0.05411376622282161,normalized_survival_or_memory,
F6,0.1,0.025,10.0,40.0,1.0,calendar_reference_slow_response,illustrative reference convention; not calibrated,1.0.0,memory_diagnostic,117.33333333333333,second,coupling_relaxation_survival,0.05321934433892148,normalized_survival_or_memory,
F6,0.1,0.025,10.0,40.0,1.0,calendar_reference_slow_response,illustrative reference convention; not calibrated,1.0.0,memory_diagnostic,118.0,second,coupling_relaxation_survival,0.05233970594843238,normalized_survival_or_memory,
F6,0.1,0.025,10.0,40.0,1.0,calendar_reference_slow_response,illustrative reference convention; not calibrated,1.0.0,memory_diagnostic,118.66666666666666,second,coupling_relaxation_survival,0.05147460670170076,normalized_survival_or_memory,
F6,0.1,0.025,10.0,40.0,1.0,calendar_reference_slow_response,illustrative reference convention; not calibrated,1.0.0,memory_diagnostic,119.33333333333333,second,coupling_relaxation_survival,0.050623806287817624,normalized_survival_or_memory,
F6,0.1,0.025,10.0,40.0,1.0,calendar_reference_slow_response,illustrative reference convention; not calibrated,1.0.0,memory_diagnostic,120.0,second,coupling_relaxation_survival,0.049787068367863944,normalized_survival_or_memory,
F6,0.1,0.025,10.0,40.0,1.0,calendar_reference_slow_response,illustrative reference convention; not calibrated,1.0.0,memory_diagnostic,120.66666666666666,second,coupling_relaxation_survival,0.04896416050925942,normalized_survival_or_memory,
F6,0.1,0.025,10.0,40.0,1.0,calendar_reference_slow_response,illustrative reference convention; not calibrated,1.0.0,memory_diagnostic,121.33333333333333,second,coupling_relaxation_survival,0.0481548541211964,normalized_survival_or_memory,
F6,0.1,0.025,10.0,40.0,1.0,calendar_reference_slow_response,illustrative reference convention; not calibrated,1.0.0,memory_diagnostic,122.0,second,coupling_relaxation_survival,0.04735892439114091,normalized_survival_or_memory,
F6,0.1,0.025,10.0,40.0,1.0,calendar_reference_slow_response,illustrative reference convention; not calibrated,1.0.0,memory_diagnostic,122.66666666666666,second,coupling_relaxation_survival,0.046576150222383435,normalized_survival_or_memory,
F6,0.1,0.025,10.0,40.0,1.0,calendar_reference_slow_response,illustrative reference convention; not calibrated,1.0.0,memory_diagnostic,123.33333333333333,second,coupling_relaxation_survival,0.04580631417262147,normalized_survival_or_memory,
F6,0.1,0.025,10.0,40.0,1.0,calendar_reference_slow_response,illustrative reference convention; not calibrated,1.0.0,memory_diagnostic,124.0,second,coupling_relaxation_survival,0.0450492023935578,normalized_survival_or_memory,
F6,0.1,0.025,10.0,40.0,1.0,calendar_reference_slow_response,illustrative reference convention; not calibrated,1.0.0,memory_diagnostic,124.66666666666666,second,coupling_relaxation_survival,0.044304604571496584,normalized_survival_or_memory,
F6,0.1,0.025,10.0,40.0,1.0,calendar_reference_slow_response,illustrative reference convention; not calibrated,1.0.0,memory_diagnostic,125.33333333333333,second,coupling_relaxation_survival,0.04357231386892163,normalized_survival_or_memory,
F6,0.1,0.025,10.0,40.0,1.0,calendar_reference_slow_response,illustrative reference convention; not calibrated,1.0.0,memory_diagnostic,126.0,second,coupling_relaxation_survival,0.042852126867040166,normalized_survival_or_memory,
F6,0.1,0.025,10.0,40.0,1.0,calendar_reference_slow_response,illustrative reference convention; not calibrated,1.0.0,memory_diagnostic,126.66666666666666,second,coupling_relaxation_survival,0.042143843509276406,normalized_survival_or_memory,
F6,0.1,0.025,10.0,40.0,1.0,calendar_reference_slow_response,illustrative reference convention; not calibrated,1.0.0,memory_diagnostic,127.33333333333333,second,coupling_relaxation_survival,0.04144726704569879,normalized_survival_or_memory,
F6,0.1,0.025,10.0,40.0,1.0,calendar_reference_slow_response,illustrative reference convention; not calibrated,1.0.0,memory_diagnostic,128.0,second,coupling_relaxation_survival,0.040762203978366204,normalized_survival_or_memory,
F6,0.1,0.025,10.0,40.0,1.0,calendar_reference_slow_response,illustrative reference convention; not calibrated,1.0.0,memory_diagnostic,128.66666666666666,second,coupling_relaxation_survival,0.04008846400757714,normalized_survival_or_memory,
F6,0.1,0.025,10.0,40.0,1.0,calendar_reference_slow_response,illustrative reference convention; not calibrated,1.0.0,memory_diagnostic,129.33333333333331,second,coupling_relaxation_survival,0.039425859979007494,normalized_survival_or_memory,
F6,0.1,0.025,10.0,40.0,1.0,calendar_reference_slow_response,illustrative reference convention; not calibrated,1.0.0,memory_diagnostic,130.0,second,coupling_relaxation_survival,0.03877420783172201,normalized_survival_or_memory,
F6,0.1,0.025,10.0,40.0,1.0,calendar_reference_slow_response,illustrative reference convention; not calibrated,1.0.0,memory_diagnostic,130.66666666666666,second,coupling_relaxation_survival,0.038133326547045196,normalized_survival_or_memory,
F6,0.1,0.025,10.0,40.0,1.0,calendar_reference_slow_response,illustrative reference convention; not calibrated,1.0.0,memory_diagnostic,131.33333333333331,second,coupling_relaxation_survival,0.03750303809827702,normalized_survival_or_memory,
F6,0.1,0.025,10.0,40.0,1.0,calendar_reference_slow_response,illustrative reference convention; not calibrated,1.0.0,memory_diagnostic,132.0,second,coupling_relaxation_survival,0.036883167401239994,normalized_survival_or_memory,
F6,0.1,0.025,10.0,40.0,1.0,calendar_reference_slow_response,illustrative reference convention; not calibrated,1.0.0,memory_diagnostic,132.66666666666666,second,coupling_relaxation_survival,0.0362735422656436,normalized_survival_or_memory,
F6,0.1,0.025,10.0,40.0,1.0,calendar_reference_slow_response,illustrative reference convention; not calibrated,1.0.0,memory_diagnostic,133.33333333333331,second,coupling_relaxation_survival,0.03567399334725241,normalized_survival_or_memory,
F6,0.1,0.025,10.0,40.0,1.0,calendar_reference_slow_response,illustrative reference convention; not calibrated,1.0.0,memory_diagnostic,134.0,second,coupling_relaxation_survival,0.035084354100845025,normalized_survival_or_memory,
F6,0.1,0.025,10.0,40.0,1.0,calendar_reference_slow_response,illustrative reference convention; not calibrated,1.0.0,memory_diagnostic,134.66666666666666,second,coupling_relaxation_survival,0.034504460733950484,normalized_survival_or_memory,
F6,0.1,0.025,10.0,40.0,1.0,calendar_reference_slow_response,illustrative reference convention; not calibrated,1.0.0,memory_diagnostic,135.33333333333331,second,coupling_relaxation_survival,0.033934152161349214,normalized_survival_or_memory,
F6,0.1,0.025,10.0,40.0,1.0,calendar_reference_slow_response,illustrative reference convention; not calibrated,1.0.0,memory_diagnostic,136.0,second,coupling_relaxation_survival,0.033373269960326066,normalized_survival_or_memory,
F6,0.1,0.025,10.0,40.0,1.0,calendar_reference_slow_response,illustrative reference convention; not calibrated,1.0.0,memory_diagnostic,136.66666666666666,second,coupling_relaxation_survival,0.03282165832666321,normalized_survival_or_memory,
F6,0.1,0.025,10.0,40.0,1.0,calendar_reference_slow_response,illustrative reference convention; not calibrated,1.0.0,memory_diagnostic,137.33333333333331,second,coupling_relaxation_survival,0.032279164031359865,normalized_survival_or_memory,
F6,0.1,0.025,10.0,40.0,1.0,calendar_reference_slow_response,illustrative reference convention; not calibrated,1.0.0,memory_diagnostic,138.0,second,coupling_relaxation_survival,0.03174563637806794,normalized_survival_or_memory,
F6,0.1,0.025,10.0,40.0,1.0,calendar_reference_slow_response,illustrative reference convention; not calibrated,1.0.0,memory_diagnostic,138.66666666666666,second,coupling_relaxation_survival,0.031220927161230903,normalized_survival_or_memory,
F6,0.1,0.025,10.0,40.0,1.0,calendar_reference_slow_response,illustrative reference convention; not calibrated,1.0.0,memory_diagnostic,139.33333333333331,second,coupling_relaxation_survival,0.030704890624914598,normalized_survival_or_memory,
F6,0.1,0.025,10.0,40.0,1.0,calendar_reference_slow_response,illustrative reference convention; not calibrated,1.0.0,memory_diagnostic,140.0,second,coupling_relaxation_survival,0.0301973834223185,normalized_survival_or_memory,
F6,0.1,0.025,10.0,40.0,1.0,calendar_reference_slow_response,illustrative reference convention; not calibrated,1.0.0,memory_diagnostic,140.66666666666666,second,coupling_relaxation_survival,0.02969826457595639,normalized_survival_or_memory,
F6,0.1,0.025,10.0,40.0,1.0,calendar_reference_slow_response,illustrative reference convention; not calibrated,1.0.0,memory_diagnostic,141.33333333333331,second,coupling_relaxation_survival,0.029207395438494873,normalized_survival_or_memory,
F6,0.1,0.025,10.0,40.0,1.0,calendar_reference_slow_response,illustrative reference convention; not calibrated,1.0.0,memory_diagnostic,142.0,second,coupling_relaxation_survival,0.028724639654239423,normalized_survival_or_memory,
F6,0.1,0.025,10.0,40.0,1.0,calendar_reference_slow_response,illustrative reference convention; not calibrated,1.0.0,memory_diagnostic,142.66666666666666,second,coupling_relaxation_survival,0.028249863121256942,normalized_survival_or_memory,
F6,0.1,0.025,10.0,40.0,1.0,calendar_reference_slow_response,illustrative reference convention; not calibrated,1.0.0,memory_diagnostic,143.33333333333331,second,coupling_relaxation_survival,0.02778293395412426,normalized_survival_or_memory,
F6,0.1,0.025,10.0,40.0,1.0,calendar_reference_slow_response,illustrative reference convention; not calibrated,1.0.0,memory_diagnostic,144.0,second,coupling_relaxation_survival,0.02732372244729256,normalized_survival_or_memory,
F6,0.1,0.025,10.0,40.0,1.0,calendar_reference_slow_response,illustrative reference convention; not calibrated,1.0.0,memory_diagnostic,144.66666666666666,second,coupling_relaxation_survival,0.026872101039057177,normalized_survival_or_memory,
F6,0.1,0.025,10.0,40.0,1.0,calendar_reference_slow_response,illustrative reference convention; not calibrated,1.0.0,memory_diagnostic,145.33333333333331,second,coupling_relaxation_survival,0.026427944276122974,normalized_survival_or_memory,
F6,0.1,0.025,10.0,40.0,1.0,calendar_reference_slow_response,illustrative reference convention; not calibrated,1.0.0,memory_diagnostic,146.0,second,coupling_relaxation_survival,0.025991128778755333,normalized_survival_or_memory,
F6,0.1,0.025,10.0,40.0,1.0,calendar_reference_slow_response,illustrative reference convention; not calibrated,1.0.0,memory_diagnostic,146.66666666666666,second,coupling_relaxation_survival,0.025561533206507402,normalized_survival_or_memory,
F6,0.1,0.025,10.0,40.0,1.0,calendar_reference_slow_response,illustrative reference convention; not calibrated,1.0.0,memory_diagnostic,147.33333333333331,second,coupling_relaxation_survival,0.02513903822451339,normalized_survival_or_memory,
F6,0.1,0.025,10.0,40.0,1.0,calendar_reference_slow_response,illustrative reference convention; not calibrated,1.0.0,memory_diagnostic,148.0,second,coupling_relaxation_survival,0.024723526470339388,normalized_survival_or_memory,
F6,0.1,0.025,10.0,40.0,1.0,calendar_reference_slow_response,illustrative reference convention; not calibrated,1.0.0,memory_diagnostic,148.66666666666666,second,coupling_relaxation_survival,0.02431488252138192,normalized_survival_or_memory,
F6,0.1,0.025,10.0,40.0,1.0,calendar_reference_slow_response,illustrative reference convention; not calibrated,1.0.0,memory_diagnostic,149.33333333333331,second,coupling_relaxation_survival,0.023912992862805325,normalized_survival_or_memory,
F6,0.1,0.025,10.0,40.0,1.0,calendar_reference_slow_response,illustrative reference convention; not calibrated,1.0.0,memory_diagnostic,150.0,second,coupling_relaxation_survival,0.023517745856009107,normalized_survival_or_memory,
F6,0.1,0.025,10.0,40.0,1.0,calendar_reference_slow_response,illustrative reference convention; not calibrated,1.0.0,memory_diagnostic,150.66666666666666,second,coupling_relaxation_survival,0.0231290317076166,normalized_survival_or_memory,
F6,0.1,0.025,10.0,40.0,1.0,calendar_reference_slow_response,illustrative reference convention; not calibrated,1.0.0,memory_diagnostic,151.33333333333331,second,coupling_relaxation_survival,0.022746742438975988,normalized_survival_or_memory,
F6,0.1,0.025,10.0,40.0,1.0,calendar_reference_slow_response,illustrative reference convention; not calibrated,1.0.0,memory_diagnostic,152.0,second,coupling_relaxation_survival,0.02237077185616559,normalized_survival_or_memory,
F6,0.1,0.025,10.0,40.0,1.0,calendar_reference_slow_response,illustrative reference convention; not calibrated,1.0.0,memory_diagnostic,152.66666666666666,second,coupling_relaxation_survival,0.022001015520494906,normalized_survival_or_memory,
F6,0.1,0.025,10.0,40.0,1.0,calendar_reference_slow_response,illustrative reference convention; not calibrated,1.0.0,memory_diagnostic,153.33333333333331,second,coupling_relaxation_survival,0.0216373707194931,normalized_survival_or_memory,
F6,0.1,0.025,10.0,40.0,1.0,calendar_reference_slow_response,illustrative reference convention; not calibrated,1.0.0,memory_diagnostic,154.0,second,coupling_relaxation_survival,0.02127973643837717,normalized_survival_or_memory,
F6,0.1,0.025,10.0,40.0,1.0,calendar_reference_slow_response,illustrative reference convention; not calibrated,1.0.0,memory_diagnostic,154.66666666666666,second,coupling_relaxation_survival,0.02092801333199164,normalized_survival_or_memory,
F6,0.1,0.025,10.0,40.0,1.0,calendar_reference_slow_response,illustrative reference convention; not calibrated,1.0.0,memory_diagnostic,155.33333333333331,second,coupling_relaxation_survival,0.020582103697212025,normalized_survival_or_memory,
F6,0.1,0.025,10.0,40.0,1.0,calendar_reference_slow_response,illustrative reference convention; not calibrated,1.0.0,memory_diagnostic,156.0,second,coupling_relaxation_survival,0.02024191144580438,normalized_survival_or_memory,
F6,0.1,0.025,10.0,40.0,1.0,calendar_reference_slow_response,illustrative reference convention; not calibrated,1.0.0,memory_diagnostic,156.66666666666666,second,coupling_relaxation_survival,0.019907342077733686,normalized_survival_or_memory,
F6,0.1,0.025,10.0,40.0,1.0,calendar_reference_slow_response,illustrative reference convention; not calibrated,1.0.0,memory_diagnostic,157.33333333333331,second,coupling_relaxation_survival,0.019578302654913008,normalized_survival_or_memory,
F6,0.1,0.025,10.0,40.0,1.0,calendar_reference_slow_response,illustrative reference convention; not calibrated,1.0.0,memory_diagnostic,158.0,second,coupling_relaxation_survival,0.01925470177538692,normalized_survival_or_memory,
F6,0.1,0.025,10.0,40.0,1.0,calendar_reference_slow_response,illustrative reference convention; not calibrated,1.0.0,memory_diagnostic,158.66666666666666,second,coupling_relaxation_survival,0.018936449547941454,normalized_survival_or_memory,
F6,0.1,0.025,10.0,40.0,1.0,calendar_reference_slow_response,illustrative reference convention; not calibrated,1.0.0,memory_diagnostic,159.33333333333331,second,coupling_relaxation_survival,0.018623457567133704,normalized_survival_or_memory,
F6,0.1,0.025,10.0,40.0,1.0,calendar_reference_slow_response,illustrative reference convention; not calibrated,1.0.0,memory_diagnostic,160.0,second,coupling_relaxation_survival,0.01831563888873418,normalized_survival_or_memory,
F6,0.1,0.025,10.0,40.0,1.0,calendar_reference_slow_response,illustrative reference convention; not calibrated,1.0.0,memory_diagnostic,160.66666666666666,second,coupling_relaxation_survival,0.01801290800557516,normalized_survival_or_memory,
F6,0.1,0.025,10.0,40.0,1.0,calendar_reference_slow_response,illustrative reference convention; not calibrated,1.0.0,memory_diagnostic,161.33333333333331,second,coupling_relaxation_survival,0.017715180823798055,normalized_survival_or_memory,
F6,0.1,0.025,10.0,40.0,1.0,calendar_reference_slow_response,illustrative reference convention; not calibrated,1.0.0,memory_diagnostic,162.0,second,coupling_relaxation_survival,0.017422374639493515,normalized_survival_or_memory,
F6,0.1,0.025,10.0,40.0,1.0,calendar_reference_slow_response,illustrative reference convention; not calibrated,1.0.0,memory_diagnostic,162.66666666666666,second,coupling_relaxation_survival,0.017134408115727567,normalized_survival_or_memory,
F6,0.1,0.025,10.0,40.0,1.0,calendar_reference_slow_response,illustrative reference convention; not calibrated,1.0.0,memory_diagnostic,163.33333333333331,second,coupling_relaxation_survival,0.01685120125994751,normalized_survival_or_memory,
F6,0.1,0.025,10.0,40.0,1.0,calendar_reference_slow_response,illustrative reference convention; not calibrated,1.0.0,memory_diagnostic,164.0,second,coupling_relaxation_survival,0.016572675401761237,normalized_survival_or_memory,
F6,0.1,0.025,10.0,40.0,1.0,calendar_reference_slow_response,illustrative reference convention; not calibrated,1.0.0,memory_diagnostic,164.66666666666666,second,coupling_relaxation_survival,0.0162987531710839,normalized_survival_or_memory,
F6,0.1,0.025,10.0,40.0,1.0,calendar_reference_slow_response,illustrative reference convention; not calibrated,1.0.0,memory_diagnostic,165.33333333333331,second,coupling_relaxation_survival,0.01602935847664558,normalized_survival_or_memory,
F6,0.1,0.025,10.0,40.0,1.0,calendar_reference_slow_response,illustrative reference convention; not calibrated,1.0.0,memory_diagnostic,166.0,second,coupling_relaxation_survival,0.015764416484854486,normalized_survival_or_memory,
F6,0.1,0.025,10.0,40.0,1.0,calendar_reference_slow_response,illustrative reference convention; not calibrated,1.0.0,memory_diagnostic,166.66666666666666,second,coupling_relaxation_survival,0.015503853599009314,normalized_survival_or_memory,
F6,0.1,0.025,10.0,40.0,1.0,calendar_reference_slow_response,illustrative reference convention; not calibrated,1.0.0,memory_diagnostic,167.33333333333331,second,coupling_relaxation_survival,0.015247597438855221,normalized_survival_or_memory,
F6,0.1,0.025,10.0,40.0,1.0,calendar_reference_slow_response,illustrative reference convention; not calibrated,1.0.0,memory_diagnostic,168.0,second,coupling_relaxation_survival,0.014995576820477703,normalized_survival_or_memory,
F6,0.1,0.025,10.0,40.0,1.0,calendar_reference_slow_response,illustrative reference convention; not calibrated,1.0.0,memory_diagnostic,168.66666666666666,second,coupling_relaxation_survival,0.014747721736528956,normalized_survival_or_memory,
F6,0.1,0.025,10.0,40.0,1.0,calendar_reference_slow_response,illustrative reference convention; not calibrated,1.0.0,memory_diagnostic,169.33333333333331,second,coupling_relaxation_survival,0.014503963336780803,normalized_survival_or_memory,
F6,0.1,0.025,10.0,40.0,1.0,calendar_reference_slow_response,illustrative reference convention; not calibrated,1.0.0,memory_diagnostic,170.0,second,coupling_relaxation_survival,0.014264233908999256,normalized_survival_or_memory,
F6,0.1,0.025,10.0,40.0,1.0,calendar_reference_slow_response,illustrative reference convention; not calibrated,1.0.0,memory_diagnostic,170.66666666666666,second,coupling_relaxation_survival,0.014028466860135112,normalized_survival_or_memory,
F6,0.1,0.025,10.0,40.0,1.0,calendar_reference_slow_response,illustrative reference convention; not calibrated,1.0.0,memory_diagnostic,171.33333333333331,second,coupling_relaxation_survival,0.013796596697825462,normalized_survival_or_memory,
F6,0.1,0.025,10.0,40.0,1.0,calendar_reference_slow_response,illustrative reference convention; not calibrated,1.0.0,memory_diagnostic,172.0,second,coupling_relaxation_survival,0.013568559012200934,normalized_survival_or_memory,
F6,0.1,0.025,10.0,40.0,1.0,calendar_reference_slow_response,illustrative reference convention; not calibrated,1.0.0,memory_diagnostic,172.66666666666666,second,coupling_relaxation_survival,0.013344290457993664,normalized_survival_or_memory,
F6,0.1,0.025,10.0,40.0,1.0,calendar_reference_slow_response,illustrative reference convention; not calibrated,1.0.0,memory_diagnostic,173.33333333333331,second,coupling_relaxation_survival,0.013123728736940968,normalized_survival_or_memory,
F6,0.1,0.025,10.0,40.0,1.0,calendar_reference_slow_response,illustrative reference convention; not calibrated,1.0.0,memory_diagnostic,174.0,second,coupling_relaxation_survival,0.012906812580479862,normalized_survival_or_memory,
F6,0.1,0.025,10.0,40.0,1.0,calendar_reference_slow_response,illustrative reference convention; not calibrated,1.0.0,memory_diagnostic,174.66666666666666,second,coupling_relaxation_survival,0.012693481732727684,normalized_survival_or_memory,
F6,0.1,0.025,10.0,40.0,1.0,calendar_reference_slow_response,illustrative reference convention; not calibrated,1.0.0,memory_diagnostic,175.33333333333331,second,coupling_relaxation_survival,0.01248367693374384,normalized_survival_or_memory,
F6,0.1,0.025,10.0,40.0,1.0,calendar_reference_slow_response,illustrative reference convention; not calibrated,1.0.0,memory_diagnostic,176.0,second,coupling_relaxation_survival,0.012277339903068436,normalized_survival_or_memory,
F6,0.1,0.025,10.0,40.0,1.0,calendar_reference_slow_response,illustrative reference convention; not calibrated,1.0.0,memory_diagnostic,176.66666666666666,second,coupling_relaxation_survival,0.012074413323532873,normalized_survival_or_memory,
F6,0.1,0.025,10.0,40.0,1.0,calendar_reference_slow_response,illustrative reference convention; not calibrated,1.0.0,memory_diagnostic,177.33333333333331,second,coupling_relaxation_survival,0.011874840825337993,normalized_survival_or_memory,
F6,0.1,0.025,10.0,40.0,1.0,calendar_reference_slow_response,illustrative reference convention; not calibrated,1.0.0,memory_diagnostic,178.0,second,coupling_relaxation_survival,0.011678566970395442,normalized_survival_or_memory,
F6,0.1,0.025,10.0,40.0,1.0,calendar_reference_slow_response,illustrative reference convention; not calibrated,1.0.0,memory_diagnostic,178.66666666666666,second,coupling_relaxation_survival,0.01148553723692793,normalized_survival_or_memory,
F6,0.1,0.025,10.0,40.0,1.0,calendar_reference_slow_response,illustrative reference convention; not calibrated,1.0.0,memory_diagnostic,179.33333333333331,second,coupling_relaxation_survival,0.011295698004323836,normalized_survival_or_memory,
F6,0.1,0.025,10.0,40.0,1.0,calendar_reference_slow_response,illustrative reference convention; not calibrated,1.0.0,memory_diagnostic,180.0,second,coupling_relaxation_survival,0.011108996538242306,normalized_survival_or_memory,
F6,0.1,0.025,10.0,40.0,1.0,calendar_reference_slow_response,illustrative reference convention; not calibrated,1.0.0,memory_diagnostic,180.66666666666666,second,coupling_relaxation_survival,0.010925380975964478,normalized_survival_or_memory,
F6,0.1,0.025,10.0,40.0,1.0,calendar_reference_slow_response,illustrative reference convention; not calibrated,1.0.0,memory_diagnostic,181.33333333333331,second,coupling_relaxation_survival,0.010744800311986828,normalized_survival_or_memory,
F6,0.1,0.025,10.0,40.0,1.0,calendar_reference_slow_response,illustrative reference convention; not calibrated,1.0.0,memory_diagnostic,182.0,second,coupling_relaxation_survival,0.010567204383852655,normalized_survival_or_memory,
F6,0.1,0.025,10.0,40.0,1.0,calendar_reference_slow_response,illustrative reference convention; not calibrated,1.0.0,memory_diagnostic,182.66666666666666,second,coupling_relaxation_survival,0.01039254385821774,normalized_survival_or_memory,
F6,0.1,0.025,10.0,40.0,1.0,calendar_reference_slow_response,illustrative reference convention; not calibrated,1.0.0,memory_diagnostic,183.33333333333331,second,coupling_relaxation_survival,0.010220770217146324,normalized_survival_or_memory,
F6,0.1,0.025,10.0,40.0,1.0,calendar_reference_slow_response,illustrative reference convention; not calibrated,1.0.0,memory_diagnostic,184.0,second,coupling_relaxation_survival,0.010051835744633576,normalized_survival_or_memory,
F6,0.1,0.025,10.0,40.0,1.0,calendar_reference_slow_response,illustrative reference convention; not calibrated,1.0.0,memory_diagnostic,184.66666666666666,second,coupling_relaxation_survival,0.009885693513350894,normalized_survival_or_memory,
F6,0.1,0.025,10.0,40.0,1.0,calendar_reference_slow_response,illustrative reference convention; not calibrated,1.0.0,memory_diagnostic,185.33333333333331,second,coupling_relaxation_survival,0.009722297371610138,normalized_survival_or_memory,
F6,0.1,0.025,10.0,40.0,1.0,calendar_reference_slow_response,illustrative reference convention; not calibrated,1.0.0,memory_diagnostic,186.0,second,coupling_relaxation_survival,0.009561601930543505,normalized_survival_or_memory,
F6,0.1,0.025,10.0,40.0,1.0,calendar_reference_slow_response,illustrative reference convention; not calibrated,1.0.0,memory_diagnostic,186.66666666666666,second,coupling_relaxation_survival,0.009403562551495206,normalized_survival_or_memory,
F6,0.1,0.025,10.0,40.0,1.0,calendar_reference_slow_response,illustrative reference convention; not calibrated,1.0.0,memory_diagnostic,187.33333333333331,second,coupling_relaxation_survival,0.009248135333621517,normalized_survival_or_memory,
F6,0.1,0.025,10.0,40.0,1.0,calendar_reference_slow_response,illustrative reference convention; not calibrated,1.0.0,memory_diagnostic,188.0,second,coupling_relaxation_survival,0.009095277101695816,normalized_survival_or_memory,
F6,0.1,0.025,10.0,40.0,1.0,calendar_reference_slow_response,illustrative reference convention; not calibrated,1.0.0,memory_diagnostic,188.66666666666666,second,coupling_relaxation_survival,0.008944945394115252,normalized_survival_or_memory,
F6,0.1,0.025,10.0,40.0,1.0,calendar_reference_slow_response,illustrative reference convention; not calibrated,1.0.0,memory_diagnostic,189.33333333333331,second,coupling_relaxation_survival,0.008797098451105509,normalized_survival_or_memory,
F6,0.1,0.025,10.0,40.0,1.0,calendar_reference_slow_response,illustrative reference convention; not calibrated,1.0.0,memory_diagnostic,190.0,second,coupling_relaxation_survival,0.008651695203120634,normalized_survival_or_memory,
F6,0.1,0.025,10.0,40.0,1.0,calendar_reference_slow_response,illustrative reference convention; not calibrated,1.0.0,memory_diagnostic,190.66666666666666,second,coupling_relaxation_survival,0.008508695259434564,normalized_survival_or_memory,
F6,0.1,0.025,10.0,40.0,1.0,calendar_reference_slow_response,illustrative reference convention; not calibrated,1.0.0,memory_diagnostic,191.33333333333331,second,coupling_relaxation_survival,0.008368058896921217,normalized_survival_or_memory,
F6,0.1,0.025,10.0,40.0,1.0,calendar_reference_slow_response,illustrative reference convention; not calibrated,1.0.0,memory_diagnostic,192.0,second,coupling_relaxation_survival,0.008229747049020023,normalized_survival_or_memory,
F6,0.1,0.025,10.0,40.0,1.0,calendar_reference_slow_response,illustrative reference convention; not calibrated,1.0.0,memory_diagnostic,192.66666666666666,second,coupling_relaxation_survival,0.008093721294883897,normalized_survival_or_memory,
F6,0.1,0.025,10.0,40.0,1.0,calendar_reference_slow_response,illustrative reference convention; not calibrated,1.0.0,memory_diagnostic,193.33333333333331,second,coupling_relaxation_survival,0.00795994384870645,normalized_survival_or_memory,
F6,0.1,0.025,10.0,40.0,1.0,calendar_reference_slow_response,illustrative reference convention; not calibrated,1.0.0,memory_diagnostic,194.0,second,coupling_relaxation_survival,0.007828377549225767,normalized_survival_or_memory,
F6,0.1,0.025,10.0,40.0,1.0,calendar_reference_slow_response,illustrative reference convention; not calibrated,1.0.0,memory_diagnostic,194.66666666666666,second,coupling_relaxation_survival,0.007698985849401577,normalized_survival_or_memory,
F6,0.1,0.025,10.0,40.0,1.0,calendar_reference_slow_response,illustrative reference convention; not calibrated,1.0.0,memory_diagnostic,195.33333333333331,second,coupling_relaxation_survival,0.007571732806263037,normalized_survival_or_memory,
F6,0.1,0.025,10.0,40.0,1.0,calendar_reference_slow_response,illustrative reference convention; not calibrated,1.0.0,memory_diagnostic,196.0,second,coupling_relaxation_survival,0.007446583070924338,normalized_survival_or_memory,
F6,0.1,0.025,10.0,40.0,1.0,calendar_reference_slow_response,illustrative reference convention; not calibrated,1.0.0,memory_diagnostic,196.66666666666666,second,coupling_relaxation_survival,0.007323501878765404,normalized_survival_or_memory,
F6,0.1,0.025,10.0,40.0,1.0,calendar_reference_slow_response,illustrative reference convention; not calibrated,1.0.0,memory_diagnostic,197.33333333333331,second,coupling_relaxation_survival,0.007202455039774759,normalized_survival_or_memory,
F6,0.1,0.025,10.0,40.0,1.0,calendar_reference_slow_response,illustrative reference convention; not calibrated,1.0.0,memory_diagnostic,198.0,second,coupling_relaxation_survival,0.0070834089290521185,normalized_survival_or_memory,
F6,0.1,0.025,10.0,40.0,1.0,calendar_reference_slow_response,illustrative reference convention; not calibrated,1.0.0,memory_diagnostic,198.66666666666666,second,coupling_relaxation_survival,0.006966330477467914,normalized_survival_or_memory,
F6,0.1,0.025,10.0,40.0,1.0,calendar_reference_slow_response,illustrative reference convention; not calibrated,1.0.0,memory_diagnostic,199.33333333333331,second,coupling_relaxation_survival,0.006851187162477213,normalized_survival_or_memory,
F6,0.1,0.025,10.0,40.0,1.0,calendar_reference_slow_response,illustrative reference convention; not calibrated,1.0.0,memory_diagnostic,200.0,second,coupling_relaxation_survival,0.006737946999085467,normalized_survival_or_memory,
